<?xml version="1.0" encoding="utf-8"?>
<annotations>
  <version>1.1</version>
  <meta>
    <task>
      <id>8</id>
      <name>Right Bank 2020-07-31_14_41_28_362</name>
      <size>343</size>
      <mode>interpolation</mode>
      <overlap>5</overlap>
      <bugtracker></bugtracker>
      <created>2021-03-29 18:15:50.384267+00:00</created>
      <updated>2021-03-30 07:15:50.877128+00:00</updated>
      <start_frame>0</start_frame>
      <stop_frame>342</stop_frame>
      <frame_filter></frame_filter>
      <labels>
        <label>
          <name>Coho</name>
          <color>#83e070</color>
          <attributes>
            <attribute>
              <name>Adipose Clipped</name>
              <mutable>False</mutable>
              <input_type>select</input_type>
              <default_value>No</default_value>
              <values>No
Yes
NA</values>
            </attribute>
            <attribute>
              <name>Confidence Level</name>
              <mutable>False</mutable>
              <input_type>select</input_type>
              <default_value>3</default_value>
              <values>3
2
1</values>
            </attribute>
            <attribute>
              <name>Injury</name>
              <mutable>False</mutable>
              <input_type>select</input_type>
              <default_value>No</default_value>
              <values>No
Yes
NA</values>
            </attribute>
            <attribute>
              <name>Notes</name>
              <mutable>False</mutable>
              <input_type>text</input_type>
              <default_value>NA</default_value>
              <values>NA</values>
            </attribute>
            <attribute>
              <name>Sex</name>
              <mutable>False</mutable>
              <input_type>select</input_type>
              <default_value>Male</default_value>
              <values>Male
Female
Jack</values>
            </attribute>
          </attributes>
        </label>
        <label>
          <name>Chum</name>
          <color>#b83df5</color>
          <attributes>
            <attribute>
              <name>Adipose Clipped</name>
              <mutable>False</mutable>
              <input_type>select</input_type>
              <default_value>No</default_value>
              <values>No
Yes
NA</values>
            </attribute>
            <attribute>
              <name>Confidence Level</name>
              <mutable>False</mutable>
              <input_type>select</input_type>
              <default_value>3</default_value>
              <values>3
2
1</values>
            </attribute>
            <attribute>
              <name>Injury</name>
              <mutable>False</mutable>
              <input_type>select</input_type>
              <default_value>No</default_value>
              <values>No
Yes
NA</values>
            </attribute>
            <attribute>
              <name>Notes</name>
              <mutable>False</mutable>
              <input_type>text</input_type>
              <default_value>NA</default_value>
              <values>NA</values>
            </attribute>
            <attribute>
              <name>Sex</name>
              <mutable>False</mutable>
              <input_type>select</input_type>
              <default_value>Male</default_value>
              <values>Male
Female</values>
            </attribute>
          </attributes>
        </label>
        <label>
          <name>Whitefish</name>
          <color>#f1f0f5</color>
          <attributes>
            <attribute>
              <name>Injury</name>
              <mutable>False</mutable>
              <input_type>select</input_type>
              <default_value>No</default_value>
              <values>No
Yes
NA</values>
            </attribute>
            <attribute>
              <name>Notes</name>
              <mutable>False</mutable>
              <input_type>text</input_type>
              <default_value>NA</default_value>
              <values>NA</values>
            </attribute>
            <attribute>
              <name>Sex</name>
              <mutable>False</mutable>
              <input_type>select</input_type>
              <default_value>NA</default_value>
              <values>NA</values>
            </attribute>
            <attribute>
              <name>View</name>
              <mutable>False</mutable>
              <input_type>select</input_type>
              <default_value>Top-down</default_value>
              <values>Top-down
Side</values>
            </attribute>
            <attribute>
              <name>Adipose Clipped</name>
              <mutable>False</mutable>
              <input_type>select</input_type>
              <default_value>No</default_value>
              <values>No
Yes
NA</values>
            </attribute>
            <attribute>
              <name>Confidence Level</name>
              <mutable>False</mutable>
              <input_type>select</input_type>
              <default_value>3</default_value>
              <values>3
2
1</values>
            </attribute>
          </attributes>
        </label>
        <label>
          <name>Rainbow</name>
          <color>#fa32b7</color>
          <attributes>
            <attribute>
              <name>Confidence Level</name>
              <mutable>False</mutable>
              <input_type>select</input_type>
              <default_value>3</default_value>
              <values>3
2
1</values>
            </attribute>
            <attribute>
              <name>Injury</name>
              <mutable>False</mutable>
              <input_type>select</input_type>
              <default_value>No</default_value>
              <values>No
Yes
NA</values>
            </attribute>
            <attribute>
              <name>Notes</name>
              <mutable>False</mutable>
              <input_type>text</input_type>
              <default_value>NA</default_value>
              <values>NA</values>
            </attribute>
            <attribute>
              <name>Sex</name>
              <mutable>False</mutable>
              <input_type>select</input_type>
              <default_value>NA</default_value>
              <values>NA
Juvenile</values>
            </attribute>
            <attribute>
              <name>Adipose Clipped</name>
              <mutable>False</mutable>
              <input_type>select</input_type>
              <default_value>No</default_value>
              <values>No
Yes
NA</values>
            </attribute>
          </attributes>
        </label>
        <label>
          <name>Bull</name>
          <color>#ff6a4d</color>
          <attributes>
            <attribute>
              <name>Adipose Clipped</name>
              <mutable>False</mutable>
              <input_type>select</input_type>
              <default_value>No</default_value>
              <values>No
NA</values>
            </attribute>
            <attribute>
              <name>Confidence Level</name>
              <mutable>False</mutable>
              <input_type>select</input_type>
              <default_value>3</default_value>
              <values>3
2
1</values>
            </attribute>
            <attribute>
              <name>Injury</name>
              <mutable>False</mutable>
              <input_type>select</input_type>
              <default_value>No</default_value>
              <values>No
Yes
NA</values>
            </attribute>
            <attribute>
              <name>Notes</name>
              <mutable>False</mutable>
              <input_type>text</input_type>
              <default_value>NA</default_value>
              <values>NA</values>
            </attribute>
            <attribute>
              <name>Sex</name>
              <mutable>False</mutable>
              <input_type>select</input_type>
              <default_value>NA</default_value>
              <values>NA
Juvenile</values>
            </attribute>
            <attribute>
              <name>View</name>
              <mutable>False</mutable>
              <input_type>select</input_type>
              <default_value>Top-down</default_value>
              <values>Top-down
Side</values>
            </attribute>
          </attributes>
        </label>
        <label>
          <name>Pink</name>
          <color>#fa7dbb</color>
          <attributes>
            <attribute>
              <name>Notes</name>
              <mutable>False</mutable>
              <input_type>text</input_type>
              <default_value>NA</default_value>
              <values>NA</values>
            </attribute>
            <attribute>
              <name>Sex</name>
              <mutable>False</mutable>
              <input_type>select</input_type>
              <default_value>Male</default_value>
              <values>Male
Female</values>
            </attribute>
            <attribute>
              <name>Adipose Clipped</name>
              <mutable>False</mutable>
              <input_type>select</input_type>
              <default_value>No</default_value>
              <values>No
Yes
NA</values>
            </attribute>
            <attribute>
              <name>Confidence Level</name>
              <mutable>False</mutable>
              <input_type>select</input_type>
              <default_value>3</default_value>
              <values>3
2
1</values>
            </attribute>
            <attribute>
              <name>Injury</name>
              <mutable>False</mutable>
              <input_type>select</input_type>
              <default_value>No</default_value>
              <values>No
Yes
NA</values>
            </attribute>
          </attributes>
        </label>
        <label>
          <name>Steelhead</name>
          <color>#66ff66</color>
          <attributes>
            <attribute>
              <name>Adipose Clipped</name>
              <mutable>False</mutable>
              <input_type>select</input_type>
              <default_value>No</default_value>
              <values>No
Yes
NA</values>
            </attribute>
            <attribute>
              <name>Confidence Level</name>
              <mutable>False</mutable>
              <input_type>select</input_type>
              <default_value>3</default_value>
              <values>3
2
1</values>
            </attribute>
            <attribute>
              <name>Injury</name>
              <mutable>False</mutable>
              <input_type>select</input_type>
              <default_value>No</default_value>
              <values>No
Yes
NA</values>
            </attribute>
            <attribute>
              <name>Notes</name>
              <mutable>False</mutable>
              <input_type>text</input_type>
              <default_value>NA</default_value>
              <values>NA</values>
            </attribute>
            <attribute>
              <name>Sex</name>
              <mutable>False</mutable>
              <input_type>select</input_type>
              <default_value>Male</default_value>
              <values>Male
Female</values>
            </attribute>
          </attributes>
        </label>
        <label>
          <name>Chinook</name>
          <color>#cc3366</color>
          <attributes>
            <attribute>
              <name>Adipose Clipped</name>
              <mutable>False</mutable>
              <input_type>select</input_type>
              <default_value>No</default_value>
              <values>No
Yes
NA</values>
            </attribute>
            <attribute>
              <name>Confidence Level</name>
              <mutable>False</mutable>
              <input_type>select</input_type>
              <default_value>3</default_value>
              <values>3
2
1</values>
            </attribute>
            <attribute>
              <name>Injury</name>
              <mutable>False</mutable>
              <input_type>select</input_type>
              <default_value>No</default_value>
              <values>No
Yes
NA</values>
            </attribute>
            <attribute>
              <name>Notes</name>
              <mutable>False</mutable>
              <input_type>text</input_type>
              <default_value>NA</default_value>
              <values>NA</values>
            </attribute>
            <attribute>
              <name>Sex</name>
              <mutable>False</mutable>
              <input_type>select</input_type>
              <default_value>Male</default_value>
              <values>Male
Female
Jack</values>
            </attribute>
            <attribute>
              <name>View</name>
              <mutable>False</mutable>
              <input_type>select</input_type>
              <default_value>Top-down</default_value>
              <values>Top-down
Side</values>
            </attribute>
          </attributes>
        </label>
        <label>
          <name>Sockeye</name>
          <color>#fa3253</color>
          <attributes>
            <attribute>
              <name>Injury</name>
              <mutable>False</mutable>
              <input_type>select</input_type>
              <default_value>No</default_value>
              <values>No
Yes
NA</values>
            </attribute>
            <attribute>
              <name>Notes</name>
              <mutable>False</mutable>
              <input_type>text</input_type>
              <default_value>NA</default_value>
              <values>NA</values>
            </attribute>
            <attribute>
              <name>Sex</name>
              <mutable>False</mutable>
              <input_type>select</input_type>
              <default_value>Male</default_value>
              <values>Male
Female</values>
            </attribute>
            <attribute>
              <name>View</name>
              <mutable>False</mutable>
              <input_type>select</input_type>
              <default_value>Top-down</default_value>
              <values>Top-down
Side</values>
            </attribute>
            <attribute>
              <name>Adipose Clipped</name>
              <mutable>False</mutable>
              <input_type>select</input_type>
              <default_value>No</default_value>
              <values>No
Yes
NA</values>
            </attribute>
            <attribute>
              <name>Confidence Level</name>
              <mutable>False</mutable>
              <input_type>select</input_type>
              <default_value>3</default_value>
              <values>3
2
1</values>
            </attribute>
          </attributes>
        </label>
      </labels>
      <segments>
        <segment>
          <id>8</id>
          <start>0</start>
          <stop>342</stop>
          <url>httplocalhost:8080/?id=8</url>
        </segment>
      </segments>
      <owner>
        <username>bna19</username>
        <email>bna19@sfu.ca</email>
      </owner>
      <assignee></assignee>
      <original_size>
        <width>1280</width>
        <height>720</height>
      </original_size>
    </task>
    <dumped>2021-03-30 07:16:00.267132+00:00</dumped>
    <source>Right Bank 2020-07-31_14_41_28_362.asf</source>
  </meta>
  <track id="0" label="Chinook" source="manual">
    <box frame="51" outside="0" occluded="0" keyframe="1" xtl="0.00" ytl="112.50" xbr="168.75" ybr="335.00" z_order="0">
      <attribute name="Sex">Female</attribute>
      <attribute name="Adipose Clipped">No</attribute>
      <attribute name="Injury">No</attribute>
      <attribute name="Confidence Level">3</attribute>
      <attribute name="Notes">NA</attribute>
      <attribute name="View">Side</attribute>
    </box>
    <box frame="52" outside="0" occluded="0" keyframe="0" xtl="0.00" ytl="112.50" xbr="180.83" ybr="339.17" z_order="0">
      <attribute name="Sex">Female</attribute>
      <attribute name="Adipose Clipped">No</attribute>
      <attribute name="Injury">No</attribute>
      <attribute name="Confidence Level">3</attribute>
      <attribute name="Notes">NA</attribute>
      <attribute name="View">Side</attribute>
    </box>
    <box frame="53" outside="0" occluded="0" keyframe="0" xtl="0.00" ytl="112.50" xbr="192.92" ybr="343.33" z_order="0">
      <attribute name="Sex">Female</attribute>
      <attribute name="Adipose Clipped">No</attribute>
      <attribute name="Injury">No</attribute>
      <attribute name="Confidence Level">3</attribute>
      <attribute name="Notes">NA</attribute>
      <attribute name="View">Side</attribute>
    </box>
    <box frame="54" outside="0" occluded="0" keyframe="1" xtl="0.00" ytl="112.50" xbr="205.00" ybr="347.50" z_order="0">
      <attribute name="Sex">Female</attribute>
      <attribute name="Adipose Clipped">No</attribute>
      <attribute name="Injury">No</attribute>
      <attribute name="Confidence Level">3</attribute>
      <attribute name="Notes">NA</attribute>
      <attribute name="View">Side</attribute>
    </box>
    <box frame="55" outside="0" occluded="0" keyframe="0" xtl="0.00" ytl="112.50" xbr="225.30" ybr="346.55" z_order="0">
      <attribute name="Sex">Female</attribute>
      <attribute name="Adipose Clipped">No</attribute>
      <attribute name="Injury">No</attribute>
      <attribute name="Confidence Level">3</attribute>
      <attribute name="Notes">NA</attribute>
      <attribute name="View">Side</attribute>
    </box>
    <box frame="56" outside="0" occluded="0" keyframe="0" xtl="0.00" ytl="112.50" xbr="245.60" ybr="345.60" z_order="0">
      <attribute name="Sex">Female</attribute>
      <attribute name="Adipose Clipped">No</attribute>
      <attribute name="Injury">No</attribute>
      <attribute name="Confidence Level">3</attribute>
      <attribute name="Notes">NA</attribute>
      <attribute name="View">Side</attribute>
    </box>
    <box frame="57" outside="0" occluded="0" keyframe="0" xtl="0.00" ytl="112.50" xbr="265.90" ybr="344.65" z_order="0">
      <attribute name="Sex">Female</attribute>
      <attribute name="Adipose Clipped">No</attribute>
      <attribute name="Injury">No</attribute>
      <attribute name="Confidence Level">3</attribute>
      <attribute name="Notes">NA</attribute>
      <attribute name="View">Side</attribute>
    </box>
    <box frame="58" outside="0" occluded="0" keyframe="1" xtl="0.00" ytl="112.50" xbr="286.20" ybr="343.70" z_order="0">
      <attribute name="Sex">Female</attribute>
      <attribute name="Adipose Clipped">No</attribute>
      <attribute name="Injury">No</attribute>
      <attribute name="Confidence Level">3</attribute>
      <attribute name="Notes">NA</attribute>
      <attribute name="View">Side</attribute>
    </box>
    <box frame="59" outside="0" occluded="0" keyframe="0" xtl="0.00" ytl="108.33" xbr="292.25" ybr="343.70" z_order="0">
      <attribute name="Sex">Female</attribute>
      <attribute name="Adipose Clipped">No</attribute>
      <attribute name="Injury">No</attribute>
      <attribute name="Confidence Level">3</attribute>
      <attribute name="Notes">NA</attribute>
      <attribute name="View">Side</attribute>
    </box>
    <box frame="60" outside="0" occluded="0" keyframe="0" xtl="0.00" ytl="104.17" xbr="298.30" ybr="343.70" z_order="0">
      <attribute name="Sex">Female</attribute>
      <attribute name="Adipose Clipped">No</attribute>
      <attribute name="Injury">No</attribute>
      <attribute name="Confidence Level">3</attribute>
      <attribute name="Notes">NA</attribute>
      <attribute name="View">Side</attribute>
    </box>
    <box frame="61" outside="0" occluded="0" keyframe="0" xtl="0.00" ytl="100.00" xbr="304.35" ybr="343.70" z_order="0">
      <attribute name="Sex">Female</attribute>
      <attribute name="Adipose Clipped">No</attribute>
      <attribute name="Injury">No</attribute>
      <attribute name="Confidence Level">3</attribute>
      <attribute name="Notes">NA</attribute>
      <attribute name="View">Side</attribute>
    </box>
    <box frame="62" outside="0" occluded="0" keyframe="0" xtl="0.00" ytl="95.83" xbr="310.40" ybr="343.70" z_order="0">
      <attribute name="Sex">Female</attribute>
      <attribute name="Adipose Clipped">No</attribute>
      <attribute name="Injury">No</attribute>
      <attribute name="Confidence Level">3</attribute>
      <attribute name="Notes">NA</attribute>
      <attribute name="View">Side</attribute>
    </box>
    <box frame="63" outside="0" occluded="0" keyframe="0" xtl="0.00" ytl="91.67" xbr="316.45" ybr="343.70" z_order="0">
      <attribute name="Sex">Female</attribute>
      <attribute name="Adipose Clipped">No</attribute>
      <attribute name="Injury">No</attribute>
      <attribute name="Confidence Level">3</attribute>
      <attribute name="Notes">NA</attribute>
      <attribute name="View">Side</attribute>
    </box>
    <box frame="64" outside="0" occluded="0" keyframe="1" xtl="0.00" ytl="87.50" xbr="322.50" ybr="343.70" z_order="0">
      <attribute name="Sex">Female</attribute>
      <attribute name="Adipose Clipped">No</attribute>
      <attribute name="Injury">No</attribute>
      <attribute name="Confidence Level">3</attribute>
      <attribute name="Notes">NA</attribute>
      <attribute name="View">Side</attribute>
    </box>
    <box frame="65" outside="0" occluded="0" keyframe="0" xtl="0.00" ytl="87.50" xbr="344.57" ybr="343.70" z_order="0">
      <attribute name="Sex">Female</attribute>
      <attribute name="Adipose Clipped">No</attribute>
      <attribute name="Injury">No</attribute>
      <attribute name="Confidence Level">3</attribute>
      <attribute name="Notes">NA</attribute>
      <attribute name="View">Side</attribute>
    </box>
    <box frame="66" outside="0" occluded="0" keyframe="0" xtl="0.00" ytl="87.50" xbr="366.63" ybr="343.70" z_order="0">
      <attribute name="Sex">Female</attribute>
      <attribute name="Adipose Clipped">No</attribute>
      <attribute name="Injury">No</attribute>
      <attribute name="Confidence Level">3</attribute>
      <attribute name="Notes">NA</attribute>
      <attribute name="View">Side</attribute>
    </box>
    <box frame="67" outside="0" occluded="0" keyframe="1" xtl="0.00" ytl="87.50" xbr="388.70" ybr="343.70" z_order="0">
      <attribute name="Sex">Female</attribute>
      <attribute name="Adipose Clipped">No</attribute>
      <attribute name="Injury">No</attribute>
      <attribute name="Confidence Level">3</attribute>
      <attribute name="Notes">NA</attribute>
      <attribute name="View">Side</attribute>
    </box>
    <box frame="68" outside="0" occluded="0" keyframe="0" xtl="0.00" ytl="87.50" xbr="412.87" ybr="347.87" z_order="0">
      <attribute name="Sex">Female</attribute>
      <attribute name="Adipose Clipped">No</attribute>
      <attribute name="Injury">No</attribute>
      <attribute name="Confidence Level">3</attribute>
      <attribute name="Notes">NA</attribute>
      <attribute name="View">Side</attribute>
    </box>
    <box frame="69" outside="0" occluded="0" keyframe="0" xtl="0.00" ytl="87.50" xbr="437.03" ybr="352.03" z_order="0">
      <attribute name="Sex">Female</attribute>
      <attribute name="Adipose Clipped">No</attribute>
      <attribute name="Injury">No</attribute>
      <attribute name="Confidence Level">3</attribute>
      <attribute name="Notes">NA</attribute>
      <attribute name="View">Side</attribute>
    </box>
    <box frame="70" outside="0" occluded="0" keyframe="1" xtl="0.00" ytl="87.50" xbr="461.20" ybr="356.20" z_order="0">
      <attribute name="Sex">Female</attribute>
      <attribute name="Adipose Clipped">No</attribute>
      <attribute name="Injury">No</attribute>
      <attribute name="Confidence Level">3</attribute>
      <attribute name="Notes">NA</attribute>
      <attribute name="View">Side</attribute>
    </box>
    <box frame="71" outside="0" occluded="0" keyframe="0" xtl="0.00" ytl="87.50" xbr="487.45" ybr="356.20" z_order="0">
      <attribute name="Sex">Female</attribute>
      <attribute name="Adipose Clipped">No</attribute>
      <attribute name="Injury">No</attribute>
      <attribute name="Confidence Level">3</attribute>
      <attribute name="Notes">NA</attribute>
      <attribute name="View">Side</attribute>
    </box>
    <box frame="72" outside="0" occluded="0" keyframe="1" xtl="0.00" ytl="87.50" xbr="513.70" ybr="356.20" z_order="0">
      <attribute name="Sex">Female</attribute>
      <attribute name="Adipose Clipped">No</attribute>
      <attribute name="Injury">No</attribute>
      <attribute name="Confidence Level">3</attribute>
      <attribute name="Notes">NA</attribute>
      <attribute name="View">Side</attribute>
    </box>
    <box frame="73" outside="0" occluded="0" keyframe="0" xtl="0.00" ytl="77.50" xbr="528.70" ybr="356.20" z_order="0">
      <attribute name="Sex">Female</attribute>
      <attribute name="Adipose Clipped">No</attribute>
      <attribute name="Injury">No</attribute>
      <attribute name="Confidence Level">3</attribute>
      <attribute name="Notes">NA</attribute>
      <attribute name="View">Side</attribute>
    </box>
    <box frame="74" outside="0" occluded="0" keyframe="1" xtl="0.00" ytl="67.50" xbr="543.70" ybr="356.20" z_order="0">
      <attribute name="Sex">Female</attribute>
      <attribute name="Adipose Clipped">No</attribute>
      <attribute name="Injury">No</attribute>
      <attribute name="Confidence Level">3</attribute>
      <attribute name="Notes">NA</attribute>
      <attribute name="View">Side</attribute>
    </box>
    <box frame="75" outside="0" occluded="0" keyframe="1" xtl="0.00" ytl="67.50" xbr="623.70" ybr="356.20" z_order="0">
      <attribute name="Sex">Female</attribute>
      <attribute name="Adipose Clipped">No</attribute>
      <attribute name="Injury">No</attribute>
      <attribute name="Confidence Level">3</attribute>
      <attribute name="Notes">NA</attribute>
      <attribute name="View">Side</attribute>
    </box>
    <box frame="76" outside="0" occluded="0" keyframe="0" xtl="0.00" ytl="67.50" xbr="654.35" ybr="359.35" z_order="0">
      <attribute name="Sex">Female</attribute>
      <attribute name="Adipose Clipped">No</attribute>
      <attribute name="Injury">No</attribute>
      <attribute name="Confidence Level">3</attribute>
      <attribute name="Notes">NA</attribute>
      <attribute name="View">Side</attribute>
    </box>
    <box frame="77" outside="0" occluded="0" keyframe="1" xtl="0.00" ytl="67.50" xbr="685.00" ybr="362.50" z_order="0">
      <attribute name="Sex">Female</attribute>
      <attribute name="Adipose Clipped">No</attribute>
      <attribute name="Injury">No</attribute>
      <attribute name="Confidence Level">3</attribute>
      <attribute name="Notes">NA</attribute>
      <attribute name="View">Side</attribute>
    </box>
    <box frame="78" outside="0" occluded="0" keyframe="1" xtl="0.00" ytl="67.50" xbr="731.20" ybr="370.00" z_order="0">
      <attribute name="Sex">Female</attribute>
      <attribute name="Adipose Clipped">No</attribute>
      <attribute name="Injury">No</attribute>
      <attribute name="Confidence Level">3</attribute>
      <attribute name="Notes">NA</attribute>
      <attribute name="View">Side</attribute>
    </box>
    <box frame="79" outside="0" occluded="0" keyframe="1" xtl="0.00" ytl="67.50" xbr="780.00" ybr="366.20" z_order="0">
      <attribute name="Sex">Female</attribute>
      <attribute name="Adipose Clipped">No</attribute>
      <attribute name="Injury">No</attribute>
      <attribute name="Confidence Level">3</attribute>
      <attribute name="Notes">NA</attribute>
      <attribute name="View">Side</attribute>
    </box>
    <box frame="80" outside="0" occluded="0" keyframe="1" xtl="0.00" ytl="67.50" xbr="863.70" ybr="367.50" z_order="0">
      <attribute name="Sex">Female</attribute>
      <attribute name="Adipose Clipped">No</attribute>
      <attribute name="Injury">No</attribute>
      <attribute name="Confidence Level">3</attribute>
      <attribute name="Notes">NA</attribute>
      <attribute name="View">Side</attribute>
    </box>
    <box frame="81" outside="0" occluded="0" keyframe="1" xtl="0.00" ytl="67.50" xbr="922.50" ybr="368.70" z_order="0">
      <attribute name="Sex">Female</attribute>
      <attribute name="Adipose Clipped">No</attribute>
      <attribute name="Injury">No</attribute>
      <attribute name="Confidence Level">3</attribute>
      <attribute name="Notes">NA</attribute>
      <attribute name="View">Side</attribute>
    </box>
    <box frame="82" outside="0" occluded="0" keyframe="1" xtl="0.00" ytl="67.50" xbr="967.50" ybr="368.70" z_order="0">
      <attribute name="Sex">Female</attribute>
      <attribute name="Adipose Clipped">No</attribute>
      <attribute name="Injury">No</attribute>
      <attribute name="Confidence Level">3</attribute>
      <attribute name="Notes">NA</attribute>
      <attribute name="View">Side</attribute>
    </box>
    <box frame="83" outside="0" occluded="0" keyframe="1" xtl="0.00" ytl="67.50" xbr="1020.00" ybr="371.20" z_order="0">
      <attribute name="Sex">Female</attribute>
      <attribute name="Adipose Clipped">No</attribute>
      <attribute name="Injury">No</attribute>
      <attribute name="Confidence Level">3</attribute>
      <attribute name="Notes">NA</attribute>
      <attribute name="View">Side</attribute>
    </box>
    <box frame="84" outside="0" occluded="0" keyframe="1" xtl="47.50" ytl="70.00" xbr="1067.50" ybr="373.70" z_order="0">
      <attribute name="Sex">Female</attribute>
      <attribute name="Adipose Clipped">No</attribute>
      <attribute name="Injury">No</attribute>
      <attribute name="Confidence Level">3</attribute>
      <attribute name="Notes">NA</attribute>
      <attribute name="View">Side</attribute>
    </box>
    <box frame="85" outside="0" occluded="0" keyframe="1" xtl="161.25" ytl="70.00" xbr="1181.25" ybr="373.70" z_order="0">
      <attribute name="Sex">Female</attribute>
      <attribute name="Adipose Clipped">No</attribute>
      <attribute name="Injury">No</attribute>
      <attribute name="Confidence Level">3</attribute>
      <attribute name="Notes">NA</attribute>
      <attribute name="View">Side</attribute>
    </box>
    <box frame="86" outside="0" occluded="0" keyframe="1" xtl="203.75" ytl="75.00" xbr="1223.75" ybr="378.70" z_order="0">
      <attribute name="Sex">Female</attribute>
      <attribute name="Adipose Clipped">No</attribute>
      <attribute name="Injury">No</attribute>
      <attribute name="Confidence Level">3</attribute>
      <attribute name="Notes">NA</attribute>
      <attribute name="View">Side</attribute>
    </box>
    <box frame="87" outside="0" occluded="0" keyframe="1" xtl="263.75" ytl="80.00" xbr="1280.00" ybr="383.70" z_order="0">
      <attribute name="Sex">Female</attribute>
      <attribute name="Adipose Clipped">No</attribute>
      <attribute name="Injury">No</attribute>
      <attribute name="Confidence Level">3</attribute>
      <attribute name="Notes">NA</attribute>
      <attribute name="View">Side</attribute>
    </box>
    <box frame="88" outside="0" occluded="0" keyframe="1" xtl="302.50" ytl="91.25" xbr="1280.00" ybr="394.95" z_order="0">
      <attribute name="Sex">Female</attribute>
      <attribute name="Adipose Clipped">No</attribute>
      <attribute name="Injury">No</attribute>
      <attribute name="Confidence Level">3</attribute>
      <attribute name="Notes">NA</attribute>
      <attribute name="View">Side</attribute>
    </box>
    <box frame="89" outside="0" occluded="0" keyframe="0" xtl="359.38" ytl="97.50" xbr="1280.00" ybr="401.20" z_order="0">
      <attribute name="Sex">Female</attribute>
      <attribute name="Adipose Clipped">No</attribute>
      <attribute name="Injury">No</attribute>
      <attribute name="Confidence Level">3</attribute>
      <attribute name="Notes">NA</attribute>
      <attribute name="View">Side</attribute>
    </box>
    <box frame="90" outside="0" occluded="0" keyframe="1" xtl="416.25" ytl="103.75" xbr="1280.00" ybr="407.45" z_order="0">
      <attribute name="Sex">Female</attribute>
      <attribute name="Adipose Clipped">No</attribute>
      <attribute name="Injury">No</attribute>
      <attribute name="Confidence Level">3</attribute>
      <attribute name="Notes">NA</attribute>
      <attribute name="View">Side</attribute>
    </box>
    <box frame="91" outside="0" occluded="0" keyframe="1" xtl="448.75" ytl="105.00" xbr="1280.00" ybr="408.70" z_order="0">
      <attribute name="Sex">Female</attribute>
      <attribute name="Adipose Clipped">No</attribute>
      <attribute name="Injury">No</attribute>
      <attribute name="Confidence Level">3</attribute>
      <attribute name="Notes">NA</attribute>
      <attribute name="View">Side</attribute>
    </box>
    <box frame="92" outside="0" occluded="0" keyframe="1" xtl="478.75" ytl="105.00" xbr="1280.00" ybr="408.70" z_order="0">
      <attribute name="Sex">Female</attribute>
      <attribute name="Adipose Clipped">No</attribute>
      <attribute name="Injury">No</attribute>
      <attribute name="Confidence Level">3</attribute>
      <attribute name="Notes">NA</attribute>
      <attribute name="View">Side</attribute>
    </box>
    <box frame="93" outside="0" occluded="0" keyframe="1" xtl="540.00" ytl="105.00" xbr="1280.00" ybr="408.70" z_order="0">
      <attribute name="Sex">Female</attribute>
      <attribute name="Adipose Clipped">No</attribute>
      <attribute name="Injury">No</attribute>
      <attribute name="Confidence Level">3</attribute>
      <attribute name="Notes">NA</attribute>
      <attribute name="View">Side</attribute>
    </box>
    <box frame="94" outside="0" occluded="0" keyframe="0" xtl="542.73" ytl="103.20" xbr="1280.00" ybr="406.90" z_order="0">
      <attribute name="Sex">Female</attribute>
      <attribute name="Adipose Clipped">No</attribute>
      <attribute name="Injury">No</attribute>
      <attribute name="Confidence Level">3</attribute>
      <attribute name="Notes">NA</attribute>
      <attribute name="View">Side</attribute>
    </box>
    <box frame="95" outside="0" occluded="0" keyframe="0" xtl="545.47" ytl="101.41" xbr="1280.00" ybr="405.11" z_order="0">
      <attribute name="Sex">Female</attribute>
      <attribute name="Adipose Clipped">No</attribute>
      <attribute name="Injury">No</attribute>
      <attribute name="Confidence Level">3</attribute>
      <attribute name="Notes">NA</attribute>
      <attribute name="View">Side</attribute>
    </box>
    <box frame="96" outside="0" occluded="0" keyframe="0" xtl="548.20" ytl="99.61" xbr="1280.00" ybr="403.31" z_order="0">
      <attribute name="Sex">Female</attribute>
      <attribute name="Adipose Clipped">No</attribute>
      <attribute name="Injury">No</attribute>
      <attribute name="Confidence Level">3</attribute>
      <attribute name="Notes">NA</attribute>
      <attribute name="View">Side</attribute>
    </box>
    <box frame="97" outside="0" occluded="0" keyframe="0" xtl="550.94" ytl="97.81" xbr="1280.00" ybr="401.51" z_order="0">
      <attribute name="Sex">Female</attribute>
      <attribute name="Adipose Clipped">No</attribute>
      <attribute name="Injury">No</attribute>
      <attribute name="Confidence Level">3</attribute>
      <attribute name="Notes">NA</attribute>
      <attribute name="View">Side</attribute>
    </box>
    <box frame="98" outside="0" occluded="0" keyframe="0" xtl="553.67" ytl="96.02" xbr="1280.00" ybr="399.72" z_order="0">
      <attribute name="Sex">Female</attribute>
      <attribute name="Adipose Clipped">No</attribute>
      <attribute name="Injury">No</attribute>
      <attribute name="Confidence Level">3</attribute>
      <attribute name="Notes">NA</attribute>
      <attribute name="View">Side</attribute>
    </box>
    <box frame="99" outside="0" occluded="0" keyframe="0" xtl="556.41" ytl="94.22" xbr="1280.00" ybr="397.92" z_order="0">
      <attribute name="Sex">Female</attribute>
      <attribute name="Adipose Clipped">No</attribute>
      <attribute name="Injury">No</attribute>
      <attribute name="Confidence Level">3</attribute>
      <attribute name="Notes">NA</attribute>
      <attribute name="View">Side</attribute>
    </box>
    <box frame="100" outside="0" occluded="0" keyframe="0" xtl="559.14" ytl="92.42" xbr="1280.00" ybr="396.12" z_order="0">
      <attribute name="Sex">Female</attribute>
      <attribute name="Adipose Clipped">No</attribute>
      <attribute name="Injury">No</attribute>
      <attribute name="Confidence Level">3</attribute>
      <attribute name="Notes">NA</attribute>
      <attribute name="View">Side</attribute>
    </box>
    <box frame="101" outside="0" occluded="0" keyframe="0" xtl="561.88" ytl="90.62" xbr="1280.00" ybr="394.33" z_order="0">
      <attribute name="Sex">Female</attribute>
      <attribute name="Adipose Clipped">No</attribute>
      <attribute name="Injury">No</attribute>
      <attribute name="Confidence Level">3</attribute>
      <attribute name="Notes">NA</attribute>
      <attribute name="View">Side</attribute>
    </box>
    <box frame="102" outside="0" occluded="0" keyframe="0" xtl="564.61" ytl="88.83" xbr="1280.00" ybr="392.53" z_order="0">
      <attribute name="Sex">Female</attribute>
      <attribute name="Adipose Clipped">No</attribute>
      <attribute name="Injury">No</attribute>
      <attribute name="Confidence Level">3</attribute>
      <attribute name="Notes">NA</attribute>
      <attribute name="View">Side</attribute>
    </box>
    <box frame="103" outside="0" occluded="0" keyframe="0" xtl="567.34" ytl="87.03" xbr="1280.00" ybr="390.73" z_order="0">
      <attribute name="Sex">Female</attribute>
      <attribute name="Adipose Clipped">No</attribute>
      <attribute name="Injury">No</attribute>
      <attribute name="Confidence Level">3</attribute>
      <attribute name="Notes">NA</attribute>
      <attribute name="View">Side</attribute>
    </box>
    <box frame="104" outside="0" occluded="0" keyframe="0" xtl="570.08" ytl="85.23" xbr="1280.00" ybr="388.93" z_order="0">
      <attribute name="Sex">Female</attribute>
      <attribute name="Adipose Clipped">No</attribute>
      <attribute name="Injury">No</attribute>
      <attribute name="Confidence Level">3</attribute>
      <attribute name="Notes">NA</attribute>
      <attribute name="View">Side</attribute>
    </box>
    <box frame="105" outside="0" occluded="0" keyframe="0" xtl="572.81" ytl="83.44" xbr="1280.00" ybr="387.14" z_order="0">
      <attribute name="Sex">Female</attribute>
      <attribute name="Adipose Clipped">No</attribute>
      <attribute name="Injury">No</attribute>
      <attribute name="Confidence Level">3</attribute>
      <attribute name="Notes">NA</attribute>
      <attribute name="View">Side</attribute>
    </box>
    <box frame="106" outside="0" occluded="0" keyframe="0" xtl="575.55" ytl="81.64" xbr="1280.00" ybr="385.34" z_order="0">
      <attribute name="Sex">Female</attribute>
      <attribute name="Adipose Clipped">No</attribute>
      <attribute name="Injury">No</attribute>
      <attribute name="Confidence Level">3</attribute>
      <attribute name="Notes">NA</attribute>
      <attribute name="View">Side</attribute>
    </box>
    <box frame="107" outside="0" occluded="0" keyframe="0" xtl="578.28" ytl="79.84" xbr="1280.00" ybr="383.54" z_order="0">
      <attribute name="Sex">Female</attribute>
      <attribute name="Adipose Clipped">No</attribute>
      <attribute name="Injury">No</attribute>
      <attribute name="Confidence Level">3</attribute>
      <attribute name="Notes">NA</attribute>
      <attribute name="View">Side</attribute>
    </box>
    <box frame="108" outside="0" occluded="0" keyframe="0" xtl="581.02" ytl="78.05" xbr="1280.00" ybr="381.75" z_order="0">
      <attribute name="Sex">Female</attribute>
      <attribute name="Adipose Clipped">No</attribute>
      <attribute name="Injury">No</attribute>
      <attribute name="Confidence Level">3</attribute>
      <attribute name="Notes">NA</attribute>
      <attribute name="View">Side</attribute>
    </box>
    <box frame="109" outside="0" occluded="0" keyframe="1" xtl="583.75" ytl="76.25" xbr="1280.00" ybr="379.95" z_order="0">
      <attribute name="Sex">Female</attribute>
      <attribute name="Adipose Clipped">No</attribute>
      <attribute name="Injury">No</attribute>
      <attribute name="Confidence Level">3</attribute>
      <attribute name="Notes">NA</attribute>
      <attribute name="View">Side</attribute>
    </box>
    <box frame="110" outside="0" occluded="0" keyframe="0" xtl="591.88" ytl="70.62" xbr="1280.00" ybr="374.33" z_order="0">
      <attribute name="Sex">Female</attribute>
      <attribute name="Adipose Clipped">No</attribute>
      <attribute name="Injury">No</attribute>
      <attribute name="Confidence Level">3</attribute>
      <attribute name="Notes">NA</attribute>
      <attribute name="View">Side</attribute>
    </box>
    <box frame="111" outside="0" occluded="0" keyframe="1" xtl="600.00" ytl="65.00" xbr="1280.00" ybr="368.70" z_order="0">
      <attribute name="Sex">Female</attribute>
      <attribute name="Adipose Clipped">No</attribute>
      <attribute name="Injury">No</attribute>
      <attribute name="Confidence Level">3</attribute>
      <attribute name="Notes">NA</attribute>
      <attribute name="View">Side</attribute>
    </box>
    <box frame="112" outside="0" occluded="0" keyframe="0" xtl="622.08" ytl="61.25" xbr="1280.00" ybr="364.95" z_order="0">
      <attribute name="Sex">Female</attribute>
      <attribute name="Adipose Clipped">No</attribute>
      <attribute name="Injury">No</attribute>
      <attribute name="Confidence Level">3</attribute>
      <attribute name="Notes">NA</attribute>
      <attribute name="View">Side</attribute>
    </box>
    <box frame="113" outside="0" occluded="0" keyframe="0" xtl="644.17" ytl="57.50" xbr="1280.00" ybr="361.20" z_order="0">
      <attribute name="Sex">Female</attribute>
      <attribute name="Adipose Clipped">No</attribute>
      <attribute name="Injury">No</attribute>
      <attribute name="Confidence Level">3</attribute>
      <attribute name="Notes">NA</attribute>
      <attribute name="View">Side</attribute>
    </box>
    <box frame="114" outside="0" occluded="0" keyframe="1" xtl="666.25" ytl="53.75" xbr="1280.00" ybr="357.45" z_order="0">
      <attribute name="Sex">Female</attribute>
      <attribute name="Adipose Clipped">No</attribute>
      <attribute name="Injury">No</attribute>
      <attribute name="Confidence Level">3</attribute>
      <attribute name="Notes">NA</attribute>
      <attribute name="View">Side</attribute>
    </box>
    <box frame="115" outside="0" occluded="0" keyframe="0" xtl="701.25" ytl="52.50" xbr="1280.00" ybr="339.33" z_order="0">
      <attribute name="Sex">Female</attribute>
      <attribute name="Adipose Clipped">No</attribute>
      <attribute name="Injury">No</attribute>
      <attribute name="Confidence Level">3</attribute>
      <attribute name="Notes">NA</attribute>
      <attribute name="View">Side</attribute>
    </box>
    <box frame="116" outside="0" occluded="0" keyframe="1" xtl="736.25" ytl="51.25" xbr="1280.00" ybr="321.20" z_order="0">
      <attribute name="Sex">Female</attribute>
      <attribute name="Adipose Clipped">No</attribute>
      <attribute name="Injury">No</attribute>
      <attribute name="Confidence Level">3</attribute>
      <attribute name="Notes">NA</attribute>
      <attribute name="View">Side</attribute>
    </box>
    <box frame="117" outside="0" occluded="0" keyframe="0" xtl="764.06" ytl="53.12" xbr="1280.00" ybr="323.08" z_order="0">
      <attribute name="Sex">Female</attribute>
      <attribute name="Adipose Clipped">No</attribute>
      <attribute name="Injury">No</attribute>
      <attribute name="Confidence Level">3</attribute>
      <attribute name="Notes">NA</attribute>
      <attribute name="View">Side</attribute>
    </box>
    <box frame="118" outside="0" occluded="0" keyframe="0" xtl="791.88" ytl="55.00" xbr="1280.00" ybr="324.95" z_order="0">
      <attribute name="Sex">Female</attribute>
      <attribute name="Adipose Clipped">No</attribute>
      <attribute name="Injury">No</attribute>
      <attribute name="Confidence Level">3</attribute>
      <attribute name="Notes">NA</attribute>
      <attribute name="View">Side</attribute>
    </box>
    <box frame="119" outside="0" occluded="0" keyframe="0" xtl="819.69" ytl="56.88" xbr="1280.00" ybr="326.83" z_order="0">
      <attribute name="Sex">Female</attribute>
      <attribute name="Adipose Clipped">No</attribute>
      <attribute name="Injury">No</attribute>
      <attribute name="Confidence Level">3</attribute>
      <attribute name="Notes">NA</attribute>
      <attribute name="View">Side</attribute>
    </box>
    <box frame="120" outside="0" occluded="0" keyframe="1" xtl="847.50" ytl="58.75" xbr="1280.00" ybr="328.70" z_order="0">
      <attribute name="Sex">Female</attribute>
      <attribute name="Adipose Clipped">No</attribute>
      <attribute name="Injury">No</attribute>
      <attribute name="Confidence Level">3</attribute>
      <attribute name="Notes">NA</attribute>
      <attribute name="View">Side</attribute>
    </box>
    <box frame="121" outside="0" occluded="0" keyframe="0" xtl="903.12" ytl="64.38" xbr="1280.00" ybr="334.33" z_order="0">
      <attribute name="Sex">Female</attribute>
      <attribute name="Adipose Clipped">No</attribute>
      <attribute name="Injury">No</attribute>
      <attribute name="Confidence Level">3</attribute>
      <attribute name="Notes">NA</attribute>
      <attribute name="View">Side</attribute>
    </box>
    <box frame="122" outside="0" occluded="0" keyframe="1" xtl="958.75" ytl="70.00" xbr="1280.00" ybr="339.95" z_order="0">
      <attribute name="Sex">Female</attribute>
      <attribute name="Adipose Clipped">No</attribute>
      <attribute name="Injury">No</attribute>
      <attribute name="Confidence Level">3</attribute>
      <attribute name="Notes">NA</attribute>
      <attribute name="View">Side</attribute>
    </box>
    <box frame="123" outside="0" occluded="0" keyframe="0" xtl="975.62" ytl="70.00" xbr="1280.00" ybr="339.95" z_order="0">
      <attribute name="Sex">Female</attribute>
      <attribute name="Adipose Clipped">No</attribute>
      <attribute name="Injury">No</attribute>
      <attribute name="Confidence Level">3</attribute>
      <attribute name="Notes">NA</attribute>
      <attribute name="View">Side</attribute>
    </box>
    <box frame="124" outside="0" occluded="1" keyframe="1" xtl="992.50" ytl="70.00" xbr="1280.00" ybr="339.95" z_order="0">
      <attribute name="Sex">Female</attribute>
      <attribute name="Adipose Clipped">No</attribute>
      <attribute name="Injury">No</attribute>
      <attribute name="Confidence Level">3</attribute>
      <attribute name="Notes">NA</attribute>
      <attribute name="View">Side</attribute>
    </box>
    <box frame="125" outside="0" occluded="1" keyframe="1" xtl="1120.00" ytl="26.25" xbr="1280.00" ybr="296.20" z_order="0">
      <attribute name="Sex">Female</attribute>
      <attribute name="Adipose Clipped">No</attribute>
      <attribute name="Injury">No</attribute>
      <attribute name="Confidence Level">3</attribute>
      <attribute name="Notes">NA</attribute>
      <attribute name="View">Side</attribute>
    </box>
    <box frame="126" outside="0" occluded="1" keyframe="1" xtl="1178.75" ytl="12.50" xbr="1280.00" ybr="282.45" z_order="0">
      <attribute name="Sex">Female</attribute>
      <attribute name="Adipose Clipped">No</attribute>
      <attribute name="Injury">No</attribute>
      <attribute name="Confidence Level">3</attribute>
      <attribute name="Notes">NA</attribute>
      <attribute name="View">Side</attribute>
    </box>
    <box frame="127" outside="1" occluded="1" keyframe="1" xtl="1120.00" ytl="26.25" xbr="1280.00" ybr="296.20" z_order="0">
      <attribute name="Sex">Female</attribute>
      <attribute name="Adipose Clipped">No</attribute>
      <attribute name="Injury">No</attribute>
      <attribute name="Confidence Level">3</attribute>
      <attribute name="Notes">NA</attribute>
      <attribute name="View">Side</attribute>
    </box>
  </track>
  <track id="1" label="Chinook" source="manual">
    <box frame="59" outside="0" occluded="0" keyframe="1" xtl="1.25" ytl="488.75" xbr="156.25" ybr="673.75" z_order="0">
      <attribute name="Sex">Female</attribute>
      <attribute name="Adipose Clipped">No</attribute>
      <attribute name="Injury">No</attribute>
      <attribute name="Confidence Level">3</attribute>
      <attribute name="Notes">NA</attribute>
      <attribute name="View">Top-down</attribute>
    </box>
    <box frame="60" outside="0" occluded="0" keyframe="0" xtl="1.25" ytl="477.50" xbr="177.50" ybr="673.75" z_order="0">
      <attribute name="Sex">Female</attribute>
      <attribute name="Adipose Clipped">No</attribute>
      <attribute name="Injury">No</attribute>
      <attribute name="Confidence Level">3</attribute>
      <attribute name="Notes">NA</attribute>
      <attribute name="View">Top-down</attribute>
    </box>
    <box frame="61" outside="0" occluded="0" keyframe="0" xtl="1.25" ytl="466.25" xbr="198.75" ybr="673.75" z_order="0">
      <attribute name="Sex">Female</attribute>
      <attribute name="Adipose Clipped">No</attribute>
      <attribute name="Injury">No</attribute>
      <attribute name="Confidence Level">3</attribute>
      <attribute name="Notes">NA</attribute>
      <attribute name="View">Top-down</attribute>
    </box>
    <box frame="62" outside="0" occluded="0" keyframe="1" xtl="1.25" ytl="455.00" xbr="220.00" ybr="673.75" z_order="0">
      <attribute name="Sex">Female</attribute>
      <attribute name="Adipose Clipped">No</attribute>
      <attribute name="Injury">No</attribute>
      <attribute name="Confidence Level">3</attribute>
      <attribute name="Notes">NA</attribute>
      <attribute name="View">Top-down</attribute>
    </box>
    <box frame="63" outside="0" occluded="0" keyframe="0" xtl="1.25" ytl="455.00" xbr="239.68" ybr="673.75" z_order="0">
      <attribute name="Sex">Female</attribute>
      <attribute name="Adipose Clipped">No</attribute>
      <attribute name="Injury">No</attribute>
      <attribute name="Confidence Level">3</attribute>
      <attribute name="Notes">NA</attribute>
      <attribute name="View">Top-down</attribute>
    </box>
    <box frame="64" outside="0" occluded="0" keyframe="0" xtl="1.25" ytl="455.00" xbr="259.35" ybr="673.75" z_order="0">
      <attribute name="Sex">Female</attribute>
      <attribute name="Adipose Clipped">No</attribute>
      <attribute name="Injury">No</attribute>
      <attribute name="Confidence Level">3</attribute>
      <attribute name="Notes">NA</attribute>
      <attribute name="View">Top-down</attribute>
    </box>
    <box frame="65" outside="0" occluded="0" keyframe="0" xtl="1.25" ytl="455.00" xbr="279.03" ybr="673.75" z_order="0">
      <attribute name="Sex">Female</attribute>
      <attribute name="Adipose Clipped">No</attribute>
      <attribute name="Injury">No</attribute>
      <attribute name="Confidence Level">3</attribute>
      <attribute name="Notes">NA</attribute>
      <attribute name="View">Top-down</attribute>
    </box>
    <box frame="66" outside="0" occluded="0" keyframe="1" xtl="1.25" ytl="455.00" xbr="298.70" ybr="673.75" z_order="0">
      <attribute name="Sex">Female</attribute>
      <attribute name="Adipose Clipped">No</attribute>
      <attribute name="Injury">No</attribute>
      <attribute name="Confidence Level">3</attribute>
      <attribute name="Notes">NA</attribute>
      <attribute name="View">Top-down</attribute>
    </box>
    <box frame="67" outside="0" occluded="0" keyframe="0" xtl="1.25" ytl="454.35" xbr="320.60" ybr="683.78" z_order="0">
      <attribute name="Sex">Female</attribute>
      <attribute name="Adipose Clipped">No</attribute>
      <attribute name="Injury">No</attribute>
      <attribute name="Confidence Level">3</attribute>
      <attribute name="Notes">NA</attribute>
      <attribute name="View">Top-down</attribute>
    </box>
    <box frame="68" outside="0" occluded="0" keyframe="1" xtl="1.25" ytl="453.70" xbr="342.50" ybr="693.80" z_order="0">
      <attribute name="Sex">Female</attribute>
      <attribute name="Adipose Clipped">No</attribute>
      <attribute name="Injury">No</attribute>
      <attribute name="Confidence Level">3</attribute>
      <attribute name="Notes">NA</attribute>
      <attribute name="View">Top-down</attribute>
    </box>
    <box frame="69" outside="0" occluded="0" keyframe="0" xtl="1.25" ytl="449.95" xbr="375.60" ybr="693.80" z_order="0">
      <attribute name="Sex">Female</attribute>
      <attribute name="Adipose Clipped">No</attribute>
      <attribute name="Injury">No</attribute>
      <attribute name="Confidence Level">3</attribute>
      <attribute name="Notes">NA</attribute>
      <attribute name="View">Top-down</attribute>
    </box>
    <box frame="70" outside="0" occluded="0" keyframe="1" xtl="1.25" ytl="446.20" xbr="408.70" ybr="693.80" z_order="0">
      <attribute name="Sex">Female</attribute>
      <attribute name="Adipose Clipped">No</attribute>
      <attribute name="Injury">No</attribute>
      <attribute name="Confidence Level">3</attribute>
      <attribute name="Notes">NA</attribute>
      <attribute name="View">Top-down</attribute>
    </box>
    <box frame="71" outside="0" occluded="0" keyframe="0" xtl="1.25" ytl="443.10" xbr="444.30" ybr="693.80" z_order="0">
      <attribute name="Sex">Female</attribute>
      <attribute name="Adipose Clipped">No</attribute>
      <attribute name="Injury">No</attribute>
      <attribute name="Confidence Level">3</attribute>
      <attribute name="Notes">NA</attribute>
      <attribute name="View">Top-down</attribute>
    </box>
    <box frame="72" outside="0" occluded="0" keyframe="1" xtl="1.25" ytl="440.00" xbr="479.90" ybr="693.80" z_order="0">
      <attribute name="Sex">Female</attribute>
      <attribute name="Adipose Clipped">No</attribute>
      <attribute name="Injury">No</attribute>
      <attribute name="Confidence Level">3</attribute>
      <attribute name="Notes">NA</attribute>
      <attribute name="View">Top-down</attribute>
    </box>
    <box frame="73" outside="0" occluded="0" keyframe="0" xtl="1.25" ytl="438.75" xbr="504.30" ybr="693.80" z_order="0">
      <attribute name="Sex">Female</attribute>
      <attribute name="Adipose Clipped">No</attribute>
      <attribute name="Injury">No</attribute>
      <attribute name="Confidence Level">3</attribute>
      <attribute name="Notes">NA</attribute>
      <attribute name="View">Top-down</attribute>
    </box>
    <box frame="74" outside="0" occluded="0" keyframe="1" xtl="1.25" ytl="437.50" xbr="528.70" ybr="693.80" z_order="0">
      <attribute name="Sex">Female</attribute>
      <attribute name="Adipose Clipped">No</attribute>
      <attribute name="Injury">No</attribute>
      <attribute name="Confidence Level">3</attribute>
      <attribute name="Notes">NA</attribute>
      <attribute name="View">Top-down</attribute>
    </box>
    <box frame="75" outside="0" occluded="0" keyframe="0" xtl="1.25" ytl="437.50" xbr="588.70" ybr="693.80" z_order="0">
      <attribute name="Sex">Female</attribute>
      <attribute name="Adipose Clipped">No</attribute>
      <attribute name="Injury">No</attribute>
      <attribute name="Confidence Level">3</attribute>
      <attribute name="Notes">NA</attribute>
      <attribute name="View">Top-down</attribute>
    </box>
    <box frame="76" outside="0" occluded="0" keyframe="1" xtl="1.25" ytl="437.50" xbr="648.70" ybr="693.80" z_order="0">
      <attribute name="Sex">Female</attribute>
      <attribute name="Adipose Clipped">No</attribute>
      <attribute name="Injury">No</attribute>
      <attribute name="Confidence Level">3</attribute>
      <attribute name="Notes">NA</attribute>
      <attribute name="View">Top-down</attribute>
    </box>
    <box frame="77" outside="0" occluded="0" keyframe="0" xtl="1.25" ytl="438.43" xbr="719.33" ybr="693.80" z_order="0">
      <attribute name="Sex">Female</attribute>
      <attribute name="Adipose Clipped">No</attribute>
      <attribute name="Injury">No</attribute>
      <attribute name="Confidence Level">3</attribute>
      <attribute name="Notes">NA</attribute>
      <attribute name="View">Top-down</attribute>
    </box>
    <box frame="78" outside="0" occluded="0" keyframe="0" xtl="1.25" ytl="439.35" xbr="789.95" ybr="693.80" z_order="0">
      <attribute name="Sex">Female</attribute>
      <attribute name="Adipose Clipped">No</attribute>
      <attribute name="Injury">No</attribute>
      <attribute name="Confidence Level">3</attribute>
      <attribute name="Notes">NA</attribute>
      <attribute name="View">Top-down</attribute>
    </box>
    <box frame="79" outside="0" occluded="0" keyframe="0" xtl="1.25" ytl="440.28" xbr="860.58" ybr="693.80" z_order="0">
      <attribute name="Sex">Female</attribute>
      <attribute name="Adipose Clipped">No</attribute>
      <attribute name="Injury">No</attribute>
      <attribute name="Confidence Level">3</attribute>
      <attribute name="Notes">NA</attribute>
      <attribute name="View">Top-down</attribute>
    </box>
    <box frame="80" outside="0" occluded="0" keyframe="1" xtl="1.25" ytl="441.20" xbr="931.20" ybr="693.80" z_order="0">
      <attribute name="Sex">Female</attribute>
      <attribute name="Adipose Clipped">No</attribute>
      <attribute name="Injury">No</attribute>
      <attribute name="Confidence Level">3</attribute>
      <attribute name="Notes">NA</attribute>
      <attribute name="View">Top-down</attribute>
    </box>
    <box frame="81" outside="0" occluded="0" keyframe="0" xtl="1.25" ytl="442.78" xbr="996.20" ybr="693.80" z_order="0">
      <attribute name="Sex">Female</attribute>
      <attribute name="Adipose Clipped">No</attribute>
      <attribute name="Injury">No</attribute>
      <attribute name="Confidence Level">3</attribute>
      <attribute name="Notes">NA</attribute>
      <attribute name="View">Top-down</attribute>
    </box>
    <box frame="82" outside="0" occluded="0" keyframe="0" xtl="1.25" ytl="444.35" xbr="1061.20" ybr="693.80" z_order="0">
      <attribute name="Sex">Female</attribute>
      <attribute name="Adipose Clipped">No</attribute>
      <attribute name="Injury">No</attribute>
      <attribute name="Confidence Level">3</attribute>
      <attribute name="Notes">NA</attribute>
      <attribute name="View">Top-down</attribute>
    </box>
    <box frame="83" outside="0" occluded="0" keyframe="0" xtl="1.25" ytl="445.93" xbr="1126.20" ybr="693.80" z_order="0">
      <attribute name="Sex">Female</attribute>
      <attribute name="Adipose Clipped">No</attribute>
      <attribute name="Injury">No</attribute>
      <attribute name="Confidence Level">3</attribute>
      <attribute name="Notes">NA</attribute>
      <attribute name="View">Top-down</attribute>
    </box>
    <box frame="84" outside="0" occluded="0" keyframe="1" xtl="1.25" ytl="447.50" xbr="1191.20" ybr="693.80" z_order="0">
      <attribute name="Sex">Female</attribute>
      <attribute name="Adipose Clipped">No</attribute>
      <attribute name="Injury">No</attribute>
      <attribute name="Confidence Level">3</attribute>
      <attribute name="Notes">NA</attribute>
      <attribute name="View">Top-down</attribute>
    </box>
    <box frame="85" outside="0" occluded="0" keyframe="1" xtl="11.25" ytl="446.20" xbr="1280.00" ybr="692.55" z_order="0">
      <attribute name="Sex">Female</attribute>
      <attribute name="Adipose Clipped">No</attribute>
      <attribute name="Injury">No</attribute>
      <attribute name="Confidence Level">3</attribute>
      <attribute name="Notes">NA</attribute>
      <attribute name="View">Top-down</attribute>
    </box>
    <box frame="86" outside="0" occluded="0" keyframe="0" xtl="76.88" ytl="445.58" xbr="1280.00" ybr="691.93" z_order="0">
      <attribute name="Sex">Female</attribute>
      <attribute name="Adipose Clipped">No</attribute>
      <attribute name="Injury">No</attribute>
      <attribute name="Confidence Level">3</attribute>
      <attribute name="Notes">NA</attribute>
      <attribute name="View">Top-down</attribute>
    </box>
    <box frame="87" outside="0" occluded="0" keyframe="0" xtl="142.50" ytl="444.95" xbr="1280.00" ybr="691.30" z_order="0">
      <attribute name="Sex">Female</attribute>
      <attribute name="Adipose Clipped">No</attribute>
      <attribute name="Injury">No</attribute>
      <attribute name="Confidence Level">3</attribute>
      <attribute name="Notes">NA</attribute>
      <attribute name="View">Top-down</attribute>
    </box>
    <box frame="88" outside="0" occluded="0" keyframe="0" xtl="208.12" ytl="444.33" xbr="1280.00" ybr="690.68" z_order="0">
      <attribute name="Sex">Female</attribute>
      <attribute name="Adipose Clipped">No</attribute>
      <attribute name="Injury">No</attribute>
      <attribute name="Confidence Level">3</attribute>
      <attribute name="Notes">NA</attribute>
      <attribute name="View">Top-down</attribute>
    </box>
    <box frame="89" outside="0" occluded="0" keyframe="1" xtl="273.75" ytl="443.70" xbr="1280.00" ybr="690.05" z_order="0">
      <attribute name="Sex">Female</attribute>
      <attribute name="Adipose Clipped">No</attribute>
      <attribute name="Injury">No</attribute>
      <attribute name="Confidence Level">3</attribute>
      <attribute name="Notes">NA</attribute>
      <attribute name="View">Top-down</attribute>
    </box>
    <box frame="90" outside="0" occluded="0" keyframe="0" xtl="335.00" ytl="443.70" xbr="1280.00" ybr="690.05" z_order="0">
      <attribute name="Sex">Female</attribute>
      <attribute name="Adipose Clipped">No</attribute>
      <attribute name="Injury">No</attribute>
      <attribute name="Confidence Level">3</attribute>
      <attribute name="Notes">NA</attribute>
      <attribute name="View">Top-down</attribute>
    </box>
    <box frame="91" outside="0" occluded="0" keyframe="1" xtl="396.25" ytl="443.70" xbr="1280.00" ybr="690.05" z_order="0">
      <attribute name="Sex">Female</attribute>
      <attribute name="Adipose Clipped">No</attribute>
      <attribute name="Injury">No</attribute>
      <attribute name="Confidence Level">3</attribute>
      <attribute name="Notes">NA</attribute>
      <attribute name="View">Top-down</attribute>
    </box>
    <box frame="92" outside="0" occluded="0" keyframe="0" xtl="434.06" ytl="445.58" xbr="1280.00" ybr="691.93" z_order="0">
      <attribute name="Sex">Female</attribute>
      <attribute name="Adipose Clipped">No</attribute>
      <attribute name="Injury">No</attribute>
      <attribute name="Confidence Level">3</attribute>
      <attribute name="Notes">NA</attribute>
      <attribute name="View">Top-down</attribute>
    </box>
    <box frame="93" outside="0" occluded="0" keyframe="0" xtl="471.88" ytl="447.45" xbr="1280.00" ybr="693.80" z_order="0">
      <attribute name="Sex">Female</attribute>
      <attribute name="Adipose Clipped">No</attribute>
      <attribute name="Injury">No</attribute>
      <attribute name="Confidence Level">3</attribute>
      <attribute name="Notes">NA</attribute>
      <attribute name="View">Top-down</attribute>
    </box>
    <box frame="94" outside="0" occluded="0" keyframe="0" xtl="509.69" ytl="449.33" xbr="1280.00" ybr="695.68" z_order="0">
      <attribute name="Sex">Female</attribute>
      <attribute name="Adipose Clipped">No</attribute>
      <attribute name="Injury">No</attribute>
      <attribute name="Confidence Level">3</attribute>
      <attribute name="Notes">NA</attribute>
      <attribute name="View">Top-down</attribute>
    </box>
    <box frame="95" outside="0" occluded="0" keyframe="1" xtl="547.50" ytl="451.20" xbr="1280.00" ybr="697.55" z_order="0">
      <attribute name="Sex">Female</attribute>
      <attribute name="Adipose Clipped">No</attribute>
      <attribute name="Injury">No</attribute>
      <attribute name="Confidence Level">3</attribute>
      <attribute name="Notes">NA</attribute>
      <attribute name="View">Top-down</attribute>
    </box>
    <box frame="96" outside="0" occluded="0" keyframe="0" xtl="545.98" ytl="454.24" xbr="1280.00" ybr="697.55" z_order="0">
      <attribute name="Sex">Female</attribute>
      <attribute name="Adipose Clipped">No</attribute>
      <attribute name="Injury">No</attribute>
      <attribute name="Confidence Level">3</attribute>
      <attribute name="Notes">NA</attribute>
      <attribute name="View">Top-down</attribute>
    </box>
    <box frame="97" outside="0" occluded="0" keyframe="0" xtl="544.46" ytl="457.27" xbr="1280.00" ybr="697.55" z_order="0">
      <attribute name="Sex">Female</attribute>
      <attribute name="Adipose Clipped">No</attribute>
      <attribute name="Injury">No</attribute>
      <attribute name="Confidence Level">3</attribute>
      <attribute name="Notes">NA</attribute>
      <attribute name="View">Top-down</attribute>
    </box>
    <box frame="98" outside="0" occluded="0" keyframe="0" xtl="542.94" ytl="460.31" xbr="1280.00" ybr="697.55" z_order="0">
      <attribute name="Sex">Female</attribute>
      <attribute name="Adipose Clipped">No</attribute>
      <attribute name="Injury">No</attribute>
      <attribute name="Confidence Level">3</attribute>
      <attribute name="Notes">NA</attribute>
      <attribute name="View">Top-down</attribute>
    </box>
    <box frame="99" outside="0" occluded="0" keyframe="0" xtl="541.41" ytl="463.34" xbr="1280.00" ybr="697.55" z_order="0">
      <attribute name="Sex">Female</attribute>
      <attribute name="Adipose Clipped">No</attribute>
      <attribute name="Injury">No</attribute>
      <attribute name="Confidence Level">3</attribute>
      <attribute name="Notes">NA</attribute>
      <attribute name="View">Top-down</attribute>
    </box>
    <box frame="100" outside="0" occluded="0" keyframe="0" xtl="539.89" ytl="466.38" xbr="1280.00" ybr="697.55" z_order="0">
      <attribute name="Sex">Female</attribute>
      <attribute name="Adipose Clipped">No</attribute>
      <attribute name="Injury">No</attribute>
      <attribute name="Confidence Level">3</attribute>
      <attribute name="Notes">NA</attribute>
      <attribute name="View">Top-down</attribute>
    </box>
    <box frame="101" outside="0" occluded="0" keyframe="0" xtl="538.37" ytl="469.41" xbr="1280.00" ybr="697.55" z_order="0">
      <attribute name="Sex">Female</attribute>
      <attribute name="Adipose Clipped">No</attribute>
      <attribute name="Injury">No</attribute>
      <attribute name="Confidence Level">3</attribute>
      <attribute name="Notes">NA</attribute>
      <attribute name="View">Top-down</attribute>
    </box>
    <box frame="102" outside="0" occluded="0" keyframe="0" xtl="536.85" ytl="472.45" xbr="1280.00" ybr="697.55" z_order="0">
      <attribute name="Sex">Female</attribute>
      <attribute name="Adipose Clipped">No</attribute>
      <attribute name="Injury">No</attribute>
      <attribute name="Confidence Level">3</attribute>
      <attribute name="Notes">NA</attribute>
      <attribute name="View">Top-down</attribute>
    </box>
    <box frame="103" outside="0" occluded="0" keyframe="0" xtl="535.33" ytl="475.49" xbr="1280.00" ybr="697.55" z_order="0">
      <attribute name="Sex">Female</attribute>
      <attribute name="Adipose Clipped">No</attribute>
      <attribute name="Injury">No</attribute>
      <attribute name="Confidence Level">3</attribute>
      <attribute name="Notes">NA</attribute>
      <attribute name="View">Top-down</attribute>
    </box>
    <box frame="104" outside="0" occluded="0" keyframe="0" xtl="533.81" ytl="478.52" xbr="1280.00" ybr="697.55" z_order="0">
      <attribute name="Sex">Female</attribute>
      <attribute name="Adipose Clipped">No</attribute>
      <attribute name="Injury">No</attribute>
      <attribute name="Confidence Level">3</attribute>
      <attribute name="Notes">NA</attribute>
      <attribute name="View">Top-down</attribute>
    </box>
    <box frame="105" outside="0" occluded="0" keyframe="0" xtl="532.29" ytl="481.56" xbr="1280.00" ybr="697.55" z_order="0">
      <attribute name="Sex">Female</attribute>
      <attribute name="Adipose Clipped">No</attribute>
      <attribute name="Injury">No</attribute>
      <attribute name="Confidence Level">3</attribute>
      <attribute name="Notes">NA</attribute>
      <attribute name="View">Top-down</attribute>
    </box>
    <box frame="106" outside="0" occluded="0" keyframe="0" xtl="530.76" ytl="484.59" xbr="1280.00" ybr="697.55" z_order="0">
      <attribute name="Sex">Female</attribute>
      <attribute name="Adipose Clipped">No</attribute>
      <attribute name="Injury">No</attribute>
      <attribute name="Confidence Level">3</attribute>
      <attribute name="Notes">NA</attribute>
      <attribute name="View">Top-down</attribute>
    </box>
    <box frame="107" outside="0" occluded="0" keyframe="0" xtl="529.24" ytl="487.63" xbr="1280.00" ybr="697.55" z_order="0">
      <attribute name="Sex">Female</attribute>
      <attribute name="Adipose Clipped">No</attribute>
      <attribute name="Injury">No</attribute>
      <attribute name="Confidence Level">3</attribute>
      <attribute name="Notes">NA</attribute>
      <attribute name="View">Top-down</attribute>
    </box>
    <box frame="108" outside="0" occluded="0" keyframe="0" xtl="527.72" ytl="490.66" xbr="1280.00" ybr="697.55" z_order="0">
      <attribute name="Sex">Female</attribute>
      <attribute name="Adipose Clipped">No</attribute>
      <attribute name="Injury">No</attribute>
      <attribute name="Confidence Level">3</attribute>
      <attribute name="Notes">NA</attribute>
      <attribute name="View">Top-down</attribute>
    </box>
    <box frame="109" outside="0" occluded="0" keyframe="1" xtl="526.20" ytl="493.70" xbr="1280.00" ybr="697.55" z_order="0">
      <attribute name="Sex">Female</attribute>
      <attribute name="Adipose Clipped">No</attribute>
      <attribute name="Injury">No</attribute>
      <attribute name="Confidence Level">3</attribute>
      <attribute name="Notes">NA</attribute>
      <attribute name="View">Top-down</attribute>
    </box>
    <box frame="110" outside="0" occluded="0" keyframe="0" xtl="558.70" ytl="475.60" xbr="1280.00" ybr="697.55" z_order="0">
      <attribute name="Sex">Female</attribute>
      <attribute name="Adipose Clipped">No</attribute>
      <attribute name="Injury">No</attribute>
      <attribute name="Confidence Level">3</attribute>
      <attribute name="Notes">NA</attribute>
      <attribute name="View">Top-down</attribute>
    </box>
    <box frame="111" outside="0" occluded="0" keyframe="1" xtl="591.20" ytl="457.50" xbr="1280.00" ybr="697.55" z_order="0">
      <attribute name="Sex">Female</attribute>
      <attribute name="Adipose Clipped">No</attribute>
      <attribute name="Injury">No</attribute>
      <attribute name="Confidence Level">3</attribute>
      <attribute name="Notes">NA</attribute>
      <attribute name="View">Top-down</attribute>
    </box>
    <box frame="112" outside="0" occluded="0" keyframe="0" xtl="611.20" ytl="483.75" xbr="1280.00" ybr="697.55" z_order="0">
      <attribute name="Sex">Female</attribute>
      <attribute name="Adipose Clipped">No</attribute>
      <attribute name="Injury">No</attribute>
      <attribute name="Confidence Level">3</attribute>
      <attribute name="Notes">NA</attribute>
      <attribute name="View">Top-down</attribute>
    </box>
    <box frame="113" outside="0" occluded="0" keyframe="1" xtl="631.20" ytl="510.00" xbr="1280.00" ybr="697.55" z_order="0">
      <attribute name="Sex">Female</attribute>
      <attribute name="Adipose Clipped">No</attribute>
      <attribute name="Injury">No</attribute>
      <attribute name="Confidence Level">3</attribute>
      <attribute name="Notes">NA</attribute>
      <attribute name="View">Top-down</attribute>
    </box>
    <box frame="114" outside="0" occluded="0" keyframe="0" xtl="672.45" ytl="511.25" xbr="1280.00" ybr="697.55" z_order="0">
      <attribute name="Sex">Female</attribute>
      <attribute name="Adipose Clipped">No</attribute>
      <attribute name="Injury">No</attribute>
      <attribute name="Confidence Level">3</attribute>
      <attribute name="Notes">NA</attribute>
      <attribute name="View">Top-down</attribute>
    </box>
    <box frame="115" outside="0" occluded="0" keyframe="1" xtl="713.70" ytl="512.50" xbr="1280.00" ybr="697.55" z_order="0">
      <attribute name="Sex">Female</attribute>
      <attribute name="Adipose Clipped">No</attribute>
      <attribute name="Injury">No</attribute>
      <attribute name="Confidence Level">3</attribute>
      <attribute name="Notes">NA</attribute>
      <attribute name="View">Top-down</attribute>
    </box>
    <box frame="116" outside="0" occluded="0" keyframe="0" xtl="783.70" ytl="509.35" xbr="1280.00" ybr="697.55" z_order="0">
      <attribute name="Sex">Female</attribute>
      <attribute name="Adipose Clipped">No</attribute>
      <attribute name="Injury">No</attribute>
      <attribute name="Confidence Level">3</attribute>
      <attribute name="Notes">NA</attribute>
      <attribute name="View">Top-down</attribute>
    </box>
    <box frame="117" outside="0" occluded="0" keyframe="1" xtl="853.70" ytl="506.20" xbr="1280.00" ybr="697.55" z_order="0">
      <attribute name="Sex">Female</attribute>
      <attribute name="Adipose Clipped">No</attribute>
      <attribute name="Injury">No</attribute>
      <attribute name="Confidence Level">3</attribute>
      <attribute name="Notes">NA</attribute>
      <attribute name="View">Top-down</attribute>
    </box>
    <box frame="118" outside="0" occluded="0" keyframe="0" xtl="863.10" ytl="510.15" xbr="1280.00" ybr="697.55" z_order="0">
      <attribute name="Sex">Female</attribute>
      <attribute name="Adipose Clipped">No</attribute>
      <attribute name="Injury">No</attribute>
      <attribute name="Confidence Level">3</attribute>
      <attribute name="Notes">NA</attribute>
      <attribute name="View">Top-down</attribute>
    </box>
    <box frame="119" outside="0" occluded="0" keyframe="1" xtl="872.50" ytl="514.10" xbr="1280.00" ybr="697.55" z_order="0">
      <attribute name="Sex">Female</attribute>
      <attribute name="Adipose Clipped">No</attribute>
      <attribute name="Injury">No</attribute>
      <attribute name="Confidence Level">3</attribute>
      <attribute name="Notes">NA</attribute>
      <attribute name="View">Top-down</attribute>
    </box>
    <box frame="120" outside="0" occluded="0" keyframe="1" xtl="1078.70" ytl="561.20" xbr="1280.00" ybr="697.55" z_order="0">
      <attribute name="Sex">Female</attribute>
      <attribute name="Adipose Clipped">No</attribute>
      <attribute name="Injury">No</attribute>
      <attribute name="Confidence Level">3</attribute>
      <attribute name="Notes">NA</attribute>
      <attribute name="View">Top-down</attribute>
    </box>
    <box frame="121" outside="0" occluded="0" keyframe="0" xtl="1056.20" ytl="529.35" xbr="1280.00" ybr="697.55" z_order="0">
      <attribute name="Sex">Female</attribute>
      <attribute name="Adipose Clipped">No</attribute>
      <attribute name="Injury">No</attribute>
      <attribute name="Confidence Level">3</attribute>
      <attribute name="Notes">NA</attribute>
      <attribute name="View">Top-down</attribute>
    </box>
    <box frame="122" outside="0" occluded="0" keyframe="1" xtl="1033.70" ytl="497.50" xbr="1280.00" ybr="697.55" z_order="0">
      <attribute name="Sex">Female</attribute>
      <attribute name="Adipose Clipped">No</attribute>
      <attribute name="Injury">No</attribute>
      <attribute name="Confidence Level">3</attribute>
      <attribute name="Notes">NA</attribute>
      <attribute name="View">Top-down</attribute>
    </box>
    <box frame="123" outside="0" occluded="0" keyframe="1" xtl="1105.00" ytl="538.70" xbr="1280.00" ybr="697.55" z_order="0">
      <attribute name="Sex">Female</attribute>
      <attribute name="Adipose Clipped">No</attribute>
      <attribute name="Injury">No</attribute>
      <attribute name="Confidence Level">3</attribute>
      <attribute name="Notes">NA</attribute>
      <attribute name="View">Top-down</attribute>
    </box>
    <box frame="124" outside="0" occluded="0" keyframe="1" xtl="1171.20" ytl="586.20" xbr="1280.00" ybr="697.55" z_order="0">
      <attribute name="Sex">Female</attribute>
      <attribute name="Adipose Clipped">No</attribute>
      <attribute name="Injury">No</attribute>
      <attribute name="Confidence Level">3</attribute>
      <attribute name="Notes">NA</attribute>
      <attribute name="View">Top-down</attribute>
    </box>
    <box frame="125" outside="1" occluded="0" keyframe="1" xtl="1171.20" ytl="586.20" xbr="1280.00" ybr="697.55" z_order="0">
      <attribute name="Sex">Female</attribute>
      <attribute name="Adipose Clipped">No</attribute>
      <attribute name="Injury">No</attribute>
      <attribute name="Confidence Level">3</attribute>
      <attribute name="Notes">NA</attribute>
      <attribute name="View">Top-down</attribute>
    </box>
  </track>
</annotations>