<?xml version="1.0" encoding="utf-8"?>
<annotations>
  <version>1.1</version>
  <meta>
    <task>
      <id>430</id>
      <name>09-02-2020 18-58-52 M Salmon Camera</name>
      <size>780</size>
      <mode>interpolation</mode>
      <overlap>5</overlap>
      <bugtracker></bugtracker>
      <created>2021-08-05 21:14:39.649004+00:00</created>
      <updated>2021-08-05 21:46:55.967560+00:00</updated>
      <start_frame>0</start_frame>
      <stop_frame>779</stop_frame>
      <frame_filter></frame_filter>
      <labels>
        <label>
          <name>Chinook</name>
          <color>#38794c</color>
          <attributes>
            <attribute>
              <name>Adipose Clipped</name>
              <mutable>False</mutable>
              <input_type>select</input_type>
              <default_value>No</default_value>
              <values>No
Yes
NA</values>
            </attribute>
            <attribute>
              <name>Confidence Level</name>
              <mutable>False</mutable>
              <input_type>select</input_type>
              <default_value>3</default_value>
              <values>3
2
1</values>
            </attribute>
            <attribute>
              <name>Injury</name>
              <mutable>False</mutable>
              <input_type>select</input_type>
              <default_value>No</default_value>
              <values>No
Yes
NA</values>
            </attribute>
            <attribute>
              <name>Notes</name>
              <mutable>False</mutable>
              <input_type>text</input_type>
              <default_value></default_value>
              <values></values>
            </attribute>
            <attribute>
              <name>Sex</name>
              <mutable>False</mutable>
              <input_type>select</input_type>
              <default_value>Male</default_value>
              <values>Male
Female
Jack</values>
            </attribute>
            <attribute>
              <name>View</name>
              <mutable>False</mutable>
              <input_type>select</input_type>
              <default_value>Top-down</default_value>
              <values>Top-down
Side</values>
            </attribute>
          </attributes>
        </label>
        <label>
          <name>Steelhead</name>
          <color>#888888</color>
          <attributes>
            <attribute>
              <name>Adipose Clipped</name>
              <mutable>False</mutable>
              <input_type>select</input_type>
              <default_value>No</default_value>
              <values>No
Yes
NA</values>
            </attribute>
            <attribute>
              <name>Confidence Level</name>
              <mutable>False</mutable>
              <input_type>select</input_type>
              <default_value>3</default_value>
              <values>3
2
1</values>
            </attribute>
            <attribute>
              <name>Injury</name>
              <mutable>False</mutable>
              <input_type>select</input_type>
              <default_value>No</default_value>
              <values>No
Yes
NA</values>
            </attribute>
            <attribute>
              <name>Notes</name>
              <mutable>False</mutable>
              <input_type>text</input_type>
              <default_value></default_value>
              <values></values>
            </attribute>
            <attribute>
              <name>Sex</name>
              <mutable>False</mutable>
              <input_type>select</input_type>
              <default_value>Male</default_value>
              <values>Male
Female</values>
            </attribute>
            <attribute>
              <name>View</name>
              <mutable>False</mutable>
              <input_type>select</input_type>
              <default_value>Top-down</default_value>
              <values>Top-down
Side</values>
            </attribute>
          </attributes>
        </label>
        <label>
          <name>Sockeye</name>
          <color>#f00026</color>
          <attributes>
            <attribute>
              <name>Adipose Clipped</name>
              <mutable>False</mutable>
              <input_type>select</input_type>
              <default_value>No</default_value>
              <values>No
Yes
NA</values>
            </attribute>
            <attribute>
              <name>Confidence Level</name>
              <mutable>False</mutable>
              <input_type>select</input_type>
              <default_value>3</default_value>
              <values>3
2
1</values>
            </attribute>
            <attribute>
              <name>Injury</name>
              <mutable>False</mutable>
              <input_type>select</input_type>
              <default_value>No</default_value>
              <values>No
Yes
NA</values>
            </attribute>
            <attribute>
              <name>Notes</name>
              <mutable>False</mutable>
              <input_type>text</input_type>
              <default_value></default_value>
              <values></values>
            </attribute>
            <attribute>
              <name>Sex</name>
              <mutable>False</mutable>
              <input_type>select</input_type>
              <default_value>Male</default_value>
              <values>Male
Female</values>
            </attribute>
            <attribute>
              <name>View</name>
              <mutable>False</mutable>
              <input_type>select</input_type>
              <default_value>Top-down</default_value>
              <values>Top-down
Side</values>
            </attribute>
          </attributes>
        </label>
        <label>
          <name>Pink</name>
          <color>#fa7dbb</color>
          <attributes>
            <attribute>
              <name>Adipose Clipped</name>
              <mutable>False</mutable>
              <input_type>select</input_type>
              <default_value>No</default_value>
              <values>No
Yes
NA</values>
            </attribute>
            <attribute>
              <name>Confidence Level</name>
              <mutable>False</mutable>
              <input_type>select</input_type>
              <default_value>3</default_value>
              <values>3
2
1</values>
            </attribute>
            <attribute>
              <name>Injury</name>
              <mutable>False</mutable>
              <input_type>select</input_type>
              <default_value>No</default_value>
              <values>No
Yes
NA</values>
            </attribute>
            <attribute>
              <name>Notes</name>
              <mutable>False</mutable>
              <input_type>text</input_type>
              <default_value></default_value>
              <values></values>
            </attribute>
            <attribute>
              <name>Sex</name>
              <mutable>False</mutable>
              <input_type>select</input_type>
              <default_value>Male</default_value>
              <values>Male
Female</values>
            </attribute>
            <attribute>
              <name>View</name>
              <mutable>False</mutable>
              <input_type>select</input_type>
              <default_value>Top-down</default_value>
              <values>Top-down
Side</values>
            </attribute>
          </attributes>
        </label>
        <label>
          <name>Whitefish</name>
          <color>#d8d8db</color>
          <attributes>
            <attribute>
              <name>Adipose Clipped</name>
              <mutable>False</mutable>
              <input_type>select</input_type>
              <default_value>No</default_value>
              <values>No
Yes
NA</values>
            </attribute>
            <attribute>
              <name>Confidence Level</name>
              <mutable>False</mutable>
              <input_type>select</input_type>
              <default_value>3</default_value>
              <values>3
2
1</values>
            </attribute>
            <attribute>
              <name>Injury</name>
              <mutable>False</mutable>
              <input_type>select</input_type>
              <default_value>No</default_value>
              <values>No
Yes
NA</values>
            </attribute>
            <attribute>
              <name>Notes</name>
              <mutable>False</mutable>
              <input_type>text</input_type>
              <default_value></default_value>
              <values></values>
            </attribute>
            <attribute>
              <name>Sex</name>
              <mutable>False</mutable>
              <input_type>select</input_type>
              <default_value>NA</default_value>
              <values>NA</values>
            </attribute>
            <attribute>
              <name>View</name>
              <mutable>False</mutable>
              <input_type>select</input_type>
              <default_value>Top-down</default_value>
              <values>Top-down
Side</values>
            </attribute>
          </attributes>
        </label>
        <label>
          <name>Chum</name>
          <color>#ffcc33</color>
          <attributes>
            <attribute>
              <name>Adipose Clipped</name>
              <mutable>False</mutable>
              <input_type>select</input_type>
              <default_value>No</default_value>
              <values>No
Yes
NA</values>
            </attribute>
            <attribute>
              <name>Confidence Level</name>
              <mutable>False</mutable>
              <input_type>select</input_type>
              <default_value>3</default_value>
              <values>3
2
1</values>
            </attribute>
            <attribute>
              <name>Injury</name>
              <mutable>False</mutable>
              <input_type>select</input_type>
              <default_value>No</default_value>
              <values>No
Yes
NA</values>
            </attribute>
            <attribute>
              <name>Notes</name>
              <mutable>False</mutable>
              <input_type>text</input_type>
              <default_value></default_value>
              <values></values>
            </attribute>
            <attribute>
              <name>Sex</name>
              <mutable>False</mutable>
              <input_type>select</input_type>
              <default_value>Male</default_value>
              <values>Male
Female</values>
            </attribute>
            <attribute>
              <name>View</name>
              <mutable>False</mutable>
              <input_type>select</input_type>
              <default_value>Top-down</default_value>
              <values>Top-down
Side</values>
            </attribute>
          </attributes>
        </label>
        <label>
          <name>Bull</name>
          <color>#3d3df5</color>
          <attributes>
            <attribute>
              <name>Adipose Clipped</name>
              <mutable>False</mutable>
              <input_type>select</input_type>
              <default_value>No</default_value>
              <values>No
NA</values>
            </attribute>
            <attribute>
              <name>Confidence Level</name>
              <mutable>False</mutable>
              <input_type>select</input_type>
              <default_value>3</default_value>
              <values>3
2
1</values>
            </attribute>
            <attribute>
              <name>Injury</name>
              <mutable>False</mutable>
              <input_type>select</input_type>
              <default_value>No</default_value>
              <values>No
Yes
NA</values>
            </attribute>
            <attribute>
              <name>Notes</name>
              <mutable>False</mutable>
              <input_type>text</input_type>
              <default_value>NA</default_value>
              <values>NA</values>
            </attribute>
            <attribute>
              <name>Sex</name>
              <mutable>False</mutable>
              <input_type>select</input_type>
              <default_value>NA</default_value>
              <values>NA</values>
            </attribute>
            <attribute>
              <name>View</name>
              <mutable>False</mutable>
              <input_type>select</input_type>
              <default_value>Top-down</default_value>
              <values>Top-down
Side</values>
            </attribute>
          </attributes>
        </label>
        <label>
          <name>Coho</name>
          <color>#32b7fa</color>
          <attributes>
            <attribute>
              <name>View</name>
              <mutable>False</mutable>
              <input_type>select</input_type>
              <default_value>Top-down</default_value>
              <values>Top-down
Side</values>
            </attribute>
            <attribute>
              <name>Adipose Clipped</name>
              <mutable>False</mutable>
              <input_type>select</input_type>
              <default_value>No</default_value>
              <values>No
Yes
NA</values>
            </attribute>
            <attribute>
              <name>Confidence Level</name>
              <mutable>False</mutable>
              <input_type>select</input_type>
              <default_value>3</default_value>
              <values>3
2
1</values>
            </attribute>
            <attribute>
              <name>Injury</name>
              <mutable>False</mutable>
              <input_type>select</input_type>
              <default_value>No</default_value>
              <values>No
Yes
NA</values>
            </attribute>
            <attribute>
              <name>Notes</name>
              <mutable>False</mutable>
              <input_type>text</input_type>
              <default_value></default_value>
              <values></values>
            </attribute>
            <attribute>
              <name>Sex</name>
              <mutable>False</mutable>
              <input_type>select</input_type>
              <default_value>Male</default_value>
              <values>Male
Female
Jack</values>
            </attribute>
          </attributes>
        </label>
        <label>
          <name>Rainbow</name>
          <color>#ff914d</color>
          <attributes>
            <attribute>
              <name>Adipose Clipped</name>
              <mutable>False</mutable>
              <input_type>select</input_type>
              <default_value>No</default_value>
              <values>No
Yes
NA</values>
            </attribute>
            <attribute>
              <name>Confidence Level</name>
              <mutable>False</mutable>
              <input_type>select</input_type>
              <default_value>3</default_value>
              <values>3
2
1</values>
            </attribute>
            <attribute>
              <name>Injury</name>
              <mutable>False</mutable>
              <input_type>select</input_type>
              <default_value>No</default_value>
              <values>No
Yes
NA</values>
            </attribute>
            <attribute>
              <name>Notes</name>
              <mutable>False</mutable>
              <input_type>text</input_type>
              <default_value></default_value>
              <values></values>
            </attribute>
            <attribute>
              <name>Sex</name>
              <mutable>False</mutable>
              <input_type>select</input_type>
              <default_value>NA</default_value>
              <values>NA
Juvenile</values>
            </attribute>
            <attribute>
              <name>View</name>
              <mutable>False</mutable>
              <input_type>select</input_type>
              <default_value>Top-down</default_value>
              <values>Top-down
Side</values>
            </attribute>
          </attributes>
        </label>
        <label>
          <name>Pikeminnow</name>
          <color>#a16b00</color>
          <attributes>
            <attribute>
              <name>Confidence Level</name>
              <mutable>False</mutable>
              <input_type>select</input_type>
              <default_value>3</default_value>
              <values>3
2
1</values>
            </attribute>
            <attribute>
              <name>Notes</name>
              <mutable>False</mutable>
              <input_type>text</input_type>
              <default_value>NA</default_value>
              <values>NA</values>
            </attribute>
          </attributes>
        </label>
      </labels>
      <segments>
        <segment>
          <id>430</id>
          <start>0</start>
          <stop>779</stop>
          <url>httplocalhost:8080/?id=430</url>
        </segment>
      </segments>
      <owner>
        <username>jtravers</username>
        <email>jtravers@uoregon.edu</email>
      </owner>
      <assignee></assignee>
      <original_size>
        <width>1920</width>
        <height>1080</height>
      </original_size>
    </task>
    <dumped>2021-08-05 21:47:06.658261+00:00</dumped>
    <source>09-02-2020 18-58-52 M Salmon Camera.m4v</source>
  </meta>
  <track id="0" label="Chinook" source="manual">
    <box frame="89" outside="0" occluded="1" keyframe="1" xtl="0.00" ytl="595.03" xbr="84.97" ybr="773.35" z_order="0">
      <attribute name="Adipose Clipped">No</attribute>
      <attribute name="Confidence Level">3</attribute>
      <attribute name="Injury">Yes</attribute>
      <attribute name="Notes">Ripped Tail</attribute>
      <attribute name="Sex">Jack</attribute>
      <attribute name="View">Side</attribute>
    </box>
    <box frame="90" outside="0" occluded="1" keyframe="0" xtl="0.00" ytl="589.85" xbr="111.23" ybr="776.80" z_order="0">
      <attribute name="Adipose Clipped">No</attribute>
      <attribute name="Confidence Level">3</attribute>
      <attribute name="Injury">Yes</attribute>
      <attribute name="Notes">Ripped Tail</attribute>
      <attribute name="Sex">Jack</attribute>
      <attribute name="View">Side</attribute>
    </box>
    <box frame="91" outside="0" occluded="1" keyframe="0" xtl="0.00" ytl="584.67" xbr="137.50" ybr="780.26" z_order="0">
      <attribute name="Adipose Clipped">No</attribute>
      <attribute name="Confidence Level">3</attribute>
      <attribute name="Injury">Yes</attribute>
      <attribute name="Notes">Ripped Tail</attribute>
      <attribute name="Sex">Jack</attribute>
      <attribute name="View">Side</attribute>
    </box>
    <box frame="92" outside="0" occluded="1" keyframe="0" xtl="0.00" ytl="579.48" xbr="163.76" ybr="783.71" z_order="0">
      <attribute name="Adipose Clipped">No</attribute>
      <attribute name="Confidence Level">3</attribute>
      <attribute name="Injury">Yes</attribute>
      <attribute name="Notes">Ripped Tail</attribute>
      <attribute name="Sex">Jack</attribute>
      <attribute name="View">Side</attribute>
    </box>
    <box frame="93" outside="0" occluded="1" keyframe="0" xtl="0.00" ytl="574.30" xbr="190.03" ybr="787.17" z_order="0">
      <attribute name="Adipose Clipped">No</attribute>
      <attribute name="Confidence Level">3</attribute>
      <attribute name="Injury">Yes</attribute>
      <attribute name="Notes">Ripped Tail</attribute>
      <attribute name="Sex">Jack</attribute>
      <attribute name="View">Side</attribute>
    </box>
    <box frame="94" outside="0" occluded="1" keyframe="0" xtl="0.00" ytl="569.12" xbr="216.29" ybr="790.63" z_order="0">
      <attribute name="Adipose Clipped">No</attribute>
      <attribute name="Confidence Level">3</attribute>
      <attribute name="Injury">Yes</attribute>
      <attribute name="Notes">Ripped Tail</attribute>
      <attribute name="Sex">Jack</attribute>
      <attribute name="View">Side</attribute>
    </box>
    <box frame="95" outside="0" occluded="0" keyframe="1" xtl="0.00" ytl="563.93" xbr="242.56" ybr="794.08" z_order="0">
      <attribute name="Adipose Clipped">No</attribute>
      <attribute name="Confidence Level">3</attribute>
      <attribute name="Injury">Yes</attribute>
      <attribute name="Notes">Ripped Tail</attribute>
      <attribute name="Sex">Jack</attribute>
      <attribute name="View">Side</attribute>
    </box>
    <box frame="96" outside="0" occluded="0" keyframe="0" xtl="0.00" ytl="563.93" xbr="271.58" ybr="798.23" z_order="0">
      <attribute name="Adipose Clipped">No</attribute>
      <attribute name="Confidence Level">3</attribute>
      <attribute name="Injury">Yes</attribute>
      <attribute name="Notes">Ripped Tail</attribute>
      <attribute name="Sex">Jack</attribute>
      <attribute name="View">Side</attribute>
    </box>
    <box frame="97" outside="0" occluded="0" keyframe="0" xtl="0.00" ytl="563.93" xbr="300.61" ybr="802.39" z_order="0">
      <attribute name="Adipose Clipped">No</attribute>
      <attribute name="Confidence Level">3</attribute>
      <attribute name="Injury">Yes</attribute>
      <attribute name="Notes">Ripped Tail</attribute>
      <attribute name="Sex">Jack</attribute>
      <attribute name="View">Side</attribute>
    </box>
    <box frame="98" outside="0" occluded="0" keyframe="0" xtl="0.00" ytl="563.93" xbr="329.63" ybr="806.54" z_order="0">
      <attribute name="Adipose Clipped">No</attribute>
      <attribute name="Confidence Level">3</attribute>
      <attribute name="Injury">Yes</attribute>
      <attribute name="Notes">Ripped Tail</attribute>
      <attribute name="Sex">Jack</attribute>
      <attribute name="View">Side</attribute>
    </box>
    <box frame="99" outside="0" occluded="0" keyframe="0" xtl="0.00" ytl="563.93" xbr="358.66" ybr="810.69" z_order="0">
      <attribute name="Adipose Clipped">No</attribute>
      <attribute name="Confidence Level">3</attribute>
      <attribute name="Injury">Yes</attribute>
      <attribute name="Notes">Ripped Tail</attribute>
      <attribute name="Sex">Jack</attribute>
      <attribute name="View">Side</attribute>
    </box>
    <box frame="100" outside="0" occluded="0" keyframe="0" xtl="0.00" ytl="563.93" xbr="387.68" ybr="814.84" z_order="0">
      <attribute name="Adipose Clipped">No</attribute>
      <attribute name="Confidence Level">3</attribute>
      <attribute name="Injury">Yes</attribute>
      <attribute name="Notes">Ripped Tail</attribute>
      <attribute name="Sex">Jack</attribute>
      <attribute name="View">Side</attribute>
    </box>
    <box frame="101" outside="0" occluded="0" keyframe="0" xtl="0.00" ytl="563.93" xbr="416.70" ybr="818.99" z_order="0">
      <attribute name="Adipose Clipped">No</attribute>
      <attribute name="Confidence Level">3</attribute>
      <attribute name="Injury">Yes</attribute>
      <attribute name="Notes">Ripped Tail</attribute>
      <attribute name="Sex">Jack</attribute>
      <attribute name="View">Side</attribute>
    </box>
    <box frame="102" outside="0" occluded="0" keyframe="0" xtl="0.00" ytl="563.93" xbr="445.73" ybr="823.14" z_order="0">
      <attribute name="Adipose Clipped">No</attribute>
      <attribute name="Confidence Level">3</attribute>
      <attribute name="Injury">Yes</attribute>
      <attribute name="Notes">Ripped Tail</attribute>
      <attribute name="Sex">Jack</attribute>
      <attribute name="View">Side</attribute>
    </box>
    <box frame="103" outside="0" occluded="0" keyframe="0" xtl="0.00" ytl="563.93" xbr="474.75" ybr="827.30" z_order="0">
      <attribute name="Adipose Clipped">No</attribute>
      <attribute name="Confidence Level">3</attribute>
      <attribute name="Injury">Yes</attribute>
      <attribute name="Notes">Ripped Tail</attribute>
      <attribute name="Sex">Jack</attribute>
      <attribute name="View">Side</attribute>
    </box>
    <box frame="104" outside="0" occluded="0" keyframe="0" xtl="0.00" ytl="563.93" xbr="503.78" ybr="831.45" z_order="0">
      <attribute name="Adipose Clipped">No</attribute>
      <attribute name="Confidence Level">3</attribute>
      <attribute name="Injury">Yes</attribute>
      <attribute name="Notes">Ripped Tail</attribute>
      <attribute name="Sex">Jack</attribute>
      <attribute name="View">Side</attribute>
    </box>
    <box frame="105" outside="0" occluded="0" keyframe="1" xtl="0.00" ytl="563.93" xbr="532.80" ybr="835.60" z_order="0">
      <attribute name="Adipose Clipped">No</attribute>
      <attribute name="Confidence Level">3</attribute>
      <attribute name="Injury">Yes</attribute>
      <attribute name="Notes">Ripped Tail</attribute>
      <attribute name="Sex">Jack</attribute>
      <attribute name="View">Side</attribute>
    </box>
    <box frame="106" outside="0" occluded="0" keyframe="0" xtl="0.00" ytl="563.93" xbr="564.52" ybr="838.50" z_order="0">
      <attribute name="Adipose Clipped">No</attribute>
      <attribute name="Confidence Level">3</attribute>
      <attribute name="Injury">Yes</attribute>
      <attribute name="Notes">Ripped Tail</attribute>
      <attribute name="Sex">Jack</attribute>
      <attribute name="View">Side</attribute>
    </box>
    <box frame="107" outside="0" occluded="0" keyframe="0" xtl="0.00" ytl="563.93" xbr="596.24" ybr="841.40" z_order="0">
      <attribute name="Adipose Clipped">No</attribute>
      <attribute name="Confidence Level">3</attribute>
      <attribute name="Injury">Yes</attribute>
      <attribute name="Notes">Ripped Tail</attribute>
      <attribute name="Sex">Jack</attribute>
      <attribute name="View">Side</attribute>
    </box>
    <box frame="108" outside="0" occluded="0" keyframe="0" xtl="0.00" ytl="563.93" xbr="627.96" ybr="844.30" z_order="0">
      <attribute name="Adipose Clipped">No</attribute>
      <attribute name="Confidence Level">3</attribute>
      <attribute name="Injury">Yes</attribute>
      <attribute name="Notes">Ripped Tail</attribute>
      <attribute name="Sex">Jack</attribute>
      <attribute name="View">Side</attribute>
    </box>
    <box frame="109" outside="0" occluded="0" keyframe="0" xtl="0.00" ytl="563.93" xbr="659.68" ybr="847.20" z_order="0">
      <attribute name="Adipose Clipped">No</attribute>
      <attribute name="Confidence Level">3</attribute>
      <attribute name="Injury">Yes</attribute>
      <attribute name="Notes">Ripped Tail</attribute>
      <attribute name="Sex">Jack</attribute>
      <attribute name="View">Side</attribute>
    </box>
    <box frame="110" outside="0" occluded="0" keyframe="0" xtl="0.00" ytl="563.93" xbr="691.40" ybr="850.10" z_order="0">
      <attribute name="Adipose Clipped">No</attribute>
      <attribute name="Confidence Level">3</attribute>
      <attribute name="Injury">Yes</attribute>
      <attribute name="Notes">Ripped Tail</attribute>
      <attribute name="Sex">Jack</attribute>
      <attribute name="View">Side</attribute>
    </box>
    <box frame="111" outside="0" occluded="0" keyframe="0" xtl="0.00" ytl="563.93" xbr="723.12" ybr="853.00" z_order="0">
      <attribute name="Adipose Clipped">No</attribute>
      <attribute name="Confidence Level">3</attribute>
      <attribute name="Injury">Yes</attribute>
      <attribute name="Notes">Ripped Tail</attribute>
      <attribute name="Sex">Jack</attribute>
      <attribute name="View">Side</attribute>
    </box>
    <box frame="112" outside="0" occluded="0" keyframe="0" xtl="0.00" ytl="563.93" xbr="754.84" ybr="855.90" z_order="0">
      <attribute name="Adipose Clipped">No</attribute>
      <attribute name="Confidence Level">3</attribute>
      <attribute name="Injury">Yes</attribute>
      <attribute name="Notes">Ripped Tail</attribute>
      <attribute name="Sex">Jack</attribute>
      <attribute name="View">Side</attribute>
    </box>
    <box frame="113" outside="0" occluded="0" keyframe="0" xtl="0.00" ytl="563.93" xbr="786.56" ybr="858.80" z_order="0">
      <attribute name="Adipose Clipped">No</attribute>
      <attribute name="Confidence Level">3</attribute>
      <attribute name="Injury">Yes</attribute>
      <attribute name="Notes">Ripped Tail</attribute>
      <attribute name="Sex">Jack</attribute>
      <attribute name="View">Side</attribute>
    </box>
    <box frame="114" outside="0" occluded="0" keyframe="0" xtl="0.00" ytl="563.93" xbr="818.28" ybr="861.70" z_order="0">
      <attribute name="Adipose Clipped">No</attribute>
      <attribute name="Confidence Level">3</attribute>
      <attribute name="Injury">Yes</attribute>
      <attribute name="Notes">Ripped Tail</attribute>
      <attribute name="Sex">Jack</attribute>
      <attribute name="View">Side</attribute>
    </box>
    <box frame="115" outside="0" occluded="0" keyframe="1" xtl="0.00" ytl="563.93" xbr="850.00" ybr="864.60" z_order="0">
      <attribute name="Adipose Clipped">No</attribute>
      <attribute name="Confidence Level">3</attribute>
      <attribute name="Injury">Yes</attribute>
      <attribute name="Notes">Ripped Tail</attribute>
      <attribute name="Sex">Jack</attribute>
      <attribute name="View">Side</attribute>
    </box>
    <box frame="116" outside="0" occluded="0" keyframe="0" xtl="0.00" ytl="551.91" xbr="898.73" ybr="864.60" z_order="0">
      <attribute name="Adipose Clipped">No</attribute>
      <attribute name="Confidence Level">3</attribute>
      <attribute name="Injury">Yes</attribute>
      <attribute name="Notes">Ripped Tail</attribute>
      <attribute name="Sex">Jack</attribute>
      <attribute name="View">Side</attribute>
    </box>
    <box frame="117" outside="0" occluded="0" keyframe="0" xtl="0.00" ytl="539.89" xbr="947.46" ybr="864.60" z_order="0">
      <attribute name="Adipose Clipped">No</attribute>
      <attribute name="Confidence Level">3</attribute>
      <attribute name="Injury">Yes</attribute>
      <attribute name="Notes">Ripped Tail</attribute>
      <attribute name="Sex">Jack</attribute>
      <attribute name="View">Side</attribute>
    </box>
    <box frame="118" outside="0" occluded="0" keyframe="0" xtl="0.00" ytl="527.86" xbr="996.19" ybr="864.60" z_order="0">
      <attribute name="Adipose Clipped">No</attribute>
      <attribute name="Confidence Level">3</attribute>
      <attribute name="Injury">Yes</attribute>
      <attribute name="Notes">Ripped Tail</attribute>
      <attribute name="Sex">Jack</attribute>
      <attribute name="View">Side</attribute>
    </box>
    <box frame="119" outside="0" occluded="0" keyframe="0" xtl="0.00" ytl="515.84" xbr="1044.92" ybr="864.60" z_order="0">
      <attribute name="Adipose Clipped">No</attribute>
      <attribute name="Confidence Level">3</attribute>
      <attribute name="Injury">Yes</attribute>
      <attribute name="Notes">Ripped Tail</attribute>
      <attribute name="Sex">Jack</attribute>
      <attribute name="View">Side</attribute>
    </box>
    <box frame="120" outside="0" occluded="0" keyframe="0" xtl="0.00" ytl="503.82" xbr="1093.65" ybr="864.60" z_order="0">
      <attribute name="Adipose Clipped">No</attribute>
      <attribute name="Confidence Level">3</attribute>
      <attribute name="Injury">Yes</attribute>
      <attribute name="Notes">Ripped Tail</attribute>
      <attribute name="Sex">Jack</attribute>
      <attribute name="View">Side</attribute>
    </box>
    <box frame="121" outside="0" occluded="0" keyframe="0" xtl="0.00" ytl="491.79" xbr="1142.38" ybr="864.60" z_order="0">
      <attribute name="Adipose Clipped">No</attribute>
      <attribute name="Confidence Level">3</attribute>
      <attribute name="Injury">Yes</attribute>
      <attribute name="Notes">Ripped Tail</attribute>
      <attribute name="Sex">Jack</attribute>
      <attribute name="View">Side</attribute>
    </box>
    <box frame="122" outside="0" occluded="0" keyframe="0" xtl="0.00" ytl="479.77" xbr="1191.11" ybr="864.60" z_order="0">
      <attribute name="Adipose Clipped">No</attribute>
      <attribute name="Confidence Level">3</attribute>
      <attribute name="Injury">Yes</attribute>
      <attribute name="Notes">Ripped Tail</attribute>
      <attribute name="Sex">Jack</attribute>
      <attribute name="View">Side</attribute>
    </box>
    <box frame="123" outside="0" occluded="0" keyframe="0" xtl="0.00" ytl="467.75" xbr="1239.84" ybr="864.60" z_order="0">
      <attribute name="Adipose Clipped">No</attribute>
      <attribute name="Confidence Level">3</attribute>
      <attribute name="Injury">Yes</attribute>
      <attribute name="Notes">Ripped Tail</attribute>
      <attribute name="Sex">Jack</attribute>
      <attribute name="View">Side</attribute>
    </box>
    <box frame="124" outside="0" occluded="0" keyframe="0" xtl="0.00" ytl="455.72" xbr="1288.57" ybr="864.60" z_order="0">
      <attribute name="Adipose Clipped">No</attribute>
      <attribute name="Confidence Level">3</attribute>
      <attribute name="Injury">Yes</attribute>
      <attribute name="Notes">Ripped Tail</attribute>
      <attribute name="Sex">Jack</attribute>
      <attribute name="View">Side</attribute>
    </box>
    <box frame="125" outside="0" occluded="0" keyframe="1" xtl="0.00" ytl="443.70" xbr="1337.30" ybr="864.60" z_order="0">
      <attribute name="Adipose Clipped">No</attribute>
      <attribute name="Confidence Level">3</attribute>
      <attribute name="Injury">Yes</attribute>
      <attribute name="Notes">Ripped Tail</attribute>
      <attribute name="Sex">Jack</attribute>
      <attribute name="View">Side</attribute>
    </box>
    <box frame="126" outside="0" occluded="0" keyframe="0" xtl="17.62" ytl="437.69" xbr="1378.56" ybr="865.64" z_order="0">
      <attribute name="Adipose Clipped">No</attribute>
      <attribute name="Confidence Level">3</attribute>
      <attribute name="Injury">Yes</attribute>
      <attribute name="Notes">Ripped Tail</attribute>
      <attribute name="Sex">Jack</attribute>
      <attribute name="View">Side</attribute>
    </box>
    <box frame="127" outside="0" occluded="0" keyframe="0" xtl="35.25" ytl="431.67" xbr="1419.82" ybr="866.68" z_order="0">
      <attribute name="Adipose Clipped">No</attribute>
      <attribute name="Confidence Level">3</attribute>
      <attribute name="Injury">Yes</attribute>
      <attribute name="Notes">Ripped Tail</attribute>
      <attribute name="Sex">Jack</attribute>
      <attribute name="View">Side</attribute>
    </box>
    <box frame="128" outside="0" occluded="0" keyframe="0" xtl="52.87" ytl="425.66" xbr="1461.08" ybr="867.72" z_order="0">
      <attribute name="Adipose Clipped">No</attribute>
      <attribute name="Confidence Level">3</attribute>
      <attribute name="Injury">Yes</attribute>
      <attribute name="Notes">Ripped Tail</attribute>
      <attribute name="Sex">Jack</attribute>
      <attribute name="View">Side</attribute>
    </box>
    <box frame="129" outside="0" occluded="0" keyframe="0" xtl="70.50" ytl="419.65" xbr="1502.34" ybr="868.76" z_order="0">
      <attribute name="Adipose Clipped">No</attribute>
      <attribute name="Confidence Level">3</attribute>
      <attribute name="Injury">Yes</attribute>
      <attribute name="Notes">Ripped Tail</attribute>
      <attribute name="Sex">Jack</attribute>
      <attribute name="View">Side</attribute>
    </box>
    <box frame="130" outside="0" occluded="0" keyframe="0" xtl="88.12" ytl="413.64" xbr="1543.60" ybr="869.80" z_order="0">
      <attribute name="Adipose Clipped">No</attribute>
      <attribute name="Confidence Level">3</attribute>
      <attribute name="Injury">Yes</attribute>
      <attribute name="Notes">Ripped Tail</attribute>
      <attribute name="Sex">Jack</attribute>
      <attribute name="View">Side</attribute>
    </box>
    <box frame="131" outside="0" occluded="0" keyframe="0" xtl="105.75" ytl="407.62" xbr="1584.86" ybr="870.84" z_order="0">
      <attribute name="Adipose Clipped">No</attribute>
      <attribute name="Confidence Level">3</attribute>
      <attribute name="Injury">Yes</attribute>
      <attribute name="Notes">Ripped Tail</attribute>
      <attribute name="Sex">Jack</attribute>
      <attribute name="View">Side</attribute>
    </box>
    <box frame="132" outside="0" occluded="0" keyframe="0" xtl="123.37" ytl="401.61" xbr="1626.12" ybr="871.88" z_order="0">
      <attribute name="Adipose Clipped">No</attribute>
      <attribute name="Confidence Level">3</attribute>
      <attribute name="Injury">Yes</attribute>
      <attribute name="Notes">Ripped Tail</attribute>
      <attribute name="Sex">Jack</attribute>
      <attribute name="View">Side</attribute>
    </box>
    <box frame="133" outside="0" occluded="0" keyframe="0" xtl="140.99" ytl="395.60" xbr="1667.38" ybr="872.92" z_order="0">
      <attribute name="Adipose Clipped">No</attribute>
      <attribute name="Confidence Level">3</attribute>
      <attribute name="Injury">Yes</attribute>
      <attribute name="Notes">Ripped Tail</attribute>
      <attribute name="Sex">Jack</attribute>
      <attribute name="View">Side</attribute>
    </box>
    <box frame="134" outside="0" occluded="0" keyframe="0" xtl="158.62" ytl="389.58" xbr="1708.64" ybr="873.96" z_order="0">
      <attribute name="Adipose Clipped">No</attribute>
      <attribute name="Confidence Level">3</attribute>
      <attribute name="Injury">Yes</attribute>
      <attribute name="Notes">Ripped Tail</attribute>
      <attribute name="Sex">Jack</attribute>
      <attribute name="View">Side</attribute>
    </box>
    <box frame="135" outside="0" occluded="0" keyframe="1" xtl="176.24" ytl="383.57" xbr="1749.90" ybr="875.00" z_order="0">
      <attribute name="Adipose Clipped">No</attribute>
      <attribute name="Confidence Level">3</attribute>
      <attribute name="Injury">Yes</attribute>
      <attribute name="Notes">Ripped Tail</attribute>
      <attribute name="Sex">Jack</attribute>
      <attribute name="View">Side</attribute>
    </box>
    <box frame="136" outside="0" occluded="0" keyframe="0" xtl="196.98" ytl="375.69" xbr="1766.91" ybr="867.12" z_order="0">
      <attribute name="Adipose Clipped">No</attribute>
      <attribute name="Confidence Level">3</attribute>
      <attribute name="Injury">Yes</attribute>
      <attribute name="Notes">Ripped Tail</attribute>
      <attribute name="Sex">Jack</attribute>
      <attribute name="View">Side</attribute>
    </box>
    <box frame="137" outside="0" occluded="0" keyframe="0" xtl="217.71" ytl="367.81" xbr="1783.92" ybr="859.24" z_order="0">
      <attribute name="Adipose Clipped">No</attribute>
      <attribute name="Confidence Level">3</attribute>
      <attribute name="Injury">Yes</attribute>
      <attribute name="Notes">Ripped Tail</attribute>
      <attribute name="Sex">Jack</attribute>
      <attribute name="View">Side</attribute>
    </box>
    <box frame="138" outside="0" occluded="0" keyframe="0" xtl="238.45" ytl="359.93" xbr="1800.93" ybr="851.36" z_order="0">
      <attribute name="Adipose Clipped">No</attribute>
      <attribute name="Confidence Level">3</attribute>
      <attribute name="Injury">Yes</attribute>
      <attribute name="Notes">Ripped Tail</attribute>
      <attribute name="Sex">Jack</attribute>
      <attribute name="View">Side</attribute>
    </box>
    <box frame="139" outside="0" occluded="0" keyframe="0" xtl="259.18" ytl="352.05" xbr="1817.94" ybr="843.48" z_order="0">
      <attribute name="Adipose Clipped">No</attribute>
      <attribute name="Confidence Level">3</attribute>
      <attribute name="Injury">Yes</attribute>
      <attribute name="Notes">Ripped Tail</attribute>
      <attribute name="Sex">Jack</attribute>
      <attribute name="View">Side</attribute>
    </box>
    <box frame="140" outside="0" occluded="0" keyframe="0" xtl="279.91" ytl="344.18" xbr="1834.95" ybr="835.60" z_order="0">
      <attribute name="Adipose Clipped">No</attribute>
      <attribute name="Confidence Level">3</attribute>
      <attribute name="Injury">Yes</attribute>
      <attribute name="Notes">Ripped Tail</attribute>
      <attribute name="Sex">Jack</attribute>
      <attribute name="View">Side</attribute>
    </box>
    <box frame="141" outside="0" occluded="0" keyframe="0" xtl="300.65" ytl="336.30" xbr="1851.96" ybr="827.73" z_order="0">
      <attribute name="Adipose Clipped">No</attribute>
      <attribute name="Confidence Level">3</attribute>
      <attribute name="Injury">Yes</attribute>
      <attribute name="Notes">Ripped Tail</attribute>
      <attribute name="Sex">Jack</attribute>
      <attribute name="View">Side</attribute>
    </box>
    <box frame="142" outside="0" occluded="0" keyframe="0" xtl="321.38" ytl="328.42" xbr="1868.97" ybr="819.85" z_order="0">
      <attribute name="Adipose Clipped">No</attribute>
      <attribute name="Confidence Level">3</attribute>
      <attribute name="Injury">Yes</attribute>
      <attribute name="Notes">Ripped Tail</attribute>
      <attribute name="Sex">Jack</attribute>
      <attribute name="View">Side</attribute>
    </box>
    <box frame="143" outside="0" occluded="0" keyframe="0" xtl="342.12" ytl="320.54" xbr="1885.98" ybr="811.97" z_order="0">
      <attribute name="Adipose Clipped">No</attribute>
      <attribute name="Confidence Level">3</attribute>
      <attribute name="Injury">Yes</attribute>
      <attribute name="Notes">Ripped Tail</attribute>
      <attribute name="Sex">Jack</attribute>
      <attribute name="View">Side</attribute>
    </box>
    <box frame="144" outside="0" occluded="0" keyframe="0" xtl="362.85" ytl="312.66" xbr="1902.99" ybr="804.09" z_order="0">
      <attribute name="Adipose Clipped">No</attribute>
      <attribute name="Confidence Level">3</attribute>
      <attribute name="Injury">Yes</attribute>
      <attribute name="Notes">Ripped Tail</attribute>
      <attribute name="Sex">Jack</attribute>
      <attribute name="View">Side</attribute>
    </box>
    <box frame="145" outside="0" occluded="0" keyframe="1" xtl="383.58" ytl="304.78" xbr="1920.00" ybr="796.21" z_order="0">
      <attribute name="Adipose Clipped">No</attribute>
      <attribute name="Confidence Level">3</attribute>
      <attribute name="Injury">Yes</attribute>
      <attribute name="Notes">Ripped Tail</attribute>
      <attribute name="Sex">Jack</attribute>
      <attribute name="View">Side</attribute>
    </box>
    <box frame="146" outside="0" occluded="0" keyframe="0" xtl="410.12" ytl="307.06" xbr="1920.00" ybr="798.49" z_order="0">
      <attribute name="Adipose Clipped">No</attribute>
      <attribute name="Confidence Level">3</attribute>
      <attribute name="Injury">Yes</attribute>
      <attribute name="Notes">Ripped Tail</attribute>
      <attribute name="Sex">Jack</attribute>
      <attribute name="View">Side</attribute>
    </box>
    <box frame="147" outside="0" occluded="0" keyframe="0" xtl="436.66" ytl="309.34" xbr="1920.00" ybr="800.77" z_order="0">
      <attribute name="Adipose Clipped">No</attribute>
      <attribute name="Confidence Level">3</attribute>
      <attribute name="Injury">Yes</attribute>
      <attribute name="Notes">Ripped Tail</attribute>
      <attribute name="Sex">Jack</attribute>
      <attribute name="View">Side</attribute>
    </box>
    <box frame="148" outside="0" occluded="0" keyframe="0" xtl="463.20" ytl="311.62" xbr="1920.00" ybr="803.05" z_order="0">
      <attribute name="Adipose Clipped">No</attribute>
      <attribute name="Confidence Level">3</attribute>
      <attribute name="Injury">Yes</attribute>
      <attribute name="Notes">Ripped Tail</attribute>
      <attribute name="Sex">Jack</attribute>
      <attribute name="View">Side</attribute>
    </box>
    <box frame="149" outside="0" occluded="0" keyframe="0" xtl="489.74" ytl="313.90" xbr="1920.00" ybr="805.33" z_order="0">
      <attribute name="Adipose Clipped">No</attribute>
      <attribute name="Confidence Level">3</attribute>
      <attribute name="Injury">Yes</attribute>
      <attribute name="Notes">Ripped Tail</attribute>
      <attribute name="Sex">Jack</attribute>
      <attribute name="View">Side</attribute>
    </box>
    <box frame="150" outside="0" occluded="0" keyframe="0" xtl="516.28" ytl="316.18" xbr="1920.00" ybr="807.61" z_order="0">
      <attribute name="Adipose Clipped">No</attribute>
      <attribute name="Confidence Level">3</attribute>
      <attribute name="Injury">Yes</attribute>
      <attribute name="Notes">Ripped Tail</attribute>
      <attribute name="Sex">Jack</attribute>
      <attribute name="View">Side</attribute>
    </box>
    <box frame="151" outside="0" occluded="0" keyframe="0" xtl="542.82" ytl="318.46" xbr="1920.00" ybr="809.89" z_order="0">
      <attribute name="Adipose Clipped">No</attribute>
      <attribute name="Confidence Level">3</attribute>
      <attribute name="Injury">Yes</attribute>
      <attribute name="Notes">Ripped Tail</attribute>
      <attribute name="Sex">Jack</attribute>
      <attribute name="View">Side</attribute>
    </box>
    <box frame="152" outside="0" occluded="0" keyframe="0" xtl="569.36" ytl="320.75" xbr="1920.00" ybr="812.18" z_order="0">
      <attribute name="Adipose Clipped">No</attribute>
      <attribute name="Confidence Level">3</attribute>
      <attribute name="Injury">Yes</attribute>
      <attribute name="Notes">Ripped Tail</attribute>
      <attribute name="Sex">Jack</attribute>
      <attribute name="View">Side</attribute>
    </box>
    <box frame="153" outside="0" occluded="0" keyframe="0" xtl="595.90" ytl="323.03" xbr="1920.00" ybr="814.46" z_order="0">
      <attribute name="Adipose Clipped">No</attribute>
      <attribute name="Confidence Level">3</attribute>
      <attribute name="Injury">Yes</attribute>
      <attribute name="Notes">Ripped Tail</attribute>
      <attribute name="Sex">Jack</attribute>
      <attribute name="View">Side</attribute>
    </box>
    <box frame="154" outside="0" occluded="0" keyframe="0" xtl="622.44" ytl="325.31" xbr="1920.00" ybr="816.74" z_order="0">
      <attribute name="Adipose Clipped">No</attribute>
      <attribute name="Confidence Level">3</attribute>
      <attribute name="Injury">Yes</attribute>
      <attribute name="Notes">Ripped Tail</attribute>
      <attribute name="Sex">Jack</attribute>
      <attribute name="View">Side</attribute>
    </box>
    <box frame="155" outside="0" occluded="0" keyframe="1" xtl="648.98" ytl="327.59" xbr="1920.00" ybr="819.02" z_order="0">
      <attribute name="Adipose Clipped">No</attribute>
      <attribute name="Confidence Level">3</attribute>
      <attribute name="Injury">Yes</attribute>
      <attribute name="Notes">Ripped Tail</attribute>
      <attribute name="Sex">Jack</attribute>
      <attribute name="View">Side</attribute>
    </box>
    <box frame="156" outside="0" occluded="0" keyframe="0" xtl="669.93" ytl="339.61" xbr="1920.00" ybr="822.54" z_order="0">
      <attribute name="Adipose Clipped">No</attribute>
      <attribute name="Confidence Level">3</attribute>
      <attribute name="Injury">Yes</attribute>
      <attribute name="Notes">Ripped Tail</attribute>
      <attribute name="Sex">Jack</attribute>
      <attribute name="View">Side</attribute>
    </box>
    <box frame="157" outside="0" occluded="0" keyframe="0" xtl="690.87" ytl="351.63" xbr="1920.00" ybr="826.07" z_order="0">
      <attribute name="Adipose Clipped">No</attribute>
      <attribute name="Confidence Level">3</attribute>
      <attribute name="Injury">Yes</attribute>
      <attribute name="Notes">Ripped Tail</attribute>
      <attribute name="Sex">Jack</attribute>
      <attribute name="View">Side</attribute>
    </box>
    <box frame="158" outside="0" occluded="0" keyframe="0" xtl="711.81" ytl="363.65" xbr="1920.00" ybr="829.59" z_order="0">
      <attribute name="Adipose Clipped">No</attribute>
      <attribute name="Confidence Level">3</attribute>
      <attribute name="Injury">Yes</attribute>
      <attribute name="Notes">Ripped Tail</attribute>
      <attribute name="Sex">Jack</attribute>
      <attribute name="View">Side</attribute>
    </box>
    <box frame="159" outside="0" occluded="0" keyframe="0" xtl="732.75" ytl="375.67" xbr="1920.00" ybr="833.12" z_order="0">
      <attribute name="Adipose Clipped">No</attribute>
      <attribute name="Confidence Level">3</attribute>
      <attribute name="Injury">Yes</attribute>
      <attribute name="Notes">Ripped Tail</attribute>
      <attribute name="Sex">Jack</attribute>
      <attribute name="View">Side</attribute>
    </box>
    <box frame="160" outside="0" occluded="0" keyframe="0" xtl="753.69" ytl="387.69" xbr="1920.00" ybr="836.64" z_order="0">
      <attribute name="Adipose Clipped">No</attribute>
      <attribute name="Confidence Level">3</attribute>
      <attribute name="Injury">Yes</attribute>
      <attribute name="Notes">Ripped Tail</attribute>
      <attribute name="Sex">Jack</attribute>
      <attribute name="View">Side</attribute>
    </box>
    <box frame="161" outside="0" occluded="0" keyframe="0" xtl="774.63" ytl="399.72" xbr="1920.00" ybr="840.17" z_order="0">
      <attribute name="Adipose Clipped">No</attribute>
      <attribute name="Confidence Level">3</attribute>
      <attribute name="Injury">Yes</attribute>
      <attribute name="Notes">Ripped Tail</attribute>
      <attribute name="Sex">Jack</attribute>
      <attribute name="View">Side</attribute>
    </box>
    <box frame="162" outside="0" occluded="0" keyframe="0" xtl="795.58" ytl="411.74" xbr="1920.00" ybr="843.69" z_order="0">
      <attribute name="Adipose Clipped">No</attribute>
      <attribute name="Confidence Level">3</attribute>
      <attribute name="Injury">Yes</attribute>
      <attribute name="Notes">Ripped Tail</attribute>
      <attribute name="Sex">Jack</attribute>
      <attribute name="View">Side</attribute>
    </box>
    <box frame="163" outside="0" occluded="0" keyframe="0" xtl="816.52" ytl="423.76" xbr="1920.00" ybr="847.22" z_order="0">
      <attribute name="Adipose Clipped">No</attribute>
      <attribute name="Confidence Level">3</attribute>
      <attribute name="Injury">Yes</attribute>
      <attribute name="Notes">Ripped Tail</attribute>
      <attribute name="Sex">Jack</attribute>
      <attribute name="View">Side</attribute>
    </box>
    <box frame="164" outside="0" occluded="0" keyframe="0" xtl="837.46" ytl="435.78" xbr="1920.00" ybr="850.74" z_order="0">
      <attribute name="Adipose Clipped">No</attribute>
      <attribute name="Confidence Level">3</attribute>
      <attribute name="Injury">Yes</attribute>
      <attribute name="Notes">Ripped Tail</attribute>
      <attribute name="Sex">Jack</attribute>
      <attribute name="View">Side</attribute>
    </box>
    <box frame="165" outside="0" occluded="0" keyframe="1" xtl="858.40" ytl="447.80" xbr="1920.00" ybr="854.27" z_order="0">
      <attribute name="Adipose Clipped">No</attribute>
      <attribute name="Confidence Level">3</attribute>
      <attribute name="Injury">Yes</attribute>
      <attribute name="Notes">Ripped Tail</attribute>
      <attribute name="Sex">Jack</attribute>
      <attribute name="View">Side</attribute>
    </box>
    <box frame="166" outside="0" occluded="0" keyframe="0" xtl="878.93" ytl="449.67" xbr="1920.00" ybr="856.13" z_order="0">
      <attribute name="Adipose Clipped">No</attribute>
      <attribute name="Confidence Level">3</attribute>
      <attribute name="Injury">Yes</attribute>
      <attribute name="Notes">Ripped Tail</attribute>
      <attribute name="Sex">Jack</attribute>
      <attribute name="View">Side</attribute>
    </box>
    <box frame="167" outside="0" occluded="0" keyframe="0" xtl="899.45" ytl="451.53" xbr="1920.00" ybr="858.00" z_order="0">
      <attribute name="Adipose Clipped">No</attribute>
      <attribute name="Confidence Level">3</attribute>
      <attribute name="Injury">Yes</attribute>
      <attribute name="Notes">Ripped Tail</attribute>
      <attribute name="Sex">Jack</attribute>
      <attribute name="View">Side</attribute>
    </box>
    <box frame="168" outside="0" occluded="0" keyframe="0" xtl="919.98" ytl="453.40" xbr="1920.00" ybr="859.86" z_order="0">
      <attribute name="Adipose Clipped">No</attribute>
      <attribute name="Confidence Level">3</attribute>
      <attribute name="Injury">Yes</attribute>
      <attribute name="Notes">Ripped Tail</attribute>
      <attribute name="Sex">Jack</attribute>
      <attribute name="View">Side</attribute>
    </box>
    <box frame="169" outside="0" occluded="0" keyframe="0" xtl="940.51" ytl="455.26" xbr="1920.00" ybr="861.73" z_order="0">
      <attribute name="Adipose Clipped">No</attribute>
      <attribute name="Confidence Level">3</attribute>
      <attribute name="Injury">Yes</attribute>
      <attribute name="Notes">Ripped Tail</attribute>
      <attribute name="Sex">Jack</attribute>
      <attribute name="View">Side</attribute>
    </box>
    <box frame="170" outside="0" occluded="0" keyframe="0" xtl="961.03" ytl="457.13" xbr="1920.00" ybr="863.60" z_order="0">
      <attribute name="Adipose Clipped">No</attribute>
      <attribute name="Confidence Level">3</attribute>
      <attribute name="Injury">Yes</attribute>
      <attribute name="Notes">Ripped Tail</attribute>
      <attribute name="Sex">Jack</attribute>
      <attribute name="View">Side</attribute>
    </box>
    <box frame="171" outside="0" occluded="0" keyframe="0" xtl="981.56" ytl="459.00" xbr="1920.00" ybr="865.46" z_order="0">
      <attribute name="Adipose Clipped">No</attribute>
      <attribute name="Confidence Level">3</attribute>
      <attribute name="Injury">Yes</attribute>
      <attribute name="Notes">Ripped Tail</attribute>
      <attribute name="Sex">Jack</attribute>
      <attribute name="View">Side</attribute>
    </box>
    <box frame="172" outside="0" occluded="0" keyframe="0" xtl="1002.09" ytl="460.86" xbr="1920.00" ybr="867.33" z_order="0">
      <attribute name="Adipose Clipped">No</attribute>
      <attribute name="Confidence Level">3</attribute>
      <attribute name="Injury">Yes</attribute>
      <attribute name="Notes">Ripped Tail</attribute>
      <attribute name="Sex">Jack</attribute>
      <attribute name="View">Side</attribute>
    </box>
    <box frame="173" outside="0" occluded="0" keyframe="0" xtl="1022.62" ytl="462.73" xbr="1920.00" ybr="869.20" z_order="0">
      <attribute name="Adipose Clipped">No</attribute>
      <attribute name="Confidence Level">3</attribute>
      <attribute name="Injury">Yes</attribute>
      <attribute name="Notes">Ripped Tail</attribute>
      <attribute name="Sex">Jack</attribute>
      <attribute name="View">Side</attribute>
    </box>
    <box frame="174" outside="0" occluded="0" keyframe="0" xtl="1043.14" ytl="464.59" xbr="1920.00" ybr="871.06" z_order="0">
      <attribute name="Adipose Clipped">No</attribute>
      <attribute name="Confidence Level">3</attribute>
      <attribute name="Injury">Yes</attribute>
      <attribute name="Notes">Ripped Tail</attribute>
      <attribute name="Sex">Jack</attribute>
      <attribute name="View">Side</attribute>
    </box>
    <box frame="175" outside="0" occluded="0" keyframe="1" xtl="1063.67" ytl="466.46" xbr="1920.00" ybr="872.93" z_order="0">
      <attribute name="Adipose Clipped">No</attribute>
      <attribute name="Confidence Level">3</attribute>
      <attribute name="Injury">Yes</attribute>
      <attribute name="Notes">Ripped Tail</attribute>
      <attribute name="Sex">Jack</attribute>
      <attribute name="View">Side</attribute>
    </box>
    <box frame="176" outside="0" occluded="0" keyframe="0" xtl="1069.68" ytl="471.02" xbr="1920.00" ybr="877.49" z_order="0">
      <attribute name="Adipose Clipped">No</attribute>
      <attribute name="Confidence Level">3</attribute>
      <attribute name="Injury">Yes</attribute>
      <attribute name="Notes">Ripped Tail</attribute>
      <attribute name="Sex">Jack</attribute>
      <attribute name="View">Side</attribute>
    </box>
    <box frame="177" outside="0" occluded="0" keyframe="0" xtl="1075.70" ytl="475.58" xbr="1920.00" ybr="882.05" z_order="0">
      <attribute name="Adipose Clipped">No</attribute>
      <attribute name="Confidence Level">3</attribute>
      <attribute name="Injury">Yes</attribute>
      <attribute name="Notes">Ripped Tail</attribute>
      <attribute name="Sex">Jack</attribute>
      <attribute name="View">Side</attribute>
    </box>
    <box frame="178" outside="0" occluded="0" keyframe="0" xtl="1081.71" ytl="480.15" xbr="1920.00" ybr="886.61" z_order="0">
      <attribute name="Adipose Clipped">No</attribute>
      <attribute name="Confidence Level">3</attribute>
      <attribute name="Injury">Yes</attribute>
      <attribute name="Notes">Ripped Tail</attribute>
      <attribute name="Sex">Jack</attribute>
      <attribute name="View">Side</attribute>
    </box>
    <box frame="179" outside="0" occluded="0" keyframe="0" xtl="1087.72" ytl="484.71" xbr="1920.00" ybr="891.17" z_order="0">
      <attribute name="Adipose Clipped">No</attribute>
      <attribute name="Confidence Level">3</attribute>
      <attribute name="Injury">Yes</attribute>
      <attribute name="Notes">Ripped Tail</attribute>
      <attribute name="Sex">Jack</attribute>
      <attribute name="View">Side</attribute>
    </box>
    <box frame="180" outside="0" occluded="0" keyframe="0" xtl="1093.74" ytl="489.27" xbr="1920.00" ybr="895.74" z_order="0">
      <attribute name="Adipose Clipped">No</attribute>
      <attribute name="Confidence Level">3</attribute>
      <attribute name="Injury">Yes</attribute>
      <attribute name="Notes">Ripped Tail</attribute>
      <attribute name="Sex">Jack</attribute>
      <attribute name="View">Side</attribute>
    </box>
    <box frame="181" outside="0" occluded="0" keyframe="0" xtl="1099.75" ytl="493.83" xbr="1920.00" ybr="900.30" z_order="0">
      <attribute name="Adipose Clipped">No</attribute>
      <attribute name="Confidence Level">3</attribute>
      <attribute name="Injury">Yes</attribute>
      <attribute name="Notes">Ripped Tail</attribute>
      <attribute name="Sex">Jack</attribute>
      <attribute name="View">Side</attribute>
    </box>
    <box frame="182" outside="0" occluded="0" keyframe="0" xtl="1105.76" ytl="498.39" xbr="1920.00" ybr="904.86" z_order="0">
      <attribute name="Adipose Clipped">No</attribute>
      <attribute name="Confidence Level">3</attribute>
      <attribute name="Injury">Yes</attribute>
      <attribute name="Notes">Ripped Tail</attribute>
      <attribute name="Sex">Jack</attribute>
      <attribute name="View">Side</attribute>
    </box>
    <box frame="183" outside="0" occluded="0" keyframe="0" xtl="1111.77" ytl="502.95" xbr="1920.00" ybr="909.42" z_order="0">
      <attribute name="Adipose Clipped">No</attribute>
      <attribute name="Confidence Level">3</attribute>
      <attribute name="Injury">Yes</attribute>
      <attribute name="Notes">Ripped Tail</attribute>
      <attribute name="Sex">Jack</attribute>
      <attribute name="View">Side</attribute>
    </box>
    <box frame="184" outside="0" occluded="0" keyframe="0" xtl="1117.79" ytl="507.51" xbr="1920.00" ybr="913.98" z_order="0">
      <attribute name="Adipose Clipped">No</attribute>
      <attribute name="Confidence Level">3</attribute>
      <attribute name="Injury">Yes</attribute>
      <attribute name="Notes">Ripped Tail</attribute>
      <attribute name="Sex">Jack</attribute>
      <attribute name="View">Side</attribute>
    </box>
    <box frame="185" outside="0" occluded="0" keyframe="1" xtl="1123.80" ytl="512.08" xbr="1920.00" ybr="918.54" z_order="0">
      <attribute name="Adipose Clipped">No</attribute>
      <attribute name="Confidence Level">3</attribute>
      <attribute name="Injury">Yes</attribute>
      <attribute name="Notes">Ripped Tail</attribute>
      <attribute name="Sex">Jack</attribute>
      <attribute name="View">Side</attribute>
    </box>
    <box frame="186" outside="0" occluded="0" keyframe="0" xtl="1125.25" ytl="512.08" xbr="1920.00" ybr="913.36" z_order="0">
      <attribute name="Adipose Clipped">No</attribute>
      <attribute name="Confidence Level">3</attribute>
      <attribute name="Injury">Yes</attribute>
      <attribute name="Notes">Ripped Tail</attribute>
      <attribute name="Sex">Jack</attribute>
      <attribute name="View">Side</attribute>
    </box>
    <box frame="187" outside="0" occluded="0" keyframe="0" xtl="1126.70" ytl="512.08" xbr="1920.00" ybr="908.17" z_order="0">
      <attribute name="Adipose Clipped">No</attribute>
      <attribute name="Confidence Level">3</attribute>
      <attribute name="Injury">Yes</attribute>
      <attribute name="Notes">Ripped Tail</attribute>
      <attribute name="Sex">Jack</attribute>
      <attribute name="View">Side</attribute>
    </box>
    <box frame="188" outside="0" occluded="0" keyframe="0" xtl="1128.15" ytl="512.08" xbr="1920.00" ybr="902.99" z_order="0">
      <attribute name="Adipose Clipped">No</attribute>
      <attribute name="Confidence Level">3</attribute>
      <attribute name="Injury">Yes</attribute>
      <attribute name="Notes">Ripped Tail</attribute>
      <attribute name="Sex">Jack</attribute>
      <attribute name="View">Side</attribute>
    </box>
    <box frame="189" outside="0" occluded="0" keyframe="0" xtl="1129.60" ytl="512.08" xbr="1920.00" ybr="897.81" z_order="0">
      <attribute name="Adipose Clipped">No</attribute>
      <attribute name="Confidence Level">3</attribute>
      <attribute name="Injury">Yes</attribute>
      <attribute name="Notes">Ripped Tail</attribute>
      <attribute name="Sex">Jack</attribute>
      <attribute name="View">Side</attribute>
    </box>
    <box frame="190" outside="0" occluded="0" keyframe="0" xtl="1131.05" ytl="512.08" xbr="1920.00" ybr="892.62" z_order="0">
      <attribute name="Adipose Clipped">No</attribute>
      <attribute name="Confidence Level">3</attribute>
      <attribute name="Injury">Yes</attribute>
      <attribute name="Notes">Ripped Tail</attribute>
      <attribute name="Sex">Jack</attribute>
      <attribute name="View">Side</attribute>
    </box>
    <box frame="191" outside="0" occluded="0" keyframe="0" xtl="1132.50" ytl="512.08" xbr="1920.00" ybr="887.44" z_order="0">
      <attribute name="Adipose Clipped">No</attribute>
      <attribute name="Confidence Level">3</attribute>
      <attribute name="Injury">Yes</attribute>
      <attribute name="Notes">Ripped Tail</attribute>
      <attribute name="Sex">Jack</attribute>
      <attribute name="View">Side</attribute>
    </box>
    <box frame="192" outside="0" occluded="0" keyframe="0" xtl="1133.95" ytl="512.08" xbr="1920.00" ybr="882.25" z_order="0">
      <attribute name="Adipose Clipped">No</attribute>
      <attribute name="Confidence Level">3</attribute>
      <attribute name="Injury">Yes</attribute>
      <attribute name="Notes">Ripped Tail</attribute>
      <attribute name="Sex">Jack</attribute>
      <attribute name="View">Side</attribute>
    </box>
    <box frame="193" outside="0" occluded="0" keyframe="0" xtl="1135.40" ytl="512.08" xbr="1920.00" ybr="877.07" z_order="0">
      <attribute name="Adipose Clipped">No</attribute>
      <attribute name="Confidence Level">3</attribute>
      <attribute name="Injury">Yes</attribute>
      <attribute name="Notes">Ripped Tail</attribute>
      <attribute name="Sex">Jack</attribute>
      <attribute name="View">Side</attribute>
    </box>
    <box frame="194" outside="0" occluded="0" keyframe="0" xtl="1136.85" ytl="512.08" xbr="1920.00" ybr="871.88" z_order="0">
      <attribute name="Adipose Clipped">No</attribute>
      <attribute name="Confidence Level">3</attribute>
      <attribute name="Injury">Yes</attribute>
      <attribute name="Notes">Ripped Tail</attribute>
      <attribute name="Sex">Jack</attribute>
      <attribute name="View">Side</attribute>
    </box>
    <box frame="195" outside="0" occluded="0" keyframe="1" xtl="1138.30" ytl="512.08" xbr="1920.00" ybr="866.70" z_order="0">
      <attribute name="Adipose Clipped">No</attribute>
      <attribute name="Confidence Level">3</attribute>
      <attribute name="Injury">Yes</attribute>
      <attribute name="Notes">Ripped Tail</attribute>
      <attribute name="Sex">Jack</attribute>
      <attribute name="View">Side</attribute>
    </box>
    <box frame="196" outside="0" occluded="0" keyframe="0" xtl="1145.56" ytl="512.08" xbr="1920.00" ybr="866.70" z_order="0">
      <attribute name="Adipose Clipped">No</attribute>
      <attribute name="Confidence Level">3</attribute>
      <attribute name="Injury">Yes</attribute>
      <attribute name="Notes">Ripped Tail</attribute>
      <attribute name="Sex">Jack</attribute>
      <attribute name="View">Side</attribute>
    </box>
    <box frame="197" outside="0" occluded="0" keyframe="0" xtl="1152.81" ytl="512.08" xbr="1920.00" ybr="866.70" z_order="0">
      <attribute name="Adipose Clipped">No</attribute>
      <attribute name="Confidence Level">3</attribute>
      <attribute name="Injury">Yes</attribute>
      <attribute name="Notes">Ripped Tail</attribute>
      <attribute name="Sex">Jack</attribute>
      <attribute name="View">Side</attribute>
    </box>
    <box frame="198" outside="0" occluded="0" keyframe="0" xtl="1160.07" ytl="512.08" xbr="1920.00" ybr="866.70" z_order="0">
      <attribute name="Adipose Clipped">No</attribute>
      <attribute name="Confidence Level">3</attribute>
      <attribute name="Injury">Yes</attribute>
      <attribute name="Notes">Ripped Tail</attribute>
      <attribute name="Sex">Jack</attribute>
      <attribute name="View">Side</attribute>
    </box>
    <box frame="199" outside="0" occluded="0" keyframe="0" xtl="1167.33" ytl="512.08" xbr="1920.00" ybr="866.70" z_order="0">
      <attribute name="Adipose Clipped">No</attribute>
      <attribute name="Confidence Level">3</attribute>
      <attribute name="Injury">Yes</attribute>
      <attribute name="Notes">Ripped Tail</attribute>
      <attribute name="Sex">Jack</attribute>
      <attribute name="View">Side</attribute>
    </box>
    <box frame="200" outside="0" occluded="0" keyframe="0" xtl="1174.59" ytl="512.08" xbr="1920.00" ybr="866.70" z_order="0">
      <attribute name="Adipose Clipped">No</attribute>
      <attribute name="Confidence Level">3</attribute>
      <attribute name="Injury">Yes</attribute>
      <attribute name="Notes">Ripped Tail</attribute>
      <attribute name="Sex">Jack</attribute>
      <attribute name="View">Side</attribute>
    </box>
    <box frame="201" outside="0" occluded="0" keyframe="0" xtl="1181.84" ytl="512.08" xbr="1920.00" ybr="866.70" z_order="0">
      <attribute name="Adipose Clipped">No</attribute>
      <attribute name="Confidence Level">3</attribute>
      <attribute name="Injury">Yes</attribute>
      <attribute name="Notes">Ripped Tail</attribute>
      <attribute name="Sex">Jack</attribute>
      <attribute name="View">Side</attribute>
    </box>
    <box frame="202" outside="0" occluded="0" keyframe="0" xtl="1189.10" ytl="512.08" xbr="1920.00" ybr="866.70" z_order="0">
      <attribute name="Adipose Clipped">No</attribute>
      <attribute name="Confidence Level">3</attribute>
      <attribute name="Injury">Yes</attribute>
      <attribute name="Notes">Ripped Tail</attribute>
      <attribute name="Sex">Jack</attribute>
      <attribute name="View">Side</attribute>
    </box>
    <box frame="203" outside="0" occluded="0" keyframe="0" xtl="1196.36" ytl="512.08" xbr="1920.00" ybr="866.70" z_order="0">
      <attribute name="Adipose Clipped">No</attribute>
      <attribute name="Confidence Level">3</attribute>
      <attribute name="Injury">Yes</attribute>
      <attribute name="Notes">Ripped Tail</attribute>
      <attribute name="Sex">Jack</attribute>
      <attribute name="View">Side</attribute>
    </box>
    <box frame="204" outside="0" occluded="0" keyframe="0" xtl="1203.61" ytl="512.08" xbr="1920.00" ybr="866.70" z_order="0">
      <attribute name="Adipose Clipped">No</attribute>
      <attribute name="Confidence Level">3</attribute>
      <attribute name="Injury">Yes</attribute>
      <attribute name="Notes">Ripped Tail</attribute>
      <attribute name="Sex">Jack</attribute>
      <attribute name="View">Side</attribute>
    </box>
    <box frame="205" outside="0" occluded="0" keyframe="1" xtl="1210.87" ytl="512.08" xbr="1920.00" ybr="866.70" z_order="0">
      <attribute name="Adipose Clipped">No</attribute>
      <attribute name="Confidence Level">3</attribute>
      <attribute name="Injury">Yes</attribute>
      <attribute name="Notes">Ripped Tail</attribute>
      <attribute name="Sex">Jack</attribute>
      <attribute name="View">Side</attribute>
    </box>
    <box frame="206" outside="0" occluded="0" keyframe="0" xtl="1223.00" ytl="512.08" xbr="1920.00" ybr="865.35" z_order="0">
      <attribute name="Adipose Clipped">No</attribute>
      <attribute name="Confidence Level">3</attribute>
      <attribute name="Injury">Yes</attribute>
      <attribute name="Notes">Ripped Tail</attribute>
      <attribute name="Sex">Jack</attribute>
      <attribute name="View">Side</attribute>
    </box>
    <box frame="207" outside="0" occluded="0" keyframe="0" xtl="1235.13" ytl="512.08" xbr="1920.00" ybr="864.00" z_order="0">
      <attribute name="Adipose Clipped">No</attribute>
      <attribute name="Confidence Level">3</attribute>
      <attribute name="Injury">Yes</attribute>
      <attribute name="Notes">Ripped Tail</attribute>
      <attribute name="Sex">Jack</attribute>
      <attribute name="View">Side</attribute>
    </box>
    <box frame="208" outside="0" occluded="0" keyframe="0" xtl="1247.26" ytl="512.08" xbr="1920.00" ybr="862.66" z_order="0">
      <attribute name="Adipose Clipped">No</attribute>
      <attribute name="Confidence Level">3</attribute>
      <attribute name="Injury">Yes</attribute>
      <attribute name="Notes">Ripped Tail</attribute>
      <attribute name="Sex">Jack</attribute>
      <attribute name="View">Side</attribute>
    </box>
    <box frame="209" outside="0" occluded="0" keyframe="0" xtl="1259.40" ytl="512.08" xbr="1920.00" ybr="861.31" z_order="0">
      <attribute name="Adipose Clipped">No</attribute>
      <attribute name="Confidence Level">3</attribute>
      <attribute name="Injury">Yes</attribute>
      <attribute name="Notes">Ripped Tail</attribute>
      <attribute name="Sex">Jack</attribute>
      <attribute name="View">Side</attribute>
    </box>
    <box frame="210" outside="0" occluded="0" keyframe="0" xtl="1271.53" ytl="512.08" xbr="1920.00" ybr="859.96" z_order="0">
      <attribute name="Adipose Clipped">No</attribute>
      <attribute name="Confidence Level">3</attribute>
      <attribute name="Injury">Yes</attribute>
      <attribute name="Notes">Ripped Tail</attribute>
      <attribute name="Sex">Jack</attribute>
      <attribute name="View">Side</attribute>
    </box>
    <box frame="211" outside="0" occluded="0" keyframe="0" xtl="1283.66" ytl="512.08" xbr="1920.00" ybr="858.61" z_order="0">
      <attribute name="Adipose Clipped">No</attribute>
      <attribute name="Confidence Level">3</attribute>
      <attribute name="Injury">Yes</attribute>
      <attribute name="Notes">Ripped Tail</attribute>
      <attribute name="Sex">Jack</attribute>
      <attribute name="View">Side</attribute>
    </box>
    <box frame="212" outside="0" occluded="0" keyframe="0" xtl="1295.79" ytl="512.08" xbr="1920.00" ybr="857.27" z_order="0">
      <attribute name="Adipose Clipped">No</attribute>
      <attribute name="Confidence Level">3</attribute>
      <attribute name="Injury">Yes</attribute>
      <attribute name="Notes">Ripped Tail</attribute>
      <attribute name="Sex">Jack</attribute>
      <attribute name="View">Side</attribute>
    </box>
    <box frame="213" outside="0" occluded="0" keyframe="0" xtl="1307.92" ytl="512.09" xbr="1920.00" ybr="855.92" z_order="0">
      <attribute name="Adipose Clipped">No</attribute>
      <attribute name="Confidence Level">3</attribute>
      <attribute name="Injury">Yes</attribute>
      <attribute name="Notes">Ripped Tail</attribute>
      <attribute name="Sex">Jack</attribute>
      <attribute name="View">Side</attribute>
    </box>
    <box frame="214" outside="0" occluded="0" keyframe="0" xtl="1320.05" ytl="512.09" xbr="1920.00" ybr="854.57" z_order="0">
      <attribute name="Adipose Clipped">No</attribute>
      <attribute name="Confidence Level">3</attribute>
      <attribute name="Injury">Yes</attribute>
      <attribute name="Notes">Ripped Tail</attribute>
      <attribute name="Sex">Jack</attribute>
      <attribute name="View">Side</attribute>
    </box>
    <box frame="215" outside="0" occluded="0" keyframe="0" xtl="1332.19" ytl="512.09" xbr="1920.00" ybr="853.22" z_order="0">
      <attribute name="Adipose Clipped">No</attribute>
      <attribute name="Confidence Level">3</attribute>
      <attribute name="Injury">Yes</attribute>
      <attribute name="Notes">Ripped Tail</attribute>
      <attribute name="Sex">Jack</attribute>
      <attribute name="View">Side</attribute>
    </box>
    <box frame="216" outside="0" occluded="0" keyframe="0" xtl="1344.32" ytl="512.09" xbr="1920.00" ybr="851.87" z_order="0">
      <attribute name="Adipose Clipped">No</attribute>
      <attribute name="Confidence Level">3</attribute>
      <attribute name="Injury">Yes</attribute>
      <attribute name="Notes">Ripped Tail</attribute>
      <attribute name="Sex">Jack</attribute>
      <attribute name="View">Side</attribute>
    </box>
    <box frame="217" outside="0" occluded="0" keyframe="0" xtl="1356.45" ytl="512.09" xbr="1920.00" ybr="850.53" z_order="0">
      <attribute name="Adipose Clipped">No</attribute>
      <attribute name="Confidence Level">3</attribute>
      <attribute name="Injury">Yes</attribute>
      <attribute name="Notes">Ripped Tail</attribute>
      <attribute name="Sex">Jack</attribute>
      <attribute name="View">Side</attribute>
    </box>
    <box frame="218" outside="0" occluded="0" keyframe="0" xtl="1368.58" ytl="512.09" xbr="1920.00" ybr="849.18" z_order="0">
      <attribute name="Adipose Clipped">No</attribute>
      <attribute name="Confidence Level">3</attribute>
      <attribute name="Injury">Yes</attribute>
      <attribute name="Notes">Ripped Tail</attribute>
      <attribute name="Sex">Jack</attribute>
      <attribute name="View">Side</attribute>
    </box>
    <box frame="219" outside="0" occluded="0" keyframe="0" xtl="1380.71" ytl="512.09" xbr="1920.00" ybr="847.83" z_order="0">
      <attribute name="Adipose Clipped">No</attribute>
      <attribute name="Confidence Level">3</attribute>
      <attribute name="Injury">Yes</attribute>
      <attribute name="Notes">Ripped Tail</attribute>
      <attribute name="Sex">Jack</attribute>
      <attribute name="View">Side</attribute>
    </box>
    <box frame="220" outside="0" occluded="0" keyframe="0" xtl="1392.84" ytl="512.09" xbr="1920.00" ybr="846.48" z_order="0">
      <attribute name="Adipose Clipped">No</attribute>
      <attribute name="Confidence Level">3</attribute>
      <attribute name="Injury">Yes</attribute>
      <attribute name="Notes">Ripped Tail</attribute>
      <attribute name="Sex">Jack</attribute>
      <attribute name="View">Side</attribute>
    </box>
    <box frame="221" outside="0" occluded="0" keyframe="0" xtl="1404.97" ytl="512.10" xbr="1920.00" ybr="845.14" z_order="0">
      <attribute name="Adipose Clipped">No</attribute>
      <attribute name="Confidence Level">3</attribute>
      <attribute name="Injury">Yes</attribute>
      <attribute name="Notes">Ripped Tail</attribute>
      <attribute name="Sex">Jack</attribute>
      <attribute name="View">Side</attribute>
    </box>
    <box frame="222" outside="0" occluded="0" keyframe="0" xtl="1417.11" ytl="512.10" xbr="1920.00" ybr="843.79" z_order="0">
      <attribute name="Adipose Clipped">No</attribute>
      <attribute name="Confidence Level">3</attribute>
      <attribute name="Injury">Yes</attribute>
      <attribute name="Notes">Ripped Tail</attribute>
      <attribute name="Sex">Jack</attribute>
      <attribute name="View">Side</attribute>
    </box>
    <box frame="223" outside="0" occluded="0" keyframe="0" xtl="1429.24" ytl="512.10" xbr="1920.00" ybr="842.44" z_order="0">
      <attribute name="Adipose Clipped">No</attribute>
      <attribute name="Confidence Level">3</attribute>
      <attribute name="Injury">Yes</attribute>
      <attribute name="Notes">Ripped Tail</attribute>
      <attribute name="Sex">Jack</attribute>
      <attribute name="View">Side</attribute>
    </box>
    <box frame="224" outside="0" occluded="0" keyframe="0" xtl="1441.37" ytl="512.10" xbr="1920.00" ybr="841.09" z_order="0">
      <attribute name="Adipose Clipped">No</attribute>
      <attribute name="Confidence Level">3</attribute>
      <attribute name="Injury">Yes</attribute>
      <attribute name="Notes">Ripped Tail</attribute>
      <attribute name="Sex">Jack</attribute>
      <attribute name="View">Side</attribute>
    </box>
    <box frame="225" outside="0" occluded="0" keyframe="1" xtl="1453.50" ytl="512.10" xbr="1920.00" ybr="839.74" z_order="0">
      <attribute name="Adipose Clipped">No</attribute>
      <attribute name="Confidence Level">3</attribute>
      <attribute name="Injury">Yes</attribute>
      <attribute name="Notes">Ripped Tail</attribute>
      <attribute name="Sex">Jack</attribute>
      <attribute name="View">Side</attribute>
    </box>
    <box frame="226" outside="0" occluded="0" keyframe="0" xtl="1472.37" ytl="511.06" xbr="1920.00" ybr="838.71" z_order="0">
      <attribute name="Adipose Clipped">No</attribute>
      <attribute name="Confidence Level">3</attribute>
      <attribute name="Injury">Yes</attribute>
      <attribute name="Notes">Ripped Tail</attribute>
      <attribute name="Sex">Jack</attribute>
      <attribute name="View">Side</attribute>
    </box>
    <box frame="227" outside="0" occluded="0" keyframe="0" xtl="1491.24" ytl="510.03" xbr="1920.00" ybr="837.67" z_order="0">
      <attribute name="Adipose Clipped">No</attribute>
      <attribute name="Confidence Level">3</attribute>
      <attribute name="Injury">Yes</attribute>
      <attribute name="Notes">Ripped Tail</attribute>
      <attribute name="Sex">Jack</attribute>
      <attribute name="View">Side</attribute>
    </box>
    <box frame="228" outside="0" occluded="0" keyframe="0" xtl="1510.10" ytl="508.99" xbr="1920.00" ybr="836.63" z_order="0">
      <attribute name="Adipose Clipped">No</attribute>
      <attribute name="Confidence Level">3</attribute>
      <attribute name="Injury">Yes</attribute>
      <attribute name="Notes">Ripped Tail</attribute>
      <attribute name="Sex">Jack</attribute>
      <attribute name="View">Side</attribute>
    </box>
    <box frame="229" outside="0" occluded="0" keyframe="0" xtl="1528.97" ytl="507.95" xbr="1920.00" ybr="835.60" z_order="0">
      <attribute name="Adipose Clipped">No</attribute>
      <attribute name="Confidence Level">3</attribute>
      <attribute name="Injury">Yes</attribute>
      <attribute name="Notes">Ripped Tail</attribute>
      <attribute name="Sex">Jack</attribute>
      <attribute name="View">Side</attribute>
    </box>
    <box frame="230" outside="0" occluded="0" keyframe="0" xtl="1547.84" ytl="506.92" xbr="1920.00" ybr="834.56" z_order="0">
      <attribute name="Adipose Clipped">No</attribute>
      <attribute name="Confidence Level">3</attribute>
      <attribute name="Injury">Yes</attribute>
      <attribute name="Notes">Ripped Tail</attribute>
      <attribute name="Sex">Jack</attribute>
      <attribute name="View">Side</attribute>
    </box>
    <box frame="231" outside="0" occluded="0" keyframe="0" xtl="1566.71" ytl="505.88" xbr="1920.00" ybr="833.52" z_order="0">
      <attribute name="Adipose Clipped">No</attribute>
      <attribute name="Confidence Level">3</attribute>
      <attribute name="Injury">Yes</attribute>
      <attribute name="Notes">Ripped Tail</attribute>
      <attribute name="Sex">Jack</attribute>
      <attribute name="View">Side</attribute>
    </box>
    <box frame="232" outside="0" occluded="0" keyframe="0" xtl="1585.58" ytl="504.84" xbr="1920.00" ybr="832.49" z_order="0">
      <attribute name="Adipose Clipped">No</attribute>
      <attribute name="Confidence Level">3</attribute>
      <attribute name="Injury">Yes</attribute>
      <attribute name="Notes">Ripped Tail</attribute>
      <attribute name="Sex">Jack</attribute>
      <attribute name="View">Side</attribute>
    </box>
    <box frame="233" outside="0" occluded="0" keyframe="0" xtl="1604.45" ytl="503.81" xbr="1920.00" ybr="831.45" z_order="0">
      <attribute name="Adipose Clipped">No</attribute>
      <attribute name="Confidence Level">3</attribute>
      <attribute name="Injury">Yes</attribute>
      <attribute name="Notes">Ripped Tail</attribute>
      <attribute name="Sex">Jack</attribute>
      <attribute name="View">Side</attribute>
    </box>
    <box frame="234" outside="0" occluded="0" keyframe="0" xtl="1623.31" ytl="502.77" xbr="1920.00" ybr="830.41" z_order="0">
      <attribute name="Adipose Clipped">No</attribute>
      <attribute name="Confidence Level">3</attribute>
      <attribute name="Injury">Yes</attribute>
      <attribute name="Notes">Ripped Tail</attribute>
      <attribute name="Sex">Jack</attribute>
      <attribute name="View">Side</attribute>
    </box>
    <box frame="235" outside="0" occluded="1" keyframe="1" xtl="1642.18" ytl="501.73" xbr="1920.00" ybr="829.38" z_order="0">
      <attribute name="Adipose Clipped">No</attribute>
      <attribute name="Confidence Level">3</attribute>
      <attribute name="Injury">Yes</attribute>
      <attribute name="Notes">Ripped Tail</attribute>
      <attribute name="Sex">Jack</attribute>
      <attribute name="View">Side</attribute>
    </box>
    <box frame="236" outside="0" occluded="1" keyframe="0" xtl="1691.26" ytl="501.73" xbr="1920.00" ybr="815.55" z_order="0">
      <attribute name="Adipose Clipped">No</attribute>
      <attribute name="Confidence Level">3</attribute>
      <attribute name="Injury">Yes</attribute>
      <attribute name="Notes">Ripped Tail</attribute>
      <attribute name="Sex">Jack</attribute>
      <attribute name="View">Side</attribute>
    </box>
    <box frame="237" outside="0" occluded="1" keyframe="0" xtl="1740.33" ytl="501.73" xbr="1920.00" ybr="801.73" z_order="0">
      <attribute name="Adipose Clipped">No</attribute>
      <attribute name="Confidence Level">3</attribute>
      <attribute name="Injury">Yes</attribute>
      <attribute name="Notes">Ripped Tail</attribute>
      <attribute name="Sex">Jack</attribute>
      <attribute name="View">Side</attribute>
    </box>
    <box frame="238" outside="0" occluded="1" keyframe="1" xtl="1789.40" ytl="501.73" xbr="1920.00" ybr="787.90" z_order="0">
      <attribute name="Adipose Clipped">No</attribute>
      <attribute name="Confidence Level">3</attribute>
      <attribute name="Injury">Yes</attribute>
      <attribute name="Notes">Ripped Tail</attribute>
      <attribute name="Sex">Jack</attribute>
      <attribute name="View">Side</attribute>
    </box>
    <box frame="239" outside="0" occluded="1" keyframe="1" xtl="1853.68" ytl="503.81" xbr="1920.00" ybr="789.97" z_order="0">
      <attribute name="Adipose Clipped">No</attribute>
      <attribute name="Confidence Level">3</attribute>
      <attribute name="Injury">Yes</attribute>
      <attribute name="Notes">Ripped Tail</attribute>
      <attribute name="Sex">Jack</attribute>
      <attribute name="View">Side</attribute>
    </box>
    <box frame="240" outside="0" occluded="1" keyframe="1" xtl="1853.68" ytl="503.81" xbr="1920.00" ybr="789.97" z_order="0">
      <attribute name="Adipose Clipped">No</attribute>
      <attribute name="Confidence Level">3</attribute>
      <attribute name="Injury">Yes</attribute>
      <attribute name="Notes">Ripped Tail</attribute>
      <attribute name="Sex">Jack</attribute>
      <attribute name="View">Side</attribute>
    </box>
    <box frame="241" outside="0" occluded="1" keyframe="0" xtl="1853.68" ytl="503.81" xbr="1920.00" ybr="789.97" z_order="0">
      <attribute name="Adipose Clipped">No</attribute>
      <attribute name="Confidence Level">3</attribute>
      <attribute name="Injury">Yes</attribute>
      <attribute name="Notes">Ripped Tail</attribute>
      <attribute name="Sex">Jack</attribute>
      <attribute name="View">Side</attribute>
    </box>
    <box frame="242" outside="0" occluded="1" keyframe="0" xtl="1853.68" ytl="503.81" xbr="1920.00" ybr="789.97" z_order="0">
      <attribute name="Adipose Clipped">No</attribute>
      <attribute name="Confidence Level">3</attribute>
      <attribute name="Injury">Yes</attribute>
      <attribute name="Notes">Ripped Tail</attribute>
      <attribute name="Sex">Jack</attribute>
      <attribute name="View">Side</attribute>
    </box>
    <box frame="243" outside="0" occluded="1" keyframe="0" xtl="1853.68" ytl="503.81" xbr="1920.00" ybr="789.97" z_order="0">
      <attribute name="Adipose Clipped">No</attribute>
      <attribute name="Confidence Level">3</attribute>
      <attribute name="Injury">Yes</attribute>
      <attribute name="Notes">Ripped Tail</attribute>
      <attribute name="Sex">Jack</attribute>
      <attribute name="View">Side</attribute>
    </box>
    <box frame="244" outside="1" occluded="1" keyframe="1" xtl="1853.68" ytl="503.81" xbr="1920.00" ybr="789.97" z_order="0">
      <attribute name="Adipose Clipped">No</attribute>
      <attribute name="Confidence Level">3</attribute>
      <attribute name="Injury">Yes</attribute>
      <attribute name="Notes">Ripped Tail</attribute>
      <attribute name="Sex">Jack</attribute>
      <attribute name="View">Side</attribute>
    </box>
  </track>
</annotations>