<?xml version="1.0" encoding="utf-8"?>
<annotations>
  <version>1.1</version>
  <meta>
    <task>
      <id>75</id>
      <name>09-24-2019 23-51-10 M Right Bank Underwater</name>
      <size>229</size>
      <mode>interpolation</mode>
      <overlap>5</overlap>
      <bugtracker></bugtracker>
      <created>2021-03-11 18:49:29.970905+00:00</created>
      <updated>2021-03-11 19:14:56.327434+00:00</updated>
      <start_frame>0</start_frame>
      <stop_frame>228</stop_frame>
      <frame_filter></frame_filter>
      <labels>
        <label>
          <name>Coho</name>
          <color>#24b353</color>
          <attributes>
            <attribute>
              <name>Adipose Clipped</name>
              <mutable>False</mutable>
              <input_type>select</input_type>
              <default_value>No</default_value>
              <values>No
Yes
NA</values>
            </attribute>
            <attribute>
              <name>Confidence Level</name>
              <mutable>False</mutable>
              <input_type>select</input_type>
              <default_value>3</default_value>
              <values>3
2
1</values>
            </attribute>
            <attribute>
              <name>Injury</name>
              <mutable>False</mutable>
              <input_type>select</input_type>
              <default_value>No</default_value>
              <values>No
Yes
NA</values>
            </attribute>
            <attribute>
              <name>Notes</name>
              <mutable>False</mutable>
              <input_type>text</input_type>
              <default_value>NA</default_value>
              <values>NA</values>
            </attribute>
            <attribute>
              <name>Sex</name>
              <mutable>False</mutable>
              <input_type>select</input_type>
              <default_value>Male</default_value>
              <values>Male
Female
Jack</values>
            </attribute>
          </attributes>
        </label>
        <label>
          <name>Bull</name>
          <color>#ff6037</color>
          <attributes>
            <attribute>
              <name>Adipose Clipped</name>
              <mutable>False</mutable>
              <input_type>select</input_type>
              <default_value>No</default_value>
              <values>No
NA</values>
            </attribute>
            <attribute>
              <name>Confidence Level</name>
              <mutable>False</mutable>
              <input_type>select</input_type>
              <default_value>3</default_value>
              <values>3
2
1</values>
            </attribute>
            <attribute>
              <name>Injury</name>
              <mutable>False</mutable>
              <input_type>select</input_type>
              <default_value>No</default_value>
              <values>No
Yes
NA</values>
            </attribute>
            <attribute>
              <name>Notes</name>
              <mutable>False</mutable>
              <input_type>text</input_type>
              <default_value>NA</default_value>
              <values>NA</values>
            </attribute>
            <attribute>
              <name>Sex</name>
              <mutable>False</mutable>
              <input_type>select</input_type>
              <default_value>NA</default_value>
              <values>NA</values>
            </attribute>
          </attributes>
        </label>
        <label>
          <name>Chum</name>
          <color>#b83df5</color>
          <attributes>
            <attribute>
              <name>Adipose Clipped</name>
              <mutable>False</mutable>
              <input_type>select</input_type>
              <default_value>No</default_value>
              <values>No
Yes
NA</values>
            </attribute>
            <attribute>
              <name>Confidence Level</name>
              <mutable>False</mutable>
              <input_type>select</input_type>
              <default_value>3</default_value>
              <values>3
2
1</values>
            </attribute>
            <attribute>
              <name>Injury</name>
              <mutable>False</mutable>
              <input_type>select</input_type>
              <default_value>No</default_value>
              <values>No
Yes
NA</values>
            </attribute>
            <attribute>
              <name>Notes</name>
              <mutable>False</mutable>
              <input_type>text</input_type>
              <default_value>NA</default_value>
              <values>NA</values>
            </attribute>
            <attribute>
              <name>Sex</name>
              <mutable>False</mutable>
              <input_type>select</input_type>
              <default_value>Male</default_value>
              <values>Male
Female</values>
            </attribute>
          </attributes>
        </label>
        <label>
          <name>Whitefish</name>
          <color>#e5e5f3</color>
          <attributes>
            <attribute>
              <name>Adipose Clipped</name>
              <mutable>False</mutable>
              <input_type>select</input_type>
              <default_value>No</default_value>
              <values>No
Yes
NA</values>
            </attribute>
            <attribute>
              <name>Confidence Level</name>
              <mutable>False</mutable>
              <input_type>select</input_type>
              <default_value>3</default_value>
              <values>3
2
1</values>
            </attribute>
            <attribute>
              <name>Injury</name>
              <mutable>False</mutable>
              <input_type>select</input_type>
              <default_value>No</default_value>
              <values>No
Yes
NA</values>
            </attribute>
            <attribute>
              <name>Notes</name>
              <mutable>False</mutable>
              <input_type>text</input_type>
              <default_value>NA</default_value>
              <values>NA</values>
            </attribute>
            <attribute>
              <name>Sex</name>
              <mutable>False</mutable>
              <input_type>select</input_type>
              <default_value>NA</default_value>
              <values>NA</values>
            </attribute>
          </attributes>
        </label>
        <label>
          <name>Pink</name>
          <color>#fa7dbb</color>
          <attributes>
            <attribute>
              <name>Adipose Clipped</name>
              <mutable>False</mutable>
              <input_type>select</input_type>
              <default_value>No</default_value>
              <values>No
Yes
NA</values>
            </attribute>
            <attribute>
              <name>Confidence Level</name>
              <mutable>False</mutable>
              <input_type>select</input_type>
              <default_value>3</default_value>
              <values>3
2
1</values>
            </attribute>
            <attribute>
              <name>Injury</name>
              <mutable>False</mutable>
              <input_type>select</input_type>
              <default_value>No</default_value>
              <values>No
Yes
NA</values>
            </attribute>
            <attribute>
              <name>Notes</name>
              <mutable>False</mutable>
              <input_type>text</input_type>
              <default_value>NA</default_value>
              <values>NA</values>
            </attribute>
            <attribute>
              <name>Sex</name>
              <mutable>False</mutable>
              <input_type>select</input_type>
              <default_value>Male</default_value>
              <values>Male
Female
NA</values>
            </attribute>
          </attributes>
        </label>
        <label>
          <name>Sockeye</name>
          <color>#fa3253</color>
          <attributes>
            <attribute>
              <name>Adipose Clipped</name>
              <mutable>False</mutable>
              <input_type>select</input_type>
              <default_value>No</default_value>
              <values>No
Yes
NA</values>
            </attribute>
            <attribute>
              <name>Confidence Level</name>
              <mutable>False</mutable>
              <input_type>select</input_type>
              <default_value>3</default_value>
              <values>3
2
1</values>
            </attribute>
            <attribute>
              <name>Injury</name>
              <mutable>False</mutable>
              <input_type>select</input_type>
              <default_value>No</default_value>
              <values>No
Yes
NA</values>
            </attribute>
            <attribute>
              <name>Notes</name>
              <mutable>False</mutable>
              <input_type>text</input_type>
              <default_value>NA</default_value>
              <values>NA</values>
            </attribute>
            <attribute>
              <name>Sex</name>
              <mutable>False</mutable>
              <input_type>select</input_type>
              <default_value>Male</default_value>
              <values>Male
Female</values>
            </attribute>
          </attributes>
        </label>
        <label>
          <name>Rainbow</name>
          <color>#ff00cc</color>
          <attributes>
            <attribute>
              <name>Adipose Clipped</name>
              <mutable>False</mutable>
              <input_type>select</input_type>
              <default_value>No</default_value>
              <values>No
Yes
NA</values>
            </attribute>
            <attribute>
              <name>Confidence Level</name>
              <mutable>False</mutable>
              <input_type>select</input_type>
              <default_value>3</default_value>
              <values>3
2
1</values>
            </attribute>
            <attribute>
              <name>Injury</name>
              <mutable>False</mutable>
              <input_type>select</input_type>
              <default_value>No</default_value>
              <values>No
Yes
NA</values>
            </attribute>
            <attribute>
              <name>Notes</name>
              <mutable>False</mutable>
              <input_type>text</input_type>
              <default_value>NA</default_value>
              <values>NA</values>
            </attribute>
            <attribute>
              <name>Sex</name>
              <mutable>False</mutable>
              <input_type>select</input_type>
              <default_value>NA</default_value>
              <values>NA
Juvenile</values>
            </attribute>
          </attributes>
        </label>
        <label>
          <name>Steelhead</name>
          <color>#66ff66</color>
          <attributes>
            <attribute>
              <name>Adipose Clipped</name>
              <mutable>False</mutable>
              <input_type>select</input_type>
              <default_value>No</default_value>
              <values>No
Yes
NA</values>
            </attribute>
            <attribute>
              <name>Confidence Level</name>
              <mutable>False</mutable>
              <input_type>select</input_type>
              <default_value>3</default_value>
              <values>3
2
1</values>
            </attribute>
            <attribute>
              <name>Injury</name>
              <mutable>False</mutable>
              <input_type>select</input_type>
              <default_value>No</default_value>
              <values>No
Yes
NA</values>
            </attribute>
            <attribute>
              <name>Notes</name>
              <mutable>False</mutable>
              <input_type>select</input_type>
              <default_value>NA</default_value>
              <values>NA</values>
            </attribute>
            <attribute>
              <name>Sex</name>
              <mutable>False</mutable>
              <input_type>select</input_type>
              <default_value>Male</default_value>
              <values>Male
Female</values>
            </attribute>
          </attributes>
        </label>
        <label>
          <name>Chinook</name>
          <color>#cc3366</color>
          <attributes>
            <attribute>
              <name>Adipose Clipped</name>
              <mutable>False</mutable>
              <input_type>select</input_type>
              <default_value>No</default_value>
              <values>No
Yes
NA</values>
            </attribute>
            <attribute>
              <name>Confidence Level</name>
              <mutable>False</mutable>
              <input_type>select</input_type>
              <default_value>3</default_value>
              <values>3
2
1</values>
            </attribute>
            <attribute>
              <name>Injury</name>
              <mutable>False</mutable>
              <input_type>select</input_type>
              <default_value>No</default_value>
              <values>No
Yes
NA</values>
            </attribute>
            <attribute>
              <name>Notes</name>
              <mutable>False</mutable>
              <input_type>text</input_type>
              <default_value>NA</default_value>
              <values>NA</values>
            </attribute>
            <attribute>
              <name>Sex</name>
              <mutable>False</mutable>
              <input_type>select</input_type>
              <default_value>Male</default_value>
              <values>Male
Female</values>
            </attribute>
          </attributes>
        </label>
        <label>
          <name>Pikeminnow</name>
          <color>#cc9933</color>
          <attributes>
          </attributes>
        </label>
      </labels>
      <segments>
        <segment>
          <id>75</id>
          <start>0</start>
          <stop>228</stop>
          <url>httplocalhost:8080/?id=75</url>
        </segment>
      </segments>
      <owner>
        <username>bna19</username>
        <email>bna19@sfu.ca</email>
      </owner>
      <assignee></assignee>
      <original_size>
        <width>1920</width>
        <height>1080</height>
      </original_size>
    </task>
    <dumped>2021-03-11 19:15:20.892843+00:00</dumped>
    <source>09-24-2019 23-51-10 M Right Bank Underwater.mp4</source>
  </meta>
  <track id="0" label="Coho" source="manual">
    <box frame="4" outside="0" occluded="0" keyframe="1" xtl="0.00" ytl="381.88" xbr="355.62" ybr="734.38" z_order="0">
      <attribute name="Injury">No</attribute>
      <attribute name="Confidence Level">3</attribute>
      <attribute name="Notes">NA</attribute>
      <attribute name="Sex">Female</attribute>
      <attribute name="Adipose Clipped">No</attribute>
    </box>
    <box frame="5" outside="0" occluded="0" keyframe="0" xtl="0.00" ytl="381.88" xbr="409.38" ybr="751.88" z_order="0">
      <attribute name="Injury">No</attribute>
      <attribute name="Confidence Level">3</attribute>
      <attribute name="Notes">NA</attribute>
      <attribute name="Sex">Female</attribute>
      <attribute name="Adipose Clipped">No</attribute>
    </box>
    <box frame="6" outside="0" occluded="0" keyframe="0" xtl="0.00" ytl="381.88" xbr="463.14" ybr="769.39" z_order="0">
      <attribute name="Injury">No</attribute>
      <attribute name="Confidence Level">3</attribute>
      <attribute name="Notes">NA</attribute>
      <attribute name="Sex">Female</attribute>
      <attribute name="Adipose Clipped">No</attribute>
    </box>
    <box frame="7" outside="0" occluded="0" keyframe="1" xtl="0.00" ytl="381.88" xbr="516.90" ybr="786.90" z_order="0">
      <attribute name="Injury">No</attribute>
      <attribute name="Confidence Level">3</attribute>
      <attribute name="Notes">NA</attribute>
      <attribute name="Sex">Female</attribute>
      <attribute name="Adipose Clipped">No</attribute>
    </box>
    <box frame="8" outside="0" occluded="0" keyframe="0" xtl="0.00" ytl="391.25" xbr="536.90" ybr="796.28" z_order="0">
      <attribute name="Injury">No</attribute>
      <attribute name="Confidence Level">3</attribute>
      <attribute name="Notes">NA</attribute>
      <attribute name="Sex">Female</attribute>
      <attribute name="Adipose Clipped">No</attribute>
    </box>
    <box frame="9" outside="0" occluded="0" keyframe="0" xtl="0.00" ytl="400.62" xbr="556.90" ybr="805.65" z_order="0">
      <attribute name="Injury">No</attribute>
      <attribute name="Confidence Level">3</attribute>
      <attribute name="Notes">NA</attribute>
      <attribute name="Sex">Female</attribute>
      <attribute name="Adipose Clipped">No</attribute>
    </box>
    <box frame="10" outside="0" occluded="0" keyframe="1" xtl="0.00" ytl="410.00" xbr="576.90" ybr="815.03" z_order="0">
      <attribute name="Injury">No</attribute>
      <attribute name="Confidence Level">3</attribute>
      <attribute name="Notes">NA</attribute>
      <attribute name="Sex">Female</attribute>
      <attribute name="Adipose Clipped">No</attribute>
    </box>
    <box frame="11" outside="0" occluded="0" keyframe="0" xtl="0.00" ytl="410.00" xbr="617.02" ybr="815.03" z_order="0">
      <attribute name="Injury">No</attribute>
      <attribute name="Confidence Level">3</attribute>
      <attribute name="Notes">NA</attribute>
      <attribute name="Sex">Female</attribute>
      <attribute name="Adipose Clipped">No</attribute>
    </box>
    <box frame="12" outside="0" occluded="0" keyframe="0" xtl="0.00" ytl="410.00" xbr="657.14" ybr="815.03" z_order="0">
      <attribute name="Injury">No</attribute>
      <attribute name="Confidence Level">3</attribute>
      <attribute name="Notes">NA</attribute>
      <attribute name="Sex">Female</attribute>
      <attribute name="Adipose Clipped">No</attribute>
    </box>
    <box frame="13" outside="0" occluded="0" keyframe="0" xtl="0.00" ytl="410.00" xbr="697.26" ybr="815.03" z_order="0">
      <attribute name="Injury">No</attribute>
      <attribute name="Confidence Level">3</attribute>
      <attribute name="Notes">NA</attribute>
      <attribute name="Sex">Female</attribute>
      <attribute name="Adipose Clipped">No</attribute>
    </box>
    <box frame="14" outside="0" occluded="0" keyframe="0" xtl="0.00" ytl="410.00" xbr="737.38" ybr="815.03" z_order="0">
      <attribute name="Injury">No</attribute>
      <attribute name="Confidence Level">3</attribute>
      <attribute name="Notes">NA</attribute>
      <attribute name="Sex">Female</attribute>
      <attribute name="Adipose Clipped">No</attribute>
    </box>
    <box frame="15" outside="0" occluded="0" keyframe="1" xtl="0.00" ytl="410.00" xbr="777.50" ybr="815.03" z_order="0">
      <attribute name="Injury">No</attribute>
      <attribute name="Confidence Level">3</attribute>
      <attribute name="Notes">NA</attribute>
      <attribute name="Sex">Female</attribute>
      <attribute name="Adipose Clipped">No</attribute>
    </box>
    <box frame="16" outside="0" occluded="0" keyframe="0" xtl="0.00" ytl="410.00" xbr="819.23" ybr="818.32" z_order="0">
      <attribute name="Injury">No</attribute>
      <attribute name="Confidence Level">3</attribute>
      <attribute name="Notes">NA</attribute>
      <attribute name="Sex">Female</attribute>
      <attribute name="Adipose Clipped">No</attribute>
    </box>
    <box frame="17" outside="0" occluded="0" keyframe="0" xtl="0.00" ytl="410.00" xbr="860.95" ybr="821.61" z_order="0">
      <attribute name="Injury">No</attribute>
      <attribute name="Confidence Level">3</attribute>
      <attribute name="Notes">NA</attribute>
      <attribute name="Sex">Female</attribute>
      <attribute name="Adipose Clipped">No</attribute>
    </box>
    <box frame="18" outside="0" occluded="0" keyframe="0" xtl="0.00" ytl="410.00" xbr="902.68" ybr="824.91" z_order="0">
      <attribute name="Injury">No</attribute>
      <attribute name="Confidence Level">3</attribute>
      <attribute name="Notes">NA</attribute>
      <attribute name="Sex">Female</attribute>
      <attribute name="Adipose Clipped">No</attribute>
    </box>
    <box frame="19" outside="0" occluded="0" keyframe="1" xtl="0.00" ytl="410.00" xbr="944.40" ybr="828.20" z_order="0">
      <attribute name="Injury">No</attribute>
      <attribute name="Confidence Level">3</attribute>
      <attribute name="Notes">NA</attribute>
      <attribute name="Sex">Female</attribute>
      <attribute name="Adipose Clipped">No</attribute>
    </box>
    <box frame="20" outside="0" occluded="0" keyframe="0" xtl="0.00" ytl="410.00" xbr="997.28" ybr="829.32" z_order="0">
      <attribute name="Injury">No</attribute>
      <attribute name="Confidence Level">3</attribute>
      <attribute name="Notes">NA</attribute>
      <attribute name="Sex">Female</attribute>
      <attribute name="Adipose Clipped">No</attribute>
    </box>
    <box frame="21" outside="0" occluded="0" keyframe="0" xtl="0.00" ytl="410.00" xbr="1050.16" ybr="830.44" z_order="0">
      <attribute name="Injury">No</attribute>
      <attribute name="Confidence Level">3</attribute>
      <attribute name="Notes">NA</attribute>
      <attribute name="Sex">Female</attribute>
      <attribute name="Adipose Clipped">No</attribute>
    </box>
    <box frame="22" outside="0" occluded="0" keyframe="0" xtl="0.00" ytl="410.00" xbr="1103.04" ybr="831.56" z_order="0">
      <attribute name="Injury">No</attribute>
      <attribute name="Confidence Level">3</attribute>
      <attribute name="Notes">NA</attribute>
      <attribute name="Sex">Female</attribute>
      <attribute name="Adipose Clipped">No</attribute>
    </box>
    <box frame="23" outside="0" occluded="0" keyframe="0" xtl="0.00" ytl="410.00" xbr="1155.92" ybr="832.68" z_order="0">
      <attribute name="Injury">No</attribute>
      <attribute name="Confidence Level">3</attribute>
      <attribute name="Notes">NA</attribute>
      <attribute name="Sex">Female</attribute>
      <attribute name="Adipose Clipped">No</attribute>
    </box>
    <box frame="24" outside="0" occluded="0" keyframe="1" xtl="0.00" ytl="410.00" xbr="1208.80" ybr="833.80" z_order="0">
      <attribute name="Injury">No</attribute>
      <attribute name="Confidence Level">3</attribute>
      <attribute name="Notes">NA</attribute>
      <attribute name="Sex">Female</attribute>
      <attribute name="Adipose Clipped">No</attribute>
    </box>
    <box frame="25" outside="0" occluded="0" keyframe="0" xtl="0.00" ytl="410.00" xbr="1263.65" ybr="833.80" z_order="0">
      <attribute name="Injury">No</attribute>
      <attribute name="Confidence Level">3</attribute>
      <attribute name="Notes">NA</attribute>
      <attribute name="Sex">Female</attribute>
      <attribute name="Adipose Clipped">No</attribute>
    </box>
    <box frame="26" outside="0" occluded="0" keyframe="0" xtl="0.00" ytl="410.00" xbr="1318.50" ybr="833.80" z_order="0">
      <attribute name="Injury">No</attribute>
      <attribute name="Confidence Level">3</attribute>
      <attribute name="Notes">NA</attribute>
      <attribute name="Sex">Female</attribute>
      <attribute name="Adipose Clipped">No</attribute>
    </box>
    <box frame="27" outside="0" occluded="0" keyframe="0" xtl="0.00" ytl="410.00" xbr="1373.35" ybr="833.80" z_order="0">
      <attribute name="Injury">No</attribute>
      <attribute name="Confidence Level">3</attribute>
      <attribute name="Notes">NA</attribute>
      <attribute name="Sex">Female</attribute>
      <attribute name="Adipose Clipped">No</attribute>
    </box>
    <box frame="28" outside="0" occluded="0" keyframe="1" xtl="0.00" ytl="410.00" xbr="1428.20" ybr="833.80" z_order="0">
      <attribute name="Injury">No</attribute>
      <attribute name="Confidence Level">3</attribute>
      <attribute name="Notes">NA</attribute>
      <attribute name="Sex">Female</attribute>
      <attribute name="Adipose Clipped">No</attribute>
    </box>
    <box frame="29" outside="0" occluded="0" keyframe="0" xtl="38.44" ytl="410.00" xbr="1466.64" ybr="833.80" z_order="0">
      <attribute name="Injury">No</attribute>
      <attribute name="Confidence Level">3</attribute>
      <attribute name="Notes">NA</attribute>
      <attribute name="Sex">Female</attribute>
      <attribute name="Adipose Clipped">No</attribute>
    </box>
    <box frame="30" outside="0" occluded="0" keyframe="1" xtl="76.88" ytl="410.00" xbr="1505.08" ybr="833.80" z_order="0">
      <attribute name="Injury">No</attribute>
      <attribute name="Confidence Level">3</attribute>
      <attribute name="Notes">NA</attribute>
      <attribute name="Sex">Female</attribute>
      <attribute name="Adipose Clipped">No</attribute>
    </box>
    <box frame="31" outside="0" occluded="0" keyframe="0" xtl="113.75" ytl="410.00" xbr="1541.95" ybr="833.80" z_order="0">
      <attribute name="Injury">No</attribute>
      <attribute name="Confidence Level">3</attribute>
      <attribute name="Notes">NA</attribute>
      <attribute name="Sex">Female</attribute>
      <attribute name="Adipose Clipped">No</attribute>
    </box>
    <box frame="32" outside="0" occluded="0" keyframe="0" xtl="150.62" ytl="410.00" xbr="1578.83" ybr="833.80" z_order="0">
      <attribute name="Injury">No</attribute>
      <attribute name="Confidence Level">3</attribute>
      <attribute name="Notes">NA</attribute>
      <attribute name="Sex">Female</attribute>
      <attribute name="Adipose Clipped">No</attribute>
    </box>
    <box frame="33" outside="0" occluded="0" keyframe="1" xtl="187.50" ytl="410.00" xbr="1615.70" ybr="833.80" z_order="0">
      <attribute name="Injury">No</attribute>
      <attribute name="Confidence Level">3</attribute>
      <attribute name="Notes">NA</attribute>
      <attribute name="Sex">Female</attribute>
      <attribute name="Adipose Clipped">No</attribute>
    </box>
    <box frame="34" outside="0" occluded="0" keyframe="0" xtl="200.62" ytl="403.24" xbr="1628.83" ybr="834.18" z_order="0">
      <attribute name="Injury">No</attribute>
      <attribute name="Confidence Level">3</attribute>
      <attribute name="Notes">NA</attribute>
      <attribute name="Sex">Female</attribute>
      <attribute name="Adipose Clipped">No</attribute>
    </box>
    <box frame="35" outside="0" occluded="0" keyframe="0" xtl="213.75" ytl="396.48" xbr="1641.95" ybr="834.55" z_order="0">
      <attribute name="Injury">No</attribute>
      <attribute name="Confidence Level">3</attribute>
      <attribute name="Notes">NA</attribute>
      <attribute name="Sex">Female</attribute>
      <attribute name="Adipose Clipped">No</attribute>
    </box>
    <box frame="36" outside="0" occluded="0" keyframe="0" xtl="226.88" ytl="389.72" xbr="1655.08" ybr="834.93" z_order="0">
      <attribute name="Injury">No</attribute>
      <attribute name="Confidence Level">3</attribute>
      <attribute name="Notes">NA</attribute>
      <attribute name="Sex">Female</attribute>
      <attribute name="Adipose Clipped">No</attribute>
    </box>
    <box frame="37" outside="0" occluded="0" keyframe="0" xtl="240.00" ytl="382.96" xbr="1668.20" ybr="835.30" z_order="0">
      <attribute name="Injury">No</attribute>
      <attribute name="Confidence Level">3</attribute>
      <attribute name="Notes">NA</attribute>
      <attribute name="Sex">Female</attribute>
      <attribute name="Adipose Clipped">No</attribute>
    </box>
    <box frame="38" outside="0" occluded="0" keyframe="1" xtl="253.12" ytl="376.20" xbr="1681.33" ybr="835.68" z_order="0">
      <attribute name="Injury">No</attribute>
      <attribute name="Confidence Level">3</attribute>
      <attribute name="Notes">NA</attribute>
      <attribute name="Sex">Female</attribute>
      <attribute name="Adipose Clipped">No</attribute>
    </box>
    <box frame="39" outside="0" occluded="0" keyframe="0" xtl="270.94" ytl="376.20" xbr="1699.14" ybr="835.68" z_order="0">
      <attribute name="Injury">No</attribute>
      <attribute name="Confidence Level">3</attribute>
      <attribute name="Notes">NA</attribute>
      <attribute name="Sex">Female</attribute>
      <attribute name="Adipose Clipped">No</attribute>
    </box>
    <box frame="40" outside="0" occluded="0" keyframe="0" xtl="288.75" ytl="376.20" xbr="1716.95" ybr="835.68" z_order="0">
      <attribute name="Injury">No</attribute>
      <attribute name="Confidence Level">3</attribute>
      <attribute name="Notes">NA</attribute>
      <attribute name="Sex">Female</attribute>
      <attribute name="Adipose Clipped">No</attribute>
    </box>
    <box frame="41" outside="0" occluded="0" keyframe="0" xtl="306.56" ytl="376.20" xbr="1734.76" ybr="835.68" z_order="0">
      <attribute name="Injury">No</attribute>
      <attribute name="Confidence Level">3</attribute>
      <attribute name="Notes">NA</attribute>
      <attribute name="Sex">Female</attribute>
      <attribute name="Adipose Clipped">No</attribute>
    </box>
    <box frame="42" outside="0" occluded="0" keyframe="1" xtl="324.38" ytl="376.20" xbr="1752.58" ybr="835.68" z_order="0">
      <attribute name="Injury">No</attribute>
      <attribute name="Confidence Level">3</attribute>
      <attribute name="Notes">NA</attribute>
      <attribute name="Sex">Female</attribute>
      <attribute name="Adipose Clipped">No</attribute>
    </box>
    <box frame="43" outside="0" occluded="0" keyframe="0" xtl="316.17" ytl="376.20" xbr="1744.37" ybr="835.68" z_order="0">
      <attribute name="Injury">No</attribute>
      <attribute name="Confidence Level">3</attribute>
      <attribute name="Notes">NA</attribute>
      <attribute name="Sex">Female</attribute>
      <attribute name="Adipose Clipped">No</attribute>
    </box>
    <box frame="44" outside="0" occluded="0" keyframe="0" xtl="307.97" ytl="376.20" xbr="1736.17" ybr="835.68" z_order="0">
      <attribute name="Injury">No</attribute>
      <attribute name="Confidence Level">3</attribute>
      <attribute name="Notes">NA</attribute>
      <attribute name="Sex">Female</attribute>
      <attribute name="Adipose Clipped">No</attribute>
    </box>
    <box frame="45" outside="0" occluded="0" keyframe="0" xtl="299.77" ytl="376.20" xbr="1727.97" ybr="835.68" z_order="0">
      <attribute name="Injury">No</attribute>
      <attribute name="Confidence Level">3</attribute>
      <attribute name="Notes">NA</attribute>
      <attribute name="Sex">Female</attribute>
      <attribute name="Adipose Clipped">No</attribute>
    </box>
    <box frame="46" outside="0" occluded="0" keyframe="0" xtl="291.56" ytl="376.20" xbr="1719.76" ybr="835.68" z_order="0">
      <attribute name="Injury">No</attribute>
      <attribute name="Confidence Level">3</attribute>
      <attribute name="Notes">NA</attribute>
      <attribute name="Sex">Female</attribute>
      <attribute name="Adipose Clipped">No</attribute>
    </box>
    <box frame="47" outside="0" occluded="0" keyframe="0" xtl="283.36" ytl="376.20" xbr="1711.56" ybr="835.68" z_order="0">
      <attribute name="Injury">No</attribute>
      <attribute name="Confidence Level">3</attribute>
      <attribute name="Notes">NA</attribute>
      <attribute name="Sex">Female</attribute>
      <attribute name="Adipose Clipped">No</attribute>
    </box>
    <box frame="48" outside="0" occluded="0" keyframe="0" xtl="275.16" ytl="376.20" xbr="1703.36" ybr="835.68" z_order="0">
      <attribute name="Injury">No</attribute>
      <attribute name="Confidence Level">3</attribute>
      <attribute name="Notes">NA</attribute>
      <attribute name="Sex">Female</attribute>
      <attribute name="Adipose Clipped">No</attribute>
    </box>
    <box frame="49" outside="0" occluded="0" keyframe="0" xtl="266.95" ytl="376.20" xbr="1695.15" ybr="835.68" z_order="0">
      <attribute name="Injury">No</attribute>
      <attribute name="Confidence Level">3</attribute>
      <attribute name="Notes">NA</attribute>
      <attribute name="Sex">Female</attribute>
      <attribute name="Adipose Clipped">No</attribute>
    </box>
    <box frame="50" outside="0" occluded="0" keyframe="1" xtl="258.75" ytl="376.20" xbr="1686.95" ybr="835.68" z_order="0">
      <attribute name="Injury">No</attribute>
      <attribute name="Confidence Level">3</attribute>
      <attribute name="Notes">NA</attribute>
      <attribute name="Sex">Female</attribute>
      <attribute name="Adipose Clipped">No</attribute>
    </box>
    <box frame="51" outside="0" occluded="0" keyframe="0" xtl="216.58" ytl="376.20" xbr="1686.95" ybr="846.94" z_order="0">
      <attribute name="Injury">No</attribute>
      <attribute name="Confidence Level">3</attribute>
      <attribute name="Notes">NA</attribute>
      <attribute name="Sex">Female</attribute>
      <attribute name="Adipose Clipped">No</attribute>
    </box>
    <box frame="52" outside="0" occluded="0" keyframe="1" xtl="174.40" ytl="376.20" xbr="1686.95" ybr="858.20" z_order="0">
      <attribute name="Injury">No</attribute>
      <attribute name="Confidence Level">3</attribute>
      <attribute name="Notes">NA</attribute>
      <attribute name="Sex">Female</attribute>
      <attribute name="Adipose Clipped">No</attribute>
    </box>
    <box frame="53" outside="0" occluded="0" keyframe="0" xtl="168.78" ytl="376.20" xbr="1681.33" ybr="858.20" z_order="0">
      <attribute name="Injury">No</attribute>
      <attribute name="Confidence Level">3</attribute>
      <attribute name="Notes">NA</attribute>
      <attribute name="Sex">Female</attribute>
      <attribute name="Adipose Clipped">No</attribute>
    </box>
    <box frame="54" outside="0" occluded="0" keyframe="1" xtl="163.15" ytl="376.20" xbr="1675.70" ybr="858.20" z_order="0">
      <attribute name="Injury">No</attribute>
      <attribute name="Confidence Level">3</attribute>
      <attribute name="Notes">NA</attribute>
      <attribute name="Sex">Female</attribute>
      <attribute name="Adipose Clipped">No</attribute>
    </box>
    <box frame="55" outside="0" occluded="0" keyframe="0" xtl="123.78" ytl="376.20" xbr="1675.70" ybr="861.95" z_order="0">
      <attribute name="Injury">No</attribute>
      <attribute name="Confidence Level">3</attribute>
      <attribute name="Notes">NA</attribute>
      <attribute name="Sex">Female</attribute>
      <attribute name="Adipose Clipped">No</attribute>
    </box>
    <box frame="56" outside="0" occluded="0" keyframe="1" xtl="84.40" ytl="376.20" xbr="1675.70" ybr="865.70" z_order="0">
      <attribute name="Injury">No</attribute>
      <attribute name="Confidence Level">3</attribute>
      <attribute name="Notes">NA</attribute>
      <attribute name="Sex">Female</attribute>
      <attribute name="Adipose Clipped">No</attribute>
    </box>
    <box frame="57" outside="0" occluded="0" keyframe="0" xtl="63.78" ytl="376.20" xbr="1655.08" ybr="865.70" z_order="0">
      <attribute name="Injury">No</attribute>
      <attribute name="Confidence Level">3</attribute>
      <attribute name="Notes">NA</attribute>
      <attribute name="Sex">Female</attribute>
      <attribute name="Adipose Clipped">No</attribute>
    </box>
    <box frame="58" outside="0" occluded="0" keyframe="1" xtl="43.15" ytl="376.20" xbr="1634.45" ybr="865.70" z_order="0">
      <attribute name="Injury">No</attribute>
      <attribute name="Confidence Level">3</attribute>
      <attribute name="Notes">NA</attribute>
      <attribute name="Sex">Female</attribute>
      <attribute name="Adipose Clipped">No</attribute>
    </box>
    <box frame="59" outside="0" occluded="0" keyframe="0" xtl="21.58" ytl="374.33" xbr="1589.45" ybr="863.83" z_order="0">
      <attribute name="Injury">No</attribute>
      <attribute name="Confidence Level">3</attribute>
      <attribute name="Notes">NA</attribute>
      <attribute name="Sex">Female</attribute>
      <attribute name="Adipose Clipped">No</attribute>
    </box>
    <box frame="60" outside="0" occluded="0" keyframe="1" xtl="0.00" ytl="372.45" xbr="1544.45" ybr="861.95" z_order="0">
      <attribute name="Injury">No</attribute>
      <attribute name="Confidence Level">3</attribute>
      <attribute name="Notes">NA</attribute>
      <attribute name="Sex">Female</attribute>
      <attribute name="Adipose Clipped">No</attribute>
    </box>
    <box frame="61" outside="0" occluded="0" keyframe="0" xtl="0.00" ytl="372.68" xbr="1521.48" ybr="865.93" z_order="0">
      <attribute name="Injury">No</attribute>
      <attribute name="Confidence Level">3</attribute>
      <attribute name="Notes">NA</attribute>
      <attribute name="Sex">Female</attribute>
      <attribute name="Adipose Clipped">No</attribute>
    </box>
    <box frame="62" outside="0" occluded="0" keyframe="0" xtl="0.00" ytl="372.92" xbr="1498.51" ybr="869.91" z_order="0">
      <attribute name="Injury">No</attribute>
      <attribute name="Confidence Level">3</attribute>
      <attribute name="Notes">NA</attribute>
      <attribute name="Sex">Female</attribute>
      <attribute name="Adipose Clipped">No</attribute>
    </box>
    <box frame="63" outside="0" occluded="0" keyframe="0" xtl="0.00" ytl="373.15" xbr="1475.54" ybr="873.89" z_order="0">
      <attribute name="Injury">No</attribute>
      <attribute name="Confidence Level">3</attribute>
      <attribute name="Notes">NA</attribute>
      <attribute name="Sex">Female</attribute>
      <attribute name="Adipose Clipped">No</attribute>
    </box>
    <box frame="64" outside="0" occluded="0" keyframe="0" xtl="0.00" ytl="373.39" xbr="1452.58" ybr="877.88" z_order="0">
      <attribute name="Injury">No</attribute>
      <attribute name="Confidence Level">3</attribute>
      <attribute name="Notes">NA</attribute>
      <attribute name="Sex">Female</attribute>
      <attribute name="Adipose Clipped">No</attribute>
    </box>
    <box frame="65" outside="0" occluded="0" keyframe="0" xtl="0.00" ytl="373.62" xbr="1429.61" ybr="881.86" z_order="0">
      <attribute name="Injury">No</attribute>
      <attribute name="Confidence Level">3</attribute>
      <attribute name="Notes">NA</attribute>
      <attribute name="Sex">Female</attribute>
      <attribute name="Adipose Clipped">No</attribute>
    </box>
    <box frame="66" outside="0" occluded="0" keyframe="0" xtl="0.00" ytl="373.86" xbr="1406.64" ybr="885.84" z_order="0">
      <attribute name="Injury">No</attribute>
      <attribute name="Confidence Level">3</attribute>
      <attribute name="Notes">NA</attribute>
      <attribute name="Sex">Female</attribute>
      <attribute name="Adipose Clipped">No</attribute>
    </box>
    <box frame="67" outside="0" occluded="0" keyframe="0" xtl="0.00" ytl="374.09" xbr="1383.67" ybr="889.82" z_order="0">
      <attribute name="Injury">No</attribute>
      <attribute name="Confidence Level">3</attribute>
      <attribute name="Notes">NA</attribute>
      <attribute name="Sex">Female</attribute>
      <attribute name="Adipose Clipped">No</attribute>
    </box>
    <box frame="68" outside="0" occluded="0" keyframe="1" xtl="0.00" ytl="374.33" xbr="1360.70" ybr="893.80" z_order="0">
      <attribute name="Injury">No</attribute>
      <attribute name="Confidence Level">3</attribute>
      <attribute name="Notes">NA</attribute>
      <attribute name="Sex">Female</attribute>
      <attribute name="Adipose Clipped">No</attribute>
    </box>
    <box frame="69" outside="0" occluded="0" keyframe="0" xtl="0.00" ytl="375.73" xbr="1334.45" ybr="895.21" z_order="0">
      <attribute name="Injury">No</attribute>
      <attribute name="Confidence Level">3</attribute>
      <attribute name="Notes">NA</attribute>
      <attribute name="Sex">Female</attribute>
      <attribute name="Adipose Clipped">No</attribute>
    </box>
    <box frame="70" outside="0" occluded="0" keyframe="0" xtl="0.00" ytl="377.14" xbr="1308.20" ybr="896.61" z_order="0">
      <attribute name="Injury">No</attribute>
      <attribute name="Confidence Level">3</attribute>
      <attribute name="Notes">NA</attribute>
      <attribute name="Sex">Female</attribute>
      <attribute name="Adipose Clipped">No</attribute>
    </box>
    <box frame="71" outside="0" occluded="0" keyframe="0" xtl="0.00" ytl="378.54" xbr="1281.95" ybr="898.02" z_order="0">
      <attribute name="Injury">No</attribute>
      <attribute name="Confidence Level">3</attribute>
      <attribute name="Notes">NA</attribute>
      <attribute name="Sex">Female</attribute>
      <attribute name="Adipose Clipped">No</attribute>
    </box>
    <box frame="72" outside="0" occluded="0" keyframe="1" xtl="0.00" ytl="379.95" xbr="1255.70" ybr="899.43" z_order="0">
      <attribute name="Injury">No</attribute>
      <attribute name="Confidence Level">3</attribute>
      <attribute name="Notes">NA</attribute>
      <attribute name="Sex">Female</attribute>
      <attribute name="Adipose Clipped">No</attribute>
    </box>
    <box frame="73" outside="0" occluded="0" keyframe="0" xtl="0.00" ytl="387.92" xbr="1228.05" ybr="892.87" z_order="0">
      <attribute name="Injury">No</attribute>
      <attribute name="Confidence Level">3</attribute>
      <attribute name="Notes">NA</attribute>
      <attribute name="Sex">Female</attribute>
      <attribute name="Adipose Clipped">No</attribute>
    </box>
    <box frame="74" outside="0" occluded="0" keyframe="0" xtl="0.00" ytl="395.89" xbr="1200.40" ybr="886.31" z_order="0">
      <attribute name="Injury">No</attribute>
      <attribute name="Confidence Level">3</attribute>
      <attribute name="Notes">NA</attribute>
      <attribute name="Sex">Female</attribute>
      <attribute name="Adipose Clipped">No</attribute>
    </box>
    <box frame="75" outside="0" occluded="0" keyframe="0" xtl="0.00" ytl="403.86" xbr="1172.75" ybr="879.76" z_order="0">
      <attribute name="Injury">No</attribute>
      <attribute name="Confidence Level">3</attribute>
      <attribute name="Notes">NA</attribute>
      <attribute name="Sex">Female</attribute>
      <attribute name="Adipose Clipped">No</attribute>
    </box>
    <box frame="76" outside="0" occluded="0" keyframe="1" xtl="0.00" ytl="411.83" xbr="1145.10" ybr="873.20" z_order="0">
      <attribute name="Injury">No</attribute>
      <attribute name="Confidence Level">3</attribute>
      <attribute name="Notes">NA</attribute>
      <attribute name="Sex">Female</attribute>
      <attribute name="Adipose Clipped">No</attribute>
    </box>
    <box frame="77" outside="0" occluded="0" keyframe="0" xtl="0.00" ytl="411.83" xbr="1120.10" ybr="873.20" z_order="0">
      <attribute name="Injury">No</attribute>
      <attribute name="Confidence Level">3</attribute>
      <attribute name="Notes">NA</attribute>
      <attribute name="Sex">Female</attribute>
      <attribute name="Adipose Clipped">No</attribute>
    </box>
    <box frame="78" outside="0" occluded="0" keyframe="0" xtl="0.00" ytl="411.83" xbr="1095.10" ybr="873.20" z_order="0">
      <attribute name="Injury">No</attribute>
      <attribute name="Confidence Level">3</attribute>
      <attribute name="Notes">NA</attribute>
      <attribute name="Sex">Female</attribute>
      <attribute name="Adipose Clipped">No</attribute>
    </box>
    <box frame="79" outside="0" occluded="0" keyframe="1" xtl="0.00" ytl="411.83" xbr="1070.10" ybr="873.20" z_order="0">
      <attribute name="Injury">No</attribute>
      <attribute name="Confidence Level">3</attribute>
      <attribute name="Notes">NA</attribute>
      <attribute name="Sex">Female</attribute>
      <attribute name="Adipose Clipped">No</attribute>
    </box>
    <box frame="80" outside="0" occluded="0" keyframe="0" xtl="0.00" ytl="411.83" xbr="1048.73" ybr="873.20" z_order="0">
      <attribute name="Injury">No</attribute>
      <attribute name="Confidence Level">3</attribute>
      <attribute name="Notes">NA</attribute>
      <attribute name="Sex">Female</attribute>
      <attribute name="Adipose Clipped">No</attribute>
    </box>
    <box frame="81" outside="0" occluded="0" keyframe="0" xtl="0.00" ytl="411.83" xbr="1027.35" ybr="873.20" z_order="0">
      <attribute name="Injury">No</attribute>
      <attribute name="Confidence Level">3</attribute>
      <attribute name="Notes">NA</attribute>
      <attribute name="Sex">Female</attribute>
      <attribute name="Adipose Clipped">No</attribute>
    </box>
    <box frame="82" outside="0" occluded="0" keyframe="0" xtl="0.00" ytl="411.83" xbr="1005.98" ybr="873.20" z_order="0">
      <attribute name="Injury">No</attribute>
      <attribute name="Confidence Level">3</attribute>
      <attribute name="Notes">NA</attribute>
      <attribute name="Sex">Female</attribute>
      <attribute name="Adipose Clipped">No</attribute>
    </box>
    <box frame="83" outside="0" occluded="0" keyframe="0" xtl="0.00" ytl="411.83" xbr="984.60" ybr="873.20" z_order="0">
      <attribute name="Injury">No</attribute>
      <attribute name="Confidence Level">3</attribute>
      <attribute name="Notes">NA</attribute>
      <attribute name="Sex">Female</attribute>
      <attribute name="Adipose Clipped">No</attribute>
    </box>
    <box frame="84" outside="0" occluded="0" keyframe="1" xtl="0.00" ytl="411.83" xbr="963.23" ybr="873.20" z_order="0">
      <attribute name="Injury">No</attribute>
      <attribute name="Confidence Level">3</attribute>
      <attribute name="Notes">NA</attribute>
      <attribute name="Sex">Female</attribute>
      <attribute name="Adipose Clipped">No</attribute>
    </box>
    <box frame="85" outside="0" occluded="0" keyframe="0" xtl="0.00" ytl="419.33" xbr="931.35" ybr="863.20" z_order="0">
      <attribute name="Injury">No</attribute>
      <attribute name="Confidence Level">3</attribute>
      <attribute name="Notes">NA</attribute>
      <attribute name="Sex">Female</attribute>
      <attribute name="Adipose Clipped">No</attribute>
    </box>
    <box frame="86" outside="0" occluded="0" keyframe="0" xtl="0.00" ytl="426.83" xbr="899.48" ybr="853.20" z_order="0">
      <attribute name="Injury">No</attribute>
      <attribute name="Confidence Level">3</attribute>
      <attribute name="Notes">NA</attribute>
      <attribute name="Sex">Female</attribute>
      <attribute name="Adipose Clipped">No</attribute>
    </box>
    <box frame="87" outside="0" occluded="0" keyframe="1" xtl="0.00" ytl="434.33" xbr="867.60" ybr="843.20" z_order="0">
      <attribute name="Injury">No</attribute>
      <attribute name="Confidence Level">3</attribute>
      <attribute name="Notes">NA</attribute>
      <attribute name="Sex">Female</attribute>
      <attribute name="Adipose Clipped">No</attribute>
    </box>
    <box frame="88" outside="0" occluded="0" keyframe="0" xtl="0.00" ytl="433.70" xbr="842.60" ybr="842.58" z_order="0">
      <attribute name="Injury">No</attribute>
      <attribute name="Confidence Level">3</attribute>
      <attribute name="Notes">NA</attribute>
      <attribute name="Sex">Female</attribute>
      <attribute name="Adipose Clipped">No</attribute>
    </box>
    <box frame="89" outside="0" occluded="0" keyframe="0" xtl="0.00" ytl="433.08" xbr="817.60" ybr="841.95" z_order="0">
      <attribute name="Injury">No</attribute>
      <attribute name="Confidence Level">3</attribute>
      <attribute name="Notes">NA</attribute>
      <attribute name="Sex">Female</attribute>
      <attribute name="Adipose Clipped">No</attribute>
    </box>
    <box frame="90" outside="0" occluded="0" keyframe="1" xtl="0.00" ytl="432.45" xbr="792.60" ybr="841.33" z_order="0">
      <attribute name="Injury">No</attribute>
      <attribute name="Confidence Level">3</attribute>
      <attribute name="Notes">NA</attribute>
      <attribute name="Sex">Female</attribute>
      <attribute name="Adipose Clipped">No</attribute>
    </box>
    <box frame="91" outside="0" occluded="0" keyframe="0" xtl="0.00" ytl="434.33" xbr="765.88" ybr="843.20" z_order="0">
      <attribute name="Injury">No</attribute>
      <attribute name="Confidence Level">3</attribute>
      <attribute name="Notes">NA</attribute>
      <attribute name="Sex">Female</attribute>
      <attribute name="Adipose Clipped">No</attribute>
    </box>
    <box frame="92" outside="0" occluded="0" keyframe="0" xtl="0.00" ytl="436.20" xbr="739.16" ybr="845.08" z_order="0">
      <attribute name="Injury">No</attribute>
      <attribute name="Confidence Level">3</attribute>
      <attribute name="Notes">NA</attribute>
      <attribute name="Sex">Female</attribute>
      <attribute name="Adipose Clipped">No</attribute>
    </box>
    <box frame="93" outside="0" occluded="0" keyframe="0" xtl="0.00" ytl="438.08" xbr="712.44" ybr="846.95" z_order="0">
      <attribute name="Injury">No</attribute>
      <attribute name="Confidence Level">3</attribute>
      <attribute name="Notes">NA</attribute>
      <attribute name="Sex">Female</attribute>
      <attribute name="Adipose Clipped">No</attribute>
    </box>
    <box frame="94" outside="0" occluded="0" keyframe="1" xtl="0.00" ytl="439.95" xbr="685.73" ybr="848.83" z_order="0">
      <attribute name="Injury">No</attribute>
      <attribute name="Confidence Level">3</attribute>
      <attribute name="Notes">NA</attribute>
      <attribute name="Sex">Female</attribute>
      <attribute name="Adipose Clipped">No</attribute>
    </box>
    <box frame="95" outside="0" occluded="0" keyframe="0" xtl="0.00" ytl="439.20" xbr="662.10" ybr="848.08" z_order="0">
      <attribute name="Injury">No</attribute>
      <attribute name="Confidence Level">3</attribute>
      <attribute name="Notes">NA</attribute>
      <attribute name="Sex">Female</attribute>
      <attribute name="Adipose Clipped">No</attribute>
    </box>
    <box frame="96" outside="0" occluded="0" keyframe="0" xtl="0.00" ytl="438.45" xbr="638.48" ybr="847.33" z_order="0">
      <attribute name="Injury">No</attribute>
      <attribute name="Confidence Level">3</attribute>
      <attribute name="Notes">NA</attribute>
      <attribute name="Sex">Female</attribute>
      <attribute name="Adipose Clipped">No</attribute>
    </box>
    <box frame="97" outside="0" occluded="0" keyframe="0" xtl="0.00" ytl="437.70" xbr="614.85" ybr="846.58" z_order="0">
      <attribute name="Injury">No</attribute>
      <attribute name="Confidence Level">3</attribute>
      <attribute name="Notes">NA</attribute>
      <attribute name="Sex">Female</attribute>
      <attribute name="Adipose Clipped">No</attribute>
    </box>
    <box frame="98" outside="0" occluded="0" keyframe="0" xtl="0.00" ytl="436.95" xbr="591.23" ybr="845.83" z_order="0">
      <attribute name="Injury">No</attribute>
      <attribute name="Confidence Level">3</attribute>
      <attribute name="Notes">NA</attribute>
      <attribute name="Sex">Female</attribute>
      <attribute name="Adipose Clipped">No</attribute>
    </box>
    <box frame="99" outside="0" occluded="0" keyframe="1" xtl="0.00" ytl="436.20" xbr="567.60" ybr="845.08" z_order="0">
      <attribute name="Injury">No</attribute>
      <attribute name="Confidence Level">3</attribute>
      <attribute name="Notes">NA</attribute>
      <attribute name="Sex">Female</attribute>
      <attribute name="Adipose Clipped">No</attribute>
    </box>
    <box frame="100" outside="0" occluded="0" keyframe="0" xtl="0.00" ytl="436.32" xbr="573.23" ybr="845.66" z_order="0">
      <attribute name="Injury">No</attribute>
      <attribute name="Confidence Level">3</attribute>
      <attribute name="Notes">NA</attribute>
      <attribute name="Sex">Female</attribute>
      <attribute name="Adipose Clipped">No</attribute>
    </box>
    <box frame="101" outside="0" occluded="0" keyframe="0" xtl="0.00" ytl="436.43" xbr="578.85" ybr="846.25" z_order="0">
      <attribute name="Injury">No</attribute>
      <attribute name="Confidence Level">3</attribute>
      <attribute name="Notes">NA</attribute>
      <attribute name="Sex">Female</attribute>
      <attribute name="Adipose Clipped">No</attribute>
    </box>
    <box frame="102" outside="0" occluded="0" keyframe="0" xtl="0.00" ytl="436.55" xbr="584.48" ybr="846.84" z_order="0">
      <attribute name="Injury">No</attribute>
      <attribute name="Confidence Level">3</attribute>
      <attribute name="Notes">NA</attribute>
      <attribute name="Sex">Female</attribute>
      <attribute name="Adipose Clipped">No</attribute>
    </box>
    <box frame="103" outside="0" occluded="0" keyframe="0" xtl="0.00" ytl="436.67" xbr="590.11" ybr="847.43" z_order="0">
      <attribute name="Injury">No</attribute>
      <attribute name="Confidence Level">3</attribute>
      <attribute name="Notes">NA</attribute>
      <attribute name="Sex">Female</attribute>
      <attribute name="Adipose Clipped">No</attribute>
    </box>
    <box frame="104" outside="0" occluded="0" keyframe="0" xtl="0.00" ytl="436.79" xbr="595.73" ybr="848.01" z_order="0">
      <attribute name="Injury">No</attribute>
      <attribute name="Confidence Level">3</attribute>
      <attribute name="Notes">NA</attribute>
      <attribute name="Sex">Female</attribute>
      <attribute name="Adipose Clipped">No</attribute>
    </box>
    <box frame="105" outside="0" occluded="0" keyframe="0" xtl="0.00" ytl="436.90" xbr="601.36" ybr="848.60" z_order="0">
      <attribute name="Injury">No</attribute>
      <attribute name="Confidence Level">3</attribute>
      <attribute name="Notes">NA</attribute>
      <attribute name="Sex">Female</attribute>
      <attribute name="Adipose Clipped">No</attribute>
    </box>
    <box frame="106" outside="0" occluded="0" keyframe="0" xtl="0.00" ytl="437.02" xbr="606.99" ybr="849.19" z_order="0">
      <attribute name="Injury">No</attribute>
      <attribute name="Confidence Level">3</attribute>
      <attribute name="Notes">NA</attribute>
      <attribute name="Sex">Female</attribute>
      <attribute name="Adipose Clipped">No</attribute>
    </box>
    <box frame="107" outside="0" occluded="0" keyframe="0" xtl="0.00" ytl="437.14" xbr="612.61" ybr="849.78" z_order="0">
      <attribute name="Injury">No</attribute>
      <attribute name="Confidence Level">3</attribute>
      <attribute name="Notes">NA</attribute>
      <attribute name="Sex">Female</attribute>
      <attribute name="Adipose Clipped">No</attribute>
    </box>
    <box frame="108" outside="0" occluded="0" keyframe="0" xtl="0.00" ytl="437.25" xbr="618.24" ybr="850.36" z_order="0">
      <attribute name="Injury">No</attribute>
      <attribute name="Confidence Level">3</attribute>
      <attribute name="Notes">NA</attribute>
      <attribute name="Sex">Female</attribute>
      <attribute name="Adipose Clipped">No</attribute>
    </box>
    <box frame="109" outside="0" occluded="0" keyframe="0" xtl="0.00" ytl="437.37" xbr="623.87" ybr="850.95" z_order="0">
      <attribute name="Injury">No</attribute>
      <attribute name="Confidence Level">3</attribute>
      <attribute name="Notes">NA</attribute>
      <attribute name="Sex">Female</attribute>
      <attribute name="Adipose Clipped">No</attribute>
    </box>
    <box frame="110" outside="0" occluded="0" keyframe="0" xtl="0.00" ytl="437.49" xbr="629.49" ybr="851.54" z_order="0">
      <attribute name="Injury">No</attribute>
      <attribute name="Confidence Level">3</attribute>
      <attribute name="Notes">NA</attribute>
      <attribute name="Sex">Female</attribute>
      <attribute name="Adipose Clipped">No</attribute>
    </box>
    <box frame="111" outside="0" occluded="0" keyframe="0" xtl="0.00" ytl="437.61" xbr="635.12" ybr="852.13" z_order="0">
      <attribute name="Injury">No</attribute>
      <attribute name="Confidence Level">3</attribute>
      <attribute name="Notes">NA</attribute>
      <attribute name="Sex">Female</attribute>
      <attribute name="Adipose Clipped">No</attribute>
    </box>
    <box frame="112" outside="0" occluded="0" keyframe="0" xtl="0.00" ytl="437.72" xbr="640.75" ybr="852.71" z_order="0">
      <attribute name="Injury">No</attribute>
      <attribute name="Confidence Level">3</attribute>
      <attribute name="Notes">NA</attribute>
      <attribute name="Sex">Female</attribute>
      <attribute name="Adipose Clipped">No</attribute>
    </box>
    <box frame="113" outside="0" occluded="0" keyframe="0" xtl="0.00" ytl="437.84" xbr="646.37" ybr="853.30" z_order="0">
      <attribute name="Injury">No</attribute>
      <attribute name="Confidence Level">3</attribute>
      <attribute name="Notes">NA</attribute>
      <attribute name="Sex">Female</attribute>
      <attribute name="Adipose Clipped">No</attribute>
    </box>
    <box frame="114" outside="0" occluded="0" keyframe="0" xtl="0.00" ytl="437.96" xbr="652.00" ybr="853.89" z_order="0">
      <attribute name="Injury">No</attribute>
      <attribute name="Confidence Level">3</attribute>
      <attribute name="Notes">NA</attribute>
      <attribute name="Sex">Female</attribute>
      <attribute name="Adipose Clipped">No</attribute>
    </box>
    <box frame="115" outside="0" occluded="0" keyframe="1" xtl="0.00" ytl="438.08" xbr="657.62" ybr="854.48" z_order="0">
      <attribute name="Injury">No</attribute>
      <attribute name="Confidence Level">3</attribute>
      <attribute name="Notes">NA</attribute>
      <attribute name="Sex">Female</attribute>
      <attribute name="Adipose Clipped">No</attribute>
    </box>
    <box frame="116" outside="0" occluded="0" keyframe="0" xtl="0.00" ytl="438.08" xbr="703.56" ybr="854.48" z_order="0">
      <attribute name="Injury">No</attribute>
      <attribute name="Confidence Level">3</attribute>
      <attribute name="Notes">NA</attribute>
      <attribute name="Sex">Female</attribute>
      <attribute name="Adipose Clipped">No</attribute>
    </box>
    <box frame="117" outside="0" occluded="0" keyframe="1" xtl="0.00" ytl="438.08" xbr="749.50" ybr="854.48" z_order="0">
      <attribute name="Injury">No</attribute>
      <attribute name="Confidence Level">3</attribute>
      <attribute name="Notes">NA</attribute>
      <attribute name="Sex">Female</attribute>
      <attribute name="Adipose Clipped">No</attribute>
    </box>
    <box frame="118" outside="0" occluded="0" keyframe="0" xtl="0.00" ytl="438.08" xbr="784.50" ybr="854.48" z_order="0">
      <attribute name="Injury">No</attribute>
      <attribute name="Confidence Level">3</attribute>
      <attribute name="Notes">NA</attribute>
      <attribute name="Sex">Female</attribute>
      <attribute name="Adipose Clipped">No</attribute>
    </box>
    <box frame="119" outside="0" occluded="0" keyframe="0" xtl="0.00" ytl="438.08" xbr="819.50" ybr="854.48" z_order="0">
      <attribute name="Injury">No</attribute>
      <attribute name="Confidence Level">3</attribute>
      <attribute name="Notes">NA</attribute>
      <attribute name="Sex">Female</attribute>
      <attribute name="Adipose Clipped">No</attribute>
    </box>
    <box frame="120" outside="0" occluded="0" keyframe="1" xtl="0.00" ytl="438.08" xbr="854.50" ybr="854.48" z_order="0">
      <attribute name="Injury">No</attribute>
      <attribute name="Confidence Level">3</attribute>
      <attribute name="Notes">NA</attribute>
      <attribute name="Sex">Female</attribute>
      <attribute name="Adipose Clipped">No</attribute>
    </box>
    <box frame="121" outside="0" occluded="0" keyframe="0" xtl="0.00" ytl="438.08" xbr="877.48" ybr="854.48" z_order="0">
      <attribute name="Injury">No</attribute>
      <attribute name="Confidence Level">3</attribute>
      <attribute name="Notes">NA</attribute>
      <attribute name="Sex">Female</attribute>
      <attribute name="Adipose Clipped">No</attribute>
    </box>
    <box frame="122" outside="0" occluded="0" keyframe="0" xtl="0.00" ytl="438.08" xbr="900.45" ybr="854.48" z_order="0">
      <attribute name="Injury">No</attribute>
      <attribute name="Confidence Level">3</attribute>
      <attribute name="Notes">NA</attribute>
      <attribute name="Sex">Female</attribute>
      <attribute name="Adipose Clipped">No</attribute>
    </box>
    <box frame="123" outside="0" occluded="0" keyframe="0" xtl="0.00" ytl="438.08" xbr="923.43" ybr="854.48" z_order="0">
      <attribute name="Injury">No</attribute>
      <attribute name="Confidence Level">3</attribute>
      <attribute name="Notes">NA</attribute>
      <attribute name="Sex">Female</attribute>
      <attribute name="Adipose Clipped">No</attribute>
    </box>
    <box frame="124" outside="0" occluded="0" keyframe="1" xtl="0.00" ytl="438.08" xbr="946.40" ybr="854.48" z_order="0">
      <attribute name="Injury">No</attribute>
      <attribute name="Confidence Level">3</attribute>
      <attribute name="Notes">NA</attribute>
      <attribute name="Sex">Female</attribute>
      <attribute name="Adipose Clipped">No</attribute>
    </box>
    <box frame="125" outside="0" occluded="0" keyframe="0" xtl="0.00" ytl="438.08" xbr="958.58" ybr="854.48" z_order="0">
      <attribute name="Injury">No</attribute>
      <attribute name="Confidence Level">3</attribute>
      <attribute name="Notes">NA</attribute>
      <attribute name="Sex">Female</attribute>
      <attribute name="Adipose Clipped">No</attribute>
    </box>
    <box frame="126" outside="0" occluded="0" keyframe="0" xtl="0.00" ytl="438.08" xbr="970.77" ybr="854.48" z_order="0">
      <attribute name="Injury">No</attribute>
      <attribute name="Confidence Level">3</attribute>
      <attribute name="Notes">NA</attribute>
      <attribute name="Sex">Female</attribute>
      <attribute name="Adipose Clipped">No</attribute>
    </box>
    <box frame="127" outside="0" occluded="0" keyframe="0" xtl="0.00" ytl="438.08" xbr="982.95" ybr="854.48" z_order="0">
      <attribute name="Injury">No</attribute>
      <attribute name="Confidence Level">3</attribute>
      <attribute name="Notes">NA</attribute>
      <attribute name="Sex">Female</attribute>
      <attribute name="Adipose Clipped">No</attribute>
    </box>
    <box frame="128" outside="0" occluded="0" keyframe="0" xtl="0.00" ytl="438.08" xbr="995.13" ybr="854.48" z_order="0">
      <attribute name="Injury">No</attribute>
      <attribute name="Confidence Level">3</attribute>
      <attribute name="Notes">NA</attribute>
      <attribute name="Sex">Female</attribute>
      <attribute name="Adipose Clipped">No</attribute>
    </box>
    <box frame="129" outside="0" occluded="0" keyframe="0" xtl="0.00" ytl="438.08" xbr="1007.32" ybr="854.48" z_order="0">
      <attribute name="Injury">No</attribute>
      <attribute name="Confidence Level">3</attribute>
      <attribute name="Notes">NA</attribute>
      <attribute name="Sex">Female</attribute>
      <attribute name="Adipose Clipped">No</attribute>
    </box>
    <box frame="130" outside="0" occluded="0" keyframe="1" xtl="0.00" ytl="438.08" xbr="1019.50" ybr="854.48" z_order="0">
      <attribute name="Injury">No</attribute>
      <attribute name="Confidence Level">3</attribute>
      <attribute name="Notes">NA</attribute>
      <attribute name="Sex">Female</attribute>
      <attribute name="Adipose Clipped">No</attribute>
    </box>
    <box frame="131" outside="0" occluded="0" keyframe="0" xtl="0.00" ytl="438.08" xbr="1030.38" ybr="854.48" z_order="0">
      <attribute name="Injury">No</attribute>
      <attribute name="Confidence Level">3</attribute>
      <attribute name="Notes">NA</attribute>
      <attribute name="Sex">Female</attribute>
      <attribute name="Adipose Clipped">No</attribute>
    </box>
    <box frame="132" outside="0" occluded="0" keyframe="0" xtl="0.00" ytl="438.08" xbr="1041.26" ybr="854.48" z_order="0">
      <attribute name="Injury">No</attribute>
      <attribute name="Confidence Level">3</attribute>
      <attribute name="Notes">NA</attribute>
      <attribute name="Sex">Female</attribute>
      <attribute name="Adipose Clipped">No</attribute>
    </box>
    <box frame="133" outside="0" occluded="0" keyframe="0" xtl="0.00" ytl="438.08" xbr="1052.14" ybr="854.48" z_order="0">
      <attribute name="Injury">No</attribute>
      <attribute name="Confidence Level">3</attribute>
      <attribute name="Notes">NA</attribute>
      <attribute name="Sex">Female</attribute>
      <attribute name="Adipose Clipped">No</attribute>
    </box>
    <box frame="134" outside="0" occluded="0" keyframe="0" xtl="0.00" ytl="438.08" xbr="1063.02" ybr="854.48" z_order="0">
      <attribute name="Injury">No</attribute>
      <attribute name="Confidence Level">3</attribute>
      <attribute name="Notes">NA</attribute>
      <attribute name="Sex">Female</attribute>
      <attribute name="Adipose Clipped">No</attribute>
    </box>
    <box frame="135" outside="0" occluded="0" keyframe="1" xtl="0.00" ytl="438.08" xbr="1073.90" ybr="854.48" z_order="0">
      <attribute name="Injury">No</attribute>
      <attribute name="Confidence Level">3</attribute>
      <attribute name="Notes">NA</attribute>
      <attribute name="Sex">Female</attribute>
      <attribute name="Adipose Clipped">No</attribute>
    </box>
    <box frame="136" outside="0" occluded="0" keyframe="0" xtl="0.00" ytl="430.58" xbr="1082.03" ybr="854.48" z_order="0">
      <attribute name="Injury">No</attribute>
      <attribute name="Confidence Level">3</attribute>
      <attribute name="Notes">NA</attribute>
      <attribute name="Sex">Female</attribute>
      <attribute name="Adipose Clipped">No</attribute>
    </box>
    <box frame="137" outside="0" occluded="0" keyframe="0" xtl="0.00" ytl="423.08" xbr="1090.17" ybr="854.48" z_order="0">
      <attribute name="Injury">No</attribute>
      <attribute name="Confidence Level">3</attribute>
      <attribute name="Notes">NA</attribute>
      <attribute name="Sex">Female</attribute>
      <attribute name="Adipose Clipped">No</attribute>
    </box>
    <box frame="138" outside="0" occluded="0" keyframe="0" xtl="0.00" ytl="415.59" xbr="1098.30" ybr="854.48" z_order="0">
      <attribute name="Injury">No</attribute>
      <attribute name="Confidence Level">3</attribute>
      <attribute name="Notes">NA</attribute>
      <attribute name="Sex">Female</attribute>
      <attribute name="Adipose Clipped">No</attribute>
    </box>
    <box frame="139" outside="0" occluded="0" keyframe="0" xtl="0.00" ytl="408.09" xbr="1106.43" ybr="854.48" z_order="0">
      <attribute name="Injury">No</attribute>
      <attribute name="Confidence Level">3</attribute>
      <attribute name="Notes">NA</attribute>
      <attribute name="Sex">Female</attribute>
      <attribute name="Adipose Clipped">No</attribute>
    </box>
    <box frame="140" outside="0" occluded="0" keyframe="0" xtl="0.00" ytl="400.60" xbr="1114.57" ybr="854.48" z_order="0">
      <attribute name="Injury">No</attribute>
      <attribute name="Confidence Level">3</attribute>
      <attribute name="Notes">NA</attribute>
      <attribute name="Sex">Female</attribute>
      <attribute name="Adipose Clipped">No</attribute>
    </box>
    <box frame="141" outside="0" occluded="0" keyframe="1" xtl="0.00" ytl="393.10" xbr="1122.70" ybr="854.48" z_order="0">
      <attribute name="Injury">No</attribute>
      <attribute name="Confidence Level">3</attribute>
      <attribute name="Notes">NA</attribute>
      <attribute name="Sex">Female</attribute>
      <attribute name="Adipose Clipped">No</attribute>
    </box>
    <box frame="142" outside="0" occluded="0" keyframe="0" xtl="0.00" ytl="392.55" xbr="1123.62" ybr="854.93" z_order="0">
      <attribute name="Injury">No</attribute>
      <attribute name="Confidence Level">3</attribute>
      <attribute name="Notes">NA</attribute>
      <attribute name="Sex">Female</attribute>
      <attribute name="Adipose Clipped">No</attribute>
    </box>
    <box frame="143" outside="0" occluded="0" keyframe="0" xtl="0.00" ytl="392.01" xbr="1124.54" ybr="855.39" z_order="0">
      <attribute name="Injury">No</attribute>
      <attribute name="Confidence Level">3</attribute>
      <attribute name="Notes">NA</attribute>
      <attribute name="Sex">Female</attribute>
      <attribute name="Adipose Clipped">No</attribute>
    </box>
    <box frame="144" outside="0" occluded="0" keyframe="0" xtl="0.00" ytl="391.46" xbr="1125.46" ybr="855.84" z_order="0">
      <attribute name="Injury">No</attribute>
      <attribute name="Confidence Level">3</attribute>
      <attribute name="Notes">NA</attribute>
      <attribute name="Sex">Female</attribute>
      <attribute name="Adipose Clipped">No</attribute>
    </box>
    <box frame="145" outside="0" occluded="0" keyframe="0" xtl="0.00" ytl="390.91" xbr="1126.38" ybr="856.30" z_order="0">
      <attribute name="Injury">No</attribute>
      <attribute name="Confidence Level">3</attribute>
      <attribute name="Notes">NA</attribute>
      <attribute name="Sex">Female</attribute>
      <attribute name="Adipose Clipped">No</attribute>
    </box>
    <box frame="146" outside="0" occluded="0" keyframe="0" xtl="0.00" ytl="390.37" xbr="1127.30" ybr="856.75" z_order="0">
      <attribute name="Injury">No</attribute>
      <attribute name="Confidence Level">3</attribute>
      <attribute name="Notes">NA</attribute>
      <attribute name="Sex">Female</attribute>
      <attribute name="Adipose Clipped">No</attribute>
    </box>
    <box frame="147" outside="0" occluded="0" keyframe="0" xtl="0.00" ytl="389.82" xbr="1128.22" ybr="857.21" z_order="0">
      <attribute name="Injury">No</attribute>
      <attribute name="Confidence Level">3</attribute>
      <attribute name="Notes">NA</attribute>
      <attribute name="Sex">Female</attribute>
      <attribute name="Adipose Clipped">No</attribute>
    </box>
    <box frame="148" outside="0" occluded="0" keyframe="0" xtl="0.00" ytl="389.27" xbr="1129.14" ybr="857.66" z_order="0">
      <attribute name="Injury">No</attribute>
      <attribute name="Confidence Level">3</attribute>
      <attribute name="Notes">NA</attribute>
      <attribute name="Sex">Female</attribute>
      <attribute name="Adipose Clipped">No</attribute>
    </box>
    <box frame="149" outside="0" occluded="0" keyframe="0" xtl="0.00" ytl="388.73" xbr="1130.06" ybr="858.12" z_order="0">
      <attribute name="Injury">No</attribute>
      <attribute name="Confidence Level">3</attribute>
      <attribute name="Notes">NA</attribute>
      <attribute name="Sex">Female</attribute>
      <attribute name="Adipose Clipped">No</attribute>
    </box>
    <box frame="150" outside="0" occluded="0" keyframe="0" xtl="0.00" ytl="388.18" xbr="1130.98" ybr="858.57" z_order="0">
      <attribute name="Injury">No</attribute>
      <attribute name="Confidence Level">3</attribute>
      <attribute name="Notes">NA</attribute>
      <attribute name="Sex">Female</attribute>
      <attribute name="Adipose Clipped">No</attribute>
    </box>
    <box frame="151" outside="0" occluded="0" keyframe="0" xtl="0.00" ytl="387.63" xbr="1131.90" ybr="859.03" z_order="0">
      <attribute name="Injury">No</attribute>
      <attribute name="Confidence Level">3</attribute>
      <attribute name="Notes">NA</attribute>
      <attribute name="Sex">Female</attribute>
      <attribute name="Adipose Clipped">No</attribute>
    </box>
    <box frame="152" outside="0" occluded="0" keyframe="0" xtl="0.00" ytl="387.08" xbr="1132.82" ybr="859.48" z_order="0">
      <attribute name="Injury">No</attribute>
      <attribute name="Confidence Level">3</attribute>
      <attribute name="Notes">NA</attribute>
      <attribute name="Sex">Female</attribute>
      <attribute name="Adipose Clipped">No</attribute>
    </box>
    <box frame="153" outside="0" occluded="0" keyframe="0" xtl="0.00" ytl="386.54" xbr="1133.74" ybr="859.94" z_order="0">
      <attribute name="Injury">No</attribute>
      <attribute name="Confidence Level">3</attribute>
      <attribute name="Notes">NA</attribute>
      <attribute name="Sex">Female</attribute>
      <attribute name="Adipose Clipped">No</attribute>
    </box>
    <box frame="154" outside="0" occluded="0" keyframe="0" xtl="0.00" ytl="385.99" xbr="1134.66" ybr="860.39" z_order="0">
      <attribute name="Injury">No</attribute>
      <attribute name="Confidence Level">3</attribute>
      <attribute name="Notes">NA</attribute>
      <attribute name="Sex">Female</attribute>
      <attribute name="Adipose Clipped">No</attribute>
    </box>
    <box frame="155" outside="0" occluded="0" keyframe="0" xtl="0.00" ytl="385.44" xbr="1135.58" ybr="860.85" z_order="0">
      <attribute name="Injury">No</attribute>
      <attribute name="Confidence Level">3</attribute>
      <attribute name="Notes">NA</attribute>
      <attribute name="Sex">Female</attribute>
      <attribute name="Adipose Clipped">No</attribute>
    </box>
    <box frame="156" outside="0" occluded="0" keyframe="1" xtl="0.00" ytl="384.90" xbr="1136.50" ybr="861.30" z_order="0">
      <attribute name="Injury">No</attribute>
      <attribute name="Confidence Level">3</attribute>
      <attribute name="Notes">NA</attribute>
      <attribute name="Sex">Female</attribute>
      <attribute name="Adipose Clipped">No</attribute>
    </box>
    <box frame="157" outside="0" occluded="0" keyframe="0" xtl="0.00" ytl="384.35" xbr="1129.76" ybr="859.08" z_order="0">
      <attribute name="Injury">No</attribute>
      <attribute name="Confidence Level">3</attribute>
      <attribute name="Notes">NA</attribute>
      <attribute name="Sex">Female</attribute>
      <attribute name="Adipose Clipped">No</attribute>
    </box>
    <box frame="158" outside="0" occluded="0" keyframe="0" xtl="0.00" ytl="383.80" xbr="1123.02" ybr="856.87" z_order="0">
      <attribute name="Injury">No</attribute>
      <attribute name="Confidence Level">3</attribute>
      <attribute name="Notes">NA</attribute>
      <attribute name="Sex">Female</attribute>
      <attribute name="Adipose Clipped">No</attribute>
    </box>
    <box frame="159" outside="0" occluded="0" keyframe="0" xtl="0.00" ytl="383.26" xbr="1116.28" ybr="854.65" z_order="0">
      <attribute name="Injury">No</attribute>
      <attribute name="Confidence Level">3</attribute>
      <attribute name="Notes">NA</attribute>
      <attribute name="Sex">Female</attribute>
      <attribute name="Adipose Clipped">No</attribute>
    </box>
    <box frame="160" outside="0" occluded="0" keyframe="0" xtl="0.00" ytl="382.71" xbr="1109.53" ybr="852.43" z_order="0">
      <attribute name="Injury">No</attribute>
      <attribute name="Confidence Level">3</attribute>
      <attribute name="Notes">NA</attribute>
      <attribute name="Sex">Female</attribute>
      <attribute name="Adipose Clipped">No</attribute>
    </box>
    <box frame="161" outside="0" occluded="0" keyframe="0" xtl="0.00" ytl="382.16" xbr="1102.79" ybr="850.22" z_order="0">
      <attribute name="Injury">No</attribute>
      <attribute name="Confidence Level">3</attribute>
      <attribute name="Notes">NA</attribute>
      <attribute name="Sex">Female</attribute>
      <attribute name="Adipose Clipped">No</attribute>
    </box>
    <box frame="162" outside="0" occluded="0" keyframe="0" xtl="0.00" ytl="381.62" xbr="1096.05" ybr="848.00" z_order="0">
      <attribute name="Injury">No</attribute>
      <attribute name="Confidence Level">3</attribute>
      <attribute name="Notes">NA</attribute>
      <attribute name="Sex">Female</attribute>
      <attribute name="Adipose Clipped">No</attribute>
    </box>
    <box frame="163" outside="0" occluded="0" keyframe="0" xtl="0.00" ytl="381.07" xbr="1089.31" ybr="845.78" z_order="0">
      <attribute name="Injury">No</attribute>
      <attribute name="Confidence Level">3</attribute>
      <attribute name="Notes">NA</attribute>
      <attribute name="Sex">Female</attribute>
      <attribute name="Adipose Clipped">No</attribute>
    </box>
    <box frame="164" outside="0" occluded="0" keyframe="0" xtl="0.00" ytl="380.52" xbr="1082.57" ybr="843.57" z_order="0">
      <attribute name="Injury">No</attribute>
      <attribute name="Confidence Level">3</attribute>
      <attribute name="Notes">NA</attribute>
      <attribute name="Sex">Female</attribute>
      <attribute name="Adipose Clipped">No</attribute>
    </box>
    <box frame="165" outside="0" occluded="0" keyframe="1" xtl="0.00" ytl="379.98" xbr="1075.83" ybr="841.35" z_order="0">
      <attribute name="Injury">No</attribute>
      <attribute name="Confidence Level">3</attribute>
      <attribute name="Notes">NA</attribute>
      <attribute name="Sex">Female</attribute>
      <attribute name="Adipose Clipped">No</attribute>
    </box>
    <box frame="166" outside="0" occluded="0" keyframe="0" xtl="0.00" ytl="375.96" xbr="1054.40" ybr="837.33" z_order="0">
      <attribute name="Injury">No</attribute>
      <attribute name="Confidence Level">3</attribute>
      <attribute name="Notes">NA</attribute>
      <attribute name="Sex">Female</attribute>
      <attribute name="Adipose Clipped">No</attribute>
    </box>
    <box frame="167" outside="0" occluded="0" keyframe="0" xtl="0.00" ytl="371.94" xbr="1032.97" ybr="833.31" z_order="0">
      <attribute name="Injury">No</attribute>
      <attribute name="Confidence Level">3</attribute>
      <attribute name="Notes">NA</attribute>
      <attribute name="Sex">Female</attribute>
      <attribute name="Adipose Clipped">No</attribute>
    </box>
    <box frame="168" outside="0" occluded="0" keyframe="0" xtl="0.00" ytl="367.92" xbr="1011.54" ybr="829.30" z_order="0">
      <attribute name="Injury">No</attribute>
      <attribute name="Confidence Level">3</attribute>
      <attribute name="Notes">NA</attribute>
      <attribute name="Sex">Female</attribute>
      <attribute name="Adipose Clipped">No</attribute>
    </box>
    <box frame="169" outside="0" occluded="0" keyframe="0" xtl="0.00" ytl="363.90" xbr="990.11" ybr="825.28" z_order="0">
      <attribute name="Injury">No</attribute>
      <attribute name="Confidence Level">3</attribute>
      <attribute name="Notes">NA</attribute>
      <attribute name="Sex">Female</attribute>
      <attribute name="Adipose Clipped">No</attribute>
    </box>
    <box frame="170" outside="0" occluded="0" keyframe="0" xtl="0.00" ytl="359.89" xbr="968.68" ybr="821.26" z_order="0">
      <attribute name="Injury">No</attribute>
      <attribute name="Confidence Level">3</attribute>
      <attribute name="Notes">NA</attribute>
      <attribute name="Sex">Female</attribute>
      <attribute name="Adipose Clipped">No</attribute>
    </box>
    <box frame="171" outside="0" occluded="0" keyframe="0" xtl="0.00" ytl="355.87" xbr="947.25" ybr="817.24" z_order="0">
      <attribute name="Injury">No</attribute>
      <attribute name="Confidence Level">3</attribute>
      <attribute name="Notes">NA</attribute>
      <attribute name="Sex">Female</attribute>
      <attribute name="Adipose Clipped">No</attribute>
    </box>
    <box frame="172" outside="0" occluded="0" keyframe="1" xtl="0.00" ytl="351.85" xbr="925.83" ybr="813.23" z_order="0">
      <attribute name="Injury">No</attribute>
      <attribute name="Confidence Level">3</attribute>
      <attribute name="Notes">NA</attribute>
      <attribute name="Sex">Female</attribute>
      <attribute name="Adipose Clipped">No</attribute>
    </box>
    <box frame="173" outside="0" occluded="0" keyframe="0" xtl="0.00" ytl="351.15" xbr="911.29" ybr="806.20" z_order="0">
      <attribute name="Injury">No</attribute>
      <attribute name="Confidence Level">3</attribute>
      <attribute name="Notes">NA</attribute>
      <attribute name="Sex">Female</attribute>
      <attribute name="Adipose Clipped">No</attribute>
    </box>
    <box frame="174" outside="0" occluded="0" keyframe="0" xtl="0.00" ytl="350.44" xbr="896.76" ybr="799.17" z_order="0">
      <attribute name="Injury">No</attribute>
      <attribute name="Confidence Level">3</attribute>
      <attribute name="Notes">NA</attribute>
      <attribute name="Sex">Female</attribute>
      <attribute name="Adipose Clipped">No</attribute>
    </box>
    <box frame="175" outside="0" occluded="0" keyframe="0" xtl="0.00" ytl="349.74" xbr="882.23" ybr="792.14" z_order="0">
      <attribute name="Injury">No</attribute>
      <attribute name="Confidence Level">3</attribute>
      <attribute name="Notes">NA</attribute>
      <attribute name="Sex">Female</attribute>
      <attribute name="Adipose Clipped">No</attribute>
    </box>
    <box frame="176" outside="0" occluded="0" keyframe="0" xtl="0.00" ytl="349.04" xbr="867.70" ybr="785.11" z_order="0">
      <attribute name="Injury">No</attribute>
      <attribute name="Confidence Level">3</attribute>
      <attribute name="Notes">NA</attribute>
      <attribute name="Sex">Female</attribute>
      <attribute name="Adipose Clipped">No</attribute>
    </box>
    <box frame="177" outside="0" occluded="0" keyframe="0" xtl="0.00" ytl="348.33" xbr="853.17" ybr="778.08" z_order="0">
      <attribute name="Injury">No</attribute>
      <attribute name="Confidence Level">3</attribute>
      <attribute name="Notes">NA</attribute>
      <attribute name="Sex">Female</attribute>
      <attribute name="Adipose Clipped">No</attribute>
    </box>
    <box frame="178" outside="0" occluded="0" keyframe="0" xtl="0.00" ytl="347.63" xbr="838.64" ybr="771.06" z_order="0">
      <attribute name="Injury">No</attribute>
      <attribute name="Confidence Level">3</attribute>
      <attribute name="Notes">NA</attribute>
      <attribute name="Sex">Female</attribute>
      <attribute name="Adipose Clipped">No</attribute>
    </box>
    <box frame="179" outside="0" occluded="0" keyframe="0" xtl="0.00" ytl="346.93" xbr="824.11" ybr="764.03" z_order="0">
      <attribute name="Injury">No</attribute>
      <attribute name="Confidence Level">3</attribute>
      <attribute name="Notes">NA</attribute>
      <attribute name="Sex">Female</attribute>
      <attribute name="Adipose Clipped">No</attribute>
    </box>
    <box frame="180" outside="0" occluded="0" keyframe="1" xtl="0.00" ytl="346.23" xbr="809.58" ybr="757.00" z_order="0">
      <attribute name="Injury">No</attribute>
      <attribute name="Confidence Level">3</attribute>
      <attribute name="Notes">NA</attribute>
      <attribute name="Sex">Female</attribute>
      <attribute name="Adipose Clipped">No</attribute>
    </box>
    <box frame="181" outside="0" occluded="0" keyframe="0" xtl="0.00" ytl="343.10" xbr="786.14" ybr="753.88" z_order="0">
      <attribute name="Injury">No</attribute>
      <attribute name="Confidence Level">3</attribute>
      <attribute name="Notes">NA</attribute>
      <attribute name="Sex">Female</attribute>
      <attribute name="Adipose Clipped">No</attribute>
    </box>
    <box frame="182" outside="0" occluded="0" keyframe="0" xtl="0.00" ytl="339.98" xbr="762.70" ybr="750.75" z_order="0">
      <attribute name="Injury">No</attribute>
      <attribute name="Confidence Level">3</attribute>
      <attribute name="Notes">NA</attribute>
      <attribute name="Sex">Female</attribute>
      <attribute name="Adipose Clipped">No</attribute>
    </box>
    <box frame="183" outside="0" occluded="0" keyframe="0" xtl="0.00" ytl="336.85" xbr="739.26" ybr="747.62" z_order="0">
      <attribute name="Injury">No</attribute>
      <attribute name="Confidence Level">3</attribute>
      <attribute name="Notes">NA</attribute>
      <attribute name="Sex">Female</attribute>
      <attribute name="Adipose Clipped">No</attribute>
    </box>
    <box frame="184" outside="0" occluded="0" keyframe="0" xtl="0.00" ytl="333.73" xbr="715.83" ybr="744.50" z_order="0">
      <attribute name="Injury">No</attribute>
      <attribute name="Confidence Level">3</attribute>
      <attribute name="Notes">NA</attribute>
      <attribute name="Sex">Female</attribute>
      <attribute name="Adipose Clipped">No</attribute>
    </box>
    <box frame="185" outside="0" occluded="0" keyframe="0" xtl="0.00" ytl="330.60" xbr="692.39" ybr="741.38" z_order="0">
      <attribute name="Injury">No</attribute>
      <attribute name="Confidence Level">3</attribute>
      <attribute name="Notes">NA</attribute>
      <attribute name="Sex">Female</attribute>
      <attribute name="Adipose Clipped">No</attribute>
    </box>
    <box frame="186" outside="0" occluded="0" keyframe="1" xtl="0.00" ytl="327.48" xbr="668.95" ybr="738.25" z_order="0">
      <attribute name="Injury">No</attribute>
      <attribute name="Confidence Level">3</attribute>
      <attribute name="Notes">NA</attribute>
      <attribute name="Sex">Female</attribute>
      <attribute name="Adipose Clipped">No</attribute>
    </box>
    <box frame="187" outside="0" occluded="0" keyframe="0" xtl="0.00" ytl="327.48" xbr="643.17" ybr="738.25" z_order="0">
      <attribute name="Injury">No</attribute>
      <attribute name="Confidence Level">3</attribute>
      <attribute name="Notes">NA</attribute>
      <attribute name="Sex">Female</attribute>
      <attribute name="Adipose Clipped">No</attribute>
    </box>
    <box frame="188" outside="0" occluded="0" keyframe="0" xtl="0.00" ytl="327.48" xbr="617.39" ybr="738.25" z_order="0">
      <attribute name="Injury">No</attribute>
      <attribute name="Confidence Level">3</attribute>
      <attribute name="Notes">NA</attribute>
      <attribute name="Sex">Female</attribute>
      <attribute name="Adipose Clipped">No</attribute>
    </box>
    <box frame="189" outside="0" occluded="0" keyframe="0" xtl="0.00" ytl="327.48" xbr="591.61" ybr="738.25" z_order="0">
      <attribute name="Injury">No</attribute>
      <attribute name="Confidence Level">3</attribute>
      <attribute name="Notes">NA</attribute>
      <attribute name="Sex">Female</attribute>
      <attribute name="Adipose Clipped">No</attribute>
    </box>
    <box frame="190" outside="0" occluded="0" keyframe="1" xtl="0.00" ytl="327.48" xbr="565.83" ybr="738.25" z_order="0">
      <attribute name="Injury">No</attribute>
      <attribute name="Confidence Level">3</attribute>
      <attribute name="Notes">NA</attribute>
      <attribute name="Sex">Female</attribute>
      <attribute name="Adipose Clipped">No</attribute>
    </box>
    <box frame="191" outside="0" occluded="0" keyframe="0" xtl="0.00" ytl="331.49" xbr="533.95" ybr="733.70" z_order="0">
      <attribute name="Injury">No</attribute>
      <attribute name="Confidence Level">3</attribute>
      <attribute name="Notes">NA</attribute>
      <attribute name="Sex">Female</attribute>
      <attribute name="Adipose Clipped">No</attribute>
    </box>
    <box frame="192" outside="0" occluded="0" keyframe="0" xtl="0.00" ytl="335.51" xbr="502.08" ybr="729.15" z_order="0">
      <attribute name="Injury">No</attribute>
      <attribute name="Confidence Level">3</attribute>
      <attribute name="Notes">NA</attribute>
      <attribute name="Sex">Female</attribute>
      <attribute name="Adipose Clipped">No</attribute>
    </box>
    <box frame="193" outside="0" occluded="0" keyframe="0" xtl="0.00" ytl="339.53" xbr="470.20" ybr="724.60" z_order="0">
      <attribute name="Injury">No</attribute>
      <attribute name="Confidence Level">3</attribute>
      <attribute name="Notes">NA</attribute>
      <attribute name="Sex">Female</attribute>
      <attribute name="Adipose Clipped">No</attribute>
    </box>
    <box frame="194" outside="0" occluded="0" keyframe="0" xtl="0.00" ytl="343.55" xbr="438.33" ybr="720.05" z_order="0">
      <attribute name="Injury">No</attribute>
      <attribute name="Confidence Level">3</attribute>
      <attribute name="Notes">NA</attribute>
      <attribute name="Sex">Female</attribute>
      <attribute name="Adipose Clipped">No</attribute>
    </box>
    <box frame="195" outside="0" occluded="0" keyframe="0" xtl="0.00" ytl="347.56" xbr="406.45" ybr="715.50" z_order="0">
      <attribute name="Injury">No</attribute>
      <attribute name="Confidence Level">3</attribute>
      <attribute name="Notes">NA</attribute>
      <attribute name="Sex">Female</attribute>
      <attribute name="Adipose Clipped">No</attribute>
    </box>
    <box frame="196" outside="0" occluded="0" keyframe="0" xtl="0.00" ytl="351.58" xbr="374.58" ybr="710.95" z_order="0">
      <attribute name="Injury">No</attribute>
      <attribute name="Confidence Level">3</attribute>
      <attribute name="Notes">NA</attribute>
      <attribute name="Sex">Female</attribute>
      <attribute name="Adipose Clipped">No</attribute>
    </box>
    <box frame="197" outside="0" occluded="0" keyframe="1" xtl="0.00" ytl="355.60" xbr="342.70" ybr="706.40" z_order="0">
      <attribute name="Injury">No</attribute>
      <attribute name="Confidence Level">3</attribute>
      <attribute name="Notes">NA</attribute>
      <attribute name="Sex">Female</attribute>
      <attribute name="Adipose Clipped">No</attribute>
    </box>
    <box frame="198" outside="0" occluded="0" keyframe="0" xtl="0.00" ytl="358.65" xbr="332.86" ybr="709.45" z_order="0">
      <attribute name="Injury">No</attribute>
      <attribute name="Confidence Level">3</attribute>
      <attribute name="Notes">NA</attribute>
      <attribute name="Sex">Female</attribute>
      <attribute name="Adipose Clipped">No</attribute>
    </box>
    <box frame="199" outside="0" occluded="0" keyframe="0" xtl="0.00" ytl="361.69" xbr="323.01" ybr="712.49" z_order="0">
      <attribute name="Injury">No</attribute>
      <attribute name="Confidence Level">3</attribute>
      <attribute name="Notes">NA</attribute>
      <attribute name="Sex">Female</attribute>
      <attribute name="Adipose Clipped">No</attribute>
    </box>
    <box frame="200" outside="0" occluded="0" keyframe="0" xtl="0.00" ytl="364.74" xbr="313.17" ybr="715.54" z_order="0">
      <attribute name="Injury">No</attribute>
      <attribute name="Confidence Level">3</attribute>
      <attribute name="Notes">NA</attribute>
      <attribute name="Sex">Female</attribute>
      <attribute name="Adipose Clipped">No</attribute>
    </box>
    <box frame="201" outside="0" occluded="0" keyframe="0" xtl="0.00" ytl="367.79" xbr="303.33" ybr="718.59" z_order="0">
      <attribute name="Injury">No</attribute>
      <attribute name="Confidence Level">3</attribute>
      <attribute name="Notes">NA</attribute>
      <attribute name="Sex">Female</attribute>
      <attribute name="Adipose Clipped">No</attribute>
    </box>
    <box frame="202" outside="0" occluded="0" keyframe="0" xtl="0.00" ytl="370.83" xbr="293.48" ybr="721.63" z_order="0">
      <attribute name="Injury">No</attribute>
      <attribute name="Confidence Level">3</attribute>
      <attribute name="Notes">NA</attribute>
      <attribute name="Sex">Female</attribute>
      <attribute name="Adipose Clipped">No</attribute>
    </box>
    <box frame="203" outside="0" occluded="0" keyframe="0" xtl="0.00" ytl="373.88" xbr="283.64" ybr="724.68" z_order="0">
      <attribute name="Injury">No</attribute>
      <attribute name="Confidence Level">3</attribute>
      <attribute name="Notes">NA</attribute>
      <attribute name="Sex">Female</attribute>
      <attribute name="Adipose Clipped">No</attribute>
    </box>
    <box frame="204" outside="0" occluded="0" keyframe="0" xtl="0.00" ytl="376.93" xbr="273.79" ybr="727.73" z_order="0">
      <attribute name="Injury">No</attribute>
      <attribute name="Confidence Level">3</attribute>
      <attribute name="Notes">NA</attribute>
      <attribute name="Sex">Female</attribute>
      <attribute name="Adipose Clipped">No</attribute>
    </box>
    <box frame="205" outside="0" occluded="0" keyframe="1" xtl="0.00" ytl="379.98" xbr="263.95" ybr="730.78" z_order="0">
      <attribute name="Injury">No</attribute>
      <attribute name="Confidence Level">3</attribute>
      <attribute name="Notes">NA</attribute>
      <attribute name="Sex">Female</attribute>
      <attribute name="Adipose Clipped">No</attribute>
    </box>
    <box frame="206" outside="0" occluded="0" keyframe="0" xtl="0.00" ytl="379.71" xbr="242.79" ybr="723.38" z_order="0">
      <attribute name="Injury">No</attribute>
      <attribute name="Confidence Level">3</attribute>
      <attribute name="Notes">NA</attribute>
      <attribute name="Sex">Female</attribute>
      <attribute name="Adipose Clipped">No</attribute>
    </box>
    <box frame="207" outside="0" occluded="0" keyframe="0" xtl="0.00" ytl="379.44" xbr="221.63" ybr="715.99" z_order="0">
      <attribute name="Injury">No</attribute>
      <attribute name="Confidence Level">3</attribute>
      <attribute name="Notes">NA</attribute>
      <attribute name="Sex">Female</attribute>
      <attribute name="Adipose Clipped">No</attribute>
    </box>
    <box frame="208" outside="0" occluded="0" keyframe="0" xtl="0.00" ytl="379.17" xbr="200.47" ybr="708.59" z_order="0">
      <attribute name="Injury">No</attribute>
      <attribute name="Confidence Level">3</attribute>
      <attribute name="Notes">NA</attribute>
      <attribute name="Sex">Female</attribute>
      <attribute name="Adipose Clipped">No</attribute>
    </box>
    <box frame="209" outside="0" occluded="0" keyframe="0" xtl="0.00" ytl="378.90" xbr="179.31" ybr="701.20" z_order="0">
      <attribute name="Injury">No</attribute>
      <attribute name="Confidence Level">3</attribute>
      <attribute name="Notes">NA</attribute>
      <attribute name="Sex">Female</attribute>
      <attribute name="Adipose Clipped">No</attribute>
    </box>
    <box frame="210" outside="0" occluded="0" keyframe="1" xtl="0.00" ytl="378.64" xbr="158.15" ybr="693.80" z_order="0">
      <attribute name="Injury">No</attribute>
      <attribute name="Confidence Level">3</attribute>
      <attribute name="Notes">NA</attribute>
      <attribute name="Sex">Female</attribute>
      <attribute name="Adipose Clipped">No</attribute>
    </box>
    <box frame="211" outside="0" occluded="0" keyframe="0" xtl="0.00" ytl="378.37" xbr="136.99" ybr="711.35" z_order="0">
      <attribute name="Injury">No</attribute>
      <attribute name="Confidence Level">3</attribute>
      <attribute name="Notes">NA</attribute>
      <attribute name="Sex">Female</attribute>
      <attribute name="Adipose Clipped">No</attribute>
    </box>
    <box frame="212" outside="0" occluded="1" keyframe="1" xtl="0.00" ytl="378.10" xbr="115.83" ybr="728.90" z_order="0">
      <attribute name="Injury">No</attribute>
      <attribute name="Confidence Level">3</attribute>
      <attribute name="Notes">NA</attribute>
      <attribute name="Sex">Female</attribute>
      <attribute name="Adipose Clipped">No</attribute>
    </box>
    <box frame="213" outside="0" occluded="1" keyframe="0" xtl="0.00" ytl="378.10" xbr="115.83" ybr="728.90" z_order="0">
      <attribute name="Injury">No</attribute>
      <attribute name="Confidence Level">3</attribute>
      <attribute name="Notes">NA</attribute>
      <attribute name="Sex">Female</attribute>
      <attribute name="Adipose Clipped">No</attribute>
    </box>
    <box frame="214" outside="1" occluded="1" keyframe="1" xtl="0.00" ytl="378.10" xbr="115.83" ybr="728.90" z_order="0">
      <attribute name="Injury">No</attribute>
      <attribute name="Confidence Level">3</attribute>
      <attribute name="Notes">NA</attribute>
      <attribute name="Sex">Female</attribute>
      <attribute name="Adipose Clipped">No</attribute>
    </box>
  </track>
</annotations>