<?xml version="1.0" encoding="utf-8"?>
<annotations>
  <version>1.1</version>
  <meta>
    <task>
      <id>187</id>
      <name>10-24-2019 13-48-25 M Right Bank Underwater</name>
      <size>540</size>
      <mode>interpolation</mode>
      <overlap>5</overlap>
      <bugtracker></bugtracker>
      <created>2021-02-09 21:25:27.079529+00:00</created>
      <updated>2021-02-24 23:11:49.354563+00:00</updated>
      <start_frame>0</start_frame>
      <stop_frame>539</stop_frame>
      <frame_filter></frame_filter>
      <labels>
        <label>
          <name>Coho</name>
          <color>#66c893</color>
          <attributes>
            <attribute>
              <name>Adipose Clipped</name>
              <mutable>False</mutable>
              <input_type>select</input_type>
              <default_value>No</default_value>
              <values>No
Yes
NA</values>
            </attribute>
            <attribute>
              <name>Confidence Level</name>
              <mutable>False</mutable>
              <input_type>select</input_type>
              <default_value>3</default_value>
              <values>3
2
1</values>
            </attribute>
            <attribute>
              <name>Injury</name>
              <mutable>False</mutable>
              <input_type>select</input_type>
              <default_value>No</default_value>
              <values>No
Yes
NA</values>
            </attribute>
            <attribute>
              <name>Notes</name>
              <mutable>False</mutable>
              <input_type>text</input_type>
              <default_value>NA</default_value>
              <values>NA</values>
            </attribute>
            <attribute>
              <name>Sex</name>
              <mutable>False</mutable>
              <input_type>select</input_type>
              <default_value>Male</default_value>
              <values>Male
Female
Jack</values>
            </attribute>
          </attributes>
        </label>
        <label>
          <name>Pink</name>
          <color>#fa7dbb</color>
          <attributes>
            <attribute>
              <name>Adipose Clipped</name>
              <mutable>False</mutable>
              <input_type>select</input_type>
              <default_value>No</default_value>
              <values>No
Yes
NA</values>
            </attribute>
            <attribute>
              <name>Confidence Level</name>
              <mutable>False</mutable>
              <input_type>select</input_type>
              <default_value>3</default_value>
              <values>3
2
1</values>
            </attribute>
            <attribute>
              <name>Injury</name>
              <mutable>False</mutable>
              <input_type>select</input_type>
              <default_value>No</default_value>
              <values>No
Yes
NA</values>
            </attribute>
            <attribute>
              <name>Notes</name>
              <mutable>False</mutable>
              <input_type>text</input_type>
              <default_value>NA</default_value>
              <values>NA</values>
            </attribute>
            <attribute>
              <name>Sex</name>
              <mutable>False</mutable>
              <input_type>select</input_type>
              <default_value>Male</default_value>
              <values>Male
Female</values>
            </attribute>
          </attributes>
        </label>
        <label>
          <name>Bull</name>
          <color>#ff6037</color>
          <attributes>
            <attribute>
              <name>Adipose Clipped</name>
              <mutable>False</mutable>
              <input_type>select</input_type>
              <default_value>No</default_value>
              <values>No
NA</values>
            </attribute>
            <attribute>
              <name>Confidence Level</name>
              <mutable>False</mutable>
              <input_type>select</input_type>
              <default_value>3</default_value>
              <values>3
2
1</values>
            </attribute>
            <attribute>
              <name>Injury</name>
              <mutable>False</mutable>
              <input_type>select</input_type>
              <default_value>No</default_value>
              <values>No
Yes
NA</values>
            </attribute>
            <attribute>
              <name>Notes</name>
              <mutable>False</mutable>
              <input_type>text</input_type>
              <default_value>NA</default_value>
              <values>NA</values>
            </attribute>
            <attribute>
              <name>Sex</name>
              <mutable>False</mutable>
              <input_type>select</input_type>
              <default_value>NA</default_value>
              <values>NA</values>
            </attribute>
          </attributes>
        </label>
        <label>
          <name>Chum</name>
          <color>#b83df5</color>
          <attributes>
            <attribute>
              <name>Sex</name>
              <mutable>False</mutable>
              <input_type>select</input_type>
              <default_value>Male</default_value>
              <values>Male
Female</values>
            </attribute>
            <attribute>
              <name>Adipose Clipped</name>
              <mutable>False</mutable>
              <input_type>select</input_type>
              <default_value>No</default_value>
              <values>No
Yes
NA</values>
            </attribute>
            <attribute>
              <name>Injury</name>
              <mutable>False</mutable>
              <input_type>select</input_type>
              <default_value>No</default_value>
              <values>No
Yes
NA</values>
            </attribute>
            <attribute>
              <name>Confidence Level</name>
              <mutable>False</mutable>
              <input_type>select</input_type>
              <default_value>3</default_value>
              <values>3
2
1</values>
            </attribute>
            <attribute>
              <name>Notes</name>
              <mutable>False</mutable>
              <input_type>text</input_type>
              <default_value>NA</default_value>
              <values>NA</values>
            </attribute>
          </attributes>
        </label>
        <label>
          <name>Whitefish</name>
          <color>#e2f1ee</color>
          <attributes>
            <attribute>
              <name>Sex</name>
              <mutable>False</mutable>
              <input_type>select</input_type>
              <default_value>NA</default_value>
              <values>NA</values>
            </attribute>
            <attribute>
              <name>Adipose Clipped</name>
              <mutable>False</mutable>
              <input_type>select</input_type>
              <default_value>No</default_value>
              <values>No
Yes
NA</values>
            </attribute>
            <attribute>
              <name>Injury</name>
              <mutable>False</mutable>
              <input_type>select</input_type>
              <default_value>No</default_value>
              <values>No
Yes
NA</values>
            </attribute>
            <attribute>
              <name>Confidence Level</name>
              <mutable>False</mutable>
              <input_type>select</input_type>
              <default_value>3</default_value>
              <values>3
2
1</values>
            </attribute>
            <attribute>
              <name>Notes</name>
              <mutable>False</mutable>
              <input_type>text</input_type>
              <default_value>NA</default_value>
              <values>NA</values>
            </attribute>
          </attributes>
        </label>
        <label>
          <name>Sockeye</name>
          <color>#fa3253</color>
          <attributes>
            <attribute>
              <name>Sex</name>
              <mutable>False</mutable>
              <input_type>select</input_type>
              <default_value>Male</default_value>
              <values>Male
Female</values>
            </attribute>
            <attribute>
              <name>Adipose Clipped</name>
              <mutable>False</mutable>
              <input_type>select</input_type>
              <default_value>No</default_value>
              <values>No
Yes
NA</values>
            </attribute>
            <attribute>
              <name>Injury</name>
              <mutable>False</mutable>
              <input_type>select</input_type>
              <default_value>No</default_value>
              <values>No
Yes
NA</values>
            </attribute>
            <attribute>
              <name>Confidence Level</name>
              <mutable>False</mutable>
              <input_type>select</input_type>
              <default_value>3</default_value>
              <values>3
2
1</values>
            </attribute>
            <attribute>
              <name>Notes</name>
              <mutable>False</mutable>
              <input_type>text</input_type>
              <default_value>NA</default_value>
              <values>NA</values>
            </attribute>
          </attributes>
        </label>
        <label>
          <name>Steelhead</name>
          <color>#66ff66</color>
          <attributes>
            <attribute>
              <name>Sex</name>
              <mutable>False</mutable>
              <input_type>select</input_type>
              <default_value>Male</default_value>
              <values>Male
Female</values>
            </attribute>
            <attribute>
              <name>Adipose Clipped</name>
              <mutable>False</mutable>
              <input_type>select</input_type>
              <default_value>No</default_value>
              <values>No
Yes
NA</values>
            </attribute>
            <attribute>
              <name>Injury</name>
              <mutable>False</mutable>
              <input_type>select</input_type>
              <default_value>No</default_value>
              <values>No
Yes
NA</values>
            </attribute>
            <attribute>
              <name>Confidence Level</name>
              <mutable>False</mutable>
              <input_type>select</input_type>
              <default_value>3</default_value>
              <values>3
2
1</values>
            </attribute>
            <attribute>
              <name>Notes</name>
              <mutable>False</mutable>
              <input_type>text</input_type>
              <default_value>NA</default_value>
              <values>NA</values>
            </attribute>
          </attributes>
        </label>
        <label>
          <name>Rainbow</name>
          <color>#ff00cc</color>
          <attributes>
            <attribute>
              <name>Sex</name>
              <mutable>False</mutable>
              <input_type>select</input_type>
              <default_value>NA</default_value>
              <values>NA</values>
            </attribute>
            <attribute>
              <name>Adipose Clipped</name>
              <mutable>False</mutable>
              <input_type>select</input_type>
              <default_value>No</default_value>
              <values>No
Yes
NA</values>
            </attribute>
            <attribute>
              <name>Injury</name>
              <mutable>False</mutable>
              <input_type>select</input_type>
              <default_value>No</default_value>
              <values>No
Yes
NA</values>
            </attribute>
            <attribute>
              <name>Confidence Level</name>
              <mutable>False</mutable>
              <input_type>select</input_type>
              <default_value>3</default_value>
              <values>3
2
1</values>
            </attribute>
            <attribute>
              <name>Notes</name>
              <mutable>False</mutable>
              <input_type>text</input_type>
              <default_value>NA</default_value>
              <values>NA</values>
            </attribute>
          </attributes>
        </label>
        <label>
          <name>Chinook</name>
          <color>#cc3366</color>
          <attributes>
            <attribute>
              <name>Sex</name>
              <mutable>False</mutable>
              <input_type>select</input_type>
              <default_value>Male</default_value>
              <values>Male
Female
NA</values>
            </attribute>
            <attribute>
              <name>Adipose Clipped</name>
              <mutable>False</mutable>
              <input_type>select</input_type>
              <default_value>No</default_value>
              <values>No
Yes
NA</values>
            </attribute>
            <attribute>
              <name>Injury</name>
              <mutable>False</mutable>
              <input_type>select</input_type>
              <default_value>No</default_value>
              <values>No
Yes
NA</values>
            </attribute>
            <attribute>
              <name>Confidence Level</name>
              <mutable>False</mutable>
              <input_type>select</input_type>
              <default_value>3</default_value>
              <values>3
2
1</values>
            </attribute>
            <attribute>
              <name>Notes</name>
              <mutable>False</mutable>
              <input_type>text</input_type>
              <default_value>NA</default_value>
              <values>NA</values>
            </attribute>
          </attributes>
        </label>
      </labels>
      <segments>
        <segment>
          <id>184</id>
          <start>0</start>
          <stop>539</stop>
          <url>httplocalhost:8080/?id=184</url>
        </segment>
      </segments>
      <owner>
        <username>bna19</username>
        <email>bna19@sfu.ca</email>
      </owner>
      <assignee></assignee>
      <original_size>
        <width>1920</width>
        <height>1080</height>
      </original_size>
    </task>
    <dumped>2021-02-24 23:12:01.652272+00:00</dumped>
    <source>10-24-2019 13-48-25 M Right Bank Underwater.m4v</source>
  </meta>
  <track id="0" label="Coho" source="manual">
    <box frame="207" outside="0" occluded="0" keyframe="1" xtl="0.00" ytl="393.74" xbr="339.43" ybr="708.81" z_order="0">
      <attribute name="Sex">Male</attribute>
      <attribute name="Adipose Clipped">No</attribute>
      <attribute name="Injury">Yes</attribute>
      <attribute name="Confidence Level">3</attribute>
      <attribute name="Notes">White fungus on tail</attribute>
    </box>
    <box frame="208" outside="0" occluded="0" keyframe="0" xtl="0.00" ytl="390.26" xbr="392.01" ybr="722.21" z_order="0">
      <attribute name="Sex">Male</attribute>
      <attribute name="Adipose Clipped">No</attribute>
      <attribute name="Injury">Yes</attribute>
      <attribute name="Confidence Level">3</attribute>
      <attribute name="Notes">White fungus on tail</attribute>
    </box>
    <box frame="209" outside="0" occluded="0" keyframe="0" xtl="0.00" ytl="386.77" xbr="444.58" ybr="735.61" z_order="0">
      <attribute name="Sex">Male</attribute>
      <attribute name="Adipose Clipped">No</attribute>
      <attribute name="Injury">Yes</attribute>
      <attribute name="Confidence Level">3</attribute>
      <attribute name="Notes">White fungus on tail</attribute>
    </box>
    <box frame="210" outside="0" occluded="0" keyframe="0" xtl="0.00" ytl="383.29" xbr="497.16" ybr="749.01" z_order="0">
      <attribute name="Sex">Male</attribute>
      <attribute name="Adipose Clipped">No</attribute>
      <attribute name="Injury">Yes</attribute>
      <attribute name="Confidence Level">3</attribute>
      <attribute name="Notes">White fungus on tail</attribute>
    </box>
    <box frame="211" outside="0" occluded="0" keyframe="0" xtl="0.00" ytl="379.80" xbr="549.74" ybr="762.40" z_order="0">
      <attribute name="Sex">Male</attribute>
      <attribute name="Adipose Clipped">No</attribute>
      <attribute name="Injury">Yes</attribute>
      <attribute name="Confidence Level">3</attribute>
      <attribute name="Notes">White fungus on tail</attribute>
    </box>
    <box frame="212" outside="0" occluded="0" keyframe="0" xtl="0.00" ytl="376.32" xbr="602.31" ybr="775.80" z_order="0">
      <attribute name="Sex">Male</attribute>
      <attribute name="Adipose Clipped">No</attribute>
      <attribute name="Injury">Yes</attribute>
      <attribute name="Confidence Level">3</attribute>
      <attribute name="Notes">White fungus on tail</attribute>
    </box>
    <box frame="213" outside="0" occluded="0" keyframe="0" xtl="0.00" ytl="372.84" xbr="654.89" ybr="789.20" z_order="0">
      <attribute name="Sex">Male</attribute>
      <attribute name="Adipose Clipped">No</attribute>
      <attribute name="Injury">Yes</attribute>
      <attribute name="Confidence Level">3</attribute>
      <attribute name="Notes">White fungus on tail</attribute>
    </box>
    <box frame="214" outside="0" occluded="0" keyframe="0" xtl="0.00" ytl="369.35" xbr="707.47" ybr="802.60" z_order="0">
      <attribute name="Sex">Male</attribute>
      <attribute name="Adipose Clipped">No</attribute>
      <attribute name="Injury">Yes</attribute>
      <attribute name="Confidence Level">3</attribute>
      <attribute name="Notes">White fungus on tail</attribute>
    </box>
    <box frame="215" outside="0" occluded="0" keyframe="0" xtl="0.00" ytl="365.87" xbr="760.05" ybr="816.00" z_order="0">
      <attribute name="Sex">Male</attribute>
      <attribute name="Adipose Clipped">No</attribute>
      <attribute name="Injury">Yes</attribute>
      <attribute name="Confidence Level">3</attribute>
      <attribute name="Notes">White fungus on tail</attribute>
    </box>
    <box frame="216" outside="0" occluded="0" keyframe="0" xtl="0.00" ytl="362.38" xbr="812.62" ybr="829.40" z_order="0">
      <attribute name="Sex">Male</attribute>
      <attribute name="Adipose Clipped">No</attribute>
      <attribute name="Injury">Yes</attribute>
      <attribute name="Confidence Level">3</attribute>
      <attribute name="Notes">White fungus on tail</attribute>
    </box>
    <box frame="217" outside="0" occluded="0" keyframe="1" xtl="0.00" ytl="358.90" xbr="865.20" ybr="842.80" z_order="0">
      <attribute name="Sex">Male</attribute>
      <attribute name="Adipose Clipped">No</attribute>
      <attribute name="Injury">Yes</attribute>
      <attribute name="Confidence Level">3</attribute>
      <attribute name="Notes">White fungus on tail</attribute>
    </box>
    <box frame="218" outside="0" occluded="0" keyframe="0" xtl="0.00" ytl="358.90" xbr="904.19" ybr="842.80" z_order="0">
      <attribute name="Sex">Male</attribute>
      <attribute name="Adipose Clipped">No</attribute>
      <attribute name="Injury">Yes</attribute>
      <attribute name="Confidence Level">3</attribute>
      <attribute name="Notes">White fungus on tail</attribute>
    </box>
    <box frame="219" outside="0" occluded="0" keyframe="0" xtl="0.00" ytl="358.90" xbr="943.18" ybr="842.80" z_order="0">
      <attribute name="Sex">Male</attribute>
      <attribute name="Adipose Clipped">No</attribute>
      <attribute name="Injury">Yes</attribute>
      <attribute name="Confidence Level">3</attribute>
      <attribute name="Notes">White fungus on tail</attribute>
    </box>
    <box frame="220" outside="0" occluded="0" keyframe="0" xtl="0.00" ytl="358.90" xbr="982.17" ybr="842.80" z_order="0">
      <attribute name="Sex">Male</attribute>
      <attribute name="Adipose Clipped">No</attribute>
      <attribute name="Injury">Yes</attribute>
      <attribute name="Confidence Level">3</attribute>
      <attribute name="Notes">White fungus on tail</attribute>
    </box>
    <box frame="221" outside="0" occluded="0" keyframe="0" xtl="0.00" ytl="358.90" xbr="1021.16" ybr="842.80" z_order="0">
      <attribute name="Sex">Male</attribute>
      <attribute name="Adipose Clipped">No</attribute>
      <attribute name="Injury">Yes</attribute>
      <attribute name="Confidence Level">3</attribute>
      <attribute name="Notes">White fungus on tail</attribute>
    </box>
    <box frame="222" outside="0" occluded="0" keyframe="0" xtl="0.00" ytl="358.90" xbr="1060.15" ybr="842.80" z_order="0">
      <attribute name="Sex">Male</attribute>
      <attribute name="Adipose Clipped">No</attribute>
      <attribute name="Injury">Yes</attribute>
      <attribute name="Confidence Level">3</attribute>
      <attribute name="Notes">White fungus on tail</attribute>
    </box>
    <box frame="223" outside="0" occluded="0" keyframe="0" xtl="0.00" ytl="358.90" xbr="1099.14" ybr="842.80" z_order="0">
      <attribute name="Sex">Male</attribute>
      <attribute name="Adipose Clipped">No</attribute>
      <attribute name="Injury">Yes</attribute>
      <attribute name="Confidence Level">3</attribute>
      <attribute name="Notes">White fungus on tail</attribute>
    </box>
    <box frame="224" outside="0" occluded="0" keyframe="0" xtl="0.00" ytl="358.90" xbr="1138.13" ybr="842.80" z_order="0">
      <attribute name="Sex">Male</attribute>
      <attribute name="Adipose Clipped">No</attribute>
      <attribute name="Injury">Yes</attribute>
      <attribute name="Confidence Level">3</attribute>
      <attribute name="Notes">White fungus on tail</attribute>
    </box>
    <box frame="225" outside="0" occluded="0" keyframe="0" xtl="0.00" ytl="358.90" xbr="1177.12" ybr="842.80" z_order="0">
      <attribute name="Sex">Male</attribute>
      <attribute name="Adipose Clipped">No</attribute>
      <attribute name="Injury">Yes</attribute>
      <attribute name="Confidence Level">3</attribute>
      <attribute name="Notes">White fungus on tail</attribute>
    </box>
    <box frame="226" outside="0" occluded="0" keyframe="0" xtl="0.00" ytl="358.90" xbr="1216.11" ybr="842.80" z_order="0">
      <attribute name="Sex">Male</attribute>
      <attribute name="Adipose Clipped">No</attribute>
      <attribute name="Injury">Yes</attribute>
      <attribute name="Confidence Level">3</attribute>
      <attribute name="Notes">White fungus on tail</attribute>
    </box>
    <box frame="227" outside="0" occluded="0" keyframe="1" xtl="0.00" ytl="358.90" xbr="1255.10" ybr="842.80" z_order="0">
      <attribute name="Sex">Male</attribute>
      <attribute name="Adipose Clipped">No</attribute>
      <attribute name="Injury">Yes</attribute>
      <attribute name="Confidence Level">3</attribute>
      <attribute name="Notes">White fungus on tail</attribute>
    </box>
    <box frame="228" outside="0" occluded="0" keyframe="0" xtl="0.00" ytl="358.90" xbr="1279.82" ybr="842.80" z_order="0">
      <attribute name="Sex">Male</attribute>
      <attribute name="Adipose Clipped">No</attribute>
      <attribute name="Injury">Yes</attribute>
      <attribute name="Confidence Level">3</attribute>
      <attribute name="Notes">White fungus on tail</attribute>
    </box>
    <box frame="229" outside="0" occluded="0" keyframe="0" xtl="0.00" ytl="358.90" xbr="1304.54" ybr="842.80" z_order="0">
      <attribute name="Sex">Male</attribute>
      <attribute name="Adipose Clipped">No</attribute>
      <attribute name="Injury">Yes</attribute>
      <attribute name="Confidence Level">3</attribute>
      <attribute name="Notes">White fungus on tail</attribute>
    </box>
    <box frame="230" outside="0" occluded="0" keyframe="0" xtl="0.00" ytl="358.90" xbr="1329.26" ybr="842.80" z_order="0">
      <attribute name="Sex">Male</attribute>
      <attribute name="Adipose Clipped">No</attribute>
      <attribute name="Injury">Yes</attribute>
      <attribute name="Confidence Level">3</attribute>
      <attribute name="Notes">White fungus on tail</attribute>
    </box>
    <box frame="231" outside="0" occluded="0" keyframe="0" xtl="0.00" ytl="358.90" xbr="1353.98" ybr="842.80" z_order="0">
      <attribute name="Sex">Male</attribute>
      <attribute name="Adipose Clipped">No</attribute>
      <attribute name="Injury">Yes</attribute>
      <attribute name="Confidence Level">3</attribute>
      <attribute name="Notes">White fungus on tail</attribute>
    </box>
    <box frame="232" outside="0" occluded="0" keyframe="0" xtl="0.00" ytl="358.90" xbr="1378.70" ybr="842.80" z_order="0">
      <attribute name="Sex">Male</attribute>
      <attribute name="Adipose Clipped">No</attribute>
      <attribute name="Injury">Yes</attribute>
      <attribute name="Confidence Level">3</attribute>
      <attribute name="Notes">White fungus on tail</attribute>
    </box>
    <box frame="233" outside="0" occluded="0" keyframe="0" xtl="0.00" ytl="358.90" xbr="1403.42" ybr="842.80" z_order="0">
      <attribute name="Sex">Male</attribute>
      <attribute name="Adipose Clipped">No</attribute>
      <attribute name="Injury">Yes</attribute>
      <attribute name="Confidence Level">3</attribute>
      <attribute name="Notes">White fungus on tail</attribute>
    </box>
    <box frame="234" outside="0" occluded="0" keyframe="0" xtl="0.00" ytl="358.90" xbr="1428.14" ybr="842.80" z_order="0">
      <attribute name="Sex">Male</attribute>
      <attribute name="Adipose Clipped">No</attribute>
      <attribute name="Injury">Yes</attribute>
      <attribute name="Confidence Level">3</attribute>
      <attribute name="Notes">White fungus on tail</attribute>
    </box>
    <box frame="235" outside="0" occluded="0" keyframe="0" xtl="0.00" ytl="358.90" xbr="1452.86" ybr="842.80" z_order="0">
      <attribute name="Sex">Male</attribute>
      <attribute name="Adipose Clipped">No</attribute>
      <attribute name="Injury">Yes</attribute>
      <attribute name="Confidence Level">3</attribute>
      <attribute name="Notes">White fungus on tail</attribute>
    </box>
    <box frame="236" outside="0" occluded="0" keyframe="0" xtl="0.00" ytl="358.90" xbr="1477.58" ybr="842.80" z_order="0">
      <attribute name="Sex">Male</attribute>
      <attribute name="Adipose Clipped">No</attribute>
      <attribute name="Injury">Yes</attribute>
      <attribute name="Confidence Level">3</attribute>
      <attribute name="Notes">White fungus on tail</attribute>
    </box>
    <box frame="237" outside="0" occluded="0" keyframe="1" xtl="0.00" ytl="358.90" xbr="1502.30" ybr="842.80" z_order="0">
      <attribute name="Sex">Male</attribute>
      <attribute name="Adipose Clipped">No</attribute>
      <attribute name="Injury">Yes</attribute>
      <attribute name="Confidence Level">3</attribute>
      <attribute name="Notes">White fungus on tail</attribute>
    </box>
    <box frame="238" outside="0" occluded="0" keyframe="0" xtl="0.00" ytl="359.07" xbr="1525.45" ybr="843.63" z_order="0">
      <attribute name="Sex">Male</attribute>
      <attribute name="Adipose Clipped">No</attribute>
      <attribute name="Injury">Yes</attribute>
      <attribute name="Confidence Level">3</attribute>
      <attribute name="Notes">White fungus on tail</attribute>
    </box>
    <box frame="239" outside="0" occluded="0" keyframe="0" xtl="0.00" ytl="359.25" xbr="1548.60" ybr="844.45" z_order="0">
      <attribute name="Sex">Male</attribute>
      <attribute name="Adipose Clipped">No</attribute>
      <attribute name="Injury">Yes</attribute>
      <attribute name="Confidence Level">3</attribute>
      <attribute name="Notes">White fungus on tail</attribute>
    </box>
    <box frame="240" outside="0" occluded="0" keyframe="0" xtl="0.00" ytl="359.42" xbr="1571.75" ybr="845.28" z_order="0">
      <attribute name="Sex">Male</attribute>
      <attribute name="Adipose Clipped">No</attribute>
      <attribute name="Injury">Yes</attribute>
      <attribute name="Confidence Level">3</attribute>
      <attribute name="Notes">White fungus on tail</attribute>
    </box>
    <box frame="241" outside="0" occluded="0" keyframe="0" xtl="0.00" ytl="359.60" xbr="1594.90" ybr="846.10" z_order="0">
      <attribute name="Sex">Male</attribute>
      <attribute name="Adipose Clipped">No</attribute>
      <attribute name="Injury">Yes</attribute>
      <attribute name="Confidence Level">3</attribute>
      <attribute name="Notes">White fungus on tail</attribute>
    </box>
    <box frame="242" outside="0" occluded="0" keyframe="0" xtl="0.00" ytl="359.77" xbr="1618.05" ybr="846.93" z_order="0">
      <attribute name="Sex">Male</attribute>
      <attribute name="Adipose Clipped">No</attribute>
      <attribute name="Injury">Yes</attribute>
      <attribute name="Confidence Level">3</attribute>
      <attribute name="Notes">White fungus on tail</attribute>
    </box>
    <box frame="243" outside="0" occluded="0" keyframe="0" xtl="0.00" ytl="359.94" xbr="1641.20" ybr="847.75" z_order="0">
      <attribute name="Sex">Male</attribute>
      <attribute name="Adipose Clipped">No</attribute>
      <attribute name="Injury">Yes</attribute>
      <attribute name="Confidence Level">3</attribute>
      <attribute name="Notes">White fungus on tail</attribute>
    </box>
    <box frame="244" outside="0" occluded="0" keyframe="0" xtl="0.00" ytl="360.12" xbr="1664.35" ybr="848.58" z_order="0">
      <attribute name="Sex">Male</attribute>
      <attribute name="Adipose Clipped">No</attribute>
      <attribute name="Injury">Yes</attribute>
      <attribute name="Confidence Level">3</attribute>
      <attribute name="Notes">White fungus on tail</attribute>
    </box>
    <box frame="245" outside="0" occluded="0" keyframe="1" xtl="0.00" ytl="360.29" xbr="1687.50" ybr="849.40" z_order="0">
      <attribute name="Sex">Male</attribute>
      <attribute name="Adipose Clipped">No</attribute>
      <attribute name="Injury">Yes</attribute>
      <attribute name="Confidence Level">3</attribute>
      <attribute name="Notes">White fungus on tail</attribute>
    </box>
    <box frame="246" outside="0" occluded="0" keyframe="0" xtl="47.87" ytl="360.47" xbr="1710.65" ybr="846.97" z_order="0">
      <attribute name="Sex">Male</attribute>
      <attribute name="Adipose Clipped">No</attribute>
      <attribute name="Injury">Yes</attribute>
      <attribute name="Confidence Level">3</attribute>
      <attribute name="Notes">White fungus on tail</attribute>
    </box>
    <box frame="247" outside="0" occluded="0" keyframe="1" xtl="95.74" ytl="360.64" xbr="1733.80" ybr="844.54" z_order="0">
      <attribute name="Sex">Male</attribute>
      <attribute name="Adipose Clipped">No</attribute>
      <attribute name="Injury">Yes</attribute>
      <attribute name="Confidence Level">3</attribute>
      <attribute name="Notes">White fungus on tail</attribute>
    </box>
    <box frame="248" outside="0" occluded="0" keyframe="0" xtl="124.63" ytl="359.25" xbr="1771.04" ybr="848.37" z_order="0">
      <attribute name="Sex">Male</attribute>
      <attribute name="Adipose Clipped">No</attribute>
      <attribute name="Injury">Yes</attribute>
      <attribute name="Confidence Level">3</attribute>
      <attribute name="Notes">White fungus on tail</attribute>
    </box>
    <box frame="249" outside="0" occluded="0" keyframe="0" xtl="153.52" ytl="357.86" xbr="1808.28" ybr="852.20" z_order="0">
      <attribute name="Sex">Male</attribute>
      <attribute name="Adipose Clipped">No</attribute>
      <attribute name="Injury">Yes</attribute>
      <attribute name="Confidence Level">3</attribute>
      <attribute name="Notes">White fungus on tail</attribute>
    </box>
    <box frame="250" outside="0" occluded="0" keyframe="0" xtl="182.42" ytl="356.46" xbr="1845.52" ybr="856.04" z_order="0">
      <attribute name="Sex">Male</attribute>
      <attribute name="Adipose Clipped">No</attribute>
      <attribute name="Injury">Yes</attribute>
      <attribute name="Confidence Level">3</attribute>
      <attribute name="Notes">White fungus on tail</attribute>
    </box>
    <box frame="251" outside="0" occluded="0" keyframe="0" xtl="211.31" ytl="355.07" xbr="1882.76" ybr="859.87" z_order="0">
      <attribute name="Sex">Male</attribute>
      <attribute name="Adipose Clipped">No</attribute>
      <attribute name="Injury">Yes</attribute>
      <attribute name="Confidence Level">3</attribute>
      <attribute name="Notes">White fungus on tail</attribute>
    </box>
    <box frame="252" outside="0" occluded="0" keyframe="1" xtl="240.20" ytl="353.68" xbr="1920.00" ybr="863.70" z_order="0">
      <attribute name="Sex">Male</attribute>
      <attribute name="Adipose Clipped">No</attribute>
      <attribute name="Injury">Yes</attribute>
      <attribute name="Confidence Level">3</attribute>
      <attribute name="Notes">White fungus on tail</attribute>
    </box>
    <box frame="253" outside="0" occluded="0" keyframe="0" xtl="312.97" ytl="352.29" xbr="1920.00" ybr="857.08" z_order="0">
      <attribute name="Sex">Male</attribute>
      <attribute name="Adipose Clipped">No</attribute>
      <attribute name="Injury">Yes</attribute>
      <attribute name="Confidence Level">3</attribute>
      <attribute name="Notes">White fungus on tail</attribute>
    </box>
    <box frame="254" outside="0" occluded="0" keyframe="0" xtl="385.73" ytl="350.89" xbr="1920.00" ybr="850.47" z_order="0">
      <attribute name="Sex">Male</attribute>
      <attribute name="Adipose Clipped">No</attribute>
      <attribute name="Injury">Yes</attribute>
      <attribute name="Confidence Level">3</attribute>
      <attribute name="Notes">White fungus on tail</attribute>
    </box>
    <box frame="255" outside="0" occluded="0" keyframe="0" xtl="458.50" ytl="349.50" xbr="1920.00" ybr="843.85" z_order="0">
      <attribute name="Sex">Male</attribute>
      <attribute name="Adipose Clipped">No</attribute>
      <attribute name="Injury">Yes</attribute>
      <attribute name="Confidence Level">3</attribute>
      <attribute name="Notes">White fungus on tail</attribute>
    </box>
    <box frame="256" outside="0" occluded="0" keyframe="0" xtl="531.26" ytl="348.11" xbr="1920.00" ybr="837.23" z_order="0">
      <attribute name="Sex">Male</attribute>
      <attribute name="Adipose Clipped">No</attribute>
      <attribute name="Injury">Yes</attribute>
      <attribute name="Confidence Level">3</attribute>
      <attribute name="Notes">White fungus on tail</attribute>
    </box>
    <box frame="257" outside="0" occluded="0" keyframe="1" xtl="604.03" ytl="346.72" xbr="1920.00" ybr="830.62" z_order="0">
      <attribute name="Sex">Male</attribute>
      <attribute name="Adipose Clipped">No</attribute>
      <attribute name="Injury">Yes</attribute>
      <attribute name="Confidence Level">3</attribute>
      <attribute name="Notes">White fungus on tail</attribute>
    </box>
    <box frame="258" outside="0" occluded="0" keyframe="0" xtl="664.26" ytl="340.45" xbr="1920.00" ybr="824.35" z_order="0">
      <attribute name="Sex">Male</attribute>
      <attribute name="Adipose Clipped">No</attribute>
      <attribute name="Injury">Yes</attribute>
      <attribute name="Confidence Level">3</attribute>
      <attribute name="Notes">White fungus on tail</attribute>
    </box>
    <box frame="259" outside="0" occluded="0" keyframe="0" xtl="724.48" ytl="334.18" xbr="1920.00" ybr="818.08" z_order="0">
      <attribute name="Sex">Male</attribute>
      <attribute name="Adipose Clipped">No</attribute>
      <attribute name="Injury">Yes</attribute>
      <attribute name="Confidence Level">3</attribute>
      <attribute name="Notes">White fungus on tail</attribute>
    </box>
    <box frame="260" outside="0" occluded="0" keyframe="0" xtl="784.71" ytl="327.92" xbr="1920.00" ybr="811.82" z_order="0">
      <attribute name="Sex">Male</attribute>
      <attribute name="Adipose Clipped">No</attribute>
      <attribute name="Injury">Yes</attribute>
      <attribute name="Confidence Level">3</attribute>
      <attribute name="Notes">White fungus on tail</attribute>
    </box>
    <box frame="261" outside="0" occluded="0" keyframe="0" xtl="844.94" ytl="321.65" xbr="1920.00" ybr="805.55" z_order="0">
      <attribute name="Sex">Male</attribute>
      <attribute name="Adipose Clipped">No</attribute>
      <attribute name="Injury">Yes</attribute>
      <attribute name="Confidence Level">3</attribute>
      <attribute name="Notes">White fungus on tail</attribute>
    </box>
    <box frame="262" outside="0" occluded="0" keyframe="1" xtl="905.17" ytl="315.38" xbr="1920.00" ybr="799.28" z_order="0">
      <attribute name="Sex">Male</attribute>
      <attribute name="Adipose Clipped">No</attribute>
      <attribute name="Injury">Yes</attribute>
      <attribute name="Confidence Level">3</attribute>
      <attribute name="Notes">White fungus on tail</attribute>
    </box>
    <box frame="263" outside="0" occluded="0" keyframe="0" xtl="982.35" ytl="315.38" xbr="1920.00" ybr="794.05" z_order="0">
      <attribute name="Sex">Male</attribute>
      <attribute name="Adipose Clipped">No</attribute>
      <attribute name="Injury">Yes</attribute>
      <attribute name="Confidence Level">3</attribute>
      <attribute name="Notes">White fungus on tail</attribute>
    </box>
    <box frame="264" outside="0" occluded="0" keyframe="0" xtl="1059.52" ytl="315.38" xbr="1920.00" ybr="788.83" z_order="0">
      <attribute name="Sex">Male</attribute>
      <attribute name="Adipose Clipped">No</attribute>
      <attribute name="Injury">Yes</attribute>
      <attribute name="Confidence Level">3</attribute>
      <attribute name="Notes">White fungus on tail</attribute>
    </box>
    <box frame="265" outside="0" occluded="0" keyframe="1" xtl="1136.70" ytl="315.38" xbr="1920.00" ybr="783.60" z_order="0">
      <attribute name="Sex">Male</attribute>
      <attribute name="Adipose Clipped">No</attribute>
      <attribute name="Injury">Yes</attribute>
      <attribute name="Confidence Level">3</attribute>
      <attribute name="Notes">White fungus on tail</attribute>
    </box>
    <box frame="266" outside="0" occluded="0" keyframe="0" xtl="1193.80" ytl="303.55" xbr="1920.00" ybr="767.37" z_order="0">
      <attribute name="Sex">Male</attribute>
      <attribute name="Adipose Clipped">No</attribute>
      <attribute name="Injury">Yes</attribute>
      <attribute name="Confidence Level">3</attribute>
      <attribute name="Notes">White fungus on tail</attribute>
    </box>
    <box frame="267" outside="0" occluded="1" keyframe="1" xtl="1250.90" ytl="291.71" xbr="1920.00" ybr="751.13" z_order="0">
      <attribute name="Sex">Male</attribute>
      <attribute name="Adipose Clipped">No</attribute>
      <attribute name="Injury">Yes</attribute>
      <attribute name="Confidence Level">3</attribute>
      <attribute name="Notes">White fungus on tail</attribute>
    </box>
    <box frame="268" outside="0" occluded="1" keyframe="1" xtl="1308.00" ytl="279.87" xbr="1920.00" ybr="734.90" z_order="0">
      <attribute name="Sex">Male</attribute>
      <attribute name="Adipose Clipped">No</attribute>
      <attribute name="Injury">Yes</attribute>
      <attribute name="Confidence Level">3</attribute>
      <attribute name="Notes">White fungus on tail</attribute>
    </box>
    <box frame="269" outside="0" occluded="1" keyframe="0" xtl="1426.00" ytl="268.04" xbr="1920.00" ybr="759.25" z_order="0">
      <attribute name="Sex">Male</attribute>
      <attribute name="Adipose Clipped">No</attribute>
      <attribute name="Injury">Yes</attribute>
      <attribute name="Confidence Level">3</attribute>
      <attribute name="Notes">White fungus on tail</attribute>
    </box>
    <box frame="270" outside="0" occluded="1" keyframe="1" xtl="1544.00" ytl="256.20" xbr="1920.00" ybr="783.60" z_order="0">
      <attribute name="Sex">Male</attribute>
      <attribute name="Adipose Clipped">No</attribute>
      <attribute name="Injury">Yes</attribute>
      <attribute name="Confidence Level">3</attribute>
      <attribute name="Notes">White fungus on tail</attribute>
    </box>
    <box frame="271" outside="0" occluded="1" keyframe="0" xtl="1567.93" ytl="256.20" xbr="1920.00" ybr="768.80" z_order="0">
      <attribute name="Sex">Male</attribute>
      <attribute name="Adipose Clipped">No</attribute>
      <attribute name="Injury">Yes</attribute>
      <attribute name="Confidence Level">3</attribute>
      <attribute name="Notes">White fungus on tail</attribute>
    </box>
    <box frame="272" outside="0" occluded="1" keyframe="0" xtl="1591.85" ytl="256.20" xbr="1920.00" ybr="754.00" z_order="0">
      <attribute name="Sex">Male</attribute>
      <attribute name="Adipose Clipped">No</attribute>
      <attribute name="Injury">Yes</attribute>
      <attribute name="Confidence Level">3</attribute>
      <attribute name="Notes">White fungus on tail</attribute>
    </box>
    <box frame="273" outside="0" occluded="1" keyframe="0" xtl="1615.78" ytl="256.20" xbr="1920.00" ybr="739.20" z_order="0">
      <attribute name="Sex">Male</attribute>
      <attribute name="Adipose Clipped">No</attribute>
      <attribute name="Injury">Yes</attribute>
      <attribute name="Confidence Level">3</attribute>
      <attribute name="Notes">White fungus on tail</attribute>
    </box>
    <box frame="274" outside="0" occluded="1" keyframe="1" xtl="1639.70" ytl="256.20" xbr="1920.00" ybr="724.40" z_order="0">
      <attribute name="Sex">Male</attribute>
      <attribute name="Adipose Clipped">No</attribute>
      <attribute name="Injury">Yes</attribute>
      <attribute name="Confidence Level">3</attribute>
      <attribute name="Notes">White fungus on tail</attribute>
    </box>
    <box frame="275" outside="0" occluded="1" keyframe="1" xtl="1759.80" ytl="256.20" xbr="1920.00" ybr="708.70" z_order="0">
      <attribute name="Sex">Male</attribute>
      <attribute name="Adipose Clipped">No</attribute>
      <attribute name="Injury">Yes</attribute>
      <attribute name="Confidence Level">3</attribute>
      <attribute name="Notes">White fungus on tail</attribute>
    </box>
    <box frame="276" outside="1" occluded="0" keyframe="1" xtl="1879.90" ytl="256.20" xbr="1920.00" ybr="708.70" z_order="0">
      <attribute name="Sex">Male</attribute>
      <attribute name="Adipose Clipped">No</attribute>
      <attribute name="Injury">Yes</attribute>
      <attribute name="Confidence Level">3</attribute>
      <attribute name="Notes">White fungus on tail</attribute>
    </box>
  </track>
</annotations>