<?xml version="1.0" encoding="utf-8"?>
<annotations>
  <version>1.1</version>
  <meta>
    <task>
      <id>185</id>
      <name>10-24-2019 13-46-43 M Right Bank Underwater</name>
      <size>360</size>
      <mode>interpolation</mode>
      <overlap>5</overlap>
      <bugtracker></bugtracker>
      <created>2021-02-09 21:23:52.341051+00:00</created>
      <updated>2021-02-09 22:02:10.487423+00:00</updated>
      <start_frame>0</start_frame>
      <stop_frame>359</stop_frame>
      <frame_filter></frame_filter>
      <labels>
        <label>
          <name>Coho</name>
          <color>#66c893</color>
          <attributes>
            <attribute>
              <name>Adipose Clipped</name>
              <mutable>False</mutable>
              <input_type>select</input_type>
              <default_value>No</default_value>
              <values>No
Yes
NA</values>
            </attribute>
            <attribute>
              <name>Confidence Level</name>
              <mutable>False</mutable>
              <input_type>select</input_type>
              <default_value>3</default_value>
              <values>3
2
1</values>
            </attribute>
            <attribute>
              <name>Injury</name>
              <mutable>False</mutable>
              <input_type>select</input_type>
              <default_value>No</default_value>
              <values>No
Yes
NA</values>
            </attribute>
            <attribute>
              <name>Notes</name>
              <mutable>False</mutable>
              <input_type>text</input_type>
              <default_value>NA</default_value>
              <values>NA</values>
            </attribute>
            <attribute>
              <name>Sex</name>
              <mutable>False</mutable>
              <input_type>select</input_type>
              <default_value>Male</default_value>
              <values>Male
Female
Jack</values>
            </attribute>
          </attributes>
        </label>
        <label>
          <name>Pink</name>
          <color>#fa7dbb</color>
          <attributes>
            <attribute>
              <name>Adipose Clipped</name>
              <mutable>False</mutable>
              <input_type>select</input_type>
              <default_value>No</default_value>
              <values>No
Yes
NA</values>
            </attribute>
            <attribute>
              <name>Confidence Level</name>
              <mutable>False</mutable>
              <input_type>select</input_type>
              <default_value>3</default_value>
              <values>3
2
1</values>
            </attribute>
            <attribute>
              <name>Injury</name>
              <mutable>False</mutable>
              <input_type>select</input_type>
              <default_value>No</default_value>
              <values>No
Yes
NA</values>
            </attribute>
            <attribute>
              <name>Notes</name>
              <mutable>False</mutable>
              <input_type>text</input_type>
              <default_value>NA</default_value>
              <values>NA</values>
            </attribute>
            <attribute>
              <name>Sex</name>
              <mutable>False</mutable>
              <input_type>select</input_type>
              <default_value>Male</default_value>
              <values>Male
Female</values>
            </attribute>
          </attributes>
        </label>
        <label>
          <name>Bull</name>
          <color>#ff6037</color>
          <attributes>
            <attribute>
              <name>Adipose Clipped</name>
              <mutable>False</mutable>
              <input_type>select</input_type>
              <default_value>No</default_value>
              <values>No
NA</values>
            </attribute>
            <attribute>
              <name>Confidence Level</name>
              <mutable>False</mutable>
              <input_type>select</input_type>
              <default_value>3</default_value>
              <values>3
2
1</values>
            </attribute>
            <attribute>
              <name>Injury</name>
              <mutable>False</mutable>
              <input_type>select</input_type>
              <default_value>No</default_value>
              <values>No
Yes
NA</values>
            </attribute>
            <attribute>
              <name>Notes</name>
              <mutable>False</mutable>
              <input_type>text</input_type>
              <default_value>NA</default_value>
              <values>NA</values>
            </attribute>
            <attribute>
              <name>Sex</name>
              <mutable>False</mutable>
              <input_type>select</input_type>
              <default_value>NA</default_value>
              <values>NA</values>
            </attribute>
          </attributes>
        </label>
        <label>
          <name>Chum</name>
          <color>#b83df5</color>
          <attributes>
            <attribute>
              <name>Sex</name>
              <mutable>False</mutable>
              <input_type>select</input_type>
              <default_value>Male</default_value>
              <values>Male
Female</values>
            </attribute>
            <attribute>
              <name>Adipose Clipped</name>
              <mutable>False</mutable>
              <input_type>select</input_type>
              <default_value>No</default_value>
              <values>No
Yes
NA</values>
            </attribute>
            <attribute>
              <name>Injury</name>
              <mutable>False</mutable>
              <input_type>select</input_type>
              <default_value>No</default_value>
              <values>No
Yes
NA</values>
            </attribute>
            <attribute>
              <name>Confidence Level</name>
              <mutable>False</mutable>
              <input_type>select</input_type>
              <default_value>3</default_value>
              <values>3
2
1</values>
            </attribute>
            <attribute>
              <name>Notes</name>
              <mutable>False</mutable>
              <input_type>text</input_type>
              <default_value>NA</default_value>
              <values>NA</values>
            </attribute>
          </attributes>
        </label>
        <label>
          <name>Whitefish</name>
          <color>#e2f1ee</color>
          <attributes>
            <attribute>
              <name>Sex</name>
              <mutable>False</mutable>
              <input_type>select</input_type>
              <default_value>NA</default_value>
              <values>NA</values>
            </attribute>
            <attribute>
              <name>Adipose Clipped</name>
              <mutable>False</mutable>
              <input_type>select</input_type>
              <default_value>No</default_value>
              <values>No
Yes
NA</values>
            </attribute>
            <attribute>
              <name>Injury</name>
              <mutable>False</mutable>
              <input_type>select</input_type>
              <default_value>No</default_value>
              <values>No
Yes
NA</values>
            </attribute>
            <attribute>
              <name>Confidence Level</name>
              <mutable>False</mutable>
              <input_type>select</input_type>
              <default_value>3</default_value>
              <values>3
2
1</values>
            </attribute>
            <attribute>
              <name>Notes</name>
              <mutable>False</mutable>
              <input_type>text</input_type>
              <default_value>NA</default_value>
              <values>NA</values>
            </attribute>
          </attributes>
        </label>
        <label>
          <name>Sockeye</name>
          <color>#fa3253</color>
          <attributes>
            <attribute>
              <name>Sex</name>
              <mutable>False</mutable>
              <input_type>select</input_type>
              <default_value>Male</default_value>
              <values>Male
Female</values>
            </attribute>
            <attribute>
              <name>Adipose Clipped</name>
              <mutable>False</mutable>
              <input_type>select</input_type>
              <default_value>No</default_value>
              <values>No
Yes
NA</values>
            </attribute>
            <attribute>
              <name>Injury</name>
              <mutable>False</mutable>
              <input_type>select</input_type>
              <default_value>No</default_value>
              <values>No
Yes
NA</values>
            </attribute>
            <attribute>
              <name>Confidence Level</name>
              <mutable>False</mutable>
              <input_type>select</input_type>
              <default_value>3</default_value>
              <values>3
2
1</values>
            </attribute>
            <attribute>
              <name>Notes</name>
              <mutable>False</mutable>
              <input_type>text</input_type>
              <default_value>NA</default_value>
              <values>NA</values>
            </attribute>
          </attributes>
        </label>
        <label>
          <name>Steelhead</name>
          <color>#66ff66</color>
          <attributes>
            <attribute>
              <name>Sex</name>
              <mutable>False</mutable>
              <input_type>select</input_type>
              <default_value>Male</default_value>
              <values>Male
Female</values>
            </attribute>
            <attribute>
              <name>Adipose Clipped</name>
              <mutable>False</mutable>
              <input_type>select</input_type>
              <default_value>No</default_value>
              <values>No
Yes
NA</values>
            </attribute>
            <attribute>
              <name>Injury</name>
              <mutable>False</mutable>
              <input_type>select</input_type>
              <default_value>No</default_value>
              <values>No
Yes
NA</values>
            </attribute>
            <attribute>
              <name>Confidence Level</name>
              <mutable>False</mutable>
              <input_type>select</input_type>
              <default_value>3</default_value>
              <values>3
2
1</values>
            </attribute>
            <attribute>
              <name>Notes</name>
              <mutable>False</mutable>
              <input_type>text</input_type>
              <default_value>NA</default_value>
              <values>NA</values>
            </attribute>
          </attributes>
        </label>
        <label>
          <name>Rainbow</name>
          <color>#ff00cc</color>
          <attributes>
            <attribute>
              <name>Sex</name>
              <mutable>False</mutable>
              <input_type>select</input_type>
              <default_value>NA</default_value>
              <values>NA</values>
            </attribute>
            <attribute>
              <name>Adipose Clipped</name>
              <mutable>False</mutable>
              <input_type>select</input_type>
              <default_value>No</default_value>
              <values>No
Yes
NA</values>
            </attribute>
            <attribute>
              <name>Injury</name>
              <mutable>False</mutable>
              <input_type>select</input_type>
              <default_value>No</default_value>
              <values>No
Yes
NA</values>
            </attribute>
            <attribute>
              <name>Confidence Level</name>
              <mutable>False</mutable>
              <input_type>select</input_type>
              <default_value>3</default_value>
              <values>3
2
1</values>
            </attribute>
            <attribute>
              <name>Notes</name>
              <mutable>False</mutable>
              <input_type>text</input_type>
              <default_value>NA</default_value>
              <values>NA</values>
            </attribute>
          </attributes>
        </label>
      </labels>
      <segments>
        <segment>
          <id>182</id>
          <start>0</start>
          <stop>359</stop>
          <url>httplocalhost:8080/?id=182</url>
        </segment>
      </segments>
      <owner>
        <username>bna19</username>
        <email>bna19@sfu.ca</email>
      </owner>
      <assignee></assignee>
      <original_size>
        <width>1920</width>
        <height>1080</height>
      </original_size>
    </task>
    <dumped>2021-02-09 22:02:20.949612+00:00</dumped>
    <source>10-24-2019 13-46-43 M Right Bank Underwater.m4v</source>
  </meta>
  <track id="0" label="Bull" source="manual">
    <box frame="20" outside="0" occluded="0" keyframe="1" xtl="0.00" ytl="61.26" xbr="313.32" ybr="273.63" z_order="0">
      <attribute name="Notes">Key feature - Orange/white tipped anal+pectoral fins</attribute>
      <attribute name="Sex">NA</attribute>
      <attribute name="Adipose Clipped">No</attribute>
      <attribute name="Injury">No</attribute>
      <attribute name="Confidence Level">3</attribute>
    </box>
    <box frame="21" outside="0" occluded="0" keyframe="0" xtl="0.00" ytl="65.96" xbr="342.91" ybr="278.33" z_order="0">
      <attribute name="Notes">Key feature - Orange/white tipped anal+pectoral fins</attribute>
      <attribute name="Sex">NA</attribute>
      <attribute name="Adipose Clipped">No</attribute>
      <attribute name="Injury">No</attribute>
      <attribute name="Confidence Level">3</attribute>
    </box>
    <box frame="22" outside="0" occluded="0" keyframe="0" xtl="0.00" ytl="70.66" xbr="372.50" ybr="283.03" z_order="0">
      <attribute name="Notes">Key feature - Orange/white tipped anal+pectoral fins</attribute>
      <attribute name="Sex">NA</attribute>
      <attribute name="Adipose Clipped">No</attribute>
      <attribute name="Injury">No</attribute>
      <attribute name="Confidence Level">3</attribute>
    </box>
    <box frame="23" outside="0" occluded="0" keyframe="0" xtl="0.00" ytl="75.36" xbr="402.08" ybr="287.73" z_order="0">
      <attribute name="Notes">Key feature - Orange/white tipped anal+pectoral fins</attribute>
      <attribute name="Sex">NA</attribute>
      <attribute name="Adipose Clipped">No</attribute>
      <attribute name="Injury">No</attribute>
      <attribute name="Confidence Level">3</attribute>
    </box>
    <box frame="24" outside="0" occluded="0" keyframe="0" xtl="0.00" ytl="80.06" xbr="431.67" ybr="292.43" z_order="0">
      <attribute name="Notes">Key feature - Orange/white tipped anal+pectoral fins</attribute>
      <attribute name="Sex">NA</attribute>
      <attribute name="Adipose Clipped">No</attribute>
      <attribute name="Injury">No</attribute>
      <attribute name="Confidence Level">3</attribute>
    </box>
    <box frame="25" outside="0" occluded="0" keyframe="0" xtl="0.00" ytl="84.76" xbr="461.26" ybr="297.13" z_order="0">
      <attribute name="Notes">Key feature - Orange/white tipped anal+pectoral fins</attribute>
      <attribute name="Sex">NA</attribute>
      <attribute name="Adipose Clipped">No</attribute>
      <attribute name="Injury">No</attribute>
      <attribute name="Confidence Level">3</attribute>
    </box>
    <box frame="26" outside="0" occluded="0" keyframe="0" xtl="0.00" ytl="89.46" xbr="490.85" ybr="301.83" z_order="0">
      <attribute name="Notes">Key feature - Orange/white tipped anal+pectoral fins</attribute>
      <attribute name="Sex">NA</attribute>
      <attribute name="Adipose Clipped">No</attribute>
      <attribute name="Injury">No</attribute>
      <attribute name="Confidence Level">3</attribute>
    </box>
    <box frame="27" outside="0" occluded="0" keyframe="0" xtl="0.00" ytl="94.16" xbr="520.44" ybr="306.53" z_order="0">
      <attribute name="Notes">Key feature - Orange/white tipped anal+pectoral fins</attribute>
      <attribute name="Sex">NA</attribute>
      <attribute name="Adipose Clipped">No</attribute>
      <attribute name="Injury">No</attribute>
      <attribute name="Confidence Level">3</attribute>
    </box>
    <box frame="28" outside="0" occluded="0" keyframe="0" xtl="0.00" ytl="98.86" xbr="550.02" ybr="311.23" z_order="0">
      <attribute name="Notes">Key feature - Orange/white tipped anal+pectoral fins</attribute>
      <attribute name="Sex">NA</attribute>
      <attribute name="Adipose Clipped">No</attribute>
      <attribute name="Injury">No</attribute>
      <attribute name="Confidence Level">3</attribute>
    </box>
    <box frame="29" outside="0" occluded="0" keyframe="0" xtl="0.00" ytl="103.56" xbr="579.61" ybr="315.93" z_order="0">
      <attribute name="Notes">Key feature - Orange/white tipped anal+pectoral fins</attribute>
      <attribute name="Sex">NA</attribute>
      <attribute name="Adipose Clipped">No</attribute>
      <attribute name="Injury">No</attribute>
      <attribute name="Confidence Level">3</attribute>
    </box>
    <box frame="30" outside="0" occluded="0" keyframe="1" xtl="0.00" ytl="108.26" xbr="609.20" ybr="320.63" z_order="0">
      <attribute name="Notes">Key feature - Orange/white tipped anal+pectoral fins</attribute>
      <attribute name="Sex">NA</attribute>
      <attribute name="Adipose Clipped">No</attribute>
      <attribute name="Injury">No</attribute>
      <attribute name="Confidence Level">3</attribute>
    </box>
    <box frame="31" outside="0" occluded="0" keyframe="0" xtl="0.00" ytl="108.26" xbr="625.43" ybr="332.82" z_order="0">
      <attribute name="Notes">Key feature - Orange/white tipped anal+pectoral fins</attribute>
      <attribute name="Sex">NA</attribute>
      <attribute name="Adipose Clipped">No</attribute>
      <attribute name="Injury">No</attribute>
      <attribute name="Confidence Level">3</attribute>
    </box>
    <box frame="32" outside="0" occluded="0" keyframe="0" xtl="0.00" ytl="108.26" xbr="641.67" ybr="345.01" z_order="0">
      <attribute name="Notes">Key feature - Orange/white tipped anal+pectoral fins</attribute>
      <attribute name="Sex">NA</attribute>
      <attribute name="Adipose Clipped">No</attribute>
      <attribute name="Injury">No</attribute>
      <attribute name="Confidence Level">3</attribute>
    </box>
    <box frame="33" outside="0" occluded="0" keyframe="1" xtl="0.00" ytl="108.26" xbr="657.90" ybr="357.20" z_order="0">
      <attribute name="Notes">Key feature - Orange/white tipped anal+pectoral fins</attribute>
      <attribute name="Sex">NA</attribute>
      <attribute name="Adipose Clipped">No</attribute>
      <attribute name="Injury">No</attribute>
      <attribute name="Confidence Level">3</attribute>
    </box>
    <box frame="34" outside="0" occluded="0" keyframe="0" xtl="0.82" ytl="110.53" xbr="680.36" ybr="359.46" z_order="0">
      <attribute name="Notes">Key feature - Orange/white tipped anal+pectoral fins</attribute>
      <attribute name="Sex">NA</attribute>
      <attribute name="Adipose Clipped">No</attribute>
      <attribute name="Injury">No</attribute>
      <attribute name="Confidence Level">3</attribute>
    </box>
    <box frame="35" outside="0" occluded="0" keyframe="0" xtl="1.63" ytl="112.79" xbr="702.82" ybr="361.73" z_order="0">
      <attribute name="Notes">Key feature - Orange/white tipped anal+pectoral fins</attribute>
      <attribute name="Sex">NA</attribute>
      <attribute name="Adipose Clipped">No</attribute>
      <attribute name="Injury">No</attribute>
      <attribute name="Confidence Level">3</attribute>
    </box>
    <box frame="36" outside="0" occluded="0" keyframe="0" xtl="2.45" ytl="115.05" xbr="725.28" ybr="363.99" z_order="0">
      <attribute name="Notes">Key feature - Orange/white tipped anal+pectoral fins</attribute>
      <attribute name="Sex">NA</attribute>
      <attribute name="Adipose Clipped">No</attribute>
      <attribute name="Injury">No</attribute>
      <attribute name="Confidence Level">3</attribute>
    </box>
    <box frame="37" outside="0" occluded="0" keyframe="0" xtl="3.27" ytl="117.31" xbr="747.74" ybr="366.25" z_order="0">
      <attribute name="Notes">Key feature - Orange/white tipped anal+pectoral fins</attribute>
      <attribute name="Sex">NA</attribute>
      <attribute name="Adipose Clipped">No</attribute>
      <attribute name="Injury">No</attribute>
      <attribute name="Confidence Level">3</attribute>
    </box>
    <box frame="38" outside="0" occluded="0" keyframe="0" xtl="4.08" ytl="119.58" xbr="770.20" ybr="368.52" z_order="0">
      <attribute name="Notes">Key feature - Orange/white tipped anal+pectoral fins</attribute>
      <attribute name="Sex">NA</attribute>
      <attribute name="Adipose Clipped">No</attribute>
      <attribute name="Injury">No</attribute>
      <attribute name="Confidence Level">3</attribute>
    </box>
    <box frame="39" outside="0" occluded="0" keyframe="1" xtl="4.90" ytl="121.84" xbr="792.66" ybr="370.78" z_order="0">
      <attribute name="Notes">Key feature - Orange/white tipped anal+pectoral fins</attribute>
      <attribute name="Sex">NA</attribute>
      <attribute name="Adipose Clipped">No</attribute>
      <attribute name="Injury">No</attribute>
      <attribute name="Confidence Level">3</attribute>
    </box>
    <box frame="40" outside="0" occluded="0" keyframe="0" xtl="31.09" ytl="124.10" xbr="815.12" ybr="373.04" z_order="0">
      <attribute name="Notes">Key feature - Orange/white tipped anal+pectoral fins</attribute>
      <attribute name="Sex">NA</attribute>
      <attribute name="Adipose Clipped">No</attribute>
      <attribute name="Injury">No</attribute>
      <attribute name="Confidence Level">3</attribute>
    </box>
    <box frame="41" outside="0" occluded="0" keyframe="0" xtl="57.28" ytl="126.37" xbr="837.58" ybr="375.30" z_order="0">
      <attribute name="Notes">Key feature - Orange/white tipped anal+pectoral fins</attribute>
      <attribute name="Sex">NA</attribute>
      <attribute name="Adipose Clipped">No</attribute>
      <attribute name="Injury">No</attribute>
      <attribute name="Confidence Level">3</attribute>
    </box>
    <box frame="42" outside="0" occluded="0" keyframe="0" xtl="83.47" ytl="128.63" xbr="860.04" ybr="377.57" z_order="0">
      <attribute name="Notes">Key feature - Orange/white tipped anal+pectoral fins</attribute>
      <attribute name="Sex">NA</attribute>
      <attribute name="Adipose Clipped">No</attribute>
      <attribute name="Injury">No</attribute>
      <attribute name="Confidence Level">3</attribute>
    </box>
    <box frame="43" outside="0" occluded="0" keyframe="1" xtl="109.66" ytl="130.89" xbr="882.50" ybr="379.83" z_order="0">
      <attribute name="Notes">Key feature - Orange/white tipped anal+pectoral fins</attribute>
      <attribute name="Sex">NA</attribute>
      <attribute name="Adipose Clipped">No</attribute>
      <attribute name="Injury">No</attribute>
      <attribute name="Confidence Level">3</attribute>
    </box>
    <box frame="44" outside="0" occluded="0" keyframe="0" xtl="109.66" ytl="130.89" xbr="904.78" ybr="379.83" z_order="0">
      <attribute name="Notes">Key feature - Orange/white tipped anal+pectoral fins</attribute>
      <attribute name="Sex">NA</attribute>
      <attribute name="Adipose Clipped">No</attribute>
      <attribute name="Injury">No</attribute>
      <attribute name="Confidence Level">3</attribute>
    </box>
    <box frame="45" outside="0" occluded="0" keyframe="0" xtl="109.66" ytl="130.89" xbr="927.06" ybr="379.83" z_order="0">
      <attribute name="Notes">Key feature - Orange/white tipped anal+pectoral fins</attribute>
      <attribute name="Sex">NA</attribute>
      <attribute name="Adipose Clipped">No</attribute>
      <attribute name="Injury">No</attribute>
      <attribute name="Confidence Level">3</attribute>
    </box>
    <box frame="46" outside="0" occluded="0" keyframe="0" xtl="109.66" ytl="130.89" xbr="949.34" ybr="379.83" z_order="0">
      <attribute name="Notes">Key feature - Orange/white tipped anal+pectoral fins</attribute>
      <attribute name="Sex">NA</attribute>
      <attribute name="Adipose Clipped">No</attribute>
      <attribute name="Injury">No</attribute>
      <attribute name="Confidence Level">3</attribute>
    </box>
    <box frame="47" outside="0" occluded="0" keyframe="0" xtl="109.66" ytl="130.89" xbr="971.62" ybr="379.83" z_order="0">
      <attribute name="Notes">Key feature - Orange/white tipped anal+pectoral fins</attribute>
      <attribute name="Sex">NA</attribute>
      <attribute name="Adipose Clipped">No</attribute>
      <attribute name="Injury">No</attribute>
      <attribute name="Confidence Level">3</attribute>
    </box>
    <box frame="48" outside="0" occluded="0" keyframe="1" xtl="109.66" ytl="130.89" xbr="993.90" ybr="379.83" z_order="0">
      <attribute name="Notes">Key feature - Orange/white tipped anal+pectoral fins</attribute>
      <attribute name="Sex">NA</attribute>
      <attribute name="Adipose Clipped">No</attribute>
      <attribute name="Injury">No</attribute>
      <attribute name="Confidence Level">3</attribute>
    </box>
    <box frame="49" outside="0" occluded="0" keyframe="0" xtl="134.03" ytl="131.94" xbr="1018.27" ybr="380.87" z_order="0">
      <attribute name="Notes">Key feature - Orange/white tipped anal+pectoral fins</attribute>
      <attribute name="Sex">NA</attribute>
      <attribute name="Adipose Clipped">No</attribute>
      <attribute name="Injury">No</attribute>
      <attribute name="Confidence Level">3</attribute>
    </box>
    <box frame="50" outside="0" occluded="0" keyframe="0" xtl="158.40" ytl="132.98" xbr="1042.64" ybr="381.92" z_order="0">
      <attribute name="Notes">Key feature - Orange/white tipped anal+pectoral fins</attribute>
      <attribute name="Sex">NA</attribute>
      <attribute name="Adipose Clipped">No</attribute>
      <attribute name="Injury">No</attribute>
      <attribute name="Confidence Level">3</attribute>
    </box>
    <box frame="51" outside="0" occluded="0" keyframe="0" xtl="182.77" ytl="134.03" xbr="1067.01" ybr="382.96" z_order="0">
      <attribute name="Notes">Key feature - Orange/white tipped anal+pectoral fins</attribute>
      <attribute name="Sex">NA</attribute>
      <attribute name="Adipose Clipped">No</attribute>
      <attribute name="Injury">No</attribute>
      <attribute name="Confidence Level">3</attribute>
    </box>
    <box frame="52" outside="0" occluded="0" keyframe="0" xtl="207.14" ytl="135.07" xbr="1091.38" ybr="384.01" z_order="0">
      <attribute name="Notes">Key feature - Orange/white tipped anal+pectoral fins</attribute>
      <attribute name="Sex">NA</attribute>
      <attribute name="Adipose Clipped">No</attribute>
      <attribute name="Injury">No</attribute>
      <attribute name="Confidence Level">3</attribute>
    </box>
    <box frame="53" outside="0" occluded="0" keyframe="1" xtl="231.51" ytl="136.11" xbr="1115.75" ybr="385.05" z_order="0">
      <attribute name="Notes">Key feature - Orange/white tipped anal+pectoral fins</attribute>
      <attribute name="Sex">NA</attribute>
      <attribute name="Adipose Clipped">No</attribute>
      <attribute name="Injury">No</attribute>
      <attribute name="Confidence Level">3</attribute>
    </box>
    <box frame="54" outside="0" occluded="0" keyframe="0" xtl="241.96" ytl="138.73" xbr="1126.19" ybr="387.66" z_order="0">
      <attribute name="Notes">Key feature - Orange/white tipped anal+pectoral fins</attribute>
      <attribute name="Sex">NA</attribute>
      <attribute name="Adipose Clipped">No</attribute>
      <attribute name="Injury">No</attribute>
      <attribute name="Confidence Level">3</attribute>
    </box>
    <box frame="55" outside="0" occluded="0" keyframe="0" xtl="252.40" ytl="141.34" xbr="1136.64" ybr="390.27" z_order="0">
      <attribute name="Notes">Key feature - Orange/white tipped anal+pectoral fins</attribute>
      <attribute name="Sex">NA</attribute>
      <attribute name="Adipose Clipped">No</attribute>
      <attribute name="Injury">No</attribute>
      <attribute name="Confidence Level">3</attribute>
    </box>
    <box frame="56" outside="0" occluded="0" keyframe="0" xtl="262.85" ytl="143.95" xbr="1147.08" ybr="392.88" z_order="0">
      <attribute name="Notes">Key feature - Orange/white tipped anal+pectoral fins</attribute>
      <attribute name="Sex">NA</attribute>
      <attribute name="Adipose Clipped">No</attribute>
      <attribute name="Injury">No</attribute>
      <attribute name="Confidence Level">3</attribute>
    </box>
    <box frame="57" outside="0" occluded="0" keyframe="1" xtl="273.29" ytl="146.56" xbr="1157.53" ybr="395.50" z_order="0">
      <attribute name="Notes">Key feature - Orange/white tipped anal+pectoral fins</attribute>
      <attribute name="Sex">NA</attribute>
      <attribute name="Adipose Clipped">No</attribute>
      <attribute name="Injury">No</attribute>
      <attribute name="Confidence Level">3</attribute>
    </box>
    <box frame="58" outside="0" occluded="0" keyframe="0" xtl="288.09" ytl="156.13" xbr="1172.32" ybr="405.07" z_order="0">
      <attribute name="Notes">Key feature - Orange/white tipped anal+pectoral fins</attribute>
      <attribute name="Sex">NA</attribute>
      <attribute name="Adipose Clipped">No</attribute>
      <attribute name="Injury">No</attribute>
      <attribute name="Confidence Level">3</attribute>
    </box>
    <box frame="59" outside="0" occluded="0" keyframe="1" xtl="302.88" ytl="165.71" xbr="1187.12" ybr="414.64" z_order="0">
      <attribute name="Notes">Key feature - Orange/white tipped anal+pectoral fins</attribute>
      <attribute name="Sex">NA</attribute>
      <attribute name="Adipose Clipped">No</attribute>
      <attribute name="Injury">No</attribute>
      <attribute name="Confidence Level">3</attribute>
    </box>
    <box frame="60" outside="0" occluded="0" keyframe="0" xtl="319.13" ytl="175.57" xbr="1203.37" ybr="424.51" z_order="0">
      <attribute name="Notes">Key feature - Orange/white tipped anal+pectoral fins</attribute>
      <attribute name="Sex">NA</attribute>
      <attribute name="Adipose Clipped">No</attribute>
      <attribute name="Injury">No</attribute>
      <attribute name="Confidence Level">3</attribute>
    </box>
    <box frame="61" outside="0" occluded="0" keyframe="0" xtl="335.38" ytl="185.44" xbr="1219.61" ybr="434.37" z_order="0">
      <attribute name="Notes">Key feature - Orange/white tipped anal+pectoral fins</attribute>
      <attribute name="Sex">NA</attribute>
      <attribute name="Adipose Clipped">No</attribute>
      <attribute name="Injury">No</attribute>
      <attribute name="Confidence Level">3</attribute>
    </box>
    <box frame="62" outside="0" occluded="0" keyframe="1" xtl="351.62" ytl="195.30" xbr="1235.86" ybr="444.24" z_order="0">
      <attribute name="Notes">Key feature - Orange/white tipped anal+pectoral fins</attribute>
      <attribute name="Sex">NA</attribute>
      <attribute name="Adipose Clipped">No</attribute>
      <attribute name="Injury">No</attribute>
      <attribute name="Confidence Level">3</attribute>
    </box>
    <box frame="63" outside="0" occluded="0" keyframe="0" xtl="374.60" ytl="202.96" xbr="1258.84" ybr="451.90" z_order="0">
      <attribute name="Notes">Key feature - Orange/white tipped anal+pectoral fins</attribute>
      <attribute name="Sex">NA</attribute>
      <attribute name="Adipose Clipped">No</attribute>
      <attribute name="Injury">No</attribute>
      <attribute name="Confidence Level">3</attribute>
    </box>
    <box frame="64" outside="0" occluded="0" keyframe="0" xtl="397.58" ytl="210.62" xbr="1281.81" ybr="459.56" z_order="0">
      <attribute name="Notes">Key feature - Orange/white tipped anal+pectoral fins</attribute>
      <attribute name="Sex">NA</attribute>
      <attribute name="Adipose Clipped">No</attribute>
      <attribute name="Injury">No</attribute>
      <attribute name="Confidence Level">3</attribute>
    </box>
    <box frame="65" outside="0" occluded="0" keyframe="0" xtl="420.55" ytl="218.28" xbr="1304.79" ybr="467.21" z_order="0">
      <attribute name="Notes">Key feature - Orange/white tipped anal+pectoral fins</attribute>
      <attribute name="Sex">NA</attribute>
      <attribute name="Adipose Clipped">No</attribute>
      <attribute name="Injury">No</attribute>
      <attribute name="Confidence Level">3</attribute>
    </box>
    <box frame="66" outside="0" occluded="0" keyframe="0" xtl="443.53" ytl="225.94" xbr="1327.77" ybr="474.87" z_order="0">
      <attribute name="Notes">Key feature - Orange/white tipped anal+pectoral fins</attribute>
      <attribute name="Sex">NA</attribute>
      <attribute name="Adipose Clipped">No</attribute>
      <attribute name="Injury">No</attribute>
      <attribute name="Confidence Level">3</attribute>
    </box>
    <box frame="67" outside="0" occluded="0" keyframe="0" xtl="466.51" ytl="233.60" xbr="1350.74" ybr="482.53" z_order="0">
      <attribute name="Notes">Key feature - Orange/white tipped anal+pectoral fins</attribute>
      <attribute name="Sex">NA</attribute>
      <attribute name="Adipose Clipped">No</attribute>
      <attribute name="Injury">No</attribute>
      <attribute name="Confidence Level">3</attribute>
    </box>
    <box frame="68" outside="0" occluded="0" keyframe="0" xtl="489.49" ytl="241.25" xbr="1373.72" ybr="490.19" z_order="0">
      <attribute name="Notes">Key feature - Orange/white tipped anal+pectoral fins</attribute>
      <attribute name="Sex">NA</attribute>
      <attribute name="Adipose Clipped">No</attribute>
      <attribute name="Injury">No</attribute>
      <attribute name="Confidence Level">3</attribute>
    </box>
    <box frame="69" outside="0" occluded="0" keyframe="0" xtl="512.46" ytl="248.91" xbr="1396.70" ybr="497.85" z_order="0">
      <attribute name="Notes">Key feature - Orange/white tipped anal+pectoral fins</attribute>
      <attribute name="Sex">NA</attribute>
      <attribute name="Adipose Clipped">No</attribute>
      <attribute name="Injury">No</attribute>
      <attribute name="Confidence Level">3</attribute>
    </box>
    <box frame="70" outside="0" occluded="0" keyframe="0" xtl="535.44" ytl="256.57" xbr="1419.68" ybr="505.51" z_order="0">
      <attribute name="Notes">Key feature - Orange/white tipped anal+pectoral fins</attribute>
      <attribute name="Sex">NA</attribute>
      <attribute name="Adipose Clipped">No</attribute>
      <attribute name="Injury">No</attribute>
      <attribute name="Confidence Level">3</attribute>
    </box>
    <box frame="71" outside="0" occluded="0" keyframe="0" xtl="558.42" ytl="264.23" xbr="1442.65" ybr="513.17" z_order="0">
      <attribute name="Notes">Key feature - Orange/white tipped anal+pectoral fins</attribute>
      <attribute name="Sex">NA</attribute>
      <attribute name="Adipose Clipped">No</attribute>
      <attribute name="Injury">No</attribute>
      <attribute name="Confidence Level">3</attribute>
    </box>
    <box frame="72" outside="0" occluded="0" keyframe="1" xtl="581.40" ytl="271.89" xbr="1465.63" ybr="520.83" z_order="0">
      <attribute name="Notes">Key feature - Orange/white tipped anal+pectoral fins</attribute>
      <attribute name="Sex">NA</attribute>
      <attribute name="Adipose Clipped">No</attribute>
      <attribute name="Injury">No</attribute>
      <attribute name="Confidence Level">3</attribute>
    </box>
    <box frame="73" outside="0" occluded="0" keyframe="0" xtl="625.77" ytl="268.84" xbr="1489.57" ybr="522.57" z_order="0">
      <attribute name="Notes">Key feature - Orange/white tipped anal+pectoral fins</attribute>
      <attribute name="Sex">NA</attribute>
      <attribute name="Adipose Clipped">No</attribute>
      <attribute name="Injury">No</attribute>
      <attribute name="Confidence Level">3</attribute>
    </box>
    <box frame="74" outside="0" occluded="0" keyframe="0" xtl="670.15" ytl="265.80" xbr="1513.50" ybr="524.31" z_order="0">
      <attribute name="Notes">Key feature - Orange/white tipped anal+pectoral fins</attribute>
      <attribute name="Sex">NA</attribute>
      <attribute name="Adipose Clipped">No</attribute>
      <attribute name="Injury">No</attribute>
      <attribute name="Confidence Level">3</attribute>
    </box>
    <box frame="75" outside="0" occluded="0" keyframe="0" xtl="714.52" ytl="262.75" xbr="1537.44" ybr="526.06" z_order="0">
      <attribute name="Notes">Key feature - Orange/white tipped anal+pectoral fins</attribute>
      <attribute name="Sex">NA</attribute>
      <attribute name="Adipose Clipped">No</attribute>
      <attribute name="Injury">No</attribute>
      <attribute name="Confidence Level">3</attribute>
    </box>
    <box frame="76" outside="0" occluded="0" keyframe="1" xtl="758.90" ytl="259.71" xbr="1561.37" ybr="527.80" z_order="0">
      <attribute name="Notes">Key feature - Orange/white tipped anal+pectoral fins</attribute>
      <attribute name="Sex">NA</attribute>
      <attribute name="Adipose Clipped">No</attribute>
      <attribute name="Injury">No</attribute>
      <attribute name="Confidence Level">3</attribute>
    </box>
    <box frame="77" outside="0" occluded="0" keyframe="0" xtl="795.45" ytl="251.87" xbr="1585.31" ybr="519.98" z_order="0">
      <attribute name="Notes">Key feature - Orange/white tipped anal+pectoral fins</attribute>
      <attribute name="Sex">NA</attribute>
      <attribute name="Adipose Clipped">No</attribute>
      <attribute name="Injury">No</attribute>
      <attribute name="Confidence Level">3</attribute>
    </box>
    <box frame="78" outside="0" occluded="0" keyframe="0" xtl="832.00" ytl="244.04" xbr="1609.24" ybr="512.15" z_order="0">
      <attribute name="Notes">Key feature - Orange/white tipped anal+pectoral fins</attribute>
      <attribute name="Sex">NA</attribute>
      <attribute name="Adipose Clipped">No</attribute>
      <attribute name="Injury">No</attribute>
      <attribute name="Confidence Level">3</attribute>
    </box>
    <box frame="79" outside="0" occluded="0" keyframe="0" xtl="868.55" ytl="236.21" xbr="1633.18" ybr="504.33" z_order="0">
      <attribute name="Notes">Key feature - Orange/white tipped anal+pectoral fins</attribute>
      <attribute name="Sex">NA</attribute>
      <attribute name="Adipose Clipped">No</attribute>
      <attribute name="Injury">No</attribute>
      <attribute name="Confidence Level">3</attribute>
    </box>
    <box frame="80" outside="0" occluded="0" keyframe="1" xtl="905.10" ytl="228.37" xbr="1657.11" ybr="496.50" z_order="0">
      <attribute name="Notes">Key feature - Orange/white tipped anal+pectoral fins</attribute>
      <attribute name="Sex">NA</attribute>
      <attribute name="Adipose Clipped">No</attribute>
      <attribute name="Injury">No</attribute>
      <attribute name="Confidence Level">3</attribute>
    </box>
    <box frame="81" outside="0" occluded="0" keyframe="0" xtl="933.39" ytl="224.46" xbr="1685.40" ybr="492.58" z_order="0">
      <attribute name="Notes">Key feature - Orange/white tipped anal+pectoral fins</attribute>
      <attribute name="Sex">NA</attribute>
      <attribute name="Adipose Clipped">No</attribute>
      <attribute name="Injury">No</attribute>
      <attribute name="Confidence Level">3</attribute>
    </box>
    <box frame="82" outside="0" occluded="0" keyframe="0" xtl="961.67" ytl="220.54" xbr="1713.68" ybr="488.67" z_order="0">
      <attribute name="Notes">Key feature - Orange/white tipped anal+pectoral fins</attribute>
      <attribute name="Sex">NA</attribute>
      <attribute name="Adipose Clipped">No</attribute>
      <attribute name="Injury">No</attribute>
      <attribute name="Confidence Level">3</attribute>
    </box>
    <box frame="83" outside="0" occluded="0" keyframe="0" xtl="989.96" ytl="216.62" xbr="1741.97" ybr="484.75" z_order="0">
      <attribute name="Notes">Key feature - Orange/white tipped anal+pectoral fins</attribute>
      <attribute name="Sex">NA</attribute>
      <attribute name="Adipose Clipped">No</attribute>
      <attribute name="Injury">No</attribute>
      <attribute name="Confidence Level">3</attribute>
    </box>
    <box frame="84" outside="0" occluded="0" keyframe="1" xtl="1018.25" ytl="212.71" xbr="1770.26" ybr="480.83" z_order="0">
      <attribute name="Notes">Key feature - Orange/white tipped anal+pectoral fins</attribute>
      <attribute name="Sex">NA</attribute>
      <attribute name="Adipose Clipped">No</attribute>
      <attribute name="Injury">No</attribute>
      <attribute name="Confidence Level">3</attribute>
    </box>
    <box frame="85" outside="0" occluded="0" keyframe="0" xtl="1044.36" ytl="209.66" xbr="1796.37" ybr="477.79" z_order="0">
      <attribute name="Notes">Key feature - Orange/white tipped anal+pectoral fins</attribute>
      <attribute name="Sex">NA</attribute>
      <attribute name="Adipose Clipped">No</attribute>
      <attribute name="Injury">No</attribute>
      <attribute name="Confidence Level">3</attribute>
    </box>
    <box frame="86" outside="0" occluded="0" keyframe="0" xtl="1070.47" ytl="206.62" xbr="1822.48" ybr="474.74" z_order="0">
      <attribute name="Notes">Key feature - Orange/white tipped anal+pectoral fins</attribute>
      <attribute name="Sex">NA</attribute>
      <attribute name="Adipose Clipped">No</attribute>
      <attribute name="Injury">No</attribute>
      <attribute name="Confidence Level">3</attribute>
    </box>
    <box frame="87" outside="0" occluded="0" keyframe="0" xtl="1096.58" ytl="203.57" xbr="1848.59" ybr="471.70" z_order="0">
      <attribute name="Notes">Key feature - Orange/white tipped anal+pectoral fins</attribute>
      <attribute name="Sex">NA</attribute>
      <attribute name="Adipose Clipped">No</attribute>
      <attribute name="Injury">No</attribute>
      <attribute name="Confidence Level">3</attribute>
    </box>
    <box frame="88" outside="0" occluded="0" keyframe="1" xtl="1122.69" ytl="200.52" xbr="1874.70" ybr="468.65" z_order="0">
      <attribute name="Notes">Key feature - Orange/white tipped anal+pectoral fins</attribute>
      <attribute name="Sex">NA</attribute>
      <attribute name="Adipose Clipped">No</attribute>
      <attribute name="Injury">No</attribute>
      <attribute name="Confidence Level">3</attribute>
    </box>
    <box frame="89" outside="0" occluded="0" keyframe="0" xtl="1168.38" ytl="199.65" xbr="1886.02" ybr="467.78" z_order="0">
      <attribute name="Notes">Key feature - Orange/white tipped anal+pectoral fins</attribute>
      <attribute name="Sex">NA</attribute>
      <attribute name="Adipose Clipped">No</attribute>
      <attribute name="Injury">No</attribute>
      <attribute name="Confidence Level">3</attribute>
    </box>
    <box frame="90" outside="0" occluded="0" keyframe="0" xtl="1214.08" ytl="198.78" xbr="1897.35" ybr="466.91" z_order="0">
      <attribute name="Notes">Key feature - Orange/white tipped anal+pectoral fins</attribute>
      <attribute name="Sex">NA</attribute>
      <attribute name="Adipose Clipped">No</attribute>
      <attribute name="Injury">No</attribute>
      <attribute name="Confidence Level">3</attribute>
    </box>
    <box frame="91" outside="0" occluded="0" keyframe="0" xtl="1259.77" ytl="197.91" xbr="1908.67" ybr="466.04" z_order="0">
      <attribute name="Notes">Key feature - Orange/white tipped anal+pectoral fins</attribute>
      <attribute name="Sex">NA</attribute>
      <attribute name="Adipose Clipped">No</attribute>
      <attribute name="Injury">No</attribute>
      <attribute name="Confidence Level">3</attribute>
    </box>
    <box frame="92" outside="0" occluded="0" keyframe="1" xtl="1305.46" ytl="197.04" xbr="1920.00" ybr="465.17" z_order="0">
      <attribute name="Notes">Key feature - Orange/white tipped anal+pectoral fins</attribute>
      <attribute name="Sex">NA</attribute>
      <attribute name="Adipose Clipped">No</attribute>
      <attribute name="Injury">No</attribute>
      <attribute name="Confidence Level">3</attribute>
    </box>
    <box frame="93" outside="0" occluded="0" keyframe="0" xtl="1346.80" ytl="199.22" xbr="1920.00" ybr="467.34" z_order="0">
      <attribute name="Notes">Key feature - Orange/white tipped anal+pectoral fins</attribute>
      <attribute name="Sex">NA</attribute>
      <attribute name="Adipose Clipped">No</attribute>
      <attribute name="Injury">No</attribute>
      <attribute name="Confidence Level">3</attribute>
    </box>
    <box frame="94" outside="0" occluded="0" keyframe="0" xtl="1388.15" ytl="201.40" xbr="1920.00" ybr="469.52" z_order="0">
      <attribute name="Notes">Key feature - Orange/white tipped anal+pectoral fins</attribute>
      <attribute name="Sex">NA</attribute>
      <attribute name="Adipose Clipped">No</attribute>
      <attribute name="Injury">No</attribute>
      <attribute name="Confidence Level">3</attribute>
    </box>
    <box frame="95" outside="0" occluded="0" keyframe="0" xtl="1429.49" ytl="203.57" xbr="1920.00" ybr="471.70" z_order="0">
      <attribute name="Notes">Key feature - Orange/white tipped anal+pectoral fins</attribute>
      <attribute name="Sex">NA</attribute>
      <attribute name="Adipose Clipped">No</attribute>
      <attribute name="Injury">No</attribute>
      <attribute name="Confidence Level">3</attribute>
    </box>
    <box frame="96" outside="0" occluded="0" keyframe="1" xtl="1470.83" ytl="205.75" xbr="1920.00" ybr="473.87" z_order="0">
      <attribute name="Notes">Key feature - Orange/white tipped anal+pectoral fins</attribute>
      <attribute name="Sex">NA</attribute>
      <attribute name="Adipose Clipped">No</attribute>
      <attribute name="Injury">No</attribute>
      <attribute name="Confidence Level">3</attribute>
    </box>
    <box frame="97" outside="0" occluded="0" keyframe="0" xtl="1494.33" ytl="209.23" xbr="1920.00" ybr="477.35" z_order="0">
      <attribute name="Notes">Key feature - Orange/white tipped anal+pectoral fins</attribute>
      <attribute name="Sex">NA</attribute>
      <attribute name="Adipose Clipped">No</attribute>
      <attribute name="Injury">No</attribute>
      <attribute name="Confidence Level">3</attribute>
    </box>
    <box frame="98" outside="0" occluded="0" keyframe="1" xtl="1517.83" ytl="212.71" xbr="1920.00" ybr="480.84" z_order="0">
      <attribute name="Notes">Key feature - Orange/white tipped anal+pectoral fins</attribute>
      <attribute name="Sex">NA</attribute>
      <attribute name="Adipose Clipped">No</attribute>
      <attribute name="Injury">No</attribute>
      <attribute name="Confidence Level">3</attribute>
    </box>
    <box frame="99" outside="0" occluded="0" keyframe="0" xtl="1562.22" ytl="221.86" xbr="1920.00" ybr="480.40" z_order="0">
      <attribute name="Notes">Key feature - Orange/white tipped anal+pectoral fins</attribute>
      <attribute name="Sex">NA</attribute>
      <attribute name="Adipose Clipped">No</attribute>
      <attribute name="Injury">No</attribute>
      <attribute name="Confidence Level">3</attribute>
    </box>
    <box frame="100" outside="0" occluded="0" keyframe="0" xtl="1606.61" ytl="231.01" xbr="1920.00" ybr="479.97" z_order="0">
      <attribute name="Notes">Key feature - Orange/white tipped anal+pectoral fins</attribute>
      <attribute name="Sex">NA</attribute>
      <attribute name="Adipose Clipped">No</attribute>
      <attribute name="Injury">No</attribute>
      <attribute name="Confidence Level">3</attribute>
    </box>
    <box frame="101" outside="0" occluded="0" keyframe="0" xtl="1651.01" ytl="240.15" xbr="1920.00" ybr="479.53" z_order="0">
      <attribute name="Notes">Key feature - Orange/white tipped anal+pectoral fins</attribute>
      <attribute name="Sex">NA</attribute>
      <attribute name="Adipose Clipped">No</attribute>
      <attribute name="Injury">No</attribute>
      <attribute name="Confidence Level">3</attribute>
    </box>
    <box frame="102" outside="0" occluded="0" keyframe="1" xtl="1695.40" ytl="249.30" xbr="1920.00" ybr="479.10" z_order="0">
      <attribute name="Notes">Key feature - Orange/white tipped anal+pectoral fins</attribute>
      <attribute name="Sex">NA</attribute>
      <attribute name="Adipose Clipped">No</attribute>
      <attribute name="Injury">No</attribute>
      <attribute name="Confidence Level">3</attribute>
    </box>
    <box frame="103" outside="0" occluded="0" keyframe="1" xtl="1752.80" ytl="249.30" xbr="1920.00" ybr="479.10" z_order="0">
      <attribute name="Notes">Key feature - Orange/white tipped anal+pectoral fins</attribute>
      <attribute name="Sex">NA</attribute>
      <attribute name="Adipose Clipped">No</attribute>
      <attribute name="Injury">No</attribute>
      <attribute name="Confidence Level">3</attribute>
    </box>
    <box frame="104" outside="0" occluded="0" keyframe="1" xtl="1829.40" ytl="249.30" xbr="1920.00" ybr="479.10" z_order="0">
      <attribute name="Notes">Key feature - Orange/white tipped anal+pectoral fins</attribute>
      <attribute name="Sex">NA</attribute>
      <attribute name="Adipose Clipped">No</attribute>
      <attribute name="Injury">No</attribute>
      <attribute name="Confidence Level">3</attribute>
    </box>
    <box frame="105" outside="0" occluded="0" keyframe="0" xtl="1829.40" ytl="249.30" xbr="1920.00" ybr="479.10" z_order="0">
      <attribute name="Notes">Key feature - Orange/white tipped anal+pectoral fins</attribute>
      <attribute name="Sex">NA</attribute>
      <attribute name="Adipose Clipped">No</attribute>
      <attribute name="Injury">No</attribute>
      <attribute name="Confidence Level">3</attribute>
    </box>
    <box frame="106" outside="1" occluded="0" keyframe="1" xtl="1829.40" ytl="249.30" xbr="1920.00" ybr="479.10" z_order="0">
      <attribute name="Notes">Key feature - Orange/white tipped anal+pectoral fins</attribute>
      <attribute name="Sex">NA</attribute>
      <attribute name="Adipose Clipped">No</attribute>
      <attribute name="Injury">No</attribute>
      <attribute name="Confidence Level">3</attribute>
    </box>
  </track>
</annotations>