<?xml version="1.0" encoding="utf-8"?>
<annotations>
  <version>1.1</version>
  <meta>
    <task>
      <id>219</id>
      <name>2019-10-17 19-26-44 M Left Bank Underwater</name>
      <size>160</size>
      <mode>interpolation</mode>
      <overlap>5</overlap>
      <bugtracker></bugtracker>
      <created>2021-07-06 15:08:30.749694+00:00</created>
      <updated>2021-07-06 16:05:47.528944+00:00</updated>
      <start_frame>0</start_frame>
      <stop_frame>159</stop_frame>
      <frame_filter></frame_filter>
      <labels>
        <label>
          <name>Chinook</name>
          <color>#38794c</color>
          <attributes>
            <attribute>
              <name>Adipose Clipped</name>
              <mutable>False</mutable>
              <input_type>select</input_type>
              <default_value>No</default_value>
              <values>No
Yes
NA</values>
            </attribute>
            <attribute>
              <name>Confidence Level</name>
              <mutable>False</mutable>
              <input_type>select</input_type>
              <default_value>3</default_value>
              <values>3
2
1</values>
            </attribute>
            <attribute>
              <name>Injury</name>
              <mutable>False</mutable>
              <input_type>select</input_type>
              <default_value>No</default_value>
              <values>No
Yes
NA</values>
            </attribute>
            <attribute>
              <name>Notes</name>
              <mutable>False</mutable>
              <input_type>text</input_type>
              <default_value></default_value>
              <values></values>
            </attribute>
            <attribute>
              <name>Sex</name>
              <mutable>False</mutable>
              <input_type>select</input_type>
              <default_value>Male</default_value>
              <values>Male
Female
Jack</values>
            </attribute>
            <attribute>
              <name>View</name>
              <mutable>False</mutable>
              <input_type>select</input_type>
              <default_value>Top-down</default_value>
              <values>Top-down
Side</values>
            </attribute>
          </attributes>
        </label>
        <label>
          <name>Steelhead</name>
          <color>#888888</color>
          <attributes>
            <attribute>
              <name>Adipose Clipped</name>
              <mutable>False</mutable>
              <input_type>select</input_type>
              <default_value>No</default_value>
              <values>No
Yes
NA</values>
            </attribute>
            <attribute>
              <name>Confidence Level</name>
              <mutable>False</mutable>
              <input_type>select</input_type>
              <default_value>3</default_value>
              <values>3
2
1</values>
            </attribute>
            <attribute>
              <name>Injury</name>
              <mutable>False</mutable>
              <input_type>select</input_type>
              <default_value>No</default_value>
              <values>No
Yes
NA</values>
            </attribute>
            <attribute>
              <name>Notes</name>
              <mutable>False</mutable>
              <input_type>text</input_type>
              <default_value></default_value>
              <values></values>
            </attribute>
            <attribute>
              <name>Sex</name>
              <mutable>False</mutable>
              <input_type>select</input_type>
              <default_value>Male</default_value>
              <values>Male
Female</values>
            </attribute>
            <attribute>
              <name>View</name>
              <mutable>False</mutable>
              <input_type>select</input_type>
              <default_value>Top-down</default_value>
              <values>Top-down
Side</values>
            </attribute>
          </attributes>
        </label>
        <label>
          <name>Sockeye</name>
          <color>#f00026</color>
          <attributes>
            <attribute>
              <name>Adipose Clipped</name>
              <mutable>False</mutable>
              <input_type>select</input_type>
              <default_value>No</default_value>
              <values>No
Yes
NA</values>
            </attribute>
            <attribute>
              <name>Confidence Level</name>
              <mutable>False</mutable>
              <input_type>select</input_type>
              <default_value>3</default_value>
              <values>3
2
1</values>
            </attribute>
            <attribute>
              <name>Injury</name>
              <mutable>False</mutable>
              <input_type>select</input_type>
              <default_value>No</default_value>
              <values>No
Yes
NA</values>
            </attribute>
            <attribute>
              <name>Notes</name>
              <mutable>False</mutable>
              <input_type>text</input_type>
              <default_value></default_value>
              <values></values>
            </attribute>
            <attribute>
              <name>Sex</name>
              <mutable>False</mutable>
              <input_type>select</input_type>
              <default_value>Male</default_value>
              <values>Male
Female</values>
            </attribute>
            <attribute>
              <name>View</name>
              <mutable>False</mutable>
              <input_type>select</input_type>
              <default_value>Top-down</default_value>
              <values>Top-down
Side</values>
            </attribute>
          </attributes>
        </label>
        <label>
          <name>Pink</name>
          <color>#fa7dbb</color>
          <attributes>
            <attribute>
              <name>Adipose Clipped</name>
              <mutable>False</mutable>
              <input_type>select</input_type>
              <default_value>No</default_value>
              <values>No
Yes
NA</values>
            </attribute>
            <attribute>
              <name>Confidence Level</name>
              <mutable>False</mutable>
              <input_type>select</input_type>
              <default_value>3</default_value>
              <values>3
2
1</values>
            </attribute>
            <attribute>
              <name>Injury</name>
              <mutable>False</mutable>
              <input_type>select</input_type>
              <default_value>No</default_value>
              <values>No
Yes
NA</values>
            </attribute>
            <attribute>
              <name>Notes</name>
              <mutable>False</mutable>
              <input_type>text</input_type>
              <default_value></default_value>
              <values></values>
            </attribute>
            <attribute>
              <name>Sex</name>
              <mutable>False</mutable>
              <input_type>select</input_type>
              <default_value>Male</default_value>
              <values>Male
Female</values>
            </attribute>
            <attribute>
              <name>View</name>
              <mutable>False</mutable>
              <input_type>select</input_type>
              <default_value>Top-down</default_value>
              <values>Top-down
Side</values>
            </attribute>
          </attributes>
        </label>
        <label>
          <name>Whitefish</name>
          <color>#d8d8db</color>
          <attributes>
            <attribute>
              <name>Adipose Clipped</name>
              <mutable>False</mutable>
              <input_type>select</input_type>
              <default_value>No</default_value>
              <values>No
Yes
NA</values>
            </attribute>
            <attribute>
              <name>Confidence Level</name>
              <mutable>False</mutable>
              <input_type>select</input_type>
              <default_value>3</default_value>
              <values>3
2
1</values>
            </attribute>
            <attribute>
              <name>Injury</name>
              <mutable>False</mutable>
              <input_type>select</input_type>
              <default_value>No</default_value>
              <values>No
Yes
NA</values>
            </attribute>
            <attribute>
              <name>Notes</name>
              <mutable>False</mutable>
              <input_type>text</input_type>
              <default_value></default_value>
              <values></values>
            </attribute>
            <attribute>
              <name>Sex</name>
              <mutable>False</mutable>
              <input_type>select</input_type>
              <default_value>NA</default_value>
              <values>NA</values>
            </attribute>
            <attribute>
              <name>View</name>
              <mutable>False</mutable>
              <input_type>select</input_type>
              <default_value>Top-down</default_value>
              <values>Top-down
Side</values>
            </attribute>
          </attributes>
        </label>
        <label>
          <name>Chum</name>
          <color>#ffcc33</color>
          <attributes>
            <attribute>
              <name>Adipose Clipped</name>
              <mutable>False</mutable>
              <input_type>select</input_type>
              <default_value>No</default_value>
              <values>No
Yes
NA</values>
            </attribute>
            <attribute>
              <name>Confidence Level</name>
              <mutable>False</mutable>
              <input_type>select</input_type>
              <default_value>3</default_value>
              <values>3
2
1</values>
            </attribute>
            <attribute>
              <name>Injury</name>
              <mutable>False</mutable>
              <input_type>select</input_type>
              <default_value>No</default_value>
              <values>No
Yes
NA</values>
            </attribute>
            <attribute>
              <name>Notes</name>
              <mutable>False</mutable>
              <input_type>text</input_type>
              <default_value></default_value>
              <values></values>
            </attribute>
            <attribute>
              <name>Sex</name>
              <mutable>False</mutable>
              <input_type>select</input_type>
              <default_value>Male</default_value>
              <values>Male
Female</values>
            </attribute>
            <attribute>
              <name>View</name>
              <mutable>False</mutable>
              <input_type>select</input_type>
              <default_value>Top-down</default_value>
              <values>Top-down
Side</values>
            </attribute>
          </attributes>
        </label>
        <label>
          <name>Bull</name>
          <color>#3d3df5</color>
          <attributes>
            <attribute>
              <name>Adipose Clipped</name>
              <mutable>False</mutable>
              <input_type>select</input_type>
              <default_value>No</default_value>
              <values>No
NA</values>
            </attribute>
            <attribute>
              <name>Confidence Level</name>
              <mutable>False</mutable>
              <input_type>select</input_type>
              <default_value>3</default_value>
              <values>3
2
1</values>
            </attribute>
            <attribute>
              <name>Injury</name>
              <mutable>False</mutable>
              <input_type>select</input_type>
              <default_value>No</default_value>
              <values>No
Yes
NA</values>
            </attribute>
            <attribute>
              <name>Notes</name>
              <mutable>False</mutable>
              <input_type>text</input_type>
              <default_value>NA</default_value>
              <values>NA</values>
            </attribute>
            <attribute>
              <name>Sex</name>
              <mutable>False</mutable>
              <input_type>select</input_type>
              <default_value>NA</default_value>
              <values>NA</values>
            </attribute>
            <attribute>
              <name>View</name>
              <mutable>False</mutable>
              <input_type>select</input_type>
              <default_value>Top-down</default_value>
              <values>Top-down
Side</values>
            </attribute>
          </attributes>
        </label>
        <label>
          <name>Coho</name>
          <color>#32b7fa</color>
          <attributes>
            <attribute>
              <name>Adipose Clipped</name>
              <mutable>False</mutable>
              <input_type>select</input_type>
              <default_value>No</default_value>
              <values>No
Yes
NA</values>
            </attribute>
            <attribute>
              <name>Confidence Level</name>
              <mutable>False</mutable>
              <input_type>select</input_type>
              <default_value>3</default_value>
              <values>3
2
1</values>
            </attribute>
            <attribute>
              <name>Injury</name>
              <mutable>False</mutable>
              <input_type>select</input_type>
              <default_value>No</default_value>
              <values>No
Yes
NA</values>
            </attribute>
            <attribute>
              <name>Notes</name>
              <mutable>False</mutable>
              <input_type>text</input_type>
              <default_value></default_value>
              <values></values>
            </attribute>
            <attribute>
              <name>Sex</name>
              <mutable>False</mutable>
              <input_type>select</input_type>
              <default_value>Male</default_value>
              <values>Male
Female
Jack</values>
            </attribute>
            <attribute>
              <name>View</name>
              <mutable>False</mutable>
              <input_type>select</input_type>
              <default_value>Top-down</default_value>
              <values>Top-down
Side</values>
            </attribute>
          </attributes>
        </label>
        <label>
          <name>Rainbow</name>
          <color>#ff914d</color>
          <attributes>
            <attribute>
              <name>Adipose Clipped</name>
              <mutable>False</mutable>
              <input_type>select</input_type>
              <default_value>No</default_value>
              <values>No
Yes
NA</values>
            </attribute>
            <attribute>
              <name>Confidence Level</name>
              <mutable>False</mutable>
              <input_type>select</input_type>
              <default_value>3</default_value>
              <values>3
2
1</values>
            </attribute>
            <attribute>
              <name>Injury</name>
              <mutable>False</mutable>
              <input_type>select</input_type>
              <default_value>No</default_value>
              <values>No
Yes
NA</values>
            </attribute>
            <attribute>
              <name>Notes</name>
              <mutable>False</mutable>
              <input_type>text</input_type>
              <default_value></default_value>
              <values></values>
            </attribute>
            <attribute>
              <name>Sex</name>
              <mutable>False</mutable>
              <input_type>select</input_type>
              <default_value>NA</default_value>
              <values>NA
Juvenile</values>
            </attribute>
            <attribute>
              <name>View</name>
              <mutable>False</mutable>
              <input_type>select</input_type>
              <default_value>Top-down</default_value>
              <values>Top-down
Side</values>
            </attribute>
          </attributes>
        </label>
      </labels>
      <segments>
        <segment>
          <id>219</id>
          <start>0</start>
          <stop>159</stop>
          <url>httplocalhost:8080/?id=219</url>
        </segment>
      </segments>
      <owner>
        <username>jtravers</username>
        <email>jtravers@uoregon.edu</email>
      </owner>
      <assignee></assignee>
      <original_size>
        <width>1920</width>
        <height>1080</height>
      </original_size>
    </task>
    <dumped>2021-07-06 16:06:02.324614+00:00</dumped>
    <source>2019-10-17 19-26-44 M Left Bank Underwater.mp4</source>
  </meta>
  <track id="0" label="Coho" source="manual">
    <box frame="11" outside="0" occluded="0" keyframe="1" xtl="0.00" ytl="574.30" xbr="427.08" ybr="997.28" z_order="0">
      <attribute name="Adipose Clipped">No</attribute>
      <attribute name="Confidence Level">3</attribute>
      <attribute name="Injury">No</attribute>
      <attribute name="Notes"></attribute>
      <attribute name="Sex">Female</attribute>
      <attribute name="View">Side</attribute>
    </box>
    <box frame="12" outside="0" occluded="0" keyframe="0" xtl="0.00" ytl="551.91" xbr="493.23" ybr="1004.74" z_order="0">
      <attribute name="Adipose Clipped">No</attribute>
      <attribute name="Confidence Level">3</attribute>
      <attribute name="Injury">No</attribute>
      <attribute name="Notes"></attribute>
      <attribute name="Sex">Female</attribute>
      <attribute name="View">Side</attribute>
    </box>
    <box frame="13" outside="0" occluded="0" keyframe="0" xtl="0.00" ytl="529.52" xbr="559.37" ybr="1012.20" z_order="0">
      <attribute name="Adipose Clipped">No</attribute>
      <attribute name="Confidence Level">3</attribute>
      <attribute name="Injury">No</attribute>
      <attribute name="Notes"></attribute>
      <attribute name="Sex">Female</attribute>
      <attribute name="View">Side</attribute>
    </box>
    <box frame="14" outside="0" occluded="0" keyframe="0" xtl="0.00" ytl="507.13" xbr="625.51" ybr="1019.66" z_order="0">
      <attribute name="Adipose Clipped">No</attribute>
      <attribute name="Confidence Level">3</attribute>
      <attribute name="Injury">No</attribute>
      <attribute name="Notes"></attribute>
      <attribute name="Sex">Female</attribute>
      <attribute name="View">Side</attribute>
    </box>
    <box frame="15" outside="0" occluded="0" keyframe="0" xtl="0.00" ytl="484.74" xbr="691.65" ybr="1027.13" z_order="0">
      <attribute name="Adipose Clipped">No</attribute>
      <attribute name="Confidence Level">3</attribute>
      <attribute name="Injury">No</attribute>
      <attribute name="Notes"></attribute>
      <attribute name="Sex">Female</attribute>
      <attribute name="View">Side</attribute>
    </box>
    <box frame="16" outside="0" occluded="0" keyframe="0" xtl="0.00" ytl="462.35" xbr="757.79" ybr="1034.59" z_order="0">
      <attribute name="Adipose Clipped">No</attribute>
      <attribute name="Confidence Level">3</attribute>
      <attribute name="Injury">No</attribute>
      <attribute name="Notes"></attribute>
      <attribute name="Sex">Female</attribute>
      <attribute name="View">Side</attribute>
    </box>
    <box frame="17" outside="0" occluded="0" keyframe="0" xtl="0.00" ytl="439.96" xbr="823.93" ybr="1042.05" z_order="0">
      <attribute name="Adipose Clipped">No</attribute>
      <attribute name="Confidence Level">3</attribute>
      <attribute name="Injury">No</attribute>
      <attribute name="Notes"></attribute>
      <attribute name="Sex">Female</attribute>
      <attribute name="View">Side</attribute>
    </box>
    <box frame="18" outside="0" occluded="0" keyframe="0" xtl="0.00" ytl="417.57" xbr="890.08" ybr="1049.51" z_order="0">
      <attribute name="Adipose Clipped">No</attribute>
      <attribute name="Confidence Level">3</attribute>
      <attribute name="Injury">No</attribute>
      <attribute name="Notes"></attribute>
      <attribute name="Sex">Female</attribute>
      <attribute name="View">Side</attribute>
    </box>
    <box frame="19" outside="0" occluded="0" keyframe="0" xtl="0.00" ytl="395.18" xbr="956.22" ybr="1056.98" z_order="0">
      <attribute name="Adipose Clipped">No</attribute>
      <attribute name="Confidence Level">3</attribute>
      <attribute name="Injury">No</attribute>
      <attribute name="Notes"></attribute>
      <attribute name="Sex">Female</attribute>
      <attribute name="View">Side</attribute>
    </box>
    <box frame="20" outside="0" occluded="0" keyframe="0" xtl="0.00" ytl="372.79" xbr="1022.36" ybr="1064.44" z_order="0">
      <attribute name="Adipose Clipped">No</attribute>
      <attribute name="Confidence Level">3</attribute>
      <attribute name="Injury">No</attribute>
      <attribute name="Notes"></attribute>
      <attribute name="Sex">Female</attribute>
      <attribute name="View">Side</attribute>
    </box>
    <box frame="21" outside="0" occluded="0" keyframe="1" xtl="0.00" ytl="350.40" xbr="1088.50" ybr="1071.90" z_order="0">
      <attribute name="Adipose Clipped">No</attribute>
      <attribute name="Confidence Level">3</attribute>
      <attribute name="Injury">No</attribute>
      <attribute name="Notes"></attribute>
      <attribute name="Sex">Female</attribute>
      <attribute name="View">Side</attribute>
    </box>
    <box frame="22" outside="0" occluded="0" keyframe="0" xtl="0.00" ytl="348.12" xbr="1154.64" ybr="1071.90" z_order="0">
      <attribute name="Adipose Clipped">No</attribute>
      <attribute name="Confidence Level">3</attribute>
      <attribute name="Injury">No</attribute>
      <attribute name="Notes"></attribute>
      <attribute name="Sex">Female</attribute>
      <attribute name="View">Side</attribute>
    </box>
    <box frame="23" outside="0" occluded="0" keyframe="0" xtl="0.00" ytl="345.84" xbr="1220.78" ybr="1071.90" z_order="0">
      <attribute name="Adipose Clipped">No</attribute>
      <attribute name="Confidence Level">3</attribute>
      <attribute name="Injury">No</attribute>
      <attribute name="Notes"></attribute>
      <attribute name="Sex">Female</attribute>
      <attribute name="View">Side</attribute>
    </box>
    <box frame="24" outside="0" occluded="0" keyframe="0" xtl="0.00" ytl="343.56" xbr="1286.92" ybr="1071.90" z_order="0">
      <attribute name="Adipose Clipped">No</attribute>
      <attribute name="Confidence Level">3</attribute>
      <attribute name="Injury">No</attribute>
      <attribute name="Notes"></attribute>
      <attribute name="Sex">Female</attribute>
      <attribute name="View">Side</attribute>
    </box>
    <box frame="25" outside="0" occluded="0" keyframe="0" xtl="0.00" ytl="341.28" xbr="1353.06" ybr="1071.90" z_order="0">
      <attribute name="Adipose Clipped">No</attribute>
      <attribute name="Confidence Level">3</attribute>
      <attribute name="Injury">No</attribute>
      <attribute name="Notes"></attribute>
      <attribute name="Sex">Female</attribute>
      <attribute name="View">Side</attribute>
    </box>
    <box frame="26" outside="0" occluded="0" keyframe="0" xtl="0.00" ytl="339.00" xbr="1419.20" ybr="1071.90" z_order="0">
      <attribute name="Adipose Clipped">No</attribute>
      <attribute name="Confidence Level">3</attribute>
      <attribute name="Injury">No</attribute>
      <attribute name="Notes"></attribute>
      <attribute name="Sex">Female</attribute>
      <attribute name="View">Side</attribute>
    </box>
    <box frame="27" outside="0" occluded="0" keyframe="0" xtl="0.00" ytl="336.72" xbr="1485.34" ybr="1071.90" z_order="0">
      <attribute name="Adipose Clipped">No</attribute>
      <attribute name="Confidence Level">3</attribute>
      <attribute name="Injury">No</attribute>
      <attribute name="Notes"></attribute>
      <attribute name="Sex">Female</attribute>
      <attribute name="View">Side</attribute>
    </box>
    <box frame="28" outside="0" occluded="0" keyframe="0" xtl="0.00" ytl="334.44" xbr="1551.48" ybr="1071.90" z_order="0">
      <attribute name="Adipose Clipped">No</attribute>
      <attribute name="Confidence Level">3</attribute>
      <attribute name="Injury">No</attribute>
      <attribute name="Notes"></attribute>
      <attribute name="Sex">Female</attribute>
      <attribute name="View">Side</attribute>
    </box>
    <box frame="29" outside="0" occluded="0" keyframe="0" xtl="0.00" ytl="332.16" xbr="1617.62" ybr="1071.90" z_order="0">
      <attribute name="Adipose Clipped">No</attribute>
      <attribute name="Confidence Level">3</attribute>
      <attribute name="Injury">No</attribute>
      <attribute name="Notes"></attribute>
      <attribute name="Sex">Female</attribute>
      <attribute name="View">Side</attribute>
    </box>
    <box frame="30" outside="0" occluded="0" keyframe="0" xtl="0.00" ytl="329.88" xbr="1683.76" ybr="1071.90" z_order="0">
      <attribute name="Adipose Clipped">No</attribute>
      <attribute name="Confidence Level">3</attribute>
      <attribute name="Injury">No</attribute>
      <attribute name="Notes"></attribute>
      <attribute name="Sex">Female</attribute>
      <attribute name="View">Side</attribute>
    </box>
    <box frame="31" outside="0" occluded="0" keyframe="1" xtl="0.00" ytl="327.60" xbr="1749.90" ybr="1071.90" z_order="0">
      <attribute name="Adipose Clipped">No</attribute>
      <attribute name="Confidence Level">3</attribute>
      <attribute name="Injury">No</attribute>
      <attribute name="Notes"></attribute>
      <attribute name="Sex">Female</attribute>
      <attribute name="View">Side</attribute>
    </box>
    <box frame="32" outside="0" occluded="0" keyframe="0" xtl="0.00" ytl="339.00" xbr="1792.43" ybr="1073.45" z_order="0">
      <attribute name="Adipose Clipped">No</attribute>
      <attribute name="Confidence Level">3</attribute>
      <attribute name="Injury">No</attribute>
      <attribute name="Notes"></attribute>
      <attribute name="Sex">Female</attribute>
      <attribute name="View">Side</attribute>
    </box>
    <box frame="33" outside="0" occluded="0" keyframe="0" xtl="0.00" ytl="350.40" xbr="1834.95" ybr="1075.00" z_order="0">
      <attribute name="Adipose Clipped">No</attribute>
      <attribute name="Confidence Level">3</attribute>
      <attribute name="Injury">No</attribute>
      <attribute name="Notes"></attribute>
      <attribute name="Sex">Female</attribute>
      <attribute name="View">Side</attribute>
    </box>
    <box frame="34" outside="0" occluded="0" keyframe="0" xtl="0.00" ytl="361.80" xbr="1877.48" ybr="1076.55" z_order="0">
      <attribute name="Adipose Clipped">No</attribute>
      <attribute name="Confidence Level">3</attribute>
      <attribute name="Injury">No</attribute>
      <attribute name="Notes"></attribute>
      <attribute name="Sex">Female</attribute>
      <attribute name="View">Side</attribute>
    </box>
    <box frame="35" outside="0" occluded="0" keyframe="1" xtl="0.00" ytl="373.20" xbr="1920.00" ybr="1078.10" z_order="0">
      <attribute name="Adipose Clipped">No</attribute>
      <attribute name="Confidence Level">3</attribute>
      <attribute name="Injury">No</attribute>
      <attribute name="Notes"></attribute>
      <attribute name="Sex">Female</attribute>
      <attribute name="View">Side</attribute>
    </box>
    <box frame="36" outside="0" occluded="0" keyframe="0" xtl="0.00" ytl="376.10" xbr="1920.00" ybr="1078.29" z_order="0">
      <attribute name="Adipose Clipped">No</attribute>
      <attribute name="Confidence Level">3</attribute>
      <attribute name="Injury">No</attribute>
      <attribute name="Notes"></attribute>
      <attribute name="Sex">Female</attribute>
      <attribute name="View">Side</attribute>
    </box>
    <box frame="37" outside="0" occluded="0" keyframe="0" xtl="0.00" ytl="379.00" xbr="1920.00" ybr="1078.48" z_order="0">
      <attribute name="Adipose Clipped">No</attribute>
      <attribute name="Confidence Level">3</attribute>
      <attribute name="Injury">No</attribute>
      <attribute name="Notes"></attribute>
      <attribute name="Sex">Female</attribute>
      <attribute name="View">Side</attribute>
    </box>
    <box frame="38" outside="0" occluded="0" keyframe="1" xtl="0.00" ytl="381.90" xbr="1920.00" ybr="1078.67" z_order="0">
      <attribute name="Adipose Clipped">No</attribute>
      <attribute name="Confidence Level">3</attribute>
      <attribute name="Injury">No</attribute>
      <attribute name="Notes"></attribute>
      <attribute name="Sex">Female</attribute>
      <attribute name="View">Side</attribute>
    </box>
    <box frame="39" outside="0" occluded="0" keyframe="0" xtl="71.39" ytl="384.80" xbr="1920.00" ybr="1078.86" z_order="0">
      <attribute name="Adipose Clipped">No</attribute>
      <attribute name="Confidence Level">3</attribute>
      <attribute name="Injury">No</attribute>
      <attribute name="Notes"></attribute>
      <attribute name="Sex">Female</attribute>
      <attribute name="View">Side</attribute>
    </box>
    <box frame="40" outside="0" occluded="0" keyframe="0" xtl="142.77" ytl="387.71" xbr="1920.00" ybr="1079.05" z_order="0">
      <attribute name="Adipose Clipped">No</attribute>
      <attribute name="Confidence Level">3</attribute>
      <attribute name="Injury">No</attribute>
      <attribute name="Notes"></attribute>
      <attribute name="Sex">Female</attribute>
      <attribute name="View">Side</attribute>
    </box>
    <box frame="41" outside="0" occluded="0" keyframe="0" xtl="214.16" ytl="390.61" xbr="1920.00" ybr="1079.24" z_order="0">
      <attribute name="Adipose Clipped">No</attribute>
      <attribute name="Confidence Level">3</attribute>
      <attribute name="Injury">No</attribute>
      <attribute name="Notes"></attribute>
      <attribute name="Sex">Female</attribute>
      <attribute name="View">Side</attribute>
    </box>
    <box frame="42" outside="0" occluded="0" keyframe="0" xtl="285.54" ytl="393.52" xbr="1920.00" ybr="1079.43" z_order="0">
      <attribute name="Adipose Clipped">No</attribute>
      <attribute name="Confidence Level">3</attribute>
      <attribute name="Injury">No</attribute>
      <attribute name="Notes"></attribute>
      <attribute name="Sex">Female</attribute>
      <attribute name="View">Side</attribute>
    </box>
    <box frame="43" outside="0" occluded="0" keyframe="0" xtl="356.93" ytl="396.42" xbr="1920.00" ybr="1079.62" z_order="0">
      <attribute name="Adipose Clipped">No</attribute>
      <attribute name="Confidence Level">3</attribute>
      <attribute name="Injury">No</attribute>
      <attribute name="Notes"></attribute>
      <attribute name="Sex">Female</attribute>
      <attribute name="View">Side</attribute>
    </box>
    <box frame="44" outside="0" occluded="0" keyframe="0" xtl="428.31" ytl="399.32" xbr="1920.00" ybr="1079.81" z_order="0">
      <attribute name="Adipose Clipped">No</attribute>
      <attribute name="Confidence Level">3</attribute>
      <attribute name="Injury">No</attribute>
      <attribute name="Notes"></attribute>
      <attribute name="Sex">Female</attribute>
      <attribute name="View">Side</attribute>
    </box>
    <box frame="45" outside="0" occluded="0" keyframe="1" xtl="499.70" ytl="402.23" xbr="1920.00" ybr="1080.00" z_order="0">
      <attribute name="Adipose Clipped">No</attribute>
      <attribute name="Confidence Level">3</attribute>
      <attribute name="Injury">No</attribute>
      <attribute name="Notes"></attribute>
      <attribute name="Sex">Female</attribute>
      <attribute name="View">Side</attribute>
    </box>
    <box frame="46" outside="0" occluded="0" keyframe="0" xtl="537.02" ytl="404.30" xbr="1920.00" ybr="1080.00" z_order="0">
      <attribute name="Adipose Clipped">No</attribute>
      <attribute name="Confidence Level">3</attribute>
      <attribute name="Injury">No</attribute>
      <attribute name="Notes"></attribute>
      <attribute name="Sex">Female</attribute>
      <attribute name="View">Side</attribute>
    </box>
    <box frame="47" outside="0" occluded="0" keyframe="0" xtl="574.34" ytl="406.38" xbr="1920.00" ybr="1080.00" z_order="0">
      <attribute name="Adipose Clipped">No</attribute>
      <attribute name="Confidence Level">3</attribute>
      <attribute name="Injury">No</attribute>
      <attribute name="Notes"></attribute>
      <attribute name="Sex">Female</attribute>
      <attribute name="View">Side</attribute>
    </box>
    <box frame="48" outside="0" occluded="0" keyframe="0" xtl="611.66" ytl="408.45" xbr="1920.00" ybr="1080.00" z_order="0">
      <attribute name="Adipose Clipped">No</attribute>
      <attribute name="Confidence Level">3</attribute>
      <attribute name="Injury">No</attribute>
      <attribute name="Notes"></attribute>
      <attribute name="Sex">Female</attribute>
      <attribute name="View">Side</attribute>
    </box>
    <box frame="49" outside="0" occluded="0" keyframe="0" xtl="648.98" ytl="410.52" xbr="1920.00" ybr="1080.00" z_order="0">
      <attribute name="Adipose Clipped">No</attribute>
      <attribute name="Confidence Level">3</attribute>
      <attribute name="Injury">No</attribute>
      <attribute name="Notes"></attribute>
      <attribute name="Sex">Female</attribute>
      <attribute name="View">Side</attribute>
    </box>
    <box frame="50" outside="0" occluded="0" keyframe="0" xtl="686.31" ytl="412.60" xbr="1920.00" ybr="1080.00" z_order="0">
      <attribute name="Adipose Clipped">No</attribute>
      <attribute name="Confidence Level">3</attribute>
      <attribute name="Injury">No</attribute>
      <attribute name="Notes"></attribute>
      <attribute name="Sex">Female</attribute>
      <attribute name="View">Side</attribute>
    </box>
    <box frame="51" outside="0" occluded="0" keyframe="0" xtl="723.63" ytl="414.67" xbr="1920.00" ybr="1080.00" z_order="0">
      <attribute name="Adipose Clipped">No</attribute>
      <attribute name="Confidence Level">3</attribute>
      <attribute name="Injury">No</attribute>
      <attribute name="Notes"></attribute>
      <attribute name="Sex">Female</attribute>
      <attribute name="View">Side</attribute>
    </box>
    <box frame="52" outside="0" occluded="0" keyframe="0" xtl="760.95" ytl="416.74" xbr="1920.00" ybr="1080.00" z_order="0">
      <attribute name="Adipose Clipped">No</attribute>
      <attribute name="Confidence Level">3</attribute>
      <attribute name="Injury">No</attribute>
      <attribute name="Notes"></attribute>
      <attribute name="Sex">Female</attribute>
      <attribute name="View">Side</attribute>
    </box>
    <box frame="53" outside="0" occluded="0" keyframe="0" xtl="798.27" ytl="418.82" xbr="1920.00" ybr="1080.00" z_order="0">
      <attribute name="Adipose Clipped">No</attribute>
      <attribute name="Confidence Level">3</attribute>
      <attribute name="Injury">No</attribute>
      <attribute name="Notes"></attribute>
      <attribute name="Sex">Female</attribute>
      <attribute name="View">Side</attribute>
    </box>
    <box frame="54" outside="0" occluded="0" keyframe="0" xtl="835.59" ytl="420.89" xbr="1920.00" ybr="1080.00" z_order="0">
      <attribute name="Adipose Clipped">No</attribute>
      <attribute name="Confidence Level">3</attribute>
      <attribute name="Injury">No</attribute>
      <attribute name="Notes"></attribute>
      <attribute name="Sex">Female</attribute>
      <attribute name="View">Side</attribute>
    </box>
    <box frame="55" outside="0" occluded="0" keyframe="0" xtl="872.92" ytl="422.96" xbr="1920.00" ybr="1080.00" z_order="0">
      <attribute name="Adipose Clipped">No</attribute>
      <attribute name="Confidence Level">3</attribute>
      <attribute name="Injury">No</attribute>
      <attribute name="Notes"></attribute>
      <attribute name="Sex">Female</attribute>
      <attribute name="View">Side</attribute>
    </box>
    <box frame="56" outside="0" occluded="0" keyframe="0" xtl="910.24" ytl="425.04" xbr="1920.00" ybr="1080.00" z_order="0">
      <attribute name="Adipose Clipped">No</attribute>
      <attribute name="Confidence Level">3</attribute>
      <attribute name="Injury">No</attribute>
      <attribute name="Notes"></attribute>
      <attribute name="Sex">Female</attribute>
      <attribute name="View">Side</attribute>
    </box>
    <box frame="57" outside="0" occluded="0" keyframe="0" xtl="947.56" ytl="427.11" xbr="1920.00" ybr="1080.00" z_order="0">
      <attribute name="Adipose Clipped">No</attribute>
      <attribute name="Confidence Level">3</attribute>
      <attribute name="Injury">No</attribute>
      <attribute name="Notes"></attribute>
      <attribute name="Sex">Female</attribute>
      <attribute name="View">Side</attribute>
    </box>
    <box frame="58" outside="0" occluded="0" keyframe="1" xtl="984.88" ytl="429.18" xbr="1920.00" ybr="1080.00" z_order="0">
      <attribute name="Adipose Clipped">No</attribute>
      <attribute name="Confidence Level">3</attribute>
      <attribute name="Injury">No</attribute>
      <attribute name="Notes"></attribute>
      <attribute name="Sex">Female</attribute>
      <attribute name="View">Side</attribute>
    </box>
    <box frame="59" outside="0" occluded="0" keyframe="0" xtl="999.81" ytl="428.56" xbr="1920.00" ybr="1079.38" z_order="0">
      <attribute name="Adipose Clipped">No</attribute>
      <attribute name="Confidence Level">3</attribute>
      <attribute name="Injury">No</attribute>
      <attribute name="Notes"></attribute>
      <attribute name="Sex">Female</attribute>
      <attribute name="View">Side</attribute>
    </box>
    <box frame="60" outside="0" occluded="0" keyframe="0" xtl="1014.74" ytl="427.94" xbr="1920.00" ybr="1078.76" z_order="0">
      <attribute name="Adipose Clipped">No</attribute>
      <attribute name="Confidence Level">3</attribute>
      <attribute name="Injury">No</attribute>
      <attribute name="Notes"></attribute>
      <attribute name="Sex">Female</attribute>
      <attribute name="View">Side</attribute>
    </box>
    <box frame="61" outside="0" occluded="0" keyframe="0" xtl="1029.67" ytl="427.32" xbr="1920.00" ybr="1078.13" z_order="0">
      <attribute name="Adipose Clipped">No</attribute>
      <attribute name="Confidence Level">3</attribute>
      <attribute name="Injury">No</attribute>
      <attribute name="Notes"></attribute>
      <attribute name="Sex">Female</attribute>
      <attribute name="View">Side</attribute>
    </box>
    <box frame="62" outside="0" occluded="0" keyframe="0" xtl="1044.60" ytl="426.70" xbr="1920.00" ybr="1077.51" z_order="0">
      <attribute name="Adipose Clipped">No</attribute>
      <attribute name="Confidence Level">3</attribute>
      <attribute name="Injury">No</attribute>
      <attribute name="Notes"></attribute>
      <attribute name="Sex">Female</attribute>
      <attribute name="View">Side</attribute>
    </box>
    <box frame="63" outside="0" occluded="0" keyframe="0" xtl="1059.52" ytl="426.07" xbr="1920.00" ybr="1076.89" z_order="0">
      <attribute name="Adipose Clipped">No</attribute>
      <attribute name="Confidence Level">3</attribute>
      <attribute name="Injury">No</attribute>
      <attribute name="Notes"></attribute>
      <attribute name="Sex">Female</attribute>
      <attribute name="View">Side</attribute>
    </box>
    <box frame="64" outside="0" occluded="0" keyframe="0" xtl="1074.45" ytl="425.45" xbr="1920.00" ybr="1076.27" z_order="0">
      <attribute name="Adipose Clipped">No</attribute>
      <attribute name="Confidence Level">3</attribute>
      <attribute name="Injury">No</attribute>
      <attribute name="Notes"></attribute>
      <attribute name="Sex">Female</attribute>
      <attribute name="View">Side</attribute>
    </box>
    <box frame="65" outside="0" occluded="0" keyframe="0" xtl="1089.38" ytl="424.83" xbr="1920.00" ybr="1075.65" z_order="0">
      <attribute name="Adipose Clipped">No</attribute>
      <attribute name="Confidence Level">3</attribute>
      <attribute name="Injury">No</attribute>
      <attribute name="Notes"></attribute>
      <attribute name="Sex">Female</attribute>
      <attribute name="View">Side</attribute>
    </box>
    <box frame="66" outside="0" occluded="0" keyframe="0" xtl="1104.31" ytl="424.21" xbr="1920.00" ybr="1075.02" z_order="0">
      <attribute name="Adipose Clipped">No</attribute>
      <attribute name="Confidence Level">3</attribute>
      <attribute name="Injury">No</attribute>
      <attribute name="Notes"></attribute>
      <attribute name="Sex">Female</attribute>
      <attribute name="View">Side</attribute>
    </box>
    <box frame="67" outside="0" occluded="0" keyframe="0" xtl="1119.24" ytl="423.58" xbr="1920.00" ybr="1074.40" z_order="0">
      <attribute name="Adipose Clipped">No</attribute>
      <attribute name="Confidence Level">3</attribute>
      <attribute name="Injury">No</attribute>
      <attribute name="Notes"></attribute>
      <attribute name="Sex">Female</attribute>
      <attribute name="View">Side</attribute>
    </box>
    <box frame="68" outside="0" occluded="0" keyframe="1" xtl="1134.17" ytl="422.96" xbr="1920.00" ybr="1073.78" z_order="0">
      <attribute name="Adipose Clipped">No</attribute>
      <attribute name="Confidence Level">3</attribute>
      <attribute name="Injury">No</attribute>
      <attribute name="Notes"></attribute>
      <attribute name="Sex">Female</attribute>
      <attribute name="View">Side</attribute>
    </box>
    <box frame="69" outside="0" occluded="0" keyframe="0" xtl="1130.43" ytl="422.97" xbr="1920.00" ybr="1073.78" z_order="0">
      <attribute name="Adipose Clipped">No</attribute>
      <attribute name="Confidence Level">3</attribute>
      <attribute name="Injury">No</attribute>
      <attribute name="Notes"></attribute>
      <attribute name="Sex">Female</attribute>
      <attribute name="View">Side</attribute>
    </box>
    <box frame="70" outside="0" occluded="0" keyframe="0" xtl="1126.69" ytl="422.97" xbr="1920.00" ybr="1073.78" z_order="0">
      <attribute name="Adipose Clipped">No</attribute>
      <attribute name="Confidence Level">3</attribute>
      <attribute name="Injury">No</attribute>
      <attribute name="Notes"></attribute>
      <attribute name="Sex">Female</attribute>
      <attribute name="View">Side</attribute>
    </box>
    <box frame="71" outside="0" occluded="0" keyframe="0" xtl="1122.96" ytl="422.97" xbr="1920.00" ybr="1073.78" z_order="0">
      <attribute name="Adipose Clipped">No</attribute>
      <attribute name="Confidence Level">3</attribute>
      <attribute name="Injury">No</attribute>
      <attribute name="Notes"></attribute>
      <attribute name="Sex">Female</attribute>
      <attribute name="View">Side</attribute>
    </box>
    <box frame="72" outside="0" occluded="0" keyframe="0" xtl="1119.22" ytl="422.98" xbr="1920.00" ybr="1073.78" z_order="0">
      <attribute name="Adipose Clipped">No</attribute>
      <attribute name="Confidence Level">3</attribute>
      <attribute name="Injury">No</attribute>
      <attribute name="Notes"></attribute>
      <attribute name="Sex">Female</attribute>
      <attribute name="View">Side</attribute>
    </box>
    <box frame="73" outside="0" occluded="0" keyframe="0" xtl="1115.48" ytl="422.98" xbr="1920.00" ybr="1073.78" z_order="0">
      <attribute name="Adipose Clipped">No</attribute>
      <attribute name="Confidence Level">3</attribute>
      <attribute name="Injury">No</attribute>
      <attribute name="Notes"></attribute>
      <attribute name="Sex">Female</attribute>
      <attribute name="View">Side</attribute>
    </box>
    <box frame="74" outside="0" occluded="0" keyframe="0" xtl="1111.75" ytl="422.99" xbr="1920.00" ybr="1073.78" z_order="0">
      <attribute name="Adipose Clipped">No</attribute>
      <attribute name="Confidence Level">3</attribute>
      <attribute name="Injury">No</attribute>
      <attribute name="Notes"></attribute>
      <attribute name="Sex">Female</attribute>
      <attribute name="View">Side</attribute>
    </box>
    <box frame="75" outside="0" occluded="0" keyframe="0" xtl="1108.01" ytl="422.99" xbr="1920.00" ybr="1073.78" z_order="0">
      <attribute name="Adipose Clipped">No</attribute>
      <attribute name="Confidence Level">3</attribute>
      <attribute name="Injury">No</attribute>
      <attribute name="Notes"></attribute>
      <attribute name="Sex">Female</attribute>
      <attribute name="View">Side</attribute>
    </box>
    <box frame="76" outside="0" occluded="0" keyframe="0" xtl="1104.27" ytl="422.99" xbr="1920.00" ybr="1073.78" z_order="0">
      <attribute name="Adipose Clipped">No</attribute>
      <attribute name="Confidence Level">3</attribute>
      <attribute name="Injury">No</attribute>
      <attribute name="Notes"></attribute>
      <attribute name="Sex">Female</attribute>
      <attribute name="View">Side</attribute>
    </box>
    <box frame="77" outside="0" occluded="0" keyframe="0" xtl="1100.54" ytl="423.00" xbr="1920.00" ybr="1073.78" z_order="0">
      <attribute name="Adipose Clipped">No</attribute>
      <attribute name="Confidence Level">3</attribute>
      <attribute name="Injury">No</attribute>
      <attribute name="Notes"></attribute>
      <attribute name="Sex">Female</attribute>
      <attribute name="View">Side</attribute>
    </box>
    <box frame="78" outside="0" occluded="0" keyframe="1" xtl="1096.80" ytl="423.00" xbr="1920.00" ybr="1073.78" z_order="0">
      <attribute name="Adipose Clipped">No</attribute>
      <attribute name="Confidence Level">3</attribute>
      <attribute name="Injury">No</attribute>
      <attribute name="Notes"></attribute>
      <attribute name="Sex">Female</attribute>
      <attribute name="View">Side</attribute>
    </box>
    <box frame="79" outside="0" occluded="0" keyframe="0" xtl="1091.41" ytl="423.00" xbr="1920.00" ybr="1073.78" z_order="0">
      <attribute name="Adipose Clipped">No</attribute>
      <attribute name="Confidence Level">3</attribute>
      <attribute name="Injury">No</attribute>
      <attribute name="Notes"></attribute>
      <attribute name="Sex">Female</attribute>
      <attribute name="View">Side</attribute>
    </box>
    <box frame="80" outside="0" occluded="0" keyframe="0" xtl="1086.02" ytl="423.00" xbr="1920.00" ybr="1073.78" z_order="0">
      <attribute name="Adipose Clipped">No</attribute>
      <attribute name="Confidence Level">3</attribute>
      <attribute name="Injury">No</attribute>
      <attribute name="Notes"></attribute>
      <attribute name="Sex">Female</attribute>
      <attribute name="View">Side</attribute>
    </box>
    <box frame="81" outside="0" occluded="0" keyframe="0" xtl="1080.63" ytl="423.00" xbr="1920.00" ybr="1073.78" z_order="0">
      <attribute name="Adipose Clipped">No</attribute>
      <attribute name="Confidence Level">3</attribute>
      <attribute name="Injury">No</attribute>
      <attribute name="Notes"></attribute>
      <attribute name="Sex">Female</attribute>
      <attribute name="View">Side</attribute>
    </box>
    <box frame="82" outside="0" occluded="0" keyframe="0" xtl="1075.24" ytl="423.00" xbr="1920.00" ybr="1073.78" z_order="0">
      <attribute name="Adipose Clipped">No</attribute>
      <attribute name="Confidence Level">3</attribute>
      <attribute name="Injury">No</attribute>
      <attribute name="Notes"></attribute>
      <attribute name="Sex">Female</attribute>
      <attribute name="View">Side</attribute>
    </box>
    <box frame="83" outside="0" occluded="0" keyframe="0" xtl="1069.85" ytl="423.00" xbr="1920.00" ybr="1073.78" z_order="0">
      <attribute name="Adipose Clipped">No</attribute>
      <attribute name="Confidence Level">3</attribute>
      <attribute name="Injury">No</attribute>
      <attribute name="Notes"></attribute>
      <attribute name="Sex">Female</attribute>
      <attribute name="View">Side</attribute>
    </box>
    <box frame="84" outside="0" occluded="0" keyframe="0" xtl="1064.46" ytl="423.00" xbr="1920.00" ybr="1073.78" z_order="0">
      <attribute name="Adipose Clipped">No</attribute>
      <attribute name="Confidence Level">3</attribute>
      <attribute name="Injury">No</attribute>
      <attribute name="Notes"></attribute>
      <attribute name="Sex">Female</attribute>
      <attribute name="View">Side</attribute>
    </box>
    <box frame="85" outside="0" occluded="0" keyframe="0" xtl="1059.07" ytl="423.00" xbr="1920.00" ybr="1073.78" z_order="0">
      <attribute name="Adipose Clipped">No</attribute>
      <attribute name="Confidence Level">3</attribute>
      <attribute name="Injury">No</attribute>
      <attribute name="Notes"></attribute>
      <attribute name="Sex">Female</attribute>
      <attribute name="View">Side</attribute>
    </box>
    <box frame="86" outside="0" occluded="0" keyframe="0" xtl="1053.68" ytl="423.00" xbr="1920.00" ybr="1073.78" z_order="0">
      <attribute name="Adipose Clipped">No</attribute>
      <attribute name="Confidence Level">3</attribute>
      <attribute name="Injury">No</attribute>
      <attribute name="Notes"></attribute>
      <attribute name="Sex">Female</attribute>
      <attribute name="View">Side</attribute>
    </box>
    <box frame="87" outside="0" occluded="0" keyframe="0" xtl="1048.29" ytl="423.00" xbr="1920.00" ybr="1073.78" z_order="0">
      <attribute name="Adipose Clipped">No</attribute>
      <attribute name="Confidence Level">3</attribute>
      <attribute name="Injury">No</attribute>
      <attribute name="Notes"></attribute>
      <attribute name="Sex">Female</attribute>
      <attribute name="View">Side</attribute>
    </box>
    <box frame="88" outside="0" occluded="0" keyframe="1" xtl="1042.90" ytl="423.00" xbr="1920.00" ybr="1073.78" z_order="0">
      <attribute name="Adipose Clipped">No</attribute>
      <attribute name="Confidence Level">3</attribute>
      <attribute name="Injury">No</attribute>
      <attribute name="Notes"></attribute>
      <attribute name="Sex">Female</attribute>
      <attribute name="View">Side</attribute>
    </box>
    <box frame="89" outside="0" occluded="0" keyframe="0" xtl="1049.12" ytl="423.00" xbr="1920.00" ybr="1068.39" z_order="0">
      <attribute name="Adipose Clipped">No</attribute>
      <attribute name="Confidence Level">3</attribute>
      <attribute name="Injury">No</attribute>
      <attribute name="Notes"></attribute>
      <attribute name="Sex">Female</attribute>
      <attribute name="View">Side</attribute>
    </box>
    <box frame="90" outside="0" occluded="0" keyframe="0" xtl="1055.34" ytl="423.00" xbr="1920.00" ybr="1063.00" z_order="0">
      <attribute name="Adipose Clipped">No</attribute>
      <attribute name="Confidence Level">3</attribute>
      <attribute name="Injury">No</attribute>
      <attribute name="Notes"></attribute>
      <attribute name="Sex">Female</attribute>
      <attribute name="View">Side</attribute>
    </box>
    <box frame="91" outside="0" occluded="0" keyframe="0" xtl="1061.56" ytl="423.00" xbr="1920.00" ybr="1057.62" z_order="0">
      <attribute name="Adipose Clipped">No</attribute>
      <attribute name="Confidence Level">3</attribute>
      <attribute name="Injury">No</attribute>
      <attribute name="Notes"></attribute>
      <attribute name="Sex">Female</attribute>
      <attribute name="View">Side</attribute>
    </box>
    <box frame="92" outside="0" occluded="0" keyframe="0" xtl="1067.78" ytl="423.00" xbr="1920.00" ybr="1052.23" z_order="0">
      <attribute name="Adipose Clipped">No</attribute>
      <attribute name="Confidence Level">3</attribute>
      <attribute name="Injury">No</attribute>
      <attribute name="Notes"></attribute>
      <attribute name="Sex">Female</attribute>
      <attribute name="View">Side</attribute>
    </box>
    <box frame="93" outside="0" occluded="0" keyframe="0" xtl="1074.00" ytl="423.00" xbr="1920.00" ybr="1046.84" z_order="0">
      <attribute name="Adipose Clipped">No</attribute>
      <attribute name="Confidence Level">3</attribute>
      <attribute name="Injury">No</attribute>
      <attribute name="Notes"></attribute>
      <attribute name="Sex">Female</attribute>
      <attribute name="View">Side</attribute>
    </box>
    <box frame="94" outside="0" occluded="0" keyframe="0" xtl="1080.22" ytl="423.00" xbr="1920.00" ybr="1041.45" z_order="0">
      <attribute name="Adipose Clipped">No</attribute>
      <attribute name="Confidence Level">3</attribute>
      <attribute name="Injury">No</attribute>
      <attribute name="Notes"></attribute>
      <attribute name="Sex">Female</attribute>
      <attribute name="View">Side</attribute>
    </box>
    <box frame="95" outside="0" occluded="0" keyframe="0" xtl="1086.44" ytl="423.00" xbr="1920.00" ybr="1036.06" z_order="0">
      <attribute name="Adipose Clipped">No</attribute>
      <attribute name="Confidence Level">3</attribute>
      <attribute name="Injury">No</attribute>
      <attribute name="Notes"></attribute>
      <attribute name="Sex">Female</attribute>
      <attribute name="View">Side</attribute>
    </box>
    <box frame="96" outside="0" occluded="0" keyframe="0" xtl="1092.66" ytl="423.00" xbr="1920.00" ybr="1030.68" z_order="0">
      <attribute name="Adipose Clipped">No</attribute>
      <attribute name="Confidence Level">3</attribute>
      <attribute name="Injury">No</attribute>
      <attribute name="Notes"></attribute>
      <attribute name="Sex">Female</attribute>
      <attribute name="View">Side</attribute>
    </box>
    <box frame="97" outside="0" occluded="0" keyframe="0" xtl="1098.88" ytl="423.00" xbr="1920.00" ybr="1025.29" z_order="0">
      <attribute name="Adipose Clipped">No</attribute>
      <attribute name="Confidence Level">3</attribute>
      <attribute name="Injury">No</attribute>
      <attribute name="Notes"></attribute>
      <attribute name="Sex">Female</attribute>
      <attribute name="View">Side</attribute>
    </box>
    <box frame="98" outside="0" occluded="0" keyframe="1" xtl="1105.10" ytl="423.00" xbr="1920.00" ybr="1019.90" z_order="0">
      <attribute name="Adipose Clipped">No</attribute>
      <attribute name="Confidence Level">3</attribute>
      <attribute name="Injury">No</attribute>
      <attribute name="Notes"></attribute>
      <attribute name="Sex">Female</attribute>
      <attribute name="View">Side</attribute>
    </box>
    <box frame="99" outside="0" occluded="0" keyframe="0" xtl="1112.15" ytl="423.00" xbr="1920.00" ybr="1019.90" z_order="0">
      <attribute name="Adipose Clipped">No</attribute>
      <attribute name="Confidence Level">3</attribute>
      <attribute name="Injury">No</attribute>
      <attribute name="Notes"></attribute>
      <attribute name="Sex">Female</attribute>
      <attribute name="View">Side</attribute>
    </box>
    <box frame="100" outside="0" occluded="0" keyframe="0" xtl="1119.20" ytl="423.00" xbr="1920.00" ybr="1019.90" z_order="0">
      <attribute name="Adipose Clipped">No</attribute>
      <attribute name="Confidence Level">3</attribute>
      <attribute name="Injury">No</attribute>
      <attribute name="Notes"></attribute>
      <attribute name="Sex">Female</attribute>
      <attribute name="View">Side</attribute>
    </box>
    <box frame="101" outside="0" occluded="0" keyframe="0" xtl="1126.25" ytl="423.00" xbr="1920.00" ybr="1019.90" z_order="0">
      <attribute name="Adipose Clipped">No</attribute>
      <attribute name="Confidence Level">3</attribute>
      <attribute name="Injury">No</attribute>
      <attribute name="Notes"></attribute>
      <attribute name="Sex">Female</attribute>
      <attribute name="View">Side</attribute>
    </box>
    <box frame="102" outside="0" occluded="0" keyframe="0" xtl="1133.30" ytl="423.00" xbr="1920.00" ybr="1019.90" z_order="0">
      <attribute name="Adipose Clipped">No</attribute>
      <attribute name="Confidence Level">3</attribute>
      <attribute name="Injury">No</attribute>
      <attribute name="Notes"></attribute>
      <attribute name="Sex">Female</attribute>
      <attribute name="View">Side</attribute>
    </box>
    <box frame="103" outside="0" occluded="0" keyframe="0" xtl="1140.35" ytl="423.00" xbr="1920.00" ybr="1019.90" z_order="0">
      <attribute name="Adipose Clipped">No</attribute>
      <attribute name="Confidence Level">3</attribute>
      <attribute name="Injury">No</attribute>
      <attribute name="Notes"></attribute>
      <attribute name="Sex">Female</attribute>
      <attribute name="View">Side</attribute>
    </box>
    <box frame="104" outside="0" occluded="0" keyframe="0" xtl="1147.40" ytl="423.00" xbr="1920.00" ybr="1019.90" z_order="0">
      <attribute name="Adipose Clipped">No</attribute>
      <attribute name="Confidence Level">3</attribute>
      <attribute name="Injury">No</attribute>
      <attribute name="Notes"></attribute>
      <attribute name="Sex">Female</attribute>
      <attribute name="View">Side</attribute>
    </box>
    <box frame="105" outside="0" occluded="0" keyframe="0" xtl="1154.45" ytl="423.00" xbr="1920.00" ybr="1019.90" z_order="0">
      <attribute name="Adipose Clipped">No</attribute>
      <attribute name="Confidence Level">3</attribute>
      <attribute name="Injury">No</attribute>
      <attribute name="Notes"></attribute>
      <attribute name="Sex">Female</attribute>
      <attribute name="View">Side</attribute>
    </box>
    <box frame="106" outside="0" occluded="0" keyframe="0" xtl="1161.50" ytl="423.00" xbr="1920.00" ybr="1019.90" z_order="0">
      <attribute name="Adipose Clipped">No</attribute>
      <attribute name="Confidence Level">3</attribute>
      <attribute name="Injury">No</attribute>
      <attribute name="Notes"></attribute>
      <attribute name="Sex">Female</attribute>
      <attribute name="View">Side</attribute>
    </box>
    <box frame="107" outside="0" occluded="0" keyframe="0" xtl="1168.55" ytl="423.00" xbr="1920.00" ybr="1019.90" z_order="0">
      <attribute name="Adipose Clipped">No</attribute>
      <attribute name="Confidence Level">3</attribute>
      <attribute name="Injury">No</attribute>
      <attribute name="Notes"></attribute>
      <attribute name="Sex">Female</attribute>
      <attribute name="View">Side</attribute>
    </box>
    <box frame="108" outside="0" occluded="0" keyframe="1" xtl="1175.60" ytl="423.00" xbr="1920.00" ybr="1019.90" z_order="0">
      <attribute name="Adipose Clipped">No</attribute>
      <attribute name="Confidence Level">3</attribute>
      <attribute name="Injury">No</attribute>
      <attribute name="Notes"></attribute>
      <attribute name="Sex">Female</attribute>
      <attribute name="View">Side</attribute>
    </box>
    <box frame="109" outside="0" occluded="0" keyframe="0" xtl="1206.08" ytl="423.21" xbr="1920.00" ybr="1020.11" z_order="0">
      <attribute name="Adipose Clipped">No</attribute>
      <attribute name="Confidence Level">3</attribute>
      <attribute name="Injury">No</attribute>
      <attribute name="Notes"></attribute>
      <attribute name="Sex">Female</attribute>
      <attribute name="View">Side</attribute>
    </box>
    <box frame="110" outside="0" occluded="0" keyframe="0" xtl="1236.55" ytl="423.41" xbr="1920.00" ybr="1020.31" z_order="0">
      <attribute name="Adipose Clipped">No</attribute>
      <attribute name="Confidence Level">3</attribute>
      <attribute name="Injury">No</attribute>
      <attribute name="Notes"></attribute>
      <attribute name="Sex">Female</attribute>
      <attribute name="View">Side</attribute>
    </box>
    <box frame="111" outside="0" occluded="0" keyframe="0" xtl="1267.03" ytl="423.62" xbr="1920.00" ybr="1020.52" z_order="0">
      <attribute name="Adipose Clipped">No</attribute>
      <attribute name="Confidence Level">3</attribute>
      <attribute name="Injury">No</attribute>
      <attribute name="Notes"></attribute>
      <attribute name="Sex">Female</attribute>
      <attribute name="View">Side</attribute>
    </box>
    <box frame="112" outside="0" occluded="0" keyframe="0" xtl="1297.51" ytl="423.83" xbr="1920.00" ybr="1020.73" z_order="0">
      <attribute name="Adipose Clipped">No</attribute>
      <attribute name="Confidence Level">3</attribute>
      <attribute name="Injury">No</attribute>
      <attribute name="Notes"></attribute>
      <attribute name="Sex">Female</attribute>
      <attribute name="View">Side</attribute>
    </box>
    <box frame="113" outside="0" occluded="0" keyframe="0" xtl="1327.99" ytl="424.04" xbr="1920.00" ybr="1020.94" z_order="0">
      <attribute name="Adipose Clipped">No</attribute>
      <attribute name="Confidence Level">3</attribute>
      <attribute name="Injury">No</attribute>
      <attribute name="Notes"></attribute>
      <attribute name="Sex">Female</attribute>
      <attribute name="View">Side</attribute>
    </box>
    <box frame="114" outside="0" occluded="0" keyframe="0" xtl="1358.47" ytl="424.24" xbr="1920.00" ybr="1021.14" z_order="0">
      <attribute name="Adipose Clipped">No</attribute>
      <attribute name="Confidence Level">3</attribute>
      <attribute name="Injury">No</attribute>
      <attribute name="Notes"></attribute>
      <attribute name="Sex">Female</attribute>
      <attribute name="View">Side</attribute>
    </box>
    <box frame="115" outside="0" occluded="0" keyframe="0" xtl="1388.95" ytl="424.45" xbr="1920.00" ybr="1021.35" z_order="0">
      <attribute name="Adipose Clipped">No</attribute>
      <attribute name="Confidence Level">3</attribute>
      <attribute name="Injury">No</attribute>
      <attribute name="Notes"></attribute>
      <attribute name="Sex">Female</attribute>
      <attribute name="View">Side</attribute>
    </box>
    <box frame="116" outside="0" occluded="0" keyframe="0" xtl="1419.43" ytl="424.66" xbr="1920.00" ybr="1021.56" z_order="0">
      <attribute name="Adipose Clipped">No</attribute>
      <attribute name="Confidence Level">3</attribute>
      <attribute name="Injury">No</attribute>
      <attribute name="Notes"></attribute>
      <attribute name="Sex">Female</attribute>
      <attribute name="View">Side</attribute>
    </box>
    <box frame="117" outside="0" occluded="0" keyframe="0" xtl="1449.91" ytl="424.87" xbr="1920.00" ybr="1021.77" z_order="0">
      <attribute name="Adipose Clipped">No</attribute>
      <attribute name="Confidence Level">3</attribute>
      <attribute name="Injury">No</attribute>
      <attribute name="Notes"></attribute>
      <attribute name="Sex">Female</attribute>
      <attribute name="View">Side</attribute>
    </box>
    <box frame="118" outside="0" occluded="1" keyframe="1" xtl="1480.39" ytl="425.07" xbr="1920.00" ybr="1021.97" z_order="0">
      <attribute name="Adipose Clipped">No</attribute>
      <attribute name="Confidence Level">3</attribute>
      <attribute name="Injury">No</attribute>
      <attribute name="Notes"></attribute>
      <attribute name="Sex">Female</attribute>
      <attribute name="View">Side</attribute>
    </box>
    <box frame="119" outside="0" occluded="1" keyframe="0" xtl="1518.24" ytl="437.00" xbr="1920.00" ybr="1016.27" z_order="0">
      <attribute name="Adipose Clipped">No</attribute>
      <attribute name="Confidence Level">3</attribute>
      <attribute name="Injury">No</attribute>
      <attribute name="Notes"></attribute>
      <attribute name="Sex">Female</attribute>
      <attribute name="View">Side</attribute>
    </box>
    <box frame="120" outside="0" occluded="1" keyframe="0" xtl="1556.10" ytl="448.94" xbr="1920.00" ybr="1010.57" z_order="0">
      <attribute name="Adipose Clipped">No</attribute>
      <attribute name="Confidence Level">3</attribute>
      <attribute name="Injury">No</attribute>
      <attribute name="Notes"></attribute>
      <attribute name="Sex">Female</attribute>
      <attribute name="View">Side</attribute>
    </box>
    <box frame="121" outside="0" occluded="1" keyframe="0" xtl="1593.95" ytl="460.87" xbr="1920.00" ybr="1004.87" z_order="0">
      <attribute name="Adipose Clipped">No</attribute>
      <attribute name="Confidence Level">3</attribute>
      <attribute name="Injury">No</attribute>
      <attribute name="Notes"></attribute>
      <attribute name="Sex">Female</attribute>
      <attribute name="View">Side</attribute>
    </box>
    <box frame="122" outside="0" occluded="1" keyframe="1" xtl="1631.80" ytl="472.80" xbr="1920.00" ybr="999.17" z_order="0">
      <attribute name="Adipose Clipped">No</attribute>
      <attribute name="Confidence Level">3</attribute>
      <attribute name="Injury">No</attribute>
      <attribute name="Notes"></attribute>
      <attribute name="Sex">Female</attribute>
      <attribute name="View">Side</attribute>
    </box>
    <box frame="123" outside="0" occluded="1" keyframe="0" xtl="1610.37" ytl="472.80" xbr="1920.00" ybr="976.34" z_order="0">
      <attribute name="Adipose Clipped">No</attribute>
      <attribute name="Confidence Level">3</attribute>
      <attribute name="Injury">No</attribute>
      <attribute name="Notes"></attribute>
      <attribute name="Sex">Female</attribute>
      <attribute name="View">Side</attribute>
    </box>
    <box frame="124" outside="0" occluded="1" keyframe="0" xtl="1588.93" ytl="472.80" xbr="1920.00" ybr="953.52" z_order="0">
      <attribute name="Adipose Clipped">No</attribute>
      <attribute name="Confidence Level">3</attribute>
      <attribute name="Injury">No</attribute>
      <attribute name="Notes"></attribute>
      <attribute name="Sex">Female</attribute>
      <attribute name="View">Side</attribute>
    </box>
    <box frame="125" outside="0" occluded="1" keyframe="1" xtl="1567.50" ytl="472.80" xbr="1920.00" ybr="930.70" z_order="0">
      <attribute name="Adipose Clipped">No</attribute>
      <attribute name="Confidence Level">3</attribute>
      <attribute name="Injury">No</attribute>
      <attribute name="Notes"></attribute>
      <attribute name="Sex">Female</attribute>
      <attribute name="View">Side</attribute>
    </box>
    <box frame="126" outside="0" occluded="1" keyframe="0" xtl="1624.87" ytl="473.49" xbr="1920.00" ybr="931.39" z_order="0">
      <attribute name="Adipose Clipped">No</attribute>
      <attribute name="Confidence Level">3</attribute>
      <attribute name="Injury">No</attribute>
      <attribute name="Notes"></attribute>
      <attribute name="Sex">Female</attribute>
      <attribute name="View">Side</attribute>
    </box>
    <box frame="127" outside="0" occluded="1" keyframe="0" xtl="1682.23" ytl="474.18" xbr="1920.00" ybr="932.08" z_order="0">
      <attribute name="Adipose Clipped">No</attribute>
      <attribute name="Confidence Level">3</attribute>
      <attribute name="Injury">No</attribute>
      <attribute name="Notes"></attribute>
      <attribute name="Sex">Female</attribute>
      <attribute name="View">Side</attribute>
    </box>
    <box frame="128" outside="0" occluded="1" keyframe="1" xtl="1739.60" ytl="474.87" xbr="1920.00" ybr="932.77" z_order="0">
      <attribute name="Adipose Clipped">No</attribute>
      <attribute name="Confidence Level">3</attribute>
      <attribute name="Injury">No</attribute>
      <attribute name="Notes"></attribute>
      <attribute name="Sex">Female</attribute>
      <attribute name="View">Side</attribute>
    </box>
    <box frame="129" outside="0" occluded="1" keyframe="0" xtl="1805.95" ytl="473.84" xbr="1920.00" ybr="931.74" z_order="0">
      <attribute name="Adipose Clipped">No</attribute>
      <attribute name="Confidence Level">3</attribute>
      <attribute name="Injury">No</attribute>
      <attribute name="Notes"></attribute>
      <attribute name="Sex">Female</attribute>
      <attribute name="View">Side</attribute>
    </box>
    <box frame="130" outside="0" occluded="1" keyframe="1" xtl="1872.30" ytl="472.80" xbr="1920.00" ybr="930.70" z_order="0">
      <attribute name="Adipose Clipped">No</attribute>
      <attribute name="Confidence Level">3</attribute>
      <attribute name="Injury">No</attribute>
      <attribute name="Notes"></attribute>
      <attribute name="Sex">Female</attribute>
      <attribute name="View">Side</attribute>
    </box>
    <box frame="131" outside="0" occluded="1" keyframe="1" xtl="1872.30" ytl="472.80" xbr="1920.00" ybr="930.70" z_order="0">
      <attribute name="Adipose Clipped">No</attribute>
      <attribute name="Confidence Level">3</attribute>
      <attribute name="Injury">No</attribute>
      <attribute name="Notes"></attribute>
      <attribute name="Sex">Female</attribute>
      <attribute name="View">Side</attribute>
    </box>
    <box frame="132" outside="0" occluded="1" keyframe="0" xtl="1833.95" ytl="472.80" xbr="1920.00" ybr="899.60" z_order="0">
      <attribute name="Adipose Clipped">No</attribute>
      <attribute name="Confidence Level">3</attribute>
      <attribute name="Injury">No</attribute>
      <attribute name="Notes"></attribute>
      <attribute name="Sex">Female</attribute>
      <attribute name="View">Side</attribute>
    </box>
    <box frame="133" outside="0" occluded="1" keyframe="1" xtl="1795.60" ytl="472.80" xbr="1920.00" ybr="868.50" z_order="0">
      <attribute name="Adipose Clipped">No</attribute>
      <attribute name="Confidence Level">3</attribute>
      <attribute name="Injury">No</attribute>
      <attribute name="Notes"></attribute>
      <attribute name="Sex">Female</attribute>
      <attribute name="View">Side</attribute>
    </box>
    <box frame="134" outside="0" occluded="1" keyframe="0" xtl="1813.22" ytl="472.80" xbr="1920.00" ybr="868.50" z_order="0">
      <attribute name="Adipose Clipped">No</attribute>
      <attribute name="Confidence Level">3</attribute>
      <attribute name="Injury">No</attribute>
      <attribute name="Notes"></attribute>
      <attribute name="Sex">Female</attribute>
      <attribute name="View">Side</attribute>
    </box>
    <box frame="135" outside="0" occluded="1" keyframe="1" xtl="1830.85" ytl="472.80" xbr="1920.00" ybr="868.50" z_order="0">
      <attribute name="Adipose Clipped">No</attribute>
      <attribute name="Confidence Level">3</attribute>
      <attribute name="Injury">No</attribute>
      <attribute name="Notes"></attribute>
      <attribute name="Sex">Female</attribute>
      <attribute name="View">Side</attribute>
    </box>
    <box frame="136" outside="0" occluded="1" keyframe="0" xtl="1844.33" ytl="471.76" xbr="1920.00" ybr="867.46" z_order="0">
      <attribute name="Adipose Clipped">No</attribute>
      <attribute name="Confidence Level">3</attribute>
      <attribute name="Injury">No</attribute>
      <attribute name="Notes"></attribute>
      <attribute name="Sex">Female</attribute>
      <attribute name="View">Side</attribute>
    </box>
    <box frame="137" outside="0" occluded="1" keyframe="1" xtl="1857.80" ytl="470.73" xbr="1920.00" ybr="866.43" z_order="0">
      <attribute name="Adipose Clipped">No</attribute>
      <attribute name="Confidence Level">3</attribute>
      <attribute name="Injury">No</attribute>
      <attribute name="Notes"></attribute>
      <attribute name="Sex">Female</attribute>
      <attribute name="View">Side</attribute>
    </box>
    <box frame="138" outside="0" occluded="1" keyframe="0" xtl="1857.80" ytl="470.73" xbr="1920.00" ybr="866.43" z_order="0">
      <attribute name="Adipose Clipped">No</attribute>
      <attribute name="Confidence Level">3</attribute>
      <attribute name="Injury">No</attribute>
      <attribute name="Notes"></attribute>
      <attribute name="Sex">Female</attribute>
      <attribute name="View">Side</attribute>
    </box>
    <box frame="139" outside="0" occluded="1" keyframe="0" xtl="1857.80" ytl="470.73" xbr="1920.00" ybr="866.43" z_order="0">
      <attribute name="Adipose Clipped">No</attribute>
      <attribute name="Confidence Level">3</attribute>
      <attribute name="Injury">No</attribute>
      <attribute name="Notes"></attribute>
      <attribute name="Sex">Female</attribute>
      <attribute name="View">Side</attribute>
    </box>
    <box frame="140" outside="0" occluded="1" keyframe="0" xtl="1857.80" ytl="470.73" xbr="1920.00" ybr="866.43" z_order="0">
      <attribute name="Adipose Clipped">No</attribute>
      <attribute name="Confidence Level">3</attribute>
      <attribute name="Injury">No</attribute>
      <attribute name="Notes"></attribute>
      <attribute name="Sex">Female</attribute>
      <attribute name="View">Side</attribute>
    </box>
    <box frame="141" outside="1" occluded="1" keyframe="1" xtl="1857.80" ytl="470.73" xbr="1920.00" ybr="866.43" z_order="0">
      <attribute name="Adipose Clipped">No</attribute>
      <attribute name="Confidence Level">3</attribute>
      <attribute name="Injury">No</attribute>
      <attribute name="Notes"></attribute>
      <attribute name="Sex">Female</attribute>
      <attribute name="View">Side</attribute>
    </box>
  </track>
</annotations>