<?xml version="1.0" encoding="utf-8"?>
<annotations>
  <version>1.1</version>
  <meta>
    <task>
      <id>318</id>
      <name>09-18-2020 19-44-04 M Salmon Camera</name>
      <size>655</size>
      <mode>interpolation</mode>
      <overlap>5</overlap>
      <bugtracker></bugtracker>
      <created>2022-01-08 00:45:40.346130+00:00</created>
      <updated>2022-01-08 00:49:31.760781+00:00</updated>
      <subset>default</subset>
      <start_frame>0</start_frame>
      <stop_frame>654</stop_frame>
      <frame_filter></frame_filter>
      <segments>
        <segment>
          <id>307</id>
          <start>0</start>
          <stop>654</stop>
          <url>httplocalhost:8080/?id=307</url>
        </segment>
      </segments>
      <owner>
        <username>scurfield</username>
        <email>dan.scurfield@gmail.com</email>
      </owner>
      <assignee></assignee>
      <labels>
        <label>
          <name>Coho</name>
          <color>#83e070</color>
          <attributes>
            <attribute>
              <name>Adipose Clipped</name>
              <mutable>False</mutable>
              <input_type>select</input_type>
              <default_value>No</default_value>
              <values>No
Yes
NA</values>
            </attribute>
            <attribute>
              <name>confidence level</name>
              <mutable>False</mutable>
              <input_type>select</input_type>
              <default_value>3</default_value>
              <values>3
2
1</values>
            </attribute>
            <attribute>
              <name>injury</name>
              <mutable>False</mutable>
              <input_type>select</input_type>
              <default_value>No</default_value>
              <values>No
Yes
NA</values>
            </attribute>
            <attribute>
              <name>notes</name>
              <mutable>False</mutable>
              <input_type>text</input_type>
              <default_value>NA</default_value>
              <values>NA</values>
            </attribute>
            <attribute>
              <name>sex</name>
              <mutable>False</mutable>
              <input_type>select</input_type>
              <default_value>Male</default_value>
              <values>Male
Female
Jack</values>
            </attribute>
            <attribute>
              <name>view</name>
              <mutable>False</mutable>
              <input_type>select</input_type>
              <default_value>Side</default_value>
              <values>Side
Top-down</values>
            </attribute>
          </attributes>
        </label>
        <label>
          <name>Bull</name>
          <color>#20c000</color>
          <attributes>
            <attribute>
              <name>adipose clipped</name>
              <mutable>False</mutable>
              <input_type>select</input_type>
              <default_value>No</default_value>
              <values>No
NA</values>
            </attribute>
            <attribute>
              <name>confidence level</name>
              <mutable>False</mutable>
              <input_type>select</input_type>
              <default_value>3</default_value>
              <values>3
2
1</values>
            </attribute>
            <attribute>
              <name>injury</name>
              <mutable>False</mutable>
              <input_type>select</input_type>
              <default_value>No</default_value>
              <values>No
Yes
NA</values>
            </attribute>
            <attribute>
              <name>notes</name>
              <mutable>False</mutable>
              <input_type>text</input_type>
              <default_value>NA</default_value>
              <values>NA</values>
            </attribute>
            <attribute>
              <name>sex</name>
              <mutable>False</mutable>
              <input_type>select</input_type>
              <default_value>NA</default_value>
              <values>NA</values>
            </attribute>
            <attribute>
              <name>view</name>
              <mutable>False</mutable>
              <input_type>select</input_type>
              <default_value>Side</default_value>
              <values>Side
Top-down</values>
            </attribute>
          </attributes>
        </label>
        <label>
          <name>Chum</name>
          <color>#b83df5</color>
          <attributes>
            <attribute>
              <name>view</name>
              <mutable>False</mutable>
              <input_type>select</input_type>
              <default_value>Side</default_value>
              <values>Side
Top-down</values>
            </attribute>
            <attribute>
              <name>injury</name>
              <mutable>False</mutable>
              <input_type>select</input_type>
              <default_value>No</default_value>
              <values>No
Yes
NA</values>
            </attribute>
            <attribute>
              <name>adipose clipped</name>
              <mutable>False</mutable>
              <input_type>select</input_type>
              <default_value>No</default_value>
              <values>No
Yes
NA</values>
            </attribute>
            <attribute>
              <name>notes</name>
              <mutable>False</mutable>
              <input_type>text</input_type>
              <default_value>NA</default_value>
              <values>NA</values>
            </attribute>
            <attribute>
              <name>sex</name>
              <mutable>False</mutable>
              <input_type>select</input_type>
              <default_value>Male</default_value>
              <values>Male
Female</values>
            </attribute>
            <attribute>
              <name>confidence level</name>
              <mutable>False</mutable>
              <input_type>select</input_type>
              <default_value>3</default_value>
              <values>3
2
1</values>
            </attribute>
          </attributes>
        </label>
        <label>
          <name>Whitefish</name>
          <color>#e5e3ee</color>
          <attributes>
            <attribute>
              <name>adipose clipped</name>
              <mutable>False</mutable>
              <input_type>select</input_type>
              <default_value>No</default_value>
              <values>No
Yes
NA</values>
            </attribute>
            <attribute>
              <name>confidence level</name>
              <mutable>False</mutable>
              <input_type>select</input_type>
              <default_value>3</default_value>
              <values>3
2
1</values>
            </attribute>
            <attribute>
              <name>injury</name>
              <mutable>False</mutable>
              <input_type>select</input_type>
              <default_value>No</default_value>
              <values>No
Yes
NA</values>
            </attribute>
            <attribute>
              <name>notes</name>
              <mutable>False</mutable>
              <input_type>text</input_type>
              <default_value>NA</default_value>
              <values>NA</values>
            </attribute>
            <attribute>
              <name>sex</name>
              <mutable>False</mutable>
              <input_type>select</input_type>
              <default_value>NA</default_value>
              <values>NA</values>
            </attribute>
            <attribute>
              <name>view</name>
              <mutable>False</mutable>
              <input_type>select</input_type>
              <default_value>Side</default_value>
              <values>Side
Top-down</values>
            </attribute>
          </attributes>
        </label>
        <label>
          <name>Pink</name>
          <color>#fa7dbb</color>
          <attributes>
            <attribute>
              <name>confidence level</name>
              <mutable>False</mutable>
              <input_type>select</input_type>
              <default_value>3</default_value>
              <values>3
2
1</values>
            </attribute>
            <attribute>
              <name>injury</name>
              <mutable>False</mutable>
              <input_type>select</input_type>
              <default_value>No</default_value>
              <values>No
Yes
NA</values>
            </attribute>
            <attribute>
              <name>notes</name>
              <mutable>False</mutable>
              <input_type>text</input_type>
              <default_value>NA</default_value>
              <values>NA</values>
            </attribute>
            <attribute>
              <name>sex</name>
              <mutable>False</mutable>
              <input_type>select</input_type>
              <default_value>Male</default_value>
              <values>Male
Female</values>
            </attribute>
            <attribute>
              <name>view</name>
              <mutable>False</mutable>
              <input_type>select</input_type>
              <default_value>Side</default_value>
              <values>Side
Top-down</values>
            </attribute>
            <attribute>
              <name>adipose clipped</name>
              <mutable>False</mutable>
              <input_type>select</input_type>
              <default_value>No</default_value>
              <values>No
Yes
NA</values>
            </attribute>
          </attributes>
        </label>
        <label>
          <name>Sockeye</name>
          <color>#fa3253</color>
          <attributes>
            <attribute>
              <name>sex</name>
              <mutable>False</mutable>
              <input_type>select</input_type>
              <default_value>Male</default_value>
              <values>Male
Female
Jack</values>
            </attribute>
            <attribute>
              <name>view</name>
              <mutable>False</mutable>
              <input_type>select</input_type>
              <default_value>Side</default_value>
              <values>Side
Top-down</values>
            </attribute>
            <attribute>
              <name>adipose clipped</name>
              <mutable>False</mutable>
              <input_type>select</input_type>
              <default_value>No</default_value>
              <values>No
Yes
NA</values>
            </attribute>
            <attribute>
              <name>confidence level</name>
              <mutable>False</mutable>
              <input_type>select</input_type>
              <default_value>3</default_value>
              <values>3
2
1</values>
            </attribute>
            <attribute>
              <name>injury</name>
              <mutable>False</mutable>
              <input_type>select</input_type>
              <default_value>No</default_value>
              <values>No
Yes
NA</values>
            </attribute>
            <attribute>
              <name>notes</name>
              <mutable>False</mutable>
              <input_type>text</input_type>
              <default_value>NA</default_value>
              <values>NA</values>
            </attribute>
          </attributes>
        </label>
        <label>
          <name>Steelhead</name>
          <color>#32b7fa</color>
          <attributes>
            <attribute>
              <name>confidence level</name>
              <mutable>False</mutable>
              <input_type>select</input_type>
              <default_value>3</default_value>
              <values>3
2
1</values>
            </attribute>
            <attribute>
              <name>injury</name>
              <mutable>False</mutable>
              <input_type>select</input_type>
              <default_value>No</default_value>
              <values>No
Yes
NA</values>
            </attribute>
            <attribute>
              <name>notes</name>
              <mutable>False</mutable>
              <input_type>text</input_type>
              <default_value>NA</default_value>
              <values>NA</values>
            </attribute>
            <attribute>
              <name>sex</name>
              <mutable>False</mutable>
              <input_type>select</input_type>
              <default_value>Male</default_value>
              <values>Male
Female</values>
            </attribute>
            <attribute>
              <name>view</name>
              <mutable>False</mutable>
              <input_type>select</input_type>
              <default_value>Side</default_value>
              <values>Side
Top-down</values>
            </attribute>
            <attribute>
              <name>adipose clipped</name>
              <mutable>False</mutable>
              <input_type>select</input_type>
              <default_value>No</default_value>
              <values>No
Yes
NA</values>
            </attribute>
          </attributes>
        </label>
        <label>
          <name>Rainbow</name>
          <color>#f1c6e3</color>
          <attributes>
            <attribute>
              <name>injury</name>
              <mutable>False</mutable>
              <input_type>select</input_type>
              <default_value>No</default_value>
              <values>No
Yes
NA</values>
            </attribute>
            <attribute>
              <name>notes</name>
              <mutable>False</mutable>
              <input_type>text</input_type>
              <default_value>NA</default_value>
              <values>NA</values>
            </attribute>
            <attribute>
              <name>view</name>
              <mutable>False</mutable>
              <input_type>select</input_type>
              <default_value>Side</default_value>
              <values>Side
Top-down</values>
            </attribute>
            <attribute>
              <name>sex</name>
              <mutable>False</mutable>
              <input_type>select</input_type>
              <default_value>NA</default_value>
              <values>NA
Juvenile</values>
            </attribute>
            <attribute>
              <name>adipose clipped</name>
              <mutable>False</mutable>
              <input_type>select</input_type>
              <default_value>No</default_value>
              <values>No
Yes
NA</values>
            </attribute>
            <attribute>
              <name>confidence level</name>
              <mutable>False</mutable>
              <input_type>select</input_type>
              <default_value>3</default_value>
              <values>3
2
1</values>
            </attribute>
          </attributes>
        </label>
        <label>
          <name>Chinook</name>
          <color>#2a7dd1</color>
          <attributes>
            <attribute>
              <name>adipose clipped</name>
              <mutable>False</mutable>
              <input_type>select</input_type>
              <default_value>No</default_value>
              <values>No
Yes
NA</values>
            </attribute>
            <attribute>
              <name>confidence level</name>
              <mutable>False</mutable>
              <input_type>select</input_type>
              <default_value>3</default_value>
              <values>3
2
1</values>
            </attribute>
            <attribute>
              <name>injury</name>
              <mutable>False</mutable>
              <input_type>select</input_type>
              <default_value>No</default_value>
              <values>No
Yes
NA</values>
            </attribute>
            <attribute>
              <name>notes</name>
              <mutable>False</mutable>
              <input_type>text</input_type>
              <default_value>NA</default_value>
              <values>NA</values>
            </attribute>
            <attribute>
              <name>sex</name>
              <mutable>False</mutable>
              <input_type>select</input_type>
              <default_value>Male</default_value>
              <values>Male
Female
Jack</values>
            </attribute>
            <attribute>
              <name>view</name>
              <mutable>False</mutable>
              <input_type>select</input_type>
              <default_value>Side</default_value>
              <values>Side
Top-down</values>
            </attribute>
          </attributes>
        </label>
        <label>
          <name>Pikeminnow</name>
          <color>#ecc49c</color>
          <attributes>
            <attribute>
              <name>confidence level</name>
              <mutable>False</mutable>
              <input_type>select</input_type>
              <default_value>3</default_value>
              <values>3
2
1</values>
            </attribute>
            <attribute>
              <name>notes</name>
              <mutable>False</mutable>
              <input_type>text</input_type>
              <default_value>NA</default_value>
              <values>NA</values>
            </attribute>
          </attributes>
        </label>
        <label>
          <name>Shiner</name>
          <color>#8c78f0</color>
          <attributes>
            <attribute>
              <name>confidence level</name>
              <mutable>False</mutable>
              <input_type>select</input_type>
              <default_value>3</default_value>
              <values>3
2
1</values>
            </attribute>
            <attribute>
              <name>notes</name>
              <mutable>False</mutable>
              <input_type>text</input_type>
              <default_value>NA</default_value>
              <values>NA</values>
            </attribute>
          </attributes>
        </label>
        <label>
          <name>Lampray</name>
          <color>#2e2930</color>
          <attributes>
            <attribute>
              <name>confidence level</name>
              <mutable>False</mutable>
              <input_type>select</input_type>
              <default_value>3</default_value>
              <values>3
2
1</values>
            </attribute>
            <attribute>
              <name>notes</name>
              <mutable>False</mutable>
              <input_type>text</input_type>
              <default_value>NA</default_value>
              <values>NA</values>
            </attribute>
          </attributes>
        </label>
        <label>
          <name>Cutthroat</name>
          <color>#cc9933</color>
          <attributes>
            <attribute>
              <name>adipose clipped</name>
              <mutable>False</mutable>
              <input_type>select</input_type>
              <default_value>No</default_value>
              <values>No
Yes
NA</values>
            </attribute>
            <attribute>
              <name>confidence level</name>
              <mutable>False</mutable>
              <input_type>select</input_type>
              <default_value>3</default_value>
              <values>3
2
1</values>
            </attribute>
            <attribute>
              <name>injury</name>
              <mutable>False</mutable>
              <input_type>select</input_type>
              <default_value>No</default_value>
              <values>No
Yes
NA</values>
            </attribute>
            <attribute>
              <name>notes</name>
              <mutable>False</mutable>
              <input_type>text</input_type>
              <default_value>NA</default_value>
              <values>NA</values>
            </attribute>
            <attribute>
              <name>sex</name>
              <mutable>False</mutable>
              <input_type>select</input_type>
              <default_value>NA</default_value>
              <values>NA
Juvenile</values>
            </attribute>
            <attribute>
              <name>view</name>
              <mutable>False</mutable>
              <input_type>select</input_type>
              <default_value>Side</default_value>
              <values>Side
Top-down</values>
            </attribute>
          </attributes>
        </label>
      </labels>
      <original_size>
        <width>1920</width>
        <height>1080</height>
      </original_size>
    </task>
    <dumped>2022-01-08 00:49:39.493248+00:00</dumped>
    <source>09-18-2020 19-44-04 M Salmon Camera.m4v</source>
  </meta>
  <track id="0" label="Rainbow" source="manual">
    <box frame="79" outside="0" occluded="1" keyframe="1" xtl="0.00" ytl="727.06" xbr="23.34" ybr="817.22" z_order="0">
      <attribute name="adipose clipped">No</attribute>
      <attribute name="confidence level">1</attribute>
      <attribute name="injury">No</attribute>
      <attribute name="notes">NA</attribute>
      <attribute name="sex">NA</attribute>
      <attribute name="view">Side</attribute>
    </box>
    <box frame="80" outside="0" occluded="1" keyframe="0" xtl="0.00" ytl="718.21" xbr="53.89" ybr="819.22" z_order="0">
      <attribute name="adipose clipped">No</attribute>
      <attribute name="confidence level">1</attribute>
      <attribute name="injury">No</attribute>
      <attribute name="notes">NA</attribute>
      <attribute name="sex">NA</attribute>
      <attribute name="view">Side</attribute>
    </box>
    <box frame="81" outside="0" occluded="1" keyframe="0" xtl="0.00" ytl="709.36" xbr="84.44" ybr="821.22" z_order="0">
      <attribute name="adipose clipped">No</attribute>
      <attribute name="confidence level">1</attribute>
      <attribute name="injury">No</attribute>
      <attribute name="notes">NA</attribute>
      <attribute name="sex">NA</attribute>
      <attribute name="view">Side</attribute>
    </box>
    <box frame="82" outside="0" occluded="1" keyframe="0" xtl="0.00" ytl="700.50" xbr="114.99" ybr="823.23" z_order="0">
      <attribute name="adipose clipped">No</attribute>
      <attribute name="confidence level">1</attribute>
      <attribute name="injury">No</attribute>
      <attribute name="notes">NA</attribute>
      <attribute name="sex">NA</attribute>
      <attribute name="view">Side</attribute>
    </box>
    <box frame="83" outside="0" occluded="1" keyframe="0" xtl="0.00" ytl="691.65" xbr="145.55" ybr="825.23" z_order="0">
      <attribute name="adipose clipped">No</attribute>
      <attribute name="confidence level">1</attribute>
      <attribute name="injury">No</attribute>
      <attribute name="notes">NA</attribute>
      <attribute name="sex">NA</attribute>
      <attribute name="view">Side</attribute>
    </box>
    <box frame="84" outside="0" occluded="1" keyframe="0" xtl="0.00" ytl="682.80" xbr="176.10" ybr="827.23" z_order="0">
      <attribute name="adipose clipped">No</attribute>
      <attribute name="confidence level">1</attribute>
      <attribute name="injury">No</attribute>
      <attribute name="notes">NA</attribute>
      <attribute name="sex">NA</attribute>
      <attribute name="view">Side</attribute>
    </box>
    <box frame="85" outside="0" occluded="1" keyframe="0" xtl="0.00" ytl="673.94" xbr="206.65" ybr="829.24" z_order="0">
      <attribute name="adipose clipped">No</attribute>
      <attribute name="confidence level">1</attribute>
      <attribute name="injury">No</attribute>
      <attribute name="notes">NA</attribute>
      <attribute name="sex">NA</attribute>
      <attribute name="view">Side</attribute>
    </box>
    <box frame="86" outside="0" occluded="1" keyframe="0" xtl="0.00" ytl="665.09" xbr="237.20" ybr="831.24" z_order="0">
      <attribute name="adipose clipped">No</attribute>
      <attribute name="confidence level">1</attribute>
      <attribute name="injury">No</attribute>
      <attribute name="notes">NA</attribute>
      <attribute name="sex">NA</attribute>
      <attribute name="view">Side</attribute>
    </box>
    <box frame="87" outside="0" occluded="1" keyframe="0" xtl="0.00" ytl="656.24" xbr="267.75" ybr="833.24" z_order="0">
      <attribute name="adipose clipped">No</attribute>
      <attribute name="confidence level">1</attribute>
      <attribute name="injury">No</attribute>
      <attribute name="notes">NA</attribute>
      <attribute name="sex">NA</attribute>
      <attribute name="view">Side</attribute>
    </box>
    <box frame="88" outside="0" occluded="1" keyframe="0" xtl="0.00" ytl="647.39" xbr="298.31" ybr="835.25" z_order="0">
      <attribute name="adipose clipped">No</attribute>
      <attribute name="confidence level">1</attribute>
      <attribute name="injury">No</attribute>
      <attribute name="notes">NA</attribute>
      <attribute name="sex">NA</attribute>
      <attribute name="view">Side</attribute>
    </box>
    <box frame="89" outside="0" occluded="0" keyframe="1" xtl="0.00" ytl="638.53" xbr="328.86" ybr="837.25" z_order="0">
      <attribute name="adipose clipped">No</attribute>
      <attribute name="confidence level">1</attribute>
      <attribute name="injury">No</attribute>
      <attribute name="notes">NA</attribute>
      <attribute name="sex">NA</attribute>
      <attribute name="view">Side</attribute>
    </box>
    <box frame="90" outside="0" occluded="0" keyframe="0" xtl="0.00" ytl="636.70" xbr="363.08" ybr="837.92" z_order="0">
      <attribute name="adipose clipped">No</attribute>
      <attribute name="confidence level">1</attribute>
      <attribute name="injury">No</attribute>
      <attribute name="notes">NA</attribute>
      <attribute name="sex">NA</attribute>
      <attribute name="view">Side</attribute>
    </box>
    <box frame="91" outside="0" occluded="0" keyframe="0" xtl="0.00" ytl="634.86" xbr="397.31" ybr="838.58" z_order="0">
      <attribute name="adipose clipped">No</attribute>
      <attribute name="confidence level">1</attribute>
      <attribute name="injury">No</attribute>
      <attribute name="notes">NA</attribute>
      <attribute name="sex">NA</attribute>
      <attribute name="view">Side</attribute>
    </box>
    <box frame="92" outside="0" occluded="0" keyframe="0" xtl="0.00" ytl="633.02" xbr="431.53" ybr="839.25" z_order="0">
      <attribute name="adipose clipped">No</attribute>
      <attribute name="confidence level">1</attribute>
      <attribute name="injury">No</attribute>
      <attribute name="notes">NA</attribute>
      <attribute name="sex">NA</attribute>
      <attribute name="view">Side</attribute>
    </box>
    <box frame="93" outside="0" occluded="0" keyframe="0" xtl="0.00" ytl="631.19" xbr="465.75" ybr="839.91" z_order="0">
      <attribute name="adipose clipped">No</attribute>
      <attribute name="confidence level">1</attribute>
      <attribute name="injury">No</attribute>
      <attribute name="notes">NA</attribute>
      <attribute name="sex">NA</attribute>
      <attribute name="view">Side</attribute>
    </box>
    <box frame="94" outside="0" occluded="0" keyframe="1" xtl="0.00" ytl="629.35" xbr="499.98" ybr="840.58" z_order="0">
      <attribute name="adipose clipped">No</attribute>
      <attribute name="confidence level">1</attribute>
      <attribute name="injury">No</attribute>
      <attribute name="notes">NA</attribute>
      <attribute name="sex">NA</attribute>
      <attribute name="view">Side</attribute>
    </box>
    <box frame="95" outside="0" occluded="0" keyframe="0" xtl="19.70" ytl="627.52" xbr="534.20" ybr="841.24" z_order="0">
      <attribute name="adipose clipped">No</attribute>
      <attribute name="confidence level">1</attribute>
      <attribute name="injury">No</attribute>
      <attribute name="notes">NA</attribute>
      <attribute name="sex">NA</attribute>
      <attribute name="view">Side</attribute>
    </box>
    <box frame="96" outside="0" occluded="0" keyframe="0" xtl="39.40" ytl="625.68" xbr="568.43" ybr="841.91" z_order="0">
      <attribute name="adipose clipped">No</attribute>
      <attribute name="confidence level">1</attribute>
      <attribute name="injury">No</attribute>
      <attribute name="notes">NA</attribute>
      <attribute name="sex">NA</attribute>
      <attribute name="view">Side</attribute>
    </box>
    <box frame="97" outside="0" occluded="0" keyframe="0" xtl="59.10" ytl="623.84" xbr="602.65" ybr="842.57" z_order="0">
      <attribute name="adipose clipped">No</attribute>
      <attribute name="confidence level">1</attribute>
      <attribute name="injury">No</attribute>
      <attribute name="notes">NA</attribute>
      <attribute name="sex">NA</attribute>
      <attribute name="view">Side</attribute>
    </box>
    <box frame="98" outside="0" occluded="0" keyframe="0" xtl="78.80" ytl="622.01" xbr="636.88" ybr="843.24" z_order="0">
      <attribute name="adipose clipped">No</attribute>
      <attribute name="confidence level">1</attribute>
      <attribute name="injury">No</attribute>
      <attribute name="notes">NA</attribute>
      <attribute name="sex">NA</attribute>
      <attribute name="view">Side</attribute>
    </box>
    <box frame="99" outside="0" occluded="0" keyframe="1" xtl="98.50" ytl="620.17" xbr="671.10" ybr="843.90" z_order="0">
      <attribute name="adipose clipped">No</attribute>
      <attribute name="confidence level">1</attribute>
      <attribute name="injury">No</attribute>
      <attribute name="notes">NA</attribute>
      <attribute name="sex">NA</attribute>
      <attribute name="view">Side</attribute>
    </box>
    <box frame="100" outside="0" occluded="0" keyframe="0" xtl="136.90" ytl="620.34" xbr="716.01" ybr="843.90" z_order="0">
      <attribute name="adipose clipped">No</attribute>
      <attribute name="confidence level">1</attribute>
      <attribute name="injury">No</attribute>
      <attribute name="notes">NA</attribute>
      <attribute name="sex">NA</attribute>
      <attribute name="view">Side</attribute>
    </box>
    <box frame="101" outside="0" occluded="0" keyframe="0" xtl="175.30" ytl="620.50" xbr="760.92" ybr="843.90" z_order="0">
      <attribute name="adipose clipped">No</attribute>
      <attribute name="confidence level">1</attribute>
      <attribute name="injury">No</attribute>
      <attribute name="notes">NA</attribute>
      <attribute name="sex">NA</attribute>
      <attribute name="view">Side</attribute>
    </box>
    <box frame="102" outside="0" occluded="0" keyframe="0" xtl="213.70" ytl="620.67" xbr="805.83" ybr="843.90" z_order="0">
      <attribute name="adipose clipped">No</attribute>
      <attribute name="confidence level">1</attribute>
      <attribute name="injury">No</attribute>
      <attribute name="notes">NA</attribute>
      <attribute name="sex">NA</attribute>
      <attribute name="view">Side</attribute>
    </box>
    <box frame="103" outside="0" occluded="0" keyframe="0" xtl="252.10" ytl="620.84" xbr="850.74" ybr="843.90" z_order="0">
      <attribute name="adipose clipped">No</attribute>
      <attribute name="confidence level">1</attribute>
      <attribute name="injury">No</attribute>
      <attribute name="notes">NA</attribute>
      <attribute name="sex">NA</attribute>
      <attribute name="view">Side</attribute>
    </box>
    <box frame="104" outside="0" occluded="0" keyframe="0" xtl="290.50" ytl="621.00" xbr="895.65" ybr="843.90" z_order="0">
      <attribute name="adipose clipped">No</attribute>
      <attribute name="confidence level">1</attribute>
      <attribute name="injury">No</attribute>
      <attribute name="notes">NA</attribute>
      <attribute name="sex">NA</attribute>
      <attribute name="view">Side</attribute>
    </box>
    <box frame="105" outside="0" occluded="0" keyframe="0" xtl="328.90" ytl="621.17" xbr="940.56" ybr="843.90" z_order="0">
      <attribute name="adipose clipped">No</attribute>
      <attribute name="confidence level">1</attribute>
      <attribute name="injury">No</attribute>
      <attribute name="notes">NA</attribute>
      <attribute name="sex">NA</attribute>
      <attribute name="view">Side</attribute>
    </box>
    <box frame="106" outside="0" occluded="0" keyframe="0" xtl="367.30" ytl="621.34" xbr="985.47" ybr="843.90" z_order="0">
      <attribute name="adipose clipped">No</attribute>
      <attribute name="confidence level">1</attribute>
      <attribute name="injury">No</attribute>
      <attribute name="notes">NA</attribute>
      <attribute name="sex">NA</attribute>
      <attribute name="view">Side</attribute>
    </box>
    <box frame="107" outside="0" occluded="0" keyframe="0" xtl="405.70" ytl="621.50" xbr="1030.38" ybr="843.90" z_order="0">
      <attribute name="adipose clipped">No</attribute>
      <attribute name="confidence level">1</attribute>
      <attribute name="injury">No</attribute>
      <attribute name="notes">NA</attribute>
      <attribute name="sex">NA</attribute>
      <attribute name="view">Side</attribute>
    </box>
    <box frame="108" outside="0" occluded="0" keyframe="0" xtl="444.10" ytl="621.67" xbr="1075.29" ybr="843.90" z_order="0">
      <attribute name="adipose clipped">No</attribute>
      <attribute name="confidence level">1</attribute>
      <attribute name="injury">No</attribute>
      <attribute name="notes">NA</attribute>
      <attribute name="sex">NA</attribute>
      <attribute name="view">Side</attribute>
    </box>
    <box frame="109" outside="0" occluded="0" keyframe="1" xtl="482.50" ytl="621.84" xbr="1120.20" ybr="843.90" z_order="0">
      <attribute name="adipose clipped">No</attribute>
      <attribute name="confidence level">1</attribute>
      <attribute name="injury">No</attribute>
      <attribute name="notes">NA</attribute>
      <attribute name="sex">NA</attribute>
      <attribute name="view">Side</attribute>
    </box>
    <box frame="110" outside="0" occluded="0" keyframe="0" xtl="529.25" ytl="621.67" xbr="1160.60" ybr="843.73" z_order="0">
      <attribute name="adipose clipped">No</attribute>
      <attribute name="confidence level">1</attribute>
      <attribute name="injury">No</attribute>
      <attribute name="notes">NA</attribute>
      <attribute name="sex">NA</attribute>
      <attribute name="view">Side</attribute>
    </box>
    <box frame="111" outside="0" occluded="0" keyframe="0" xtl="576.00" ytl="621.50" xbr="1201.00" ybr="843.57" z_order="0">
      <attribute name="adipose clipped">No</attribute>
      <attribute name="confidence level">1</attribute>
      <attribute name="injury">No</attribute>
      <attribute name="notes">NA</attribute>
      <attribute name="sex">NA</attribute>
      <attribute name="view">Side</attribute>
    </box>
    <box frame="112" outside="0" occluded="0" keyframe="0" xtl="622.75" ytl="621.34" xbr="1241.40" ybr="843.40" z_order="0">
      <attribute name="adipose clipped">No</attribute>
      <attribute name="confidence level">1</attribute>
      <attribute name="injury">No</attribute>
      <attribute name="notes">NA</attribute>
      <attribute name="sex">NA</attribute>
      <attribute name="view">Side</attribute>
    </box>
    <box frame="113" outside="0" occluded="0" keyframe="0" xtl="669.50" ytl="621.17" xbr="1281.80" ybr="843.23" z_order="0">
      <attribute name="adipose clipped">No</attribute>
      <attribute name="confidence level">1</attribute>
      <attribute name="injury">No</attribute>
      <attribute name="notes">NA</attribute>
      <attribute name="sex">NA</attribute>
      <attribute name="view">Side</attribute>
    </box>
    <box frame="114" outside="0" occluded="0" keyframe="0" xtl="716.24" ytl="621.00" xbr="1322.20" ybr="843.07" z_order="0">
      <attribute name="adipose clipped">No</attribute>
      <attribute name="confidence level">1</attribute>
      <attribute name="injury">No</attribute>
      <attribute name="notes">NA</attribute>
      <attribute name="sex">NA</attribute>
      <attribute name="view">Side</attribute>
    </box>
    <box frame="115" outside="0" occluded="0" keyframe="0" xtl="762.99" ytl="620.84" xbr="1362.60" ybr="842.90" z_order="0">
      <attribute name="adipose clipped">No</attribute>
      <attribute name="confidence level">1</attribute>
      <attribute name="injury">No</attribute>
      <attribute name="notes">NA</attribute>
      <attribute name="sex">NA</attribute>
      <attribute name="view">Side</attribute>
    </box>
    <box frame="116" outside="0" occluded="0" keyframe="0" xtl="809.74" ytl="620.67" xbr="1403.00" ybr="842.73" z_order="0">
      <attribute name="adipose clipped">No</attribute>
      <attribute name="confidence level">1</attribute>
      <attribute name="injury">No</attribute>
      <attribute name="notes">NA</attribute>
      <attribute name="sex">NA</attribute>
      <attribute name="view">Side</attribute>
    </box>
    <box frame="117" outside="0" occluded="0" keyframe="0" xtl="856.49" ytl="620.50" xbr="1443.40" ybr="842.56" z_order="0">
      <attribute name="adipose clipped">No</attribute>
      <attribute name="confidence level">1</attribute>
      <attribute name="injury">No</attribute>
      <attribute name="notes">NA</attribute>
      <attribute name="sex">NA</attribute>
      <attribute name="view">Side</attribute>
    </box>
    <box frame="118" outside="0" occluded="0" keyframe="0" xtl="903.24" ytl="620.34" xbr="1483.80" ybr="842.40" z_order="0">
      <attribute name="adipose clipped">No</attribute>
      <attribute name="confidence level">1</attribute>
      <attribute name="injury">No</attribute>
      <attribute name="notes">NA</attribute>
      <attribute name="sex">NA</attribute>
      <attribute name="view">Side</attribute>
    </box>
    <box frame="119" outside="0" occluded="0" keyframe="1" xtl="949.98" ytl="620.17" xbr="1524.20" ybr="842.23" z_order="0">
      <attribute name="adipose clipped">No</attribute>
      <attribute name="confidence level">1</attribute>
      <attribute name="injury">No</attribute>
      <attribute name="notes">NA</attribute>
      <attribute name="sex">NA</attribute>
      <attribute name="view">Side</attribute>
    </box>
    <box frame="120" outside="0" occluded="0" keyframe="0" xtl="997.57" ytl="621.34" xbr="1557.76" ybr="839.22" z_order="0">
      <attribute name="adipose clipped">No</attribute>
      <attribute name="confidence level">1</attribute>
      <attribute name="injury">No</attribute>
      <attribute name="notes">NA</attribute>
      <attribute name="sex">NA</attribute>
      <attribute name="view">Side</attribute>
    </box>
    <box frame="121" outside="0" occluded="0" keyframe="0" xtl="1045.15" ytl="622.52" xbr="1591.32" ybr="836.22" z_order="0">
      <attribute name="adipose clipped">No</attribute>
      <attribute name="confidence level">1</attribute>
      <attribute name="injury">No</attribute>
      <attribute name="notes">NA</attribute>
      <attribute name="sex">NA</attribute>
      <attribute name="view">Side</attribute>
    </box>
    <box frame="122" outside="0" occluded="0" keyframe="0" xtl="1092.73" ytl="623.69" xbr="1624.87" ybr="833.21" z_order="0">
      <attribute name="adipose clipped">No</attribute>
      <attribute name="confidence level">1</attribute>
      <attribute name="injury">No</attribute>
      <attribute name="notes">NA</attribute>
      <attribute name="sex">NA</attribute>
      <attribute name="view">Side</attribute>
    </box>
    <box frame="123" outside="0" occluded="0" keyframe="0" xtl="1140.31" ytl="624.86" xbr="1658.43" ybr="830.21" z_order="0">
      <attribute name="adipose clipped">No</attribute>
      <attribute name="confidence level">1</attribute>
      <attribute name="injury">No</attribute>
      <attribute name="notes">NA</attribute>
      <attribute name="sex">NA</attribute>
      <attribute name="view">Side</attribute>
    </box>
    <box frame="124" outside="0" occluded="0" keyframe="0" xtl="1187.89" ytl="626.03" xbr="1691.99" ybr="827.20" z_order="0">
      <attribute name="adipose clipped">No</attribute>
      <attribute name="confidence level">1</attribute>
      <attribute name="injury">No</attribute>
      <attribute name="notes">NA</attribute>
      <attribute name="sex">NA</attribute>
      <attribute name="view">Side</attribute>
    </box>
    <box frame="125" outside="0" occluded="0" keyframe="0" xtl="1235.47" ytl="627.21" xbr="1725.55" ybr="824.20" z_order="0">
      <attribute name="adipose clipped">No</attribute>
      <attribute name="confidence level">1</attribute>
      <attribute name="injury">No</attribute>
      <attribute name="notes">NA</attribute>
      <attribute name="sex">NA</attribute>
      <attribute name="view">Side</attribute>
    </box>
    <box frame="126" outside="0" occluded="0" keyframe="0" xtl="1283.06" ytl="628.38" xbr="1759.11" ybr="821.19" z_order="0">
      <attribute name="adipose clipped">No</attribute>
      <attribute name="confidence level">1</attribute>
      <attribute name="injury">No</attribute>
      <attribute name="notes">NA</attribute>
      <attribute name="sex">NA</attribute>
      <attribute name="view">Side</attribute>
    </box>
    <box frame="127" outside="0" occluded="0" keyframe="0" xtl="1330.64" ytl="629.55" xbr="1792.67" ybr="818.19" z_order="0">
      <attribute name="adipose clipped">No</attribute>
      <attribute name="confidence level">1</attribute>
      <attribute name="injury">No</attribute>
      <attribute name="notes">NA</attribute>
      <attribute name="sex">NA</attribute>
      <attribute name="view">Side</attribute>
    </box>
    <box frame="128" outside="0" occluded="0" keyframe="0" xtl="1378.22" ytl="630.73" xbr="1826.22" ybr="815.18" z_order="0">
      <attribute name="adipose clipped">No</attribute>
      <attribute name="confidence level">1</attribute>
      <attribute name="injury">No</attribute>
      <attribute name="notes">NA</attribute>
      <attribute name="sex">NA</attribute>
      <attribute name="view">Side</attribute>
    </box>
    <box frame="129" outside="0" occluded="0" keyframe="1" xtl="1425.80" ytl="631.90" xbr="1859.78" ybr="812.18" z_order="0">
      <attribute name="adipose clipped">No</attribute>
      <attribute name="confidence level">1</attribute>
      <attribute name="injury">No</attribute>
      <attribute name="notes">NA</attribute>
      <attribute name="sex">NA</attribute>
      <attribute name="view">Side</attribute>
    </box>
    <box frame="130" outside="0" occluded="0" keyframe="0" xtl="1463.03" ytl="630.90" xbr="1865.80" ybr="811.18" z_order="0">
      <attribute name="adipose clipped">No</attribute>
      <attribute name="confidence level">1</attribute>
      <attribute name="injury">No</attribute>
      <attribute name="notes">NA</attribute>
      <attribute name="sex">NA</attribute>
      <attribute name="view">Side</attribute>
    </box>
    <box frame="131" outside="0" occluded="0" keyframe="0" xtl="1500.26" ytl="629.90" xbr="1871.83" ybr="810.17" z_order="0">
      <attribute name="adipose clipped">No</attribute>
      <attribute name="confidence level">1</attribute>
      <attribute name="injury">No</attribute>
      <attribute name="notes">NA</attribute>
      <attribute name="sex">NA</attribute>
      <attribute name="view">Side</attribute>
    </box>
    <box frame="132" outside="0" occluded="0" keyframe="0" xtl="1537.49" ytl="628.89" xbr="1877.85" ybr="809.17" z_order="0">
      <attribute name="adipose clipped">No</attribute>
      <attribute name="confidence level">1</attribute>
      <attribute name="injury">No</attribute>
      <attribute name="notes">NA</attribute>
      <attribute name="sex">NA</attribute>
      <attribute name="view">Side</attribute>
    </box>
    <box frame="133" outside="0" occluded="0" keyframe="0" xtl="1574.72" ytl="627.89" xbr="1883.87" ybr="808.17" z_order="0">
      <attribute name="adipose clipped">No</attribute>
      <attribute name="confidence level">1</attribute>
      <attribute name="injury">No</attribute>
      <attribute name="notes">NA</attribute>
      <attribute name="sex">NA</attribute>
      <attribute name="view">Side</attribute>
    </box>
    <box frame="134" outside="0" occluded="0" keyframe="0" xtl="1611.96" ytl="626.89" xbr="1889.89" ybr="807.17" z_order="0">
      <attribute name="adipose clipped">No</attribute>
      <attribute name="confidence level">1</attribute>
      <attribute name="injury">No</attribute>
      <attribute name="notes">NA</attribute>
      <attribute name="sex">NA</attribute>
      <attribute name="view">Side</attribute>
    </box>
    <box frame="135" outside="0" occluded="0" keyframe="0" xtl="1649.19" ytl="625.89" xbr="1895.91" ybr="806.17" z_order="0">
      <attribute name="adipose clipped">No</attribute>
      <attribute name="confidence level">1</attribute>
      <attribute name="injury">No</attribute>
      <attribute name="notes">NA</attribute>
      <attribute name="sex">NA</attribute>
      <attribute name="view">Side</attribute>
    </box>
    <box frame="136" outside="0" occluded="0" keyframe="0" xtl="1686.42" ytl="624.89" xbr="1901.93" ybr="805.16" z_order="0">
      <attribute name="adipose clipped">No</attribute>
      <attribute name="confidence level">1</attribute>
      <attribute name="injury">No</attribute>
      <attribute name="notes">NA</attribute>
      <attribute name="sex">NA</attribute>
      <attribute name="view">Side</attribute>
    </box>
    <box frame="137" outside="0" occluded="0" keyframe="0" xtl="1723.65" ytl="623.89" xbr="1907.96" ybr="804.16" z_order="0">
      <attribute name="adipose clipped">No</attribute>
      <attribute name="confidence level">1</attribute>
      <attribute name="injury">No</attribute>
      <attribute name="notes">NA</attribute>
      <attribute name="sex">NA</attribute>
      <attribute name="view">Side</attribute>
    </box>
    <box frame="138" outside="0" occluded="0" keyframe="0" xtl="1760.88" ytl="622.88" xbr="1913.98" ybr="803.16" z_order="0">
      <attribute name="adipose clipped">No</attribute>
      <attribute name="confidence level">1</attribute>
      <attribute name="injury">No</attribute>
      <attribute name="notes">NA</attribute>
      <attribute name="sex">NA</attribute>
      <attribute name="view">Side</attribute>
    </box>
    <box frame="139" outside="0" occluded="1" keyframe="1" xtl="1798.11" ytl="621.88" xbr="1920.00" ybr="802.16" z_order="0">
      <attribute name="adipose clipped">No</attribute>
      <attribute name="confidence level">1</attribute>
      <attribute name="injury">No</attribute>
      <attribute name="notes">NA</attribute>
      <attribute name="sex">NA</attribute>
      <attribute name="view">Side</attribute>
    </box>
    <box frame="140" outside="0" occluded="1" keyframe="0" xtl="1829.28" ytl="621.33" xbr="1920.00" ybr="801.60" z_order="0">
      <attribute name="adipose clipped">No</attribute>
      <attribute name="confidence level">1</attribute>
      <attribute name="injury">No</attribute>
      <attribute name="notes">NA</attribute>
      <attribute name="sex">NA</attribute>
      <attribute name="view">Side</attribute>
    </box>
    <box frame="141" outside="0" occluded="1" keyframe="0" xtl="1860.44" ytl="620.77" xbr="1920.00" ybr="801.05" z_order="0">
      <attribute name="adipose clipped">No</attribute>
      <attribute name="confidence level">1</attribute>
      <attribute name="injury">No</attribute>
      <attribute name="notes">NA</attribute>
      <attribute name="sex">NA</attribute>
      <attribute name="view">Side</attribute>
    </box>
    <box frame="142" outside="0" occluded="1" keyframe="1" xtl="1891.61" ytl="620.21" xbr="1920.00" ybr="800.49" z_order="0">
      <attribute name="adipose clipped">No</attribute>
      <attribute name="confidence level">1</attribute>
      <attribute name="injury">No</attribute>
      <attribute name="notes">NA</attribute>
      <attribute name="sex">NA</attribute>
      <attribute name="view">Side</attribute>
    </box>
    <box frame="143" outside="1" occluded="1" keyframe="1" xtl="1891.61" ytl="620.21" xbr="1920.00" ybr="800.49" z_order="0">
      <attribute name="adipose clipped">No</attribute>
      <attribute name="confidence level">1</attribute>
      <attribute name="injury">No</attribute>
      <attribute name="notes">NA</attribute>
      <attribute name="sex">NA</attribute>
      <attribute name="view">Side</attribute>
    </box>
  </track>
</annotations>
