<?xml version="1.0" encoding="utf-8"?>
<annotations>
  <version>1.1</version>
  <meta>
    <task>
      <id>6</id>
      <name>Right Bank 2020-07-31_14_48_16_194</name>
      <size>312</size>
      <mode>interpolation</mode>
      <overlap>5</overlap>
      <bugtracker></bugtracker>
      <created>2021-03-29 18:13:41.393046+00:00</created>
      <updated>2021-03-30 07:07:27.383933+00:00</updated>
      <start_frame>0</start_frame>
      <stop_frame>311</stop_frame>
      <frame_filter></frame_filter>
      <labels>
        <label>
          <name>Coho</name>
          <color>#83e070</color>
          <attributes>
            <attribute>
              <name>Adipose Clipped</name>
              <mutable>False</mutable>
              <input_type>select</input_type>
              <default_value>No</default_value>
              <values>No
Yes
NA</values>
            </attribute>
            <attribute>
              <name>Confidence Level</name>
              <mutable>False</mutable>
              <input_type>select</input_type>
              <default_value>3</default_value>
              <values>3
2
1</values>
            </attribute>
            <attribute>
              <name>Injury</name>
              <mutable>False</mutable>
              <input_type>select</input_type>
              <default_value>No</default_value>
              <values>No
Yes
NA</values>
            </attribute>
            <attribute>
              <name>Notes</name>
              <mutable>False</mutable>
              <input_type>text</input_type>
              <default_value>NA</default_value>
              <values>NA</values>
            </attribute>
            <attribute>
              <name>Sex</name>
              <mutable>False</mutable>
              <input_type>select</input_type>
              <default_value>Male</default_value>
              <values>Male
Female
Jack</values>
            </attribute>
          </attributes>
        </label>
        <label>
          <name>Chum</name>
          <color>#b83df5</color>
          <attributes>
            <attribute>
              <name>Adipose Clipped</name>
              <mutable>False</mutable>
              <input_type>select</input_type>
              <default_value>No</default_value>
              <values>No
Yes
NA</values>
            </attribute>
            <attribute>
              <name>Confidence Level</name>
              <mutable>False</mutable>
              <input_type>select</input_type>
              <default_value>3</default_value>
              <values>3
2
1</values>
            </attribute>
            <attribute>
              <name>Injury</name>
              <mutable>False</mutable>
              <input_type>select</input_type>
              <default_value>No</default_value>
              <values>No
Yes
NA</values>
            </attribute>
            <attribute>
              <name>Notes</name>
              <mutable>False</mutable>
              <input_type>text</input_type>
              <default_value>NA</default_value>
              <values>NA</values>
            </attribute>
            <attribute>
              <name>Sex</name>
              <mutable>False</mutable>
              <input_type>select</input_type>
              <default_value>Male</default_value>
              <values>Male
Female</values>
            </attribute>
          </attributes>
        </label>
        <label>
          <name>Whitefish</name>
          <color>#f1f0f5</color>
          <attributes>
            <attribute>
              <name>Injury</name>
              <mutable>False</mutable>
              <input_type>select</input_type>
              <default_value>No</default_value>
              <values>No
Yes
NA</values>
            </attribute>
            <attribute>
              <name>Notes</name>
              <mutable>False</mutable>
              <input_type>text</input_type>
              <default_value>NA</default_value>
              <values>NA</values>
            </attribute>
            <attribute>
              <name>Sex</name>
              <mutable>False</mutable>
              <input_type>select</input_type>
              <default_value>NA</default_value>
              <values>NA</values>
            </attribute>
            <attribute>
              <name>View</name>
              <mutable>False</mutable>
              <input_type>select</input_type>
              <default_value>Top-down</default_value>
              <values>Top-down
Side</values>
            </attribute>
            <attribute>
              <name>Adipose Clipped</name>
              <mutable>False</mutable>
              <input_type>select</input_type>
              <default_value>No</default_value>
              <values>No
Yes
NA</values>
            </attribute>
            <attribute>
              <name>Confidence Level</name>
              <mutable>False</mutable>
              <input_type>select</input_type>
              <default_value>3</default_value>
              <values>3
2
1</values>
            </attribute>
          </attributes>
        </label>
        <label>
          <name>Rainbow</name>
          <color>#fa32b7</color>
          <attributes>
            <attribute>
              <name>Confidence Level</name>
              <mutable>False</mutable>
              <input_type>select</input_type>
              <default_value>3</default_value>
              <values>3
2
1</values>
            </attribute>
            <attribute>
              <name>Injury</name>
              <mutable>False</mutable>
              <input_type>select</input_type>
              <default_value>No</default_value>
              <values>No
Yes
NA</values>
            </attribute>
            <attribute>
              <name>Notes</name>
              <mutable>False</mutable>
              <input_type>text</input_type>
              <default_value>NA</default_value>
              <values>NA</values>
            </attribute>
            <attribute>
              <name>Sex</name>
              <mutable>False</mutable>
              <input_type>select</input_type>
              <default_value>NA</default_value>
              <values>NA
Juvenile</values>
            </attribute>
            <attribute>
              <name>Adipose Clipped</name>
              <mutable>False</mutable>
              <input_type>select</input_type>
              <default_value>No</default_value>
              <values>No
Yes
NA</values>
            </attribute>
          </attributes>
        </label>
        <label>
          <name>Bull</name>
          <color>#ff6a4d</color>
          <attributes>
            <attribute>
              <name>Adipose Clipped</name>
              <mutable>False</mutable>
              <input_type>select</input_type>
              <default_value>No</default_value>
              <values>No
NA</values>
            </attribute>
            <attribute>
              <name>Confidence Level</name>
              <mutable>False</mutable>
              <input_type>select</input_type>
              <default_value>3</default_value>
              <values>3
2
1</values>
            </attribute>
            <attribute>
              <name>Injury</name>
              <mutable>False</mutable>
              <input_type>select</input_type>
              <default_value>No</default_value>
              <values>No
Yes
NA</values>
            </attribute>
            <attribute>
              <name>Notes</name>
              <mutable>False</mutable>
              <input_type>text</input_type>
              <default_value>NA</default_value>
              <values>NA</values>
            </attribute>
            <attribute>
              <name>Sex</name>
              <mutable>False</mutable>
              <input_type>select</input_type>
              <default_value>NA</default_value>
              <values>NA
Juvenile</values>
            </attribute>
            <attribute>
              <name>View</name>
              <mutable>False</mutable>
              <input_type>select</input_type>
              <default_value>Top-down</default_value>
              <values>Top-down
Side</values>
            </attribute>
          </attributes>
        </label>
        <label>
          <name>Pink</name>
          <color>#fa7dbb</color>
          <attributes>
            <attribute>
              <name>Notes</name>
              <mutable>False</mutable>
              <input_type>text</input_type>
              <default_value>NA</default_value>
              <values>NA</values>
            </attribute>
            <attribute>
              <name>Sex</name>
              <mutable>False</mutable>
              <input_type>select</input_type>
              <default_value>Male</default_value>
              <values>Male
Female</values>
            </attribute>
            <attribute>
              <name>Adipose Clipped</name>
              <mutable>False</mutable>
              <input_type>select</input_type>
              <default_value>No</default_value>
              <values>No
Yes
NA</values>
            </attribute>
            <attribute>
              <name>Confidence Level</name>
              <mutable>False</mutable>
              <input_type>select</input_type>
              <default_value>3</default_value>
              <values>3
2
1</values>
            </attribute>
            <attribute>
              <name>Injury</name>
              <mutable>False</mutable>
              <input_type>select</input_type>
              <default_value>No</default_value>
              <values>No
Yes
NA</values>
            </attribute>
          </attributes>
        </label>
        <label>
          <name>Steelhead</name>
          <color>#66ff66</color>
          <attributes>
            <attribute>
              <name>Adipose Clipped</name>
              <mutable>False</mutable>
              <input_type>select</input_type>
              <default_value>No</default_value>
              <values>No
Yes
NA</values>
            </attribute>
            <attribute>
              <name>Confidence Level</name>
              <mutable>False</mutable>
              <input_type>select</input_type>
              <default_value>3</default_value>
              <values>3
2
1</values>
            </attribute>
            <attribute>
              <name>Injury</name>
              <mutable>False</mutable>
              <input_type>select</input_type>
              <default_value>No</default_value>
              <values>No
Yes
NA</values>
            </attribute>
            <attribute>
              <name>Notes</name>
              <mutable>False</mutable>
              <input_type>text</input_type>
              <default_value>NA</default_value>
              <values>NA</values>
            </attribute>
            <attribute>
              <name>Sex</name>
              <mutable>False</mutable>
              <input_type>select</input_type>
              <default_value>Male</default_value>
              <values>Male
Female</values>
            </attribute>
          </attributes>
        </label>
        <label>
          <name>Chinook</name>
          <color>#cc3366</color>
          <attributes>
            <attribute>
              <name>Adipose Clipped</name>
              <mutable>False</mutable>
              <input_type>select</input_type>
              <default_value>No</default_value>
              <values>No
Yes
NA</values>
            </attribute>
            <attribute>
              <name>Confidence Level</name>
              <mutable>False</mutable>
              <input_type>select</input_type>
              <default_value>3</default_value>
              <values>3
2
1</values>
            </attribute>
            <attribute>
              <name>Injury</name>
              <mutable>False</mutable>
              <input_type>select</input_type>
              <default_value>No</default_value>
              <values>No
Yes
NA</values>
            </attribute>
            <attribute>
              <name>Notes</name>
              <mutable>False</mutable>
              <input_type>text</input_type>
              <default_value>NA</default_value>
              <values>NA</values>
            </attribute>
            <attribute>
              <name>Sex</name>
              <mutable>False</mutable>
              <input_type>select</input_type>
              <default_value>Male</default_value>
              <values>Male
Female
Jack</values>
            </attribute>
            <attribute>
              <name>View</name>
              <mutable>False</mutable>
              <input_type>select</input_type>
              <default_value>Top-down</default_value>
              <values>Top-down
Side</values>
            </attribute>
          </attributes>
        </label>
        <label>
          <name>Sockeye</name>
          <color>#fa3253</color>
          <attributes>
            <attribute>
              <name>Injury</name>
              <mutable>False</mutable>
              <input_type>select</input_type>
              <default_value>No</default_value>
              <values>No
Yes
NA</values>
            </attribute>
            <attribute>
              <name>Notes</name>
              <mutable>False</mutable>
              <input_type>text</input_type>
              <default_value>NA</default_value>
              <values>NA</values>
            </attribute>
            <attribute>
              <name>Sex</name>
              <mutable>False</mutable>
              <input_type>select</input_type>
              <default_value>Male</default_value>
              <values>Male
Female</values>
            </attribute>
            <attribute>
              <name>View</name>
              <mutable>False</mutable>
              <input_type>select</input_type>
              <default_value>Top-down</default_value>
              <values>Top-down
Side</values>
            </attribute>
            <attribute>
              <name>Adipose Clipped</name>
              <mutable>False</mutable>
              <input_type>select</input_type>
              <default_value>No</default_value>
              <values>No
Yes
NA</values>
            </attribute>
            <attribute>
              <name>Confidence Level</name>
              <mutable>False</mutable>
              <input_type>select</input_type>
              <default_value>3</default_value>
              <values>3
2
1</values>
            </attribute>
          </attributes>
        </label>
      </labels>
      <segments>
        <segment>
          <id>6</id>
          <start>0</start>
          <stop>311</stop>
          <url>httplocalhost:8080/?id=6</url>
        </segment>
      </segments>
      <owner>
        <username>bna19</username>
        <email>bna19@sfu.ca</email>
      </owner>
      <assignee></assignee>
      <original_size>
        <width>1280</width>
        <height>720</height>
      </original_size>
    </task>
    <dumped>2021-03-30 07:07:41.180106+00:00</dumped>
    <source>Right Bank 2020-07-31_14_48_16_194.asf</source>
  </meta>
  <track id="0" label="Chinook" source="manual">
    <box frame="12" outside="0" occluded="0" keyframe="1" xtl="0.00" ytl="163.75" xbr="167.50" ybr="337.50" z_order="0">
      <attribute name="Injury">No</attribute>
      <attribute name="Confidence Level">3</attribute>
      <attribute name="Notes">NA</attribute>
      <attribute name="View">Side</attribute>
      <attribute name="Sex">Male</attribute>
      <attribute name="Adipose Clipped">No</attribute>
    </box>
    <box frame="13" outside="0" occluded="0" keyframe="1" xtl="0.00" ytl="163.75" xbr="207.50" ybr="352.50" z_order="0">
      <attribute name="Injury">No</attribute>
      <attribute name="Confidence Level">3</attribute>
      <attribute name="Notes">NA</attribute>
      <attribute name="View">Side</attribute>
      <attribute name="Sex">Male</attribute>
      <attribute name="Adipose Clipped">No</attribute>
    </box>
    <box frame="14" outside="0" occluded="0" keyframe="1" xtl="0.00" ytl="153.70" xbr="238.70" ybr="352.50" z_order="0">
      <attribute name="Injury">No</attribute>
      <attribute name="Confidence Level">3</attribute>
      <attribute name="Notes">NA</attribute>
      <attribute name="View">Side</attribute>
      <attribute name="Sex">Male</attribute>
      <attribute name="Adipose Clipped">No</attribute>
    </box>
    <box frame="15" outside="0" occluded="0" keyframe="1" xtl="0.00" ytl="147.50" xbr="298.70" ybr="352.50" z_order="0">
      <attribute name="Injury">No</attribute>
      <attribute name="Confidence Level">3</attribute>
      <attribute name="Notes">NA</attribute>
      <attribute name="View">Side</attribute>
      <attribute name="Sex">Male</attribute>
      <attribute name="Adipose Clipped">No</attribute>
    </box>
    <box frame="16" outside="0" occluded="0" keyframe="0" xtl="0.00" ytl="147.50" xbr="309.53" ybr="354.17" z_order="0">
      <attribute name="Injury">No</attribute>
      <attribute name="Confidence Level">3</attribute>
      <attribute name="Notes">NA</attribute>
      <attribute name="View">Side</attribute>
      <attribute name="Sex">Male</attribute>
      <attribute name="Adipose Clipped">No</attribute>
    </box>
    <box frame="17" outside="0" occluded="0" keyframe="0" xtl="0.00" ytl="147.50" xbr="320.37" ybr="355.83" z_order="0">
      <attribute name="Injury">No</attribute>
      <attribute name="Confidence Level">3</attribute>
      <attribute name="Notes">NA</attribute>
      <attribute name="View">Side</attribute>
      <attribute name="Sex">Male</attribute>
      <attribute name="Adipose Clipped">No</attribute>
    </box>
    <box frame="18" outside="0" occluded="0" keyframe="1" xtl="0.00" ytl="147.50" xbr="331.20" ybr="357.50" z_order="0">
      <attribute name="Injury">No</attribute>
      <attribute name="Confidence Level">3</attribute>
      <attribute name="Notes">NA</attribute>
      <attribute name="View">Side</attribute>
      <attribute name="Sex">Male</attribute>
      <attribute name="Adipose Clipped">No</attribute>
    </box>
    <box frame="19" outside="0" occluded="0" keyframe="1" xtl="0.00" ytl="147.50" xbr="387.40" ybr="361.20" z_order="0">
      <attribute name="Injury">No</attribute>
      <attribute name="Confidence Level">3</attribute>
      <attribute name="Notes">NA</attribute>
      <attribute name="View">Side</attribute>
      <attribute name="Sex">Male</attribute>
      <attribute name="Adipose Clipped">No</attribute>
    </box>
    <box frame="20" outside="0" occluded="0" keyframe="1" xtl="0.00" ytl="141.20" xbr="408.70" ybr="361.20" z_order="0">
      <attribute name="Injury">No</attribute>
      <attribute name="Confidence Level">3</attribute>
      <attribute name="Notes">NA</attribute>
      <attribute name="View">Side</attribute>
      <attribute name="Sex">Male</attribute>
      <attribute name="Adipose Clipped">No</attribute>
    </box>
    <box frame="21" outside="0" occluded="0" keyframe="0" xtl="0.00" ytl="131.85" xbr="431.20" ybr="361.20" z_order="0">
      <attribute name="Injury">No</attribute>
      <attribute name="Confidence Level">3</attribute>
      <attribute name="Notes">NA</attribute>
      <attribute name="View">Side</attribute>
      <attribute name="Sex">Male</attribute>
      <attribute name="Adipose Clipped">No</attribute>
    </box>
    <box frame="22" outside="0" occluded="0" keyframe="1" xtl="0.00" ytl="122.50" xbr="453.70" ybr="361.20" z_order="0">
      <attribute name="Injury">No</attribute>
      <attribute name="Confidence Level">3</attribute>
      <attribute name="Notes">NA</attribute>
      <attribute name="View">Side</attribute>
      <attribute name="Sex">Male</attribute>
      <attribute name="Adipose Clipped">No</attribute>
    </box>
    <box frame="23" outside="0" occluded="0" keyframe="1" xtl="0.00" ytl="115.00" xbr="483.70" ybr="361.20" z_order="0">
      <attribute name="Injury">No</attribute>
      <attribute name="Confidence Level">3</attribute>
      <attribute name="Notes">NA</attribute>
      <attribute name="View">Side</attribute>
      <attribute name="Sex">Male</attribute>
      <attribute name="Adipose Clipped">No</attribute>
    </box>
    <box frame="24" outside="0" occluded="0" keyframe="0" xtl="0.00" ytl="115.00" xbr="508.05" ybr="361.20" z_order="0">
      <attribute name="Injury">No</attribute>
      <attribute name="Confidence Level">3</attribute>
      <attribute name="Notes">NA</attribute>
      <attribute name="View">Side</attribute>
      <attribute name="Sex">Male</attribute>
      <attribute name="Adipose Clipped">No</attribute>
    </box>
    <box frame="25" outside="0" occluded="0" keyframe="1" xtl="0.00" ytl="115.00" xbr="532.40" ybr="361.20" z_order="0">
      <attribute name="Injury">No</attribute>
      <attribute name="Confidence Level">3</attribute>
      <attribute name="Notes">NA</attribute>
      <attribute name="View">Side</attribute>
      <attribute name="Sex">Male</attribute>
      <attribute name="Adipose Clipped">No</attribute>
    </box>
    <box frame="26" outside="0" occluded="0" keyframe="1" xtl="0.00" ytl="115.00" xbr="534.90" ybr="361.20" z_order="0">
      <attribute name="Injury">No</attribute>
      <attribute name="Confidence Level">3</attribute>
      <attribute name="Notes">NA</attribute>
      <attribute name="View">Side</attribute>
      <attribute name="Sex">Male</attribute>
      <attribute name="Adipose Clipped">No</attribute>
    </box>
    <box frame="27" outside="0" occluded="0" keyframe="1" xtl="0.00" ytl="91.20" xbr="561.20" ybr="361.20" z_order="0">
      <attribute name="Injury">No</attribute>
      <attribute name="Confidence Level">3</attribute>
      <attribute name="Notes">NA</attribute>
      <attribute name="View">Side</attribute>
      <attribute name="Sex">Male</attribute>
      <attribute name="Adipose Clipped">No</attribute>
    </box>
    <box frame="28" outside="0" occluded="0" keyframe="0" xtl="0.00" ytl="91.20" xbr="584.93" ybr="355.80" z_order="0">
      <attribute name="Injury">No</attribute>
      <attribute name="Confidence Level">3</attribute>
      <attribute name="Notes">NA</attribute>
      <attribute name="View">Side</attribute>
      <attribute name="Sex">Male</attribute>
      <attribute name="Adipose Clipped">No</attribute>
    </box>
    <box frame="29" outside="0" occluded="0" keyframe="0" xtl="0.00" ytl="91.20" xbr="608.67" ybr="350.40" z_order="0">
      <attribute name="Injury">No</attribute>
      <attribute name="Confidence Level">3</attribute>
      <attribute name="Notes">NA</attribute>
      <attribute name="View">Side</attribute>
      <attribute name="Sex">Male</attribute>
      <attribute name="Adipose Clipped">No</attribute>
    </box>
    <box frame="30" outside="0" occluded="0" keyframe="1" xtl="0.00" ytl="91.20" xbr="632.40" ybr="345.00" z_order="0">
      <attribute name="Injury">No</attribute>
      <attribute name="Confidence Level">3</attribute>
      <attribute name="Notes">NA</attribute>
      <attribute name="View">Side</attribute>
      <attribute name="Sex">Male</attribute>
      <attribute name="Adipose Clipped">No</attribute>
    </box>
    <box frame="31" outside="0" occluded="0" keyframe="0" xtl="0.00" ytl="91.20" xbr="642.40" ybr="343.74" z_order="0">
      <attribute name="Injury">No</attribute>
      <attribute name="Confidence Level">3</attribute>
      <attribute name="Notes">NA</attribute>
      <attribute name="View">Side</attribute>
      <attribute name="Sex">Male</attribute>
      <attribute name="Adipose Clipped">No</attribute>
    </box>
    <box frame="32" outside="0" occluded="0" keyframe="0" xtl="0.00" ytl="91.20" xbr="652.40" ybr="342.48" z_order="0">
      <attribute name="Injury">No</attribute>
      <attribute name="Confidence Level">3</attribute>
      <attribute name="Notes">NA</attribute>
      <attribute name="View">Side</attribute>
      <attribute name="Sex">Male</attribute>
      <attribute name="Adipose Clipped">No</attribute>
    </box>
    <box frame="33" outside="0" occluded="0" keyframe="0" xtl="0.00" ytl="91.20" xbr="662.40" ybr="341.22" z_order="0">
      <attribute name="Injury">No</attribute>
      <attribute name="Confidence Level">3</attribute>
      <attribute name="Notes">NA</attribute>
      <attribute name="View">Side</attribute>
      <attribute name="Sex">Male</attribute>
      <attribute name="Adipose Clipped">No</attribute>
    </box>
    <box frame="34" outside="0" occluded="0" keyframe="0" xtl="0.00" ytl="91.20" xbr="672.40" ybr="339.96" z_order="0">
      <attribute name="Injury">No</attribute>
      <attribute name="Confidence Level">3</attribute>
      <attribute name="Notes">NA</attribute>
      <attribute name="View">Side</attribute>
      <attribute name="Sex">Male</attribute>
      <attribute name="Adipose Clipped">No</attribute>
    </box>
    <box frame="35" outside="0" occluded="0" keyframe="1" xtl="0.00" ytl="91.20" xbr="682.40" ybr="338.70" z_order="0">
      <attribute name="Injury">No</attribute>
      <attribute name="Confidence Level">3</attribute>
      <attribute name="Notes">NA</attribute>
      <attribute name="View">Side</attribute>
      <attribute name="Sex">Male</attribute>
      <attribute name="Adipose Clipped">No</attribute>
    </box>
    <box frame="36" outside="0" occluded="0" keyframe="0" xtl="0.00" ytl="91.20" xbr="682.40" ybr="344.70" z_order="0">
      <attribute name="Injury">No</attribute>
      <attribute name="Confidence Level">3</attribute>
      <attribute name="Notes">NA</attribute>
      <attribute name="View">Side</attribute>
      <attribute name="Sex">Male</attribute>
      <attribute name="Adipose Clipped">No</attribute>
    </box>
    <box frame="37" outside="0" occluded="0" keyframe="0" xtl="0.00" ytl="91.20" xbr="682.40" ybr="350.70" z_order="0">
      <attribute name="Injury">No</attribute>
      <attribute name="Confidence Level">3</attribute>
      <attribute name="Notes">NA</attribute>
      <attribute name="View">Side</attribute>
      <attribute name="Sex">Male</attribute>
      <attribute name="Adipose Clipped">No</attribute>
    </box>
    <box frame="38" outside="0" occluded="0" keyframe="0" xtl="0.00" ytl="91.20" xbr="682.40" ybr="356.70" z_order="0">
      <attribute name="Injury">No</attribute>
      <attribute name="Confidence Level">3</attribute>
      <attribute name="Notes">NA</attribute>
      <attribute name="View">Side</attribute>
      <attribute name="Sex">Male</attribute>
      <attribute name="Adipose Clipped">No</attribute>
    </box>
    <box frame="39" outside="0" occluded="0" keyframe="0" xtl="0.00" ytl="91.20" xbr="682.40" ybr="362.70" z_order="0">
      <attribute name="Injury">No</attribute>
      <attribute name="Confidence Level">3</attribute>
      <attribute name="Notes">NA</attribute>
      <attribute name="View">Side</attribute>
      <attribute name="Sex">Male</attribute>
      <attribute name="Adipose Clipped">No</attribute>
    </box>
    <box frame="40" outside="0" occluded="0" keyframe="1" xtl="0.00" ytl="91.20" xbr="682.40" ybr="368.70" z_order="0">
      <attribute name="Injury">No</attribute>
      <attribute name="Confidence Level">3</attribute>
      <attribute name="Notes">NA</attribute>
      <attribute name="View">Side</attribute>
      <attribute name="Sex">Male</attribute>
      <attribute name="Adipose Clipped">No</attribute>
    </box>
    <box frame="41" outside="0" occluded="0" keyframe="1" xtl="0.00" ytl="91.20" xbr="731.10" ybr="368.70" z_order="0">
      <attribute name="Injury">No</attribute>
      <attribute name="Confidence Level">3</attribute>
      <attribute name="Notes">NA</attribute>
      <attribute name="View">Side</attribute>
      <attribute name="Sex">Male</attribute>
      <attribute name="Adipose Clipped">No</attribute>
    </box>
    <box frame="42" outside="0" occluded="0" keyframe="0" xtl="0.00" ytl="91.20" xbr="756.70" ybr="356.20" z_order="0">
      <attribute name="Injury">No</attribute>
      <attribute name="Confidence Level">3</attribute>
      <attribute name="Notes">NA</attribute>
      <attribute name="View">Side</attribute>
      <attribute name="Sex">Male</attribute>
      <attribute name="Adipose Clipped">No</attribute>
    </box>
    <box frame="43" outside="0" occluded="0" keyframe="1" xtl="0.00" ytl="91.20" xbr="782.30" ybr="343.70" z_order="0">
      <attribute name="Injury">No</attribute>
      <attribute name="Confidence Level">3</attribute>
      <attribute name="Notes">NA</attribute>
      <attribute name="View">Side</attribute>
      <attribute name="Sex">Male</attribute>
      <attribute name="Adipose Clipped">No</attribute>
    </box>
    <box frame="44" outside="0" occluded="0" keyframe="1" xtl="0.00" ytl="85.58" xbr="777.30" ybr="338.08" z_order="0">
      <attribute name="Injury">No</attribute>
      <attribute name="Confidence Level">3</attribute>
      <attribute name="Notes">NA</attribute>
      <attribute name="View">Side</attribute>
      <attribute name="Sex">Male</attribute>
      <attribute name="Adipose Clipped">No</attribute>
    </box>
    <box frame="45" outside="0" occluded="0" keyframe="1" xtl="40.00" ytl="77.45" xbr="822.30" ybr="329.95" z_order="0">
      <attribute name="Injury">No</attribute>
      <attribute name="Confidence Level">3</attribute>
      <attribute name="Notes">NA</attribute>
      <attribute name="View">Side</attribute>
      <attribute name="Sex">Male</attribute>
      <attribute name="Adipose Clipped">No</attribute>
    </box>
    <box frame="46" outside="0" occluded="0" keyframe="0" xtl="58.75" ytl="81.83" xbr="841.05" ybr="334.33" z_order="0">
      <attribute name="Injury">No</attribute>
      <attribute name="Confidence Level">3</attribute>
      <attribute name="Notes">NA</attribute>
      <attribute name="View">Side</attribute>
      <attribute name="Sex">Male</attribute>
      <attribute name="Adipose Clipped">No</attribute>
    </box>
    <box frame="47" outside="0" occluded="0" keyframe="1" xtl="77.50" ytl="86.20" xbr="859.80" ybr="338.70" z_order="0">
      <attribute name="Injury">No</attribute>
      <attribute name="Confidence Level">3</attribute>
      <attribute name="Notes">NA</attribute>
      <attribute name="View">Side</attribute>
      <attribute name="Sex">Male</attribute>
      <attribute name="Adipose Clipped">No</attribute>
    </box>
    <box frame="48" outside="0" occluded="0" keyframe="1" xtl="110.00" ytl="86.20" xbr="892.30" ybr="338.70" z_order="0">
      <attribute name="Injury">No</attribute>
      <attribute name="Confidence Level">3</attribute>
      <attribute name="Notes">NA</attribute>
      <attribute name="View">Side</attribute>
      <attribute name="Sex">Male</attribute>
      <attribute name="Adipose Clipped">No</attribute>
    </box>
    <box frame="49" outside="0" occluded="0" keyframe="1" xtl="126.25" ytl="83.70" xbr="908.55" ybr="336.20" z_order="0">
      <attribute name="Injury">No</attribute>
      <attribute name="Confidence Level">3</attribute>
      <attribute name="Notes">NA</attribute>
      <attribute name="View">Side</attribute>
      <attribute name="Sex">Male</attribute>
      <attribute name="Adipose Clipped">No</attribute>
    </box>
    <box frame="50" outside="0" occluded="0" keyframe="1" xtl="166.25" ytl="104.95" xbr="948.55" ybr="357.45" z_order="0">
      <attribute name="Injury">No</attribute>
      <attribute name="Confidence Level">3</attribute>
      <attribute name="Notes">NA</attribute>
      <attribute name="View">Side</attribute>
      <attribute name="Sex">Male</attribute>
      <attribute name="Adipose Clipped">No</attribute>
    </box>
    <box frame="51" outside="0" occluded="0" keyframe="0" xtl="174.17" ytl="108.28" xbr="956.47" ybr="360.78" z_order="0">
      <attribute name="Injury">No</attribute>
      <attribute name="Confidence Level">3</attribute>
      <attribute name="Notes">NA</attribute>
      <attribute name="View">Side</attribute>
      <attribute name="Sex">Male</attribute>
      <attribute name="Adipose Clipped">No</attribute>
    </box>
    <box frame="52" outside="0" occluded="0" keyframe="0" xtl="182.08" ytl="111.62" xbr="964.38" ybr="364.12" z_order="0">
      <attribute name="Injury">No</attribute>
      <attribute name="Confidence Level">3</attribute>
      <attribute name="Notes">NA</attribute>
      <attribute name="View">Side</attribute>
      <attribute name="Sex">Male</attribute>
      <attribute name="Adipose Clipped">No</attribute>
    </box>
    <box frame="53" outside="0" occluded="0" keyframe="1" xtl="190.00" ytl="114.95" xbr="972.30" ybr="367.45" z_order="0">
      <attribute name="Injury">No</attribute>
      <attribute name="Confidence Level">3</attribute>
      <attribute name="Notes">NA</attribute>
      <attribute name="View">Side</attribute>
      <attribute name="Sex">Male</attribute>
      <attribute name="Adipose Clipped">No</attribute>
    </box>
    <box frame="54" outside="0" occluded="0" keyframe="1" xtl="185.00" ytl="113.70" xbr="996.10" ybr="366.20" z_order="0">
      <attribute name="Injury">No</attribute>
      <attribute name="Confidence Level">3</attribute>
      <attribute name="Notes">NA</attribute>
      <attribute name="View">Side</attribute>
      <attribute name="Sex">Male</attribute>
      <attribute name="Adipose Clipped">No</attribute>
    </box>
    <box frame="55" outside="0" occluded="0" keyframe="0" xtl="192.92" ytl="114.53" xbr="1014.00" ybr="365.77" z_order="0">
      <attribute name="Injury">No</attribute>
      <attribute name="Confidence Level">3</attribute>
      <attribute name="Notes">NA</attribute>
      <attribute name="View">Side</attribute>
      <attribute name="Sex">Male</attribute>
      <attribute name="Adipose Clipped">No</attribute>
    </box>
    <box frame="56" outside="0" occluded="0" keyframe="0" xtl="200.83" ytl="115.37" xbr="1031.90" ybr="365.33" z_order="0">
      <attribute name="Injury">No</attribute>
      <attribute name="Confidence Level">3</attribute>
      <attribute name="Notes">NA</attribute>
      <attribute name="View">Side</attribute>
      <attribute name="Sex">Male</attribute>
      <attribute name="Adipose Clipped">No</attribute>
    </box>
    <box frame="57" outside="0" occluded="0" keyframe="1" xtl="208.75" ytl="116.20" xbr="1049.80" ybr="364.90" z_order="0">
      <attribute name="Injury">No</attribute>
      <attribute name="Confidence Level">3</attribute>
      <attribute name="Notes">NA</attribute>
      <attribute name="View">Side</attribute>
      <attribute name="Sex">Male</attribute>
      <attribute name="Adipose Clipped">No</attribute>
    </box>
    <box frame="58" outside="0" occluded="0" keyframe="0" xtl="222.50" ytl="113.46" xbr="1059.80" ybr="367.15" z_order="0">
      <attribute name="Injury">No</attribute>
      <attribute name="Confidence Level">3</attribute>
      <attribute name="Notes">NA</attribute>
      <attribute name="View">Side</attribute>
      <attribute name="Sex">Male</attribute>
      <attribute name="Adipose Clipped">No</attribute>
    </box>
    <box frame="59" outside="0" occluded="0" keyframe="0" xtl="236.25" ytl="110.72" xbr="1069.80" ybr="369.40" z_order="0">
      <attribute name="Injury">No</attribute>
      <attribute name="Confidence Level">3</attribute>
      <attribute name="Notes">NA</attribute>
      <attribute name="View">Side</attribute>
      <attribute name="Sex">Male</attribute>
      <attribute name="Adipose Clipped">No</attribute>
    </box>
    <box frame="60" outside="0" occluded="0" keyframe="0" xtl="250.00" ytl="107.98" xbr="1079.80" ybr="371.65" z_order="0">
      <attribute name="Injury">No</attribute>
      <attribute name="Confidence Level">3</attribute>
      <attribute name="Notes">NA</attribute>
      <attribute name="View">Side</attribute>
      <attribute name="Sex">Male</attribute>
      <attribute name="Adipose Clipped">No</attribute>
    </box>
    <box frame="61" outside="0" occluded="0" keyframe="0" xtl="263.75" ytl="105.24" xbr="1089.80" ybr="373.90" z_order="0">
      <attribute name="Injury">No</attribute>
      <attribute name="Confidence Level">3</attribute>
      <attribute name="Notes">NA</attribute>
      <attribute name="View">Side</attribute>
      <attribute name="Sex">Male</attribute>
      <attribute name="Adipose Clipped">No</attribute>
    </box>
    <box frame="62" outside="0" occluded="0" keyframe="1" xtl="277.50" ytl="102.50" xbr="1099.80" ybr="376.15" z_order="0">
      <attribute name="Injury">No</attribute>
      <attribute name="Confidence Level">3</attribute>
      <attribute name="Notes">NA</attribute>
      <attribute name="View">Side</attribute>
      <attribute name="Sex">Male</attribute>
      <attribute name="Adipose Clipped">No</attribute>
    </box>
    <box frame="63" outside="0" occluded="0" keyframe="0" xtl="288.33" ytl="107.92" xbr="1103.13" ybr="378.03" z_order="0">
      <attribute name="Injury">No</attribute>
      <attribute name="Confidence Level">3</attribute>
      <attribute name="Notes">NA</attribute>
      <attribute name="View">Side</attribute>
      <attribute name="Sex">Male</attribute>
      <attribute name="Adipose Clipped">No</attribute>
    </box>
    <box frame="64" outside="0" occluded="0" keyframe="0" xtl="299.17" ytl="113.33" xbr="1106.47" ybr="379.90" z_order="0">
      <attribute name="Injury">No</attribute>
      <attribute name="Confidence Level">3</attribute>
      <attribute name="Notes">NA</attribute>
      <attribute name="View">Side</attribute>
      <attribute name="Sex">Male</attribute>
      <attribute name="Adipose Clipped">No</attribute>
    </box>
    <box frame="65" outside="0" occluded="0" keyframe="0" xtl="310.00" ytl="118.75" xbr="1109.80" ybr="381.78" z_order="0">
      <attribute name="Injury">No</attribute>
      <attribute name="Confidence Level">3</attribute>
      <attribute name="Notes">NA</attribute>
      <attribute name="View">Side</attribute>
      <attribute name="Sex">Male</attribute>
      <attribute name="Adipose Clipped">No</attribute>
    </box>
    <box frame="66" outside="0" occluded="0" keyframe="0" xtl="320.83" ytl="124.17" xbr="1113.13" ybr="383.65" z_order="0">
      <attribute name="Injury">No</attribute>
      <attribute name="Confidence Level">3</attribute>
      <attribute name="Notes">NA</attribute>
      <attribute name="View">Side</attribute>
      <attribute name="Sex">Male</attribute>
      <attribute name="Adipose Clipped">No</attribute>
    </box>
    <box frame="67" outside="0" occluded="0" keyframe="0" xtl="331.67" ytl="129.58" xbr="1116.47" ybr="385.53" z_order="0">
      <attribute name="Injury">No</attribute>
      <attribute name="Confidence Level">3</attribute>
      <attribute name="Notes">NA</attribute>
      <attribute name="View">Side</attribute>
      <attribute name="Sex">Male</attribute>
      <attribute name="Adipose Clipped">No</attribute>
    </box>
    <box frame="68" outside="0" occluded="0" keyframe="1" xtl="342.50" ytl="135.00" xbr="1119.80" ybr="387.40" z_order="0">
      <attribute name="Injury">No</attribute>
      <attribute name="Confidence Level">3</attribute>
      <attribute name="Notes">NA</attribute>
      <attribute name="View">Side</attribute>
      <attribute name="Sex">Male</attribute>
      <attribute name="Adipose Clipped">No</attribute>
    </box>
    <box frame="69" outside="0" occluded="0" keyframe="0" xtl="359.38" ytl="135.00" xbr="1136.68" ybr="387.40" z_order="0">
      <attribute name="Injury">No</attribute>
      <attribute name="Confidence Level">3</attribute>
      <attribute name="Notes">NA</attribute>
      <attribute name="View">Side</attribute>
      <attribute name="Sex">Male</attribute>
      <attribute name="Adipose Clipped">No</attribute>
    </box>
    <box frame="70" outside="0" occluded="0" keyframe="0" xtl="376.25" ytl="135.00" xbr="1153.55" ybr="387.40" z_order="0">
      <attribute name="Injury">No</attribute>
      <attribute name="Confidence Level">3</attribute>
      <attribute name="Notes">NA</attribute>
      <attribute name="View">Side</attribute>
      <attribute name="Sex">Male</attribute>
      <attribute name="Adipose Clipped">No</attribute>
    </box>
    <box frame="71" outside="0" occluded="0" keyframe="0" xtl="393.12" ytl="135.00" xbr="1170.43" ybr="387.40" z_order="0">
      <attribute name="Injury">No</attribute>
      <attribute name="Confidence Level">3</attribute>
      <attribute name="Notes">NA</attribute>
      <attribute name="View">Side</attribute>
      <attribute name="Sex">Male</attribute>
      <attribute name="Adipose Clipped">No</attribute>
    </box>
    <box frame="72" outside="0" occluded="0" keyframe="1" xtl="410.00" ytl="135.00" xbr="1187.30" ybr="387.40" z_order="0">
      <attribute name="Injury">No</attribute>
      <attribute name="Confidence Level">3</attribute>
      <attribute name="Notes">NA</attribute>
      <attribute name="View">Side</attribute>
      <attribute name="Sex">Male</attribute>
      <attribute name="Adipose Clipped">No</attribute>
    </box>
    <box frame="73" outside="0" occluded="0" keyframe="0" xtl="428.33" ytl="135.00" xbr="1205.63" ybr="387.40" z_order="0">
      <attribute name="Injury">No</attribute>
      <attribute name="Confidence Level">3</attribute>
      <attribute name="Notes">NA</attribute>
      <attribute name="View">Side</attribute>
      <attribute name="Sex">Male</attribute>
      <attribute name="Adipose Clipped">No</attribute>
    </box>
    <box frame="74" outside="0" occluded="0" keyframe="0" xtl="446.67" ytl="135.00" xbr="1223.97" ybr="387.40" z_order="0">
      <attribute name="Injury">No</attribute>
      <attribute name="Confidence Level">3</attribute>
      <attribute name="Notes">NA</attribute>
      <attribute name="View">Side</attribute>
      <attribute name="Sex">Male</attribute>
      <attribute name="Adipose Clipped">No</attribute>
    </box>
    <box frame="75" outside="0" occluded="0" keyframe="1" xtl="465.00" ytl="135.00" xbr="1242.30" ybr="387.40" z_order="0">
      <attribute name="Injury">No</attribute>
      <attribute name="Confidence Level">3</attribute>
      <attribute name="Notes">NA</attribute>
      <attribute name="View">Side</attribute>
      <attribute name="Sex">Male</attribute>
      <attribute name="Adipose Clipped">No</attribute>
    </box>
    <box frame="76" outside="0" occluded="0" keyframe="1" xtl="497.50" ytl="135.00" xbr="1274.80" ybr="387.40" z_order="0">
      <attribute name="Injury">No</attribute>
      <attribute name="Confidence Level">3</attribute>
      <attribute name="Notes">NA</attribute>
      <attribute name="View">Side</attribute>
      <attribute name="Sex">Male</attribute>
      <attribute name="Adipose Clipped">No</attribute>
    </box>
    <box frame="77" outside="0" occluded="0" keyframe="0" xtl="519.58" ytl="141.23" xbr="1276.53" ybr="387.40" z_order="0">
      <attribute name="Injury">No</attribute>
      <attribute name="Confidence Level">3</attribute>
      <attribute name="Notes">NA</attribute>
      <attribute name="View">Side</attribute>
      <attribute name="Sex">Male</attribute>
      <attribute name="Adipose Clipped">No</attribute>
    </box>
    <box frame="78" outside="0" occluded="0" keyframe="0" xtl="541.67" ytl="147.47" xbr="1278.27" ybr="387.40" z_order="0">
      <attribute name="Injury">No</attribute>
      <attribute name="Confidence Level">3</attribute>
      <attribute name="Notes">NA</attribute>
      <attribute name="View">Side</attribute>
      <attribute name="Sex">Male</attribute>
      <attribute name="Adipose Clipped">No</attribute>
    </box>
    <box frame="79" outside="0" occluded="0" keyframe="1" xtl="563.75" ytl="153.70" xbr="1280.00" ybr="387.40" z_order="0">
      <attribute name="Injury">No</attribute>
      <attribute name="Confidence Level">3</attribute>
      <attribute name="Notes">NA</attribute>
      <attribute name="View">Side</attribute>
      <attribute name="Sex">Male</attribute>
      <attribute name="Adipose Clipped">No</attribute>
    </box>
    <box frame="80" outside="0" occluded="0" keyframe="1" xtl="643.75" ytl="153.70" xbr="1280.00" ybr="387.40" z_order="0">
      <attribute name="Injury">No</attribute>
      <attribute name="Confidence Level">3</attribute>
      <attribute name="Notes">NA</attribute>
      <attribute name="View">Side</attribute>
      <attribute name="Sex">Male</attribute>
      <attribute name="Adipose Clipped">No</attribute>
    </box>
    <box frame="81" outside="0" occluded="0" keyframe="1" xtl="652.50" ytl="152.45" xbr="1280.00" ybr="386.15" z_order="0">
      <attribute name="Injury">No</attribute>
      <attribute name="Confidence Level">3</attribute>
      <attribute name="Notes">NA</attribute>
      <attribute name="View">Side</attribute>
      <attribute name="Sex">Male</attribute>
      <attribute name="Adipose Clipped">No</attribute>
    </box>
    <box frame="82" outside="0" occluded="0" keyframe="1" xtl="703.75" ytl="146.20" xbr="1280.00" ybr="379.90" z_order="0">
      <attribute name="Injury">No</attribute>
      <attribute name="Confidence Level">3</attribute>
      <attribute name="Notes">NA</attribute>
      <attribute name="View">Side</attribute>
      <attribute name="Sex">Male</attribute>
      <attribute name="Adipose Clipped">No</attribute>
    </box>
    <box frame="83" outside="0" occluded="0" keyframe="1" xtl="747.50" ytl="146.20" xbr="1280.00" ybr="379.90" z_order="0">
      <attribute name="Injury">No</attribute>
      <attribute name="Confidence Level">3</attribute>
      <attribute name="Notes">NA</attribute>
      <attribute name="View">Side</attribute>
      <attribute name="Sex">Male</attribute>
      <attribute name="Adipose Clipped">No</attribute>
    </box>
    <box frame="84" outside="0" occluded="0" keyframe="1" xtl="788.75" ytl="142.45" xbr="1280.00" ybr="376.15" z_order="0">
      <attribute name="Injury">No</attribute>
      <attribute name="Confidence Level">3</attribute>
      <attribute name="Notes">NA</attribute>
      <attribute name="View">Side</attribute>
      <attribute name="Sex">Male</attribute>
      <attribute name="Adipose Clipped">No</attribute>
    </box>
    <box frame="85" outside="0" occluded="0" keyframe="1" xtl="885.00" ytl="132.45" xbr="1280.00" ybr="366.15" z_order="0">
      <attribute name="Injury">No</attribute>
      <attribute name="Confidence Level">3</attribute>
      <attribute name="Notes">NA</attribute>
      <attribute name="View">Side</attribute>
      <attribute name="Sex">Male</attribute>
      <attribute name="Adipose Clipped">No</attribute>
    </box>
    <box frame="86" outside="0" occluded="1" keyframe="1" xtl="917.50" ytl="151.20" xbr="1280.00" ybr="384.90" z_order="0">
      <attribute name="Injury">No</attribute>
      <attribute name="Confidence Level">3</attribute>
      <attribute name="Notes">NA</attribute>
      <attribute name="View">Side</attribute>
      <attribute name="Sex">Male</attribute>
      <attribute name="Adipose Clipped">No</attribute>
    </box>
    <box frame="87" outside="0" occluded="1" keyframe="1" xtl="1006.25" ytl="146.20" xbr="1280.00" ybr="379.90" z_order="0">
      <attribute name="Injury">No</attribute>
      <attribute name="Confidence Level">3</attribute>
      <attribute name="Notes">NA</attribute>
      <attribute name="View">Side</attribute>
      <attribute name="Sex">Male</attribute>
      <attribute name="Adipose Clipped">No</attribute>
    </box>
    <box frame="88" outside="0" occluded="1" keyframe="1" xtl="1013.75" ytl="123.70" xbr="1280.00" ybr="357.40" z_order="0">
      <attribute name="Injury">No</attribute>
      <attribute name="Confidence Level">3</attribute>
      <attribute name="Notes">NA</attribute>
      <attribute name="View">Side</attribute>
      <attribute name="Sex">Male</attribute>
      <attribute name="Adipose Clipped">No</attribute>
    </box>
    <box frame="89" outside="0" occluded="1" keyframe="1" xtl="1055.00" ytl="109.95" xbr="1280.00" ybr="343.65" z_order="0">
      <attribute name="Injury">No</attribute>
      <attribute name="Confidence Level">3</attribute>
      <attribute name="Notes">NA</attribute>
      <attribute name="View">Side</attribute>
      <attribute name="Sex">Male</attribute>
      <attribute name="Adipose Clipped">No</attribute>
    </box>
    <box frame="90" outside="0" occluded="1" keyframe="1" xtl="1161.25" ytl="96.20" xbr="1280.00" ybr="329.90" z_order="0">
      <attribute name="Injury">No</attribute>
      <attribute name="Confidence Level">3</attribute>
      <attribute name="Notes">NA</attribute>
      <attribute name="View">Side</attribute>
      <attribute name="Sex">Male</attribute>
      <attribute name="Adipose Clipped">No</attribute>
    </box>
    <box frame="91" outside="1" occluded="1" keyframe="1" xtl="1161.25" ytl="96.20" xbr="1280.00" ybr="329.90" z_order="0">
      <attribute name="Injury">No</attribute>
      <attribute name="Confidence Level">3</attribute>
      <attribute name="Notes">NA</attribute>
      <attribute name="View">Side</attribute>
      <attribute name="Sex">Male</attribute>
      <attribute name="Adipose Clipped">No</attribute>
    </box>
  </track>
  <track id="1" label="Chinook" source="manual">
    <box frame="15" outside="0" occluded="0" keyframe="1" xtl="1.25" ytl="485.00" xbr="186.25" ybr="671.25" z_order="0">
      <attribute name="Sex">Male</attribute>
      <attribute name="Adipose Clipped">No</attribute>
      <attribute name="Injury">No</attribute>
      <attribute name="Confidence Level">3</attribute>
      <attribute name="Notes">NA</attribute>
      <attribute name="View">Top-down</attribute>
    </box>
    <box frame="16" outside="0" occluded="0" keyframe="0" xtl="1.25" ytl="478.10" xbr="223.73" ybr="671.25" z_order="0">
      <attribute name="Sex">Male</attribute>
      <attribute name="Adipose Clipped">No</attribute>
      <attribute name="Injury">No</attribute>
      <attribute name="Confidence Level">3</attribute>
      <attribute name="Notes">NA</attribute>
      <attribute name="View">Top-down</attribute>
    </box>
    <box frame="17" outside="0" occluded="0" keyframe="1" xtl="1.25" ytl="471.20" xbr="261.20" ybr="671.25" z_order="0">
      <attribute name="Sex">Male</attribute>
      <attribute name="Adipose Clipped">No</attribute>
      <attribute name="Injury">No</attribute>
      <attribute name="Confidence Level">3</attribute>
      <attribute name="Notes">NA</attribute>
      <attribute name="View">Top-down</attribute>
    </box>
    <box frame="18" outside="0" occluded="0" keyframe="0" xtl="1.25" ytl="468.70" xbr="286.20" ybr="671.25" z_order="0">
      <attribute name="Sex">Male</attribute>
      <attribute name="Adipose Clipped">No</attribute>
      <attribute name="Injury">No</attribute>
      <attribute name="Confidence Level">3</attribute>
      <attribute name="Notes">NA</attribute>
      <attribute name="View">Top-down</attribute>
    </box>
    <box frame="19" outside="0" occluded="0" keyframe="1" xtl="1.25" ytl="466.20" xbr="311.20" ybr="671.25" z_order="0">
      <attribute name="Sex">Male</attribute>
      <attribute name="Adipose Clipped">No</attribute>
      <attribute name="Injury">No</attribute>
      <attribute name="Confidence Level">3</attribute>
      <attribute name="Notes">NA</attribute>
      <attribute name="View">Top-down</attribute>
    </box>
    <box frame="20" outside="0" occluded="0" keyframe="0" xtl="1.25" ytl="461.85" xbr="356.85" ybr="678.78" z_order="0">
      <attribute name="Sex">Male</attribute>
      <attribute name="Adipose Clipped">No</attribute>
      <attribute name="Injury">No</attribute>
      <attribute name="Confidence Level">3</attribute>
      <attribute name="Notes">NA</attribute>
      <attribute name="View">Top-down</attribute>
    </box>
    <box frame="21" outside="0" occluded="0" keyframe="1" xtl="1.25" ytl="457.50" xbr="402.50" ybr="686.30" z_order="0">
      <attribute name="Sex">Male</attribute>
      <attribute name="Adipose Clipped">No</attribute>
      <attribute name="Injury">No</attribute>
      <attribute name="Confidence Level">3</attribute>
      <attribute name="Notes">NA</attribute>
      <attribute name="View">Top-down</attribute>
    </box>
    <box frame="22" outside="0" occluded="0" keyframe="0" xtl="1.25" ytl="454.35" xbr="428.10" ybr="686.30" z_order="0">
      <attribute name="Sex">Male</attribute>
      <attribute name="Adipose Clipped">No</attribute>
      <attribute name="Injury">No</attribute>
      <attribute name="Confidence Level">3</attribute>
      <attribute name="Notes">NA</attribute>
      <attribute name="View">Top-down</attribute>
    </box>
    <box frame="23" outside="0" occluded="0" keyframe="1" xtl="1.25" ytl="451.20" xbr="453.70" ybr="686.30" z_order="0">
      <attribute name="Sex">Male</attribute>
      <attribute name="Adipose Clipped">No</attribute>
      <attribute name="Injury">No</attribute>
      <attribute name="Confidence Level">3</attribute>
      <attribute name="Notes">NA</attribute>
      <attribute name="View">Top-down</attribute>
    </box>
    <box frame="24" outside="0" occluded="0" keyframe="0" xtl="1.25" ytl="451.20" xbr="476.80" ybr="686.30" z_order="0">
      <attribute name="Sex">Male</attribute>
      <attribute name="Adipose Clipped">No</attribute>
      <attribute name="Injury">No</attribute>
      <attribute name="Confidence Level">3</attribute>
      <attribute name="Notes">NA</attribute>
      <attribute name="View">Top-down</attribute>
    </box>
    <box frame="25" outside="0" occluded="0" keyframe="1" xtl="1.25" ytl="451.20" xbr="499.90" ybr="686.30" z_order="0">
      <attribute name="Sex">Male</attribute>
      <attribute name="Adipose Clipped">No</attribute>
      <attribute name="Injury">No</attribute>
      <attribute name="Confidence Level">3</attribute>
      <attribute name="Notes">NA</attribute>
      <attribute name="View">Top-down</attribute>
    </box>
    <box frame="26" outside="0" occluded="0" keyframe="0" xtl="1.25" ytl="455.58" xbr="529.30" ybr="689.43" z_order="0">
      <attribute name="Sex">Male</attribute>
      <attribute name="Adipose Clipped">No</attribute>
      <attribute name="Injury">No</attribute>
      <attribute name="Confidence Level">3</attribute>
      <attribute name="Notes">NA</attribute>
      <attribute name="View">Top-down</attribute>
    </box>
    <box frame="27" outside="0" occluded="0" keyframe="1" xtl="1.25" ytl="459.95" xbr="558.70" ybr="692.55" z_order="0">
      <attribute name="Sex">Male</attribute>
      <attribute name="Adipose Clipped">No</attribute>
      <attribute name="Injury">No</attribute>
      <attribute name="Confidence Level">3</attribute>
      <attribute name="Notes">NA</attribute>
      <attribute name="View">Top-down</attribute>
    </box>
    <box frame="28" outside="0" occluded="0" keyframe="0" xtl="1.25" ytl="459.53" xbr="577.87" ybr="692.55" z_order="0">
      <attribute name="Sex">Male</attribute>
      <attribute name="Adipose Clipped">No</attribute>
      <attribute name="Injury">No</attribute>
      <attribute name="Confidence Level">3</attribute>
      <attribute name="Notes">NA</attribute>
      <attribute name="View">Top-down</attribute>
    </box>
    <box frame="29" outside="0" occluded="0" keyframe="0" xtl="1.25" ytl="459.12" xbr="597.03" ybr="692.55" z_order="0">
      <attribute name="Sex">Male</attribute>
      <attribute name="Adipose Clipped">No</attribute>
      <attribute name="Injury">No</attribute>
      <attribute name="Confidence Level">3</attribute>
      <attribute name="Notes">NA</attribute>
      <attribute name="View">Top-down</attribute>
    </box>
    <box frame="30" outside="0" occluded="0" keyframe="1" xtl="1.25" ytl="458.70" xbr="616.20" ybr="692.55" z_order="0">
      <attribute name="Sex">Male</attribute>
      <attribute name="Adipose Clipped">No</attribute>
      <attribute name="Injury">No</attribute>
      <attribute name="Confidence Level">3</attribute>
      <attribute name="Notes">NA</attribute>
      <attribute name="View">Top-down</attribute>
    </box>
    <box frame="31" outside="0" occluded="0" keyframe="0" xtl="1.25" ytl="458.70" xbr="624.35" ybr="692.55" z_order="0">
      <attribute name="Sex">Male</attribute>
      <attribute name="Adipose Clipped">No</attribute>
      <attribute name="Injury">No</attribute>
      <attribute name="Confidence Level">3</attribute>
      <attribute name="Notes">NA</attribute>
      <attribute name="View">Top-down</attribute>
    </box>
    <box frame="32" outside="0" occluded="0" keyframe="1" xtl="1.25" ytl="458.70" xbr="632.50" ybr="692.55" z_order="0">
      <attribute name="Sex">Male</attribute>
      <attribute name="Adipose Clipped">No</attribute>
      <attribute name="Injury">No</attribute>
      <attribute name="Confidence Level">3</attribute>
      <attribute name="Notes">NA</attribute>
      <attribute name="View">Top-down</attribute>
    </box>
    <box frame="33" outside="0" occluded="0" keyframe="0" xtl="1.25" ytl="454.13" xbr="650.00" ybr="692.55" z_order="0">
      <attribute name="Sex">Male</attribute>
      <attribute name="Adipose Clipped">No</attribute>
      <attribute name="Injury">No</attribute>
      <attribute name="Confidence Level">3</attribute>
      <attribute name="Notes">NA</attribute>
      <attribute name="View">Top-down</attribute>
    </box>
    <box frame="34" outside="0" occluded="0" keyframe="0" xtl="1.25" ytl="449.57" xbr="667.50" ybr="692.55" z_order="0">
      <attribute name="Sex">Male</attribute>
      <attribute name="Adipose Clipped">No</attribute>
      <attribute name="Injury">No</attribute>
      <attribute name="Confidence Level">3</attribute>
      <attribute name="Notes">NA</attribute>
      <attribute name="View">Top-down</attribute>
    </box>
    <box frame="35" outside="0" occluded="0" keyframe="1" xtl="1.25" ytl="445.00" xbr="685.00" ybr="692.55" z_order="0">
      <attribute name="Sex">Male</attribute>
      <attribute name="Adipose Clipped">No</attribute>
      <attribute name="Injury">No</attribute>
      <attribute name="Confidence Level">3</attribute>
      <attribute name="Notes">NA</attribute>
      <attribute name="View">Top-down</attribute>
    </box>
    <box frame="36" outside="0" occluded="0" keyframe="0" xtl="1.25" ytl="436.85" xbr="696.25" ybr="692.55" z_order="0">
      <attribute name="Sex">Male</attribute>
      <attribute name="Adipose Clipped">No</attribute>
      <attribute name="Injury">No</attribute>
      <attribute name="Confidence Level">3</attribute>
      <attribute name="Notes">NA</attribute>
      <attribute name="View">Top-down</attribute>
    </box>
    <box frame="37" outside="0" occluded="0" keyframe="1" xtl="1.25" ytl="428.70" xbr="707.50" ybr="692.55" z_order="0">
      <attribute name="Sex">Male</attribute>
      <attribute name="Adipose Clipped">No</attribute>
      <attribute name="Injury">No</attribute>
      <attribute name="Confidence Level">3</attribute>
      <attribute name="Notes">NA</attribute>
      <attribute name="View">Top-down</attribute>
    </box>
    <box frame="38" outside="0" occluded="0" keyframe="0" xtl="1.25" ytl="430.28" xbr="719.38" ybr="692.55" z_order="0">
      <attribute name="Sex">Male</attribute>
      <attribute name="Adipose Clipped">No</attribute>
      <attribute name="Injury">No</attribute>
      <attribute name="Confidence Level">3</attribute>
      <attribute name="Notes">NA</attribute>
      <attribute name="View">Top-down</attribute>
    </box>
    <box frame="39" outside="0" occluded="0" keyframe="0" xtl="1.25" ytl="431.85" xbr="731.25" ybr="692.55" z_order="0">
      <attribute name="Sex">Male</attribute>
      <attribute name="Adipose Clipped">No</attribute>
      <attribute name="Injury">No</attribute>
      <attribute name="Confidence Level">3</attribute>
      <attribute name="Notes">NA</attribute>
      <attribute name="View">Top-down</attribute>
    </box>
    <box frame="40" outside="0" occluded="0" keyframe="0" xtl="1.25" ytl="433.43" xbr="743.12" ybr="692.55" z_order="0">
      <attribute name="Sex">Male</attribute>
      <attribute name="Adipose Clipped">No</attribute>
      <attribute name="Injury">No</attribute>
      <attribute name="Confidence Level">3</attribute>
      <attribute name="Notes">NA</attribute>
      <attribute name="View">Top-down</attribute>
    </box>
    <box frame="41" outside="0" occluded="0" keyframe="1" xtl="1.25" ytl="435.00" xbr="755.00" ybr="692.55" z_order="0">
      <attribute name="Sex">Male</attribute>
      <attribute name="Adipose Clipped">No</attribute>
      <attribute name="Injury">No</attribute>
      <attribute name="Confidence Level">3</attribute>
      <attribute name="Notes">NA</attribute>
      <attribute name="View">Top-down</attribute>
    </box>
    <box frame="42" outside="0" occluded="0" keyframe="1" xtl="1.25" ytl="438.70" xbr="767.50" ybr="692.55" z_order="0">
      <attribute name="Sex">Male</attribute>
      <attribute name="Adipose Clipped">No</attribute>
      <attribute name="Injury">No</attribute>
      <attribute name="Confidence Level">3</attribute>
      <attribute name="Notes">NA</attribute>
      <attribute name="View">Top-down</attribute>
    </box>
    <box frame="43" outside="0" occluded="0" keyframe="1" xtl="1.25" ytl="450.00" xbr="810.00" ybr="692.55" z_order="0">
      <attribute name="Sex">Male</attribute>
      <attribute name="Adipose Clipped">No</attribute>
      <attribute name="Injury">No</attribute>
      <attribute name="Confidence Level">3</attribute>
      <attribute name="Notes">NA</attribute>
      <attribute name="View">Top-down</attribute>
    </box>
    <box frame="44" outside="0" occluded="0" keyframe="1" xtl="1.25" ytl="451.20" xbr="855.00" ybr="692.55" z_order="0">
      <attribute name="Sex">Male</attribute>
      <attribute name="Adipose Clipped">No</attribute>
      <attribute name="Injury">No</attribute>
      <attribute name="Confidence Level">3</attribute>
      <attribute name="Notes">NA</attribute>
      <attribute name="View">Top-down</attribute>
    </box>
    <box frame="45" outside="0" occluded="0" keyframe="1" xtl="1.25" ytl="451.20" xbr="896.20" ybr="692.55" z_order="0">
      <attribute name="Sex">Male</attribute>
      <attribute name="Adipose Clipped">No</attribute>
      <attribute name="Injury">No</attribute>
      <attribute name="Confidence Level">3</attribute>
      <attribute name="Notes">NA</attribute>
      <attribute name="View">Top-down</attribute>
    </box>
    <box frame="46" outside="0" occluded="0" keyframe="1" xtl="1.25" ytl="475.00" xbr="925.00" ybr="692.55" z_order="0">
      <attribute name="Sex">Male</attribute>
      <attribute name="Adipose Clipped">No</attribute>
      <attribute name="Injury">No</attribute>
      <attribute name="Confidence Level">3</attribute>
      <attribute name="Notes">NA</attribute>
      <attribute name="View">Top-down</attribute>
    </box>
    <box frame="47" outside="0" occluded="0" keyframe="0" xtl="1.25" ytl="475.00" xbr="941.85" ybr="692.55" z_order="0">
      <attribute name="Sex">Male</attribute>
      <attribute name="Adipose Clipped">No</attribute>
      <attribute name="Injury">No</attribute>
      <attribute name="Confidence Level">3</attribute>
      <attribute name="Notes">NA</attribute>
      <attribute name="View">Top-down</attribute>
    </box>
    <box frame="48" outside="0" occluded="0" keyframe="1" xtl="1.25" ytl="475.00" xbr="958.70" ybr="692.55" z_order="0">
      <attribute name="Sex">Male</attribute>
      <attribute name="Adipose Clipped">No</attribute>
      <attribute name="Injury">No</attribute>
      <attribute name="Confidence Level">3</attribute>
      <attribute name="Notes">NA</attribute>
      <attribute name="View">Top-down</attribute>
    </box>
    <box frame="49" outside="0" occluded="0" keyframe="0" xtl="1.25" ytl="468.10" xbr="997.45" ybr="692.55" z_order="0">
      <attribute name="Sex">Male</attribute>
      <attribute name="Adipose Clipped">No</attribute>
      <attribute name="Injury">No</attribute>
      <attribute name="Confidence Level">3</attribute>
      <attribute name="Notes">NA</attribute>
      <attribute name="View">Top-down</attribute>
    </box>
    <box frame="50" outside="0" occluded="0" keyframe="1" xtl="1.25" ytl="461.20" xbr="1036.20" ybr="692.55" z_order="0">
      <attribute name="Sex">Male</attribute>
      <attribute name="Adipose Clipped">No</attribute>
      <attribute name="Injury">No</attribute>
      <attribute name="Confidence Level">3</attribute>
      <attribute name="Notes">NA</attribute>
      <attribute name="View">Top-down</attribute>
    </box>
    <box frame="51" outside="0" occluded="0" keyframe="1" xtl="1.25" ytl="461.20" xbr="1049.90" ybr="692.55" z_order="0">
      <attribute name="Sex">Male</attribute>
      <attribute name="Adipose Clipped">No</attribute>
      <attribute name="Injury">No</attribute>
      <attribute name="Confidence Level">3</attribute>
      <attribute name="Notes">NA</attribute>
      <attribute name="View">Top-down</attribute>
    </box>
    <box frame="52" outside="0" occluded="0" keyframe="1" xtl="1.25" ytl="461.20" xbr="1067.40" ybr="692.55" z_order="0">
      <attribute name="Sex">Male</attribute>
      <attribute name="Adipose Clipped">No</attribute>
      <attribute name="Injury">No</attribute>
      <attribute name="Confidence Level">3</attribute>
      <attribute name="Notes">NA</attribute>
      <attribute name="View">Top-down</attribute>
    </box>
    <box frame="53" outside="0" occluded="0" keyframe="1" xtl="1.25" ytl="443.70" xbr="1099.90" ybr="692.55" z_order="0">
      <attribute name="Sex">Male</attribute>
      <attribute name="Adipose Clipped">No</attribute>
      <attribute name="Injury">No</attribute>
      <attribute name="Confidence Level">3</attribute>
      <attribute name="Notes">NA</attribute>
      <attribute name="View">Top-down</attribute>
    </box>
    <box frame="54" outside="0" occluded="0" keyframe="1" xtl="25.00" ytl="438.70" xbr="1123.65" ybr="687.55" z_order="0">
      <attribute name="Sex">Male</attribute>
      <attribute name="Adipose Clipped">No</attribute>
      <attribute name="Injury">No</attribute>
      <attribute name="Confidence Level">3</attribute>
      <attribute name="Notes">NA</attribute>
      <attribute name="View">Top-down</attribute>
    </box>
    <box frame="55" outside="0" occluded="0" keyframe="1" xtl="53.75" ytl="441.20" xbr="1152.40" ybr="690.05" z_order="0">
      <attribute name="Sex">Male</attribute>
      <attribute name="Adipose Clipped">No</attribute>
      <attribute name="Injury">No</attribute>
      <attribute name="Confidence Level">3</attribute>
      <attribute name="Notes">NA</attribute>
      <attribute name="View">Top-down</attribute>
    </box>
    <box frame="56" outside="0" occluded="0" keyframe="1" xtl="70.00" ytl="441.20" xbr="1168.65" ybr="690.05" z_order="0">
      <attribute name="Sex">Male</attribute>
      <attribute name="Adipose Clipped">No</attribute>
      <attribute name="Injury">No</attribute>
      <attribute name="Confidence Level">3</attribute>
      <attribute name="Notes">NA</attribute>
      <attribute name="View">Top-down</attribute>
    </box>
    <box frame="57" outside="0" occluded="0" keyframe="1" xtl="83.75" ytl="441.20" xbr="1182.40" ybr="690.05" z_order="0">
      <attribute name="Sex">Male</attribute>
      <attribute name="Adipose Clipped">No</attribute>
      <attribute name="Injury">No</attribute>
      <attribute name="Confidence Level">3</attribute>
      <attribute name="Notes">NA</attribute>
      <attribute name="View">Top-down</attribute>
    </box>
    <box frame="58" outside="0" occluded="0" keyframe="1" xtl="102.50" ytl="441.20" xbr="1201.15" ybr="690.05" z_order="0">
      <attribute name="Sex">Male</attribute>
      <attribute name="Adipose Clipped">No</attribute>
      <attribute name="Injury">No</attribute>
      <attribute name="Confidence Level">3</attribute>
      <attribute name="Notes">NA</attribute>
      <attribute name="View">Top-down</attribute>
    </box>
    <box frame="59" outside="0" occluded="0" keyframe="0" xtl="107.25" ytl="441.45" xbr="1205.90" ybr="690.30" z_order="0">
      <attribute name="Sex">Male</attribute>
      <attribute name="Adipose Clipped">No</attribute>
      <attribute name="Injury">No</attribute>
      <attribute name="Confidence Level">3</attribute>
      <attribute name="Notes">NA</attribute>
      <attribute name="View">Top-down</attribute>
    </box>
    <box frame="60" outside="0" occluded="0" keyframe="0" xtl="112.00" ytl="441.70" xbr="1210.65" ybr="690.55" z_order="0">
      <attribute name="Sex">Male</attribute>
      <attribute name="Adipose Clipped">No</attribute>
      <attribute name="Injury">No</attribute>
      <attribute name="Confidence Level">3</attribute>
      <attribute name="Notes">NA</attribute>
      <attribute name="View">Top-down</attribute>
    </box>
    <box frame="61" outside="0" occluded="0" keyframe="0" xtl="116.75" ytl="441.95" xbr="1215.40" ybr="690.80" z_order="0">
      <attribute name="Sex">Male</attribute>
      <attribute name="Adipose Clipped">No</attribute>
      <attribute name="Injury">No</attribute>
      <attribute name="Confidence Level">3</attribute>
      <attribute name="Notes">NA</attribute>
      <attribute name="View">Top-down</attribute>
    </box>
    <box frame="62" outside="0" occluded="0" keyframe="0" xtl="121.50" ytl="442.20" xbr="1220.15" ybr="691.05" z_order="0">
      <attribute name="Sex">Male</attribute>
      <attribute name="Adipose Clipped">No</attribute>
      <attribute name="Injury">No</attribute>
      <attribute name="Confidence Level">3</attribute>
      <attribute name="Notes">NA</attribute>
      <attribute name="View">Top-down</attribute>
    </box>
    <box frame="63" outside="0" occluded="0" keyframe="1" xtl="126.25" ytl="442.45" xbr="1224.90" ybr="691.30" z_order="0">
      <attribute name="Sex">Male</attribute>
      <attribute name="Adipose Clipped">No</attribute>
      <attribute name="Injury">No</attribute>
      <attribute name="Confidence Level">3</attribute>
      <attribute name="Notes">NA</attribute>
      <attribute name="View">Top-down</attribute>
    </box>
    <box frame="64" outside="0" occluded="0" keyframe="0" xtl="149.74" ytl="442.45" xbr="1224.90" ybr="691.30" z_order="0">
      <attribute name="Sex">Male</attribute>
      <attribute name="Adipose Clipped">No</attribute>
      <attribute name="Injury">No</attribute>
      <attribute name="Confidence Level">3</attribute>
      <attribute name="Notes">NA</attribute>
      <attribute name="View">Top-down</attribute>
    </box>
    <box frame="65" outside="0" occluded="0" keyframe="0" xtl="173.23" ytl="442.45" xbr="1224.90" ybr="691.30" z_order="0">
      <attribute name="Sex">Male</attribute>
      <attribute name="Adipose Clipped">No</attribute>
      <attribute name="Injury">No</attribute>
      <attribute name="Confidence Level">3</attribute>
      <attribute name="Notes">NA</attribute>
      <attribute name="View">Top-down</attribute>
    </box>
    <box frame="66" outside="0" occluded="0" keyframe="0" xtl="196.72" ytl="442.45" xbr="1224.90" ybr="691.30" z_order="0">
      <attribute name="Sex">Male</attribute>
      <attribute name="Adipose Clipped">No</attribute>
      <attribute name="Injury">No</attribute>
      <attribute name="Confidence Level">3</attribute>
      <attribute name="Notes">NA</attribute>
      <attribute name="View">Top-down</attribute>
    </box>
    <box frame="67" outside="0" occluded="0" keyframe="0" xtl="220.21" ytl="442.45" xbr="1224.90" ybr="691.30" z_order="0">
      <attribute name="Sex">Male</attribute>
      <attribute name="Adipose Clipped">No</attribute>
      <attribute name="Injury">No</attribute>
      <attribute name="Confidence Level">3</attribute>
      <attribute name="Notes">NA</attribute>
      <attribute name="View">Top-down</attribute>
    </box>
    <box frame="68" outside="0" occluded="0" keyframe="1" xtl="243.70" ytl="442.45" xbr="1224.90" ybr="691.30" z_order="0">
      <attribute name="Sex">Male</attribute>
      <attribute name="Adipose Clipped">No</attribute>
      <attribute name="Injury">No</attribute>
      <attribute name="Confidence Level">3</attribute>
      <attribute name="Notes">NA</attribute>
      <attribute name="View">Top-down</attribute>
    </box>
    <box frame="69" outside="0" occluded="0" keyframe="0" xtl="266.83" ytl="442.45" xbr="1248.02" ybr="691.30" z_order="0">
      <attribute name="Sex">Male</attribute>
      <attribute name="Adipose Clipped">No</attribute>
      <attribute name="Injury">No</attribute>
      <attribute name="Confidence Level">3</attribute>
      <attribute name="Notes">NA</attribute>
      <attribute name="View">Top-down</attribute>
    </box>
    <box frame="70" outside="0" occluded="0" keyframe="1" xtl="289.95" ytl="442.45" xbr="1271.15" ybr="691.30" z_order="0">
      <attribute name="Sex">Male</attribute>
      <attribute name="Adipose Clipped">No</attribute>
      <attribute name="Injury">No</attribute>
      <attribute name="Confidence Level">3</attribute>
      <attribute name="Notes">NA</attribute>
      <attribute name="View">Top-down</attribute>
    </box>
    <box frame="71" outside="0" occluded="0" keyframe="0" xtl="311.83" ytl="444.33" xbr="1275.58" ybr="693.18" z_order="0">
      <attribute name="Sex">Male</attribute>
      <attribute name="Adipose Clipped">No</attribute>
      <attribute name="Injury">No</attribute>
      <attribute name="Confidence Level">3</attribute>
      <attribute name="Notes">NA</attribute>
      <attribute name="View">Top-down</attribute>
    </box>
    <box frame="72" outside="0" occluded="0" keyframe="1" xtl="333.70" ytl="446.20" xbr="1280.00" ybr="695.05" z_order="0">
      <attribute name="Sex">Male</attribute>
      <attribute name="Adipose Clipped">No</attribute>
      <attribute name="Injury">No</attribute>
      <attribute name="Confidence Level">3</attribute>
      <attribute name="Notes">NA</attribute>
      <attribute name="View">Top-down</attribute>
    </box>
    <box frame="73" outside="0" occluded="0" keyframe="0" xtl="353.08" ytl="445.58" xbr="1280.00" ybr="694.43" z_order="0">
      <attribute name="Sex">Male</attribute>
      <attribute name="Adipose Clipped">No</attribute>
      <attribute name="Injury">No</attribute>
      <attribute name="Confidence Level">3</attribute>
      <attribute name="Notes">NA</attribute>
      <attribute name="View">Top-down</attribute>
    </box>
    <box frame="74" outside="0" occluded="0" keyframe="1" xtl="372.45" ytl="444.95" xbr="1280.00" ybr="693.80" z_order="0">
      <attribute name="Sex">Male</attribute>
      <attribute name="Adipose Clipped">No</attribute>
      <attribute name="Injury">No</attribute>
      <attribute name="Confidence Level">3</attribute>
      <attribute name="Notes">NA</attribute>
      <attribute name="View">Top-down</attribute>
    </box>
    <box frame="75" outside="0" occluded="0" keyframe="0" xtl="416.20" ytl="444.95" xbr="1280.00" ybr="693.80" z_order="0">
      <attribute name="Sex">Male</attribute>
      <attribute name="Adipose Clipped">No</attribute>
      <attribute name="Injury">No</attribute>
      <attribute name="Confidence Level">3</attribute>
      <attribute name="Notes">NA</attribute>
      <attribute name="View">Top-down</attribute>
    </box>
    <box frame="76" outside="0" occluded="0" keyframe="1" xtl="459.95" ytl="444.95" xbr="1280.00" ybr="693.80" z_order="0">
      <attribute name="Sex">Male</attribute>
      <attribute name="Adipose Clipped">No</attribute>
      <attribute name="Injury">No</attribute>
      <attribute name="Confidence Level">3</attribute>
      <attribute name="Notes">NA</attribute>
      <attribute name="View">Top-down</attribute>
    </box>
    <box frame="77" outside="0" occluded="0" keyframe="0" xtl="493.70" ytl="446.20" xbr="1280.00" ybr="695.05" z_order="0">
      <attribute name="Sex">Male</attribute>
      <attribute name="Adipose Clipped">No</attribute>
      <attribute name="Injury">No</attribute>
      <attribute name="Confidence Level">3</attribute>
      <attribute name="Notes">NA</attribute>
      <attribute name="View">Top-down</attribute>
    </box>
    <box frame="78" outside="0" occluded="0" keyframe="1" xtl="527.45" ytl="447.45" xbr="1280.00" ybr="696.30" z_order="0">
      <attribute name="Sex">Male</attribute>
      <attribute name="Adipose Clipped">No</attribute>
      <attribute name="Injury">No</attribute>
      <attribute name="Confidence Level">3</attribute>
      <attribute name="Notes">NA</attribute>
      <attribute name="View">Top-down</attribute>
    </box>
    <box frame="79" outside="0" occluded="0" keyframe="1" xtl="541.20" ytl="447.45" xbr="1280.00" ybr="696.30" z_order="0">
      <attribute name="Sex">Male</attribute>
      <attribute name="Adipose Clipped">No</attribute>
      <attribute name="Injury">No</attribute>
      <attribute name="Confidence Level">3</attribute>
      <attribute name="Notes">NA</attribute>
      <attribute name="View">Top-down</attribute>
    </box>
    <box frame="80" outside="0" occluded="0" keyframe="1" xtl="642.45" ytl="444.95" xbr="1280.00" ybr="693.80" z_order="0">
      <attribute name="Sex">Male</attribute>
      <attribute name="Adipose Clipped">No</attribute>
      <attribute name="Injury">No</attribute>
      <attribute name="Confidence Level">3</attribute>
      <attribute name="Notes">NA</attribute>
      <attribute name="View">Top-down</attribute>
    </box>
    <box frame="81" outside="0" occluded="0" keyframe="1" xtl="677.45" ytl="447.45" xbr="1280.00" ybr="696.30" z_order="0">
      <attribute name="Sex">Male</attribute>
      <attribute name="Adipose Clipped">No</attribute>
      <attribute name="Injury">No</attribute>
      <attribute name="Confidence Level">3</attribute>
      <attribute name="Notes">NA</attribute>
      <attribute name="View">Top-down</attribute>
    </box>
    <box frame="82" outside="0" occluded="0" keyframe="1" xtl="711.20" ytl="448.70" xbr="1280.00" ybr="697.55" z_order="0">
      <attribute name="Sex">Male</attribute>
      <attribute name="Adipose Clipped">No</attribute>
      <attribute name="Injury">No</attribute>
      <attribute name="Confidence Level">3</attribute>
      <attribute name="Notes">NA</attribute>
      <attribute name="View">Top-down</attribute>
    </box>
    <box frame="83" outside="0" occluded="0" keyframe="1" xtl="764.95" ytl="449.95" xbr="1280.00" ybr="698.80" z_order="0">
      <attribute name="Sex">Male</attribute>
      <attribute name="Adipose Clipped">No</attribute>
      <attribute name="Injury">No</attribute>
      <attribute name="Confidence Level">3</attribute>
      <attribute name="Notes">NA</attribute>
      <attribute name="View">Top-down</attribute>
    </box>
    <box frame="84" outside="0" occluded="0" keyframe="1" xtl="797.45" ytl="449.95" xbr="1280.00" ybr="698.80" z_order="0">
      <attribute name="Sex">Male</attribute>
      <attribute name="Adipose Clipped">No</attribute>
      <attribute name="Injury">No</attribute>
      <attribute name="Confidence Level">3</attribute>
      <attribute name="Notes">NA</attribute>
      <attribute name="View">Top-down</attribute>
    </box>
    <box frame="85" outside="0" occluded="0" keyframe="1" xtl="939.95" ytl="461.20" xbr="1280.00" ybr="710.05" z_order="0">
      <attribute name="Sex">Male</attribute>
      <attribute name="Adipose Clipped">No</attribute>
      <attribute name="Injury">No</attribute>
      <attribute name="Confidence Level">3</attribute>
      <attribute name="Notes">NA</attribute>
      <attribute name="View">Top-down</attribute>
    </box>
    <box frame="86" outside="0" occluded="0" keyframe="1" xtl="987.45" ytl="451.20" xbr="1280.00" ybr="700.05" z_order="0">
      <attribute name="Sex">Male</attribute>
      <attribute name="Adipose Clipped">No</attribute>
      <attribute name="Injury">No</attribute>
      <attribute name="Confidence Level">3</attribute>
      <attribute name="Notes">NA</attribute>
      <attribute name="View">Top-down</attribute>
    </box>
    <box frame="87" outside="0" occluded="0" keyframe="1" xtl="1053.70" ytl="452.45" xbr="1280.00" ybr="701.30" z_order="0">
      <attribute name="Sex">Male</attribute>
      <attribute name="Adipose Clipped">No</attribute>
      <attribute name="Injury">No</attribute>
      <attribute name="Confidence Level">3</attribute>
      <attribute name="Notes">NA</attribute>
      <attribute name="View">Top-down</attribute>
    </box>
    <box frame="88" outside="0" occluded="0" keyframe="1" xtl="1128.75" ytl="540.00" xbr="1280.00" ybr="702.55" z_order="0">
      <attribute name="Sex">Male</attribute>
      <attribute name="Adipose Clipped">No</attribute>
      <attribute name="Injury">No</attribute>
      <attribute name="Confidence Level">3</attribute>
      <attribute name="Notes">NA</attribute>
      <attribute name="View">Top-down</attribute>
    </box>
    <box frame="89" outside="0" occluded="0" keyframe="1" xtl="1207.50" ytl="540.00" xbr="1280.00" ybr="702.55" z_order="0">
      <attribute name="Sex">Male</attribute>
      <attribute name="Adipose Clipped">No</attribute>
      <attribute name="Injury">No</attribute>
      <attribute name="Confidence Level">3</attribute>
      <attribute name="Notes">NA</attribute>
      <attribute name="View">Top-down</attribute>
    </box>
    <box frame="90" outside="1" occluded="0" keyframe="1" xtl="1128.75" ytl="540.00" xbr="1280.00" ybr="702.55" z_order="0">
      <attribute name="Sex">Male</attribute>
      <attribute name="Adipose Clipped">No</attribute>
      <attribute name="Injury">No</attribute>
      <attribute name="Confidence Level">3</attribute>
      <attribute name="Notes">NA</attribute>
      <attribute name="View">Top-down</attribute>
    </box>
  </track>
</annotations>