<?xml version="1.0" encoding="utf-8"?>
<annotations>
  <version>1.1</version>
  <meta>
    <task>
      <id>169</id>
      <name>10-23-2019 20-29-40 M Right Bank Underwater</name>
      <size>390</size>
      <mode>interpolation</mode>
      <overlap>5</overlap>
      <bugtracker></bugtracker>
      <created>2021-02-09 02:03:52.088959+00:00</created>
      <updated>2021-02-24 21:57:42.520264+00:00</updated>
      <start_frame>0</start_frame>
      <stop_frame>389</stop_frame>
      <frame_filter></frame_filter>
      <labels>
        <label>
          <name>Coho</name>
          <color>#66c893</color>
          <attributes>
            <attribute>
              <name>Adipose Clipped</name>
              <mutable>False</mutable>
              <input_type>select</input_type>
              <default_value>No</default_value>
              <values>No
Yes
NA</values>
            </attribute>
            <attribute>
              <name>Confidence Level</name>
              <mutable>False</mutable>
              <input_type>select</input_type>
              <default_value>3</default_value>
              <values>3
2
1</values>
            </attribute>
            <attribute>
              <name>Injury</name>
              <mutable>False</mutable>
              <input_type>select</input_type>
              <default_value>No</default_value>
              <values>No
Yes
NA</values>
            </attribute>
            <attribute>
              <name>Notes</name>
              <mutable>False</mutable>
              <input_type>text</input_type>
              <default_value>NA</default_value>
              <values>NA</values>
            </attribute>
            <attribute>
              <name>Sex</name>
              <mutable>False</mutable>
              <input_type>select</input_type>
              <default_value>Male</default_value>
              <values>Male
Female
Jack</values>
            </attribute>
          </attributes>
        </label>
        <label>
          <name>Pink</name>
          <color>#fa7dbb</color>
          <attributes>
            <attribute>
              <name>Adipose Clipped</name>
              <mutable>False</mutable>
              <input_type>select</input_type>
              <default_value>No</default_value>
              <values>No
Yes
NA</values>
            </attribute>
            <attribute>
              <name>Confidence Level</name>
              <mutable>False</mutable>
              <input_type>select</input_type>
              <default_value>3</default_value>
              <values>3
2
1</values>
            </attribute>
            <attribute>
              <name>Injury</name>
              <mutable>False</mutable>
              <input_type>select</input_type>
              <default_value>No</default_value>
              <values>No
Yes
NA</values>
            </attribute>
            <attribute>
              <name>Notes</name>
              <mutable>False</mutable>
              <input_type>text</input_type>
              <default_value>NA</default_value>
              <values>NA</values>
            </attribute>
            <attribute>
              <name>Sex</name>
              <mutable>False</mutable>
              <input_type>select</input_type>
              <default_value>Male</default_value>
              <values>Male
Female</values>
            </attribute>
          </attributes>
        </label>
        <label>
          <name>Bull</name>
          <color>#ff6037</color>
          <attributes>
            <attribute>
              <name>Adipose Clipped</name>
              <mutable>False</mutable>
              <input_type>select</input_type>
              <default_value>No</default_value>
              <values>No
NA</values>
            </attribute>
            <attribute>
              <name>Confidence Level</name>
              <mutable>False</mutable>
              <input_type>select</input_type>
              <default_value>3</default_value>
              <values>3
2
1</values>
            </attribute>
            <attribute>
              <name>Injury</name>
              <mutable>False</mutable>
              <input_type>select</input_type>
              <default_value>No</default_value>
              <values>No
Yes
NA</values>
            </attribute>
            <attribute>
              <name>Notes</name>
              <mutable>False</mutable>
              <input_type>text</input_type>
              <default_value>NA</default_value>
              <values>NA</values>
            </attribute>
            <attribute>
              <name>Sex</name>
              <mutable>False</mutable>
              <input_type>select</input_type>
              <default_value>NA</default_value>
              <values>NA</values>
            </attribute>
          </attributes>
        </label>
        <label>
          <name>Chum</name>
          <color>#b83df5</color>
          <attributes>
            <attribute>
              <name>Sex</name>
              <mutable>False</mutable>
              <input_type>select</input_type>
              <default_value>Male</default_value>
              <values>Male
Female</values>
            </attribute>
            <attribute>
              <name>Adipose Clipped</name>
              <mutable>False</mutable>
              <input_type>select</input_type>
              <default_value>No</default_value>
              <values>No
Yes
NA</values>
            </attribute>
            <attribute>
              <name>Injury</name>
              <mutable>False</mutable>
              <input_type>select</input_type>
              <default_value>No</default_value>
              <values>No
Yes
NA</values>
            </attribute>
            <attribute>
              <name>Confidence Level</name>
              <mutable>False</mutable>
              <input_type>select</input_type>
              <default_value>3</default_value>
              <values>3
2
1</values>
            </attribute>
            <attribute>
              <name>Notes</name>
              <mutable>False</mutable>
              <input_type>text</input_type>
              <default_value>NA</default_value>
              <values>NA</values>
            </attribute>
          </attributes>
        </label>
        <label>
          <name>Whitefish</name>
          <color>#e2f1ee</color>
          <attributes>
            <attribute>
              <name>Sex</name>
              <mutable>False</mutable>
              <input_type>select</input_type>
              <default_value>NA</default_value>
              <values>NA</values>
            </attribute>
            <attribute>
              <name>Adipose Clipped</name>
              <mutable>False</mutable>
              <input_type>select</input_type>
              <default_value>No</default_value>
              <values>No
Yes
NA</values>
            </attribute>
            <attribute>
              <name>Injury</name>
              <mutable>False</mutable>
              <input_type>select</input_type>
              <default_value>No</default_value>
              <values>No
Yes
NA</values>
            </attribute>
            <attribute>
              <name>Confidence Level</name>
              <mutable>False</mutable>
              <input_type>select</input_type>
              <default_value>3</default_value>
              <values>3
2
1</values>
            </attribute>
            <attribute>
              <name>Notes</name>
              <mutable>False</mutable>
              <input_type>text</input_type>
              <default_value>NA</default_value>
              <values>NA</values>
            </attribute>
          </attributes>
        </label>
        <label>
          <name>Sockeye</name>
          <color>#fa3253</color>
          <attributes>
            <attribute>
              <name>Sex</name>
              <mutable>False</mutable>
              <input_type>select</input_type>
              <default_value>Male</default_value>
              <values>Male
Female</values>
            </attribute>
            <attribute>
              <name>Adipose Clipped</name>
              <mutable>False</mutable>
              <input_type>select</input_type>
              <default_value>No</default_value>
              <values>No
Yes
NA</values>
            </attribute>
            <attribute>
              <name>Injury</name>
              <mutable>False</mutable>
              <input_type>select</input_type>
              <default_value>No</default_value>
              <values>No
Yes
NA</values>
            </attribute>
            <attribute>
              <name>Confidence Level</name>
              <mutable>False</mutable>
              <input_type>select</input_type>
              <default_value>3</default_value>
              <values>3
2
1</values>
            </attribute>
            <attribute>
              <name>Notes</name>
              <mutable>False</mutable>
              <input_type>text</input_type>
              <default_value>NA</default_value>
              <values>NA</values>
            </attribute>
          </attributes>
        </label>
        <label>
          <name>Steelhead</name>
          <color>#66ff66</color>
          <attributes>
            <attribute>
              <name>Sex</name>
              <mutable>False</mutable>
              <input_type>select</input_type>
              <default_value>Male</default_value>
              <values>Male
Female</values>
            </attribute>
            <attribute>
              <name>Adipose Clipped</name>
              <mutable>False</mutable>
              <input_type>select</input_type>
              <default_value>No</default_value>
              <values>No
Yes
NA</values>
            </attribute>
            <attribute>
              <name>Injury</name>
              <mutable>False</mutable>
              <input_type>select</input_type>
              <default_value>No</default_value>
              <values>No
Yes
NA</values>
            </attribute>
            <attribute>
              <name>Confidence Level</name>
              <mutable>False</mutable>
              <input_type>select</input_type>
              <default_value>3</default_value>
              <values>3
2
1</values>
            </attribute>
            <attribute>
              <name>Notes</name>
              <mutable>False</mutable>
              <input_type>text</input_type>
              <default_value>NA</default_value>
              <values>NA</values>
            </attribute>
          </attributes>
        </label>
        <label>
          <name>Rainbow</name>
          <color>#ff00cc</color>
          <attributes>
            <attribute>
              <name>Sex</name>
              <mutable>False</mutable>
              <input_type>select</input_type>
              <default_value>NA</default_value>
              <values>NA</values>
            </attribute>
            <attribute>
              <name>Adipose Clipped</name>
              <mutable>False</mutable>
              <input_type>select</input_type>
              <default_value>No</default_value>
              <values>No
Yes
NA</values>
            </attribute>
            <attribute>
              <name>Injury</name>
              <mutable>False</mutable>
              <input_type>select</input_type>
              <default_value>No</default_value>
              <values>No
Yes
NA</values>
            </attribute>
            <attribute>
              <name>Confidence Level</name>
              <mutable>False</mutable>
              <input_type>select</input_type>
              <default_value>3</default_value>
              <values>3
2
1</values>
            </attribute>
            <attribute>
              <name>Notes</name>
              <mutable>False</mutable>
              <input_type>text</input_type>
              <default_value>NA</default_value>
              <values>NA</values>
            </attribute>
          </attributes>
        </label>
        <label>
          <name>Chinook</name>
          <color>#cc3366</color>
          <attributes>
            <attribute>
              <name>Sex</name>
              <mutable>False</mutable>
              <input_type>select</input_type>
              <default_value>Male</default_value>
              <values>Male
Female
NA</values>
            </attribute>
            <attribute>
              <name>Adipose Clipped</name>
              <mutable>False</mutable>
              <input_type>select</input_type>
              <default_value>No</default_value>
              <values>No
Yes
NA</values>
            </attribute>
            <attribute>
              <name>Injury</name>
              <mutable>False</mutable>
              <input_type>select</input_type>
              <default_value>No</default_value>
              <values>No
Yes
NA</values>
            </attribute>
            <attribute>
              <name>Confidence Level</name>
              <mutable>False</mutable>
              <input_type>select</input_type>
              <default_value>3</default_value>
              <values>3
2
1</values>
            </attribute>
            <attribute>
              <name>Notes</name>
              <mutable>False</mutable>
              <input_type>text</input_type>
              <default_value>NA</default_value>
              <values>NA</values>
            </attribute>
          </attributes>
        </label>
      </labels>
      <segments>
        <segment>
          <id>166</id>
          <start>0</start>
          <stop>389</stop>
          <url>httplocalhost:8080/?id=166</url>
        </segment>
      </segments>
      <owner>
        <username>bna19</username>
        <email>bna19@sfu.ca</email>
      </owner>
      <assignee></assignee>
      <original_size>
        <width>1920</width>
        <height>1080</height>
      </original_size>
    </task>
    <dumped>2021-02-24 21:57:56.157199+00:00</dumped>
    <source>10-23-2019 20-29-40 M Right Bank Underwater.m4v</source>
  </meta>
  <track id="0" label="Bull" source="manual">
    <box frame="74" outside="0" occluded="0" keyframe="1" xtl="0.00" ytl="456.41" xbr="875.57" ybr="851.55" z_order="0">
      <attribute name="Sex">NA</attribute>
      <attribute name="Adipose Clipped">No</attribute>
      <attribute name="Injury">No</attribute>
      <attribute name="Confidence Level">3</attribute>
      <attribute name="Notes">Low vis, ID using Light coloured spots at frame 95</attribute>
    </box>
    <box frame="75" outside="0" occluded="0" keyframe="0" xtl="0.00" ytl="456.41" xbr="946.50" ybr="851.55" z_order="0">
      <attribute name="Sex">NA</attribute>
      <attribute name="Adipose Clipped">No</attribute>
      <attribute name="Injury">No</attribute>
      <attribute name="Confidence Level">3</attribute>
      <attribute name="Notes">Low vis, ID using Light coloured spots at frame 95</attribute>
    </box>
    <box frame="76" outside="0" occluded="0" keyframe="0" xtl="0.00" ytl="456.41" xbr="1017.43" ybr="851.55" z_order="0">
      <attribute name="Sex">NA</attribute>
      <attribute name="Adipose Clipped">No</attribute>
      <attribute name="Injury">No</attribute>
      <attribute name="Confidence Level">3</attribute>
      <attribute name="Notes">Low vis, ID using Light coloured spots at frame 95</attribute>
    </box>
    <box frame="77" outside="0" occluded="0" keyframe="0" xtl="0.00" ytl="456.41" xbr="1088.37" ybr="851.55" z_order="0">
      <attribute name="Sex">NA</attribute>
      <attribute name="Adipose Clipped">No</attribute>
      <attribute name="Injury">No</attribute>
      <attribute name="Confidence Level">3</attribute>
      <attribute name="Notes">Low vis, ID using Light coloured spots at frame 95</attribute>
    </box>
    <box frame="78" outside="0" occluded="0" keyframe="1" xtl="0.00" ytl="456.41" xbr="1159.30" ybr="851.55" z_order="0">
      <attribute name="Sex">NA</attribute>
      <attribute name="Adipose Clipped">No</attribute>
      <attribute name="Injury">No</attribute>
      <attribute name="Confidence Level">3</attribute>
      <attribute name="Notes">Low vis, ID using Light coloured spots at frame 95</attribute>
    </box>
    <box frame="79" outside="0" occluded="0" keyframe="0" xtl="0.00" ytl="456.41" xbr="1231.55" ybr="851.55" z_order="0">
      <attribute name="Sex">NA</attribute>
      <attribute name="Adipose Clipped">No</attribute>
      <attribute name="Injury">No</attribute>
      <attribute name="Confidence Level">3</attribute>
      <attribute name="Notes">Low vis, ID using Light coloured spots at frame 95</attribute>
    </box>
    <box frame="80" outside="0" occluded="0" keyframe="0" xtl="0.00" ytl="456.41" xbr="1303.80" ybr="851.55" z_order="0">
      <attribute name="Sex">NA</attribute>
      <attribute name="Adipose Clipped">No</attribute>
      <attribute name="Injury">No</attribute>
      <attribute name="Confidence Level">3</attribute>
      <attribute name="Notes">Low vis, ID using Light coloured spots at frame 95</attribute>
    </box>
    <box frame="81" outside="0" occluded="0" keyframe="0" xtl="0.00" ytl="456.41" xbr="1376.05" ybr="851.55" z_order="0">
      <attribute name="Sex">NA</attribute>
      <attribute name="Adipose Clipped">No</attribute>
      <attribute name="Injury">No</attribute>
      <attribute name="Confidence Level">3</attribute>
      <attribute name="Notes">Low vis, ID using Light coloured spots at frame 95</attribute>
    </box>
    <box frame="82" outside="0" occluded="0" keyframe="1" xtl="0.00" ytl="456.41" xbr="1448.30" ybr="851.55" z_order="0">
      <attribute name="Sex">NA</attribute>
      <attribute name="Adipose Clipped">No</attribute>
      <attribute name="Injury">No</attribute>
      <attribute name="Confidence Level">3</attribute>
      <attribute name="Notes">Low vis, ID using Light coloured spots at frame 95</attribute>
    </box>
    <box frame="83" outside="0" occluded="0" keyframe="0" xtl="114.90" ytl="457.57" xbr="1504.00" ybr="847.50" z_order="0">
      <attribute name="Sex">NA</attribute>
      <attribute name="Adipose Clipped">No</attribute>
      <attribute name="Injury">No</attribute>
      <attribute name="Confidence Level">3</attribute>
      <attribute name="Notes">Low vis, ID using Light coloured spots at frame 95</attribute>
    </box>
    <box frame="84" outside="0" occluded="0" keyframe="0" xtl="229.80" ytl="458.73" xbr="1559.71" ybr="843.45" z_order="0">
      <attribute name="Sex">NA</attribute>
      <attribute name="Adipose Clipped">No</attribute>
      <attribute name="Injury">No</attribute>
      <attribute name="Confidence Level">3</attribute>
      <attribute name="Notes">Low vis, ID using Light coloured spots at frame 95</attribute>
    </box>
    <box frame="85" outside="0" occluded="0" keyframe="1" xtl="344.70" ytl="459.89" xbr="1615.41" ybr="839.40" z_order="0">
      <attribute name="Sex">NA</attribute>
      <attribute name="Adipose Clipped">No</attribute>
      <attribute name="Injury">No</attribute>
      <attribute name="Confidence Level">3</attribute>
      <attribute name="Notes">Low vis, ID using Light coloured spots at frame 95</attribute>
    </box>
    <box frame="86" outside="0" occluded="0" keyframe="0" xtl="394.60" ytl="465.69" xbr="1665.31" ybr="845.20" z_order="0">
      <attribute name="Sex">NA</attribute>
      <attribute name="Adipose Clipped">No</attribute>
      <attribute name="Injury">No</attribute>
      <attribute name="Confidence Level">3</attribute>
      <attribute name="Notes">Low vis, ID using Light coloured spots at frame 95</attribute>
    </box>
    <box frame="87" outside="0" occluded="0" keyframe="0" xtl="444.50" ytl="471.49" xbr="1715.21" ybr="851.00" z_order="0">
      <attribute name="Sex">NA</attribute>
      <attribute name="Adipose Clipped">No</attribute>
      <attribute name="Injury">No</attribute>
      <attribute name="Confidence Level">3</attribute>
      <attribute name="Notes">Low vis, ID using Light coloured spots at frame 95</attribute>
    </box>
    <box frame="88" outside="0" occluded="0" keyframe="1" xtl="494.40" ytl="477.29" xbr="1765.11" ybr="856.81" z_order="0">
      <attribute name="Sex">NA</attribute>
      <attribute name="Adipose Clipped">No</attribute>
      <attribute name="Injury">No</attribute>
      <attribute name="Confidence Level">3</attribute>
      <attribute name="Notes">Low vis, ID using Light coloured spots at frame 95</attribute>
    </box>
    <box frame="89" outside="0" occluded="0" keyframe="0" xtl="536.18" ytl="477.29" xbr="1765.11" ybr="856.47" z_order="0">
      <attribute name="Sex">NA</attribute>
      <attribute name="Adipose Clipped">No</attribute>
      <attribute name="Injury">No</attribute>
      <attribute name="Confidence Level">3</attribute>
      <attribute name="Notes">Low vis, ID using Light coloured spots at frame 95</attribute>
    </box>
    <box frame="90" outside="0" occluded="0" keyframe="0" xtl="577.96" ytl="477.29" xbr="1765.11" ybr="856.12" z_order="0">
      <attribute name="Sex">NA</attribute>
      <attribute name="Adipose Clipped">No</attribute>
      <attribute name="Injury">No</attribute>
      <attribute name="Confidence Level">3</attribute>
      <attribute name="Notes">Low vis, ID using Light coloured spots at frame 95</attribute>
    </box>
    <box frame="91" outside="0" occluded="0" keyframe="0" xtl="619.74" ytl="477.29" xbr="1765.11" ybr="855.78" z_order="0">
      <attribute name="Sex">NA</attribute>
      <attribute name="Adipose Clipped">No</attribute>
      <attribute name="Injury">No</attribute>
      <attribute name="Confidence Level">3</attribute>
      <attribute name="Notes">Low vis, ID using Light coloured spots at frame 95</attribute>
    </box>
    <box frame="92" outside="0" occluded="0" keyframe="0" xtl="661.52" ytl="477.29" xbr="1765.11" ybr="855.44" z_order="0">
      <attribute name="Sex">NA</attribute>
      <attribute name="Adipose Clipped">No</attribute>
      <attribute name="Injury">No</attribute>
      <attribute name="Confidence Level">3</attribute>
      <attribute name="Notes">Low vis, ID using Light coloured spots at frame 95</attribute>
    </box>
    <box frame="93" outside="0" occluded="0" keyframe="1" xtl="703.30" ytl="477.29" xbr="1765.11" ybr="855.10" z_order="0">
      <attribute name="Sex">NA</attribute>
      <attribute name="Adipose Clipped">No</attribute>
      <attribute name="Injury">No</attribute>
      <attribute name="Confidence Level">3</attribute>
      <attribute name="Notes">Low vis, ID using Light coloured spots at frame 95</attribute>
    </box>
    <box frame="94" outside="0" occluded="0" keyframe="0" xtl="739.00" ytl="441.60" xbr="1765.11" ybr="855.10" z_order="0">
      <attribute name="Sex">NA</attribute>
      <attribute name="Adipose Clipped">No</attribute>
      <attribute name="Injury">No</attribute>
      <attribute name="Confidence Level">3</attribute>
      <attribute name="Notes">Low vis, ID using Light coloured spots at frame 95</attribute>
    </box>
    <box frame="95" outside="0" occluded="0" keyframe="1" xtl="774.70" ytl="405.90" xbr="1765.11" ybr="855.10" z_order="0">
      <attribute name="Sex">NA</attribute>
      <attribute name="Adipose Clipped">No</attribute>
      <attribute name="Injury">No</attribute>
      <attribute name="Confidence Level">3</attribute>
      <attribute name="Notes">Low vis, ID using Light coloured spots at frame 95</attribute>
    </box>
    <box frame="96" outside="0" occluded="0" keyframe="0" xtl="796.75" ytl="421.57" xbr="1765.11" ybr="846.68" z_order="0">
      <attribute name="Sex">NA</attribute>
      <attribute name="Adipose Clipped">No</attribute>
      <attribute name="Injury">No</attribute>
      <attribute name="Confidence Level">3</attribute>
      <attribute name="Notes">Low vis, ID using Light coloured spots at frame 95</attribute>
    </box>
    <box frame="97" outside="0" occluded="0" keyframe="0" xtl="818.80" ytl="437.23" xbr="1765.11" ybr="838.27" z_order="0">
      <attribute name="Sex">NA</attribute>
      <attribute name="Adipose Clipped">No</attribute>
      <attribute name="Injury">No</attribute>
      <attribute name="Confidence Level">3</attribute>
      <attribute name="Notes">Low vis, ID using Light coloured spots at frame 95</attribute>
    </box>
    <box frame="98" outside="0" occluded="0" keyframe="0" xtl="840.85" ytl="452.90" xbr="1765.11" ybr="829.85" z_order="0">
      <attribute name="Sex">NA</attribute>
      <attribute name="Adipose Clipped">No</attribute>
      <attribute name="Injury">No</attribute>
      <attribute name="Confidence Level">3</attribute>
      <attribute name="Notes">Low vis, ID using Light coloured spots at frame 95</attribute>
    </box>
    <box frame="99" outside="0" occluded="0" keyframe="0" xtl="862.90" ytl="468.57" xbr="1765.11" ybr="821.43" z_order="0">
      <attribute name="Sex">NA</attribute>
      <attribute name="Adipose Clipped">No</attribute>
      <attribute name="Injury">No</attribute>
      <attribute name="Confidence Level">3</attribute>
      <attribute name="Notes">Low vis, ID using Light coloured spots at frame 95</attribute>
    </box>
    <box frame="100" outside="0" occluded="0" keyframe="0" xtl="884.95" ytl="484.23" xbr="1765.11" ybr="813.02" z_order="0">
      <attribute name="Sex">NA</attribute>
      <attribute name="Adipose Clipped">No</attribute>
      <attribute name="Injury">No</attribute>
      <attribute name="Confidence Level">3</attribute>
      <attribute name="Notes">Low vis, ID using Light coloured spots at frame 95</attribute>
    </box>
    <box frame="101" outside="0" occluded="0" keyframe="1" xtl="907.00" ytl="499.90" xbr="1765.11" ybr="804.60" z_order="0">
      <attribute name="Sex">NA</attribute>
      <attribute name="Adipose Clipped">No</attribute>
      <attribute name="Injury">No</attribute>
      <attribute name="Confidence Level">3</attribute>
      <attribute name="Notes">Low vis, ID using Light coloured spots at frame 95</attribute>
    </box>
    <box frame="102" outside="0" occluded="0" keyframe="0" xtl="907.00" ytl="499.90" xbr="1765.41" ybr="818.82" z_order="0">
      <attribute name="Sex">NA</attribute>
      <attribute name="Adipose Clipped">No</attribute>
      <attribute name="Injury">No</attribute>
      <attribute name="Confidence Level">3</attribute>
      <attribute name="Notes">Low vis, ID using Light coloured spots at frame 95</attribute>
    </box>
    <box frame="103" outside="0" occluded="0" keyframe="0" xtl="907.00" ytl="499.90" xbr="1765.71" ybr="833.03" z_order="0">
      <attribute name="Sex">NA</attribute>
      <attribute name="Adipose Clipped">No</attribute>
      <attribute name="Injury">No</attribute>
      <attribute name="Confidence Level">3</attribute>
      <attribute name="Notes">Low vis, ID using Light coloured spots at frame 95</attribute>
    </box>
    <box frame="104" outside="0" occluded="0" keyframe="0" xtl="907.00" ytl="499.90" xbr="1766.00" ybr="847.25" z_order="0">
      <attribute name="Sex">NA</attribute>
      <attribute name="Adipose Clipped">No</attribute>
      <attribute name="Injury">No</attribute>
      <attribute name="Confidence Level">3</attribute>
      <attribute name="Notes">Low vis, ID using Light coloured spots at frame 95</attribute>
    </box>
    <box frame="105" outside="0" occluded="0" keyframe="0" xtl="907.00" ytl="499.90" xbr="1766.30" ybr="861.47" z_order="0">
      <attribute name="Sex">NA</attribute>
      <attribute name="Adipose Clipped">No</attribute>
      <attribute name="Injury">No</attribute>
      <attribute name="Confidence Level">3</attribute>
      <attribute name="Notes">Low vis, ID using Light coloured spots at frame 95</attribute>
    </box>
    <box frame="106" outside="0" occluded="0" keyframe="0" xtl="907.00" ytl="499.90" xbr="1766.60" ybr="875.68" z_order="0">
      <attribute name="Sex">NA</attribute>
      <attribute name="Adipose Clipped">No</attribute>
      <attribute name="Injury">No</attribute>
      <attribute name="Confidence Level">3</attribute>
      <attribute name="Notes">Low vis, ID using Light coloured spots at frame 95</attribute>
    </box>
    <box frame="107" outside="0" occluded="0" keyframe="1" xtl="907.00" ytl="499.90" xbr="1766.90" ybr="889.90" z_order="0">
      <attribute name="Sex">NA</attribute>
      <attribute name="Adipose Clipped">No</attribute>
      <attribute name="Injury">No</attribute>
      <attribute name="Confidence Level">3</attribute>
      <attribute name="Notes">Low vis, ID using Light coloured spots at frame 95</attribute>
    </box>
    <box frame="108" outside="0" occluded="0" keyframe="0" xtl="873.93" ytl="488.76" xbr="1733.83" ybr="889.90" z_order="0">
      <attribute name="Sex">NA</attribute>
      <attribute name="Adipose Clipped">No</attribute>
      <attribute name="Injury">No</attribute>
      <attribute name="Confidence Level">3</attribute>
      <attribute name="Notes">Low vis, ID using Light coloured spots at frame 95</attribute>
    </box>
    <box frame="109" outside="0" occluded="0" keyframe="0" xtl="840.85" ytl="477.62" xbr="1700.75" ybr="889.90" z_order="0">
      <attribute name="Sex">NA</attribute>
      <attribute name="Adipose Clipped">No</attribute>
      <attribute name="Injury">No</attribute>
      <attribute name="Confidence Level">3</attribute>
      <attribute name="Notes">Low vis, ID using Light coloured spots at frame 95</attribute>
    </box>
    <box frame="110" outside="0" occluded="0" keyframe="0" xtl="807.78" ytl="466.48" xbr="1667.68" ybr="889.90" z_order="0">
      <attribute name="Sex">NA</attribute>
      <attribute name="Adipose Clipped">No</attribute>
      <attribute name="Injury">No</attribute>
      <attribute name="Confidence Level">3</attribute>
      <attribute name="Notes">Low vis, ID using Light coloured spots at frame 95</attribute>
    </box>
    <box frame="111" outside="0" occluded="0" keyframe="0" xtl="774.71" ytl="455.34" xbr="1634.61" ybr="889.90" z_order="0">
      <attribute name="Sex">NA</attribute>
      <attribute name="Adipose Clipped">No</attribute>
      <attribute name="Injury">No</attribute>
      <attribute name="Confidence Level">3</attribute>
      <attribute name="Notes">Low vis, ID using Light coloured spots at frame 95</attribute>
    </box>
    <box frame="112" outside="0" occluded="0" keyframe="1" xtl="741.63" ytl="444.20" xbr="1601.53" ybr="889.90" z_order="0">
      <attribute name="Sex">NA</attribute>
      <attribute name="Adipose Clipped">No</attribute>
      <attribute name="Injury">No</attribute>
      <attribute name="Confidence Level">3</attribute>
      <attribute name="Notes">Low vis, ID using Light coloured spots at frame 95</attribute>
    </box>
    <box frame="113" outside="0" occluded="0" keyframe="0" xtl="631.97" ytl="444.20" xbr="1601.53" ybr="889.90" z_order="0">
      <attribute name="Sex">NA</attribute>
      <attribute name="Adipose Clipped">No</attribute>
      <attribute name="Injury">No</attribute>
      <attribute name="Confidence Level">3</attribute>
      <attribute name="Notes">Low vis, ID using Light coloured spots at frame 95</attribute>
    </box>
    <box frame="114" outside="0" occluded="0" keyframe="1" xtl="522.30" ytl="444.20" xbr="1601.53" ybr="889.90" z_order="0">
      <attribute name="Sex">NA</attribute>
      <attribute name="Adipose Clipped">No</attribute>
      <attribute name="Injury">No</attribute>
      <attribute name="Confidence Level">3</attribute>
      <attribute name="Notes">Low vis, ID using Light coloured spots at frame 95</attribute>
    </box>
    <box frame="115" outside="0" occluded="0" keyframe="0" xtl="453.54" ytl="443.33" xbr="1532.78" ybr="889.03" z_order="0">
      <attribute name="Sex">NA</attribute>
      <attribute name="Adipose Clipped">No</attribute>
      <attribute name="Injury">No</attribute>
      <attribute name="Confidence Level">3</attribute>
      <attribute name="Notes">Low vis, ID using Light coloured spots at frame 95</attribute>
    </box>
    <box frame="116" outside="0" occluded="0" keyframe="1" xtl="384.78" ytl="442.46" xbr="1464.02" ybr="888.16" z_order="0">
      <attribute name="Sex">NA</attribute>
      <attribute name="Adipose Clipped">No</attribute>
      <attribute name="Injury">No</attribute>
      <attribute name="Confidence Level">3</attribute>
      <attribute name="Notes">Low vis, ID using Light coloured spots at frame 95</attribute>
    </box>
    <box frame="117" outside="0" occluded="0" keyframe="1" xtl="276.90" ytl="442.46" xbr="1464.02" ybr="888.16" z_order="0">
      <attribute name="Sex">NA</attribute>
      <attribute name="Adipose Clipped">No</attribute>
      <attribute name="Injury">No</attribute>
      <attribute name="Confidence Level">3</attribute>
      <attribute name="Notes">Low vis, ID using Light coloured spots at frame 95</attribute>
    </box>
    <box frame="118" outside="0" occluded="0" keyframe="1" xtl="202.05" ytl="421.57" xbr="1389.17" ybr="867.27" z_order="0">
      <attribute name="Sex">NA</attribute>
      <attribute name="Adipose Clipped">No</attribute>
      <attribute name="Injury">No</attribute>
      <attribute name="Confidence Level">3</attribute>
      <attribute name="Notes">Low vis, ID using Light coloured spots at frame 95</attribute>
    </box>
    <box frame="119" outside="0" occluded="0" keyframe="1" xtl="55.80" ytl="421.57" xbr="1352.61" ybr="867.27" z_order="0">
      <attribute name="Sex">NA</attribute>
      <attribute name="Adipose Clipped">No</attribute>
      <attribute name="Injury">No</attribute>
      <attribute name="Confidence Level">3</attribute>
      <attribute name="Notes">Low vis, ID using Light coloured spots at frame 95</attribute>
    </box>
    <box frame="120" outside="0" occluded="0" keyframe="1" xtl="0.00" ytl="419.83" xbr="1270.80" ybr="865.53" z_order="0">
      <attribute name="Sex">NA</attribute>
      <attribute name="Adipose Clipped">No</attribute>
      <attribute name="Injury">No</attribute>
      <attribute name="Confidence Level">3</attribute>
      <attribute name="Notes">Low vis, ID using Light coloured spots at frame 95</attribute>
    </box>
    <box frame="121" outside="0" occluded="0" keyframe="0" xtl="0.00" ytl="419.83" xbr="1104.27" ybr="865.53" z_order="0">
      <attribute name="Sex">NA</attribute>
      <attribute name="Adipose Clipped">No</attribute>
      <attribute name="Injury">No</attribute>
      <attribute name="Confidence Level">3</attribute>
      <attribute name="Notes">Low vis, ID using Light coloured spots at frame 95</attribute>
    </box>
    <box frame="122" outside="0" occluded="0" keyframe="0" xtl="0.00" ytl="419.83" xbr="937.73" ybr="865.53" z_order="0">
      <attribute name="Sex">NA</attribute>
      <attribute name="Adipose Clipped">No</attribute>
      <attribute name="Injury">No</attribute>
      <attribute name="Confidence Level">3</attribute>
      <attribute name="Notes">Low vis, ID using Light coloured spots at frame 95</attribute>
    </box>
    <box frame="123" outside="0" occluded="0" keyframe="1" xtl="0.00" ytl="419.83" xbr="771.20" ybr="865.53" z_order="0">
      <attribute name="Sex">NA</attribute>
      <attribute name="Adipose Clipped">No</attribute>
      <attribute name="Injury">No</attribute>
      <attribute name="Confidence Level">3</attribute>
      <attribute name="Notes">Low vis, ID using Light coloured spots at frame 95</attribute>
    </box>
    <box frame="124" outside="0" occluded="1" keyframe="1" xtl="0.00" ytl="419.83" xbr="647.03" ybr="865.53" z_order="0">
      <attribute name="Sex">NA</attribute>
      <attribute name="Adipose Clipped">No</attribute>
      <attribute name="Injury">No</attribute>
      <attribute name="Confidence Level">3</attribute>
      <attribute name="Notes">Low vis, ID using Light coloured spots at frame 95</attribute>
    </box>
    <box frame="125" outside="0" occluded="1" keyframe="0" xtl="0.00" ytl="419.83" xbr="522.87" ybr="865.53" z_order="0">
      <attribute name="Sex">NA</attribute>
      <attribute name="Adipose Clipped">No</attribute>
      <attribute name="Injury">No</attribute>
      <attribute name="Confidence Level">3</attribute>
      <attribute name="Notes">Low vis, ID using Light coloured spots at frame 95</attribute>
    </box>
    <box frame="126" outside="0" occluded="1" keyframe="1" xtl="0.00" ytl="419.83" xbr="398.70" ybr="865.53" z_order="0">
      <attribute name="Sex">NA</attribute>
      <attribute name="Adipose Clipped">No</attribute>
      <attribute name="Injury">No</attribute>
      <attribute name="Confidence Level">3</attribute>
      <attribute name="Notes">Low vis, ID using Light coloured spots at frame 95</attribute>
    </box>
    <box frame="127" outside="1" occluded="1" keyframe="1" xtl="0.00" ytl="419.83" xbr="308.20" ybr="865.53" z_order="0">
      <attribute name="Sex">NA</attribute>
      <attribute name="Adipose Clipped">No</attribute>
      <attribute name="Injury">No</attribute>
      <attribute name="Confidence Level">3</attribute>
      <attribute name="Notes">Low vis, ID using Light coloured spots at frame 95</attribute>
    </box>
    <box frame="128" outside="1" occluded="0" keyframe="1" xtl="0.00" ytl="419.83" xbr="217.70" ybr="865.53" z_order="0">
      <attribute name="Sex">NA</attribute>
      <attribute name="Adipose Clipped">No</attribute>
      <attribute name="Injury">No</attribute>
      <attribute name="Confidence Level">3</attribute>
      <attribute name="Notes">Low vis, ID using Light coloured spots at frame 95</attribute>
    </box>
  </track>
</annotations>