<?xml version="1.0" encoding="utf-8"?>
<annotations>
  <version>1.1</version>
  <meta>
    <task>
      <id>342</id>
      <name>09-25-2019 23-20-43 M Right Bank Underwater</name>
      <size>95</size>
      <mode>interpolation</mode>
      <overlap>5</overlap>
      <bugtracker></bugtracker>
      <created>2021-03-22 20:39:33.395692+00:00</created>
      <updated>2021-03-22 21:52:18.086404+00:00</updated>
      <start_frame>0</start_frame>
      <stop_frame>94</stop_frame>
      <frame_filter></frame_filter>
      <labels>
        <label>
          <name>Coho</name>
          <color>#24b353</color>
          <attributes>
            <attribute>
              <name>Adipose Clipped</name>
              <mutable>False</mutable>
              <input_type>select</input_type>
              <default_value>No</default_value>
              <values>No
Yes
NA</values>
            </attribute>
            <attribute>
              <name>Confidence Level</name>
              <mutable>False</mutable>
              <input_type>select</input_type>
              <default_value>3</default_value>
              <values>3
2
1</values>
            </attribute>
            <attribute>
              <name>Injury</name>
              <mutable>False</mutable>
              <input_type>select</input_type>
              <default_value>No</default_value>
              <values>No
Yes
NA</values>
            </attribute>
            <attribute>
              <name>Notes</name>
              <mutable>False</mutable>
              <input_type>text</input_type>
              <default_value>NA</default_value>
              <values>NA</values>
            </attribute>
            <attribute>
              <name>Sex</name>
              <mutable>False</mutable>
              <input_type>select</input_type>
              <default_value>Male</default_value>
              <values>Male
Female
Jack</values>
            </attribute>
          </attributes>
        </label>
        <label>
          <name>Bull</name>
          <color>#ff6037</color>
          <attributes>
            <attribute>
              <name>Adipose Clipped</name>
              <mutable>False</mutable>
              <input_type>select</input_type>
              <default_value>No</default_value>
              <values>No
NA</values>
            </attribute>
            <attribute>
              <name>Confidence Level</name>
              <mutable>False</mutable>
              <input_type>select</input_type>
              <default_value>3</default_value>
              <values>3
2
1</values>
            </attribute>
            <attribute>
              <name>Injury</name>
              <mutable>False</mutable>
              <input_type>select</input_type>
              <default_value>No</default_value>
              <values>No
Yes
NA</values>
            </attribute>
            <attribute>
              <name>Notes</name>
              <mutable>False</mutable>
              <input_type>text</input_type>
              <default_value>NA</default_value>
              <values>NA</values>
            </attribute>
            <attribute>
              <name>Sex</name>
              <mutable>False</mutable>
              <input_type>select</input_type>
              <default_value>NA</default_value>
              <values>NA</values>
            </attribute>
          </attributes>
        </label>
        <label>
          <name>Chum</name>
          <color>#b83df5</color>
          <attributes>
            <attribute>
              <name>Adipose Clipped</name>
              <mutable>False</mutable>
              <input_type>select</input_type>
              <default_value>No</default_value>
              <values>No
Yes
NA</values>
            </attribute>
            <attribute>
              <name>Confidence Level</name>
              <mutable>False</mutable>
              <input_type>select</input_type>
              <default_value>3</default_value>
              <values>3
2
1</values>
            </attribute>
            <attribute>
              <name>Injury</name>
              <mutable>False</mutable>
              <input_type>select</input_type>
              <default_value>No</default_value>
              <values>No
Yes
NA</values>
            </attribute>
            <attribute>
              <name>Notes</name>
              <mutable>False</mutable>
              <input_type>text</input_type>
              <default_value>NA</default_value>
              <values>NA</values>
            </attribute>
            <attribute>
              <name>Sex</name>
              <mutable>False</mutable>
              <input_type>select</input_type>
              <default_value>Male</default_value>
              <values>Male
Female</values>
            </attribute>
          </attributes>
        </label>
        <label>
          <name>Whitefish</name>
          <color>#e5e5f3</color>
          <attributes>
            <attribute>
              <name>Adipose Clipped</name>
              <mutable>False</mutable>
              <input_type>select</input_type>
              <default_value>No</default_value>
              <values>No
Yes
NA</values>
            </attribute>
            <attribute>
              <name>Confidence Level</name>
              <mutable>False</mutable>
              <input_type>select</input_type>
              <default_value>3</default_value>
              <values>3
2
1</values>
            </attribute>
            <attribute>
              <name>Injury</name>
              <mutable>False</mutable>
              <input_type>select</input_type>
              <default_value>No</default_value>
              <values>No
Yes
NA</values>
            </attribute>
            <attribute>
              <name>Notes</name>
              <mutable>False</mutable>
              <input_type>text</input_type>
              <default_value>NA</default_value>
              <values>NA</values>
            </attribute>
            <attribute>
              <name>Sex</name>
              <mutable>False</mutable>
              <input_type>select</input_type>
              <default_value>NA</default_value>
              <values>NA</values>
            </attribute>
          </attributes>
        </label>
        <label>
          <name>Pink</name>
          <color>#fa7dbb</color>
          <attributes>
            <attribute>
              <name>Adipose Clipped</name>
              <mutable>False</mutable>
              <input_type>select</input_type>
              <default_value>No</default_value>
              <values>No
Yes
NA</values>
            </attribute>
            <attribute>
              <name>Confidence Level</name>
              <mutable>False</mutable>
              <input_type>select</input_type>
              <default_value>3</default_value>
              <values>3
2
1</values>
            </attribute>
            <attribute>
              <name>Injury</name>
              <mutable>False</mutable>
              <input_type>select</input_type>
              <default_value>No</default_value>
              <values>No
Yes
NA</values>
            </attribute>
            <attribute>
              <name>Notes</name>
              <mutable>False</mutable>
              <input_type>text</input_type>
              <default_value>NA</default_value>
              <values>NA</values>
            </attribute>
            <attribute>
              <name>Sex</name>
              <mutable>False</mutable>
              <input_type>select</input_type>
              <default_value>Male</default_value>
              <values>Male
Female
NA</values>
            </attribute>
          </attributes>
        </label>
        <label>
          <name>Sockeye</name>
          <color>#fa3253</color>
          <attributes>
            <attribute>
              <name>Adipose Clipped</name>
              <mutable>False</mutable>
              <input_type>select</input_type>
              <default_value>No</default_value>
              <values>No
Yes
NA</values>
            </attribute>
            <attribute>
              <name>Confidence Level</name>
              <mutable>False</mutable>
              <input_type>select</input_type>
              <default_value>3</default_value>
              <values>3
2
1</values>
            </attribute>
            <attribute>
              <name>Injury</name>
              <mutable>False</mutable>
              <input_type>select</input_type>
              <default_value>No</default_value>
              <values>No
Yes
NA</values>
            </attribute>
            <attribute>
              <name>Notes</name>
              <mutable>False</mutable>
              <input_type>text</input_type>
              <default_value>NA</default_value>
              <values>NA</values>
            </attribute>
            <attribute>
              <name>Sex</name>
              <mutable>False</mutable>
              <input_type>select</input_type>
              <default_value>Male</default_value>
              <values>Male
Female</values>
            </attribute>
          </attributes>
        </label>
        <label>
          <name>Rainbow</name>
          <color>#ff00cc</color>
          <attributes>
            <attribute>
              <name>Adipose Clipped</name>
              <mutable>False</mutable>
              <input_type>select</input_type>
              <default_value>No</default_value>
              <values>No
Yes
NA</values>
            </attribute>
            <attribute>
              <name>Confidence Level</name>
              <mutable>False</mutable>
              <input_type>select</input_type>
              <default_value>3</default_value>
              <values>3
2
1</values>
            </attribute>
            <attribute>
              <name>Injury</name>
              <mutable>False</mutable>
              <input_type>select</input_type>
              <default_value>No</default_value>
              <values>No
Yes
NA</values>
            </attribute>
            <attribute>
              <name>Notes</name>
              <mutable>False</mutable>
              <input_type>text</input_type>
              <default_value>NA</default_value>
              <values>NA</values>
            </attribute>
            <attribute>
              <name>Sex</name>
              <mutable>False</mutable>
              <input_type>select</input_type>
              <default_value>NA</default_value>
              <values>NA
Juvenile</values>
            </attribute>
          </attributes>
        </label>
        <label>
          <name>Steelhead</name>
          <color>#66ff66</color>
          <attributes>
            <attribute>
              <name>Adipose Clipped</name>
              <mutable>False</mutable>
              <input_type>select</input_type>
              <default_value>No</default_value>
              <values>No
Yes
NA</values>
            </attribute>
            <attribute>
              <name>Confidence Level</name>
              <mutable>False</mutable>
              <input_type>select</input_type>
              <default_value>3</default_value>
              <values>3
2
1</values>
            </attribute>
            <attribute>
              <name>Injury</name>
              <mutable>False</mutable>
              <input_type>select</input_type>
              <default_value>No</default_value>
              <values>No
Yes
NA</values>
            </attribute>
            <attribute>
              <name>Notes</name>
              <mutable>False</mutable>
              <input_type>select</input_type>
              <default_value>NA</default_value>
              <values>NA</values>
            </attribute>
            <attribute>
              <name>Sex</name>
              <mutable>False</mutable>
              <input_type>select</input_type>
              <default_value>Male</default_value>
              <values>Male
Female</values>
            </attribute>
          </attributes>
        </label>
        <label>
          <name>Chinook</name>
          <color>#cc3366</color>
          <attributes>
            <attribute>
              <name>Adipose Clipped</name>
              <mutable>False</mutable>
              <input_type>select</input_type>
              <default_value>No</default_value>
              <values>No
Yes
NA</values>
            </attribute>
            <attribute>
              <name>Confidence Level</name>
              <mutable>False</mutable>
              <input_type>select</input_type>
              <default_value>3</default_value>
              <values>3
2
1</values>
            </attribute>
            <attribute>
              <name>Injury</name>
              <mutable>False</mutable>
              <input_type>select</input_type>
              <default_value>No</default_value>
              <values>No
Yes
NA</values>
            </attribute>
            <attribute>
              <name>Notes</name>
              <mutable>False</mutable>
              <input_type>text</input_type>
              <default_value>NA</default_value>
              <values>NA</values>
            </attribute>
            <attribute>
              <name>Sex</name>
              <mutable>False</mutable>
              <input_type>select</input_type>
              <default_value>Male</default_value>
              <values>Male
Female</values>
            </attribute>
          </attributes>
        </label>
        <label>
          <name>Pikeminnow</name>
          <color>#cc9933</color>
          <attributes>
          </attributes>
        </label>
      </labels>
      <segments>
        <segment>
          <id>341</id>
          <start>0</start>
          <stop>94</stop>
          <url>httplocalhost:8080/?id=341</url>
        </segment>
      </segments>
      <owner>
        <username>bna19</username>
        <email>bna19@sfu.ca</email>
      </owner>
      <assignee></assignee>
      <original_size>
        <width>1920</width>
        <height>1080</height>
      </original_size>
    </task>
    <dumped>2021-03-22 21:52:32.260819+00:00</dumped>
    <source>09-25-2019 23-20-43 M Right Bank Underwater.mp4</source>
  </meta>
  <track id="0" label="Coho" source="manual">
    <box frame="8" outside="0" occluded="0" keyframe="1" xtl="0.00" ytl="398.75" xbr="239.38" ybr="689.38" z_order="0">
      <attribute name="Adipose Clipped">No</attribute>
      <attribute name="Injury">No</attribute>
      <attribute name="Confidence Level">3</attribute>
      <attribute name="Notes">NA</attribute>
      <attribute name="Sex">Male</attribute>
    </box>
    <box frame="9" outside="0" occluded="0" keyframe="0" xtl="0.00" ytl="398.75" xbr="271.06" ybr="699.69" z_order="0">
      <attribute name="Adipose Clipped">No</attribute>
      <attribute name="Injury">No</attribute>
      <attribute name="Confidence Level">3</attribute>
      <attribute name="Notes">NA</attribute>
      <attribute name="Sex">Male</attribute>
    </box>
    <box frame="10" outside="0" occluded="0" keyframe="0" xtl="0.00" ytl="398.75" xbr="302.74" ybr="710.00" z_order="0">
      <attribute name="Adipose Clipped">No</attribute>
      <attribute name="Injury">No</attribute>
      <attribute name="Confidence Level">3</attribute>
      <attribute name="Notes">NA</attribute>
      <attribute name="Sex">Male</attribute>
    </box>
    <box frame="11" outside="0" occluded="0" keyframe="0" xtl="0.00" ytl="398.75" xbr="334.42" ybr="720.31" z_order="0">
      <attribute name="Adipose Clipped">No</attribute>
      <attribute name="Injury">No</attribute>
      <attribute name="Confidence Level">3</attribute>
      <attribute name="Notes">NA</attribute>
      <attribute name="Sex">Male</attribute>
    </box>
    <box frame="12" outside="0" occluded="0" keyframe="0" xtl="0.00" ytl="398.75" xbr="366.11" ybr="730.62" z_order="0">
      <attribute name="Adipose Clipped">No</attribute>
      <attribute name="Injury">No</attribute>
      <attribute name="Confidence Level">3</attribute>
      <attribute name="Notes">NA</attribute>
      <attribute name="Sex">Male</attribute>
    </box>
    <box frame="13" outside="0" occluded="0" keyframe="0" xtl="0.00" ytl="398.75" xbr="397.79" ybr="740.94" z_order="0">
      <attribute name="Adipose Clipped">No</attribute>
      <attribute name="Injury">No</attribute>
      <attribute name="Confidence Level">3</attribute>
      <attribute name="Notes">NA</attribute>
      <attribute name="Sex">Male</attribute>
    </box>
    <box frame="14" outside="0" occluded="0" keyframe="0" xtl="0.00" ytl="398.75" xbr="429.47" ybr="751.25" z_order="0">
      <attribute name="Adipose Clipped">No</attribute>
      <attribute name="Injury">No</attribute>
      <attribute name="Confidence Level">3</attribute>
      <attribute name="Notes">NA</attribute>
      <attribute name="Sex">Male</attribute>
    </box>
    <box frame="15" outside="0" occluded="0" keyframe="0" xtl="0.00" ytl="398.75" xbr="461.15" ybr="761.56" z_order="0">
      <attribute name="Adipose Clipped">No</attribute>
      <attribute name="Injury">No</attribute>
      <attribute name="Confidence Level">3</attribute>
      <attribute name="Notes">NA</attribute>
      <attribute name="Sex">Male</attribute>
    </box>
    <box frame="16" outside="0" occluded="0" keyframe="0" xtl="0.00" ytl="398.75" xbr="492.84" ybr="771.88" z_order="0">
      <attribute name="Adipose Clipped">No</attribute>
      <attribute name="Injury">No</attribute>
      <attribute name="Confidence Level">3</attribute>
      <attribute name="Notes">NA</attribute>
      <attribute name="Sex">Male</attribute>
    </box>
    <box frame="17" outside="0" occluded="0" keyframe="0" xtl="0.00" ytl="398.75" xbr="524.52" ybr="782.19" z_order="0">
      <attribute name="Adipose Clipped">No</attribute>
      <attribute name="Injury">No</attribute>
      <attribute name="Confidence Level">3</attribute>
      <attribute name="Notes">NA</attribute>
      <attribute name="Sex">Male</attribute>
    </box>
    <box frame="18" outside="0" occluded="0" keyframe="1" xtl="0.00" ytl="398.75" xbr="556.20" ybr="792.50" z_order="0">
      <attribute name="Adipose Clipped">No</attribute>
      <attribute name="Injury">No</attribute>
      <attribute name="Confidence Level">3</attribute>
      <attribute name="Notes">NA</attribute>
      <attribute name="Sex">Male</attribute>
    </box>
    <box frame="19" outside="0" occluded="0" keyframe="0" xtl="0.00" ytl="394.62" xbr="578.32" ybr="793.06" z_order="0">
      <attribute name="Adipose Clipped">No</attribute>
      <attribute name="Injury">No</attribute>
      <attribute name="Confidence Level">3</attribute>
      <attribute name="Notes">NA</attribute>
      <attribute name="Sex">Male</attribute>
    </box>
    <box frame="20" outside="0" occluded="0" keyframe="0" xtl="0.00" ytl="390.50" xbr="600.44" ybr="793.62" z_order="0">
      <attribute name="Adipose Clipped">No</attribute>
      <attribute name="Injury">No</attribute>
      <attribute name="Confidence Level">3</attribute>
      <attribute name="Notes">NA</attribute>
      <attribute name="Sex">Male</attribute>
    </box>
    <box frame="21" outside="0" occluded="0" keyframe="0" xtl="0.00" ytl="386.38" xbr="622.56" ybr="794.18" z_order="0">
      <attribute name="Adipose Clipped">No</attribute>
      <attribute name="Injury">No</attribute>
      <attribute name="Confidence Level">3</attribute>
      <attribute name="Notes">NA</attribute>
      <attribute name="Sex">Male</attribute>
    </box>
    <box frame="22" outside="0" occluded="0" keyframe="0" xtl="0.00" ytl="382.25" xbr="644.68" ybr="794.74" z_order="0">
      <attribute name="Adipose Clipped">No</attribute>
      <attribute name="Injury">No</attribute>
      <attribute name="Confidence Level">3</attribute>
      <attribute name="Notes">NA</attribute>
      <attribute name="Sex">Male</attribute>
    </box>
    <box frame="23" outside="0" occluded="0" keyframe="0" xtl="0.00" ytl="378.12" xbr="666.80" ybr="795.30" z_order="0">
      <attribute name="Adipose Clipped">No</attribute>
      <attribute name="Injury">No</attribute>
      <attribute name="Confidence Level">3</attribute>
      <attribute name="Notes">NA</attribute>
      <attribute name="Sex">Male</attribute>
    </box>
    <box frame="24" outside="0" occluded="0" keyframe="0" xtl="0.00" ytl="374.00" xbr="688.92" ybr="795.86" z_order="0">
      <attribute name="Adipose Clipped">No</attribute>
      <attribute name="Injury">No</attribute>
      <attribute name="Confidence Level">3</attribute>
      <attribute name="Notes">NA</attribute>
      <attribute name="Sex">Male</attribute>
    </box>
    <box frame="25" outside="0" occluded="0" keyframe="0" xtl="0.00" ytl="369.88" xbr="711.04" ybr="796.42" z_order="0">
      <attribute name="Adipose Clipped">No</attribute>
      <attribute name="Injury">No</attribute>
      <attribute name="Confidence Level">3</attribute>
      <attribute name="Notes">NA</attribute>
      <attribute name="Sex">Male</attribute>
    </box>
    <box frame="26" outside="0" occluded="0" keyframe="0" xtl="0.00" ytl="365.75" xbr="733.16" ybr="796.98" z_order="0">
      <attribute name="Adipose Clipped">No</attribute>
      <attribute name="Injury">No</attribute>
      <attribute name="Confidence Level">3</attribute>
      <attribute name="Notes">NA</attribute>
      <attribute name="Sex">Male</attribute>
    </box>
    <box frame="27" outside="0" occluded="0" keyframe="0" xtl="0.00" ytl="361.62" xbr="755.28" ybr="797.54" z_order="0">
      <attribute name="Adipose Clipped">No</attribute>
      <attribute name="Injury">No</attribute>
      <attribute name="Confidence Level">3</attribute>
      <attribute name="Notes">NA</attribute>
      <attribute name="Sex">Male</attribute>
    </box>
    <box frame="28" outside="0" occluded="0" keyframe="1" xtl="0.00" ytl="357.50" xbr="777.40" ybr="798.10" z_order="0">
      <attribute name="Adipose Clipped">No</attribute>
      <attribute name="Injury">No</attribute>
      <attribute name="Confidence Level">3</attribute>
      <attribute name="Notes">NA</attribute>
      <attribute name="Sex">Male</attribute>
    </box>
    <box frame="29" outside="0" occluded="0" keyframe="0" xtl="0.00" ytl="357.50" xbr="815.84" ybr="800.16" z_order="0">
      <attribute name="Adipose Clipped">No</attribute>
      <attribute name="Injury">No</attribute>
      <attribute name="Confidence Level">3</attribute>
      <attribute name="Notes">NA</attribute>
      <attribute name="Sex">Male</attribute>
    </box>
    <box frame="30" outside="0" occluded="0" keyframe="0" xtl="0.00" ytl="357.50" xbr="854.28" ybr="802.22" z_order="0">
      <attribute name="Adipose Clipped">No</attribute>
      <attribute name="Injury">No</attribute>
      <attribute name="Confidence Level">3</attribute>
      <attribute name="Notes">NA</attribute>
      <attribute name="Sex">Male</attribute>
    </box>
    <box frame="31" outside="0" occluded="0" keyframe="0" xtl="0.00" ytl="357.50" xbr="892.72" ybr="804.28" z_order="0">
      <attribute name="Adipose Clipped">No</attribute>
      <attribute name="Injury">No</attribute>
      <attribute name="Confidence Level">3</attribute>
      <attribute name="Notes">NA</attribute>
      <attribute name="Sex">Male</attribute>
    </box>
    <box frame="32" outside="0" occluded="0" keyframe="0" xtl="0.00" ytl="357.50" xbr="931.16" ybr="806.34" z_order="0">
      <attribute name="Adipose Clipped">No</attribute>
      <attribute name="Injury">No</attribute>
      <attribute name="Confidence Level">3</attribute>
      <attribute name="Notes">NA</attribute>
      <attribute name="Sex">Male</attribute>
    </box>
    <box frame="33" outside="0" occluded="0" keyframe="0" xtl="0.00" ytl="357.50" xbr="969.60" ybr="808.40" z_order="0">
      <attribute name="Adipose Clipped">No</attribute>
      <attribute name="Injury">No</attribute>
      <attribute name="Confidence Level">3</attribute>
      <attribute name="Notes">NA</attribute>
      <attribute name="Sex">Male</attribute>
    </box>
    <box frame="34" outside="0" occluded="0" keyframe="0" xtl="0.00" ytl="357.50" xbr="1008.04" ybr="810.46" z_order="0">
      <attribute name="Adipose Clipped">No</attribute>
      <attribute name="Injury">No</attribute>
      <attribute name="Confidence Level">3</attribute>
      <attribute name="Notes">NA</attribute>
      <attribute name="Sex">Male</attribute>
    </box>
    <box frame="35" outside="0" occluded="0" keyframe="0" xtl="0.00" ytl="357.50" xbr="1046.48" ybr="812.52" z_order="0">
      <attribute name="Adipose Clipped">No</attribute>
      <attribute name="Injury">No</attribute>
      <attribute name="Confidence Level">3</attribute>
      <attribute name="Notes">NA</attribute>
      <attribute name="Sex">Male</attribute>
    </box>
    <box frame="36" outside="0" occluded="0" keyframe="0" xtl="0.00" ytl="357.50" xbr="1084.92" ybr="814.58" z_order="0">
      <attribute name="Adipose Clipped">No</attribute>
      <attribute name="Injury">No</attribute>
      <attribute name="Confidence Level">3</attribute>
      <attribute name="Notes">NA</attribute>
      <attribute name="Sex">Male</attribute>
    </box>
    <box frame="37" outside="0" occluded="0" keyframe="0" xtl="0.00" ytl="357.50" xbr="1123.36" ybr="816.64" z_order="0">
      <attribute name="Adipose Clipped">No</attribute>
      <attribute name="Injury">No</attribute>
      <attribute name="Confidence Level">3</attribute>
      <attribute name="Notes">NA</attribute>
      <attribute name="Sex">Male</attribute>
    </box>
    <box frame="38" outside="0" occluded="0" keyframe="1" xtl="0.00" ytl="357.50" xbr="1161.80" ybr="818.70" z_order="0">
      <attribute name="Adipose Clipped">No</attribute>
      <attribute name="Injury">No</attribute>
      <attribute name="Confidence Level">3</attribute>
      <attribute name="Notes">NA</attribute>
      <attribute name="Sex">Male</attribute>
    </box>
    <box frame="39" outside="0" occluded="0" keyframe="0" xtl="0.00" ytl="357.50" xbr="1221.80" ybr="818.70" z_order="0">
      <attribute name="Adipose Clipped">No</attribute>
      <attribute name="Injury">No</attribute>
      <attribute name="Confidence Level">3</attribute>
      <attribute name="Notes">NA</attribute>
      <attribute name="Sex">Male</attribute>
    </box>
    <box frame="40" outside="0" occluded="0" keyframe="1" xtl="0.00" ytl="357.50" xbr="1281.80" ybr="818.70" z_order="0">
      <attribute name="Adipose Clipped">No</attribute>
      <attribute name="Injury">No</attribute>
      <attribute name="Confidence Level">3</attribute>
      <attribute name="Notes">NA</attribute>
      <attribute name="Sex">Male</attribute>
    </box>
    <box frame="41" outside="0" occluded="0" keyframe="0" xtl="0.00" ytl="359.94" xbr="1302.88" ybr="821.14" z_order="0">
      <attribute name="Adipose Clipped">No</attribute>
      <attribute name="Injury">No</attribute>
      <attribute name="Confidence Level">3</attribute>
      <attribute name="Notes">NA</attribute>
      <attribute name="Sex">Male</attribute>
    </box>
    <box frame="42" outside="0" occluded="0" keyframe="1" xtl="0.00" ytl="362.38" xbr="1323.96" ybr="823.58" z_order="0">
      <attribute name="Adipose Clipped">No</attribute>
      <attribute name="Injury">No</attribute>
      <attribute name="Confidence Level">3</attribute>
      <attribute name="Notes">NA</attribute>
      <attribute name="Sex">Male</attribute>
    </box>
    <box frame="43" outside="0" occluded="0" keyframe="1" xtl="22.34" ytl="364.81" xbr="1390.03" ybr="826.01" z_order="0">
      <attribute name="Adipose Clipped">No</attribute>
      <attribute name="Injury">No</attribute>
      <attribute name="Confidence Level">3</attribute>
      <attribute name="Notes">NA</attribute>
      <attribute name="Sex">Male</attribute>
    </box>
    <box frame="44" outside="0" occluded="0" keyframe="0" xtl="39.63" ytl="363.97" xbr="1435.95" ybr="825.17" z_order="0">
      <attribute name="Adipose Clipped">No</attribute>
      <attribute name="Injury">No</attribute>
      <attribute name="Confidence Level">3</attribute>
      <attribute name="Notes">NA</attribute>
      <attribute name="Sex">Male</attribute>
    </box>
    <box frame="45" outside="0" occluded="0" keyframe="0" xtl="56.92" ytl="363.13" xbr="1481.88" ybr="824.33" z_order="0">
      <attribute name="Adipose Clipped">No</attribute>
      <attribute name="Injury">No</attribute>
      <attribute name="Confidence Level">3</attribute>
      <attribute name="Notes">NA</attribute>
      <attribute name="Sex">Male</attribute>
    </box>
    <box frame="46" outside="0" occluded="0" keyframe="0" xtl="74.21" ytl="362.28" xbr="1527.80" ybr="823.48" z_order="0">
      <attribute name="Adipose Clipped">No</attribute>
      <attribute name="Injury">No</attribute>
      <attribute name="Confidence Level">3</attribute>
      <attribute name="Notes">NA</attribute>
      <attribute name="Sex">Male</attribute>
    </box>
    <box frame="47" outside="0" occluded="0" keyframe="1" xtl="91.50" ytl="361.44" xbr="1573.72" ybr="822.64" z_order="0">
      <attribute name="Adipose Clipped">No</attribute>
      <attribute name="Injury">No</attribute>
      <attribute name="Confidence Level">3</attribute>
      <attribute name="Notes">NA</attribute>
      <attribute name="Sex">Male</attribute>
    </box>
    <box frame="48" outside="0" occluded="0" keyframe="0" xtl="157.25" ytl="362.00" xbr="1633.28" ybr="823.20" z_order="0">
      <attribute name="Adipose Clipped">No</attribute>
      <attribute name="Injury">No</attribute>
      <attribute name="Confidence Level">3</attribute>
      <attribute name="Notes">NA</attribute>
      <attribute name="Sex">Male</attribute>
    </box>
    <box frame="49" outside="0" occluded="0" keyframe="0" xtl="223.00" ytl="362.56" xbr="1692.84" ybr="823.76" z_order="0">
      <attribute name="Adipose Clipped">No</attribute>
      <attribute name="Injury">No</attribute>
      <attribute name="Confidence Level">3</attribute>
      <attribute name="Notes">NA</attribute>
      <attribute name="Sex">Male</attribute>
    </box>
    <box frame="50" outside="0" occluded="0" keyframe="1" xtl="288.75" ytl="363.12" xbr="1752.40" ybr="824.33" z_order="0">
      <attribute name="Adipose Clipped">No</attribute>
      <attribute name="Injury">No</attribute>
      <attribute name="Confidence Level">3</attribute>
      <attribute name="Notes">NA</attribute>
      <attribute name="Sex">Male</attribute>
    </box>
    <box frame="51" outside="0" occluded="0" keyframe="1" xtl="318.75" ytl="363.12" xbr="1782.40" ybr="824.33" z_order="0">
      <attribute name="Adipose Clipped">No</attribute>
      <attribute name="Injury">No</attribute>
      <attribute name="Confidence Level">3</attribute>
      <attribute name="Notes">NA</attribute>
      <attribute name="Sex">Male</attribute>
    </box>
    <box frame="52" outside="0" occluded="0" keyframe="1" xtl="345.00" ytl="363.12" xbr="1808.65" ybr="824.33" z_order="0">
      <attribute name="Adipose Clipped">No</attribute>
      <attribute name="Injury">No</attribute>
      <attribute name="Confidence Level">3</attribute>
      <attribute name="Notes">NA</attribute>
      <attribute name="Sex">Male</attribute>
    </box>
    <box frame="53" outside="0" occluded="0" keyframe="1" xtl="365.62" ytl="365.00" xbr="1829.28" ybr="826.20" z_order="0">
      <attribute name="Adipose Clipped">No</attribute>
      <attribute name="Injury">No</attribute>
      <attribute name="Confidence Level">3</attribute>
      <attribute name="Notes">NA</attribute>
      <attribute name="Sex">Male</attribute>
    </box>
    <box frame="54" outside="0" occluded="0" keyframe="1" xtl="365.62" ytl="365.00" xbr="1896.80" ybr="826.20" z_order="0">
      <attribute name="Adipose Clipped">No</attribute>
      <attribute name="Injury">No</attribute>
      <attribute name="Confidence Level">3</attribute>
      <attribute name="Notes">NA</attribute>
      <attribute name="Sex">Male</attribute>
    </box>
    <box frame="55" outside="0" occluded="0" keyframe="0" xtl="394.69" ytl="364.06" xbr="1908.40" ybr="825.26" z_order="0">
      <attribute name="Adipose Clipped">No</attribute>
      <attribute name="Injury">No</attribute>
      <attribute name="Confidence Level">3</attribute>
      <attribute name="Notes">NA</attribute>
      <attribute name="Sex">Male</attribute>
    </box>
    <box frame="56" outside="0" occluded="0" keyframe="1" xtl="423.75" ytl="363.12" xbr="1920.00" ybr="824.33" z_order="0">
      <attribute name="Adipose Clipped">No</attribute>
      <attribute name="Injury">No</attribute>
      <attribute name="Confidence Level">3</attribute>
      <attribute name="Notes">NA</attribute>
      <attribute name="Sex">Male</attribute>
    </box>
    <box frame="57" outside="0" occluded="0" keyframe="0" xtl="464.38" ytl="362.50" xbr="1920.00" ybr="823.70" z_order="0">
      <attribute name="Adipose Clipped">No</attribute>
      <attribute name="Injury">No</attribute>
      <attribute name="Confidence Level">3</attribute>
      <attribute name="Notes">NA</attribute>
      <attribute name="Sex">Male</attribute>
    </box>
    <box frame="58" outside="0" occluded="0" keyframe="0" xtl="505.00" ytl="361.88" xbr="1920.00" ybr="823.08" z_order="0">
      <attribute name="Adipose Clipped">No</attribute>
      <attribute name="Injury">No</attribute>
      <attribute name="Confidence Level">3</attribute>
      <attribute name="Notes">NA</attribute>
      <attribute name="Sex">Male</attribute>
    </box>
    <box frame="59" outside="0" occluded="0" keyframe="1" xtl="545.62" ytl="361.25" xbr="1920.00" ybr="822.45" z_order="0">
      <attribute name="Adipose Clipped">No</attribute>
      <attribute name="Injury">No</attribute>
      <attribute name="Confidence Level">3</attribute>
      <attribute name="Notes">NA</attribute>
      <attribute name="Sex">Male</attribute>
    </box>
    <box frame="60" outside="0" occluded="0" keyframe="1" xtl="622.50" ytl="361.25" xbr="1920.00" ybr="822.45" z_order="0">
      <attribute name="Adipose Clipped">No</attribute>
      <attribute name="Injury">No</attribute>
      <attribute name="Confidence Level">3</attribute>
      <attribute name="Notes">NA</attribute>
      <attribute name="Sex">Male</attribute>
    </box>
    <box frame="61" outside="0" occluded="0" keyframe="1" xtl="695.62" ytl="361.25" xbr="1920.00" ybr="822.45" z_order="0">
      <attribute name="Adipose Clipped">No</attribute>
      <attribute name="Injury">No</attribute>
      <attribute name="Confidence Level">3</attribute>
      <attribute name="Notes">NA</attribute>
      <attribute name="Sex">Male</attribute>
    </box>
    <box frame="62" outside="0" occluded="0" keyframe="1" xtl="748.12" ytl="361.25" xbr="1920.00" ybr="822.45" z_order="0">
      <attribute name="Adipose Clipped">No</attribute>
      <attribute name="Injury">No</attribute>
      <attribute name="Confidence Level">3</attribute>
      <attribute name="Notes">NA</attribute>
      <attribute name="Sex">Male</attribute>
    </box>
    <box frame="63" outside="0" occluded="0" keyframe="1" xtl="804.38" ytl="361.25" xbr="1920.00" ybr="822.45" z_order="0">
      <attribute name="Adipose Clipped">No</attribute>
      <attribute name="Injury">No</attribute>
      <attribute name="Confidence Level">3</attribute>
      <attribute name="Notes">NA</attribute>
      <attribute name="Sex">Male</attribute>
    </box>
    <box frame="64" outside="0" occluded="0" keyframe="1" xtl="834.38" ytl="361.25" xbr="1920.00" ybr="822.45" z_order="0">
      <attribute name="Adipose Clipped">No</attribute>
      <attribute name="Injury">No</attribute>
      <attribute name="Confidence Level">3</attribute>
      <attribute name="Notes">NA</attribute>
      <attribute name="Sex">Male</attribute>
    </box>
    <box frame="65" outside="0" occluded="0" keyframe="1" xtl="862.50" ytl="361.25" xbr="1920.00" ybr="822.45" z_order="0">
      <attribute name="Adipose Clipped">No</attribute>
      <attribute name="Injury">No</attribute>
      <attribute name="Confidence Level">3</attribute>
      <attribute name="Notes">NA</attribute>
      <attribute name="Sex">Male</attribute>
    </box>
    <box frame="66" outside="0" occluded="0" keyframe="1" xtl="881.25" ytl="359.38" xbr="1920.00" ybr="820.58" z_order="0">
      <attribute name="Adipose Clipped">No</attribute>
      <attribute name="Injury">No</attribute>
      <attribute name="Confidence Level">3</attribute>
      <attribute name="Notes">NA</attribute>
      <attribute name="Sex">Male</attribute>
    </box>
    <box frame="67" outside="0" occluded="0" keyframe="1" xtl="928.12" ytl="359.38" xbr="1920.00" ybr="820.58" z_order="0">
      <attribute name="Adipose Clipped">No</attribute>
      <attribute name="Injury">No</attribute>
      <attribute name="Confidence Level">3</attribute>
      <attribute name="Notes">NA</attribute>
      <attribute name="Sex">Male</attribute>
    </box>
    <box frame="68" outside="0" occluded="0" keyframe="1" xtl="961.88" ytl="359.38" xbr="1920.00" ybr="820.58" z_order="0">
      <attribute name="Adipose Clipped">No</attribute>
      <attribute name="Injury">No</attribute>
      <attribute name="Confidence Level">3</attribute>
      <attribute name="Notes">NA</attribute>
      <attribute name="Sex">Male</attribute>
    </box>
    <box frame="69" outside="0" occluded="0" keyframe="1" xtl="993.75" ytl="359.38" xbr="1920.00" ybr="820.58" z_order="0">
      <attribute name="Adipose Clipped">No</attribute>
      <attribute name="Injury">No</attribute>
      <attribute name="Confidence Level">3</attribute>
      <attribute name="Notes">NA</attribute>
      <attribute name="Sex">Male</attribute>
    </box>
    <box frame="70" outside="0" occluded="0" keyframe="1" xtl="1027.50" ytl="359.38" xbr="1920.00" ybr="820.58" z_order="0">
      <attribute name="Adipose Clipped">No</attribute>
      <attribute name="Injury">No</attribute>
      <attribute name="Confidence Level">3</attribute>
      <attribute name="Notes">NA</attribute>
      <attribute name="Sex">Male</attribute>
    </box>
    <box frame="71" outside="0" occluded="0" keyframe="1" xtl="1061.25" ytl="359.38" xbr="1920.00" ybr="820.58" z_order="0">
      <attribute name="Adipose Clipped">No</attribute>
      <attribute name="Injury">No</attribute>
      <attribute name="Confidence Level">3</attribute>
      <attribute name="Notes">NA</attribute>
      <attribute name="Sex">Male</attribute>
    </box>
    <box frame="72" outside="0" occluded="0" keyframe="1" xtl="1149.38" ytl="359.38" xbr="1920.00" ybr="820.58" z_order="0">
      <attribute name="Adipose Clipped">No</attribute>
      <attribute name="Injury">No</attribute>
      <attribute name="Confidence Level">3</attribute>
      <attribute name="Notes">NA</attribute>
      <attribute name="Sex">Male</attribute>
    </box>
    <box frame="73" outside="0" occluded="0" keyframe="1" xtl="1186.88" ytl="359.38" xbr="1920.00" ybr="820.58" z_order="0">
      <attribute name="Adipose Clipped">No</attribute>
      <attribute name="Injury">No</attribute>
      <attribute name="Confidence Level">3</attribute>
      <attribute name="Notes">NA</attribute>
      <attribute name="Sex">Male</attribute>
    </box>
    <box frame="74" outside="0" occluded="0" keyframe="1" xtl="1220.62" ytl="359.38" xbr="1920.00" ybr="820.58" z_order="0">
      <attribute name="Adipose Clipped">No</attribute>
      <attribute name="Injury">No</attribute>
      <attribute name="Confidence Level">3</attribute>
      <attribute name="Notes">NA</attribute>
      <attribute name="Sex">Male</attribute>
    </box>
    <box frame="75" outside="0" occluded="0" keyframe="1" xtl="1263.75" ytl="355.62" xbr="1920.00" ybr="816.83" z_order="0">
      <attribute name="Adipose Clipped">No</attribute>
      <attribute name="Injury">No</attribute>
      <attribute name="Confidence Level">3</attribute>
      <attribute name="Notes">NA</attribute>
      <attribute name="Sex">Male</attribute>
    </box>
    <box frame="76" outside="0" occluded="1" keyframe="1" xtl="1344.38" ytl="368.75" xbr="1920.00" ybr="829.95" z_order="0">
      <attribute name="Adipose Clipped">No</attribute>
      <attribute name="Injury">No</attribute>
      <attribute name="Confidence Level">3</attribute>
      <attribute name="Notes">NA</attribute>
      <attribute name="Sex">Male</attribute>
    </box>
    <box frame="77" outside="0" occluded="1" keyframe="0" xtl="1376.88" ytl="375.63" xbr="1920.00" ybr="829.95" z_order="0">
      <attribute name="Adipose Clipped">No</attribute>
      <attribute name="Injury">No</attribute>
      <attribute name="Confidence Level">3</attribute>
      <attribute name="Notes">NA</attribute>
      <attribute name="Sex">Male</attribute>
    </box>
    <box frame="78" outside="0" occluded="1" keyframe="0" xtl="1409.39" ytl="382.52" xbr="1920.00" ybr="829.95" z_order="0">
      <attribute name="Adipose Clipped">No</attribute>
      <attribute name="Injury">No</attribute>
      <attribute name="Confidence Level">3</attribute>
      <attribute name="Notes">NA</attribute>
      <attribute name="Sex">Male</attribute>
    </box>
    <box frame="79" outside="0" occluded="1" keyframe="1" xtl="1441.90" ytl="389.40" xbr="1920.00" ybr="829.95" z_order="0">
      <attribute name="Adipose Clipped">No</attribute>
      <attribute name="Injury">No</attribute>
      <attribute name="Confidence Level">3</attribute>
      <attribute name="Notes">NA</attribute>
      <attribute name="Sex">Male</attribute>
    </box>
    <box frame="80" outside="0" occluded="1" keyframe="0" xtl="1506.60" ytl="391.30" xbr="1920.00" ybr="829.95" z_order="0">
      <attribute name="Adipose Clipped">No</attribute>
      <attribute name="Injury">No</attribute>
      <attribute name="Confidence Level">3</attribute>
      <attribute name="Notes">NA</attribute>
      <attribute name="Sex">Male</attribute>
    </box>
    <box frame="81" outside="0" occluded="1" keyframe="1" xtl="1571.30" ytl="393.20" xbr="1920.00" ybr="829.95" z_order="0">
      <attribute name="Adipose Clipped">No</attribute>
      <attribute name="Injury">No</attribute>
      <attribute name="Confidence Level">3</attribute>
      <attribute name="Notes">NA</attribute>
      <attribute name="Sex">Male</attribute>
    </box>
    <box frame="82" outside="0" occluded="1" keyframe="1" xtl="1627.55" ytl="393.20" xbr="1920.00" ybr="829.95" z_order="0">
      <attribute name="Adipose Clipped">No</attribute>
      <attribute name="Injury">No</attribute>
      <attribute name="Confidence Level">3</attribute>
      <attribute name="Notes">NA</attribute>
      <attribute name="Sex">Male</attribute>
    </box>
    <box frame="83" outside="0" occluded="1" keyframe="1" xtl="1708.17" ytl="393.20" xbr="1920.00" ybr="829.95" z_order="0">
      <attribute name="Adipose Clipped">No</attribute>
      <attribute name="Injury">No</attribute>
      <attribute name="Confidence Level">3</attribute>
      <attribute name="Notes">NA</attribute>
      <attribute name="Sex">Male</attribute>
    </box>
    <box frame="84" outside="1" occluded="1" keyframe="1" xtl="1708.17" ytl="393.20" xbr="1920.00" ybr="829.95" z_order="0">
      <attribute name="Adipose Clipped">No</attribute>
      <attribute name="Injury">No</attribute>
      <attribute name="Confidence Level">3</attribute>
      <attribute name="Notes">NA</attribute>
      <attribute name="Sex">Male</attribute>
    </box>
  </track>
</annotations>