<?xml version="1.0" encoding="utf-8"?>
<annotations>
  <version>1.1</version>
  <meta>
    <task>
      <id>418</id>
      <name>09-23-2020 16-02-18 M Salmon Camera</name>
      <size>720</size>
      <mode>interpolation</mode>
      <overlap>5</overlap>
      <bugtracker></bugtracker>
      <created>2022-01-12 00:32:07.151283+00:00</created>
      <updated>2022-01-12 00:59:41.755965+00:00</updated>
      <subset>default</subset>
      <start_frame>0</start_frame>
      <stop_frame>719</stop_frame>
      <frame_filter></frame_filter>
      <segments>
        <segment>
          <id>407</id>
          <start>0</start>
          <stop>719</stop>
          <url>httplocalhost:8080/?id=407</url>
        </segment>
      </segments>
      <owner>
        <username>scurfield</username>
        <email>dan.scurfield@gmail.com</email>
      </owner>
      <assignee></assignee>
      <labels>
        <label>
          <name>Coho</name>
          <color>#83e070</color>
          <attributes>
            <attribute>
              <name>Adipose Clipped</name>
              <mutable>False</mutable>
              <input_type>select</input_type>
              <default_value>No</default_value>
              <values>No
Yes
NA</values>
            </attribute>
            <attribute>
              <name>confidence level</name>
              <mutable>False</mutable>
              <input_type>select</input_type>
              <default_value>3</default_value>
              <values>3
2
1</values>
            </attribute>
            <attribute>
              <name>injury</name>
              <mutable>False</mutable>
              <input_type>select</input_type>
              <default_value>No</default_value>
              <values>No
Yes
NA</values>
            </attribute>
            <attribute>
              <name>notes</name>
              <mutable>False</mutable>
              <input_type>text</input_type>
              <default_value>NA</default_value>
              <values>NA</values>
            </attribute>
            <attribute>
              <name>sex</name>
              <mutable>False</mutable>
              <input_type>select</input_type>
              <default_value>Male</default_value>
              <values>Male
Female
Jack</values>
            </attribute>
            <attribute>
              <name>view</name>
              <mutable>False</mutable>
              <input_type>select</input_type>
              <default_value>Side</default_value>
              <values>Side
Top-down</values>
            </attribute>
          </attributes>
        </label>
        <label>
          <name>Bull</name>
          <color>#20c000</color>
          <attributes>
            <attribute>
              <name>adipose clipped</name>
              <mutable>False</mutable>
              <input_type>select</input_type>
              <default_value>No</default_value>
              <values>No
NA</values>
            </attribute>
            <attribute>
              <name>confidence level</name>
              <mutable>False</mutable>
              <input_type>select</input_type>
              <default_value>3</default_value>
              <values>3
2
1</values>
            </attribute>
            <attribute>
              <name>injury</name>
              <mutable>False</mutable>
              <input_type>select</input_type>
              <default_value>No</default_value>
              <values>No
Yes
NA</values>
            </attribute>
            <attribute>
              <name>notes</name>
              <mutable>False</mutable>
              <input_type>text</input_type>
              <default_value>NA</default_value>
              <values>NA</values>
            </attribute>
            <attribute>
              <name>sex</name>
              <mutable>False</mutable>
              <input_type>select</input_type>
              <default_value>NA</default_value>
              <values>NA</values>
            </attribute>
            <attribute>
              <name>view</name>
              <mutable>False</mutable>
              <input_type>select</input_type>
              <default_value>Side</default_value>
              <values>Side
Top-down</values>
            </attribute>
          </attributes>
        </label>
        <label>
          <name>Chum</name>
          <color>#b83df5</color>
          <attributes>
            <attribute>
              <name>view</name>
              <mutable>False</mutable>
              <input_type>select</input_type>
              <default_value>Side</default_value>
              <values>Side
Top-down</values>
            </attribute>
            <attribute>
              <name>injury</name>
              <mutable>False</mutable>
              <input_type>select</input_type>
              <default_value>No</default_value>
              <values>No
Yes
NA</values>
            </attribute>
            <attribute>
              <name>adipose clipped</name>
              <mutable>False</mutable>
              <input_type>select</input_type>
              <default_value>No</default_value>
              <values>No
Yes
NA</values>
            </attribute>
            <attribute>
              <name>notes</name>
              <mutable>False</mutable>
              <input_type>text</input_type>
              <default_value>NA</default_value>
              <values>NA</values>
            </attribute>
            <attribute>
              <name>sex</name>
              <mutable>False</mutable>
              <input_type>select</input_type>
              <default_value>Male</default_value>
              <values>Male
Female</values>
            </attribute>
            <attribute>
              <name>confidence level</name>
              <mutable>False</mutable>
              <input_type>select</input_type>
              <default_value>3</default_value>
              <values>3
2
1</values>
            </attribute>
          </attributes>
        </label>
        <label>
          <name>Whitefish</name>
          <color>#e5e3ee</color>
          <attributes>
            <attribute>
              <name>adipose clipped</name>
              <mutable>False</mutable>
              <input_type>select</input_type>
              <default_value>No</default_value>
              <values>No
Yes
NA</values>
            </attribute>
            <attribute>
              <name>confidence level</name>
              <mutable>False</mutable>
              <input_type>select</input_type>
              <default_value>3</default_value>
              <values>3
2
1</values>
            </attribute>
            <attribute>
              <name>injury</name>
              <mutable>False</mutable>
              <input_type>select</input_type>
              <default_value>No</default_value>
              <values>No
Yes
NA</values>
            </attribute>
            <attribute>
              <name>notes</name>
              <mutable>False</mutable>
              <input_type>text</input_type>
              <default_value>NA</default_value>
              <values>NA</values>
            </attribute>
            <attribute>
              <name>sex</name>
              <mutable>False</mutable>
              <input_type>select</input_type>
              <default_value>NA</default_value>
              <values>NA</values>
            </attribute>
            <attribute>
              <name>view</name>
              <mutable>False</mutable>
              <input_type>select</input_type>
              <default_value>Side</default_value>
              <values>Side
Top-down</values>
            </attribute>
          </attributes>
        </label>
        <label>
          <name>Pink</name>
          <color>#fa7dbb</color>
          <attributes>
            <attribute>
              <name>confidence level</name>
              <mutable>False</mutable>
              <input_type>select</input_type>
              <default_value>3</default_value>
              <values>3
2
1</values>
            </attribute>
            <attribute>
              <name>injury</name>
              <mutable>False</mutable>
              <input_type>select</input_type>
              <default_value>No</default_value>
              <values>No
Yes
NA</values>
            </attribute>
            <attribute>
              <name>notes</name>
              <mutable>False</mutable>
              <input_type>text</input_type>
              <default_value>NA</default_value>
              <values>NA</values>
            </attribute>
            <attribute>
              <name>sex</name>
              <mutable>False</mutable>
              <input_type>select</input_type>
              <default_value>Male</default_value>
              <values>Male
Female</values>
            </attribute>
            <attribute>
              <name>view</name>
              <mutable>False</mutable>
              <input_type>select</input_type>
              <default_value>Side</default_value>
              <values>Side
Top-down</values>
            </attribute>
            <attribute>
              <name>adipose clipped</name>
              <mutable>False</mutable>
              <input_type>select</input_type>
              <default_value>No</default_value>
              <values>No
Yes
NA</values>
            </attribute>
          </attributes>
        </label>
        <label>
          <name>Sockeye</name>
          <color>#fa3253</color>
          <attributes>
            <attribute>
              <name>sex</name>
              <mutable>False</mutable>
              <input_type>select</input_type>
              <default_value>Male</default_value>
              <values>Male
Female
Jack</values>
            </attribute>
            <attribute>
              <name>view</name>
              <mutable>False</mutable>
              <input_type>select</input_type>
              <default_value>Side</default_value>
              <values>Side
Top-down</values>
            </attribute>
            <attribute>
              <name>adipose clipped</name>
              <mutable>False</mutable>
              <input_type>select</input_type>
              <default_value>No</default_value>
              <values>No
Yes
NA</values>
            </attribute>
            <attribute>
              <name>confidence level</name>
              <mutable>False</mutable>
              <input_type>select</input_type>
              <default_value>3</default_value>
              <values>3
2
1</values>
            </attribute>
            <attribute>
              <name>injury</name>
              <mutable>False</mutable>
              <input_type>select</input_type>
              <default_value>No</default_value>
              <values>No
Yes
NA</values>
            </attribute>
            <attribute>
              <name>notes</name>
              <mutable>False</mutable>
              <input_type>text</input_type>
              <default_value>NA</default_value>
              <values>NA</values>
            </attribute>
          </attributes>
        </label>
        <label>
          <name>Steelhead</name>
          <color>#32b7fa</color>
          <attributes>
            <attribute>
              <name>confidence level</name>
              <mutable>False</mutable>
              <input_type>select</input_type>
              <default_value>3</default_value>
              <values>3
2
1</values>
            </attribute>
            <attribute>
              <name>injury</name>
              <mutable>False</mutable>
              <input_type>select</input_type>
              <default_value>No</default_value>
              <values>No
Yes
NA</values>
            </attribute>
            <attribute>
              <name>notes</name>
              <mutable>False</mutable>
              <input_type>text</input_type>
              <default_value>NA</default_value>
              <values>NA</values>
            </attribute>
            <attribute>
              <name>sex</name>
              <mutable>False</mutable>
              <input_type>select</input_type>
              <default_value>Male</default_value>
              <values>Male
Female</values>
            </attribute>
            <attribute>
              <name>view</name>
              <mutable>False</mutable>
              <input_type>select</input_type>
              <default_value>Side</default_value>
              <values>Side
Top-down</values>
            </attribute>
            <attribute>
              <name>adipose clipped</name>
              <mutable>False</mutable>
              <input_type>select</input_type>
              <default_value>No</default_value>
              <values>No
Yes
NA</values>
            </attribute>
          </attributes>
        </label>
        <label>
          <name>Rainbow</name>
          <color>#f1c6e3</color>
          <attributes>
            <attribute>
              <name>injury</name>
              <mutable>False</mutable>
              <input_type>select</input_type>
              <default_value>No</default_value>
              <values>No
Yes
NA</values>
            </attribute>
            <attribute>
              <name>notes</name>
              <mutable>False</mutable>
              <input_type>text</input_type>
              <default_value>NA</default_value>
              <values>NA</values>
            </attribute>
            <attribute>
              <name>view</name>
              <mutable>False</mutable>
              <input_type>select</input_type>
              <default_value>Side</default_value>
              <values>Side
Top-down</values>
            </attribute>
            <attribute>
              <name>sex</name>
              <mutable>False</mutable>
              <input_type>select</input_type>
              <default_value>NA</default_value>
              <values>NA
Juvenile</values>
            </attribute>
            <attribute>
              <name>adipose clipped</name>
              <mutable>False</mutable>
              <input_type>select</input_type>
              <default_value>No</default_value>
              <values>No
Yes
NA</values>
            </attribute>
            <attribute>
              <name>confidence level</name>
              <mutable>False</mutable>
              <input_type>select</input_type>
              <default_value>3</default_value>
              <values>3
2
1</values>
            </attribute>
          </attributes>
        </label>
        <label>
          <name>Chinook</name>
          <color>#2a7dd1</color>
          <attributes>
            <attribute>
              <name>adipose clipped</name>
              <mutable>False</mutable>
              <input_type>select</input_type>
              <default_value>No</default_value>
              <values>No
Yes
NA</values>
            </attribute>
            <attribute>
              <name>confidence level</name>
              <mutable>False</mutable>
              <input_type>select</input_type>
              <default_value>3</default_value>
              <values>3
2
1</values>
            </attribute>
            <attribute>
              <name>injury</name>
              <mutable>False</mutable>
              <input_type>select</input_type>
              <default_value>No</default_value>
              <values>No
Yes
NA</values>
            </attribute>
            <attribute>
              <name>notes</name>
              <mutable>False</mutable>
              <input_type>text</input_type>
              <default_value>NA</default_value>
              <values>NA</values>
            </attribute>
            <attribute>
              <name>sex</name>
              <mutable>False</mutable>
              <input_type>select</input_type>
              <default_value>Male</default_value>
              <values>Male
Female
Jack</values>
            </attribute>
            <attribute>
              <name>view</name>
              <mutable>False</mutable>
              <input_type>select</input_type>
              <default_value>Side</default_value>
              <values>Side
Top-down</values>
            </attribute>
          </attributes>
        </label>
        <label>
          <name>Pikeminnow</name>
          <color>#ecc49c</color>
          <attributes>
            <attribute>
              <name>confidence level</name>
              <mutable>False</mutable>
              <input_type>select</input_type>
              <default_value>3</default_value>
              <values>3
2
1</values>
            </attribute>
            <attribute>
              <name>notes</name>
              <mutable>False</mutable>
              <input_type>text</input_type>
              <default_value>NA</default_value>
              <values>NA</values>
            </attribute>
          </attributes>
        </label>
        <label>
          <name>Shiner</name>
          <color>#8c78f0</color>
          <attributes>
            <attribute>
              <name>confidence level</name>
              <mutable>False</mutable>
              <input_type>select</input_type>
              <default_value>3</default_value>
              <values>3
2
1</values>
            </attribute>
            <attribute>
              <name>notes</name>
              <mutable>False</mutable>
              <input_type>text</input_type>
              <default_value>NA</default_value>
              <values>NA</values>
            </attribute>
          </attributes>
        </label>
        <label>
          <name>Lampray</name>
          <color>#2e2930</color>
          <attributes>
            <attribute>
              <name>confidence level</name>
              <mutable>False</mutable>
              <input_type>select</input_type>
              <default_value>3</default_value>
              <values>3
2
1</values>
            </attribute>
            <attribute>
              <name>notes</name>
              <mutable>False</mutable>
              <input_type>text</input_type>
              <default_value>NA</default_value>
              <values>NA</values>
            </attribute>
          </attributes>
        </label>
        <label>
          <name>Cutthroat</name>
          <color>#cc9933</color>
          <attributes>
            <attribute>
              <name>adipose clipped</name>
              <mutable>False</mutable>
              <input_type>select</input_type>
              <default_value>No</default_value>
              <values>No
Yes
NA</values>
            </attribute>
            <attribute>
              <name>confidence level</name>
              <mutable>False</mutable>
              <input_type>select</input_type>
              <default_value>3</default_value>
              <values>3
2
1</values>
            </attribute>
            <attribute>
              <name>injury</name>
              <mutable>False</mutable>
              <input_type>select</input_type>
              <default_value>No</default_value>
              <values>No
Yes
NA</values>
            </attribute>
            <attribute>
              <name>notes</name>
              <mutable>False</mutable>
              <input_type>text</input_type>
              <default_value>NA</default_value>
              <values>NA</values>
            </attribute>
            <attribute>
              <name>sex</name>
              <mutable>False</mutable>
              <input_type>select</input_type>
              <default_value>NA</default_value>
              <values>NA
Juvenile</values>
            </attribute>
            <attribute>
              <name>view</name>
              <mutable>False</mutable>
              <input_type>select</input_type>
              <default_value>Side</default_value>
              <values>Side
Top-down</values>
            </attribute>
          </attributes>
        </label>
      </labels>
      <original_size>
        <width>1920</width>
        <height>1080</height>
      </original_size>
    </task>
    <dumped>2022-01-12 00:59:49.356515+00:00</dumped>
    <source>09-23-2020 16-02-18 M Salmon Camera.m4v</source>
  </meta>
  <track id="0" label="Coho" source="manual">
    <box frame="93" outside="0" occluded="1" keyframe="1" xtl="0.00" ytl="616.87" xbr="111.83" ybr="880.66" z_order="0">
      <attribute name="confidence level">2</attribute>
      <attribute name="injury">No</attribute>
      <attribute name="notes">NA</attribute>
      <attribute name="sex">Female</attribute>
      <attribute name="view">Side</attribute>
      <attribute name="Adipose Clipped">No</attribute>
    </box>
    <box frame="94" outside="0" occluded="1" keyframe="0" xtl="0.00" ytl="600.17" xbr="163.41" ybr="871.81" z_order="0">
      <attribute name="confidence level">2</attribute>
      <attribute name="injury">No</attribute>
      <attribute name="notes">NA</attribute>
      <attribute name="sex">Female</attribute>
      <attribute name="view">Side</attribute>
      <attribute name="Adipose Clipped">No</attribute>
    </box>
    <box frame="95" outside="0" occluded="1" keyframe="0" xtl="0.00" ytl="583.48" xbr="215.00" ybr="862.97" z_order="0">
      <attribute name="confidence level">2</attribute>
      <attribute name="injury">No</attribute>
      <attribute name="notes">NA</attribute>
      <attribute name="sex">Female</attribute>
      <attribute name="view">Side</attribute>
      <attribute name="Adipose Clipped">No</attribute>
    </box>
    <box frame="96" outside="0" occluded="1" keyframe="0" xtl="0.00" ytl="566.78" xbr="266.59" ybr="854.12" z_order="0">
      <attribute name="confidence level">2</attribute>
      <attribute name="injury">No</attribute>
      <attribute name="notes">NA</attribute>
      <attribute name="sex">Female</attribute>
      <attribute name="view">Side</attribute>
      <attribute name="Adipose Clipped">No</attribute>
    </box>
    <box frame="97" outside="0" occluded="1" keyframe="0" xtl="0.00" ytl="550.08" xbr="318.18" ybr="845.28" z_order="0">
      <attribute name="confidence level">2</attribute>
      <attribute name="injury">No</attribute>
      <attribute name="notes">NA</attribute>
      <attribute name="sex">Female</attribute>
      <attribute name="view">Side</attribute>
      <attribute name="Adipose Clipped">No</attribute>
    </box>
    <box frame="98" outside="0" occluded="1" keyframe="0" xtl="0.00" ytl="533.38" xbr="369.76" ybr="836.43" z_order="0">
      <attribute name="confidence level">2</attribute>
      <attribute name="injury">No</attribute>
      <attribute name="notes">NA</attribute>
      <attribute name="sex">Female</attribute>
      <attribute name="view">Side</attribute>
      <attribute name="Adipose Clipped">No</attribute>
    </box>
    <box frame="99" outside="0" occluded="1" keyframe="0" xtl="0.00" ytl="516.69" xbr="421.35" ybr="827.58" z_order="0">
      <attribute name="confidence level">2</attribute>
      <attribute name="injury">No</attribute>
      <attribute name="notes">NA</attribute>
      <attribute name="sex">Female</attribute>
      <attribute name="view">Side</attribute>
      <attribute name="Adipose Clipped">No</attribute>
    </box>
    <box frame="100" outside="0" occluded="1" keyframe="0" xtl="0.00" ytl="499.99" xbr="472.94" ybr="818.74" z_order="0">
      <attribute name="confidence level">2</attribute>
      <attribute name="injury">No</attribute>
      <attribute name="notes">NA</attribute>
      <attribute name="sex">Female</attribute>
      <attribute name="view">Side</attribute>
      <attribute name="Adipose Clipped">No</attribute>
    </box>
    <box frame="101" outside="0" occluded="1" keyframe="0" xtl="0.00" ytl="483.29" xbr="524.53" ybr="809.89" z_order="0">
      <attribute name="confidence level">2</attribute>
      <attribute name="injury">No</attribute>
      <attribute name="notes">NA</attribute>
      <attribute name="sex">Female</attribute>
      <attribute name="view">Side</attribute>
      <attribute name="Adipose Clipped">No</attribute>
    </box>
    <box frame="102" outside="0" occluded="1" keyframe="0" xtl="0.00" ytl="466.60" xbr="576.11" ybr="801.05" z_order="0">
      <attribute name="confidence level">2</attribute>
      <attribute name="injury">No</attribute>
      <attribute name="notes">NA</attribute>
      <attribute name="sex">Female</attribute>
      <attribute name="view">Side</attribute>
      <attribute name="Adipose Clipped">No</attribute>
    </box>
    <box frame="103" outside="0" occluded="1" keyframe="1" xtl="0.00" ytl="449.90" xbr="627.70" ybr="792.20" z_order="0">
      <attribute name="confidence level">2</attribute>
      <attribute name="injury">No</attribute>
      <attribute name="notes">NA</attribute>
      <attribute name="sex">Female</attribute>
      <attribute name="view">Side</attribute>
      <attribute name="Adipose Clipped">No</attribute>
    </box>
    <box frame="104" outside="0" occluded="1" keyframe="0" xtl="0.00" ytl="443.89" xbr="666.77" ybr="792.20" z_order="0">
      <attribute name="confidence level">2</attribute>
      <attribute name="injury">No</attribute>
      <attribute name="notes">NA</attribute>
      <attribute name="sex">Female</attribute>
      <attribute name="view">Side</attribute>
      <attribute name="Adipose Clipped">No</attribute>
    </box>
    <box frame="105" outside="0" occluded="1" keyframe="0" xtl="0.00" ytl="437.88" xbr="705.84" ybr="792.20" z_order="0">
      <attribute name="confidence level">2</attribute>
      <attribute name="injury">No</attribute>
      <attribute name="notes">NA</attribute>
      <attribute name="sex">Female</attribute>
      <attribute name="view">Side</attribute>
      <attribute name="Adipose Clipped">No</attribute>
    </box>
    <box frame="106" outside="0" occluded="1" keyframe="0" xtl="0.00" ytl="431.87" xbr="744.91" ybr="792.20" z_order="0">
      <attribute name="confidence level">2</attribute>
      <attribute name="injury">No</attribute>
      <attribute name="notes">NA</attribute>
      <attribute name="sex">Female</attribute>
      <attribute name="view">Side</attribute>
      <attribute name="Adipose Clipped">No</attribute>
    </box>
    <box frame="107" outside="0" occluded="1" keyframe="0" xtl="0.00" ytl="425.86" xbr="783.98" ybr="792.20" z_order="0">
      <attribute name="confidence level">2</attribute>
      <attribute name="injury">No</attribute>
      <attribute name="notes">NA</attribute>
      <attribute name="sex">Female</attribute>
      <attribute name="view">Side</attribute>
      <attribute name="Adipose Clipped">No</attribute>
    </box>
    <box frame="108" outside="0" occluded="1" keyframe="0" xtl="0.00" ytl="419.85" xbr="823.05" ybr="792.20" z_order="0">
      <attribute name="confidence level">2</attribute>
      <attribute name="injury">No</attribute>
      <attribute name="notes">NA</attribute>
      <attribute name="sex">Female</attribute>
      <attribute name="view">Side</attribute>
      <attribute name="Adipose Clipped">No</attribute>
    </box>
    <box frame="109" outside="0" occluded="1" keyframe="0" xtl="0.00" ytl="413.84" xbr="862.12" ybr="792.20" z_order="0">
      <attribute name="confidence level">2</attribute>
      <attribute name="injury">No</attribute>
      <attribute name="notes">NA</attribute>
      <attribute name="sex">Female</attribute>
      <attribute name="view">Side</attribute>
      <attribute name="Adipose Clipped">No</attribute>
    </box>
    <box frame="110" outside="0" occluded="1" keyframe="0" xtl="0.00" ytl="407.83" xbr="901.19" ybr="792.20" z_order="0">
      <attribute name="confidence level">2</attribute>
      <attribute name="injury">No</attribute>
      <attribute name="notes">NA</attribute>
      <attribute name="sex">Female</attribute>
      <attribute name="view">Side</attribute>
      <attribute name="Adipose Clipped">No</attribute>
    </box>
    <box frame="111" outside="0" occluded="1" keyframe="0" xtl="0.00" ytl="401.82" xbr="940.26" ybr="792.20" z_order="0">
      <attribute name="confidence level">2</attribute>
      <attribute name="injury">No</attribute>
      <attribute name="notes">NA</attribute>
      <attribute name="sex">Female</attribute>
      <attribute name="view">Side</attribute>
      <attribute name="Adipose Clipped">No</attribute>
    </box>
    <box frame="112" outside="0" occluded="1" keyframe="0" xtl="0.00" ytl="395.81" xbr="979.33" ybr="792.20" z_order="0">
      <attribute name="confidence level">2</attribute>
      <attribute name="injury">No</attribute>
      <attribute name="notes">NA</attribute>
      <attribute name="sex">Female</attribute>
      <attribute name="view">Side</attribute>
      <attribute name="Adipose Clipped">No</attribute>
    </box>
    <box frame="113" outside="0" occluded="1" keyframe="1" xtl="0.00" ytl="389.80" xbr="1018.40" ybr="792.20" z_order="0">
      <attribute name="confidence level">2</attribute>
      <attribute name="injury">No</attribute>
      <attribute name="notes">NA</attribute>
      <attribute name="sex">Female</attribute>
      <attribute name="view">Side</attribute>
      <attribute name="Adipose Clipped">No</attribute>
    </box>
    <box frame="114" outside="0" occluded="1" keyframe="0" xtl="15.03" ytl="388.96" xbr="1041.75" ybr="778.85" z_order="0">
      <attribute name="confidence level">2</attribute>
      <attribute name="injury">No</attribute>
      <attribute name="notes">NA</attribute>
      <attribute name="sex">Female</attribute>
      <attribute name="view">Side</attribute>
      <attribute name="Adipose Clipped">No</attribute>
    </box>
    <box frame="115" outside="0" occluded="0" keyframe="1" xtl="30.05" ytl="388.13" xbr="1065.10" ybr="765.50" z_order="0">
      <attribute name="confidence level">2</attribute>
      <attribute name="injury">No</attribute>
      <attribute name="notes">NA</attribute>
      <attribute name="sex">Female</attribute>
      <attribute name="view">Side</attribute>
      <attribute name="Adipose Clipped">No</attribute>
    </box>
    <box frame="116" outside="0" occluded="0" keyframe="0" xtl="52.59" ytl="372.44" xbr="1106.67" ybr="751.14" z_order="0">
      <attribute name="confidence level">2</attribute>
      <attribute name="injury">No</attribute>
      <attribute name="notes">NA</attribute>
      <attribute name="sex">Female</attribute>
      <attribute name="view">Side</attribute>
      <attribute name="Adipose Clipped">No</attribute>
    </box>
    <box frame="117" outside="0" occluded="0" keyframe="0" xtl="75.13" ytl="356.74" xbr="1148.24" ybr="736.78" z_order="0">
      <attribute name="confidence level">2</attribute>
      <attribute name="injury">No</attribute>
      <attribute name="notes">NA</attribute>
      <attribute name="sex">Female</attribute>
      <attribute name="view">Side</attribute>
      <attribute name="Adipose Clipped">No</attribute>
    </box>
    <box frame="118" outside="0" occluded="0" keyframe="0" xtl="97.67" ytl="341.05" xbr="1189.81" ybr="722.42" z_order="0">
      <attribute name="confidence level">2</attribute>
      <attribute name="injury">No</attribute>
      <attribute name="notes">NA</attribute>
      <attribute name="sex">Female</attribute>
      <attribute name="view">Side</attribute>
      <attribute name="Adipose Clipped">No</attribute>
    </box>
    <box frame="119" outside="0" occluded="0" keyframe="0" xtl="120.21" ytl="325.35" xbr="1231.38" ybr="708.06" z_order="0">
      <attribute name="confidence level">2</attribute>
      <attribute name="injury">No</attribute>
      <attribute name="notes">NA</attribute>
      <attribute name="sex">Female</attribute>
      <attribute name="view">Side</attribute>
      <attribute name="Adipose Clipped">No</attribute>
    </box>
    <box frame="120" outside="0" occluded="0" keyframe="0" xtl="142.75" ytl="309.66" xbr="1272.95" ybr="693.70" z_order="0">
      <attribute name="confidence level">2</attribute>
      <attribute name="injury">No</attribute>
      <attribute name="notes">NA</attribute>
      <attribute name="sex">Female</attribute>
      <attribute name="view">Side</attribute>
      <attribute name="Adipose Clipped">No</attribute>
    </box>
    <box frame="121" outside="0" occluded="0" keyframe="0" xtl="165.29" ytl="293.97" xbr="1314.52" ybr="679.34" z_order="0">
      <attribute name="confidence level">2</attribute>
      <attribute name="injury">No</attribute>
      <attribute name="notes">NA</attribute>
      <attribute name="sex">Female</attribute>
      <attribute name="view">Side</attribute>
      <attribute name="Adipose Clipped">No</attribute>
    </box>
    <box frame="122" outside="0" occluded="0" keyframe="0" xtl="187.83" ytl="278.27" xbr="1356.09" ybr="664.98" z_order="0">
      <attribute name="confidence level">2</attribute>
      <attribute name="injury">No</attribute>
      <attribute name="notes">NA</attribute>
      <attribute name="sex">Female</attribute>
      <attribute name="view">Side</attribute>
      <attribute name="Adipose Clipped">No</attribute>
    </box>
    <box frame="123" outside="0" occluded="0" keyframe="0" xtl="210.36" ytl="262.58" xbr="1397.66" ybr="650.62" z_order="0">
      <attribute name="confidence level">2</attribute>
      <attribute name="injury">No</attribute>
      <attribute name="notes">NA</attribute>
      <attribute name="sex">Female</attribute>
      <attribute name="view">Side</attribute>
      <attribute name="Adipose Clipped">No</attribute>
    </box>
    <box frame="124" outside="0" occluded="0" keyframe="0" xtl="232.90" ytl="246.89" xbr="1439.23" ybr="636.26" z_order="0">
      <attribute name="confidence level">2</attribute>
      <attribute name="injury">No</attribute>
      <attribute name="notes">NA</attribute>
      <attribute name="sex">Female</attribute>
      <attribute name="view">Side</attribute>
      <attribute name="Adipose Clipped">No</attribute>
    </box>
    <box frame="125" outside="0" occluded="0" keyframe="1" xtl="255.44" ytl="231.19" xbr="1480.80" ybr="621.90" z_order="0">
      <attribute name="confidence level">2</attribute>
      <attribute name="injury">No</attribute>
      <attribute name="notes">NA</attribute>
      <attribute name="sex">Female</attribute>
      <attribute name="view">Side</attribute>
      <attribute name="Adipose Clipped">No</attribute>
    </box>
    <box frame="126" outside="0" occluded="0" keyframe="0" xtl="293.68" ytl="219.84" xbr="1508.85" ybr="620.40" z_order="0">
      <attribute name="confidence level">2</attribute>
      <attribute name="injury">No</attribute>
      <attribute name="notes">NA</attribute>
      <attribute name="sex">Female</attribute>
      <attribute name="view">Side</attribute>
      <attribute name="Adipose Clipped">No</attribute>
    </box>
    <box frame="127" outside="0" occluded="0" keyframe="0" xtl="331.91" ytl="208.49" xbr="1536.90" ybr="618.90" z_order="0">
      <attribute name="confidence level">2</attribute>
      <attribute name="injury">No</attribute>
      <attribute name="notes">NA</attribute>
      <attribute name="sex">Female</attribute>
      <attribute name="view">Side</attribute>
      <attribute name="Adipose Clipped">No</attribute>
    </box>
    <box frame="128" outside="0" occluded="0" keyframe="0" xtl="370.14" ytl="197.13" xbr="1564.95" ybr="617.40" z_order="0">
      <attribute name="confidence level">2</attribute>
      <attribute name="injury">No</attribute>
      <attribute name="notes">NA</attribute>
      <attribute name="sex">Female</attribute>
      <attribute name="view">Side</attribute>
      <attribute name="Adipose Clipped">No</attribute>
    </box>
    <box frame="129" outside="0" occluded="0" keyframe="0" xtl="408.37" ytl="185.78" xbr="1593.00" ybr="615.90" z_order="0">
      <attribute name="confidence level">2</attribute>
      <attribute name="injury">No</attribute>
      <attribute name="notes">NA</attribute>
      <attribute name="sex">Female</attribute>
      <attribute name="view">Side</attribute>
      <attribute name="Adipose Clipped">No</attribute>
    </box>
    <box frame="130" outside="0" occluded="0" keyframe="0" xtl="446.61" ytl="174.43" xbr="1621.05" ybr="614.40" z_order="0">
      <attribute name="confidence level">2</attribute>
      <attribute name="injury">No</attribute>
      <attribute name="notes">NA</attribute>
      <attribute name="sex">Female</attribute>
      <attribute name="view">Side</attribute>
      <attribute name="Adipose Clipped">No</attribute>
    </box>
    <box frame="131" outside="0" occluded="0" keyframe="0" xtl="484.84" ytl="163.07" xbr="1649.10" ybr="612.90" z_order="0">
      <attribute name="confidence level">2</attribute>
      <attribute name="injury">No</attribute>
      <attribute name="notes">NA</attribute>
      <attribute name="sex">Female</attribute>
      <attribute name="view">Side</attribute>
      <attribute name="Adipose Clipped">No</attribute>
    </box>
    <box frame="132" outside="0" occluded="0" keyframe="0" xtl="523.07" ytl="151.72" xbr="1677.15" ybr="611.40" z_order="0">
      <attribute name="confidence level">2</attribute>
      <attribute name="injury">No</attribute>
      <attribute name="notes">NA</attribute>
      <attribute name="sex">Female</attribute>
      <attribute name="view">Side</attribute>
      <attribute name="Adipose Clipped">No</attribute>
    </box>
    <box frame="133" outside="0" occluded="0" keyframe="0" xtl="561.31" ytl="140.37" xbr="1705.20" ybr="609.90" z_order="0">
      <attribute name="confidence level">2</attribute>
      <attribute name="injury">No</attribute>
      <attribute name="notes">NA</attribute>
      <attribute name="sex">Female</attribute>
      <attribute name="view">Side</attribute>
      <attribute name="Adipose Clipped">No</attribute>
    </box>
    <box frame="134" outside="0" occluded="0" keyframe="0" xtl="599.54" ytl="129.01" xbr="1733.25" ybr="608.40" z_order="0">
      <attribute name="confidence level">2</attribute>
      <attribute name="injury">No</attribute>
      <attribute name="notes">NA</attribute>
      <attribute name="sex">Female</attribute>
      <attribute name="view">Side</attribute>
      <attribute name="Adipose Clipped">No</attribute>
    </box>
    <box frame="135" outside="0" occluded="0" keyframe="1" xtl="637.77" ytl="117.66" xbr="1761.30" ybr="606.90" z_order="0">
      <attribute name="confidence level">2</attribute>
      <attribute name="injury">No</attribute>
      <attribute name="notes">NA</attribute>
      <attribute name="sex">Female</attribute>
      <attribute name="view">Side</attribute>
      <attribute name="Adipose Clipped">No</attribute>
    </box>
    <box frame="136" outside="0" occluded="0" keyframe="0" xtl="685.86" ytl="141.54" xbr="1774.83" ybr="621.09" z_order="0">
      <attribute name="confidence level">2</attribute>
      <attribute name="injury">No</attribute>
      <attribute name="notes">NA</attribute>
      <attribute name="sex">Female</attribute>
      <attribute name="view">Side</attribute>
      <attribute name="Adipose Clipped">No</attribute>
    </box>
    <box frame="137" outside="0" occluded="0" keyframe="0" xtl="733.94" ytl="165.41" xbr="1788.36" ybr="635.28" z_order="0">
      <attribute name="confidence level">2</attribute>
      <attribute name="injury">No</attribute>
      <attribute name="notes">NA</attribute>
      <attribute name="sex">Female</attribute>
      <attribute name="view">Side</attribute>
      <attribute name="Adipose Clipped">No</attribute>
    </box>
    <box frame="138" outside="0" occluded="0" keyframe="0" xtl="782.02" ytl="189.29" xbr="1801.89" ybr="649.47" z_order="0">
      <attribute name="confidence level">2</attribute>
      <attribute name="injury">No</attribute>
      <attribute name="notes">NA</attribute>
      <attribute name="sex">Female</attribute>
      <attribute name="view">Side</attribute>
      <attribute name="Adipose Clipped">No</attribute>
    </box>
    <box frame="139" outside="0" occluded="0" keyframe="0" xtl="830.11" ytl="213.16" xbr="1815.42" ybr="663.66" z_order="0">
      <attribute name="confidence level">2</attribute>
      <attribute name="injury">No</attribute>
      <attribute name="notes">NA</attribute>
      <attribute name="sex">Female</attribute>
      <attribute name="view">Side</attribute>
      <attribute name="Adipose Clipped">No</attribute>
    </box>
    <box frame="140" outside="0" occluded="0" keyframe="0" xtl="878.19" ytl="237.04" xbr="1828.95" ybr="677.85" z_order="0">
      <attribute name="confidence level">2</attribute>
      <attribute name="injury">No</attribute>
      <attribute name="notes">NA</attribute>
      <attribute name="sex">Female</attribute>
      <attribute name="view">Side</attribute>
      <attribute name="Adipose Clipped">No</attribute>
    </box>
    <box frame="141" outside="0" occluded="0" keyframe="0" xtl="926.27" ytl="260.91" xbr="1842.48" ybr="692.04" z_order="0">
      <attribute name="confidence level">2</attribute>
      <attribute name="injury">No</attribute>
      <attribute name="notes">NA</attribute>
      <attribute name="sex">Female</attribute>
      <attribute name="view">Side</attribute>
      <attribute name="Adipose Clipped">No</attribute>
    </box>
    <box frame="142" outside="0" occluded="0" keyframe="0" xtl="974.36" ytl="284.78" xbr="1856.01" ybr="706.23" z_order="0">
      <attribute name="confidence level">2</attribute>
      <attribute name="injury">No</attribute>
      <attribute name="notes">NA</attribute>
      <attribute name="sex">Female</attribute>
      <attribute name="view">Side</attribute>
      <attribute name="Adipose Clipped">No</attribute>
    </box>
    <box frame="143" outside="0" occluded="0" keyframe="0" xtl="1022.44" ytl="308.66" xbr="1869.54" ybr="720.42" z_order="0">
      <attribute name="confidence level">2</attribute>
      <attribute name="injury">No</attribute>
      <attribute name="notes">NA</attribute>
      <attribute name="sex">Female</attribute>
      <attribute name="view">Side</attribute>
      <attribute name="Adipose Clipped">No</attribute>
    </box>
    <box frame="144" outside="0" occluded="0" keyframe="0" xtl="1070.52" ytl="332.53" xbr="1883.07" ybr="734.61" z_order="0">
      <attribute name="confidence level">2</attribute>
      <attribute name="injury">No</attribute>
      <attribute name="notes">NA</attribute>
      <attribute name="sex">Female</attribute>
      <attribute name="view">Side</attribute>
      <attribute name="Adipose Clipped">No</attribute>
    </box>
    <box frame="145" outside="0" occluded="0" keyframe="1" xtl="1118.61" ytl="356.41" xbr="1896.60" ybr="748.80" z_order="0">
      <attribute name="confidence level">2</attribute>
      <attribute name="injury">No</attribute>
      <attribute name="notes">NA</attribute>
      <attribute name="sex">Female</attribute>
      <attribute name="view">Side</attribute>
      <attribute name="Adipose Clipped">No</attribute>
    </box>
    <box frame="146" outside="0" occluded="0" keyframe="0" xtl="1169.70" ytl="359.42" xbr="1898.94" ybr="745.79" z_order="0">
      <attribute name="confidence level">2</attribute>
      <attribute name="injury">No</attribute>
      <attribute name="notes">NA</attribute>
      <attribute name="sex">Female</attribute>
      <attribute name="view">Side</attribute>
      <attribute name="Adipose Clipped">No</attribute>
    </box>
    <box frame="147" outside="0" occluded="0" keyframe="0" xtl="1220.78" ytl="362.43" xbr="1901.28" ybr="742.79" z_order="0">
      <attribute name="confidence level">2</attribute>
      <attribute name="injury">No</attribute>
      <attribute name="notes">NA</attribute>
      <attribute name="sex">Female</attribute>
      <attribute name="view">Side</attribute>
      <attribute name="Adipose Clipped">No</attribute>
    </box>
    <box frame="148" outside="0" occluded="0" keyframe="0" xtl="1271.87" ytl="365.44" xbr="1903.62" ybr="739.78" z_order="0">
      <attribute name="confidence level">2</attribute>
      <attribute name="injury">No</attribute>
      <attribute name="notes">NA</attribute>
      <attribute name="sex">Female</attribute>
      <attribute name="view">Side</attribute>
      <attribute name="Adipose Clipped">No</attribute>
    </box>
    <box frame="149" outside="0" occluded="0" keyframe="0" xtl="1322.96" ytl="368.45" xbr="1905.96" ybr="736.78" z_order="0">
      <attribute name="confidence level">2</attribute>
      <attribute name="injury">No</attribute>
      <attribute name="notes">NA</attribute>
      <attribute name="sex">Female</attribute>
      <attribute name="view">Side</attribute>
      <attribute name="Adipose Clipped">No</attribute>
    </box>
    <box frame="150" outside="0" occluded="0" keyframe="0" xtl="1374.05" ytl="371.45" xbr="1908.30" ybr="733.77" z_order="0">
      <attribute name="confidence level">2</attribute>
      <attribute name="injury">No</attribute>
      <attribute name="notes">NA</attribute>
      <attribute name="sex">Female</attribute>
      <attribute name="view">Side</attribute>
      <attribute name="Adipose Clipped">No</attribute>
    </box>
    <box frame="151" outside="0" occluded="0" keyframe="0" xtl="1425.14" ytl="374.46" xbr="1910.64" ybr="730.77" z_order="0">
      <attribute name="confidence level">2</attribute>
      <attribute name="injury">No</attribute>
      <attribute name="notes">NA</attribute>
      <attribute name="sex">Female</attribute>
      <attribute name="view">Side</attribute>
      <attribute name="Adipose Clipped">No</attribute>
    </box>
    <box frame="152" outside="0" occluded="0" keyframe="0" xtl="1476.23" ytl="377.47" xbr="1912.98" ybr="727.76" z_order="0">
      <attribute name="confidence level">2</attribute>
      <attribute name="injury">No</attribute>
      <attribute name="notes">NA</attribute>
      <attribute name="sex">Female</attribute>
      <attribute name="view">Side</attribute>
      <attribute name="Adipose Clipped">No</attribute>
    </box>
    <box frame="153" outside="0" occluded="0" keyframe="0" xtl="1527.32" ytl="380.48" xbr="1915.32" ybr="724.76" z_order="0">
      <attribute name="confidence level">2</attribute>
      <attribute name="injury">No</attribute>
      <attribute name="notes">NA</attribute>
      <attribute name="sex">Female</attribute>
      <attribute name="view">Side</attribute>
      <attribute name="Adipose Clipped">No</attribute>
    </box>
    <box frame="154" outside="0" occluded="0" keyframe="0" xtl="1578.40" ytl="383.49" xbr="1917.66" ybr="721.75" z_order="0">
      <attribute name="confidence level">2</attribute>
      <attribute name="injury">No</attribute>
      <attribute name="notes">NA</attribute>
      <attribute name="sex">Female</attribute>
      <attribute name="view">Side</attribute>
      <attribute name="Adipose Clipped">No</attribute>
    </box>
    <box frame="155" outside="0" occluded="1" keyframe="1" xtl="1629.49" ytl="386.50" xbr="1920.00" ybr="718.75" z_order="0">
      <attribute name="confidence level">2</attribute>
      <attribute name="injury">No</attribute>
      <attribute name="notes">NA</attribute>
      <attribute name="sex">Female</attribute>
      <attribute name="view">Side</attribute>
      <attribute name="Adipose Clipped">No</attribute>
    </box>
    <box frame="156" outside="0" occluded="1" keyframe="0" xtl="1673.89" ytl="392.52" xbr="1920.00" ybr="718.75" z_order="0">
      <attribute name="confidence level">2</attribute>
      <attribute name="injury">No</attribute>
      <attribute name="notes">NA</attribute>
      <attribute name="sex">Female</attribute>
      <attribute name="view">Side</attribute>
      <attribute name="Adipose Clipped">No</attribute>
    </box>
    <box frame="157" outside="0" occluded="1" keyframe="0" xtl="1718.30" ytl="398.54" xbr="1920.00" ybr="718.75" z_order="0">
      <attribute name="confidence level">2</attribute>
      <attribute name="injury">No</attribute>
      <attribute name="notes">NA</attribute>
      <attribute name="sex">Female</attribute>
      <attribute name="view">Side</attribute>
      <attribute name="Adipose Clipped">No</attribute>
    </box>
    <box frame="158" outside="0" occluded="1" keyframe="0" xtl="1762.70" ytl="404.56" xbr="1920.00" ybr="718.75" z_order="0">
      <attribute name="confidence level">2</attribute>
      <attribute name="injury">No</attribute>
      <attribute name="notes">NA</attribute>
      <attribute name="sex">Female</attribute>
      <attribute name="view">Side</attribute>
      <attribute name="Adipose Clipped">No</attribute>
    </box>
    <box frame="159" outside="0" occluded="1" keyframe="0" xtl="1807.10" ytl="410.58" xbr="1920.00" ybr="718.75" z_order="0">
      <attribute name="confidence level">2</attribute>
      <attribute name="injury">No</attribute>
      <attribute name="notes">NA</attribute>
      <attribute name="sex">Female</attribute>
      <attribute name="view">Side</attribute>
      <attribute name="Adipose Clipped">No</attribute>
    </box>
    <box frame="160" outside="0" occluded="1" keyframe="1" xtl="1851.50" ytl="416.60" xbr="1920.00" ybr="718.75" z_order="0">
      <attribute name="confidence level">2</attribute>
      <attribute name="injury">No</attribute>
      <attribute name="notes">NA</attribute>
      <attribute name="sex">Female</attribute>
      <attribute name="view">Side</attribute>
      <attribute name="Adipose Clipped">No</attribute>
    </box>
    <box frame="161" outside="1" occluded="1" keyframe="1" xtl="1851.50" ytl="416.60" xbr="1920.00" ybr="718.75" z_order="0">
      <attribute name="confidence level">2</attribute>
      <attribute name="injury">No</attribute>
      <attribute name="notes">NA</attribute>
      <attribute name="sex">Female</attribute>
      <attribute name="view">Side</attribute>
      <attribute name="Adipose Clipped">No</attribute>
    </box>
  </track>
  <track id="1" label="Coho" source="manual">
    <box frame="158" outside="0" occluded="1" keyframe="1" xtl="0.00" ytl="712.04" xbr="90.12" ybr="902.37" z_order="0">
      <attribute name="Adipose Clipped">No</attribute>
      <attribute name="confidence level">2</attribute>
      <attribute name="injury">No</attribute>
      <attribute name="notes">NA</attribute>
      <attribute name="sex">Jack</attribute>
      <attribute name="view">Side</attribute>
    </box>
    <box frame="159" outside="0" occluded="1" keyframe="0" xtl="0.00" ytl="708.69" xbr="127.19" ybr="905.54" z_order="0">
      <attribute name="Adipose Clipped">No</attribute>
      <attribute name="confidence level">2</attribute>
      <attribute name="injury">No</attribute>
      <attribute name="notes">NA</attribute>
      <attribute name="sex">Jack</attribute>
      <attribute name="view">Side</attribute>
    </box>
    <box frame="160" outside="0" occluded="1" keyframe="0" xtl="0.00" ytl="705.35" xbr="164.26" ybr="908.71" z_order="0">
      <attribute name="Adipose Clipped">No</attribute>
      <attribute name="confidence level">2</attribute>
      <attribute name="injury">No</attribute>
      <attribute name="notes">NA</attribute>
      <attribute name="sex">Jack</attribute>
      <attribute name="view">Side</attribute>
    </box>
    <box frame="161" outside="0" occluded="1" keyframe="0" xtl="0.00" ytl="702.01" xbr="201.32" ybr="911.88" z_order="0">
      <attribute name="Adipose Clipped">No</attribute>
      <attribute name="confidence level">2</attribute>
      <attribute name="injury">No</attribute>
      <attribute name="notes">NA</attribute>
      <attribute name="sex">Jack</attribute>
      <attribute name="view">Side</attribute>
    </box>
    <box frame="162" outside="0" occluded="1" keyframe="0" xtl="0.00" ytl="698.67" xbr="238.39" ybr="915.06" z_order="0">
      <attribute name="Adipose Clipped">No</attribute>
      <attribute name="confidence level">2</attribute>
      <attribute name="injury">No</attribute>
      <attribute name="notes">NA</attribute>
      <attribute name="sex">Jack</attribute>
      <attribute name="view">Side</attribute>
    </box>
    <box frame="163" outside="0" occluded="1" keyframe="0" xtl="0.00" ytl="695.33" xbr="275.46" ybr="918.23" z_order="0">
      <attribute name="Adipose Clipped">No</attribute>
      <attribute name="confidence level">2</attribute>
      <attribute name="injury">No</attribute>
      <attribute name="notes">NA</attribute>
      <attribute name="sex">Jack</attribute>
      <attribute name="view">Side</attribute>
    </box>
    <box frame="164" outside="0" occluded="1" keyframe="0" xtl="0.00" ytl="691.99" xbr="312.52" ybr="921.40" z_order="0">
      <attribute name="Adipose Clipped">No</attribute>
      <attribute name="confidence level">2</attribute>
      <attribute name="injury">No</attribute>
      <attribute name="notes">NA</attribute>
      <attribute name="sex">Jack</attribute>
      <attribute name="view">Side</attribute>
    </box>
    <box frame="165" outside="0" occluded="1" keyframe="0" xtl="0.00" ytl="688.65" xbr="349.59" ybr="924.57" z_order="0">
      <attribute name="Adipose Clipped">No</attribute>
      <attribute name="confidence level">2</attribute>
      <attribute name="injury">No</attribute>
      <attribute name="notes">NA</attribute>
      <attribute name="sex">Jack</attribute>
      <attribute name="view">Side</attribute>
    </box>
    <box frame="166" outside="0" occluded="1" keyframe="0" xtl="0.00" ytl="685.30" xbr="386.66" ybr="927.74" z_order="0">
      <attribute name="Adipose Clipped">No</attribute>
      <attribute name="confidence level">2</attribute>
      <attribute name="injury">No</attribute>
      <attribute name="notes">NA</attribute>
      <attribute name="sex">Jack</attribute>
      <attribute name="view">Side</attribute>
    </box>
    <box frame="167" outside="0" occluded="1" keyframe="0" xtl="0.00" ytl="681.96" xbr="423.72" ybr="930.92" z_order="0">
      <attribute name="Adipose Clipped">No</attribute>
      <attribute name="confidence level">2</attribute>
      <attribute name="injury">No</attribute>
      <attribute name="notes">NA</attribute>
      <attribute name="sex">Jack</attribute>
      <attribute name="view">Side</attribute>
    </box>
    <box frame="168" outside="0" occluded="0" keyframe="1" xtl="0.00" ytl="678.62" xbr="460.79" ybr="934.09" z_order="0">
      <attribute name="Adipose Clipped">No</attribute>
      <attribute name="confidence level">2</attribute>
      <attribute name="injury">No</attribute>
      <attribute name="notes">NA</attribute>
      <attribute name="sex">Jack</attribute>
      <attribute name="view">Side</attribute>
    </box>
    <box frame="169" outside="0" occluded="0" keyframe="0" xtl="0.00" ytl="657.92" xbr="497.02" ybr="928.75" z_order="0">
      <attribute name="Adipose Clipped">No</attribute>
      <attribute name="confidence level">2</attribute>
      <attribute name="injury">No</attribute>
      <attribute name="notes">NA</attribute>
      <attribute name="sex">Jack</attribute>
      <attribute name="view">Side</attribute>
    </box>
    <box frame="170" outside="0" occluded="0" keyframe="0" xtl="0.00" ytl="637.22" xbr="533.25" ybr="923.40" z_order="0">
      <attribute name="Adipose Clipped">No</attribute>
      <attribute name="confidence level">2</attribute>
      <attribute name="injury">No</attribute>
      <attribute name="notes">NA</attribute>
      <attribute name="sex">Jack</attribute>
      <attribute name="view">Side</attribute>
    </box>
    <box frame="171" outside="0" occluded="0" keyframe="0" xtl="0.00" ytl="616.51" xbr="569.48" ybr="918.06" z_order="0">
      <attribute name="Adipose Clipped">No</attribute>
      <attribute name="confidence level">2</attribute>
      <attribute name="injury">No</attribute>
      <attribute name="notes">NA</attribute>
      <attribute name="sex">Jack</attribute>
      <attribute name="view">Side</attribute>
    </box>
    <box frame="172" outside="0" occluded="0" keyframe="0" xtl="0.00" ytl="595.81" xbr="605.71" ybr="912.72" z_order="0">
      <attribute name="Adipose Clipped">No</attribute>
      <attribute name="confidence level">2</attribute>
      <attribute name="injury">No</attribute>
      <attribute name="notes">NA</attribute>
      <attribute name="sex">Jack</attribute>
      <attribute name="view">Side</attribute>
    </box>
    <box frame="173" outside="0" occluded="0" keyframe="0" xtl="0.00" ytl="575.11" xbr="641.95" ybr="907.37" z_order="0">
      <attribute name="Adipose Clipped">No</attribute>
      <attribute name="confidence level">2</attribute>
      <attribute name="injury">No</attribute>
      <attribute name="notes">NA</attribute>
      <attribute name="sex">Jack</attribute>
      <attribute name="view">Side</attribute>
    </box>
    <box frame="174" outside="0" occluded="0" keyframe="0" xtl="0.00" ytl="554.41" xbr="678.18" ybr="902.03" z_order="0">
      <attribute name="Adipose Clipped">No</attribute>
      <attribute name="confidence level">2</attribute>
      <attribute name="injury">No</attribute>
      <attribute name="notes">NA</attribute>
      <attribute name="sex">Jack</attribute>
      <attribute name="view">Side</attribute>
    </box>
    <box frame="175" outside="0" occluded="0" keyframe="1" xtl="0.00" ytl="533.71" xbr="714.41" ybr="896.69" z_order="0">
      <attribute name="Adipose Clipped">No</attribute>
      <attribute name="confidence level">2</attribute>
      <attribute name="injury">No</attribute>
      <attribute name="notes">NA</attribute>
      <attribute name="sex">Jack</attribute>
      <attribute name="view">Side</attribute>
    </box>
    <box frame="176" outside="0" occluded="0" keyframe="0" xtl="13.36" ytl="513.00" xbr="750.64" ybr="891.35" z_order="0">
      <attribute name="Adipose Clipped">No</attribute>
      <attribute name="confidence level">2</attribute>
      <attribute name="injury">No</attribute>
      <attribute name="notes">NA</attribute>
      <attribute name="sex">Jack</attribute>
      <attribute name="view">Side</attribute>
    </box>
    <box frame="177" outside="0" occluded="0" keyframe="0" xtl="26.71" ytl="492.30" xbr="786.87" ybr="886.00" z_order="0">
      <attribute name="Adipose Clipped">No</attribute>
      <attribute name="confidence level">2</attribute>
      <attribute name="injury">No</attribute>
      <attribute name="notes">NA</attribute>
      <attribute name="sex">Jack</attribute>
      <attribute name="view">Side</attribute>
    </box>
    <box frame="178" outside="0" occluded="0" keyframe="1" xtl="40.07" ytl="471.60" xbr="823.10" ybr="880.66" z_order="0">
      <attribute name="Adipose Clipped">No</attribute>
      <attribute name="confidence level">2</attribute>
      <attribute name="injury">No</attribute>
      <attribute name="notes">NA</attribute>
      <attribute name="sex">Jack</attribute>
      <attribute name="view">Side</attribute>
    </box>
    <box frame="179" outside="0" occluded="0" keyframe="0" xtl="54.04" ytl="457.41" xbr="860.00" ybr="875.37" z_order="0">
      <attribute name="Adipose Clipped">No</attribute>
      <attribute name="confidence level">2</attribute>
      <attribute name="injury">No</attribute>
      <attribute name="notes">NA</attribute>
      <attribute name="sex">Jack</attribute>
      <attribute name="view">Side</attribute>
    </box>
    <box frame="180" outside="0" occluded="0" keyframe="0" xtl="68.01" ytl="443.22" xbr="896.90" ybr="870.07" z_order="0">
      <attribute name="Adipose Clipped">No</attribute>
      <attribute name="confidence level">2</attribute>
      <attribute name="injury">No</attribute>
      <attribute name="notes">NA</attribute>
      <attribute name="sex">Jack</attribute>
      <attribute name="view">Side</attribute>
    </box>
    <box frame="181" outside="0" occluded="0" keyframe="0" xtl="81.98" ytl="429.03" xbr="933.80" ybr="864.78" z_order="0">
      <attribute name="Adipose Clipped">No</attribute>
      <attribute name="confidence level">2</attribute>
      <attribute name="injury">No</attribute>
      <attribute name="notes">NA</attribute>
      <attribute name="sex">Jack</attribute>
      <attribute name="view">Side</attribute>
    </box>
    <box frame="182" outside="0" occluded="0" keyframe="0" xtl="95.96" ytl="414.84" xbr="970.70" ybr="859.49" z_order="0">
      <attribute name="Adipose Clipped">No</attribute>
      <attribute name="confidence level">2</attribute>
      <attribute name="injury">No</attribute>
      <attribute name="notes">NA</attribute>
      <attribute name="sex">Jack</attribute>
      <attribute name="view">Side</attribute>
    </box>
    <box frame="183" outside="0" occluded="0" keyframe="0" xtl="109.93" ytl="400.65" xbr="1007.60" ybr="854.19" z_order="0">
      <attribute name="Adipose Clipped">No</attribute>
      <attribute name="confidence level">2</attribute>
      <attribute name="injury">No</attribute>
      <attribute name="notes">NA</attribute>
      <attribute name="sex">Jack</attribute>
      <attribute name="view">Side</attribute>
    </box>
    <box frame="184" outside="0" occluded="0" keyframe="1" xtl="123.90" ytl="386.46" xbr="1044.50" ybr="848.90" z_order="0">
      <attribute name="Adipose Clipped">No</attribute>
      <attribute name="confidence level">2</attribute>
      <attribute name="injury">No</attribute>
      <attribute name="notes">NA</attribute>
      <attribute name="sex">Jack</attribute>
      <attribute name="view">Side</attribute>
    </box>
    <box frame="185" outside="0" occluded="0" keyframe="0" xtl="172.65" ytl="372.27" xbr="1081.40" ybr="817.19" z_order="0">
      <attribute name="Adipose Clipped">No</attribute>
      <attribute name="confidence level">2</attribute>
      <attribute name="injury">No</attribute>
      <attribute name="notes">NA</attribute>
      <attribute name="sex">Jack</attribute>
      <attribute name="view">Side</attribute>
    </box>
    <box frame="186" outside="0" occluded="0" keyframe="0" xtl="221.40" ytl="358.08" xbr="1118.30" ybr="785.48" z_order="0">
      <attribute name="Adipose Clipped">No</attribute>
      <attribute name="confidence level">2</attribute>
      <attribute name="injury">No</attribute>
      <attribute name="notes">NA</attribute>
      <attribute name="sex">Jack</attribute>
      <attribute name="view">Side</attribute>
    </box>
    <box frame="187" outside="0" occluded="0" keyframe="0" xtl="270.15" ytl="343.89" xbr="1155.20" ybr="753.77" z_order="0">
      <attribute name="Adipose Clipped">No</attribute>
      <attribute name="confidence level">2</attribute>
      <attribute name="injury">No</attribute>
      <attribute name="notes">NA</attribute>
      <attribute name="sex">Jack</attribute>
      <attribute name="view">Side</attribute>
    </box>
    <box frame="188" outside="0" occluded="0" keyframe="1" xtl="318.90" ytl="329.70" xbr="1192.10" ybr="722.05" z_order="0">
      <attribute name="Adipose Clipped">No</attribute>
      <attribute name="confidence level">2</attribute>
      <attribute name="injury">No</attribute>
      <attribute name="notes">NA</attribute>
      <attribute name="sex">Jack</attribute>
      <attribute name="view">Side</attribute>
    </box>
    <box frame="189" outside="0" occluded="0" keyframe="0" xtl="361.14" ytl="318.01" xbr="1234.34" ybr="710.37" z_order="0">
      <attribute name="Adipose Clipped">No</attribute>
      <attribute name="confidence level">2</attribute>
      <attribute name="injury">No</attribute>
      <attribute name="notes">NA</attribute>
      <attribute name="sex">Jack</attribute>
      <attribute name="view">Side</attribute>
    </box>
    <box frame="190" outside="0" occluded="0" keyframe="0" xtl="403.38" ytl="306.33" xbr="1276.58" ybr="698.68" z_order="0">
      <attribute name="Adipose Clipped">No</attribute>
      <attribute name="confidence level">2</attribute>
      <attribute name="injury">No</attribute>
      <attribute name="notes">NA</attribute>
      <attribute name="sex">Jack</attribute>
      <attribute name="view">Side</attribute>
    </box>
    <box frame="191" outside="0" occluded="0" keyframe="0" xtl="445.62" ytl="294.64" xbr="1318.82" ybr="686.99" z_order="0">
      <attribute name="Adipose Clipped">No</attribute>
      <attribute name="confidence level">2</attribute>
      <attribute name="injury">No</attribute>
      <attribute name="notes">NA</attribute>
      <attribute name="sex">Jack</attribute>
      <attribute name="view">Side</attribute>
    </box>
    <box frame="192" outside="0" occluded="0" keyframe="0" xtl="487.86" ytl="282.95" xbr="1361.06" ybr="675.31" z_order="0">
      <attribute name="Adipose Clipped">No</attribute>
      <attribute name="confidence level">2</attribute>
      <attribute name="injury">No</attribute>
      <attribute name="notes">NA</attribute>
      <attribute name="sex">Jack</attribute>
      <attribute name="view">Side</attribute>
    </box>
    <box frame="193" outside="0" occluded="0" keyframe="0" xtl="530.10" ytl="271.27" xbr="1403.30" ybr="663.62" z_order="0">
      <attribute name="Adipose Clipped">No</attribute>
      <attribute name="confidence level">2</attribute>
      <attribute name="injury">No</attribute>
      <attribute name="notes">NA</attribute>
      <attribute name="sex">Jack</attribute>
      <attribute name="view">Side</attribute>
    </box>
    <box frame="194" outside="0" occluded="0" keyframe="0" xtl="572.34" ytl="259.58" xbr="1445.54" ybr="651.93" z_order="0">
      <attribute name="Adipose Clipped">No</attribute>
      <attribute name="confidence level">2</attribute>
      <attribute name="injury">No</attribute>
      <attribute name="notes">NA</attribute>
      <attribute name="sex">Jack</attribute>
      <attribute name="view">Side</attribute>
    </box>
    <box frame="195" outside="0" occluded="0" keyframe="0" xtl="614.58" ytl="247.89" xbr="1487.78" ybr="640.24" z_order="0">
      <attribute name="Adipose Clipped">No</attribute>
      <attribute name="confidence level">2</attribute>
      <attribute name="injury">No</attribute>
      <attribute name="notes">NA</attribute>
      <attribute name="sex">Jack</attribute>
      <attribute name="view">Side</attribute>
    </box>
    <box frame="196" outside="0" occluded="0" keyframe="0" xtl="656.82" ytl="236.20" xbr="1530.02" ybr="628.56" z_order="0">
      <attribute name="Adipose Clipped">No</attribute>
      <attribute name="confidence level">2</attribute>
      <attribute name="injury">No</attribute>
      <attribute name="notes">NA</attribute>
      <attribute name="sex">Jack</attribute>
      <attribute name="view">Side</attribute>
    </box>
    <box frame="197" outside="0" occluded="0" keyframe="0" xtl="699.06" ytl="224.52" xbr="1572.26" ybr="616.87" z_order="0">
      <attribute name="Adipose Clipped">No</attribute>
      <attribute name="confidence level">2</attribute>
      <attribute name="injury">No</attribute>
      <attribute name="notes">NA</attribute>
      <attribute name="sex">Jack</attribute>
      <attribute name="view">Side</attribute>
    </box>
    <box frame="198" outside="0" occluded="0" keyframe="1" xtl="741.30" ytl="212.83" xbr="1614.50" ybr="605.18" z_order="0">
      <attribute name="Adipose Clipped">No</attribute>
      <attribute name="confidence level">2</attribute>
      <attribute name="injury">No</attribute>
      <attribute name="notes">NA</attribute>
      <attribute name="sex">Jack</attribute>
      <attribute name="view">Side</attribute>
    </box>
    <box frame="199" outside="0" occluded="0" keyframe="0" xtl="819.66" ytl="193.41" xbr="1663.71" ybr="570.97" z_order="0">
      <attribute name="Adipose Clipped">No</attribute>
      <attribute name="confidence level">2</attribute>
      <attribute name="injury">No</attribute>
      <attribute name="notes">NA</attribute>
      <attribute name="sex">Jack</attribute>
      <attribute name="view">Side</attribute>
    </box>
    <box frame="200" outside="0" occluded="0" keyframe="0" xtl="898.02" ytl="173.98" xbr="1712.92" ybr="536.76" z_order="0">
      <attribute name="Adipose Clipped">No</attribute>
      <attribute name="confidence level">2</attribute>
      <attribute name="injury">No</attribute>
      <attribute name="notes">NA</attribute>
      <attribute name="sex">Jack</attribute>
      <attribute name="view">Side</attribute>
    </box>
    <box frame="201" outside="0" occluded="0" keyframe="0" xtl="976.38" ytl="154.56" xbr="1762.12" ybr="502.55" z_order="0">
      <attribute name="Adipose Clipped">No</attribute>
      <attribute name="confidence level">2</attribute>
      <attribute name="injury">No</attribute>
      <attribute name="notes">NA</attribute>
      <attribute name="sex">Jack</attribute>
      <attribute name="view">Side</attribute>
    </box>
    <box frame="202" outside="0" occluded="0" keyframe="0" xtl="1054.73" ytl="135.14" xbr="1811.33" ybr="468.34" z_order="0">
      <attribute name="Adipose Clipped">No</attribute>
      <attribute name="confidence level">2</attribute>
      <attribute name="injury">No</attribute>
      <attribute name="notes">NA</attribute>
      <attribute name="sex">Jack</attribute>
      <attribute name="view">Side</attribute>
    </box>
    <box frame="203" outside="0" occluded="0" keyframe="0" xtl="1133.09" ytl="115.72" xbr="1860.54" ybr="434.13" z_order="0">
      <attribute name="Adipose Clipped">No</attribute>
      <attribute name="confidence level">2</attribute>
      <attribute name="injury">No</attribute>
      <attribute name="notes">NA</attribute>
      <attribute name="sex">Jack</attribute>
      <attribute name="view">Side</attribute>
    </box>
    <box frame="204" outside="0" occluded="0" keyframe="1" xtl="1211.45" ytl="96.29" xbr="1909.75" ybr="399.91" z_order="0">
      <attribute name="Adipose Clipped">No</attribute>
      <attribute name="confidence level">2</attribute>
      <attribute name="injury">No</attribute>
      <attribute name="notes">NA</attribute>
      <attribute name="sex">Jack</attribute>
      <attribute name="view">Side</attribute>
    </box>
    <box frame="205" outside="0" occluded="0" keyframe="1" xtl="1250.85" ytl="80.77" xbr="1920.00" ybr="369.60" z_order="0">
      <attribute name="Adipose Clipped">No</attribute>
      <attribute name="confidence level">2</attribute>
      <attribute name="injury">No</attribute>
      <attribute name="notes">NA</attribute>
      <attribute name="sex">Jack</attribute>
      <attribute name="view">Side</attribute>
    </box>
    <box frame="206" outside="0" occluded="0" keyframe="0" xtl="1323.64" ytl="61.90" xbr="1920.00" ybr="385.24" z_order="0">
      <attribute name="Adipose Clipped">No</attribute>
      <attribute name="confidence level">2</attribute>
      <attribute name="injury">No</attribute>
      <attribute name="notes">NA</attribute>
      <attribute name="sex">Jack</attribute>
      <attribute name="view">Side</attribute>
    </box>
    <box frame="207" outside="0" occluded="0" keyframe="0" xtl="1396.44" ytl="43.04" xbr="1920.00" ybr="400.88" z_order="0">
      <attribute name="Adipose Clipped">No</attribute>
      <attribute name="confidence level">2</attribute>
      <attribute name="injury">No</attribute>
      <attribute name="notes">NA</attribute>
      <attribute name="sex">Jack</attribute>
      <attribute name="view">Side</attribute>
    </box>
    <box frame="208" outside="0" occluded="0" keyframe="1" xtl="1469.23" ytl="24.17" xbr="1920.00" ybr="416.52" z_order="0">
      <attribute name="Adipose Clipped">No</attribute>
      <attribute name="confidence level">2</attribute>
      <attribute name="injury">No</attribute>
      <attribute name="notes">NA</attribute>
      <attribute name="sex">Jack</attribute>
      <attribute name="view">Side</attribute>
    </box>
    <box frame="209" outside="0" occluded="0" keyframe="0" xtl="1513.47" ytl="19.58" xbr="1920.00" ybr="398.07" z_order="0">
      <attribute name="Adipose Clipped">No</attribute>
      <attribute name="confidence level">2</attribute>
      <attribute name="injury">No</attribute>
      <attribute name="notes">NA</attribute>
      <attribute name="sex">Jack</attribute>
      <attribute name="view">Side</attribute>
    </box>
    <box frame="210" outside="0" occluded="0" keyframe="0" xtl="1557.72" ytl="14.98" xbr="1920.00" ybr="379.63" z_order="0">
      <attribute name="Adipose Clipped">No</attribute>
      <attribute name="confidence level">2</attribute>
      <attribute name="injury">No</attribute>
      <attribute name="notes">NA</attribute>
      <attribute name="sex">Jack</attribute>
      <attribute name="view">Side</attribute>
    </box>
    <box frame="211" outside="0" occluded="0" keyframe="0" xtl="1601.96" ytl="10.39" xbr="1920.00" ybr="361.18" z_order="0">
      <attribute name="Adipose Clipped">No</attribute>
      <attribute name="confidence level">2</attribute>
      <attribute name="injury">No</attribute>
      <attribute name="notes">NA</attribute>
      <attribute name="sex">Jack</attribute>
      <attribute name="view">Side</attribute>
    </box>
    <box frame="212" outside="0" occluded="0" keyframe="1" xtl="1646.20" ytl="5.79" xbr="1920.00" ybr="342.73" z_order="0">
      <attribute name="Adipose Clipped">No</attribute>
      <attribute name="confidence level">2</attribute>
      <attribute name="injury">No</attribute>
      <attribute name="notes">NA</attribute>
      <attribute name="sex">Jack</attribute>
      <attribute name="view">Side</attribute>
    </box>
    <box frame="213" outside="0" occluded="0" keyframe="0" xtl="1690.17" ytl="2.90" xbr="1920.00" ybr="322.75" z_order="0">
      <attribute name="Adipose Clipped">No</attribute>
      <attribute name="confidence level">2</attribute>
      <attribute name="injury">No</attribute>
      <attribute name="notes">NA</attribute>
      <attribute name="sex">Jack</attribute>
      <attribute name="view">Side</attribute>
    </box>
    <box frame="214" outside="0" occluded="0" keyframe="1" xtl="1734.13" ytl="0.00" xbr="1920.00" ybr="302.77" z_order="0">
      <attribute name="Adipose Clipped">No</attribute>
      <attribute name="confidence level">2</attribute>
      <attribute name="injury">No</attribute>
      <attribute name="notes">NA</attribute>
      <attribute name="sex">Jack</attribute>
      <attribute name="view">Side</attribute>
    </box>
    <box frame="215" outside="0" occluded="0" keyframe="0" xtl="1737.62" ytl="70.30" xbr="1920.00" ybr="334.13" z_order="0">
      <attribute name="Adipose Clipped">No</attribute>
      <attribute name="confidence level">2</attribute>
      <attribute name="injury">No</attribute>
      <attribute name="notes">NA</attribute>
      <attribute name="sex">Jack</attribute>
      <attribute name="view">Side</attribute>
    </box>
    <box frame="216" outside="0" occluded="0" keyframe="1" xtl="1741.10" ytl="140.60" xbr="1920.00" ybr="365.49" z_order="0">
      <attribute name="Adipose Clipped">No</attribute>
      <attribute name="confidence level">2</attribute>
      <attribute name="injury">No</attribute>
      <attribute name="notes">NA</attribute>
      <attribute name="sex">Jack</attribute>
      <attribute name="view">Side</attribute>
    </box>
    <box frame="217" outside="0" occluded="0" keyframe="0" xtl="1792.99" ytl="157.50" xbr="1920.00" ybr="396.85" z_order="0">
      <attribute name="Adipose Clipped">No</attribute>
      <attribute name="confidence level">2</attribute>
      <attribute name="injury">No</attribute>
      <attribute name="notes">NA</attribute>
      <attribute name="sex">Jack</attribute>
      <attribute name="view">Side</attribute>
    </box>
    <box frame="218" outside="0" occluded="0" keyframe="1" xtl="1844.88" ytl="174.40" xbr="1920.00" ybr="428.21" z_order="0">
      <attribute name="Adipose Clipped">No</attribute>
      <attribute name="confidence level">2</attribute>
      <attribute name="injury">No</attribute>
      <attribute name="notes">NA</attribute>
      <attribute name="sex">Jack</attribute>
      <attribute name="view">Side</attribute>
    </box>
    <box frame="219" outside="1" occluded="0" keyframe="1" xtl="1844.88" ytl="174.40" xbr="1920.00" ybr="428.21" z_order="0">
      <attribute name="Adipose Clipped">No</attribute>
      <attribute name="confidence level">2</attribute>
      <attribute name="injury">No</attribute>
      <attribute name="notes">NA</attribute>
      <attribute name="sex">Jack</attribute>
      <attribute name="view">Side</attribute>
    </box>
  </track>
</annotations>
