<?xml version="1.0" encoding="utf-8"?>
<annotations>
  <version>1.1</version>
  <meta>
    <task>
      <id>269</id>
      <name>08-12-2019 09-39-04 C Right Bank Underwater</name>
      <size>92</size>
      <mode>interpolation</mode>
      <overlap>5</overlap>
      <bugtracker></bugtracker>
      <created>2021-02-26 20:20:29.097660+00:00</created>
      <updated>2021-02-26 21:17:35.249041+00:00</updated>
      <start_frame>0</start_frame>
      <stop_frame>91</stop_frame>
      <frame_filter></frame_filter>
      <labels>
        <label>
          <name>Coho</name>
          <color>#66c893</color>
          <attributes>
            <attribute>
              <name>Adipose Clipped</name>
              <mutable>False</mutable>
              <input_type>select</input_type>
              <default_value>No</default_value>
              <values>No
Yes
NA</values>
            </attribute>
            <attribute>
              <name>Confidence Level</name>
              <mutable>False</mutable>
              <input_type>select</input_type>
              <default_value>3</default_value>
              <values>3
2
1</values>
            </attribute>
            <attribute>
              <name>Injury</name>
              <mutable>False</mutable>
              <input_type>select</input_type>
              <default_value>No</default_value>
              <values>No
Yes
NA</values>
            </attribute>
            <attribute>
              <name>Notes</name>
              <mutable>False</mutable>
              <input_type>text</input_type>
              <default_value>NA</default_value>
              <values>NA</values>
            </attribute>
            <attribute>
              <name>Sex</name>
              <mutable>False</mutable>
              <input_type>select</input_type>
              <default_value>Male</default_value>
              <values>Male
Female
Jack</values>
            </attribute>
          </attributes>
        </label>
        <label>
          <name>Pink</name>
          <color>#fa7dbb</color>
          <attributes>
            <attribute>
              <name>Adipose Clipped</name>
              <mutable>False</mutable>
              <input_type>select</input_type>
              <default_value>No</default_value>
              <values>No
Yes
NA</values>
            </attribute>
            <attribute>
              <name>Confidence Level</name>
              <mutable>False</mutable>
              <input_type>select</input_type>
              <default_value>3</default_value>
              <values>3
2
1</values>
            </attribute>
            <attribute>
              <name>Injury</name>
              <mutable>False</mutable>
              <input_type>select</input_type>
              <default_value>No</default_value>
              <values>No
Yes
NA</values>
            </attribute>
            <attribute>
              <name>Notes</name>
              <mutable>False</mutable>
              <input_type>text</input_type>
              <default_value>NA</default_value>
              <values>NA</values>
            </attribute>
            <attribute>
              <name>Sex</name>
              <mutable>False</mutable>
              <input_type>select</input_type>
              <default_value>Male</default_value>
              <values>Male
Female</values>
            </attribute>
          </attributes>
        </label>
        <label>
          <name>Bull</name>
          <color>#ff6037</color>
          <attributes>
            <attribute>
              <name>Adipose Clipped</name>
              <mutable>False</mutable>
              <input_type>select</input_type>
              <default_value>No</default_value>
              <values>No
NA</values>
            </attribute>
            <attribute>
              <name>Confidence Level</name>
              <mutable>False</mutable>
              <input_type>select</input_type>
              <default_value>3</default_value>
              <values>3
2
1</values>
            </attribute>
            <attribute>
              <name>Injury</name>
              <mutable>False</mutable>
              <input_type>select</input_type>
              <default_value>No</default_value>
              <values>No
Yes
NA</values>
            </attribute>
            <attribute>
              <name>Notes</name>
              <mutable>False</mutable>
              <input_type>text</input_type>
              <default_value>NA</default_value>
              <values>NA</values>
            </attribute>
            <attribute>
              <name>Sex</name>
              <mutable>False</mutable>
              <input_type>select</input_type>
              <default_value>NA</default_value>
              <values>NA</values>
            </attribute>
          </attributes>
        </label>
        <label>
          <name>Chum</name>
          <color>#b83df5</color>
          <attributes>
            <attribute>
              <name>Sex</name>
              <mutable>False</mutable>
              <input_type>select</input_type>
              <default_value>Male</default_value>
              <values>Male
Female</values>
            </attribute>
            <attribute>
              <name>Adipose Clipped</name>
              <mutable>False</mutable>
              <input_type>select</input_type>
              <default_value>No</default_value>
              <values>No
Yes
NA</values>
            </attribute>
            <attribute>
              <name>Injury</name>
              <mutable>False</mutable>
              <input_type>select</input_type>
              <default_value>No</default_value>
              <values>No
Yes
NA</values>
            </attribute>
            <attribute>
              <name>Confidence Level</name>
              <mutable>False</mutable>
              <input_type>select</input_type>
              <default_value>3</default_value>
              <values>3
2
1</values>
            </attribute>
            <attribute>
              <name>Notes</name>
              <mutable>False</mutable>
              <input_type>text</input_type>
              <default_value>NA</default_value>
              <values>NA</values>
            </attribute>
          </attributes>
        </label>
        <label>
          <name>Whitefish</name>
          <color>#e2f1ee</color>
          <attributes>
            <attribute>
              <name>Sex</name>
              <mutable>False</mutable>
              <input_type>select</input_type>
              <default_value>NA</default_value>
              <values>NA</values>
            </attribute>
            <attribute>
              <name>Adipose Clipped</name>
              <mutable>False</mutable>
              <input_type>select</input_type>
              <default_value>No</default_value>
              <values>No
Yes
NA</values>
            </attribute>
            <attribute>
              <name>Injury</name>
              <mutable>False</mutable>
              <input_type>select</input_type>
              <default_value>No</default_value>
              <values>No
Yes
NA</values>
            </attribute>
            <attribute>
              <name>Confidence Level</name>
              <mutable>False</mutable>
              <input_type>select</input_type>
              <default_value>3</default_value>
              <values>3
2
1</values>
            </attribute>
            <attribute>
              <name>Notes</name>
              <mutable>False</mutable>
              <input_type>text</input_type>
              <default_value>NA</default_value>
              <values>NA</values>
            </attribute>
          </attributes>
        </label>
        <label>
          <name>Sockeye</name>
          <color>#fa3253</color>
          <attributes>
            <attribute>
              <name>Sex</name>
              <mutable>False</mutable>
              <input_type>select</input_type>
              <default_value>Male</default_value>
              <values>Male
Female</values>
            </attribute>
            <attribute>
              <name>Adipose Clipped</name>
              <mutable>False</mutable>
              <input_type>select</input_type>
              <default_value>No</default_value>
              <values>No
Yes
NA</values>
            </attribute>
            <attribute>
              <name>Injury</name>
              <mutable>False</mutable>
              <input_type>select</input_type>
              <default_value>No</default_value>
              <values>No
Yes
NA</values>
            </attribute>
            <attribute>
              <name>Confidence Level</name>
              <mutable>False</mutable>
              <input_type>select</input_type>
              <default_value>3</default_value>
              <values>3
2
1</values>
            </attribute>
            <attribute>
              <name>Notes</name>
              <mutable>False</mutable>
              <input_type>text</input_type>
              <default_value>NA</default_value>
              <values>NA</values>
            </attribute>
          </attributes>
        </label>
        <label>
          <name>Steelhead</name>
          <color>#66ff66</color>
          <attributes>
            <attribute>
              <name>Sex</name>
              <mutable>False</mutable>
              <input_type>select</input_type>
              <default_value>Male</default_value>
              <values>Male
Female</values>
            </attribute>
            <attribute>
              <name>Adipose Clipped</name>
              <mutable>False</mutable>
              <input_type>select</input_type>
              <default_value>No</default_value>
              <values>No
Yes
NA</values>
            </attribute>
            <attribute>
              <name>Injury</name>
              <mutable>False</mutable>
              <input_type>select</input_type>
              <default_value>No</default_value>
              <values>No
Yes
NA</values>
            </attribute>
            <attribute>
              <name>Confidence Level</name>
              <mutable>False</mutable>
              <input_type>select</input_type>
              <default_value>3</default_value>
              <values>3
2
1</values>
            </attribute>
            <attribute>
              <name>Notes</name>
              <mutable>False</mutable>
              <input_type>text</input_type>
              <default_value>NA</default_value>
              <values>NA</values>
            </attribute>
          </attributes>
        </label>
        <label>
          <name>Rainbow</name>
          <color>#ff00cc</color>
          <attributes>
            <attribute>
              <name>Sex</name>
              <mutable>False</mutable>
              <input_type>select</input_type>
              <default_value>NA</default_value>
              <values>NA</values>
            </attribute>
            <attribute>
              <name>Adipose Clipped</name>
              <mutable>False</mutable>
              <input_type>select</input_type>
              <default_value>No</default_value>
              <values>No
Yes
NA</values>
            </attribute>
            <attribute>
              <name>Injury</name>
              <mutable>False</mutable>
              <input_type>select</input_type>
              <default_value>No</default_value>
              <values>No
Yes
NA</values>
            </attribute>
            <attribute>
              <name>Confidence Level</name>
              <mutable>False</mutable>
              <input_type>select</input_type>
              <default_value>3</default_value>
              <values>3
2
1</values>
            </attribute>
            <attribute>
              <name>Notes</name>
              <mutable>False</mutable>
              <input_type>text</input_type>
              <default_value>NA</default_value>
              <values>NA</values>
            </attribute>
          </attributes>
        </label>
        <label>
          <name>Chinook</name>
          <color>#cc3366</color>
          <attributes>
            <attribute>
              <name>Sex</name>
              <mutable>False</mutable>
              <input_type>select</input_type>
              <default_value>Male</default_value>
              <values>Male
Female
NA</values>
            </attribute>
            <attribute>
              <name>Adipose Clipped</name>
              <mutable>False</mutable>
              <input_type>select</input_type>
              <default_value>No</default_value>
              <values>No
Yes
NA</values>
            </attribute>
            <attribute>
              <name>Injury</name>
              <mutable>False</mutable>
              <input_type>select</input_type>
              <default_value>No</default_value>
              <values>No
Yes
NA</values>
            </attribute>
            <attribute>
              <name>Confidence Level</name>
              <mutable>False</mutable>
              <input_type>select</input_type>
              <default_value>3</default_value>
              <values>3
2
1</values>
            </attribute>
            <attribute>
              <name>Notes</name>
              <mutable>False</mutable>
              <input_type>text</input_type>
              <default_value>NA</default_value>
              <values>NA</values>
            </attribute>
          </attributes>
        </label>
      </labels>
      <segments>
        <segment>
          <id>266</id>
          <start>0</start>
          <stop>91</stop>
          <url>httplocalhost:8080/?id=266</url>
        </segment>
      </segments>
      <owner>
        <username>bna19</username>
        <email>bna19@sfu.ca</email>
      </owner>
      <assignee></assignee>
      <original_size>
        <width>1920</width>
        <height>1080</height>
      </original_size>
    </task>
    <dumped>2021-02-26 21:17:44.602017+00:00</dumped>
    <source>08-12-2019 09-39-04 C Right Bank Underwater.mp4</source>
  </meta>
  <track id="0" label="Pink" source="manual">
    <box frame="15" outside="0" occluded="0" keyframe="1" xtl="0.09" ytl="473.54" xbr="490.34" ybr="993.10" z_order="0">
      <attribute name="Sex">Male</attribute>
      <attribute name="Adipose Clipped">No</attribute>
      <attribute name="Injury">No</attribute>
      <attribute name="Confidence Level">3</attribute>
      <attribute name="Notes">NA</attribute>
    </box>
    <box frame="16" outside="0" occluded="0" keyframe="0" xtl="0.09" ytl="461.83" xbr="526.09" ybr="993.10" z_order="0">
      <attribute name="Sex">Male</attribute>
      <attribute name="Adipose Clipped">No</attribute>
      <attribute name="Injury">No</attribute>
      <attribute name="Confidence Level">3</attribute>
      <attribute name="Notes">NA</attribute>
    </box>
    <box frame="17" outside="0" occluded="0" keyframe="0" xtl="0.09" ytl="450.12" xbr="561.83" ybr="993.10" z_order="0">
      <attribute name="Sex">Male</attribute>
      <attribute name="Adipose Clipped">No</attribute>
      <attribute name="Injury">No</attribute>
      <attribute name="Confidence Level">3</attribute>
      <attribute name="Notes">NA</attribute>
    </box>
    <box frame="18" outside="0" occluded="0" keyframe="0" xtl="0.09" ytl="438.40" xbr="597.58" ybr="993.10" z_order="0">
      <attribute name="Sex">Male</attribute>
      <attribute name="Adipose Clipped">No</attribute>
      <attribute name="Injury">No</attribute>
      <attribute name="Confidence Level">3</attribute>
      <attribute name="Notes">NA</attribute>
    </box>
    <box frame="19" outside="0" occluded="0" keyframe="0" xtl="0.09" ytl="426.69" xbr="633.33" ybr="993.10" z_order="0">
      <attribute name="Sex">Male</attribute>
      <attribute name="Adipose Clipped">No</attribute>
      <attribute name="Injury">No</attribute>
      <attribute name="Confidence Level">3</attribute>
      <attribute name="Notes">NA</attribute>
    </box>
    <box frame="20" outside="0" occluded="0" keyframe="0" xtl="0.09" ytl="414.97" xbr="669.07" ybr="993.10" z_order="0">
      <attribute name="Sex">Male</attribute>
      <attribute name="Adipose Clipped">No</attribute>
      <attribute name="Injury">No</attribute>
      <attribute name="Confidence Level">3</attribute>
      <attribute name="Notes">NA</attribute>
    </box>
    <box frame="21" outside="0" occluded="0" keyframe="0" xtl="0.09" ytl="403.26" xbr="704.82" ybr="993.10" z_order="0">
      <attribute name="Sex">Male</attribute>
      <attribute name="Adipose Clipped">No</attribute>
      <attribute name="Injury">No</attribute>
      <attribute name="Confidence Level">3</attribute>
      <attribute name="Notes">NA</attribute>
    </box>
    <box frame="22" outside="0" occluded="0" keyframe="0" xtl="0.09" ytl="391.54" xbr="740.56" ybr="993.10" z_order="0">
      <attribute name="Sex">Male</attribute>
      <attribute name="Adipose Clipped">No</attribute>
      <attribute name="Injury">No</attribute>
      <attribute name="Confidence Level">3</attribute>
      <attribute name="Notes">NA</attribute>
    </box>
    <box frame="23" outside="0" occluded="0" keyframe="0" xtl="0.09" ytl="379.83" xbr="776.31" ybr="993.10" z_order="0">
      <attribute name="Sex">Male</attribute>
      <attribute name="Adipose Clipped">No</attribute>
      <attribute name="Injury">No</attribute>
      <attribute name="Confidence Level">3</attribute>
      <attribute name="Notes">NA</attribute>
    </box>
    <box frame="24" outside="0" occluded="0" keyframe="0" xtl="0.09" ytl="368.11" xbr="812.05" ybr="993.10" z_order="0">
      <attribute name="Sex">Male</attribute>
      <attribute name="Adipose Clipped">No</attribute>
      <attribute name="Injury">No</attribute>
      <attribute name="Confidence Level">3</attribute>
      <attribute name="Notes">NA</attribute>
    </box>
    <box frame="25" outside="0" occluded="0" keyframe="1" xtl="0.09" ytl="356.40" xbr="847.80" ybr="993.10" z_order="0">
      <attribute name="Sex">Male</attribute>
      <attribute name="Adipose Clipped">No</attribute>
      <attribute name="Injury">No</attribute>
      <attribute name="Confidence Level">3</attribute>
      <attribute name="Notes">NA</attribute>
    </box>
    <box frame="26" outside="0" occluded="0" keyframe="0" xtl="0.09" ytl="356.40" xbr="873.20" ybr="993.10" z_order="0">
      <attribute name="Sex">Male</attribute>
      <attribute name="Adipose Clipped">No</attribute>
      <attribute name="Injury">No</attribute>
      <attribute name="Confidence Level">3</attribute>
      <attribute name="Notes">NA</attribute>
    </box>
    <box frame="27" outside="0" occluded="0" keyframe="0" xtl="0.09" ytl="356.40" xbr="898.60" ybr="993.10" z_order="0">
      <attribute name="Sex">Male</attribute>
      <attribute name="Adipose Clipped">No</attribute>
      <attribute name="Injury">No</attribute>
      <attribute name="Confidence Level">3</attribute>
      <attribute name="Notes">NA</attribute>
    </box>
    <box frame="28" outside="0" occluded="0" keyframe="0" xtl="0.09" ytl="356.40" xbr="924.00" ybr="993.10" z_order="0">
      <attribute name="Sex">Male</attribute>
      <attribute name="Adipose Clipped">No</attribute>
      <attribute name="Injury">No</attribute>
      <attribute name="Confidence Level">3</attribute>
      <attribute name="Notes">NA</attribute>
    </box>
    <box frame="29" outside="0" occluded="0" keyframe="1" xtl="0.09" ytl="356.40" xbr="949.40" ybr="993.10" z_order="0">
      <attribute name="Sex">Male</attribute>
      <attribute name="Adipose Clipped">No</attribute>
      <attribute name="Injury">No</attribute>
      <attribute name="Confidence Level">3</attribute>
      <attribute name="Notes">NA</attribute>
    </box>
    <box frame="30" outside="0" occluded="0" keyframe="0" xtl="0.09" ytl="356.40" xbr="989.44" ybr="1001.79" z_order="0">
      <attribute name="Sex">Male</attribute>
      <attribute name="Adipose Clipped">No</attribute>
      <attribute name="Injury">No</attribute>
      <attribute name="Confidence Level">3</attribute>
      <attribute name="Notes">NA</attribute>
    </box>
    <box frame="31" outside="0" occluded="0" keyframe="0" xtl="0.09" ytl="356.40" xbr="1029.48" ybr="1010.48" z_order="0">
      <attribute name="Sex">Male</attribute>
      <attribute name="Adipose Clipped">No</attribute>
      <attribute name="Injury">No</attribute>
      <attribute name="Confidence Level">3</attribute>
      <attribute name="Notes">NA</attribute>
    </box>
    <box frame="32" outside="0" occluded="0" keyframe="0" xtl="0.09" ytl="356.40" xbr="1069.52" ybr="1019.17" z_order="0">
      <attribute name="Sex">Male</attribute>
      <attribute name="Adipose Clipped">No</attribute>
      <attribute name="Injury">No</attribute>
      <attribute name="Confidence Level">3</attribute>
      <attribute name="Notes">NA</attribute>
    </box>
    <box frame="33" outside="0" occluded="0" keyframe="0" xtl="0.09" ytl="356.40" xbr="1109.56" ybr="1027.86" z_order="0">
      <attribute name="Sex">Male</attribute>
      <attribute name="Adipose Clipped">No</attribute>
      <attribute name="Injury">No</attribute>
      <attribute name="Confidence Level">3</attribute>
      <attribute name="Notes">NA</attribute>
    </box>
    <box frame="34" outside="0" occluded="0" keyframe="0" xtl="0.09" ytl="356.40" xbr="1149.60" ybr="1036.55" z_order="0">
      <attribute name="Sex">Male</attribute>
      <attribute name="Adipose Clipped">No</attribute>
      <attribute name="Injury">No</attribute>
      <attribute name="Confidence Level">3</attribute>
      <attribute name="Notes">NA</attribute>
    </box>
    <box frame="35" outside="0" occluded="0" keyframe="0" xtl="0.09" ytl="356.40" xbr="1189.64" ybr="1045.24" z_order="0">
      <attribute name="Sex">Male</attribute>
      <attribute name="Adipose Clipped">No</attribute>
      <attribute name="Injury">No</attribute>
      <attribute name="Confidence Level">3</attribute>
      <attribute name="Notes">NA</attribute>
    </box>
    <box frame="36" outside="0" occluded="0" keyframe="0" xtl="0.09" ytl="356.40" xbr="1229.68" ybr="1053.93" z_order="0">
      <attribute name="Sex">Male</attribute>
      <attribute name="Adipose Clipped">No</attribute>
      <attribute name="Injury">No</attribute>
      <attribute name="Confidence Level">3</attribute>
      <attribute name="Notes">NA</attribute>
    </box>
    <box frame="37" outside="0" occluded="0" keyframe="0" xtl="0.09" ytl="356.40" xbr="1269.72" ybr="1062.62" z_order="0">
      <attribute name="Sex">Male</attribute>
      <attribute name="Adipose Clipped">No</attribute>
      <attribute name="Injury">No</attribute>
      <attribute name="Confidence Level">3</attribute>
      <attribute name="Notes">NA</attribute>
    </box>
    <box frame="38" outside="0" occluded="0" keyframe="0" xtl="0.09" ytl="356.40" xbr="1309.76" ybr="1071.31" z_order="0">
      <attribute name="Sex">Male</attribute>
      <attribute name="Adipose Clipped">No</attribute>
      <attribute name="Injury">No</attribute>
      <attribute name="Confidence Level">3</attribute>
      <attribute name="Notes">NA</attribute>
    </box>
    <box frame="39" outside="0" occluded="0" keyframe="1" xtl="0.09" ytl="356.40" xbr="1349.80" ybr="1080.00" z_order="0">
      <attribute name="Sex">Male</attribute>
      <attribute name="Adipose Clipped">No</attribute>
      <attribute name="Injury">No</attribute>
      <attribute name="Confidence Level">3</attribute>
      <attribute name="Notes">NA</attribute>
    </box>
    <box frame="40" outside="0" occluded="0" keyframe="0" xtl="0.09" ytl="356.40" xbr="1391.35" ybr="1080.00" z_order="0">
      <attribute name="Sex">Male</attribute>
      <attribute name="Adipose Clipped">No</attribute>
      <attribute name="Injury">No</attribute>
      <attribute name="Confidence Level">3</attribute>
      <attribute name="Notes">NA</attribute>
    </box>
    <box frame="41" outside="0" occluded="0" keyframe="0" xtl="0.09" ytl="356.40" xbr="1432.89" ybr="1080.00" z_order="0">
      <attribute name="Sex">Male</attribute>
      <attribute name="Adipose Clipped">No</attribute>
      <attribute name="Injury">No</attribute>
      <attribute name="Confidence Level">3</attribute>
      <attribute name="Notes">NA</attribute>
    </box>
    <box frame="42" outside="0" occluded="0" keyframe="0" xtl="0.09" ytl="356.40" xbr="1474.44" ybr="1080.00" z_order="0">
      <attribute name="Sex">Male</attribute>
      <attribute name="Adipose Clipped">No</attribute>
      <attribute name="Injury">No</attribute>
      <attribute name="Confidence Level">3</attribute>
      <attribute name="Notes">NA</attribute>
    </box>
    <box frame="43" outside="0" occluded="0" keyframe="0" xtl="0.09" ytl="356.40" xbr="1515.98" ybr="1080.00" z_order="0">
      <attribute name="Sex">Male</attribute>
      <attribute name="Adipose Clipped">No</attribute>
      <attribute name="Injury">No</attribute>
      <attribute name="Confidence Level">3</attribute>
      <attribute name="Notes">NA</attribute>
    </box>
    <box frame="44" outside="0" occluded="0" keyframe="0" xtl="0.09" ytl="356.40" xbr="1557.53" ybr="1080.00" z_order="0">
      <attribute name="Sex">Male</attribute>
      <attribute name="Adipose Clipped">No</attribute>
      <attribute name="Injury">No</attribute>
      <attribute name="Confidence Level">3</attribute>
      <attribute name="Notes">NA</attribute>
    </box>
    <box frame="45" outside="0" occluded="0" keyframe="0" xtl="0.09" ytl="356.40" xbr="1599.07" ybr="1080.00" z_order="0">
      <attribute name="Sex">Male</attribute>
      <attribute name="Adipose Clipped">No</attribute>
      <attribute name="Injury">No</attribute>
      <attribute name="Confidence Level">3</attribute>
      <attribute name="Notes">NA</attribute>
    </box>
    <box frame="46" outside="0" occluded="0" keyframe="0" xtl="0.09" ytl="356.40" xbr="1640.62" ybr="1080.00" z_order="0">
      <attribute name="Sex">Male</attribute>
      <attribute name="Adipose Clipped">No</attribute>
      <attribute name="Injury">No</attribute>
      <attribute name="Confidence Level">3</attribute>
      <attribute name="Notes">NA</attribute>
    </box>
    <box frame="47" outside="0" occluded="0" keyframe="0" xtl="0.09" ytl="356.40" xbr="1682.16" ybr="1080.00" z_order="0">
      <attribute name="Sex">Male</attribute>
      <attribute name="Adipose Clipped">No</attribute>
      <attribute name="Injury">No</attribute>
      <attribute name="Confidence Level">3</attribute>
      <attribute name="Notes">NA</attribute>
    </box>
    <box frame="48" outside="0" occluded="0" keyframe="0" xtl="0.09" ytl="356.40" xbr="1723.71" ybr="1080.00" z_order="0">
      <attribute name="Sex">Male</attribute>
      <attribute name="Adipose Clipped">No</attribute>
      <attribute name="Injury">No</attribute>
      <attribute name="Confidence Level">3</attribute>
      <attribute name="Notes">NA</attribute>
    </box>
    <box frame="49" outside="0" occluded="0" keyframe="0" xtl="0.09" ytl="356.40" xbr="1765.25" ybr="1080.00" z_order="0">
      <attribute name="Sex">Male</attribute>
      <attribute name="Adipose Clipped">No</attribute>
      <attribute name="Injury">No</attribute>
      <attribute name="Confidence Level">3</attribute>
      <attribute name="Notes">NA</attribute>
    </box>
    <box frame="50" outside="0" occluded="0" keyframe="1" xtl="0.09" ytl="356.40" xbr="1806.80" ybr="1080.00" z_order="0">
      <attribute name="Sex">Male</attribute>
      <attribute name="Adipose Clipped">No</attribute>
      <attribute name="Injury">No</attribute>
      <attribute name="Confidence Level">3</attribute>
      <attribute name="Notes">NA</attribute>
    </box>
    <box frame="51" outside="0" occluded="0" keyframe="0" xtl="0.09" ytl="356.40" xbr="1842.47" ybr="1080.00" z_order="0">
      <attribute name="Sex">Male</attribute>
      <attribute name="Adipose Clipped">No</attribute>
      <attribute name="Injury">No</attribute>
      <attribute name="Confidence Level">3</attribute>
      <attribute name="Notes">NA</attribute>
    </box>
    <box frame="52" outside="0" occluded="0" keyframe="0" xtl="0.09" ytl="356.40" xbr="1878.13" ybr="1080.00" z_order="0">
      <attribute name="Sex">Male</attribute>
      <attribute name="Adipose Clipped">No</attribute>
      <attribute name="Injury">No</attribute>
      <attribute name="Confidence Level">3</attribute>
      <attribute name="Notes">NA</attribute>
    </box>
    <box frame="53" outside="0" occluded="0" keyframe="1" xtl="0.09" ytl="356.40" xbr="1913.80" ybr="1080.00" z_order="0">
      <attribute name="Sex">Male</attribute>
      <attribute name="Adipose Clipped">No</attribute>
      <attribute name="Injury">No</attribute>
      <attribute name="Confidence Level">3</attribute>
      <attribute name="Notes">NA</attribute>
    </box>
    <box frame="54" outside="0" occluded="0" keyframe="0" xtl="0.09" ytl="356.40" xbr="1916.90" ybr="1080.00" z_order="0">
      <attribute name="Sex">Male</attribute>
      <attribute name="Adipose Clipped">No</attribute>
      <attribute name="Injury">No</attribute>
      <attribute name="Confidence Level">3</attribute>
      <attribute name="Notes">NA</attribute>
    </box>
    <box frame="55" outside="0" occluded="0" keyframe="1" xtl="0.09" ytl="356.40" xbr="1920.00" ybr="1080.00" z_order="0">
      <attribute name="Sex">Male</attribute>
      <attribute name="Adipose Clipped">No</attribute>
      <attribute name="Injury">No</attribute>
      <attribute name="Confidence Level">3</attribute>
      <attribute name="Notes">NA</attribute>
    </box>
    <box frame="56" outside="0" occluded="0" keyframe="0" xtl="21.57" ytl="356.40" xbr="1920.00" ybr="1080.00" z_order="0">
      <attribute name="Sex">Male</attribute>
      <attribute name="Adipose Clipped">No</attribute>
      <attribute name="Injury">No</attribute>
      <attribute name="Confidence Level">3</attribute>
      <attribute name="Notes">NA</attribute>
    </box>
    <box frame="57" outside="0" occluded="0" keyframe="0" xtl="43.06" ytl="356.40" xbr="1920.00" ybr="1080.00" z_order="0">
      <attribute name="Sex">Male</attribute>
      <attribute name="Adipose Clipped">No</attribute>
      <attribute name="Injury">No</attribute>
      <attribute name="Confidence Level">3</attribute>
      <attribute name="Notes">NA</attribute>
    </box>
    <box frame="58" outside="0" occluded="0" keyframe="0" xtl="64.54" ytl="356.40" xbr="1920.00" ybr="1080.00" z_order="0">
      <attribute name="Sex">Male</attribute>
      <attribute name="Adipose Clipped">No</attribute>
      <attribute name="Injury">No</attribute>
      <attribute name="Confidence Level">3</attribute>
      <attribute name="Notes">NA</attribute>
    </box>
    <box frame="59" outside="0" occluded="0" keyframe="1" xtl="86.03" ytl="356.40" xbr="1920.00" ybr="1080.00" z_order="0">
      <attribute name="Sex">Male</attribute>
      <attribute name="Adipose Clipped">No</attribute>
      <attribute name="Injury">No</attribute>
      <attribute name="Confidence Level">3</attribute>
      <attribute name="Notes">NA</attribute>
    </box>
    <box frame="60" outside="0" occluded="0" keyframe="0" xtl="78.05" ytl="356.40" xbr="1920.00" ybr="1080.00" z_order="0">
      <attribute name="Sex">Male</attribute>
      <attribute name="Adipose Clipped">No</attribute>
      <attribute name="Injury">No</attribute>
      <attribute name="Confidence Level">3</attribute>
      <attribute name="Notes">NA</attribute>
    </box>
    <box frame="61" outside="0" occluded="0" keyframe="0" xtl="70.08" ytl="356.40" xbr="1920.00" ybr="1080.00" z_order="0">
      <attribute name="Sex">Male</attribute>
      <attribute name="Adipose Clipped">No</attribute>
      <attribute name="Injury">No</attribute>
      <attribute name="Confidence Level">3</attribute>
      <attribute name="Notes">NA</attribute>
    </box>
    <box frame="62" outside="0" occluded="0" keyframe="1" xtl="62.10" ytl="356.40" xbr="1920.00" ybr="1080.00" z_order="0">
      <attribute name="Sex">Male</attribute>
      <attribute name="Adipose Clipped">No</attribute>
      <attribute name="Injury">No</attribute>
      <attribute name="Confidence Level">3</attribute>
      <attribute name="Notes">NA</attribute>
    </box>
    <box frame="63" outside="0" occluded="0" keyframe="1" xtl="150.49" ytl="356.40" xbr="1920.00" ybr="1080.00" z_order="0">
      <attribute name="Sex">Male</attribute>
      <attribute name="Adipose Clipped">No</attribute>
      <attribute name="Injury">No</attribute>
      <attribute name="Confidence Level">3</attribute>
      <attribute name="Notes">NA</attribute>
    </box>
    <box frame="64" outside="0" occluded="0" keyframe="0" xtl="214.29" ytl="356.40" xbr="1920.00" ybr="1080.00" z_order="0">
      <attribute name="Sex">Male</attribute>
      <attribute name="Adipose Clipped">No</attribute>
      <attribute name="Injury">No</attribute>
      <attribute name="Confidence Level">3</attribute>
      <attribute name="Notes">NA</attribute>
    </box>
    <box frame="65" outside="0" occluded="0" keyframe="0" xtl="278.09" ytl="356.40" xbr="1920.00" ybr="1080.00" z_order="0">
      <attribute name="Sex">Male</attribute>
      <attribute name="Adipose Clipped">No</attribute>
      <attribute name="Injury">No</attribute>
      <attribute name="Confidence Level">3</attribute>
      <attribute name="Notes">NA</attribute>
    </box>
    <box frame="66" outside="0" occluded="0" keyframe="1" xtl="341.90" ytl="356.40" xbr="1920.00" ybr="1080.00" z_order="0">
      <attribute name="Sex">Male</attribute>
      <attribute name="Adipose Clipped">No</attribute>
      <attribute name="Injury">No</attribute>
      <attribute name="Confidence Level">3</attribute>
      <attribute name="Notes">NA</attribute>
    </box>
    <box frame="67" outside="0" occluded="0" keyframe="0" xtl="393.33" ytl="356.40" xbr="1920.00" ybr="1080.00" z_order="0">
      <attribute name="Sex">Male</attribute>
      <attribute name="Adipose Clipped">No</attribute>
      <attribute name="Injury">No</attribute>
      <attribute name="Confidence Level">3</attribute>
      <attribute name="Notes">NA</attribute>
    </box>
    <box frame="68" outside="0" occluded="0" keyframe="0" xtl="444.77" ytl="356.40" xbr="1920.00" ybr="1080.00" z_order="0">
      <attribute name="Sex">Male</attribute>
      <attribute name="Adipose Clipped">No</attribute>
      <attribute name="Injury">No</attribute>
      <attribute name="Confidence Level">3</attribute>
      <attribute name="Notes">NA</attribute>
    </box>
    <box frame="69" outside="0" occluded="0" keyframe="1" xtl="496.20" ytl="356.40" xbr="1920.00" ybr="1080.00" z_order="0">
      <attribute name="Sex">Male</attribute>
      <attribute name="Adipose Clipped">No</attribute>
      <attribute name="Injury">No</attribute>
      <attribute name="Confidence Level">3</attribute>
      <attribute name="Notes">NA</attribute>
    </box>
    <box frame="70" outside="0" occluded="0" keyframe="0" xtl="574.33" ytl="358.35" xbr="1920.00" ybr="1080.00" z_order="0">
      <attribute name="Sex">Male</attribute>
      <attribute name="Adipose Clipped">No</attribute>
      <attribute name="Injury">No</attribute>
      <attribute name="Confidence Level">3</attribute>
      <attribute name="Notes">NA</attribute>
    </box>
    <box frame="71" outside="0" occluded="0" keyframe="0" xtl="652.46" ytl="360.31" xbr="1920.00" ybr="1080.00" z_order="0">
      <attribute name="Sex">Male</attribute>
      <attribute name="Adipose Clipped">No</attribute>
      <attribute name="Injury">No</attribute>
      <attribute name="Confidence Level">3</attribute>
      <attribute name="Notes">NA</attribute>
    </box>
    <box frame="72" outside="0" occluded="0" keyframe="0" xtl="730.59" ytl="362.26" xbr="1920.00" ybr="1080.00" z_order="0">
      <attribute name="Sex">Male</attribute>
      <attribute name="Adipose Clipped">No</attribute>
      <attribute name="Injury">No</attribute>
      <attribute name="Confidence Level">3</attribute>
      <attribute name="Notes">NA</attribute>
    </box>
    <box frame="73" outside="0" occluded="0" keyframe="1" xtl="808.71" ytl="364.21" xbr="1920.00" ybr="1080.00" z_order="0">
      <attribute name="Sex">Male</attribute>
      <attribute name="Adipose Clipped">No</attribute>
      <attribute name="Injury">No</attribute>
      <attribute name="Confidence Level">3</attribute>
      <attribute name="Notes">NA</attribute>
    </box>
    <box frame="74" outside="0" occluded="0" keyframe="0" xtl="859.50" ytl="364.21" xbr="1920.00" ybr="1080.00" z_order="0">
      <attribute name="Sex">Male</attribute>
      <attribute name="Adipose Clipped">No</attribute>
      <attribute name="Injury">No</attribute>
      <attribute name="Confidence Level">3</attribute>
      <attribute name="Notes">NA</attribute>
    </box>
    <box frame="75" outside="0" occluded="0" keyframe="1" xtl="910.28" ytl="364.21" xbr="1920.00" ybr="1080.00" z_order="0">
      <attribute name="Sex">Male</attribute>
      <attribute name="Adipose Clipped">No</attribute>
      <attribute name="Injury">No</attribute>
      <attribute name="Confidence Level">3</attribute>
      <attribute name="Notes">NA</attribute>
    </box>
    <box frame="76" outside="0" occluded="0" keyframe="0" xtl="972.78" ytl="365.51" xbr="1920.00" ybr="1080.00" z_order="0">
      <attribute name="Sex">Male</attribute>
      <attribute name="Adipose Clipped">No</attribute>
      <attribute name="Injury">No</attribute>
      <attribute name="Confidence Level">3</attribute>
      <attribute name="Notes">NA</attribute>
    </box>
    <box frame="77" outside="0" occluded="0" keyframe="0" xtl="1035.29" ytl="366.82" xbr="1920.00" ybr="1080.00" z_order="0">
      <attribute name="Sex">Male</attribute>
      <attribute name="Adipose Clipped">No</attribute>
      <attribute name="Injury">No</attribute>
      <attribute name="Confidence Level">3</attribute>
      <attribute name="Notes">NA</attribute>
    </box>
    <box frame="78" outside="0" occluded="0" keyframe="1" xtl="1097.79" ytl="368.12" xbr="1920.00" ybr="1080.00" z_order="0">
      <attribute name="Sex">Male</attribute>
      <attribute name="Adipose Clipped">No</attribute>
      <attribute name="Injury">No</attribute>
      <attribute name="Confidence Level">3</attribute>
      <attribute name="Notes">NA</attribute>
    </box>
    <box frame="79" outside="0" occluded="0" keyframe="0" xtl="1198.38" ytl="370.07" xbr="1920.00" ybr="1080.00" z_order="0">
      <attribute name="Sex">Male</attribute>
      <attribute name="Adipose Clipped">No</attribute>
      <attribute name="Injury">No</attribute>
      <attribute name="Confidence Level">3</attribute>
      <attribute name="Notes">NA</attribute>
    </box>
    <box frame="80" outside="0" occluded="0" keyframe="1" xtl="1298.97" ytl="372.03" xbr="1920.00" ybr="1080.00" z_order="0">
      <attribute name="Sex">Male</attribute>
      <attribute name="Adipose Clipped">No</attribute>
      <attribute name="Injury">No</attribute>
      <attribute name="Confidence Level">3</attribute>
      <attribute name="Notes">NA</attribute>
    </box>
    <box frame="81" outside="0" occluded="0" keyframe="0" xtl="1353.01" ytl="383.74" xbr="1920.00" ybr="1080.00" z_order="0">
      <attribute name="Sex">Male</attribute>
      <attribute name="Adipose Clipped">No</attribute>
      <attribute name="Injury">No</attribute>
      <attribute name="Confidence Level">3</attribute>
      <attribute name="Notes">NA</attribute>
    </box>
    <box frame="82" outside="0" occluded="0" keyframe="0" xtl="1407.05" ytl="395.46" xbr="1920.00" ybr="1080.00" z_order="0">
      <attribute name="Sex">Male</attribute>
      <attribute name="Adipose Clipped">No</attribute>
      <attribute name="Injury">No</attribute>
      <attribute name="Confidence Level">3</attribute>
      <attribute name="Notes">NA</attribute>
    </box>
    <box frame="83" outside="0" occluded="0" keyframe="1" xtl="1461.08" ytl="407.18" xbr="1920.00" ybr="1080.00" z_order="0">
      <attribute name="Sex">Male</attribute>
      <attribute name="Adipose Clipped">No</attribute>
      <attribute name="Injury">No</attribute>
      <attribute name="Confidence Level">3</attribute>
      <attribute name="Notes">NA</attribute>
    </box>
    <box frame="84" outside="0" occluded="0" keyframe="0" xtl="1569.49" ytl="411.09" xbr="1920.00" ybr="1080.00" z_order="0">
      <attribute name="Sex">Male</attribute>
      <attribute name="Adipose Clipped">No</attribute>
      <attribute name="Injury">No</attribute>
      <attribute name="Confidence Level">3</attribute>
      <attribute name="Notes">NA</attribute>
    </box>
    <box frame="85" outside="0" occluded="0" keyframe="1" xtl="1677.89" ytl="415.00" xbr="1920.00" ybr="1080.00" z_order="0">
      <attribute name="Sex">Male</attribute>
      <attribute name="Adipose Clipped">No</attribute>
      <attribute name="Injury">No</attribute>
      <attribute name="Confidence Level">3</attribute>
      <attribute name="Notes">NA</attribute>
    </box>
    <box frame="86" outside="0" occluded="1" keyframe="1" xtl="1677.89" ytl="415.00" xbr="1920.00" ybr="1080.00" z_order="0">
      <attribute name="Sex">Male</attribute>
      <attribute name="Adipose Clipped">No</attribute>
      <attribute name="Injury">No</attribute>
      <attribute name="Confidence Level">3</attribute>
      <attribute name="Notes">NA</attribute>
    </box>
    <box frame="87" outside="0" occluded="1" keyframe="0" xtl="1730.65" ytl="420.86" xbr="1920.00" ybr="1054.60" z_order="0">
      <attribute name="Sex">Male</attribute>
      <attribute name="Adipose Clipped">No</attribute>
      <attribute name="Injury">No</attribute>
      <attribute name="Confidence Level">3</attribute>
      <attribute name="Notes">NA</attribute>
    </box>
    <box frame="88" outside="0" occluded="1" keyframe="1" xtl="1783.40" ytl="426.72" xbr="1920.00" ybr="1029.20" z_order="0">
      <attribute name="Sex">Male</attribute>
      <attribute name="Adipose Clipped">No</attribute>
      <attribute name="Injury">No</attribute>
      <attribute name="Confidence Level">3</attribute>
      <attribute name="Notes">NA</attribute>
    </box>
    <box frame="89" outside="0" occluded="1" keyframe="0" xtl="1783.40" ytl="426.72" xbr="1920.00" ybr="1029.20" z_order="0">
      <attribute name="Sex">Male</attribute>
      <attribute name="Adipose Clipped">No</attribute>
      <attribute name="Injury">No</attribute>
      <attribute name="Confidence Level">3</attribute>
      <attribute name="Notes">NA</attribute>
    </box>
    <box frame="90" outside="1" occluded="1" keyframe="1" xtl="1783.40" ytl="426.72" xbr="1920.00" ybr="1029.20" z_order="0">
      <attribute name="Sex">Male</attribute>
      <attribute name="Adipose Clipped">No</attribute>
      <attribute name="Injury">No</attribute>
      <attribute name="Confidence Level">3</attribute>
      <attribute name="Notes">NA</attribute>
    </box>
  </track>
</annotations>