<?xml version="1.0" encoding="utf-8"?>
<annotations>
  <version>1.1</version>
  <meta>
    <task>
      <id>286</id>
      <name>08-12-2019 09-59-36 C Right Bank Underwater</name>
      <size>184</size>
      <mode>interpolation</mode>
      <overlap>5</overlap>
      <bugtracker></bugtracker>
      <created>2021-02-26 22:51:38.496801+00:00</created>
      <updated>2021-02-26 23:47:10.758162+00:00</updated>
      <start_frame>0</start_frame>
      <stop_frame>183</stop_frame>
      <frame_filter></frame_filter>
      <labels>
        <label>
          <name>Coho</name>
          <color>#66c893</color>
          <attributes>
            <attribute>
              <name>Adipose Clipped</name>
              <mutable>False</mutable>
              <input_type>select</input_type>
              <default_value>No</default_value>
              <values>No
Yes
NA</values>
            </attribute>
            <attribute>
              <name>Confidence Level</name>
              <mutable>False</mutable>
              <input_type>select</input_type>
              <default_value>3</default_value>
              <values>3
2
1</values>
            </attribute>
            <attribute>
              <name>Injury</name>
              <mutable>False</mutable>
              <input_type>select</input_type>
              <default_value>No</default_value>
              <values>No
Yes
NA</values>
            </attribute>
            <attribute>
              <name>Notes</name>
              <mutable>False</mutable>
              <input_type>text</input_type>
              <default_value>NA</default_value>
              <values>NA</values>
            </attribute>
            <attribute>
              <name>Sex</name>
              <mutable>False</mutable>
              <input_type>select</input_type>
              <default_value>Male</default_value>
              <values>Male
Female
Jack</values>
            </attribute>
          </attributes>
        </label>
        <label>
          <name>Pink</name>
          <color>#fa7dbb</color>
          <attributes>
            <attribute>
              <name>Adipose Clipped</name>
              <mutable>False</mutable>
              <input_type>select</input_type>
              <default_value>No</default_value>
              <values>No
Yes
NA</values>
            </attribute>
            <attribute>
              <name>Confidence Level</name>
              <mutable>False</mutable>
              <input_type>select</input_type>
              <default_value>3</default_value>
              <values>3
2
1</values>
            </attribute>
            <attribute>
              <name>Injury</name>
              <mutable>False</mutable>
              <input_type>select</input_type>
              <default_value>No</default_value>
              <values>No
Yes
NA</values>
            </attribute>
            <attribute>
              <name>Notes</name>
              <mutable>False</mutable>
              <input_type>text</input_type>
              <default_value>NA</default_value>
              <values>NA</values>
            </attribute>
            <attribute>
              <name>Sex</name>
              <mutable>False</mutable>
              <input_type>select</input_type>
              <default_value>Male</default_value>
              <values>Male
Female</values>
            </attribute>
          </attributes>
        </label>
        <label>
          <name>Bull</name>
          <color>#ff6037</color>
          <attributes>
            <attribute>
              <name>Sex</name>
              <mutable>False</mutable>
              <input_type>select</input_type>
              <default_value>NA</default_value>
              <values>NA</values>
            </attribute>
            <attribute>
              <name>Adipose Clipped</name>
              <mutable>False</mutable>
              <input_type>select</input_type>
              <default_value>No</default_value>
              <values>No
NA</values>
            </attribute>
            <attribute>
              <name>Confidence Level</name>
              <mutable>False</mutable>
              <input_type>select</input_type>
              <default_value>3</default_value>
              <values>3
2
1</values>
            </attribute>
            <attribute>
              <name>Injury</name>
              <mutable>False</mutable>
              <input_type>select</input_type>
              <default_value>No</default_value>
              <values>No
Yes
NA</values>
            </attribute>
            <attribute>
              <name>Notes</name>
              <mutable>False</mutable>
              <input_type>text</input_type>
              <default_value>NA</default_value>
              <values>NA</values>
            </attribute>
          </attributes>
        </label>
        <label>
          <name>Chum</name>
          <color>#b83df5</color>
          <attributes>
            <attribute>
              <name>Sex</name>
              <mutable>False</mutable>
              <input_type>select</input_type>
              <default_value>Male</default_value>
              <values>Male
Female</values>
            </attribute>
            <attribute>
              <name>Adipose Clipped</name>
              <mutable>False</mutable>
              <input_type>select</input_type>
              <default_value>No</default_value>
              <values>No
Yes
NA</values>
            </attribute>
            <attribute>
              <name>Injury</name>
              <mutable>False</mutable>
              <input_type>select</input_type>
              <default_value>No</default_value>
              <values>No
Yes
NA</values>
            </attribute>
            <attribute>
              <name>Confidence Level</name>
              <mutable>False</mutable>
              <input_type>select</input_type>
              <default_value>3</default_value>
              <values>3
2
1</values>
            </attribute>
            <attribute>
              <name>Notes</name>
              <mutable>False</mutable>
              <input_type>text</input_type>
              <default_value>NA</default_value>
              <values>NA</values>
            </attribute>
          </attributes>
        </label>
        <label>
          <name>Whitefish</name>
          <color>#e2f1ee</color>
          <attributes>
            <attribute>
              <name>Sex</name>
              <mutable>False</mutable>
              <input_type>select</input_type>
              <default_value>NA</default_value>
              <values>NA</values>
            </attribute>
            <attribute>
              <name>Adipose Clipped</name>
              <mutable>False</mutable>
              <input_type>select</input_type>
              <default_value>No</default_value>
              <values>No
Yes
NA</values>
            </attribute>
            <attribute>
              <name>Injury</name>
              <mutable>False</mutable>
              <input_type>select</input_type>
              <default_value>No</default_value>
              <values>No
Yes
NA</values>
            </attribute>
            <attribute>
              <name>Confidence Level</name>
              <mutable>False</mutable>
              <input_type>select</input_type>
              <default_value>3</default_value>
              <values>3
2
1</values>
            </attribute>
            <attribute>
              <name>Notes</name>
              <mutable>False</mutable>
              <input_type>text</input_type>
              <default_value>NA</default_value>
              <values>NA</values>
            </attribute>
          </attributes>
        </label>
        <label>
          <name>Sockeye</name>
          <color>#fa3253</color>
          <attributes>
            <attribute>
              <name>Sex</name>
              <mutable>False</mutable>
              <input_type>select</input_type>
              <default_value>Male</default_value>
              <values>Male
Female</values>
            </attribute>
            <attribute>
              <name>Adipose Clipped</name>
              <mutable>False</mutable>
              <input_type>select</input_type>
              <default_value>No</default_value>
              <values>No
Yes
NA</values>
            </attribute>
            <attribute>
              <name>Injury</name>
              <mutable>False</mutable>
              <input_type>select</input_type>
              <default_value>No</default_value>
              <values>No
Yes
NA</values>
            </attribute>
            <attribute>
              <name>Confidence Level</name>
              <mutable>False</mutable>
              <input_type>select</input_type>
              <default_value>3</default_value>
              <values>3
2
1</values>
            </attribute>
            <attribute>
              <name>Notes</name>
              <mutable>False</mutable>
              <input_type>text</input_type>
              <default_value>NA</default_value>
              <values>NA</values>
            </attribute>
          </attributes>
        </label>
        <label>
          <name>Steelhead</name>
          <color>#66ff66</color>
          <attributes>
            <attribute>
              <name>Sex</name>
              <mutable>False</mutable>
              <input_type>select</input_type>
              <default_value>Male</default_value>
              <values>Male
Female</values>
            </attribute>
            <attribute>
              <name>Adipose Clipped</name>
              <mutable>False</mutable>
              <input_type>select</input_type>
              <default_value>No</default_value>
              <values>No
Yes
NA</values>
            </attribute>
            <attribute>
              <name>Injury</name>
              <mutable>False</mutable>
              <input_type>select</input_type>
              <default_value>No</default_value>
              <values>No
Yes
NA</values>
            </attribute>
            <attribute>
              <name>Confidence Level</name>
              <mutable>False</mutable>
              <input_type>select</input_type>
              <default_value>3</default_value>
              <values>3
2
1</values>
            </attribute>
            <attribute>
              <name>Notes</name>
              <mutable>False</mutable>
              <input_type>text</input_type>
              <default_value>NA</default_value>
              <values>NA</values>
            </attribute>
          </attributes>
        </label>
        <label>
          <name>Rainbow</name>
          <color>#ff00cc</color>
          <attributes>
            <attribute>
              <name>Sex</name>
              <mutable>False</mutable>
              <input_type>select</input_type>
              <default_value>NA</default_value>
              <values>NA
Juvenile</values>
            </attribute>
            <attribute>
              <name>Adipose Clipped</name>
              <mutable>False</mutable>
              <input_type>select</input_type>
              <default_value>No</default_value>
              <values>No
Yes
NA</values>
            </attribute>
            <attribute>
              <name>Injury</name>
              <mutable>False</mutable>
              <input_type>select</input_type>
              <default_value>No</default_value>
              <values>No
Yes
NA</values>
            </attribute>
            <attribute>
              <name>Confidence Level</name>
              <mutable>False</mutable>
              <input_type>select</input_type>
              <default_value>3</default_value>
              <values>3
2
1</values>
            </attribute>
            <attribute>
              <name>Notes</name>
              <mutable>False</mutable>
              <input_type>text</input_type>
              <default_value>NA</default_value>
              <values>NA</values>
            </attribute>
          </attributes>
        </label>
        <label>
          <name>Chinook</name>
          <color>#cc3366</color>
          <attributes>
            <attribute>
              <name>Sex</name>
              <mutable>False</mutable>
              <input_type>select</input_type>
              <default_value>Male</default_value>
              <values>Male
Female
NA</values>
            </attribute>
            <attribute>
              <name>Adipose Clipped</name>
              <mutable>False</mutable>
              <input_type>select</input_type>
              <default_value>No</default_value>
              <values>No
Yes
NA</values>
            </attribute>
            <attribute>
              <name>Injury</name>
              <mutable>False</mutable>
              <input_type>select</input_type>
              <default_value>No</default_value>
              <values>No
Yes
NA</values>
            </attribute>
            <attribute>
              <name>Confidence Level</name>
              <mutable>False</mutable>
              <input_type>select</input_type>
              <default_value>3</default_value>
              <values>3
2
1</values>
            </attribute>
            <attribute>
              <name>Notes</name>
              <mutable>False</mutable>
              <input_type>text</input_type>
              <default_value>NA</default_value>
              <values>NA</values>
            </attribute>
          </attributes>
        </label>
      </labels>
      <segments>
        <segment>
          <id>283</id>
          <start>0</start>
          <stop>183</stop>
          <url>httplocalhost:8080/?id=283</url>
        </segment>
      </segments>
      <owner>
        <username>bna19</username>
        <email>bna19@sfu.ca</email>
      </owner>
      <assignee></assignee>
      <original_size>
        <width>1920</width>
        <height>1080</height>
      </original_size>
    </task>
    <dumped>2021-02-26 23:47:25.114233+00:00</dumped>
    <source>08-12-2019 09-59-36 C Right Bank Underwater.mp4</source>
  </meta>
  <track id="0" label="Pink" source="manual">
    <box frame="33" outside="0" occluded="0" keyframe="1" xtl="2.04" ytl="539.95" xbr="357.52" ybr="938.41" z_order="0">
      <attribute name="Sex">Female</attribute>
      <attribute name="Adipose Clipped">No</attribute>
      <attribute name="Injury">No</attribute>
      <attribute name="Confidence Level">3</attribute>
      <attribute name="Notes">NA</attribute>
    </box>
    <box frame="34" outside="0" occluded="0" keyframe="0" xtl="2.04" ytl="539.95" xbr="366.70" ybr="939.48" z_order="0">
      <attribute name="Sex">Female</attribute>
      <attribute name="Adipose Clipped">No</attribute>
      <attribute name="Injury">No</attribute>
      <attribute name="Confidence Level">3</attribute>
      <attribute name="Notes">NA</attribute>
    </box>
    <box frame="35" outside="0" occluded="0" keyframe="0" xtl="2.04" ytl="539.95" xbr="375.88" ybr="940.56" z_order="0">
      <attribute name="Sex">Female</attribute>
      <attribute name="Adipose Clipped">No</attribute>
      <attribute name="Injury">No</attribute>
      <attribute name="Confidence Level">3</attribute>
      <attribute name="Notes">NA</attribute>
    </box>
    <box frame="36" outside="0" occluded="0" keyframe="0" xtl="2.04" ytl="539.95" xbr="385.06" ybr="941.63" z_order="0">
      <attribute name="Sex">Female</attribute>
      <attribute name="Adipose Clipped">No</attribute>
      <attribute name="Injury">No</attribute>
      <attribute name="Confidence Level">3</attribute>
      <attribute name="Notes">NA</attribute>
    </box>
    <box frame="37" outside="0" occluded="0" keyframe="0" xtl="2.04" ytl="539.95" xbr="394.24" ybr="942.71" z_order="0">
      <attribute name="Sex">Female</attribute>
      <attribute name="Adipose Clipped">No</attribute>
      <attribute name="Injury">No</attribute>
      <attribute name="Confidence Level">3</attribute>
      <attribute name="Notes">NA</attribute>
    </box>
    <box frame="38" outside="0" occluded="0" keyframe="0" xtl="2.04" ytl="539.95" xbr="403.42" ybr="943.78" z_order="0">
      <attribute name="Sex">Female</attribute>
      <attribute name="Adipose Clipped">No</attribute>
      <attribute name="Injury">No</attribute>
      <attribute name="Confidence Level">3</attribute>
      <attribute name="Notes">NA</attribute>
    </box>
    <box frame="39" outside="0" occluded="0" keyframe="0" xtl="2.04" ytl="539.95" xbr="412.60" ybr="944.85" z_order="0">
      <attribute name="Sex">Female</attribute>
      <attribute name="Adipose Clipped">No</attribute>
      <attribute name="Injury">No</attribute>
      <attribute name="Confidence Level">3</attribute>
      <attribute name="Notes">NA</attribute>
    </box>
    <box frame="40" outside="0" occluded="0" keyframe="0" xtl="2.04" ytl="539.95" xbr="421.78" ybr="945.93" z_order="0">
      <attribute name="Sex">Female</attribute>
      <attribute name="Adipose Clipped">No</attribute>
      <attribute name="Injury">No</attribute>
      <attribute name="Confidence Level">3</attribute>
      <attribute name="Notes">NA</attribute>
    </box>
    <box frame="41" outside="0" occluded="0" keyframe="0" xtl="2.04" ytl="539.95" xbr="430.95" ybr="947.00" z_order="0">
      <attribute name="Sex">Female</attribute>
      <attribute name="Adipose Clipped">No</attribute>
      <attribute name="Injury">No</attribute>
      <attribute name="Confidence Level">3</attribute>
      <attribute name="Notes">NA</attribute>
    </box>
    <box frame="42" outside="0" occluded="0" keyframe="0" xtl="2.04" ytl="539.95" xbr="440.13" ybr="948.08" z_order="0">
      <attribute name="Sex">Female</attribute>
      <attribute name="Adipose Clipped">No</attribute>
      <attribute name="Injury">No</attribute>
      <attribute name="Confidence Level">3</attribute>
      <attribute name="Notes">NA</attribute>
    </box>
    <box frame="43" outside="0" occluded="0" keyframe="0" xtl="2.04" ytl="539.95" xbr="449.31" ybr="949.15" z_order="0">
      <attribute name="Sex">Female</attribute>
      <attribute name="Adipose Clipped">No</attribute>
      <attribute name="Injury">No</attribute>
      <attribute name="Confidence Level">3</attribute>
      <attribute name="Notes">NA</attribute>
    </box>
    <box frame="44" outside="0" occluded="0" keyframe="0" xtl="2.04" ytl="539.95" xbr="458.49" ybr="950.23" z_order="0">
      <attribute name="Sex">Female</attribute>
      <attribute name="Adipose Clipped">No</attribute>
      <attribute name="Injury">No</attribute>
      <attribute name="Confidence Level">3</attribute>
      <attribute name="Notes">NA</attribute>
    </box>
    <box frame="45" outside="0" occluded="0" keyframe="0" xtl="2.04" ytl="539.95" xbr="467.67" ybr="951.30" z_order="0">
      <attribute name="Sex">Female</attribute>
      <attribute name="Adipose Clipped">No</attribute>
      <attribute name="Injury">No</attribute>
      <attribute name="Confidence Level">3</attribute>
      <attribute name="Notes">NA</attribute>
    </box>
    <box frame="46" outside="0" occluded="0" keyframe="0" xtl="2.04" ytl="539.95" xbr="476.85" ybr="952.38" z_order="0">
      <attribute name="Sex">Female</attribute>
      <attribute name="Adipose Clipped">No</attribute>
      <attribute name="Injury">No</attribute>
      <attribute name="Confidence Level">3</attribute>
      <attribute name="Notes">NA</attribute>
    </box>
    <box frame="47" outside="0" occluded="0" keyframe="0" xtl="2.04" ytl="539.95" xbr="486.03" ybr="953.45" z_order="0">
      <attribute name="Sex">Female</attribute>
      <attribute name="Adipose Clipped">No</attribute>
      <attribute name="Injury">No</attribute>
      <attribute name="Confidence Level">3</attribute>
      <attribute name="Notes">NA</attribute>
    </box>
    <box frame="48" outside="0" occluded="0" keyframe="0" xtl="2.04" ytl="539.95" xbr="495.21" ybr="954.53" z_order="0">
      <attribute name="Sex">Female</attribute>
      <attribute name="Adipose Clipped">No</attribute>
      <attribute name="Injury">No</attribute>
      <attribute name="Confidence Level">3</attribute>
      <attribute name="Notes">NA</attribute>
    </box>
    <box frame="49" outside="0" occluded="0" keyframe="0" xtl="2.04" ytl="539.95" xbr="504.38" ybr="955.60" z_order="0">
      <attribute name="Sex">Female</attribute>
      <attribute name="Adipose Clipped">No</attribute>
      <attribute name="Injury">No</attribute>
      <attribute name="Confidence Level">3</attribute>
      <attribute name="Notes">NA</attribute>
    </box>
    <box frame="50" outside="0" occluded="0" keyframe="0" xtl="2.04" ytl="539.95" xbr="513.56" ybr="956.68" z_order="0">
      <attribute name="Sex">Female</attribute>
      <attribute name="Adipose Clipped">No</attribute>
      <attribute name="Injury">No</attribute>
      <attribute name="Confidence Level">3</attribute>
      <attribute name="Notes">NA</attribute>
    </box>
    <box frame="51" outside="0" occluded="0" keyframe="0" xtl="2.04" ytl="539.95" xbr="522.74" ybr="957.75" z_order="0">
      <attribute name="Sex">Female</attribute>
      <attribute name="Adipose Clipped">No</attribute>
      <attribute name="Injury">No</attribute>
      <attribute name="Confidence Level">3</attribute>
      <attribute name="Notes">NA</attribute>
    </box>
    <box frame="52" outside="0" occluded="0" keyframe="0" xtl="2.04" ytl="539.95" xbr="531.92" ybr="958.83" z_order="0">
      <attribute name="Sex">Female</attribute>
      <attribute name="Adipose Clipped">No</attribute>
      <attribute name="Injury">No</attribute>
      <attribute name="Confidence Level">3</attribute>
      <attribute name="Notes">NA</attribute>
    </box>
    <box frame="53" outside="0" occluded="0" keyframe="1" xtl="2.04" ytl="539.95" xbr="541.10" ybr="959.90" z_order="0">
      <attribute name="Sex">Female</attribute>
      <attribute name="Adipose Clipped">No</attribute>
      <attribute name="Injury">No</attribute>
      <attribute name="Confidence Level">3</attribute>
      <attribute name="Notes">NA</attribute>
    </box>
    <box frame="54" outside="0" occluded="0" keyframe="0" xtl="2.04" ytl="539.95" xbr="558.09" ybr="959.90" z_order="0">
      <attribute name="Sex">Female</attribute>
      <attribute name="Adipose Clipped">No</attribute>
      <attribute name="Injury">No</attribute>
      <attribute name="Confidence Level">3</attribute>
      <attribute name="Notes">NA</attribute>
    </box>
    <box frame="55" outside="0" occluded="0" keyframe="0" xtl="2.04" ytl="539.95" xbr="575.08" ybr="959.90" z_order="0">
      <attribute name="Sex">Female</attribute>
      <attribute name="Adipose Clipped">No</attribute>
      <attribute name="Injury">No</attribute>
      <attribute name="Confidence Level">3</attribute>
      <attribute name="Notes">NA</attribute>
    </box>
    <box frame="56" outside="0" occluded="0" keyframe="0" xtl="2.04" ytl="539.95" xbr="592.07" ybr="959.90" z_order="0">
      <attribute name="Sex">Female</attribute>
      <attribute name="Adipose Clipped">No</attribute>
      <attribute name="Injury">No</attribute>
      <attribute name="Confidence Level">3</attribute>
      <attribute name="Notes">NA</attribute>
    </box>
    <box frame="57" outside="0" occluded="0" keyframe="0" xtl="2.04" ytl="539.95" xbr="609.06" ybr="959.90" z_order="0">
      <attribute name="Sex">Female</attribute>
      <attribute name="Adipose Clipped">No</attribute>
      <attribute name="Injury">No</attribute>
      <attribute name="Confidence Level">3</attribute>
      <attribute name="Notes">NA</attribute>
    </box>
    <box frame="58" outside="0" occluded="0" keyframe="0" xtl="2.04" ytl="539.95" xbr="626.05" ybr="959.90" z_order="0">
      <attribute name="Sex">Female</attribute>
      <attribute name="Adipose Clipped">No</attribute>
      <attribute name="Injury">No</attribute>
      <attribute name="Confidence Level">3</attribute>
      <attribute name="Notes">NA</attribute>
    </box>
    <box frame="59" outside="0" occluded="0" keyframe="0" xtl="2.04" ytl="539.95" xbr="643.04" ybr="959.90" z_order="0">
      <attribute name="Sex">Female</attribute>
      <attribute name="Adipose Clipped">No</attribute>
      <attribute name="Injury">No</attribute>
      <attribute name="Confidence Level">3</attribute>
      <attribute name="Notes">NA</attribute>
    </box>
    <box frame="60" outside="0" occluded="0" keyframe="0" xtl="2.04" ytl="539.95" xbr="660.03" ybr="959.90" z_order="0">
      <attribute name="Sex">Female</attribute>
      <attribute name="Adipose Clipped">No</attribute>
      <attribute name="Injury">No</attribute>
      <attribute name="Confidence Level">3</attribute>
      <attribute name="Notes">NA</attribute>
    </box>
    <box frame="61" outside="0" occluded="0" keyframe="0" xtl="2.04" ytl="539.95" xbr="677.02" ybr="959.90" z_order="0">
      <attribute name="Sex">Female</attribute>
      <attribute name="Adipose Clipped">No</attribute>
      <attribute name="Injury">No</attribute>
      <attribute name="Confidence Level">3</attribute>
      <attribute name="Notes">NA</attribute>
    </box>
    <box frame="62" outside="0" occluded="0" keyframe="0" xtl="2.04" ytl="539.95" xbr="694.01" ybr="959.90" z_order="0">
      <attribute name="Sex">Female</attribute>
      <attribute name="Adipose Clipped">No</attribute>
      <attribute name="Injury">No</attribute>
      <attribute name="Confidence Level">3</attribute>
      <attribute name="Notes">NA</attribute>
    </box>
    <box frame="63" outside="0" occluded="0" keyframe="1" xtl="2.04" ytl="539.95" xbr="711.00" ybr="959.90" z_order="0">
      <attribute name="Sex">Female</attribute>
      <attribute name="Adipose Clipped">No</attribute>
      <attribute name="Injury">No</attribute>
      <attribute name="Confidence Level">3</attribute>
      <attribute name="Notes">NA</attribute>
    </box>
    <box frame="64" outside="0" occluded="0" keyframe="0" xtl="2.04" ytl="531.95" xbr="725.06" ybr="963.42" z_order="0">
      <attribute name="Sex">Female</attribute>
      <attribute name="Adipose Clipped">No</attribute>
      <attribute name="Injury">No</attribute>
      <attribute name="Confidence Level">3</attribute>
      <attribute name="Notes">NA</attribute>
    </box>
    <box frame="65" outside="0" occluded="0" keyframe="0" xtl="2.04" ytl="523.94" xbr="739.12" ybr="966.94" z_order="0">
      <attribute name="Sex">Female</attribute>
      <attribute name="Adipose Clipped">No</attribute>
      <attribute name="Injury">No</attribute>
      <attribute name="Confidence Level">3</attribute>
      <attribute name="Notes">NA</attribute>
    </box>
    <box frame="66" outside="0" occluded="0" keyframe="0" xtl="2.04" ytl="515.94" xbr="753.18" ybr="970.46" z_order="0">
      <attribute name="Sex">Female</attribute>
      <attribute name="Adipose Clipped">No</attribute>
      <attribute name="Injury">No</attribute>
      <attribute name="Confidence Level">3</attribute>
      <attribute name="Notes">NA</attribute>
    </box>
    <box frame="67" outside="0" occluded="0" keyframe="0" xtl="2.04" ytl="507.93" xbr="767.24" ybr="973.98" z_order="0">
      <attribute name="Sex">Female</attribute>
      <attribute name="Adipose Clipped">No</attribute>
      <attribute name="Injury">No</attribute>
      <attribute name="Confidence Level">3</attribute>
      <attribute name="Notes">NA</attribute>
    </box>
    <box frame="68" outside="0" occluded="0" keyframe="0" xtl="2.04" ytl="499.93" xbr="781.30" ybr="977.50" z_order="0">
      <attribute name="Sex">Female</attribute>
      <attribute name="Adipose Clipped">No</attribute>
      <attribute name="Injury">No</attribute>
      <attribute name="Confidence Level">3</attribute>
      <attribute name="Notes">NA</attribute>
    </box>
    <box frame="69" outside="0" occluded="0" keyframe="0" xtl="2.04" ytl="491.92" xbr="795.36" ybr="981.02" z_order="0">
      <attribute name="Sex">Female</attribute>
      <attribute name="Adipose Clipped">No</attribute>
      <attribute name="Injury">No</attribute>
      <attribute name="Confidence Level">3</attribute>
      <attribute name="Notes">NA</attribute>
    </box>
    <box frame="70" outside="0" occluded="0" keyframe="0" xtl="2.04" ytl="483.92" xbr="809.42" ybr="984.54" z_order="0">
      <attribute name="Sex">Female</attribute>
      <attribute name="Adipose Clipped">No</attribute>
      <attribute name="Injury">No</attribute>
      <attribute name="Confidence Level">3</attribute>
      <attribute name="Notes">NA</attribute>
    </box>
    <box frame="71" outside="0" occluded="0" keyframe="0" xtl="2.04" ytl="475.91" xbr="823.48" ybr="988.06" z_order="0">
      <attribute name="Sex">Female</attribute>
      <attribute name="Adipose Clipped">No</attribute>
      <attribute name="Injury">No</attribute>
      <attribute name="Confidence Level">3</attribute>
      <attribute name="Notes">NA</attribute>
    </box>
    <box frame="72" outside="0" occluded="0" keyframe="0" xtl="2.04" ytl="467.90" xbr="837.54" ybr="991.58" z_order="0">
      <attribute name="Sex">Female</attribute>
      <attribute name="Adipose Clipped">No</attribute>
      <attribute name="Injury">No</attribute>
      <attribute name="Confidence Level">3</attribute>
      <attribute name="Notes">NA</attribute>
    </box>
    <box frame="73" outside="0" occluded="0" keyframe="1" xtl="2.04" ytl="459.90" xbr="851.60" ybr="995.10" z_order="0">
      <attribute name="Sex">Female</attribute>
      <attribute name="Adipose Clipped">No</attribute>
      <attribute name="Injury">No</attribute>
      <attribute name="Confidence Level">3</attribute>
      <attribute name="Notes">NA</attribute>
    </box>
    <box frame="74" outside="0" occluded="0" keyframe="0" xtl="2.04" ytl="459.90" xbr="857.46" ybr="1000.18" z_order="0">
      <attribute name="Sex">Female</attribute>
      <attribute name="Adipose Clipped">No</attribute>
      <attribute name="Injury">No</attribute>
      <attribute name="Confidence Level">3</attribute>
      <attribute name="Notes">NA</attribute>
    </box>
    <box frame="75" outside="0" occluded="0" keyframe="0" xtl="2.04" ytl="459.90" xbr="863.32" ybr="1005.26" z_order="0">
      <attribute name="Sex">Female</attribute>
      <attribute name="Adipose Clipped">No</attribute>
      <attribute name="Injury">No</attribute>
      <attribute name="Confidence Level">3</attribute>
      <attribute name="Notes">NA</attribute>
    </box>
    <box frame="76" outside="0" occluded="0" keyframe="0" xtl="2.04" ytl="459.90" xbr="869.18" ybr="1010.34" z_order="0">
      <attribute name="Sex">Female</attribute>
      <attribute name="Adipose Clipped">No</attribute>
      <attribute name="Injury">No</attribute>
      <attribute name="Confidence Level">3</attribute>
      <attribute name="Notes">NA</attribute>
    </box>
    <box frame="77" outside="0" occluded="0" keyframe="0" xtl="2.04" ytl="459.90" xbr="875.04" ybr="1015.42" z_order="0">
      <attribute name="Sex">Female</attribute>
      <attribute name="Adipose Clipped">No</attribute>
      <attribute name="Injury">No</attribute>
      <attribute name="Confidence Level">3</attribute>
      <attribute name="Notes">NA</attribute>
    </box>
    <box frame="78" outside="0" occluded="0" keyframe="0" xtl="2.04" ytl="459.90" xbr="880.90" ybr="1020.50" z_order="0">
      <attribute name="Sex">Female</attribute>
      <attribute name="Adipose Clipped">No</attribute>
      <attribute name="Injury">No</attribute>
      <attribute name="Confidence Level">3</attribute>
      <attribute name="Notes">NA</attribute>
    </box>
    <box frame="79" outside="0" occluded="0" keyframe="0" xtl="2.04" ytl="459.90" xbr="886.76" ybr="1025.58" z_order="0">
      <attribute name="Sex">Female</attribute>
      <attribute name="Adipose Clipped">No</attribute>
      <attribute name="Injury">No</attribute>
      <attribute name="Confidence Level">3</attribute>
      <attribute name="Notes">NA</attribute>
    </box>
    <box frame="80" outside="0" occluded="0" keyframe="0" xtl="2.04" ytl="459.90" xbr="892.62" ybr="1030.66" z_order="0">
      <attribute name="Sex">Female</attribute>
      <attribute name="Adipose Clipped">No</attribute>
      <attribute name="Injury">No</attribute>
      <attribute name="Confidence Level">3</attribute>
      <attribute name="Notes">NA</attribute>
    </box>
    <box frame="81" outside="0" occluded="0" keyframe="0" xtl="2.04" ytl="459.90" xbr="898.48" ybr="1035.74" z_order="0">
      <attribute name="Sex">Female</attribute>
      <attribute name="Adipose Clipped">No</attribute>
      <attribute name="Injury">No</attribute>
      <attribute name="Confidence Level">3</attribute>
      <attribute name="Notes">NA</attribute>
    </box>
    <box frame="82" outside="0" occluded="0" keyframe="0" xtl="2.04" ytl="459.90" xbr="904.34" ybr="1040.82" z_order="0">
      <attribute name="Sex">Female</attribute>
      <attribute name="Adipose Clipped">No</attribute>
      <attribute name="Injury">No</attribute>
      <attribute name="Confidence Level">3</attribute>
      <attribute name="Notes">NA</attribute>
    </box>
    <box frame="83" outside="0" occluded="0" keyframe="1" xtl="2.04" ytl="459.90" xbr="910.20" ybr="1045.90" z_order="0">
      <attribute name="Sex">Female</attribute>
      <attribute name="Adipose Clipped">No</attribute>
      <attribute name="Injury">No</attribute>
      <attribute name="Confidence Level">3</attribute>
      <attribute name="Notes">NA</attribute>
    </box>
    <box frame="84" outside="0" occluded="0" keyframe="0" xtl="2.04" ytl="459.90" xbr="938.72" ybr="1045.90" z_order="0">
      <attribute name="Sex">Female</attribute>
      <attribute name="Adipose Clipped">No</attribute>
      <attribute name="Injury">No</attribute>
      <attribute name="Confidence Level">3</attribute>
      <attribute name="Notes">NA</attribute>
    </box>
    <box frame="85" outside="0" occluded="0" keyframe="0" xtl="2.04" ytl="459.90" xbr="967.24" ybr="1045.90" z_order="0">
      <attribute name="Sex">Female</attribute>
      <attribute name="Adipose Clipped">No</attribute>
      <attribute name="Injury">No</attribute>
      <attribute name="Confidence Level">3</attribute>
      <attribute name="Notes">NA</attribute>
    </box>
    <box frame="86" outside="0" occluded="0" keyframe="0" xtl="2.04" ytl="459.90" xbr="995.76" ybr="1045.90" z_order="0">
      <attribute name="Sex">Female</attribute>
      <attribute name="Adipose Clipped">No</attribute>
      <attribute name="Injury">No</attribute>
      <attribute name="Confidence Level">3</attribute>
      <attribute name="Notes">NA</attribute>
    </box>
    <box frame="87" outside="0" occluded="0" keyframe="0" xtl="2.04" ytl="459.90" xbr="1024.28" ybr="1045.90" z_order="0">
      <attribute name="Sex">Female</attribute>
      <attribute name="Adipose Clipped">No</attribute>
      <attribute name="Injury">No</attribute>
      <attribute name="Confidence Level">3</attribute>
      <attribute name="Notes">NA</attribute>
    </box>
    <box frame="88" outside="0" occluded="0" keyframe="0" xtl="2.04" ytl="459.90" xbr="1052.80" ybr="1045.90" z_order="0">
      <attribute name="Sex">Female</attribute>
      <attribute name="Adipose Clipped">No</attribute>
      <attribute name="Injury">No</attribute>
      <attribute name="Confidence Level">3</attribute>
      <attribute name="Notes">NA</attribute>
    </box>
    <box frame="89" outside="0" occluded="0" keyframe="0" xtl="2.04" ytl="459.90" xbr="1081.32" ybr="1045.90" z_order="0">
      <attribute name="Sex">Female</attribute>
      <attribute name="Adipose Clipped">No</attribute>
      <attribute name="Injury">No</attribute>
      <attribute name="Confidence Level">3</attribute>
      <attribute name="Notes">NA</attribute>
    </box>
    <box frame="90" outside="0" occluded="0" keyframe="0" xtl="2.04" ytl="459.90" xbr="1109.84" ybr="1045.90" z_order="0">
      <attribute name="Sex">Female</attribute>
      <attribute name="Adipose Clipped">No</attribute>
      <attribute name="Injury">No</attribute>
      <attribute name="Confidence Level">3</attribute>
      <attribute name="Notes">NA</attribute>
    </box>
    <box frame="91" outside="0" occluded="0" keyframe="0" xtl="2.04" ytl="459.90" xbr="1138.36" ybr="1045.90" z_order="0">
      <attribute name="Sex">Female</attribute>
      <attribute name="Adipose Clipped">No</attribute>
      <attribute name="Injury">No</attribute>
      <attribute name="Confidence Level">3</attribute>
      <attribute name="Notes">NA</attribute>
    </box>
    <box frame="92" outside="0" occluded="0" keyframe="0" xtl="2.04" ytl="459.90" xbr="1166.88" ybr="1045.90" z_order="0">
      <attribute name="Sex">Female</attribute>
      <attribute name="Adipose Clipped">No</attribute>
      <attribute name="Injury">No</attribute>
      <attribute name="Confidence Level">3</attribute>
      <attribute name="Notes">NA</attribute>
    </box>
    <box frame="93" outside="0" occluded="0" keyframe="1" xtl="2.04" ytl="459.90" xbr="1195.40" ybr="1045.90" z_order="0">
      <attribute name="Sex">Female</attribute>
      <attribute name="Adipose Clipped">No</attribute>
      <attribute name="Injury">No</attribute>
      <attribute name="Confidence Level">3</attribute>
      <attribute name="Notes">NA</attribute>
    </box>
    <box frame="94" outside="0" occluded="0" keyframe="0" xtl="2.04" ytl="459.90" xbr="1234.78" ybr="1051.12" z_order="0">
      <attribute name="Sex">Female</attribute>
      <attribute name="Adipose Clipped">No</attribute>
      <attribute name="Injury">No</attribute>
      <attribute name="Confidence Level">3</attribute>
      <attribute name="Notes">NA</attribute>
    </box>
    <box frame="95" outside="0" occluded="0" keyframe="0" xtl="2.04" ytl="459.90" xbr="1274.17" ybr="1056.33" z_order="0">
      <attribute name="Sex">Female</attribute>
      <attribute name="Adipose Clipped">No</attribute>
      <attribute name="Injury">No</attribute>
      <attribute name="Confidence Level">3</attribute>
      <attribute name="Notes">NA</attribute>
    </box>
    <box frame="96" outside="0" occluded="0" keyframe="0" xtl="2.04" ytl="459.90" xbr="1313.55" ybr="1061.55" z_order="0">
      <attribute name="Sex">Female</attribute>
      <attribute name="Adipose Clipped">No</attribute>
      <attribute name="Injury">No</attribute>
      <attribute name="Confidence Level">3</attribute>
      <attribute name="Notes">NA</attribute>
    </box>
    <box frame="97" outside="0" occluded="0" keyframe="0" xtl="2.04" ytl="459.90" xbr="1352.93" ybr="1066.77" z_order="0">
      <attribute name="Sex">Female</attribute>
      <attribute name="Adipose Clipped">No</attribute>
      <attribute name="Injury">No</attribute>
      <attribute name="Confidence Level">3</attribute>
      <attribute name="Notes">NA</attribute>
    </box>
    <box frame="98" outside="0" occluded="0" keyframe="0" xtl="2.04" ytl="459.90" xbr="1392.32" ybr="1071.98" z_order="0">
      <attribute name="Sex">Female</attribute>
      <attribute name="Adipose Clipped">No</attribute>
      <attribute name="Injury">No</attribute>
      <attribute name="Confidence Level">3</attribute>
      <attribute name="Notes">NA</attribute>
    </box>
    <box frame="99" outside="0" occluded="0" keyframe="1" xtl="2.04" ytl="459.90" xbr="1431.70" ybr="1077.20" z_order="0">
      <attribute name="Sex">Female</attribute>
      <attribute name="Adipose Clipped">No</attribute>
      <attribute name="Injury">No</attribute>
      <attribute name="Confidence Level">3</attribute>
      <attribute name="Notes">NA</attribute>
    </box>
    <box frame="100" outside="0" occluded="0" keyframe="0" xtl="2.04" ytl="459.90" xbr="1467.14" ybr="1077.20" z_order="0">
      <attribute name="Sex">Female</attribute>
      <attribute name="Adipose Clipped">No</attribute>
      <attribute name="Injury">No</attribute>
      <attribute name="Confidence Level">3</attribute>
      <attribute name="Notes">NA</attribute>
    </box>
    <box frame="101" outside="0" occluded="0" keyframe="0" xtl="2.04" ytl="459.90" xbr="1502.59" ybr="1077.20" z_order="0">
      <attribute name="Sex">Female</attribute>
      <attribute name="Adipose Clipped">No</attribute>
      <attribute name="Injury">No</attribute>
      <attribute name="Confidence Level">3</attribute>
      <attribute name="Notes">NA</attribute>
    </box>
    <box frame="102" outside="0" occluded="0" keyframe="0" xtl="2.04" ytl="459.90" xbr="1538.03" ybr="1077.20" z_order="0">
      <attribute name="Sex">Female</attribute>
      <attribute name="Adipose Clipped">No</attribute>
      <attribute name="Injury">No</attribute>
      <attribute name="Confidence Level">3</attribute>
      <attribute name="Notes">NA</attribute>
    </box>
    <box frame="103" outside="0" occluded="0" keyframe="0" xtl="2.04" ytl="459.90" xbr="1573.47" ybr="1077.20" z_order="0">
      <attribute name="Sex">Female</attribute>
      <attribute name="Adipose Clipped">No</attribute>
      <attribute name="Injury">No</attribute>
      <attribute name="Confidence Level">3</attribute>
      <attribute name="Notes">NA</attribute>
    </box>
    <box frame="104" outside="0" occluded="0" keyframe="0" xtl="2.04" ytl="459.90" xbr="1608.91" ybr="1077.20" z_order="0">
      <attribute name="Sex">Female</attribute>
      <attribute name="Adipose Clipped">No</attribute>
      <attribute name="Injury">No</attribute>
      <attribute name="Confidence Level">3</attribute>
      <attribute name="Notes">NA</attribute>
    </box>
    <box frame="105" outside="0" occluded="0" keyframe="0" xtl="2.04" ytl="459.90" xbr="1644.36" ybr="1077.20" z_order="0">
      <attribute name="Sex">Female</attribute>
      <attribute name="Adipose Clipped">No</attribute>
      <attribute name="Injury">No</attribute>
      <attribute name="Confidence Level">3</attribute>
      <attribute name="Notes">NA</attribute>
    </box>
    <box frame="106" outside="0" occluded="0" keyframe="1" xtl="2.04" ytl="459.90" xbr="1679.80" ybr="1077.20" z_order="0">
      <attribute name="Sex">Female</attribute>
      <attribute name="Adipose Clipped">No</attribute>
      <attribute name="Injury">No</attribute>
      <attribute name="Confidence Level">3</attribute>
      <attribute name="Notes">NA</attribute>
    </box>
    <box frame="107" outside="0" occluded="0" keyframe="0" xtl="2.04" ytl="454.31" xbr="1714.11" ybr="1077.20" z_order="0">
      <attribute name="Sex">Female</attribute>
      <attribute name="Adipose Clipped">No</attribute>
      <attribute name="Injury">No</attribute>
      <attribute name="Confidence Level">3</attribute>
      <attribute name="Notes">NA</attribute>
    </box>
    <box frame="108" outside="0" occluded="0" keyframe="0" xtl="2.04" ytl="448.73" xbr="1748.43" ybr="1077.20" z_order="0">
      <attribute name="Sex">Female</attribute>
      <attribute name="Adipose Clipped">No</attribute>
      <attribute name="Injury">No</attribute>
      <attribute name="Confidence Level">3</attribute>
      <attribute name="Notes">NA</attribute>
    </box>
    <box frame="109" outside="0" occluded="0" keyframe="0" xtl="2.04" ytl="443.14" xbr="1782.74" ybr="1077.20" z_order="0">
      <attribute name="Sex">Female</attribute>
      <attribute name="Adipose Clipped">No</attribute>
      <attribute name="Injury">No</attribute>
      <attribute name="Confidence Level">3</attribute>
      <attribute name="Notes">NA</attribute>
    </box>
    <box frame="110" outside="0" occluded="0" keyframe="0" xtl="2.04" ytl="437.56" xbr="1817.06" ybr="1077.20" z_order="0">
      <attribute name="Sex">Female</attribute>
      <attribute name="Adipose Clipped">No</attribute>
      <attribute name="Injury">No</attribute>
      <attribute name="Confidence Level">3</attribute>
      <attribute name="Notes">NA</attribute>
    </box>
    <box frame="111" outside="0" occluded="0" keyframe="0" xtl="2.04" ytl="431.97" xbr="1851.37" ybr="1077.20" z_order="0">
      <attribute name="Sex">Female</attribute>
      <attribute name="Adipose Clipped">No</attribute>
      <attribute name="Injury">No</attribute>
      <attribute name="Confidence Level">3</attribute>
      <attribute name="Notes">NA</attribute>
    </box>
    <box frame="112" outside="0" occluded="0" keyframe="0" xtl="2.04" ytl="426.39" xbr="1885.69" ybr="1077.20" z_order="0">
      <attribute name="Sex">Female</attribute>
      <attribute name="Adipose Clipped">No</attribute>
      <attribute name="Injury">No</attribute>
      <attribute name="Confidence Level">3</attribute>
      <attribute name="Notes">NA</attribute>
    </box>
    <box frame="113" outside="0" occluded="0" keyframe="1" xtl="2.04" ytl="420.80" xbr="1920.00" ybr="1077.20" z_order="0">
      <attribute name="Sex">Female</attribute>
      <attribute name="Adipose Clipped">No</attribute>
      <attribute name="Injury">No</attribute>
      <attribute name="Confidence Level">3</attribute>
      <attribute name="Notes">NA</attribute>
    </box>
    <box frame="114" outside="0" occluded="0" keyframe="0" xtl="42.57" ytl="418.85" xbr="1920.00" ybr="1075.25" z_order="0">
      <attribute name="Sex">Female</attribute>
      <attribute name="Adipose Clipped">No</attribute>
      <attribute name="Injury">No</attribute>
      <attribute name="Confidence Level">3</attribute>
      <attribute name="Notes">NA</attribute>
    </box>
    <box frame="115" outside="0" occluded="0" keyframe="0" xtl="83.10" ytl="416.89" xbr="1920.00" ybr="1073.29" z_order="0">
      <attribute name="Sex">Female</attribute>
      <attribute name="Adipose Clipped">No</attribute>
      <attribute name="Injury">No</attribute>
      <attribute name="Confidence Level">3</attribute>
      <attribute name="Notes">NA</attribute>
    </box>
    <box frame="116" outside="0" occluded="0" keyframe="0" xtl="123.63" ytl="414.94" xbr="1920.00" ybr="1071.34" z_order="0">
      <attribute name="Sex">Female</attribute>
      <attribute name="Adipose Clipped">No</attribute>
      <attribute name="Injury">No</attribute>
      <attribute name="Confidence Level">3</attribute>
      <attribute name="Notes">NA</attribute>
    </box>
    <box frame="117" outside="0" occluded="0" keyframe="1" xtl="164.16" ytl="412.99" xbr="1920.00" ybr="1069.39" z_order="0">
      <attribute name="Sex">Female</attribute>
      <attribute name="Adipose Clipped">No</attribute>
      <attribute name="Injury">No</attribute>
      <attribute name="Confidence Level">3</attribute>
      <attribute name="Notes">NA</attribute>
    </box>
    <box frame="118" outside="0" occluded="0" keyframe="0" xtl="192.67" ytl="412.99" xbr="1920.00" ybr="1069.39" z_order="0">
      <attribute name="Sex">Female</attribute>
      <attribute name="Adipose Clipped">No</attribute>
      <attribute name="Injury">No</attribute>
      <attribute name="Confidence Level">3</attribute>
      <attribute name="Notes">NA</attribute>
    </box>
    <box frame="119" outside="0" occluded="0" keyframe="0" xtl="221.19" ytl="412.99" xbr="1920.00" ybr="1069.39" z_order="0">
      <attribute name="Sex">Female</attribute>
      <attribute name="Adipose Clipped">No</attribute>
      <attribute name="Injury">No</attribute>
      <attribute name="Confidence Level">3</attribute>
      <attribute name="Notes">NA</attribute>
    </box>
    <box frame="120" outside="0" occluded="0" keyframe="0" xtl="249.71" ytl="412.99" xbr="1920.00" ybr="1069.39" z_order="0">
      <attribute name="Sex">Female</attribute>
      <attribute name="Adipose Clipped">No</attribute>
      <attribute name="Injury">No</attribute>
      <attribute name="Confidence Level">3</attribute>
      <attribute name="Notes">NA</attribute>
    </box>
    <box frame="121" outside="0" occluded="0" keyframe="0" xtl="278.22" ytl="412.99" xbr="1920.00" ybr="1069.39" z_order="0">
      <attribute name="Sex">Female</attribute>
      <attribute name="Adipose Clipped">No</attribute>
      <attribute name="Injury">No</attribute>
      <attribute name="Confidence Level">3</attribute>
      <attribute name="Notes">NA</attribute>
    </box>
    <box frame="122" outside="0" occluded="0" keyframe="1" xtl="306.74" ytl="412.99" xbr="1920.00" ybr="1069.39" z_order="0">
      <attribute name="Sex">Female</attribute>
      <attribute name="Adipose Clipped">No</attribute>
      <attribute name="Injury">No</attribute>
      <attribute name="Confidence Level">3</attribute>
      <attribute name="Notes">NA</attribute>
    </box>
    <box frame="123" outside="0" occluded="0" keyframe="0" xtl="351.66" ytl="414.16" xbr="1920.00" ybr="1070.56" z_order="0">
      <attribute name="Sex">Female</attribute>
      <attribute name="Adipose Clipped">No</attribute>
      <attribute name="Injury">No</attribute>
      <attribute name="Confidence Level">3</attribute>
      <attribute name="Notes">NA</attribute>
    </box>
    <box frame="124" outside="0" occluded="0" keyframe="0" xtl="396.59" ytl="415.33" xbr="1920.00" ybr="1071.73" z_order="0">
      <attribute name="Sex">Female</attribute>
      <attribute name="Adipose Clipped">No</attribute>
      <attribute name="Injury">No</attribute>
      <attribute name="Confidence Level">3</attribute>
      <attribute name="Notes">NA</attribute>
    </box>
    <box frame="125" outside="0" occluded="0" keyframe="0" xtl="441.51" ytl="416.50" xbr="1920.00" ybr="1072.90" z_order="0">
      <attribute name="Sex">Female</attribute>
      <attribute name="Adipose Clipped">No</attribute>
      <attribute name="Injury">No</attribute>
      <attribute name="Confidence Level">3</attribute>
      <attribute name="Notes">NA</attribute>
    </box>
    <box frame="126" outside="0" occluded="0" keyframe="0" xtl="486.44" ytl="417.68" xbr="1920.00" ybr="1074.08" z_order="0">
      <attribute name="Sex">Female</attribute>
      <attribute name="Adipose Clipped">No</attribute>
      <attribute name="Injury">No</attribute>
      <attribute name="Confidence Level">3</attribute>
      <attribute name="Notes">NA</attribute>
    </box>
    <box frame="127" outside="0" occluded="0" keyframe="1" xtl="531.36" ytl="418.85" xbr="1920.00" ybr="1075.25" z_order="0">
      <attribute name="Sex">Female</attribute>
      <attribute name="Adipose Clipped">No</attribute>
      <attribute name="Injury">No</attribute>
      <attribute name="Confidence Level">3</attribute>
      <attribute name="Notes">NA</attribute>
    </box>
    <box frame="128" outside="0" occluded="0" keyframe="0" xtl="593.08" ytl="421.19" xbr="1920.00" ybr="1076.20" z_order="0">
      <attribute name="Sex">Female</attribute>
      <attribute name="Adipose Clipped">No</attribute>
      <attribute name="Injury">No</attribute>
      <attribute name="Confidence Level">3</attribute>
      <attribute name="Notes">NA</attribute>
    </box>
    <box frame="129" outside="0" occluded="0" keyframe="0" xtl="654.80" ytl="423.54" xbr="1920.00" ybr="1077.15" z_order="0">
      <attribute name="Sex">Female</attribute>
      <attribute name="Adipose Clipped">No</attribute>
      <attribute name="Injury">No</attribute>
      <attribute name="Confidence Level">3</attribute>
      <attribute name="Notes">NA</attribute>
    </box>
    <box frame="130" outside="0" occluded="0" keyframe="0" xtl="716.52" ytl="425.88" xbr="1920.00" ybr="1078.10" z_order="0">
      <attribute name="Sex">Female</attribute>
      <attribute name="Adipose Clipped">No</attribute>
      <attribute name="Injury">No</attribute>
      <attribute name="Confidence Level">3</attribute>
      <attribute name="Notes">NA</attribute>
    </box>
    <box frame="131" outside="0" occluded="0" keyframe="0" xtl="778.24" ytl="428.22" xbr="1920.00" ybr="1079.05" z_order="0">
      <attribute name="Sex">Female</attribute>
      <attribute name="Adipose Clipped">No</attribute>
      <attribute name="Injury">No</attribute>
      <attribute name="Confidence Level">3</attribute>
      <attribute name="Notes">NA</attribute>
    </box>
    <box frame="132" outside="0" occluded="0" keyframe="1" xtl="839.97" ytl="430.57" xbr="1920.00" ybr="1080.00" z_order="0">
      <attribute name="Sex">Female</attribute>
      <attribute name="Adipose Clipped">No</attribute>
      <attribute name="Injury">No</attribute>
      <attribute name="Confidence Level">3</attribute>
      <attribute name="Notes">NA</attribute>
    </box>
    <box frame="133" outside="0" occluded="0" keyframe="0" xtl="893.35" ytl="430.57" xbr="1920.00" ybr="1080.00" z_order="0">
      <attribute name="Sex">Female</attribute>
      <attribute name="Adipose Clipped">No</attribute>
      <attribute name="Injury">No</attribute>
      <attribute name="Confidence Level">3</attribute>
      <attribute name="Notes">NA</attribute>
    </box>
    <box frame="134" outside="0" occluded="0" keyframe="0" xtl="946.74" ytl="430.57" xbr="1920.00" ybr="1080.00" z_order="0">
      <attribute name="Sex">Female</attribute>
      <attribute name="Adipose Clipped">No</attribute>
      <attribute name="Injury">No</attribute>
      <attribute name="Confidence Level">3</attribute>
      <attribute name="Notes">NA</attribute>
    </box>
    <box frame="135" outside="0" occluded="0" keyframe="1" xtl="1000.13" ytl="430.57" xbr="1920.00" ybr="1080.00" z_order="0">
      <attribute name="Sex">Female</attribute>
      <attribute name="Adipose Clipped">No</attribute>
      <attribute name="Injury">No</attribute>
      <attribute name="Confidence Level">3</attribute>
      <attribute name="Notes">NA</attribute>
    </box>
    <box frame="136" outside="0" occluded="0" keyframe="0" xtl="1054.17" ytl="431.22" xbr="1920.00" ybr="1080.00" z_order="0">
      <attribute name="Sex">Female</attribute>
      <attribute name="Adipose Clipped">No</attribute>
      <attribute name="Injury">No</attribute>
      <attribute name="Confidence Level">3</attribute>
      <attribute name="Notes">NA</attribute>
    </box>
    <box frame="137" outside="0" occluded="0" keyframe="0" xtl="1108.21" ytl="431.87" xbr="1920.00" ybr="1080.00" z_order="0">
      <attribute name="Sex">Female</attribute>
      <attribute name="Adipose Clipped">No</attribute>
      <attribute name="Injury">No</attribute>
      <attribute name="Confidence Level">3</attribute>
      <attribute name="Notes">NA</attribute>
    </box>
    <box frame="138" outside="0" occluded="0" keyframe="1" xtl="1162.25" ytl="432.52" xbr="1920.00" ybr="1080.00" z_order="0">
      <attribute name="Sex">Female</attribute>
      <attribute name="Adipose Clipped">No</attribute>
      <attribute name="Injury">No</attribute>
      <attribute name="Confidence Level">3</attribute>
      <attribute name="Notes">NA</attribute>
    </box>
    <box frame="139" outside="0" occluded="0" keyframe="0" xtl="1209.12" ytl="432.52" xbr="1920.00" ybr="1080.00" z_order="0">
      <attribute name="Sex">Female</attribute>
      <attribute name="Adipose Clipped">No</attribute>
      <attribute name="Injury">No</attribute>
      <attribute name="Confidence Level">3</attribute>
      <attribute name="Notes">NA</attribute>
    </box>
    <box frame="140" outside="0" occluded="0" keyframe="0" xtl="1256.00" ytl="432.52" xbr="1920.00" ybr="1080.00" z_order="0">
      <attribute name="Sex">Female</attribute>
      <attribute name="Adipose Clipped">No</attribute>
      <attribute name="Injury">No</attribute>
      <attribute name="Confidence Level">3</attribute>
      <attribute name="Notes">NA</attribute>
    </box>
    <box frame="141" outside="0" occluded="0" keyframe="1" xtl="1302.88" ytl="432.52" xbr="1920.00" ybr="1080.00" z_order="0">
      <attribute name="Sex">Female</attribute>
      <attribute name="Adipose Clipped">No</attribute>
      <attribute name="Injury">No</attribute>
      <attribute name="Confidence Level">3</attribute>
      <attribute name="Notes">NA</attribute>
    </box>
    <box frame="142" outside="0" occluded="0" keyframe="0" xtl="1361.47" ytl="432.52" xbr="1920.00" ybr="1080.00" z_order="0">
      <attribute name="Sex">Female</attribute>
      <attribute name="Adipose Clipped">No</attribute>
      <attribute name="Injury">No</attribute>
      <attribute name="Confidence Level">3</attribute>
      <attribute name="Notes">NA</attribute>
    </box>
    <box frame="143" outside="0" occluded="0" keyframe="0" xtl="1420.07" ytl="432.52" xbr="1920.00" ybr="1080.00" z_order="0">
      <attribute name="Sex">Female</attribute>
      <attribute name="Adipose Clipped">No</attribute>
      <attribute name="Injury">No</attribute>
      <attribute name="Confidence Level">3</attribute>
      <attribute name="Notes">NA</attribute>
    </box>
    <box frame="144" outside="0" occluded="0" keyframe="1" xtl="1478.66" ytl="432.52" xbr="1920.00" ybr="1080.00" z_order="0">
      <attribute name="Sex">Female</attribute>
      <attribute name="Adipose Clipped">No</attribute>
      <attribute name="Injury">No</attribute>
      <attribute name="Confidence Level">3</attribute>
      <attribute name="Notes">NA</attribute>
    </box>
    <box frame="145" outside="0" occluded="0" keyframe="1" xtl="1496.20" ytl="432.52" xbr="1920.00" ybr="1017.50" z_order="0">
      <attribute name="Sex">Female</attribute>
      <attribute name="Adipose Clipped">No</attribute>
      <attribute name="Injury">No</attribute>
      <attribute name="Confidence Level">3</attribute>
      <attribute name="Notes">NA</attribute>
    </box>
    <box frame="146" outside="0" occluded="0" keyframe="1" xtl="1504.99" ytl="433.50" xbr="1920.00" ybr="1018.48" z_order="0">
      <attribute name="Sex">Female</attribute>
      <attribute name="Adipose Clipped">No</attribute>
      <attribute name="Injury">No</attribute>
      <attribute name="Confidence Level">3</attribute>
      <attribute name="Notes">NA</attribute>
    </box>
    <box frame="147" outside="0" occluded="0" keyframe="1" xtl="1515.73" ytl="432.52" xbr="1920.00" ybr="1017.50" z_order="0">
      <attribute name="Sex">Female</attribute>
      <attribute name="Adipose Clipped">No</attribute>
      <attribute name="Injury">No</attribute>
      <attribute name="Confidence Level">3</attribute>
      <attribute name="Notes">NA</attribute>
    </box>
    <box frame="148" outside="0" occluded="0" keyframe="1" xtl="1560.70" ytl="432.52" xbr="1920.00" ybr="982.30" z_order="0">
      <attribute name="Sex">Female</attribute>
      <attribute name="Adipose Clipped">No</attribute>
      <attribute name="Injury">No</attribute>
      <attribute name="Confidence Level">3</attribute>
      <attribute name="Notes">NA</attribute>
    </box>
    <box frame="149" outside="0" occluded="0" keyframe="0" xtl="1599.76" ytl="446.19" xbr="1920.00" ybr="995.97" z_order="0">
      <attribute name="Sex">Female</attribute>
      <attribute name="Adipose Clipped">No</attribute>
      <attribute name="Injury">No</attribute>
      <attribute name="Confidence Level">3</attribute>
      <attribute name="Notes">NA</attribute>
    </box>
    <box frame="150" outside="0" occluded="0" keyframe="1" xtl="1638.83" ytl="459.86" xbr="1920.00" ybr="1009.64" z_order="0">
      <attribute name="Sex">Female</attribute>
      <attribute name="Adipose Clipped">No</attribute>
      <attribute name="Injury">No</attribute>
      <attribute name="Confidence Level">3</attribute>
      <attribute name="Notes">NA</attribute>
    </box>
    <box frame="151" outside="0" occluded="0" keyframe="0" xtl="1677.89" ytl="453.03" xbr="1920.00" ybr="1002.81" z_order="0">
      <attribute name="Sex">Female</attribute>
      <attribute name="Adipose Clipped">No</attribute>
      <attribute name="Injury">No</attribute>
      <attribute name="Confidence Level">3</attribute>
      <attribute name="Notes">NA</attribute>
    </box>
    <box frame="152" outside="0" occluded="0" keyframe="1" xtl="1716.96" ytl="446.19" xbr="1920.00" ybr="995.97" z_order="0">
      <attribute name="Sex">Female</attribute>
      <attribute name="Adipose Clipped">No</attribute>
      <attribute name="Injury">No</attribute>
      <attribute name="Confidence Level">3</attribute>
      <attribute name="Notes">NA</attribute>
    </box>
    <box frame="153" outside="0" occluded="0" keyframe="1" xtl="1779.50" ytl="446.19" xbr="1920.00" ybr="986.20" z_order="0">
      <attribute name="Sex">Female</attribute>
      <attribute name="Adipose Clipped">No</attribute>
      <attribute name="Injury">No</attribute>
      <attribute name="Confidence Level">3</attribute>
      <attribute name="Notes">NA</attribute>
    </box>
    <box frame="154" outside="0" occluded="0" keyframe="0" xtl="1792.68" ytl="447.17" xbr="1920.00" ybr="987.18" z_order="0">
      <attribute name="Sex">Female</attribute>
      <attribute name="Adipose Clipped">No</attribute>
      <attribute name="Injury">No</attribute>
      <attribute name="Confidence Level">3</attribute>
      <attribute name="Notes">NA</attribute>
    </box>
    <box frame="155" outside="0" occluded="0" keyframe="0" xtl="1805.87" ytl="448.15" xbr="1920.00" ybr="988.15" z_order="0">
      <attribute name="Sex">Female</attribute>
      <attribute name="Adipose Clipped">No</attribute>
      <attribute name="Injury">No</attribute>
      <attribute name="Confidence Level">3</attribute>
      <attribute name="Notes">NA</attribute>
    </box>
    <box frame="156" outside="0" occluded="0" keyframe="0" xtl="1819.05" ytl="449.12" xbr="1920.00" ybr="989.13" z_order="0">
      <attribute name="Sex">Female</attribute>
      <attribute name="Adipose Clipped">No</attribute>
      <attribute name="Injury">No</attribute>
      <attribute name="Confidence Level">3</attribute>
      <attribute name="Notes">NA</attribute>
    </box>
    <box frame="157" outside="0" occluded="0" keyframe="1" xtl="1832.24" ytl="450.10" xbr="1920.00" ybr="990.11" z_order="0">
      <attribute name="Sex">Female</attribute>
      <attribute name="Adipose Clipped">No</attribute>
      <attribute name="Injury">No</attribute>
      <attribute name="Confidence Level">3</attribute>
      <attribute name="Notes">NA</attribute>
    </box>
    <box frame="158" outside="1" occluded="0" keyframe="1" xtl="1832.24" ytl="450.10" xbr="1920.00" ybr="990.11" z_order="0">
      <attribute name="Sex">Female</attribute>
      <attribute name="Adipose Clipped">No</attribute>
      <attribute name="Injury">No</attribute>
      <attribute name="Confidence Level">3</attribute>
      <attribute name="Notes">NA</attribute>
    </box>
  </track>
  <track id="1" label="Pink" source="manual">
    <box frame="133" outside="0" occluded="0" keyframe="1" xtl="0.00" ytl="672.38" xbr="135.25" ybr="1000.52" z_order="0">
      <attribute name="Sex">Male</attribute>
      <attribute name="Adipose Clipped">NA</attribute>
      <attribute name="Injury">NA</attribute>
      <attribute name="Confidence Level">3</attribute>
      <attribute name="Notes">NA</attribute>
    </box>
    <box frame="134" outside="0" occluded="0" keyframe="1" xtl="0.00" ytl="609.90" xbr="158.70" ybr="1000.52" z_order="0">
      <attribute name="Sex">Male</attribute>
      <attribute name="Adipose Clipped">NA</attribute>
      <attribute name="Injury">NA</attribute>
      <attribute name="Confidence Level">3</attribute>
      <attribute name="Notes">NA</attribute>
    </box>
    <box frame="135" outside="0" occluded="0" keyframe="0" xtl="0.00" ytl="609.90" xbr="214.35" ybr="1009.31" z_order="0">
      <attribute name="Sex">Male</attribute>
      <attribute name="Adipose Clipped">NA</attribute>
      <attribute name="Injury">NA</attribute>
      <attribute name="Confidence Level">3</attribute>
      <attribute name="Notes">NA</attribute>
    </box>
    <box frame="136" outside="0" occluded="0" keyframe="1" xtl="0.00" ytl="609.90" xbr="270.00" ybr="1018.10" z_order="0">
      <attribute name="Sex">Male</attribute>
      <attribute name="Adipose Clipped">NA</attribute>
      <attribute name="Injury">NA</attribute>
      <attribute name="Confidence Level">3</attribute>
      <attribute name="Notes">NA</attribute>
    </box>
    <box frame="137" outside="0" occluded="0" keyframe="0" xtl="0.00" ytl="609.90" xbr="329.55" ybr="1022.00" z_order="0">
      <attribute name="Sex">Male</attribute>
      <attribute name="Adipose Clipped">NA</attribute>
      <attribute name="Injury">NA</attribute>
      <attribute name="Confidence Level">3</attribute>
      <attribute name="Notes">NA</attribute>
    </box>
    <box frame="138" outside="0" occluded="0" keyframe="1" xtl="0.00" ytl="609.90" xbr="389.10" ybr="1025.90" z_order="0">
      <attribute name="Sex">Male</attribute>
      <attribute name="Adipose Clipped">NA</attribute>
      <attribute name="Injury">NA</attribute>
      <attribute name="Confidence Level">3</attribute>
      <attribute name="Notes">NA</attribute>
    </box>
    <box frame="139" outside="0" occluded="0" keyframe="0" xtl="0.00" ytl="609.90" xbr="417.43" ybr="1025.90" z_order="0">
      <attribute name="Sex">Male</attribute>
      <attribute name="Adipose Clipped">NA</attribute>
      <attribute name="Injury">NA</attribute>
      <attribute name="Confidence Level">3</attribute>
      <attribute name="Notes">NA</attribute>
    </box>
    <box frame="140" outside="0" occluded="0" keyframe="0" xtl="0.00" ytl="609.90" xbr="445.75" ybr="1025.90" z_order="0">
      <attribute name="Sex">Male</attribute>
      <attribute name="Adipose Clipped">NA</attribute>
      <attribute name="Injury">NA</attribute>
      <attribute name="Confidence Level">3</attribute>
      <attribute name="Notes">NA</attribute>
    </box>
    <box frame="141" outside="0" occluded="0" keyframe="0" xtl="0.00" ytl="609.90" xbr="474.08" ybr="1025.90" z_order="0">
      <attribute name="Sex">Male</attribute>
      <attribute name="Adipose Clipped">NA</attribute>
      <attribute name="Injury">NA</attribute>
      <attribute name="Confidence Level">3</attribute>
      <attribute name="Notes">NA</attribute>
    </box>
    <box frame="142" outside="0" occluded="0" keyframe="1" xtl="0.00" ytl="609.90" xbr="502.40" ybr="1025.90" z_order="0">
      <attribute name="Sex">Male</attribute>
      <attribute name="Adipose Clipped">NA</attribute>
      <attribute name="Injury">NA</attribute>
      <attribute name="Confidence Level">3</attribute>
      <attribute name="Notes">NA</attribute>
    </box>
    <box frame="143" outside="0" occluded="0" keyframe="0" xtl="0.00" ytl="609.90" xbr="525.35" ybr="1036.15" z_order="0">
      <attribute name="Sex">Male</attribute>
      <attribute name="Adipose Clipped">NA</attribute>
      <attribute name="Injury">NA</attribute>
      <attribute name="Confidence Level">3</attribute>
      <attribute name="Notes">NA</attribute>
    </box>
    <box frame="144" outside="0" occluded="0" keyframe="0" xtl="0.00" ytl="609.90" xbr="548.30" ybr="1046.40" z_order="0">
      <attribute name="Sex">Male</attribute>
      <attribute name="Adipose Clipped">NA</attribute>
      <attribute name="Injury">NA</attribute>
      <attribute name="Confidence Level">3</attribute>
      <attribute name="Notes">NA</attribute>
    </box>
    <box frame="145" outside="0" occluded="0" keyframe="0" xtl="0.00" ytl="609.90" xbr="571.25" ybr="1056.65" z_order="0">
      <attribute name="Sex">Male</attribute>
      <attribute name="Adipose Clipped">NA</attribute>
      <attribute name="Injury">NA</attribute>
      <attribute name="Confidence Level">3</attribute>
      <attribute name="Notes">NA</attribute>
    </box>
    <box frame="146" outside="0" occluded="0" keyframe="1" xtl="0.00" ytl="609.90" xbr="594.20" ybr="1066.90" z_order="0">
      <attribute name="Sex">Male</attribute>
      <attribute name="Adipose Clipped">NA</attribute>
      <attribute name="Injury">NA</attribute>
      <attribute name="Confidence Level">3</attribute>
      <attribute name="Notes">NA</attribute>
    </box>
    <box frame="147" outside="0" occluded="0" keyframe="0" xtl="0.00" ytl="609.90" xbr="626.43" ybr="1067.88" z_order="0">
      <attribute name="Sex">Male</attribute>
      <attribute name="Adipose Clipped">NA</attribute>
      <attribute name="Injury">NA</attribute>
      <attribute name="Confidence Level">3</attribute>
      <attribute name="Notes">NA</attribute>
    </box>
    <box frame="148" outside="0" occluded="0" keyframe="0" xtl="0.00" ytl="609.90" xbr="658.65" ybr="1068.85" z_order="0">
      <attribute name="Sex">Male</attribute>
      <attribute name="Adipose Clipped">NA</attribute>
      <attribute name="Injury">NA</attribute>
      <attribute name="Confidence Level">3</attribute>
      <attribute name="Notes">NA</attribute>
    </box>
    <box frame="149" outside="0" occluded="0" keyframe="0" xtl="0.00" ytl="609.90" xbr="690.88" ybr="1069.83" z_order="0">
      <attribute name="Sex">Male</attribute>
      <attribute name="Adipose Clipped">NA</attribute>
      <attribute name="Injury">NA</attribute>
      <attribute name="Confidence Level">3</attribute>
      <attribute name="Notes">NA</attribute>
    </box>
    <box frame="150" outside="0" occluded="0" keyframe="1" xtl="0.00" ytl="609.90" xbr="723.10" ybr="1070.80" z_order="0">
      <attribute name="Sex">Male</attribute>
      <attribute name="Adipose Clipped">NA</attribute>
      <attribute name="Injury">NA</attribute>
      <attribute name="Confidence Level">3</attribute>
      <attribute name="Notes">NA</attribute>
    </box>
    <box frame="151" outside="0" occluded="0" keyframe="0" xtl="0.00" ytl="602.86" xbr="723.10" ybr="1070.80" z_order="0">
      <attribute name="Sex">Male</attribute>
      <attribute name="Adipose Clipped">NA</attribute>
      <attribute name="Injury">NA</attribute>
      <attribute name="Confidence Level">3</attribute>
      <attribute name="Notes">NA</attribute>
    </box>
    <box frame="152" outside="0" occluded="0" keyframe="0" xtl="0.00" ytl="595.82" xbr="723.10" ybr="1070.80" z_order="0">
      <attribute name="Sex">Male</attribute>
      <attribute name="Adipose Clipped">NA</attribute>
      <attribute name="Injury">NA</attribute>
      <attribute name="Confidence Level">3</attribute>
      <attribute name="Notes">NA</attribute>
    </box>
    <box frame="153" outside="0" occluded="0" keyframe="0" xtl="0.00" ytl="588.78" xbr="723.10" ybr="1070.80" z_order="0">
      <attribute name="Sex">Male</attribute>
      <attribute name="Adipose Clipped">NA</attribute>
      <attribute name="Injury">NA</attribute>
      <attribute name="Confidence Level">3</attribute>
      <attribute name="Notes">NA</attribute>
    </box>
    <box frame="154" outside="0" occluded="0" keyframe="0" xtl="0.00" ytl="581.74" xbr="723.10" ybr="1070.80" z_order="0">
      <attribute name="Sex">Male</attribute>
      <attribute name="Adipose Clipped">NA</attribute>
      <attribute name="Injury">NA</attribute>
      <attribute name="Confidence Level">3</attribute>
      <attribute name="Notes">NA</attribute>
    </box>
    <box frame="155" outside="0" occluded="0" keyframe="1" xtl="0.00" ytl="574.70" xbr="723.10" ybr="1070.80" z_order="0">
      <attribute name="Sex">Male</attribute>
      <attribute name="Adipose Clipped">NA</attribute>
      <attribute name="Injury">NA</attribute>
      <attribute name="Confidence Level">3</attribute>
      <attribute name="Notes">NA</attribute>
    </box>
    <box frame="156" outside="0" occluded="0" keyframe="0" xtl="0.00" ytl="577.43" xbr="719.98" ybr="1072.64" z_order="0">
      <attribute name="Sex">Male</attribute>
      <attribute name="Adipose Clipped">NA</attribute>
      <attribute name="Injury">NA</attribute>
      <attribute name="Confidence Level">3</attribute>
      <attribute name="Notes">NA</attribute>
    </box>
    <box frame="157" outside="0" occluded="0" keyframe="0" xtl="0.00" ytl="580.17" xbr="716.85" ybr="1074.48" z_order="0">
      <attribute name="Sex">Male</attribute>
      <attribute name="Adipose Clipped">NA</attribute>
      <attribute name="Injury">NA</attribute>
      <attribute name="Confidence Level">3</attribute>
      <attribute name="Notes">NA</attribute>
    </box>
    <box frame="158" outside="0" occluded="0" keyframe="0" xtl="0.00" ytl="582.90" xbr="713.73" ybr="1076.32" z_order="0">
      <attribute name="Sex">Male</attribute>
      <attribute name="Adipose Clipped">NA</attribute>
      <attribute name="Injury">NA</attribute>
      <attribute name="Confidence Level">3</attribute>
      <attribute name="Notes">NA</attribute>
    </box>
    <box frame="159" outside="0" occluded="0" keyframe="0" xtl="0.00" ytl="585.64" xbr="710.60" ybr="1078.16" z_order="0">
      <attribute name="Sex">Male</attribute>
      <attribute name="Adipose Clipped">NA</attribute>
      <attribute name="Injury">NA</attribute>
      <attribute name="Confidence Level">3</attribute>
      <attribute name="Notes">NA</attribute>
    </box>
    <box frame="160" outside="0" occluded="0" keyframe="1" xtl="0.00" ytl="588.37" xbr="707.48" ybr="1080.00" z_order="0">
      <attribute name="Sex">Male</attribute>
      <attribute name="Adipose Clipped">NA</attribute>
      <attribute name="Injury">NA</attribute>
      <attribute name="Confidence Level">3</attribute>
      <attribute name="Notes">NA</attribute>
    </box>
    <box frame="161" outside="0" occluded="0" keyframe="0" xtl="0.00" ytl="589.02" xbr="702.11" ybr="1080.00" z_order="0">
      <attribute name="Sex">Male</attribute>
      <attribute name="Adipose Clipped">NA</attribute>
      <attribute name="Injury">NA</attribute>
      <attribute name="Confidence Level">3</attribute>
      <attribute name="Notes">NA</attribute>
    </box>
    <box frame="162" outside="0" occluded="0" keyframe="0" xtl="0.00" ytl="589.67" xbr="696.74" ybr="1080.00" z_order="0">
      <attribute name="Sex">Male</attribute>
      <attribute name="Adipose Clipped">NA</attribute>
      <attribute name="Injury">NA</attribute>
      <attribute name="Confidence Level">3</attribute>
      <attribute name="Notes">NA</attribute>
    </box>
    <box frame="163" outside="0" occluded="0" keyframe="0" xtl="0.00" ytl="590.33" xbr="691.37" ybr="1080.00" z_order="0">
      <attribute name="Sex">Male</attribute>
      <attribute name="Adipose Clipped">NA</attribute>
      <attribute name="Injury">NA</attribute>
      <attribute name="Confidence Level">3</attribute>
      <attribute name="Notes">NA</attribute>
    </box>
    <box frame="164" outside="0" occluded="0" keyframe="0" xtl="0.00" ytl="590.98" xbr="686.00" ybr="1080.00" z_order="0">
      <attribute name="Sex">Male</attribute>
      <attribute name="Adipose Clipped">NA</attribute>
      <attribute name="Injury">NA</attribute>
      <attribute name="Confidence Level">3</attribute>
      <attribute name="Notes">NA</attribute>
    </box>
    <box frame="165" outside="0" occluded="0" keyframe="0" xtl="0.00" ytl="591.63" xbr="680.63" ybr="1080.00" z_order="0">
      <attribute name="Sex">Male</attribute>
      <attribute name="Adipose Clipped">NA</attribute>
      <attribute name="Injury">NA</attribute>
      <attribute name="Confidence Level">3</attribute>
      <attribute name="Notes">NA</attribute>
    </box>
    <box frame="166" outside="0" occluded="0" keyframe="0" xtl="0.00" ytl="592.28" xbr="675.26" ybr="1080.00" z_order="0">
      <attribute name="Sex">Male</attribute>
      <attribute name="Adipose Clipped">NA</attribute>
      <attribute name="Injury">NA</attribute>
      <attribute name="Confidence Level">3</attribute>
      <attribute name="Notes">NA</attribute>
    </box>
    <box frame="167" outside="0" occluded="0" keyframe="0" xtl="0.00" ytl="592.93" xbr="669.89" ybr="1080.00" z_order="0">
      <attribute name="Sex">Male</attribute>
      <attribute name="Adipose Clipped">NA</attribute>
      <attribute name="Injury">NA</attribute>
      <attribute name="Confidence Level">3</attribute>
      <attribute name="Notes">NA</attribute>
    </box>
    <box frame="168" outside="0" occluded="0" keyframe="0" xtl="0.00" ytl="593.58" xbr="664.52" ybr="1080.00" z_order="0">
      <attribute name="Sex">Male</attribute>
      <attribute name="Adipose Clipped">NA</attribute>
      <attribute name="Injury">NA</attribute>
      <attribute name="Confidence Level">3</attribute>
      <attribute name="Notes">NA</attribute>
    </box>
    <box frame="169" outside="0" occluded="0" keyframe="0" xtl="0.00" ytl="594.23" xbr="659.15" ybr="1080.00" z_order="0">
      <attribute name="Sex">Male</attribute>
      <attribute name="Adipose Clipped">NA</attribute>
      <attribute name="Injury">NA</attribute>
      <attribute name="Confidence Level">3</attribute>
      <attribute name="Notes">NA</attribute>
    </box>
    <box frame="170" outside="0" occluded="0" keyframe="0" xtl="0.00" ytl="594.88" xbr="653.78" ybr="1080.00" z_order="0">
      <attribute name="Sex">Male</attribute>
      <attribute name="Adipose Clipped">NA</attribute>
      <attribute name="Injury">NA</attribute>
      <attribute name="Confidence Level">3</attribute>
      <attribute name="Notes">NA</attribute>
    </box>
    <box frame="171" outside="0" occluded="0" keyframe="0" xtl="0.00" ytl="595.53" xbr="648.41" ybr="1080.00" z_order="0">
      <attribute name="Sex">Male</attribute>
      <attribute name="Adipose Clipped">NA</attribute>
      <attribute name="Injury">NA</attribute>
      <attribute name="Confidence Level">3</attribute>
      <attribute name="Notes">NA</attribute>
    </box>
    <box frame="172" outside="0" occluded="0" keyframe="0" xtl="0.00" ytl="596.19" xbr="643.04" ybr="1080.00" z_order="0">
      <attribute name="Sex">Male</attribute>
      <attribute name="Adipose Clipped">NA</attribute>
      <attribute name="Injury">NA</attribute>
      <attribute name="Confidence Level">3</attribute>
      <attribute name="Notes">NA</attribute>
    </box>
    <box frame="173" outside="0" occluded="0" keyframe="0" xtl="0.00" ytl="596.84" xbr="637.67" ybr="1080.00" z_order="0">
      <attribute name="Sex">Male</attribute>
      <attribute name="Adipose Clipped">NA</attribute>
      <attribute name="Injury">NA</attribute>
      <attribute name="Confidence Level">3</attribute>
      <attribute name="Notes">NA</attribute>
    </box>
    <box frame="174" outside="0" occluded="0" keyframe="1" xtl="0.00" ytl="597.49" xbr="632.30" ybr="1080.00" z_order="0">
      <attribute name="Sex">Male</attribute>
      <attribute name="Adipose Clipped">NA</attribute>
      <attribute name="Injury">NA</attribute>
      <attribute name="Confidence Level">3</attribute>
      <attribute name="Notes">NA</attribute>
    </box>
    <box frame="175" outside="0" occluded="1" keyframe="1" xtl="0.00" ytl="598.14" xbr="516.06" ybr="1080.00" z_order="0">
      <attribute name="Sex">Male</attribute>
      <attribute name="Adipose Clipped">NA</attribute>
      <attribute name="Injury">NA</attribute>
      <attribute name="Confidence Level">3</attribute>
      <attribute name="Notes">NA</attribute>
    </box>
    <box frame="176" outside="0" occluded="1" keyframe="1" xtl="0.00" ytl="600.09" xbr="410.59" ybr="1080.00" z_order="0">
      <attribute name="Sex">Male</attribute>
      <attribute name="Adipose Clipped">NA</attribute>
      <attribute name="Injury">NA</attribute>
      <attribute name="Confidence Level">3</attribute>
      <attribute name="Notes">NA</attribute>
    </box>
    <box frame="177" outside="0" occluded="1" keyframe="1" xtl="0.00" ytl="604.00" xbr="307.07" ybr="1080.00" z_order="0">
      <attribute name="Sex">Male</attribute>
      <attribute name="Adipose Clipped">NA</attribute>
      <attribute name="Injury">NA</attribute>
      <attribute name="Confidence Level">3</attribute>
      <attribute name="Notes">NA</attribute>
    </box>
    <box frame="178" outside="0" occluded="1" keyframe="0" xtl="0.00" ytl="621.58" xbr="244.57" ybr="1080.00" z_order="0">
      <attribute name="Sex">Male</attribute>
      <attribute name="Adipose Clipped">NA</attribute>
      <attribute name="Injury">NA</attribute>
      <attribute name="Confidence Level">3</attribute>
      <attribute name="Notes">NA</attribute>
    </box>
    <box frame="179" outside="0" occluded="1" keyframe="1" xtl="0.00" ytl="639.16" xbr="182.06" ybr="1080.00" z_order="0">
      <attribute name="Sex">Male</attribute>
      <attribute name="Adipose Clipped">NA</attribute>
      <attribute name="Injury">NA</attribute>
      <attribute name="Confidence Level">3</attribute>
      <attribute name="Notes">NA</attribute>
    </box>
    <box frame="180" outside="0" occluded="1" keyframe="0" xtl="0.00" ytl="639.16" xbr="182.06" ybr="1080.00" z_order="0">
      <attribute name="Sex">Male</attribute>
      <attribute name="Adipose Clipped">NA</attribute>
      <attribute name="Injury">NA</attribute>
      <attribute name="Confidence Level">3</attribute>
      <attribute name="Notes">NA</attribute>
    </box>
    <box frame="181" outside="1" occluded="1" keyframe="1" xtl="0.00" ytl="639.16" xbr="182.06" ybr="1080.00" z_order="0">
      <attribute name="Sex">Male</attribute>
      <attribute name="Adipose Clipped">NA</attribute>
      <attribute name="Injury">NA</attribute>
      <attribute name="Confidence Level">3</attribute>
      <attribute name="Notes">NA</attribute>
    </box>
  </track>
</annotations>