<?xml version="1.0" encoding="utf-8"?>
<annotations>
  <version>1.1</version>
  <meta>
    <task>
      <id>178</id>
      <name>09-11-2020 07-00-27 M Salmon Camera</name>
      <size>770</size>
      <mode>interpolation</mode>
      <overlap>5</overlap>
      <bugtracker></bugtracker>
      <created>2021-12-13 20:59:39.998280+00:00</created>
      <updated>2021-12-13 21:07:08.696681+00:00</updated>
      <subset>default</subset>
      <start_frame>0</start_frame>
      <stop_frame>769</stop_frame>
      <frame_filter></frame_filter>
      <segments>
        <segment>
          <id>178</id>
          <start>0</start>
          <stop>769</stop>
          <url>httplocalhost:8080/?id=178</url>
        </segment>
      </segments>
      <owner>
        <username>scurfield</username>
        <email>dan.scurfield@gmail.com</email>
      </owner>
      <assignee></assignee>
      <labels>
        <label>
          <name>Coho</name>
          <color>#83e070</color>
          <attributes>
            <attribute>
              <name>Adipose Clipped</name>
              <mutable>False</mutable>
              <input_type>select</input_type>
              <default_value>No</default_value>
              <values>No
Yes
NA</values>
            </attribute>
            <attribute>
              <name>confidence level</name>
              <mutable>False</mutable>
              <input_type>select</input_type>
              <default_value>3</default_value>
              <values>3
2
1</values>
            </attribute>
            <attribute>
              <name>injury</name>
              <mutable>False</mutable>
              <input_type>select</input_type>
              <default_value>No</default_value>
              <values>No
Yes
NA</values>
            </attribute>
            <attribute>
              <name>notes</name>
              <mutable>False</mutable>
              <input_type>text</input_type>
              <default_value>NA</default_value>
              <values>NA</values>
            </attribute>
            <attribute>
              <name>sex</name>
              <mutable>False</mutable>
              <input_type>select</input_type>
              <default_value>Male</default_value>
              <values>Male
Female
Jack</values>
            </attribute>
            <attribute>
              <name>view</name>
              <mutable>False</mutable>
              <input_type>select</input_type>
              <default_value>Side</default_value>
              <values>Side
Top-down</values>
            </attribute>
          </attributes>
        </label>
        <label>
          <name>Bull</name>
          <color>#20c000</color>
          <attributes>
            <attribute>
              <name>adipose clipped</name>
              <mutable>False</mutable>
              <input_type>select</input_type>
              <default_value>No</default_value>
              <values>No
NA</values>
            </attribute>
            <attribute>
              <name>confidence level</name>
              <mutable>False</mutable>
              <input_type>select</input_type>
              <default_value>3</default_value>
              <values>3
2
1</values>
            </attribute>
            <attribute>
              <name>injury</name>
              <mutable>False</mutable>
              <input_type>select</input_type>
              <default_value>No</default_value>
              <values>No
Yes
NA</values>
            </attribute>
            <attribute>
              <name>notes</name>
              <mutable>False</mutable>
              <input_type>text</input_type>
              <default_value>NA</default_value>
              <values>NA</values>
            </attribute>
            <attribute>
              <name>sex</name>
              <mutable>False</mutable>
              <input_type>select</input_type>
              <default_value>NA</default_value>
              <values>NA</values>
            </attribute>
            <attribute>
              <name>view</name>
              <mutable>False</mutable>
              <input_type>select</input_type>
              <default_value>Side</default_value>
              <values>Side
Top-down</values>
            </attribute>
          </attributes>
        </label>
        <label>
          <name>Chum</name>
          <color>#b83df5</color>
          <attributes>
            <attribute>
              <name>adipose clipped</name>
              <mutable>False</mutable>
              <input_type>select</input_type>
              <default_value>No</default_value>
              <values>No
Yes
NA</values>
            </attribute>
            <attribute>
              <name>confidence level</name>
              <mutable>False</mutable>
              <input_type>select</input_type>
              <default_value>3</default_value>
              <values>3
2
1</values>
            </attribute>
            <attribute>
              <name>injury</name>
              <mutable>False</mutable>
              <input_type>select</input_type>
              <default_value>No</default_value>
              <values>No
Yes
NA</values>
            </attribute>
            <attribute>
              <name>notes</name>
              <mutable>False</mutable>
              <input_type>text</input_type>
              <default_value>NA</default_value>
              <values>NA</values>
            </attribute>
            <attribute>
              <name>sex</name>
              <mutable>False</mutable>
              <input_type>select</input_type>
              <default_value>Male</default_value>
              <values>Male
Female</values>
            </attribute>
            <attribute>
              <name>view</name>
              <mutable>False</mutable>
              <input_type>select</input_type>
              <default_value>Side</default_value>
              <values>Side
Top-down</values>
            </attribute>
          </attributes>
        </label>
        <label>
          <name>Whitefish</name>
          <color>#e5e3ee</color>
          <attributes>
            <attribute>
              <name>adipose clipped</name>
              <mutable>False</mutable>
              <input_type>select</input_type>
              <default_value>No</default_value>
              <values>No
Yes
NA</values>
            </attribute>
            <attribute>
              <name>confidence level</name>
              <mutable>False</mutable>
              <input_type>select</input_type>
              <default_value>3</default_value>
              <values>3
2
1</values>
            </attribute>
            <attribute>
              <name>injury</name>
              <mutable>False</mutable>
              <input_type>select</input_type>
              <default_value>No</default_value>
              <values>No
Yes
NA</values>
            </attribute>
            <attribute>
              <name>notes</name>
              <mutable>False</mutable>
              <input_type>text</input_type>
              <default_value>NA</default_value>
              <values>NA</values>
            </attribute>
            <attribute>
              <name>sex</name>
              <mutable>False</mutable>
              <input_type>select</input_type>
              <default_value>NA</default_value>
              <values>NA</values>
            </attribute>
            <attribute>
              <name>view</name>
              <mutable>False</mutable>
              <input_type>select</input_type>
              <default_value>Side</default_value>
              <values>Side
Top-down</values>
            </attribute>
          </attributes>
        </label>
        <label>
          <name>Pink</name>
          <color>#fa7dbb</color>
          <attributes>
            <attribute>
              <name>adipose clipped</name>
              <mutable>False</mutable>
              <input_type>select</input_type>
              <default_value>No</default_value>
              <values>No
Yes
NA</values>
            </attribute>
            <attribute>
              <name>confidence level</name>
              <mutable>False</mutable>
              <input_type>select</input_type>
              <default_value>3</default_value>
              <values>3
2
1</values>
            </attribute>
            <attribute>
              <name>injury</name>
              <mutable>False</mutable>
              <input_type>select</input_type>
              <default_value>No</default_value>
              <values>No
Yes
NA</values>
            </attribute>
            <attribute>
              <name>notes</name>
              <mutable>False</mutable>
              <input_type>text</input_type>
              <default_value>NA</default_value>
              <values>NA</values>
            </attribute>
            <attribute>
              <name>sex</name>
              <mutable>False</mutable>
              <input_type>select</input_type>
              <default_value>Male</default_value>
              <values>Male
Female</values>
            </attribute>
            <attribute>
              <name>view</name>
              <mutable>False</mutable>
              <input_type>select</input_type>
              <default_value>Side</default_value>
              <values>Side
Top-down</values>
            </attribute>
          </attributes>
        </label>
        <label>
          <name>Sockeye</name>
          <color>#fa3253</color>
          <attributes>
            <attribute>
              <name>adipose clipped</name>
              <mutable>False</mutable>
              <input_type>select</input_type>
              <default_value>No</default_value>
              <values>No
Yes
NA</values>
            </attribute>
            <attribute>
              <name>confidence level</name>
              <mutable>False</mutable>
              <input_type>select</input_type>
              <default_value>3</default_value>
              <values>3
2
1</values>
            </attribute>
            <attribute>
              <name>injury</name>
              <mutable>False</mutable>
              <input_type>select</input_type>
              <default_value>No</default_value>
              <values>No
Yes
NA</values>
            </attribute>
            <attribute>
              <name>notes</name>
              <mutable>False</mutable>
              <input_type>text</input_type>
              <default_value>NA</default_value>
              <values>NA</values>
            </attribute>
            <attribute>
              <name>sex</name>
              <mutable>False</mutable>
              <input_type>select</input_type>
              <default_value>Male</default_value>
              <values>Male
Female
Jack</values>
            </attribute>
            <attribute>
              <name>view</name>
              <mutable>False</mutable>
              <input_type>select</input_type>
              <default_value>Side</default_value>
              <values>Side
Top-down</values>
            </attribute>
          </attributes>
        </label>
        <label>
          <name>Steelhead</name>
          <color>#32b7fa</color>
          <attributes>
            <attribute>
              <name>adipose clipped</name>
              <mutable>False</mutable>
              <input_type>select</input_type>
              <default_value>No</default_value>
              <values>No
Yes
NA</values>
            </attribute>
            <attribute>
              <name>confidence level</name>
              <mutable>False</mutable>
              <input_type>select</input_type>
              <default_value>3</default_value>
              <values>3
2
1</values>
            </attribute>
            <attribute>
              <name>injury</name>
              <mutable>False</mutable>
              <input_type>select</input_type>
              <default_value>No</default_value>
              <values>No
Yes
NA</values>
            </attribute>
            <attribute>
              <name>notes</name>
              <mutable>False</mutable>
              <input_type>text</input_type>
              <default_value>NA</default_value>
              <values>NA</values>
            </attribute>
            <attribute>
              <name>sex</name>
              <mutable>False</mutable>
              <input_type>select</input_type>
              <default_value>Male</default_value>
              <values>Male
Female</values>
            </attribute>
            <attribute>
              <name>view</name>
              <mutable>False</mutable>
              <input_type>select</input_type>
              <default_value>Side</default_value>
              <values>Side
Top-down</values>
            </attribute>
          </attributes>
        </label>
        <label>
          <name>Rainbow</name>
          <color>#f1c6e3</color>
          <attributes>
            <attribute>
              <name>adipose clipped</name>
              <mutable>False</mutable>
              <input_type>select</input_type>
              <default_value>No</default_value>
              <values>No
Yes
NA</values>
            </attribute>
            <attribute>
              <name>confidence level</name>
              <mutable>False</mutable>
              <input_type>select</input_type>
              <default_value>3</default_value>
              <values>3
2
1</values>
            </attribute>
            <attribute>
              <name>injury</name>
              <mutable>False</mutable>
              <input_type>select</input_type>
              <default_value>No</default_value>
              <values>No
Yes
NA</values>
            </attribute>
            <attribute>
              <name>notes</name>
              <mutable>False</mutable>
              <input_type>text</input_type>
              <default_value>NA</default_value>
              <values>NA</values>
            </attribute>
            <attribute>
              <name>sex</name>
              <mutable>False</mutable>
              <input_type>select</input_type>
              <default_value>NA</default_value>
              <values>NA
Juvenile</values>
            </attribute>
            <attribute>
              <name>view</name>
              <mutable>False</mutable>
              <input_type>select</input_type>
              <default_value>Side</default_value>
              <values>Side
Top-down</values>
            </attribute>
          </attributes>
        </label>
        <label>
          <name>Chinook</name>
          <color>#2a7dd1</color>
          <attributes>
            <attribute>
              <name>adipose clipped</name>
              <mutable>False</mutable>
              <input_type>select</input_type>
              <default_value>No</default_value>
              <values>No
Yes
NA</values>
            </attribute>
            <attribute>
              <name>confidence level</name>
              <mutable>False</mutable>
              <input_type>select</input_type>
              <default_value>3</default_value>
              <values>3
2
1</values>
            </attribute>
            <attribute>
              <name>injury</name>
              <mutable>False</mutable>
              <input_type>select</input_type>
              <default_value>No</default_value>
              <values>No
Yes
NA</values>
            </attribute>
            <attribute>
              <name>notes</name>
              <mutable>False</mutable>
              <input_type>text</input_type>
              <default_value>NA</default_value>
              <values>NA</values>
            </attribute>
            <attribute>
              <name>sex</name>
              <mutable>False</mutable>
              <input_type>select</input_type>
              <default_value>Male</default_value>
              <values>Male
Female
Jack</values>
            </attribute>
            <attribute>
              <name>view</name>
              <mutable>False</mutable>
              <input_type>select</input_type>
              <default_value>Side</default_value>
              <values>Side
Top-down</values>
            </attribute>
          </attributes>
        </label>
        <label>
          <name>Pikeminnow</name>
          <color>#ecc49c</color>
          <attributes>
            <attribute>
              <name>confidence level</name>
              <mutable>False</mutable>
              <input_type>select</input_type>
              <default_value>3</default_value>
              <values>3
2
1</values>
            </attribute>
            <attribute>
              <name>notes</name>
              <mutable>False</mutable>
              <input_type>text</input_type>
              <default_value>NA</default_value>
              <values>NA</values>
            </attribute>
          </attributes>
        </label>
        <label>
          <name>Shiner</name>
          <color>#8c78f0</color>
          <attributes>
            <attribute>
              <name>confidence level</name>
              <mutable>False</mutable>
              <input_type>select</input_type>
              <default_value>3</default_value>
              <values>3
2
1</values>
            </attribute>
            <attribute>
              <name>notes</name>
              <mutable>False</mutable>
              <input_type>text</input_type>
              <default_value>NA</default_value>
              <values>NA</values>
            </attribute>
          </attributes>
        </label>
        <label>
          <name>Lampray</name>
          <color>#2e2930</color>
          <attributes>
            <attribute>
              <name>confidence level</name>
              <mutable>False</mutable>
              <input_type>select</input_type>
              <default_value>3</default_value>
              <values>3
2
1</values>
            </attribute>
            <attribute>
              <name>notes</name>
              <mutable>False</mutable>
              <input_type>text</input_type>
              <default_value>NA</default_value>
              <values>NA</values>
            </attribute>
          </attributes>
        </label>
      </labels>
      <original_size>
        <width>1920</width>
        <height>1080</height>
      </original_size>
    </task>
    <dumped>2021-12-13 21:07:26.151647+00:00</dumped>
    <source>09-11-2020 07-00-27 M Salmon Camera.m4v</source>
  </meta>
  <track id="0" label="Pink" source="manual">
    <box frame="57" outside="0" occluded="1" keyframe="1" xtl="1796.42" ytl="321.36" xbr="1920.00" ybr="663.62" z_order="0">
      <attribute name="notes">NA</attribute>
      <attribute name="sex">Female</attribute>
      <attribute name="view">Side</attribute>
      <attribute name="adipose clipped">No</attribute>
      <attribute name="confidence level">1</attribute>
      <attribute name="injury">No</attribute>
    </box>
    <box frame="58" outside="0" occluded="1" keyframe="0" xtl="1752.01" ytl="310.67" xbr="1920.00" ybr="644.92" z_order="0">
      <attribute name="notes">NA</attribute>
      <attribute name="sex">Female</attribute>
      <attribute name="view">Side</attribute>
      <attribute name="adipose clipped">No</attribute>
      <attribute name="confidence level">1</attribute>
      <attribute name="injury">No</attribute>
    </box>
    <box frame="59" outside="0" occluded="1" keyframe="0" xtl="1707.59" ytl="299.99" xbr="1920.00" ybr="626.21" z_order="0">
      <attribute name="notes">NA</attribute>
      <attribute name="sex">Female</attribute>
      <attribute name="view">Side</attribute>
      <attribute name="adipose clipped">No</attribute>
      <attribute name="confidence level">1</attribute>
      <attribute name="injury">No</attribute>
    </box>
    <box frame="60" outside="0" occluded="1" keyframe="0" xtl="1663.18" ytl="289.30" xbr="1920.00" ybr="607.51" z_order="0">
      <attribute name="notes">NA</attribute>
      <attribute name="sex">Female</attribute>
      <attribute name="view">Side</attribute>
      <attribute name="adipose clipped">No</attribute>
      <attribute name="confidence level">1</attribute>
      <attribute name="injury">No</attribute>
    </box>
    <box frame="61" outside="0" occluded="1" keyframe="0" xtl="1618.77" ytl="278.62" xbr="1920.00" ybr="588.81" z_order="0">
      <attribute name="notes">NA</attribute>
      <attribute name="sex">Female</attribute>
      <attribute name="view">Side</attribute>
      <attribute name="adipose clipped">No</attribute>
      <attribute name="confidence level">1</attribute>
      <attribute name="injury">No</attribute>
    </box>
    <box frame="62" outside="0" occluded="1" keyframe="0" xtl="1574.36" ytl="267.93" xbr="1920.00" ybr="570.11" z_order="0">
      <attribute name="notes">NA</attribute>
      <attribute name="sex">Female</attribute>
      <attribute name="view">Side</attribute>
      <attribute name="adipose clipped">No</attribute>
      <attribute name="confidence level">1</attribute>
      <attribute name="injury">No</attribute>
    </box>
    <box frame="63" outside="0" occluded="1" keyframe="0" xtl="1529.95" ytl="257.25" xbr="1920.00" ybr="551.41" z_order="0">
      <attribute name="notes">NA</attribute>
      <attribute name="sex">Female</attribute>
      <attribute name="view">Side</attribute>
      <attribute name="adipose clipped">No</attribute>
      <attribute name="confidence level">1</attribute>
      <attribute name="injury">No</attribute>
    </box>
    <box frame="64" outside="0" occluded="1" keyframe="0" xtl="1485.54" ytl="246.56" xbr="1920.00" ybr="532.71" z_order="0">
      <attribute name="notes">NA</attribute>
      <attribute name="sex">Female</attribute>
      <attribute name="view">Side</attribute>
      <attribute name="adipose clipped">No</attribute>
      <attribute name="confidence level">1</attribute>
      <attribute name="injury">No</attribute>
    </box>
    <box frame="65" outside="0" occluded="1" keyframe="0" xtl="1441.12" ytl="235.88" xbr="1920.00" ybr="514.00" z_order="0">
      <attribute name="notes">NA</attribute>
      <attribute name="sex">Female</attribute>
      <attribute name="view">Side</attribute>
      <attribute name="adipose clipped">No</attribute>
      <attribute name="confidence level">1</attribute>
      <attribute name="injury">No</attribute>
    </box>
    <box frame="66" outside="0" occluded="1" keyframe="0" xtl="1396.71" ytl="225.19" xbr="1920.00" ybr="495.30" z_order="0">
      <attribute name="notes">NA</attribute>
      <attribute name="sex">Female</attribute>
      <attribute name="view">Side</attribute>
      <attribute name="adipose clipped">No</attribute>
      <attribute name="confidence level">1</attribute>
      <attribute name="injury">No</attribute>
    </box>
    <box frame="67" outside="0" occluded="0" keyframe="1" xtl="1352.30" ytl="214.50" xbr="1920.00" ybr="476.60" z_order="0">
      <attribute name="notes">NA</attribute>
      <attribute name="sex">Female</attribute>
      <attribute name="view">Side</attribute>
      <attribute name="adipose clipped">No</attribute>
      <attribute name="confidence level">1</attribute>
      <attribute name="injury">No</attribute>
    </box>
    <box frame="68" outside="0" occluded="0" keyframe="0" xtl="1343.95" ytl="199.98" xbr="1911.65" ybr="462.07" z_order="0">
      <attribute name="notes">NA</attribute>
      <attribute name="sex">Female</attribute>
      <attribute name="view">Side</attribute>
      <attribute name="adipose clipped">No</attribute>
      <attribute name="confidence level">1</attribute>
      <attribute name="injury">No</attribute>
    </box>
    <box frame="69" outside="0" occluded="0" keyframe="0" xtl="1335.60" ytl="185.45" xbr="1903.30" ybr="447.55" z_order="0">
      <attribute name="notes">NA</attribute>
      <attribute name="sex">Female</attribute>
      <attribute name="view">Side</attribute>
      <attribute name="adipose clipped">No</attribute>
      <attribute name="confidence level">1</attribute>
      <attribute name="injury">No</attribute>
    </box>
    <box frame="70" outside="0" occluded="0" keyframe="0" xtl="1327.26" ytl="170.93" xbr="1894.96" ybr="433.02" z_order="0">
      <attribute name="notes">NA</attribute>
      <attribute name="sex">Female</attribute>
      <attribute name="view">Side</attribute>
      <attribute name="adipose clipped">No</attribute>
      <attribute name="confidence level">1</attribute>
      <attribute name="injury">No</attribute>
    </box>
    <box frame="71" outside="0" occluded="0" keyframe="0" xtl="1318.91" ytl="156.40" xbr="1886.61" ybr="418.50" z_order="0">
      <attribute name="notes">NA</attribute>
      <attribute name="sex">Female</attribute>
      <attribute name="view">Side</attribute>
      <attribute name="adipose clipped">No</attribute>
      <attribute name="confidence level">1</attribute>
      <attribute name="injury">No</attribute>
    </box>
    <box frame="72" outside="0" occluded="0" keyframe="0" xtl="1310.56" ytl="141.88" xbr="1878.26" ybr="403.97" z_order="0">
      <attribute name="notes">NA</attribute>
      <attribute name="sex">Female</attribute>
      <attribute name="view">Side</attribute>
      <attribute name="adipose clipped">No</attribute>
      <attribute name="confidence level">1</attribute>
      <attribute name="injury">No</attribute>
    </box>
    <box frame="73" outside="0" occluded="0" keyframe="0" xtl="1302.21" ytl="127.35" xbr="1869.91" ybr="389.45" z_order="0">
      <attribute name="notes">NA</attribute>
      <attribute name="sex">Female</attribute>
      <attribute name="view">Side</attribute>
      <attribute name="adipose clipped">No</attribute>
      <attribute name="confidence level">1</attribute>
      <attribute name="injury">No</attribute>
    </box>
    <box frame="74" outside="0" occluded="0" keyframe="0" xtl="1293.86" ytl="112.83" xbr="1861.56" ybr="374.92" z_order="0">
      <attribute name="notes">NA</attribute>
      <attribute name="sex">Female</attribute>
      <attribute name="view">Side</attribute>
      <attribute name="adipose clipped">No</attribute>
      <attribute name="confidence level">1</attribute>
      <attribute name="injury">No</attribute>
    </box>
    <box frame="75" outside="0" occluded="0" keyframe="0" xtl="1285.52" ytl="98.30" xbr="1853.22" ybr="360.40" z_order="0">
      <attribute name="notes">NA</attribute>
      <attribute name="sex">Female</attribute>
      <attribute name="view">Side</attribute>
      <attribute name="adipose clipped">No</attribute>
      <attribute name="confidence level">1</attribute>
      <attribute name="injury">No</attribute>
    </box>
    <box frame="76" outside="0" occluded="0" keyframe="0" xtl="1277.17" ytl="83.78" xbr="1844.87" ybr="345.87" z_order="0">
      <attribute name="notes">NA</attribute>
      <attribute name="sex">Female</attribute>
      <attribute name="view">Side</attribute>
      <attribute name="adipose clipped">No</attribute>
      <attribute name="confidence level">1</attribute>
      <attribute name="injury">No</attribute>
    </box>
    <box frame="77" outside="0" occluded="0" keyframe="1" xtl="1268.82" ytl="69.25" xbr="1836.52" ybr="331.35" z_order="0">
      <attribute name="notes">NA</attribute>
      <attribute name="sex">Female</attribute>
      <attribute name="view">Side</attribute>
      <attribute name="adipose clipped">No</attribute>
      <attribute name="confidence level">1</attribute>
      <attribute name="injury">No</attribute>
    </box>
    <box frame="78" outside="0" occluded="0" keyframe="0" xtl="1251.79" ytl="63.91" xbr="1831.85" ybr="332.18" z_order="0">
      <attribute name="notes">NA</attribute>
      <attribute name="sex">Female</attribute>
      <attribute name="view">Side</attribute>
      <attribute name="adipose clipped">No</attribute>
      <attribute name="confidence level">1</attribute>
      <attribute name="injury">No</attribute>
    </box>
    <box frame="79" outside="0" occluded="0" keyframe="0" xtl="1234.75" ytl="58.57" xbr="1827.18" ybr="333.02" z_order="0">
      <attribute name="notes">NA</attribute>
      <attribute name="sex">Female</attribute>
      <attribute name="view">Side</attribute>
      <attribute name="adipose clipped">No</attribute>
      <attribute name="confidence level">1</attribute>
      <attribute name="injury">No</attribute>
    </box>
    <box frame="80" outside="0" occluded="0" keyframe="0" xtl="1217.72" ytl="53.22" xbr="1822.50" ybr="333.85" z_order="0">
      <attribute name="notes">NA</attribute>
      <attribute name="sex">Female</attribute>
      <attribute name="view">Side</attribute>
      <attribute name="adipose clipped">No</attribute>
      <attribute name="confidence level">1</attribute>
      <attribute name="injury">No</attribute>
    </box>
    <box frame="81" outside="0" occluded="0" keyframe="0" xtl="1200.69" ytl="47.88" xbr="1817.83" ybr="334.69" z_order="0">
      <attribute name="notes">NA</attribute>
      <attribute name="sex">Female</attribute>
      <attribute name="view">Side</attribute>
      <attribute name="adipose clipped">No</attribute>
      <attribute name="confidence level">1</attribute>
      <attribute name="injury">No</attribute>
    </box>
    <box frame="82" outside="0" occluded="0" keyframe="0" xtl="1183.65" ytl="42.54" xbr="1813.16" ybr="335.52" z_order="0">
      <attribute name="notes">NA</attribute>
      <attribute name="sex">Female</attribute>
      <attribute name="view">Side</attribute>
      <attribute name="adipose clipped">No</attribute>
      <attribute name="confidence level">1</attribute>
      <attribute name="injury">No</attribute>
    </box>
    <box frame="83" outside="0" occluded="0" keyframe="0" xtl="1166.62" ytl="37.20" xbr="1808.49" ybr="336.36" z_order="0">
      <attribute name="notes">NA</attribute>
      <attribute name="sex">Female</attribute>
      <attribute name="view">Side</attribute>
      <attribute name="adipose clipped">No</attribute>
      <attribute name="confidence level">1</attribute>
      <attribute name="injury">No</attribute>
    </box>
    <box frame="84" outside="0" occluded="0" keyframe="0" xtl="1149.59" ytl="31.85" xbr="1803.82" ybr="337.19" z_order="0">
      <attribute name="notes">NA</attribute>
      <attribute name="sex">Female</attribute>
      <attribute name="view">Side</attribute>
      <attribute name="adipose clipped">No</attribute>
      <attribute name="confidence level">1</attribute>
      <attribute name="injury">No</attribute>
    </box>
    <box frame="85" outside="0" occluded="0" keyframe="0" xtl="1132.55" ytl="26.51" xbr="1799.14" ybr="338.03" z_order="0">
      <attribute name="notes">NA</attribute>
      <attribute name="sex">Female</attribute>
      <attribute name="view">Side</attribute>
      <attribute name="adipose clipped">No</attribute>
      <attribute name="confidence level">1</attribute>
      <attribute name="injury">No</attribute>
    </box>
    <box frame="86" outside="0" occluded="0" keyframe="0" xtl="1115.52" ytl="21.17" xbr="1794.47" ybr="338.86" z_order="0">
      <attribute name="notes">NA</attribute>
      <attribute name="sex">Female</attribute>
      <attribute name="view">Side</attribute>
      <attribute name="adipose clipped">No</attribute>
      <attribute name="confidence level">1</attribute>
      <attribute name="injury">No</attribute>
    </box>
    <box frame="87" outside="0" occluded="0" keyframe="1" xtl="1098.49" ytl="15.83" xbr="1789.80" ybr="339.70" z_order="0">
      <attribute name="notes">NA</attribute>
      <attribute name="sex">Female</attribute>
      <attribute name="view">Side</attribute>
      <attribute name="adipose clipped">No</attribute>
      <attribute name="confidence level">1</attribute>
      <attribute name="injury">No</attribute>
    </box>
    <box frame="88" outside="0" occluded="0" keyframe="0" xtl="1089.81" ytl="17.66" xbr="1781.12" ybr="341.54" z_order="0">
      <attribute name="notes">NA</attribute>
      <attribute name="sex">Female</attribute>
      <attribute name="view">Side</attribute>
      <attribute name="adipose clipped">No</attribute>
      <attribute name="confidence level">1</attribute>
      <attribute name="injury">No</attribute>
    </box>
    <box frame="89" outside="0" occluded="0" keyframe="0" xtl="1081.12" ytl="19.50" xbr="1772.44" ybr="343.37" z_order="0">
      <attribute name="notes">NA</attribute>
      <attribute name="sex">Female</attribute>
      <attribute name="view">Side</attribute>
      <attribute name="adipose clipped">No</attribute>
      <attribute name="confidence level">1</attribute>
      <attribute name="injury">No</attribute>
    </box>
    <box frame="90" outside="0" occluded="0" keyframe="0" xtl="1072.44" ytl="21.34" xbr="1763.75" ybr="345.21" z_order="0">
      <attribute name="notes">NA</attribute>
      <attribute name="sex">Female</attribute>
      <attribute name="view">Side</attribute>
      <attribute name="adipose clipped">No</attribute>
      <attribute name="confidence level">1</attribute>
      <attribute name="injury">No</attribute>
    </box>
    <box frame="91" outside="0" occluded="0" keyframe="0" xtl="1063.76" ytl="23.17" xbr="1755.07" ybr="347.05" z_order="0">
      <attribute name="notes">NA</attribute>
      <attribute name="sex">Female</attribute>
      <attribute name="view">Side</attribute>
      <attribute name="adipose clipped">No</attribute>
      <attribute name="confidence level">1</attribute>
      <attribute name="injury">No</attribute>
    </box>
    <box frame="92" outside="0" occluded="0" keyframe="0" xtl="1055.08" ytl="25.01" xbr="1746.39" ybr="348.88" z_order="0">
      <attribute name="notes">NA</attribute>
      <attribute name="sex">Female</attribute>
      <attribute name="view">Side</attribute>
      <attribute name="adipose clipped">No</attribute>
      <attribute name="confidence level">1</attribute>
      <attribute name="injury">No</attribute>
    </box>
    <box frame="93" outside="0" occluded="0" keyframe="0" xtl="1046.40" ytl="26.85" xbr="1737.71" ybr="350.72" z_order="0">
      <attribute name="notes">NA</attribute>
      <attribute name="sex">Female</attribute>
      <attribute name="view">Side</attribute>
      <attribute name="adipose clipped">No</attribute>
      <attribute name="confidence level">1</attribute>
      <attribute name="injury">No</attribute>
    </box>
    <box frame="94" outside="0" occluded="0" keyframe="0" xtl="1037.72" ytl="28.68" xbr="1729.03" ybr="352.56" z_order="0">
      <attribute name="notes">NA</attribute>
      <attribute name="sex">Female</attribute>
      <attribute name="view">Side</attribute>
      <attribute name="adipose clipped">No</attribute>
      <attribute name="confidence level">1</attribute>
      <attribute name="injury">No</attribute>
    </box>
    <box frame="95" outside="0" occluded="0" keyframe="0" xtl="1029.03" ytl="30.52" xbr="1720.35" ybr="354.39" z_order="0">
      <attribute name="notes">NA</attribute>
      <attribute name="sex">Female</attribute>
      <attribute name="view">Side</attribute>
      <attribute name="adipose clipped">No</attribute>
      <attribute name="confidence level">1</attribute>
      <attribute name="injury">No</attribute>
    </box>
    <box frame="96" outside="0" occluded="0" keyframe="0" xtl="1020.35" ytl="32.36" xbr="1711.66" ybr="356.23" z_order="0">
      <attribute name="notes">NA</attribute>
      <attribute name="sex">Female</attribute>
      <attribute name="view">Side</attribute>
      <attribute name="adipose clipped">No</attribute>
      <attribute name="confidence level">1</attribute>
      <attribute name="injury">No</attribute>
    </box>
    <box frame="97" outside="0" occluded="0" keyframe="1" xtl="1011.67" ytl="34.19" xbr="1702.98" ybr="358.07" z_order="0">
      <attribute name="notes">NA</attribute>
      <attribute name="sex">Female</attribute>
      <attribute name="view">Side</attribute>
      <attribute name="adipose clipped">No</attribute>
      <attribute name="confidence level">1</attribute>
      <attribute name="injury">No</attribute>
    </box>
    <box frame="98" outside="0" occluded="0" keyframe="0" xtl="999.48" ytl="39.87" xbr="1690.79" ybr="363.74" z_order="0">
      <attribute name="notes">NA</attribute>
      <attribute name="sex">Female</attribute>
      <attribute name="view">Side</attribute>
      <attribute name="adipose clipped">No</attribute>
      <attribute name="confidence level">1</attribute>
      <attribute name="injury">No</attribute>
    </box>
    <box frame="99" outside="0" occluded="0" keyframe="0" xtl="987.29" ytl="45.55" xbr="1678.61" ybr="369.42" z_order="0">
      <attribute name="notes">NA</attribute>
      <attribute name="sex">Female</attribute>
      <attribute name="view">Side</attribute>
      <attribute name="adipose clipped">No</attribute>
      <attribute name="confidence level">1</attribute>
      <attribute name="injury">No</attribute>
    </box>
    <box frame="100" outside="0" occluded="0" keyframe="0" xtl="975.11" ytl="51.22" xbr="1666.42" ybr="375.09" z_order="0">
      <attribute name="notes">NA</attribute>
      <attribute name="sex">Female</attribute>
      <attribute name="view">Side</attribute>
      <attribute name="adipose clipped">No</attribute>
      <attribute name="confidence level">1</attribute>
      <attribute name="injury">No</attribute>
    </box>
    <box frame="101" outside="0" occluded="0" keyframe="0" xtl="962.92" ytl="56.90" xbr="1654.23" ybr="380.77" z_order="0">
      <attribute name="notes">NA</attribute>
      <attribute name="sex">Female</attribute>
      <attribute name="view">Side</attribute>
      <attribute name="adipose clipped">No</attribute>
      <attribute name="confidence level">1</attribute>
      <attribute name="injury">No</attribute>
    </box>
    <box frame="102" outside="0" occluded="0" keyframe="0" xtl="950.73" ytl="62.58" xbr="1642.04" ybr="386.45" z_order="0">
      <attribute name="notes">NA</attribute>
      <attribute name="sex">Female</attribute>
      <attribute name="view">Side</attribute>
      <attribute name="adipose clipped">No</attribute>
      <attribute name="confidence level">1</attribute>
      <attribute name="injury">No</attribute>
    </box>
    <box frame="103" outside="0" occluded="0" keyframe="0" xtl="938.54" ytl="68.25" xbr="1629.86" ybr="392.12" z_order="0">
      <attribute name="notes">NA</attribute>
      <attribute name="sex">Female</attribute>
      <attribute name="view">Side</attribute>
      <attribute name="adipose clipped">No</attribute>
      <attribute name="confidence level">1</attribute>
      <attribute name="injury">No</attribute>
    </box>
    <box frame="104" outside="0" occluded="0" keyframe="0" xtl="926.35" ytl="73.93" xbr="1617.67" ybr="397.80" z_order="0">
      <attribute name="notes">NA</attribute>
      <attribute name="sex">Female</attribute>
      <attribute name="view">Side</attribute>
      <attribute name="adipose clipped">No</attribute>
      <attribute name="confidence level">1</attribute>
      <attribute name="injury">No</attribute>
    </box>
    <box frame="105" outside="0" occluded="0" keyframe="0" xtl="914.17" ytl="79.60" xbr="1605.48" ybr="403.48" z_order="0">
      <attribute name="notes">NA</attribute>
      <attribute name="sex">Female</attribute>
      <attribute name="view">Side</attribute>
      <attribute name="adipose clipped">No</attribute>
      <attribute name="confidence level">1</attribute>
      <attribute name="injury">No</attribute>
    </box>
    <box frame="106" outside="0" occluded="0" keyframe="0" xtl="901.98" ytl="85.28" xbr="1593.29" ybr="409.15" z_order="0">
      <attribute name="notes">NA</attribute>
      <attribute name="sex">Female</attribute>
      <attribute name="view">Side</attribute>
      <attribute name="adipose clipped">No</attribute>
      <attribute name="confidence level">1</attribute>
      <attribute name="injury">No</attribute>
    </box>
    <box frame="107" outside="0" occluded="0" keyframe="1" xtl="889.79" ytl="90.96" xbr="1581.10" ybr="414.83" z_order="0">
      <attribute name="notes">NA</attribute>
      <attribute name="sex">Female</attribute>
      <attribute name="view">Side</attribute>
      <attribute name="adipose clipped">No</attribute>
      <attribute name="confidence level">1</attribute>
      <attribute name="injury">No</attribute>
    </box>
    <box frame="108" outside="0" occluded="0" keyframe="0" xtl="874.93" ytl="93.63" xbr="1576.43" ybr="429.53" z_order="0">
      <attribute name="notes">NA</attribute>
      <attribute name="sex">Female</attribute>
      <attribute name="view">Side</attribute>
      <attribute name="adipose clipped">No</attribute>
      <attribute name="confidence level">1</attribute>
      <attribute name="injury">No</attribute>
    </box>
    <box frame="109" outside="0" occluded="0" keyframe="0" xtl="860.07" ytl="96.30" xbr="1571.76" ybr="444.22" z_order="0">
      <attribute name="notes">NA</attribute>
      <attribute name="sex">Female</attribute>
      <attribute name="view">Side</attribute>
      <attribute name="adipose clipped">No</attribute>
      <attribute name="confidence level">1</attribute>
      <attribute name="injury">No</attribute>
    </box>
    <box frame="110" outside="0" occluded="0" keyframe="0" xtl="845.21" ytl="98.97" xbr="1567.09" ybr="458.92" z_order="0">
      <attribute name="notes">NA</attribute>
      <attribute name="sex">Female</attribute>
      <attribute name="view">Side</attribute>
      <attribute name="adipose clipped">No</attribute>
      <attribute name="confidence level">1</attribute>
      <attribute name="injury">No</attribute>
    </box>
    <box frame="111" outside="0" occluded="0" keyframe="0" xtl="830.35" ytl="101.64" xbr="1562.42" ybr="473.62" z_order="0">
      <attribute name="notes">NA</attribute>
      <attribute name="sex">Female</attribute>
      <attribute name="view">Side</attribute>
      <attribute name="adipose clipped">No</attribute>
      <attribute name="confidence level">1</attribute>
      <attribute name="injury">No</attribute>
    </box>
    <box frame="112" outside="0" occluded="0" keyframe="0" xtl="815.50" ytl="104.31" xbr="1557.75" ybr="488.32" z_order="0">
      <attribute name="notes">NA</attribute>
      <attribute name="sex">Female</attribute>
      <attribute name="view">Side</attribute>
      <attribute name="adipose clipped">No</attribute>
      <attribute name="confidence level">1</attribute>
      <attribute name="injury">No</attribute>
    </box>
    <box frame="113" outside="0" occluded="0" keyframe="0" xtl="800.64" ytl="106.99" xbr="1553.08" ybr="503.01" z_order="0">
      <attribute name="notes">NA</attribute>
      <attribute name="sex">Female</attribute>
      <attribute name="view">Side</attribute>
      <attribute name="adipose clipped">No</attribute>
      <attribute name="confidence level">1</attribute>
      <attribute name="injury">No</attribute>
    </box>
    <box frame="114" outside="0" occluded="0" keyframe="0" xtl="785.78" ytl="109.66" xbr="1548.41" ybr="517.71" z_order="0">
      <attribute name="notes">NA</attribute>
      <attribute name="sex">Female</attribute>
      <attribute name="view">Side</attribute>
      <attribute name="adipose clipped">No</attribute>
      <attribute name="confidence level">1</attribute>
      <attribute name="injury">No</attribute>
    </box>
    <box frame="115" outside="0" occluded="0" keyframe="0" xtl="770.92" ytl="112.33" xbr="1543.74" ybr="532.41" z_order="0">
      <attribute name="notes">NA</attribute>
      <attribute name="sex">Female</attribute>
      <attribute name="view">Side</attribute>
      <attribute name="adipose clipped">No</attribute>
      <attribute name="confidence level">1</attribute>
      <attribute name="injury">No</attribute>
    </box>
    <box frame="116" outside="0" occluded="0" keyframe="0" xtl="756.06" ytl="115.00" xbr="1539.07" ybr="547.10" z_order="0">
      <attribute name="notes">NA</attribute>
      <attribute name="sex">Female</attribute>
      <attribute name="view">Side</attribute>
      <attribute name="adipose clipped">No</attribute>
      <attribute name="confidence level">1</attribute>
      <attribute name="injury">No</attribute>
    </box>
    <box frame="117" outside="0" occluded="0" keyframe="1" xtl="741.20" ytl="117.67" xbr="1534.40" ybr="561.80" z_order="0">
      <attribute name="notes">NA</attribute>
      <attribute name="sex">Female</attribute>
      <attribute name="view">Side</attribute>
      <attribute name="adipose clipped">No</attribute>
      <attribute name="confidence level">1</attribute>
      <attribute name="injury">No</attribute>
    </box>
    <box frame="118" outside="0" occluded="0" keyframe="0" xtl="724.84" ytl="138.37" xbr="1518.04" ybr="582.50" z_order="0">
      <attribute name="notes">NA</attribute>
      <attribute name="sex">Female</attribute>
      <attribute name="view">Side</attribute>
      <attribute name="adipose clipped">No</attribute>
      <attribute name="confidence level">1</attribute>
      <attribute name="injury">No</attribute>
    </box>
    <box frame="119" outside="0" occluded="0" keyframe="0" xtl="708.48" ytl="159.08" xbr="1501.68" ybr="603.21" z_order="0">
      <attribute name="notes">NA</attribute>
      <attribute name="sex">Female</attribute>
      <attribute name="view">Side</attribute>
      <attribute name="adipose clipped">No</attribute>
      <attribute name="confidence level">1</attribute>
      <attribute name="injury">No</attribute>
    </box>
    <box frame="120" outside="0" occluded="0" keyframe="0" xtl="692.12" ytl="179.78" xbr="1485.31" ybr="623.91" z_order="0">
      <attribute name="notes">NA</attribute>
      <attribute name="sex">Female</attribute>
      <attribute name="view">Side</attribute>
      <attribute name="adipose clipped">No</attribute>
      <attribute name="confidence level">1</attribute>
      <attribute name="injury">No</attribute>
    </box>
    <box frame="121" outside="0" occluded="0" keyframe="0" xtl="675.75" ytl="200.48" xbr="1468.95" ybr="644.61" z_order="0">
      <attribute name="notes">NA</attribute>
      <attribute name="sex">Female</attribute>
      <attribute name="view">Side</attribute>
      <attribute name="adipose clipped">No</attribute>
      <attribute name="confidence level">1</attribute>
      <attribute name="injury">No</attribute>
    </box>
    <box frame="122" outside="0" occluded="0" keyframe="0" xtl="659.39" ytl="221.18" xbr="1452.59" ybr="665.31" z_order="0">
      <attribute name="notes">NA</attribute>
      <attribute name="sex">Female</attribute>
      <attribute name="view">Side</attribute>
      <attribute name="adipose clipped">No</attribute>
      <attribute name="confidence level">1</attribute>
      <attribute name="injury">No</attribute>
    </box>
    <box frame="123" outside="0" occluded="0" keyframe="0" xtl="643.03" ytl="241.89" xbr="1436.23" ybr="686.02" z_order="0">
      <attribute name="notes">NA</attribute>
      <attribute name="sex">Female</attribute>
      <attribute name="view">Side</attribute>
      <attribute name="adipose clipped">No</attribute>
      <attribute name="confidence level">1</attribute>
      <attribute name="injury">No</attribute>
    </box>
    <box frame="124" outside="0" occluded="0" keyframe="0" xtl="626.67" ytl="262.59" xbr="1419.87" ybr="706.72" z_order="0">
      <attribute name="notes">NA</attribute>
      <attribute name="sex">Female</attribute>
      <attribute name="view">Side</attribute>
      <attribute name="adipose clipped">No</attribute>
      <attribute name="confidence level">1</attribute>
      <attribute name="injury">No</attribute>
    </box>
    <box frame="125" outside="0" occluded="0" keyframe="0" xtl="610.31" ytl="283.29" xbr="1403.51" ybr="727.42" z_order="0">
      <attribute name="notes">NA</attribute>
      <attribute name="sex">Female</attribute>
      <attribute name="view">Side</attribute>
      <attribute name="adipose clipped">No</attribute>
      <attribute name="confidence level">1</attribute>
      <attribute name="injury">No</attribute>
    </box>
    <box frame="126" outside="0" occluded="0" keyframe="0" xtl="593.94" ytl="303.99" xbr="1387.14" ybr="748.12" z_order="0">
      <attribute name="notes">NA</attribute>
      <attribute name="sex">Female</attribute>
      <attribute name="view">Side</attribute>
      <attribute name="adipose clipped">No</attribute>
      <attribute name="confidence level">1</attribute>
      <attribute name="injury">No</attribute>
    </box>
    <box frame="127" outside="0" occluded="0" keyframe="1" xtl="577.58" ytl="324.70" xbr="1370.78" ybr="768.83" z_order="0">
      <attribute name="notes">NA</attribute>
      <attribute name="sex">Female</attribute>
      <attribute name="view">Side</attribute>
      <attribute name="adipose clipped">No</attribute>
      <attribute name="confidence level">1</attribute>
      <attribute name="injury">No</attribute>
    </box>
    <box frame="128" outside="0" occluded="0" keyframe="0" xtl="563.22" ytl="340.23" xbr="1359.76" ybr="776.17" z_order="0">
      <attribute name="notes">NA</attribute>
      <attribute name="sex">Female</attribute>
      <attribute name="view">Side</attribute>
      <attribute name="adipose clipped">No</attribute>
      <attribute name="confidence level">1</attribute>
      <attribute name="injury">No</attribute>
    </box>
    <box frame="129" outside="0" occluded="0" keyframe="0" xtl="548.87" ytl="355.76" xbr="1348.75" ybr="783.52" z_order="0">
      <attribute name="notes">NA</attribute>
      <attribute name="sex">Female</attribute>
      <attribute name="view">Side</attribute>
      <attribute name="adipose clipped">No</attribute>
      <attribute name="confidence level">1</attribute>
      <attribute name="injury">No</attribute>
    </box>
    <box frame="130" outside="0" occluded="0" keyframe="0" xtl="534.51" ytl="371.29" xbr="1337.73" ybr="790.86" z_order="0">
      <attribute name="notes">NA</attribute>
      <attribute name="sex">Female</attribute>
      <attribute name="view">Side</attribute>
      <attribute name="adipose clipped">No</attribute>
      <attribute name="confidence level">1</attribute>
      <attribute name="injury">No</attribute>
    </box>
    <box frame="131" outside="0" occluded="0" keyframe="0" xtl="520.15" ytl="386.82" xbr="1326.71" ybr="798.21" z_order="0">
      <attribute name="notes">NA</attribute>
      <attribute name="sex">Female</attribute>
      <attribute name="view">Side</attribute>
      <attribute name="adipose clipped">No</attribute>
      <attribute name="confidence level">1</attribute>
      <attribute name="injury">No</attribute>
    </box>
    <box frame="132" outside="0" occluded="0" keyframe="0" xtl="505.79" ytl="402.35" xbr="1315.69" ybr="805.56" z_order="0">
      <attribute name="notes">NA</attribute>
      <attribute name="sex">Female</attribute>
      <attribute name="view">Side</attribute>
      <attribute name="adipose clipped">No</attribute>
      <attribute name="confidence level">1</attribute>
      <attribute name="injury">No</attribute>
    </box>
    <box frame="133" outside="0" occluded="0" keyframe="0" xtl="491.43" ytl="417.88" xbr="1304.67" ybr="812.90" z_order="0">
      <attribute name="notes">NA</attribute>
      <attribute name="sex">Female</attribute>
      <attribute name="view">Side</attribute>
      <attribute name="adipose clipped">No</attribute>
      <attribute name="confidence level">1</attribute>
      <attribute name="injury">No</attribute>
    </box>
    <box frame="134" outside="0" occluded="0" keyframe="0" xtl="477.08" ytl="433.41" xbr="1293.65" ybr="820.25" z_order="0">
      <attribute name="notes">NA</attribute>
      <attribute name="sex">Female</attribute>
      <attribute name="view">Side</attribute>
      <attribute name="adipose clipped">No</attribute>
      <attribute name="confidence level">1</attribute>
      <attribute name="injury">No</attribute>
    </box>
    <box frame="135" outside="0" occluded="0" keyframe="0" xtl="462.72" ytl="448.94" xbr="1282.64" ybr="827.60" z_order="0">
      <attribute name="notes">NA</attribute>
      <attribute name="sex">Female</attribute>
      <attribute name="view">Side</attribute>
      <attribute name="adipose clipped">No</attribute>
      <attribute name="confidence level">1</attribute>
      <attribute name="injury">No</attribute>
    </box>
    <box frame="136" outside="0" occluded="0" keyframe="0" xtl="448.36" ytl="464.47" xbr="1271.62" ybr="834.94" z_order="0">
      <attribute name="notes">NA</attribute>
      <attribute name="sex">Female</attribute>
      <attribute name="view">Side</attribute>
      <attribute name="adipose clipped">No</attribute>
      <attribute name="confidence level">1</attribute>
      <attribute name="injury">No</attribute>
    </box>
    <box frame="137" outside="0" occluded="0" keyframe="1" xtl="434.00" ytl="480.00" xbr="1260.60" ybr="842.29" z_order="0">
      <attribute name="notes">NA</attribute>
      <attribute name="sex">Female</attribute>
      <attribute name="view">Side</attribute>
      <attribute name="adipose clipped">No</attribute>
      <attribute name="confidence level">1</attribute>
      <attribute name="injury">No</attribute>
    </box>
    <box frame="138" outside="0" occluded="0" keyframe="0" xtl="430.16" ytl="480.83" xbr="1256.76" ybr="843.12" z_order="0">
      <attribute name="notes">NA</attribute>
      <attribute name="sex">Female</attribute>
      <attribute name="view">Side</attribute>
      <attribute name="adipose clipped">No</attribute>
      <attribute name="confidence level">1</attribute>
      <attribute name="injury">No</attribute>
    </box>
    <box frame="139" outside="0" occluded="0" keyframe="0" xtl="426.32" ytl="481.67" xbr="1252.92" ybr="843.96" z_order="0">
      <attribute name="notes">NA</attribute>
      <attribute name="sex">Female</attribute>
      <attribute name="view">Side</attribute>
      <attribute name="adipose clipped">No</attribute>
      <attribute name="confidence level">1</attribute>
      <attribute name="injury">No</attribute>
    </box>
    <box frame="140" outside="0" occluded="0" keyframe="0" xtl="422.48" ytl="482.50" xbr="1249.08" ybr="844.79" z_order="0">
      <attribute name="notes">NA</attribute>
      <attribute name="sex">Female</attribute>
      <attribute name="view">Side</attribute>
      <attribute name="adipose clipped">No</attribute>
      <attribute name="confidence level">1</attribute>
      <attribute name="injury">No</attribute>
    </box>
    <box frame="141" outside="0" occluded="0" keyframe="0" xtl="418.64" ytl="483.34" xbr="1245.24" ybr="845.63" z_order="0">
      <attribute name="notes">NA</attribute>
      <attribute name="sex">Female</attribute>
      <attribute name="view">Side</attribute>
      <attribute name="adipose clipped">No</attribute>
      <attribute name="confidence level">1</attribute>
      <attribute name="injury">No</attribute>
    </box>
    <box frame="142" outside="0" occluded="0" keyframe="0" xtl="414.80" ytl="484.17" xbr="1241.40" ybr="846.46" z_order="0">
      <attribute name="notes">NA</attribute>
      <attribute name="sex">Female</attribute>
      <attribute name="view">Side</attribute>
      <attribute name="adipose clipped">No</attribute>
      <attribute name="confidence level">1</attribute>
      <attribute name="injury">No</attribute>
    </box>
    <box frame="143" outside="0" occluded="0" keyframe="0" xtl="410.96" ytl="485.01" xbr="1237.56" ybr="847.30" z_order="0">
      <attribute name="notes">NA</attribute>
      <attribute name="sex">Female</attribute>
      <attribute name="view">Side</attribute>
      <attribute name="adipose clipped">No</attribute>
      <attribute name="confidence level">1</attribute>
      <attribute name="injury">No</attribute>
    </box>
    <box frame="144" outside="0" occluded="0" keyframe="0" xtl="407.12" ytl="485.84" xbr="1233.72" ybr="848.13" z_order="0">
      <attribute name="notes">NA</attribute>
      <attribute name="sex">Female</attribute>
      <attribute name="view">Side</attribute>
      <attribute name="adipose clipped">No</attribute>
      <attribute name="confidence level">1</attribute>
      <attribute name="injury">No</attribute>
    </box>
    <box frame="145" outside="0" occluded="0" keyframe="0" xtl="403.28" ytl="486.68" xbr="1229.88" ybr="848.97" z_order="0">
      <attribute name="notes">NA</attribute>
      <attribute name="sex">Female</attribute>
      <attribute name="view">Side</attribute>
      <attribute name="adipose clipped">No</attribute>
      <attribute name="confidence level">1</attribute>
      <attribute name="injury">No</attribute>
    </box>
    <box frame="146" outside="0" occluded="0" keyframe="0" xtl="399.44" ytl="487.51" xbr="1226.04" ybr="849.80" z_order="0">
      <attribute name="notes">NA</attribute>
      <attribute name="sex">Female</attribute>
      <attribute name="view">Side</attribute>
      <attribute name="adipose clipped">No</attribute>
      <attribute name="confidence level">1</attribute>
      <attribute name="injury">No</attribute>
    </box>
    <box frame="147" outside="0" occluded="0" keyframe="1" xtl="395.60" ytl="488.35" xbr="1222.20" ybr="850.64" z_order="0">
      <attribute name="notes">NA</attribute>
      <attribute name="sex">Female</attribute>
      <attribute name="view">Side</attribute>
      <attribute name="adipose clipped">No</attribute>
      <attribute name="confidence level">1</attribute>
      <attribute name="injury">No</attribute>
    </box>
    <box frame="148" outside="0" occluded="0" keyframe="0" xtl="381.58" ytl="488.51" xbr="1208.18" ybr="850.80" z_order="0">
      <attribute name="notes">NA</attribute>
      <attribute name="sex">Female</attribute>
      <attribute name="view">Side</attribute>
      <attribute name="adipose clipped">No</attribute>
      <attribute name="confidence level">1</attribute>
      <attribute name="injury">No</attribute>
    </box>
    <box frame="149" outside="0" occluded="0" keyframe="0" xtl="367.55" ytl="488.68" xbr="1194.15" ybr="850.97" z_order="0">
      <attribute name="notes">NA</attribute>
      <attribute name="sex">Female</attribute>
      <attribute name="view">Side</attribute>
      <attribute name="adipose clipped">No</attribute>
      <attribute name="confidence level">1</attribute>
      <attribute name="injury">No</attribute>
    </box>
    <box frame="150" outside="0" occluded="0" keyframe="0" xtl="353.53" ytl="488.85" xbr="1180.13" ybr="851.14" z_order="0">
      <attribute name="notes">NA</attribute>
      <attribute name="sex">Female</attribute>
      <attribute name="view">Side</attribute>
      <attribute name="adipose clipped">No</attribute>
      <attribute name="confidence level">1</attribute>
      <attribute name="injury">No</attribute>
    </box>
    <box frame="151" outside="0" occluded="0" keyframe="0" xtl="339.50" ytl="489.02" xbr="1166.10" ybr="851.30" z_order="0">
      <attribute name="notes">NA</attribute>
      <attribute name="sex">Female</attribute>
      <attribute name="view">Side</attribute>
      <attribute name="adipose clipped">No</attribute>
      <attribute name="confidence level">1</attribute>
      <attribute name="injury">No</attribute>
    </box>
    <box frame="152" outside="0" occluded="0" keyframe="0" xtl="325.48" ytl="489.18" xbr="1152.08" ybr="851.47" z_order="0">
      <attribute name="notes">NA</attribute>
      <attribute name="sex">Female</attribute>
      <attribute name="view">Side</attribute>
      <attribute name="adipose clipped">No</attribute>
      <attribute name="confidence level">1</attribute>
      <attribute name="injury">No</attribute>
    </box>
    <box frame="153" outside="0" occluded="0" keyframe="0" xtl="311.45" ytl="489.35" xbr="1138.05" ybr="851.64" z_order="0">
      <attribute name="notes">NA</attribute>
      <attribute name="sex">Female</attribute>
      <attribute name="view">Side</attribute>
      <attribute name="adipose clipped">No</attribute>
      <attribute name="confidence level">1</attribute>
      <attribute name="injury">No</attribute>
    </box>
    <box frame="154" outside="0" occluded="0" keyframe="0" xtl="297.43" ytl="489.52" xbr="1124.03" ybr="851.80" z_order="0">
      <attribute name="notes">NA</attribute>
      <attribute name="sex">Female</attribute>
      <attribute name="view">Side</attribute>
      <attribute name="adipose clipped">No</attribute>
      <attribute name="confidence level">1</attribute>
      <attribute name="injury">No</attribute>
    </box>
    <box frame="155" outside="0" occluded="0" keyframe="0" xtl="283.41" ytl="489.68" xbr="1110.01" ybr="851.97" z_order="0">
      <attribute name="notes">NA</attribute>
      <attribute name="sex">Female</attribute>
      <attribute name="view">Side</attribute>
      <attribute name="adipose clipped">No</attribute>
      <attribute name="confidence level">1</attribute>
      <attribute name="injury">No</attribute>
    </box>
    <box frame="156" outside="0" occluded="0" keyframe="0" xtl="269.38" ytl="489.85" xbr="1095.98" ybr="852.14" z_order="0">
      <attribute name="notes">NA</attribute>
      <attribute name="sex">Female</attribute>
      <attribute name="view">Side</attribute>
      <attribute name="adipose clipped">No</attribute>
      <attribute name="confidence level">1</attribute>
      <attribute name="injury">No</attribute>
    </box>
    <box frame="157" outside="0" occluded="0" keyframe="1" xtl="255.36" ytl="490.02" xbr="1081.96" ybr="852.31" z_order="0">
      <attribute name="notes">NA</attribute>
      <attribute name="sex">Female</attribute>
      <attribute name="view">Side</attribute>
      <attribute name="adipose clipped">No</attribute>
      <attribute name="confidence level">1</attribute>
      <attribute name="injury">No</attribute>
    </box>
    <box frame="158" outside="0" occluded="0" keyframe="0" xtl="247.18" ytl="490.02" xbr="1073.78" ybr="852.31" z_order="0">
      <attribute name="notes">NA</attribute>
      <attribute name="sex">Female</attribute>
      <attribute name="view">Side</attribute>
      <attribute name="adipose clipped">No</attribute>
      <attribute name="confidence level">1</attribute>
      <attribute name="injury">No</attribute>
    </box>
    <box frame="159" outside="0" occluded="0" keyframe="0" xtl="239.00" ytl="490.02" xbr="1065.59" ybr="852.31" z_order="0">
      <attribute name="notes">NA</attribute>
      <attribute name="sex">Female</attribute>
      <attribute name="view">Side</attribute>
      <attribute name="adipose clipped">No</attribute>
      <attribute name="confidence level">1</attribute>
      <attribute name="injury">No</attribute>
    </box>
    <box frame="160" outside="0" occluded="0" keyframe="0" xtl="230.81" ytl="490.02" xbr="1057.41" ybr="852.31" z_order="0">
      <attribute name="notes">NA</attribute>
      <attribute name="sex">Female</attribute>
      <attribute name="view">Side</attribute>
      <attribute name="adipose clipped">No</attribute>
      <attribute name="confidence level">1</attribute>
      <attribute name="injury">No</attribute>
    </box>
    <box frame="161" outside="0" occluded="0" keyframe="0" xtl="222.63" ytl="490.02" xbr="1049.23" ybr="852.31" z_order="0">
      <attribute name="notes">NA</attribute>
      <attribute name="sex">Female</attribute>
      <attribute name="view">Side</attribute>
      <attribute name="adipose clipped">No</attribute>
      <attribute name="confidence level">1</attribute>
      <attribute name="injury">No</attribute>
    </box>
    <box frame="162" outside="0" occluded="0" keyframe="0" xtl="214.45" ytl="490.02" xbr="1041.05" ybr="852.31" z_order="0">
      <attribute name="notes">NA</attribute>
      <attribute name="sex">Female</attribute>
      <attribute name="view">Side</attribute>
      <attribute name="adipose clipped">No</attribute>
      <attribute name="confidence level">1</attribute>
      <attribute name="injury">No</attribute>
    </box>
    <box frame="163" outside="0" occluded="0" keyframe="0" xtl="206.27" ytl="490.02" xbr="1032.87" ybr="852.31" z_order="0">
      <attribute name="notes">NA</attribute>
      <attribute name="sex">Female</attribute>
      <attribute name="view">Side</attribute>
      <attribute name="adipose clipped">No</attribute>
      <attribute name="confidence level">1</attribute>
      <attribute name="injury">No</attribute>
    </box>
    <box frame="164" outside="0" occluded="0" keyframe="0" xtl="198.09" ytl="490.02" xbr="1024.69" ybr="852.31" z_order="0">
      <attribute name="notes">NA</attribute>
      <attribute name="sex">Female</attribute>
      <attribute name="view">Side</attribute>
      <attribute name="adipose clipped">No</attribute>
      <attribute name="confidence level">1</attribute>
      <attribute name="injury">No</attribute>
    </box>
    <box frame="165" outside="0" occluded="0" keyframe="0" xtl="189.91" ytl="490.02" xbr="1016.51" ybr="852.31" z_order="0">
      <attribute name="notes">NA</attribute>
      <attribute name="sex">Female</attribute>
      <attribute name="view">Side</attribute>
      <attribute name="adipose clipped">No</attribute>
      <attribute name="confidence level">1</attribute>
      <attribute name="injury">No</attribute>
    </box>
    <box frame="166" outside="0" occluded="0" keyframe="0" xtl="181.73" ytl="490.02" xbr="1008.33" ybr="852.31" z_order="0">
      <attribute name="notes">NA</attribute>
      <attribute name="sex">Female</attribute>
      <attribute name="view">Side</attribute>
      <attribute name="adipose clipped">No</attribute>
      <attribute name="confidence level">1</attribute>
      <attribute name="injury">No</attribute>
    </box>
    <box frame="167" outside="0" occluded="0" keyframe="1" xtl="173.55" ytl="490.02" xbr="1000.15" ybr="852.31" z_order="0">
      <attribute name="notes">NA</attribute>
      <attribute name="sex">Female</attribute>
      <attribute name="view">Side</attribute>
      <attribute name="adipose clipped">No</attribute>
      <attribute name="confidence level">1</attribute>
      <attribute name="injury">No</attribute>
    </box>
    <box frame="168" outside="0" occluded="0" keyframe="0" xtl="156.85" ytl="491.52" xbr="983.45" ybr="853.81" z_order="0">
      <attribute name="notes">NA</attribute>
      <attribute name="sex">Female</attribute>
      <attribute name="view">Side</attribute>
      <attribute name="adipose clipped">No</attribute>
      <attribute name="confidence level">1</attribute>
      <attribute name="injury">No</attribute>
    </box>
    <box frame="169" outside="0" occluded="0" keyframe="0" xtl="140.16" ytl="493.02" xbr="966.76" ybr="855.31" z_order="0">
      <attribute name="notes">NA</attribute>
      <attribute name="sex">Female</attribute>
      <attribute name="view">Side</attribute>
      <attribute name="adipose clipped">No</attribute>
      <attribute name="confidence level">1</attribute>
      <attribute name="injury">No</attribute>
    </box>
    <box frame="170" outside="0" occluded="0" keyframe="0" xtl="123.46" ytl="494.53" xbr="950.06" ybr="856.81" z_order="0">
      <attribute name="notes">NA</attribute>
      <attribute name="sex">Female</attribute>
      <attribute name="view">Side</attribute>
      <attribute name="adipose clipped">No</attribute>
      <attribute name="confidence level">1</attribute>
      <attribute name="injury">No</attribute>
    </box>
    <box frame="171" outside="0" occluded="0" keyframe="0" xtl="106.77" ytl="496.03" xbr="933.36" ybr="858.32" z_order="0">
      <attribute name="notes">NA</attribute>
      <attribute name="sex">Female</attribute>
      <attribute name="view">Side</attribute>
      <attribute name="adipose clipped">No</attribute>
      <attribute name="confidence level">1</attribute>
      <attribute name="injury">No</attribute>
    </box>
    <box frame="172" outside="0" occluded="0" keyframe="0" xtl="90.07" ytl="497.53" xbr="916.67" ybr="859.82" z_order="0">
      <attribute name="notes">NA</attribute>
      <attribute name="sex">Female</attribute>
      <attribute name="view">Side</attribute>
      <attribute name="adipose clipped">No</attribute>
      <attribute name="confidence level">1</attribute>
      <attribute name="injury">No</attribute>
    </box>
    <box frame="173" outside="0" occluded="0" keyframe="0" xtl="73.37" ytl="499.03" xbr="899.97" ybr="861.32" z_order="0">
      <attribute name="notes">NA</attribute>
      <attribute name="sex">Female</attribute>
      <attribute name="view">Side</attribute>
      <attribute name="adipose clipped">No</attribute>
      <attribute name="confidence level">1</attribute>
      <attribute name="injury">No</attribute>
    </box>
    <box frame="174" outside="0" occluded="0" keyframe="0" xtl="56.68" ytl="500.54" xbr="883.28" ybr="862.83" z_order="0">
      <attribute name="notes">NA</attribute>
      <attribute name="sex">Female</attribute>
      <attribute name="view">Side</attribute>
      <attribute name="adipose clipped">No</attribute>
      <attribute name="confidence level">1</attribute>
      <attribute name="injury">No</attribute>
    </box>
    <box frame="175" outside="0" occluded="0" keyframe="0" xtl="39.98" ytl="502.04" xbr="866.58" ybr="864.33" z_order="0">
      <attribute name="notes">NA</attribute>
      <attribute name="sex">Female</attribute>
      <attribute name="view">Side</attribute>
      <attribute name="adipose clipped">No</attribute>
      <attribute name="confidence level">1</attribute>
      <attribute name="injury">No</attribute>
    </box>
    <box frame="176" outside="0" occluded="0" keyframe="0" xtl="23.29" ytl="503.54" xbr="849.89" ybr="865.83" z_order="0">
      <attribute name="notes">NA</attribute>
      <attribute name="sex">Female</attribute>
      <attribute name="view">Side</attribute>
      <attribute name="adipose clipped">No</attribute>
      <attribute name="confidence level">1</attribute>
      <attribute name="injury">No</attribute>
    </box>
    <box frame="177" outside="0" occluded="0" keyframe="1" xtl="6.59" ytl="505.04" xbr="833.19" ybr="867.33" z_order="0">
      <attribute name="notes">NA</attribute>
      <attribute name="sex">Female</attribute>
      <attribute name="view">Side</attribute>
      <attribute name="adipose clipped">No</attribute>
      <attribute name="confidence level">1</attribute>
      <attribute name="injury">No</attribute>
    </box>
    <box frame="178" outside="0" occluded="0" keyframe="0" xtl="5.93" ytl="506.05" xbr="820.00" ybr="868.33" z_order="0">
      <attribute name="notes">NA</attribute>
      <attribute name="sex">Female</attribute>
      <attribute name="view">Side</attribute>
      <attribute name="adipose clipped">No</attribute>
      <attribute name="confidence level">1</attribute>
      <attribute name="injury">No</attribute>
    </box>
    <box frame="179" outside="0" occluded="0" keyframe="0" xtl="5.27" ytl="507.05" xbr="806.81" ybr="869.34" z_order="0">
      <attribute name="notes">NA</attribute>
      <attribute name="sex">Female</attribute>
      <attribute name="view">Side</attribute>
      <attribute name="adipose clipped">No</attribute>
      <attribute name="confidence level">1</attribute>
      <attribute name="injury">No</attribute>
    </box>
    <box frame="180" outside="0" occluded="0" keyframe="0" xtl="4.61" ytl="508.05" xbr="793.62" ybr="870.34" z_order="0">
      <attribute name="notes">NA</attribute>
      <attribute name="sex">Female</attribute>
      <attribute name="view">Side</attribute>
      <attribute name="adipose clipped">No</attribute>
      <attribute name="confidence level">1</attribute>
      <attribute name="injury">No</attribute>
    </box>
    <box frame="181" outside="0" occluded="0" keyframe="0" xtl="3.96" ytl="509.05" xbr="780.43" ybr="871.34" z_order="0">
      <attribute name="notes">NA</attribute>
      <attribute name="sex">Female</attribute>
      <attribute name="view">Side</attribute>
      <attribute name="adipose clipped">No</attribute>
      <attribute name="confidence level">1</attribute>
      <attribute name="injury">No</attribute>
    </box>
    <box frame="182" outside="0" occluded="0" keyframe="0" xtl="3.30" ytl="510.05" xbr="767.24" ybr="872.34" z_order="0">
      <attribute name="notes">NA</attribute>
      <attribute name="sex">Female</attribute>
      <attribute name="view">Side</attribute>
      <attribute name="adipose clipped">No</attribute>
      <attribute name="confidence level">1</attribute>
      <attribute name="injury">No</attribute>
    </box>
    <box frame="183" outside="0" occluded="0" keyframe="0" xtl="2.64" ytl="511.05" xbr="754.05" ybr="873.34" z_order="0">
      <attribute name="notes">NA</attribute>
      <attribute name="sex">Female</attribute>
      <attribute name="view">Side</attribute>
      <attribute name="adipose clipped">No</attribute>
      <attribute name="confidence level">1</attribute>
      <attribute name="injury">No</attribute>
    </box>
    <box frame="184" outside="0" occluded="0" keyframe="0" xtl="1.98" ytl="512.06" xbr="740.86" ybr="874.34" z_order="0">
      <attribute name="notes">NA</attribute>
      <attribute name="sex">Female</attribute>
      <attribute name="view">Side</attribute>
      <attribute name="adipose clipped">No</attribute>
      <attribute name="confidence level">1</attribute>
      <attribute name="injury">No</attribute>
    </box>
    <box frame="185" outside="0" occluded="0" keyframe="0" xtl="1.32" ytl="513.06" xbr="727.67" ybr="875.35" z_order="0">
      <attribute name="notes">NA</attribute>
      <attribute name="sex">Female</attribute>
      <attribute name="view">Side</attribute>
      <attribute name="adipose clipped">No</attribute>
      <attribute name="confidence level">1</attribute>
      <attribute name="injury">No</attribute>
    </box>
    <box frame="186" outside="0" occluded="0" keyframe="0" xtl="0.66" ytl="514.06" xbr="714.48" ybr="876.35" z_order="0">
      <attribute name="notes">NA</attribute>
      <attribute name="sex">Female</attribute>
      <attribute name="view">Side</attribute>
      <attribute name="adipose clipped">No</attribute>
      <attribute name="confidence level">1</attribute>
      <attribute name="injury">No</attribute>
    </box>
    <box frame="187" outside="0" occluded="0" keyframe="1" xtl="0.00" ytl="515.06" xbr="701.29" ybr="877.35" z_order="0">
      <attribute name="notes">NA</attribute>
      <attribute name="sex">Female</attribute>
      <attribute name="view">Side</attribute>
      <attribute name="adipose clipped">No</attribute>
      <attribute name="confidence level">1</attribute>
      <attribute name="injury">No</attribute>
    </box>
    <box frame="188" outside="0" occluded="0" keyframe="0" xtl="0.00" ytl="516.40" xbr="689.61" ybr="878.68" z_order="0">
      <attribute name="notes">NA</attribute>
      <attribute name="sex">Female</attribute>
      <attribute name="view">Side</attribute>
      <attribute name="adipose clipped">No</attribute>
      <attribute name="confidence level">1</attribute>
      <attribute name="injury">No</attribute>
    </box>
    <box frame="189" outside="0" occluded="0" keyframe="0" xtl="0.00" ytl="517.73" xbr="677.92" ybr="880.02" z_order="0">
      <attribute name="notes">NA</attribute>
      <attribute name="sex">Female</attribute>
      <attribute name="view">Side</attribute>
      <attribute name="adipose clipped">No</attribute>
      <attribute name="confidence level">1</attribute>
      <attribute name="injury">No</attribute>
    </box>
    <box frame="190" outside="0" occluded="0" keyframe="0" xtl="0.00" ytl="519.07" xbr="666.23" ybr="881.36" z_order="0">
      <attribute name="notes">NA</attribute>
      <attribute name="sex">Female</attribute>
      <attribute name="view">Side</attribute>
      <attribute name="adipose clipped">No</attribute>
      <attribute name="confidence level">1</attribute>
      <attribute name="injury">No</attribute>
    </box>
    <box frame="191" outside="0" occluded="0" keyframe="0" xtl="0.00" ytl="520.40" xbr="654.55" ybr="882.69" z_order="0">
      <attribute name="notes">NA</attribute>
      <attribute name="sex">Female</attribute>
      <attribute name="view">Side</attribute>
      <attribute name="adipose clipped">No</attribute>
      <attribute name="confidence level">1</attribute>
      <attribute name="injury">No</attribute>
    </box>
    <box frame="192" outside="0" occluded="0" keyframe="0" xtl="0.00" ytl="521.74" xbr="642.86" ybr="884.03" z_order="0">
      <attribute name="notes">NA</attribute>
      <attribute name="sex">Female</attribute>
      <attribute name="view">Side</attribute>
      <attribute name="adipose clipped">No</attribute>
      <attribute name="confidence level">1</attribute>
      <attribute name="injury">No</attribute>
    </box>
    <box frame="193" outside="0" occluded="0" keyframe="0" xtl="0.00" ytl="523.07" xbr="631.17" ybr="885.36" z_order="0">
      <attribute name="notes">NA</attribute>
      <attribute name="sex">Female</attribute>
      <attribute name="view">Side</attribute>
      <attribute name="adipose clipped">No</attribute>
      <attribute name="confidence level">1</attribute>
      <attribute name="injury">No</attribute>
    </box>
    <box frame="194" outside="0" occluded="0" keyframe="0" xtl="0.00" ytl="524.41" xbr="619.49" ybr="886.70" z_order="0">
      <attribute name="notes">NA</attribute>
      <attribute name="sex">Female</attribute>
      <attribute name="view">Side</attribute>
      <attribute name="adipose clipped">No</attribute>
      <attribute name="confidence level">1</attribute>
      <attribute name="injury">No</attribute>
    </box>
    <box frame="195" outside="0" occluded="0" keyframe="0" xtl="0.00" ytl="525.74" xbr="607.80" ybr="888.03" z_order="0">
      <attribute name="notes">NA</attribute>
      <attribute name="sex">Female</attribute>
      <attribute name="view">Side</attribute>
      <attribute name="adipose clipped">No</attribute>
      <attribute name="confidence level">1</attribute>
      <attribute name="injury">No</attribute>
    </box>
    <box frame="196" outside="0" occluded="0" keyframe="0" xtl="0.00" ytl="527.08" xbr="596.11" ybr="889.37" z_order="0">
      <attribute name="notes">NA</attribute>
      <attribute name="sex">Female</attribute>
      <attribute name="view">Side</attribute>
      <attribute name="adipose clipped">No</attribute>
      <attribute name="confidence level">1</attribute>
      <attribute name="injury">No</attribute>
    </box>
    <box frame="197" outside="0" occluded="0" keyframe="1" xtl="0.00" ytl="528.42" xbr="584.42" ybr="890.70" z_order="0">
      <attribute name="notes">NA</attribute>
      <attribute name="sex">Female</attribute>
      <attribute name="view">Side</attribute>
      <attribute name="adipose clipped">No</attribute>
      <attribute name="confidence level">1</attribute>
      <attribute name="injury">No</attribute>
    </box>
    <box frame="198" outside="0" occluded="0" keyframe="0" xtl="0.00" ytl="526.91" xbr="567.39" ybr="889.20" z_order="0">
      <attribute name="notes">NA</attribute>
      <attribute name="sex">Female</attribute>
      <attribute name="view">Side</attribute>
      <attribute name="adipose clipped">No</attribute>
      <attribute name="confidence level">1</attribute>
      <attribute name="injury">No</attribute>
    </box>
    <box frame="199" outside="0" occluded="0" keyframe="0" xtl="0.00" ytl="525.41" xbr="550.37" ybr="887.70" z_order="0">
      <attribute name="notes">NA</attribute>
      <attribute name="sex">Female</attribute>
      <attribute name="view">Side</attribute>
      <attribute name="adipose clipped">No</attribute>
      <attribute name="confidence level">1</attribute>
      <attribute name="injury">No</attribute>
    </box>
    <box frame="200" outside="0" occluded="0" keyframe="0" xtl="0.00" ytl="523.91" xbr="533.34" ybr="886.20" z_order="0">
      <attribute name="notes">NA</attribute>
      <attribute name="sex">Female</attribute>
      <attribute name="view">Side</attribute>
      <attribute name="adipose clipped">No</attribute>
      <attribute name="confidence level">1</attribute>
      <attribute name="injury">No</attribute>
    </box>
    <box frame="201" outside="0" occluded="0" keyframe="0" xtl="0.00" ytl="522.41" xbr="516.31" ybr="884.69" z_order="0">
      <attribute name="notes">NA</attribute>
      <attribute name="sex">Female</attribute>
      <attribute name="view">Side</attribute>
      <attribute name="adipose clipped">No</attribute>
      <attribute name="confidence level">1</attribute>
      <attribute name="injury">No</attribute>
    </box>
    <box frame="202" outside="0" occluded="0" keyframe="0" xtl="0.00" ytl="520.90" xbr="499.28" ybr="883.19" z_order="0">
      <attribute name="notes">NA</attribute>
      <attribute name="sex">Female</attribute>
      <attribute name="view">Side</attribute>
      <attribute name="adipose clipped">No</attribute>
      <attribute name="confidence level">1</attribute>
      <attribute name="injury">No</attribute>
    </box>
    <box frame="203" outside="0" occluded="0" keyframe="0" xtl="0.00" ytl="519.40" xbr="482.25" ybr="881.69" z_order="0">
      <attribute name="notes">NA</attribute>
      <attribute name="sex">Female</attribute>
      <attribute name="view">Side</attribute>
      <attribute name="adipose clipped">No</attribute>
      <attribute name="confidence level">1</attribute>
      <attribute name="injury">No</attribute>
    </box>
    <box frame="204" outside="0" occluded="0" keyframe="0" xtl="0.00" ytl="517.90" xbr="465.22" ybr="880.19" z_order="0">
      <attribute name="notes">NA</attribute>
      <attribute name="sex">Female</attribute>
      <attribute name="view">Side</attribute>
      <attribute name="adipose clipped">No</attribute>
      <attribute name="confidence level">1</attribute>
      <attribute name="injury">No</attribute>
    </box>
    <box frame="205" outside="0" occluded="0" keyframe="0" xtl="0.00" ytl="516.40" xbr="448.19" ybr="878.69" z_order="0">
      <attribute name="notes">NA</attribute>
      <attribute name="sex">Female</attribute>
      <attribute name="view">Side</attribute>
      <attribute name="adipose clipped">No</attribute>
      <attribute name="confidence level">1</attribute>
      <attribute name="injury">No</attribute>
    </box>
    <box frame="206" outside="0" occluded="0" keyframe="0" xtl="0.00" ytl="514.89" xbr="431.16" ybr="877.18" z_order="0">
      <attribute name="notes">NA</attribute>
      <attribute name="sex">Female</attribute>
      <attribute name="view">Side</attribute>
      <attribute name="adipose clipped">No</attribute>
      <attribute name="confidence level">1</attribute>
      <attribute name="injury">No</attribute>
    </box>
    <box frame="207" outside="0" occluded="0" keyframe="1" xtl="0.00" ytl="513.39" xbr="414.13" ybr="875.68" z_order="0">
      <attribute name="notes">NA</attribute>
      <attribute name="sex">Female</attribute>
      <attribute name="view">Side</attribute>
      <attribute name="adipose clipped">No</attribute>
      <attribute name="confidence level">1</attribute>
      <attribute name="injury">No</attribute>
    </box>
    <box frame="208" outside="0" occluded="0" keyframe="0" xtl="0.00" ytl="513.56" xbr="400.28" ybr="870.00" z_order="0">
      <attribute name="notes">NA</attribute>
      <attribute name="sex">Female</attribute>
      <attribute name="view">Side</attribute>
      <attribute name="adipose clipped">No</attribute>
      <attribute name="confidence level">1</attribute>
      <attribute name="injury">No</attribute>
    </box>
    <box frame="209" outside="0" occluded="0" keyframe="0" xtl="0.00" ytl="513.73" xbr="386.42" ybr="864.33" z_order="0">
      <attribute name="notes">NA</attribute>
      <attribute name="sex">Female</attribute>
      <attribute name="view">Side</attribute>
      <attribute name="adipose clipped">No</attribute>
      <attribute name="confidence level">1</attribute>
      <attribute name="injury">No</attribute>
    </box>
    <box frame="210" outside="0" occluded="0" keyframe="0" xtl="0.00" ytl="513.90" xbr="372.57" ybr="858.65" z_order="0">
      <attribute name="notes">NA</attribute>
      <attribute name="sex">Female</attribute>
      <attribute name="view">Side</attribute>
      <attribute name="adipose clipped">No</attribute>
      <attribute name="confidence level">1</attribute>
      <attribute name="injury">No</attribute>
    </box>
    <box frame="211" outside="0" occluded="0" keyframe="0" xtl="0.00" ytl="514.08" xbr="358.72" ybr="852.98" z_order="0">
      <attribute name="notes">NA</attribute>
      <attribute name="sex">Female</attribute>
      <attribute name="view">Side</attribute>
      <attribute name="adipose clipped">No</attribute>
      <attribute name="confidence level">1</attribute>
      <attribute name="injury">No</attribute>
    </box>
    <box frame="212" outside="0" occluded="0" keyframe="0" xtl="0.00" ytl="514.25" xbr="344.86" ybr="847.30" z_order="0">
      <attribute name="notes">NA</attribute>
      <attribute name="sex">Female</attribute>
      <attribute name="view">Side</attribute>
      <attribute name="adipose clipped">No</attribute>
      <attribute name="confidence level">1</attribute>
      <attribute name="injury">No</attribute>
    </box>
    <box frame="213" outside="0" occluded="0" keyframe="0" xtl="0.00" ytl="514.42" xbr="331.01" ybr="841.62" z_order="0">
      <attribute name="notes">NA</attribute>
      <attribute name="sex">Female</attribute>
      <attribute name="view">Side</attribute>
      <attribute name="adipose clipped">No</attribute>
      <attribute name="confidence level">1</attribute>
      <attribute name="injury">No</attribute>
    </box>
    <box frame="214" outside="0" occluded="0" keyframe="0" xtl="0.00" ytl="514.59" xbr="317.16" ybr="835.95" z_order="0">
      <attribute name="notes">NA</attribute>
      <attribute name="sex">Female</attribute>
      <attribute name="view">Side</attribute>
      <attribute name="adipose clipped">No</attribute>
      <attribute name="confidence level">1</attribute>
      <attribute name="injury">No</attribute>
    </box>
    <box frame="215" outside="0" occluded="0" keyframe="0" xtl="0.00" ytl="514.76" xbr="303.31" ybr="830.27" z_order="0">
      <attribute name="notes">NA</attribute>
      <attribute name="sex">Female</attribute>
      <attribute name="view">Side</attribute>
      <attribute name="adipose clipped">No</attribute>
      <attribute name="confidence level">1</attribute>
      <attribute name="injury">No</attribute>
    </box>
    <box frame="216" outside="0" occluded="0" keyframe="0" xtl="0.00" ytl="514.93" xbr="289.45" ybr="824.59" z_order="0">
      <attribute name="notes">NA</attribute>
      <attribute name="sex">Female</attribute>
      <attribute name="view">Side</attribute>
      <attribute name="adipose clipped">No</attribute>
      <attribute name="confidence level">1</attribute>
      <attribute name="injury">No</attribute>
    </box>
    <box frame="217" outside="0" occluded="0" keyframe="1" xtl="0.00" ytl="515.10" xbr="275.60" ybr="818.92" z_order="0">
      <attribute name="notes">NA</attribute>
      <attribute name="sex">Female</attribute>
      <attribute name="view">Side</attribute>
      <attribute name="adipose clipped">No</attribute>
      <attribute name="confidence level">1</attribute>
      <attribute name="injury">No</attribute>
    </box>
    <box frame="218" outside="0" occluded="0" keyframe="0" xtl="0.00" ytl="511.93" xbr="260.24" ybr="815.75" z_order="0">
      <attribute name="notes">NA</attribute>
      <attribute name="sex">Female</attribute>
      <attribute name="view">Side</attribute>
      <attribute name="adipose clipped">No</attribute>
      <attribute name="confidence level">1</attribute>
      <attribute name="injury">No</attribute>
    </box>
    <box frame="219" outside="0" occluded="0" keyframe="0" xtl="0.00" ytl="508.76" xbr="244.88" ybr="812.57" z_order="0">
      <attribute name="notes">NA</attribute>
      <attribute name="sex">Female</attribute>
      <attribute name="view">Side</attribute>
      <attribute name="adipose clipped">No</attribute>
      <attribute name="confidence level">1</attribute>
      <attribute name="injury">No</attribute>
    </box>
    <box frame="220" outside="0" occluded="0" keyframe="0" xtl="0.00" ytl="505.58" xbr="229.52" ybr="809.40" z_order="0">
      <attribute name="notes">NA</attribute>
      <attribute name="sex">Female</attribute>
      <attribute name="view">Side</attribute>
      <attribute name="adipose clipped">No</attribute>
      <attribute name="confidence level">1</attribute>
      <attribute name="injury">No</attribute>
    </box>
    <box frame="221" outside="0" occluded="0" keyframe="0" xtl="0.00" ytl="502.41" xbr="214.16" ybr="806.23" z_order="0">
      <attribute name="notes">NA</attribute>
      <attribute name="sex">Female</attribute>
      <attribute name="view">Side</attribute>
      <attribute name="adipose clipped">No</attribute>
      <attribute name="confidence level">1</attribute>
      <attribute name="injury">No</attribute>
    </box>
    <box frame="222" outside="0" occluded="0" keyframe="0" xtl="0.00" ytl="499.24" xbr="198.80" ybr="803.06" z_order="0">
      <attribute name="notes">NA</attribute>
      <attribute name="sex">Female</attribute>
      <attribute name="view">Side</attribute>
      <attribute name="adipose clipped">No</attribute>
      <attribute name="confidence level">1</attribute>
      <attribute name="injury">No</attribute>
    </box>
    <box frame="223" outside="0" occluded="0" keyframe="0" xtl="0.00" ytl="496.07" xbr="183.44" ybr="799.88" z_order="0">
      <attribute name="notes">NA</attribute>
      <attribute name="sex">Female</attribute>
      <attribute name="view">Side</attribute>
      <attribute name="adipose clipped">No</attribute>
      <attribute name="confidence level">1</attribute>
      <attribute name="injury">No</attribute>
    </box>
    <box frame="224" outside="0" occluded="0" keyframe="0" xtl="0.00" ytl="492.90" xbr="168.08" ybr="796.71" z_order="0">
      <attribute name="notes">NA</attribute>
      <attribute name="sex">Female</attribute>
      <attribute name="view">Side</attribute>
      <attribute name="adipose clipped">No</attribute>
      <attribute name="confidence level">1</attribute>
      <attribute name="injury">No</attribute>
    </box>
    <box frame="225" outside="0" occluded="0" keyframe="0" xtl="0.00" ytl="489.72" xbr="152.72" ybr="793.54" z_order="0">
      <attribute name="notes">NA</attribute>
      <attribute name="sex">Female</attribute>
      <attribute name="view">Side</attribute>
      <attribute name="adipose clipped">No</attribute>
      <attribute name="confidence level">1</attribute>
      <attribute name="injury">No</attribute>
    </box>
    <box frame="226" outside="0" occluded="0" keyframe="0" xtl="0.00" ytl="486.55" xbr="137.36" ybr="790.37" z_order="0">
      <attribute name="notes">NA</attribute>
      <attribute name="sex">Female</attribute>
      <attribute name="view">Side</attribute>
      <attribute name="adipose clipped">No</attribute>
      <attribute name="confidence level">1</attribute>
      <attribute name="injury">No</attribute>
    </box>
    <box frame="227" outside="0" occluded="1" keyframe="1" xtl="0.00" ytl="483.38" xbr="122.00" ybr="787.20" z_order="0">
      <attribute name="notes">NA</attribute>
      <attribute name="sex">Female</attribute>
      <attribute name="view">Side</attribute>
      <attribute name="adipose clipped">No</attribute>
      <attribute name="confidence level">1</attribute>
      <attribute name="injury">No</attribute>
    </box>
    <box frame="228" outside="0" occluded="1" keyframe="0" xtl="0.00" ytl="483.94" xbr="91.39" ybr="787.75" z_order="0">
      <attribute name="notes">NA</attribute>
      <attribute name="sex">Female</attribute>
      <attribute name="view">Side</attribute>
      <attribute name="adipose clipped">No</attribute>
      <attribute name="confidence level">1</attribute>
      <attribute name="injury">No</attribute>
    </box>
    <box frame="229" outside="0" occluded="1" keyframe="0" xtl="0.00" ytl="484.49" xbr="60.78" ybr="788.31" z_order="0">
      <attribute name="notes">NA</attribute>
      <attribute name="sex">Female</attribute>
      <attribute name="view">Side</attribute>
      <attribute name="adipose clipped">No</attribute>
      <attribute name="confidence level">1</attribute>
      <attribute name="injury">No</attribute>
    </box>
    <box frame="230" outside="0" occluded="1" keyframe="1" xtl="0.00" ytl="485.05" xbr="30.17" ybr="788.87" z_order="0">
      <attribute name="notes">NA</attribute>
      <attribute name="sex">Female</attribute>
      <attribute name="view">Side</attribute>
      <attribute name="adipose clipped">No</attribute>
      <attribute name="confidence level">1</attribute>
      <attribute name="injury">No</attribute>
    </box>
    <box frame="231" outside="1" occluded="1" keyframe="1" xtl="0.00" ytl="485.05" xbr="30.17" ybr="788.87" z_order="0">
      <attribute name="notes">NA</attribute>
      <attribute name="sex">Female</attribute>
      <attribute name="view">Side</attribute>
      <attribute name="adipose clipped">No</attribute>
      <attribute name="confidence level">1</attribute>
      <attribute name="injury">No</attribute>
    </box>
  </track>
</annotations>
