<?xml version="1.0" encoding="utf-8"?>
<annotations>
  <version>1.1</version>
  <meta>
    <task>
      <id>179</id>
      <name>10-24-2019 13-32-18 M Right Bank Underwater</name>
      <size>420</size>
      <mode>interpolation</mode>
      <overlap>5</overlap>
      <bugtracker></bugtracker>
      <created>2021-02-09 06:52:06.361768+00:00</created>
      <updated>2021-02-24 22:44:33.763700+00:00</updated>
      <start_frame>0</start_frame>
      <stop_frame>419</stop_frame>
      <frame_filter></frame_filter>
      <labels>
        <label>
          <name>Coho</name>
          <color>#66c893</color>
          <attributes>
            <attribute>
              <name>Adipose Clipped</name>
              <mutable>False</mutable>
              <input_type>select</input_type>
              <default_value>No</default_value>
              <values>No
Yes
NA</values>
            </attribute>
            <attribute>
              <name>Confidence Level</name>
              <mutable>False</mutable>
              <input_type>select</input_type>
              <default_value>3</default_value>
              <values>3
2
1</values>
            </attribute>
            <attribute>
              <name>Injury</name>
              <mutable>False</mutable>
              <input_type>select</input_type>
              <default_value>No</default_value>
              <values>No
Yes
NA</values>
            </attribute>
            <attribute>
              <name>Notes</name>
              <mutable>False</mutable>
              <input_type>text</input_type>
              <default_value>NA</default_value>
              <values>NA</values>
            </attribute>
            <attribute>
              <name>Sex</name>
              <mutable>False</mutable>
              <input_type>select</input_type>
              <default_value>Male</default_value>
              <values>Male
Female
Jack</values>
            </attribute>
          </attributes>
        </label>
        <label>
          <name>Pink</name>
          <color>#fa7dbb</color>
          <attributes>
            <attribute>
              <name>Adipose Clipped</name>
              <mutable>False</mutable>
              <input_type>select</input_type>
              <default_value>No</default_value>
              <values>No
Yes
NA</values>
            </attribute>
            <attribute>
              <name>Confidence Level</name>
              <mutable>False</mutable>
              <input_type>select</input_type>
              <default_value>3</default_value>
              <values>3
2
1</values>
            </attribute>
            <attribute>
              <name>Injury</name>
              <mutable>False</mutable>
              <input_type>select</input_type>
              <default_value>No</default_value>
              <values>No
Yes
NA</values>
            </attribute>
            <attribute>
              <name>Notes</name>
              <mutable>False</mutable>
              <input_type>text</input_type>
              <default_value>NA</default_value>
              <values>NA</values>
            </attribute>
            <attribute>
              <name>Sex</name>
              <mutable>False</mutable>
              <input_type>select</input_type>
              <default_value>Male</default_value>
              <values>Male
Female</values>
            </attribute>
          </attributes>
        </label>
        <label>
          <name>Bull</name>
          <color>#ff6037</color>
          <attributes>
            <attribute>
              <name>Adipose Clipped</name>
              <mutable>False</mutable>
              <input_type>select</input_type>
              <default_value>No</default_value>
              <values>No
NA</values>
            </attribute>
            <attribute>
              <name>Confidence Level</name>
              <mutable>False</mutable>
              <input_type>select</input_type>
              <default_value>3</default_value>
              <values>3
2
1</values>
            </attribute>
            <attribute>
              <name>Injury</name>
              <mutable>False</mutable>
              <input_type>select</input_type>
              <default_value>No</default_value>
              <values>No
Yes
NA</values>
            </attribute>
            <attribute>
              <name>Notes</name>
              <mutable>False</mutable>
              <input_type>text</input_type>
              <default_value>NA</default_value>
              <values>NA</values>
            </attribute>
            <attribute>
              <name>Sex</name>
              <mutable>False</mutable>
              <input_type>select</input_type>
              <default_value>NA</default_value>
              <values>NA</values>
            </attribute>
          </attributes>
        </label>
        <label>
          <name>Chum</name>
          <color>#b83df5</color>
          <attributes>
            <attribute>
              <name>Sex</name>
              <mutable>False</mutable>
              <input_type>select</input_type>
              <default_value>Male</default_value>
              <values>Male
Female</values>
            </attribute>
            <attribute>
              <name>Adipose Clipped</name>
              <mutable>False</mutable>
              <input_type>select</input_type>
              <default_value>No</default_value>
              <values>No
Yes
NA</values>
            </attribute>
            <attribute>
              <name>Injury</name>
              <mutable>False</mutable>
              <input_type>select</input_type>
              <default_value>No</default_value>
              <values>No
Yes
NA</values>
            </attribute>
            <attribute>
              <name>Confidence Level</name>
              <mutable>False</mutable>
              <input_type>select</input_type>
              <default_value>3</default_value>
              <values>3
2
1</values>
            </attribute>
            <attribute>
              <name>Notes</name>
              <mutable>False</mutable>
              <input_type>text</input_type>
              <default_value>NA</default_value>
              <values>NA</values>
            </attribute>
          </attributes>
        </label>
        <label>
          <name>Whitefish</name>
          <color>#e2f1ee</color>
          <attributes>
            <attribute>
              <name>Sex</name>
              <mutable>False</mutable>
              <input_type>select</input_type>
              <default_value>NA</default_value>
              <values>NA</values>
            </attribute>
            <attribute>
              <name>Adipose Clipped</name>
              <mutable>False</mutable>
              <input_type>select</input_type>
              <default_value>No</default_value>
              <values>No
Yes
NA</values>
            </attribute>
            <attribute>
              <name>Injury</name>
              <mutable>False</mutable>
              <input_type>select</input_type>
              <default_value>No</default_value>
              <values>No
Yes
NA</values>
            </attribute>
            <attribute>
              <name>Confidence Level</name>
              <mutable>False</mutable>
              <input_type>select</input_type>
              <default_value>3</default_value>
              <values>3
2
1</values>
            </attribute>
            <attribute>
              <name>Notes</name>
              <mutable>False</mutable>
              <input_type>text</input_type>
              <default_value>NA</default_value>
              <values>NA</values>
            </attribute>
          </attributes>
        </label>
        <label>
          <name>Sockeye</name>
          <color>#fa3253</color>
          <attributes>
            <attribute>
              <name>Sex</name>
              <mutable>False</mutable>
              <input_type>select</input_type>
              <default_value>Male</default_value>
              <values>Male
Female</values>
            </attribute>
            <attribute>
              <name>Adipose Clipped</name>
              <mutable>False</mutable>
              <input_type>select</input_type>
              <default_value>No</default_value>
              <values>No
Yes
NA</values>
            </attribute>
            <attribute>
              <name>Injury</name>
              <mutable>False</mutable>
              <input_type>select</input_type>
              <default_value>No</default_value>
              <values>No
Yes
NA</values>
            </attribute>
            <attribute>
              <name>Confidence Level</name>
              <mutable>False</mutable>
              <input_type>select</input_type>
              <default_value>3</default_value>
              <values>3
2
1</values>
            </attribute>
            <attribute>
              <name>Notes</name>
              <mutable>False</mutable>
              <input_type>text</input_type>
              <default_value>NA</default_value>
              <values>NA</values>
            </attribute>
          </attributes>
        </label>
        <label>
          <name>Steelhead</name>
          <color>#66ff66</color>
          <attributes>
            <attribute>
              <name>Sex</name>
              <mutable>False</mutable>
              <input_type>select</input_type>
              <default_value>Male</default_value>
              <values>Male
Female</values>
            </attribute>
            <attribute>
              <name>Adipose Clipped</name>
              <mutable>False</mutable>
              <input_type>select</input_type>
              <default_value>No</default_value>
              <values>No
Yes
NA</values>
            </attribute>
            <attribute>
              <name>Injury</name>
              <mutable>False</mutable>
              <input_type>select</input_type>
              <default_value>No</default_value>
              <values>No
Yes
NA</values>
            </attribute>
            <attribute>
              <name>Confidence Level</name>
              <mutable>False</mutable>
              <input_type>select</input_type>
              <default_value>3</default_value>
              <values>3
2
1</values>
            </attribute>
            <attribute>
              <name>Notes</name>
              <mutable>False</mutable>
              <input_type>text</input_type>
              <default_value>NA</default_value>
              <values>NA</values>
            </attribute>
          </attributes>
        </label>
        <label>
          <name>Rainbow</name>
          <color>#ff00cc</color>
          <attributes>
            <attribute>
              <name>Sex</name>
              <mutable>False</mutable>
              <input_type>select</input_type>
              <default_value>NA</default_value>
              <values>NA</values>
            </attribute>
            <attribute>
              <name>Adipose Clipped</name>
              <mutable>False</mutable>
              <input_type>select</input_type>
              <default_value>No</default_value>
              <values>No
Yes
NA</values>
            </attribute>
            <attribute>
              <name>Injury</name>
              <mutable>False</mutable>
              <input_type>select</input_type>
              <default_value>No</default_value>
              <values>No
Yes
NA</values>
            </attribute>
            <attribute>
              <name>Confidence Level</name>
              <mutable>False</mutable>
              <input_type>select</input_type>
              <default_value>3</default_value>
              <values>3
2
1</values>
            </attribute>
            <attribute>
              <name>Notes</name>
              <mutable>False</mutable>
              <input_type>text</input_type>
              <default_value>NA</default_value>
              <values>NA</values>
            </attribute>
          </attributes>
        </label>
        <label>
          <name>Chinook</name>
          <color>#cc3366</color>
          <attributes>
            <attribute>
              <name>Sex</name>
              <mutable>False</mutable>
              <input_type>select</input_type>
              <default_value>Male</default_value>
              <values>Male
Female
NA</values>
            </attribute>
            <attribute>
              <name>Adipose Clipped</name>
              <mutable>False</mutable>
              <input_type>select</input_type>
              <default_value>No</default_value>
              <values>No
Yes
NA</values>
            </attribute>
            <attribute>
              <name>Injury</name>
              <mutable>False</mutable>
              <input_type>select</input_type>
              <default_value>No</default_value>
              <values>No
Yes
NA</values>
            </attribute>
            <attribute>
              <name>Confidence Level</name>
              <mutable>False</mutable>
              <input_type>select</input_type>
              <default_value>3</default_value>
              <values>3
2
1</values>
            </attribute>
            <attribute>
              <name>Notes</name>
              <mutable>False</mutable>
              <input_type>text</input_type>
              <default_value>NA</default_value>
              <values>NA</values>
            </attribute>
          </attributes>
        </label>
      </labels>
      <segments>
        <segment>
          <id>176</id>
          <start>0</start>
          <stop>419</stop>
          <url>httplocalhost:8080/?id=176</url>
        </segment>
      </segments>
      <owner>
        <username>bna19</username>
        <email>bna19@sfu.ca</email>
      </owner>
      <assignee></assignee>
      <original_size>
        <width>1920</width>
        <height>1080</height>
      </original_size>
    </task>
    <dumped>2021-02-24 22:44:45.955972+00:00</dumped>
    <source>10-24-2019 13-32-18 M Right Bank Underwater.m4v</source>
  </meta>
  <track id="0" label="Coho" source="manual">
    <box frame="53" outside="0" occluded="0" keyframe="1" xtl="0.00" ytl="360.67" xbr="295.91" ybr="658.33" z_order="0">
      <attribute name="Sex">Male</attribute>
      <attribute name="Adipose Clipped">NA</attribute>
      <attribute name="Injury">NA</attribute>
      <attribute name="Confidence Level">3</attribute>
      <attribute name="Notes">NA</attribute>
    </box>
    <box frame="54" outside="0" occluded="0" keyframe="0" xtl="0.00" ytl="360.67" xbr="334.90" ybr="674.69" z_order="0">
      <attribute name="Sex">Male</attribute>
      <attribute name="Adipose Clipped">NA</attribute>
      <attribute name="Injury">NA</attribute>
      <attribute name="Confidence Level">3</attribute>
      <attribute name="Notes">NA</attribute>
    </box>
    <box frame="55" outside="0" occluded="0" keyframe="0" xtl="0.00" ytl="360.67" xbr="373.89" ybr="691.06" z_order="0">
      <attribute name="Sex">Male</attribute>
      <attribute name="Adipose Clipped">NA</attribute>
      <attribute name="Injury">NA</attribute>
      <attribute name="Confidence Level">3</attribute>
      <attribute name="Notes">NA</attribute>
    </box>
    <box frame="56" outside="0" occluded="0" keyframe="0" xtl="0.00" ytl="360.67" xbr="412.88" ybr="707.43" z_order="0">
      <attribute name="Sex">Male</attribute>
      <attribute name="Adipose Clipped">NA</attribute>
      <attribute name="Injury">NA</attribute>
      <attribute name="Confidence Level">3</attribute>
      <attribute name="Notes">NA</attribute>
    </box>
    <box frame="57" outside="0" occluded="0" keyframe="0" xtl="0.00" ytl="360.67" xbr="451.87" ybr="723.80" z_order="0">
      <attribute name="Sex">Male</attribute>
      <attribute name="Adipose Clipped">NA</attribute>
      <attribute name="Injury">NA</attribute>
      <attribute name="Confidence Level">3</attribute>
      <attribute name="Notes">NA</attribute>
    </box>
    <box frame="58" outside="0" occluded="0" keyframe="0" xtl="0.00" ytl="360.67" xbr="490.86" ybr="740.16" z_order="0">
      <attribute name="Sex">Male</attribute>
      <attribute name="Adipose Clipped">NA</attribute>
      <attribute name="Injury">NA</attribute>
      <attribute name="Confidence Level">3</attribute>
      <attribute name="Notes">NA</attribute>
    </box>
    <box frame="59" outside="0" occluded="0" keyframe="0" xtl="0.00" ytl="360.67" xbr="529.84" ybr="756.53" z_order="0">
      <attribute name="Sex">Male</attribute>
      <attribute name="Adipose Clipped">NA</attribute>
      <attribute name="Injury">NA</attribute>
      <attribute name="Confidence Level">3</attribute>
      <attribute name="Notes">NA</attribute>
    </box>
    <box frame="60" outside="0" occluded="0" keyframe="0" xtl="0.00" ytl="360.67" xbr="568.83" ybr="772.90" z_order="0">
      <attribute name="Sex">Male</attribute>
      <attribute name="Adipose Clipped">NA</attribute>
      <attribute name="Injury">NA</attribute>
      <attribute name="Confidence Level">3</attribute>
      <attribute name="Notes">NA</attribute>
    </box>
    <box frame="61" outside="0" occluded="0" keyframe="0" xtl="0.00" ytl="360.67" xbr="607.82" ybr="789.27" z_order="0">
      <attribute name="Sex">Male</attribute>
      <attribute name="Adipose Clipped">NA</attribute>
      <attribute name="Injury">NA</attribute>
      <attribute name="Confidence Level">3</attribute>
      <attribute name="Notes">NA</attribute>
    </box>
    <box frame="62" outside="0" occluded="0" keyframe="0" xtl="0.00" ytl="360.67" xbr="646.81" ybr="805.63" z_order="0">
      <attribute name="Sex">Male</attribute>
      <attribute name="Adipose Clipped">NA</attribute>
      <attribute name="Injury">NA</attribute>
      <attribute name="Confidence Level">3</attribute>
      <attribute name="Notes">NA</attribute>
    </box>
    <box frame="63" outside="0" occluded="0" keyframe="1" xtl="0.00" ytl="360.67" xbr="685.80" ybr="822.00" z_order="0">
      <attribute name="Sex">Male</attribute>
      <attribute name="Adipose Clipped">NA</attribute>
      <attribute name="Injury">NA</attribute>
      <attribute name="Confidence Level">3</attribute>
      <attribute name="Notes">NA</attribute>
    </box>
    <box frame="64" outside="0" occluded="0" keyframe="0" xtl="0.00" ytl="360.67" xbr="705.30" ybr="822.00" z_order="0">
      <attribute name="Sex">Male</attribute>
      <attribute name="Adipose Clipped">NA</attribute>
      <attribute name="Injury">NA</attribute>
      <attribute name="Confidence Level">3</attribute>
      <attribute name="Notes">NA</attribute>
    </box>
    <box frame="65" outside="0" occluded="0" keyframe="0" xtl="0.00" ytl="360.67" xbr="724.80" ybr="822.00" z_order="0">
      <attribute name="Sex">Male</attribute>
      <attribute name="Adipose Clipped">NA</attribute>
      <attribute name="Injury">NA</attribute>
      <attribute name="Confidence Level">3</attribute>
      <attribute name="Notes">NA</attribute>
    </box>
    <box frame="66" outside="0" occluded="0" keyframe="0" xtl="0.00" ytl="360.67" xbr="744.30" ybr="822.00" z_order="0">
      <attribute name="Sex">Male</attribute>
      <attribute name="Adipose Clipped">NA</attribute>
      <attribute name="Injury">NA</attribute>
      <attribute name="Confidence Level">3</attribute>
      <attribute name="Notes">NA</attribute>
    </box>
    <box frame="67" outside="0" occluded="0" keyframe="0" xtl="0.00" ytl="360.67" xbr="763.80" ybr="822.00" z_order="0">
      <attribute name="Sex">Male</attribute>
      <attribute name="Adipose Clipped">NA</attribute>
      <attribute name="Injury">NA</attribute>
      <attribute name="Confidence Level">3</attribute>
      <attribute name="Notes">NA</attribute>
    </box>
    <box frame="68" outside="0" occluded="0" keyframe="0" xtl="0.00" ytl="360.67" xbr="783.30" ybr="822.00" z_order="0">
      <attribute name="Sex">Male</attribute>
      <attribute name="Adipose Clipped">NA</attribute>
      <attribute name="Injury">NA</attribute>
      <attribute name="Confidence Level">3</attribute>
      <attribute name="Notes">NA</attribute>
    </box>
    <box frame="69" outside="0" occluded="0" keyframe="0" xtl="0.00" ytl="360.67" xbr="802.80" ybr="822.00" z_order="0">
      <attribute name="Sex">Male</attribute>
      <attribute name="Adipose Clipped">NA</attribute>
      <attribute name="Injury">NA</attribute>
      <attribute name="Confidence Level">3</attribute>
      <attribute name="Notes">NA</attribute>
    </box>
    <box frame="70" outside="0" occluded="0" keyframe="0" xtl="0.00" ytl="360.67" xbr="822.30" ybr="822.00" z_order="0">
      <attribute name="Sex">Male</attribute>
      <attribute name="Adipose Clipped">NA</attribute>
      <attribute name="Injury">NA</attribute>
      <attribute name="Confidence Level">3</attribute>
      <attribute name="Notes">NA</attribute>
    </box>
    <box frame="71" outside="0" occluded="0" keyframe="0" xtl="0.00" ytl="360.67" xbr="841.80" ybr="822.00" z_order="0">
      <attribute name="Sex">Male</attribute>
      <attribute name="Adipose Clipped">NA</attribute>
      <attribute name="Injury">NA</attribute>
      <attribute name="Confidence Level">3</attribute>
      <attribute name="Notes">NA</attribute>
    </box>
    <box frame="72" outside="0" occluded="0" keyframe="0" xtl="0.00" ytl="360.67" xbr="861.30" ybr="822.00" z_order="0">
      <attribute name="Sex">Male</attribute>
      <attribute name="Adipose Clipped">NA</attribute>
      <attribute name="Injury">NA</attribute>
      <attribute name="Confidence Level">3</attribute>
      <attribute name="Notes">NA</attribute>
    </box>
    <box frame="73" outside="0" occluded="0" keyframe="1" xtl="0.00" ytl="360.67" xbr="880.80" ybr="822.00" z_order="0">
      <attribute name="Sex">Male</attribute>
      <attribute name="Adipose Clipped">NA</attribute>
      <attribute name="Injury">NA</attribute>
      <attribute name="Confidence Level">3</attribute>
      <attribute name="Notes">NA</attribute>
    </box>
    <box frame="74" outside="0" occluded="0" keyframe="0" xtl="0.00" ytl="349.35" xbr="873.14" ybr="810.69" z_order="0">
      <attribute name="Sex">Male</attribute>
      <attribute name="Adipose Clipped">NA</attribute>
      <attribute name="Injury">NA</attribute>
      <attribute name="Confidence Level">3</attribute>
      <attribute name="Notes">NA</attribute>
    </box>
    <box frame="75" outside="0" occluded="0" keyframe="0" xtl="0.00" ytl="338.04" xbr="865.48" ybr="799.37" z_order="0">
      <attribute name="Sex">Male</attribute>
      <attribute name="Adipose Clipped">NA</attribute>
      <attribute name="Injury">NA</attribute>
      <attribute name="Confidence Level">3</attribute>
      <attribute name="Notes">NA</attribute>
    </box>
    <box frame="76" outside="0" occluded="0" keyframe="0" xtl="0.00" ytl="326.72" xbr="857.82" ybr="788.06" z_order="0">
      <attribute name="Sex">Male</attribute>
      <attribute name="Adipose Clipped">NA</attribute>
      <attribute name="Injury">NA</attribute>
      <attribute name="Confidence Level">3</attribute>
      <attribute name="Notes">NA</attribute>
    </box>
    <box frame="77" outside="0" occluded="0" keyframe="0" xtl="0.00" ytl="315.41" xbr="850.16" ybr="776.74" z_order="0">
      <attribute name="Sex">Male</attribute>
      <attribute name="Adipose Clipped">NA</attribute>
      <attribute name="Injury">NA</attribute>
      <attribute name="Confidence Level">3</attribute>
      <attribute name="Notes">NA</attribute>
    </box>
    <box frame="78" outside="0" occluded="0" keyframe="0" xtl="0.00" ytl="304.09" xbr="842.50" ybr="765.43" z_order="0">
      <attribute name="Sex">Male</attribute>
      <attribute name="Adipose Clipped">NA</attribute>
      <attribute name="Injury">NA</attribute>
      <attribute name="Confidence Level">3</attribute>
      <attribute name="Notes">NA</attribute>
    </box>
    <box frame="79" outside="0" occluded="0" keyframe="0" xtl="0.00" ytl="292.78" xbr="834.85" ybr="754.11" z_order="0">
      <attribute name="Sex">Male</attribute>
      <attribute name="Adipose Clipped">NA</attribute>
      <attribute name="Injury">NA</attribute>
      <attribute name="Confidence Level">3</attribute>
      <attribute name="Notes">NA</attribute>
    </box>
    <box frame="80" outside="0" occluded="0" keyframe="0" xtl="0.00" ytl="281.46" xbr="827.19" ybr="742.80" z_order="0">
      <attribute name="Sex">Male</attribute>
      <attribute name="Adipose Clipped">NA</attribute>
      <attribute name="Injury">NA</attribute>
      <attribute name="Confidence Level">3</attribute>
      <attribute name="Notes">NA</attribute>
    </box>
    <box frame="81" outside="0" occluded="0" keyframe="0" xtl="0.00" ytl="270.15" xbr="819.53" ybr="731.48" z_order="0">
      <attribute name="Sex">Male</attribute>
      <attribute name="Adipose Clipped">NA</attribute>
      <attribute name="Injury">NA</attribute>
      <attribute name="Confidence Level">3</attribute>
      <attribute name="Notes">NA</attribute>
    </box>
    <box frame="82" outside="0" occluded="0" keyframe="0" xtl="0.00" ytl="258.83" xbr="811.87" ybr="720.17" z_order="0">
      <attribute name="Sex">Male</attribute>
      <attribute name="Adipose Clipped">NA</attribute>
      <attribute name="Injury">NA</attribute>
      <attribute name="Confidence Level">3</attribute>
      <attribute name="Notes">NA</attribute>
    </box>
    <box frame="83" outside="0" occluded="0" keyframe="1" xtl="0.00" ytl="247.52" xbr="804.21" ybr="708.85" z_order="0">
      <attribute name="Sex">Male</attribute>
      <attribute name="Adipose Clipped">NA</attribute>
      <attribute name="Injury">NA</attribute>
      <attribute name="Confidence Level">3</attribute>
      <attribute name="Notes">NA</attribute>
    </box>
    <box frame="84" outside="0" occluded="0" keyframe="0" xtl="0.00" ytl="251.35" xbr="788.37" ybr="712.68" z_order="0">
      <attribute name="Sex">Male</attribute>
      <attribute name="Adipose Clipped">NA</attribute>
      <attribute name="Injury">NA</attribute>
      <attribute name="Confidence Level">3</attribute>
      <attribute name="Notes">NA</attribute>
    </box>
    <box frame="85" outside="0" occluded="0" keyframe="0" xtl="0.00" ytl="255.18" xbr="772.53" ybr="716.51" z_order="0">
      <attribute name="Sex">Male</attribute>
      <attribute name="Adipose Clipped">NA</attribute>
      <attribute name="Injury">NA</attribute>
      <attribute name="Confidence Level">3</attribute>
      <attribute name="Notes">NA</attribute>
    </box>
    <box frame="86" outside="0" occluded="0" keyframe="0" xtl="0.00" ytl="259.01" xbr="756.69" ybr="720.34" z_order="0">
      <attribute name="Sex">Male</attribute>
      <attribute name="Adipose Clipped">NA</attribute>
      <attribute name="Injury">NA</attribute>
      <attribute name="Confidence Level">3</attribute>
      <attribute name="Notes">NA</attribute>
    </box>
    <box frame="87" outside="0" occluded="0" keyframe="0" xtl="0.00" ytl="262.84" xbr="740.85" ybr="724.17" z_order="0">
      <attribute name="Sex">Male</attribute>
      <attribute name="Adipose Clipped">NA</attribute>
      <attribute name="Injury">NA</attribute>
      <attribute name="Confidence Level">3</attribute>
      <attribute name="Notes">NA</attribute>
    </box>
    <box frame="88" outside="0" occluded="0" keyframe="0" xtl="0.00" ytl="266.67" xbr="725.01" ybr="728.00" z_order="0">
      <attribute name="Sex">Male</attribute>
      <attribute name="Adipose Clipped">NA</attribute>
      <attribute name="Injury">NA</attribute>
      <attribute name="Confidence Level">3</attribute>
      <attribute name="Notes">NA</attribute>
    </box>
    <box frame="89" outside="0" occluded="0" keyframe="0" xtl="0.00" ytl="270.50" xbr="709.17" ybr="731.83" z_order="0">
      <attribute name="Sex">Male</attribute>
      <attribute name="Adipose Clipped">NA</attribute>
      <attribute name="Injury">NA</attribute>
      <attribute name="Confidence Level">3</attribute>
      <attribute name="Notes">NA</attribute>
    </box>
    <box frame="90" outside="0" occluded="0" keyframe="0" xtl="0.00" ytl="274.33" xbr="693.33" ybr="735.66" z_order="0">
      <attribute name="Sex">Male</attribute>
      <attribute name="Adipose Clipped">NA</attribute>
      <attribute name="Injury">NA</attribute>
      <attribute name="Confidence Level">3</attribute>
      <attribute name="Notes">NA</attribute>
    </box>
    <box frame="91" outside="0" occluded="0" keyframe="0" xtl="0.00" ytl="278.16" xbr="677.49" ybr="739.49" z_order="0">
      <attribute name="Sex">Male</attribute>
      <attribute name="Adipose Clipped">NA</attribute>
      <attribute name="Injury">NA</attribute>
      <attribute name="Confidence Level">3</attribute>
      <attribute name="Notes">NA</attribute>
    </box>
    <box frame="92" outside="0" occluded="0" keyframe="0" xtl="0.00" ytl="281.98" xbr="661.65" ybr="743.32" z_order="0">
      <attribute name="Sex">Male</attribute>
      <attribute name="Adipose Clipped">NA</attribute>
      <attribute name="Injury">NA</attribute>
      <attribute name="Confidence Level">3</attribute>
      <attribute name="Notes">NA</attribute>
    </box>
    <box frame="93" outside="0" occluded="0" keyframe="1" xtl="0.00" ytl="285.81" xbr="645.80" ybr="747.15" z_order="0">
      <attribute name="Sex">Male</attribute>
      <attribute name="Adipose Clipped">NA</attribute>
      <attribute name="Injury">NA</attribute>
      <attribute name="Confidence Level">3</attribute>
      <attribute name="Notes">NA</attribute>
    </box>
    <box frame="94" outside="0" occluded="0" keyframe="0" xtl="0.00" ytl="291.73" xbr="648.42" ybr="753.07" z_order="0">
      <attribute name="Sex">Male</attribute>
      <attribute name="Adipose Clipped">NA</attribute>
      <attribute name="Injury">NA</attribute>
      <attribute name="Confidence Level">3</attribute>
      <attribute name="Notes">NA</attribute>
    </box>
    <box frame="95" outside="0" occluded="0" keyframe="0" xtl="0.00" ytl="297.65" xbr="651.03" ybr="758.99" z_order="0">
      <attribute name="Sex">Male</attribute>
      <attribute name="Adipose Clipped">NA</attribute>
      <attribute name="Injury">NA</attribute>
      <attribute name="Confidence Level">3</attribute>
      <attribute name="Notes">NA</attribute>
    </box>
    <box frame="96" outside="0" occluded="0" keyframe="0" xtl="0.00" ytl="303.57" xbr="653.64" ybr="764.90" z_order="0">
      <attribute name="Sex">Male</attribute>
      <attribute name="Adipose Clipped">NA</attribute>
      <attribute name="Injury">NA</attribute>
      <attribute name="Confidence Level">3</attribute>
      <attribute name="Notes">NA</attribute>
    </box>
    <box frame="97" outside="0" occluded="0" keyframe="0" xtl="0.00" ytl="309.49" xbr="656.25" ybr="770.82" z_order="0">
      <attribute name="Sex">Male</attribute>
      <attribute name="Adipose Clipped">NA</attribute>
      <attribute name="Injury">NA</attribute>
      <attribute name="Confidence Level">3</attribute>
      <attribute name="Notes">NA</attribute>
    </box>
    <box frame="98" outside="0" occluded="0" keyframe="0" xtl="0.00" ytl="315.41" xbr="658.86" ybr="776.74" z_order="0">
      <attribute name="Sex">Male</attribute>
      <attribute name="Adipose Clipped">NA</attribute>
      <attribute name="Injury">NA</attribute>
      <attribute name="Confidence Level">3</attribute>
      <attribute name="Notes">NA</attribute>
    </box>
    <box frame="99" outside="0" occluded="0" keyframe="0" xtl="0.00" ytl="321.33" xbr="661.47" ybr="782.66" z_order="0">
      <attribute name="Sex">Male</attribute>
      <attribute name="Adipose Clipped">NA</attribute>
      <attribute name="Injury">NA</attribute>
      <attribute name="Confidence Level">3</attribute>
      <attribute name="Notes">NA</attribute>
    </box>
    <box frame="100" outside="0" occluded="0" keyframe="0" xtl="0.00" ytl="327.24" xbr="664.08" ybr="788.58" z_order="0">
      <attribute name="Sex">Male</attribute>
      <attribute name="Adipose Clipped">NA</attribute>
      <attribute name="Injury">NA</attribute>
      <attribute name="Confidence Level">3</attribute>
      <attribute name="Notes">NA</attribute>
    </box>
    <box frame="101" outside="0" occluded="0" keyframe="0" xtl="0.00" ytl="333.16" xbr="666.69" ybr="794.50" z_order="0">
      <attribute name="Sex">Male</attribute>
      <attribute name="Adipose Clipped">NA</attribute>
      <attribute name="Injury">NA</attribute>
      <attribute name="Confidence Level">3</attribute>
      <attribute name="Notes">NA</attribute>
    </box>
    <box frame="102" outside="0" occluded="0" keyframe="0" xtl="0.00" ytl="339.08" xbr="669.30" ybr="800.42" z_order="0">
      <attribute name="Sex">Male</attribute>
      <attribute name="Adipose Clipped">NA</attribute>
      <attribute name="Injury">NA</attribute>
      <attribute name="Confidence Level">3</attribute>
      <attribute name="Notes">NA</attribute>
    </box>
    <box frame="103" outside="0" occluded="0" keyframe="1" xtl="0.00" ytl="345.00" xbr="671.92" ybr="806.33" z_order="0">
      <attribute name="Sex">Male</attribute>
      <attribute name="Adipose Clipped">NA</attribute>
      <attribute name="Injury">NA</attribute>
      <attribute name="Confidence Level">3</attribute>
      <attribute name="Notes">NA</attribute>
    </box>
    <box frame="104" outside="0" occluded="0" keyframe="0" xtl="0.00" ytl="345.00" xbr="683.48" ybr="816.79" z_order="0">
      <attribute name="Sex">Male</attribute>
      <attribute name="Adipose Clipped">NA</attribute>
      <attribute name="Injury">NA</attribute>
      <attribute name="Confidence Level">3</attribute>
      <attribute name="Notes">NA</attribute>
    </box>
    <box frame="105" outside="0" occluded="0" keyframe="0" xtl="0.00" ytl="345.00" xbr="695.04" ybr="827.24" z_order="0">
      <attribute name="Sex">Male</attribute>
      <attribute name="Adipose Clipped">NA</attribute>
      <attribute name="Injury">NA</attribute>
      <attribute name="Confidence Level">3</attribute>
      <attribute name="Notes">NA</attribute>
    </box>
    <box frame="106" outside="0" occluded="0" keyframe="1" xtl="0.00" ytl="345.00" xbr="706.60" ybr="837.70" z_order="0">
      <attribute name="Sex">Male</attribute>
      <attribute name="Adipose Clipped">NA</attribute>
      <attribute name="Injury">NA</attribute>
      <attribute name="Confidence Level">3</attribute>
      <attribute name="Notes">NA</attribute>
    </box>
    <box frame="107" outside="0" occluded="0" keyframe="0" xtl="0.00" ytl="345.00" xbr="699.75" ybr="835.85" z_order="0">
      <attribute name="Sex">Male</attribute>
      <attribute name="Adipose Clipped">NA</attribute>
      <attribute name="Injury">NA</attribute>
      <attribute name="Confidence Level">3</attribute>
      <attribute name="Notes">NA</attribute>
    </box>
    <box frame="108" outside="0" occluded="0" keyframe="0" xtl="0.00" ytl="345.00" xbr="692.89" ybr="834.01" z_order="0">
      <attribute name="Sex">Male</attribute>
      <attribute name="Adipose Clipped">NA</attribute>
      <attribute name="Injury">NA</attribute>
      <attribute name="Confidence Level">3</attribute>
      <attribute name="Notes">NA</attribute>
    </box>
    <box frame="109" outside="0" occluded="0" keyframe="0" xtl="0.00" ytl="345.00" xbr="686.04" ybr="832.16" z_order="0">
      <attribute name="Sex">Male</attribute>
      <attribute name="Adipose Clipped">NA</attribute>
      <attribute name="Injury">NA</attribute>
      <attribute name="Confidence Level">3</attribute>
      <attribute name="Notes">NA</attribute>
    </box>
    <box frame="110" outside="0" occluded="0" keyframe="0" xtl="0.00" ytl="345.00" xbr="679.19" ybr="830.32" z_order="0">
      <attribute name="Sex">Male</attribute>
      <attribute name="Adipose Clipped">NA</attribute>
      <attribute name="Injury">NA</attribute>
      <attribute name="Confidence Level">3</attribute>
      <attribute name="Notes">NA</attribute>
    </box>
    <box frame="111" outside="0" occluded="0" keyframe="0" xtl="0.00" ytl="345.00" xbr="672.34" ybr="828.47" z_order="0">
      <attribute name="Sex">Male</attribute>
      <attribute name="Adipose Clipped">NA</attribute>
      <attribute name="Injury">NA</attribute>
      <attribute name="Confidence Level">3</attribute>
      <attribute name="Notes">NA</attribute>
    </box>
    <box frame="112" outside="0" occluded="0" keyframe="0" xtl="0.00" ytl="345.00" xbr="665.48" ybr="826.63" z_order="0">
      <attribute name="Sex">Male</attribute>
      <attribute name="Adipose Clipped">NA</attribute>
      <attribute name="Injury">NA</attribute>
      <attribute name="Confidence Level">3</attribute>
      <attribute name="Notes">NA</attribute>
    </box>
    <box frame="113" outside="0" occluded="0" keyframe="0" xtl="0.00" ytl="345.00" xbr="658.63" ybr="824.78" z_order="0">
      <attribute name="Sex">Male</attribute>
      <attribute name="Adipose Clipped">NA</attribute>
      <attribute name="Injury">NA</attribute>
      <attribute name="Confidence Level">3</attribute>
      <attribute name="Notes">NA</attribute>
    </box>
    <box frame="114" outside="0" occluded="0" keyframe="0" xtl="0.00" ytl="345.00" xbr="651.78" ybr="822.94" z_order="0">
      <attribute name="Sex">Male</attribute>
      <attribute name="Adipose Clipped">NA</attribute>
      <attribute name="Injury">NA</attribute>
      <attribute name="Confidence Level">3</attribute>
      <attribute name="Notes">NA</attribute>
    </box>
    <box frame="115" outside="0" occluded="0" keyframe="0" xtl="0.00" ytl="345.00" xbr="644.92" ybr="821.09" z_order="0">
      <attribute name="Sex">Male</attribute>
      <attribute name="Adipose Clipped">NA</attribute>
      <attribute name="Injury">NA</attribute>
      <attribute name="Confidence Level">3</attribute>
      <attribute name="Notes">NA</attribute>
    </box>
    <box frame="116" outside="0" occluded="0" keyframe="0" xtl="0.00" ytl="345.00" xbr="638.07" ybr="819.25" z_order="0">
      <attribute name="Sex">Male</attribute>
      <attribute name="Adipose Clipped">NA</attribute>
      <attribute name="Injury">NA</attribute>
      <attribute name="Confidence Level">3</attribute>
      <attribute name="Notes">NA</attribute>
    </box>
    <box frame="117" outside="0" occluded="0" keyframe="0" xtl="0.00" ytl="345.00" xbr="631.22" ybr="817.40" z_order="0">
      <attribute name="Sex">Male</attribute>
      <attribute name="Adipose Clipped">NA</attribute>
      <attribute name="Injury">NA</attribute>
      <attribute name="Confidence Level">3</attribute>
      <attribute name="Notes">NA</attribute>
    </box>
    <box frame="118" outside="0" occluded="0" keyframe="0" xtl="0.00" ytl="345.00" xbr="624.37" ybr="815.56" z_order="0">
      <attribute name="Sex">Male</attribute>
      <attribute name="Adipose Clipped">NA</attribute>
      <attribute name="Injury">NA</attribute>
      <attribute name="Confidence Level">3</attribute>
      <attribute name="Notes">NA</attribute>
    </box>
    <box frame="119" outside="0" occluded="0" keyframe="0" xtl="0.00" ytl="345.00" xbr="617.51" ybr="813.71" z_order="0">
      <attribute name="Sex">Male</attribute>
      <attribute name="Adipose Clipped">NA</attribute>
      <attribute name="Injury">NA</attribute>
      <attribute name="Confidence Level">3</attribute>
      <attribute name="Notes">NA</attribute>
    </box>
    <box frame="120" outside="0" occluded="0" keyframe="0" xtl="0.00" ytl="345.00" xbr="610.66" ybr="811.87" z_order="0">
      <attribute name="Sex">Male</attribute>
      <attribute name="Adipose Clipped">NA</attribute>
      <attribute name="Injury">NA</attribute>
      <attribute name="Confidence Level">3</attribute>
      <attribute name="Notes">NA</attribute>
    </box>
    <box frame="121" outside="0" occluded="0" keyframe="0" xtl="0.00" ytl="345.00" xbr="603.81" ybr="810.02" z_order="0">
      <attribute name="Sex">Male</attribute>
      <attribute name="Adipose Clipped">NA</attribute>
      <attribute name="Injury">NA</attribute>
      <attribute name="Confidence Level">3</attribute>
      <attribute name="Notes">NA</attribute>
    </box>
    <box frame="122" outside="0" occluded="0" keyframe="0" xtl="0.00" ytl="345.00" xbr="596.95" ybr="808.18" z_order="0">
      <attribute name="Sex">Male</attribute>
      <attribute name="Adipose Clipped">NA</attribute>
      <attribute name="Injury">NA</attribute>
      <attribute name="Confidence Level">3</attribute>
      <attribute name="Notes">NA</attribute>
    </box>
    <box frame="123" outside="0" occluded="0" keyframe="1" xtl="0.00" ytl="345.00" xbr="590.10" ybr="806.33" z_order="0">
      <attribute name="Sex">Male</attribute>
      <attribute name="Adipose Clipped">NA</attribute>
      <attribute name="Injury">NA</attribute>
      <attribute name="Confidence Level">3</attribute>
      <attribute name="Notes">NA</attribute>
    </box>
    <box frame="124" outside="0" occluded="0" keyframe="0" xtl="0.00" ytl="346.39" xbr="589.23" ybr="807.73" z_order="0">
      <attribute name="Sex">Male</attribute>
      <attribute name="Adipose Clipped">NA</attribute>
      <attribute name="Injury">NA</attribute>
      <attribute name="Confidence Level">3</attribute>
      <attribute name="Notes">NA</attribute>
    </box>
    <box frame="125" outside="0" occluded="0" keyframe="0" xtl="0.00" ytl="347.78" xbr="588.36" ybr="809.12" z_order="0">
      <attribute name="Sex">Male</attribute>
      <attribute name="Adipose Clipped">NA</attribute>
      <attribute name="Injury">NA</attribute>
      <attribute name="Confidence Level">3</attribute>
      <attribute name="Notes">NA</attribute>
    </box>
    <box frame="126" outside="0" occluded="0" keyframe="0" xtl="0.00" ytl="349.18" xbr="587.49" ybr="810.51" z_order="0">
      <attribute name="Sex">Male</attribute>
      <attribute name="Adipose Clipped">NA</attribute>
      <attribute name="Injury">NA</attribute>
      <attribute name="Confidence Level">3</attribute>
      <attribute name="Notes">NA</attribute>
    </box>
    <box frame="127" outside="0" occluded="0" keyframe="0" xtl="0.00" ytl="350.57" xbr="586.62" ybr="811.90" z_order="0">
      <attribute name="Sex">Male</attribute>
      <attribute name="Adipose Clipped">NA</attribute>
      <attribute name="Injury">NA</attribute>
      <attribute name="Confidence Level">3</attribute>
      <attribute name="Notes">NA</attribute>
    </box>
    <box frame="128" outside="0" occluded="0" keyframe="0" xtl="0.00" ytl="351.96" xbr="585.75" ybr="813.30" z_order="0">
      <attribute name="Sex">Male</attribute>
      <attribute name="Adipose Clipped">NA</attribute>
      <attribute name="Injury">NA</attribute>
      <attribute name="Confidence Level">3</attribute>
      <attribute name="Notes">NA</attribute>
    </box>
    <box frame="129" outside="0" occluded="0" keyframe="0" xtl="0.00" ytl="353.35" xbr="584.88" ybr="814.69" z_order="0">
      <attribute name="Sex">Male</attribute>
      <attribute name="Adipose Clipped">NA</attribute>
      <attribute name="Injury">NA</attribute>
      <attribute name="Confidence Level">3</attribute>
      <attribute name="Notes">NA</attribute>
    </box>
    <box frame="130" outside="0" occluded="0" keyframe="0" xtl="0.00" ytl="354.75" xbr="584.01" ybr="816.08" z_order="0">
      <attribute name="Sex">Male</attribute>
      <attribute name="Adipose Clipped">NA</attribute>
      <attribute name="Injury">NA</attribute>
      <attribute name="Confidence Level">3</attribute>
      <attribute name="Notes">NA</attribute>
    </box>
    <box frame="131" outside="0" occluded="0" keyframe="0" xtl="0.00" ytl="356.14" xbr="583.14" ybr="817.47" z_order="0">
      <attribute name="Sex">Male</attribute>
      <attribute name="Adipose Clipped">NA</attribute>
      <attribute name="Injury">NA</attribute>
      <attribute name="Confidence Level">3</attribute>
      <attribute name="Notes">NA</attribute>
    </box>
    <box frame="132" outside="0" occluded="0" keyframe="0" xtl="0.00" ytl="357.53" xbr="582.27" ybr="818.87" z_order="0">
      <attribute name="Sex">Male</attribute>
      <attribute name="Adipose Clipped">NA</attribute>
      <attribute name="Injury">NA</attribute>
      <attribute name="Confidence Level">3</attribute>
      <attribute name="Notes">NA</attribute>
    </box>
    <box frame="133" outside="0" occluded="0" keyframe="1" xtl="0.00" ytl="358.92" xbr="581.40" ybr="820.26" z_order="0">
      <attribute name="Sex">Male</attribute>
      <attribute name="Adipose Clipped">NA</attribute>
      <attribute name="Injury">NA</attribute>
      <attribute name="Confidence Level">3</attribute>
      <attribute name="Notes">NA</attribute>
    </box>
    <box frame="134" outside="0" occluded="0" keyframe="0" xtl="0.00" ytl="358.92" xbr="566.08" ybr="820.26" z_order="0">
      <attribute name="Sex">Male</attribute>
      <attribute name="Adipose Clipped">NA</attribute>
      <attribute name="Injury">NA</attribute>
      <attribute name="Confidence Level">3</attribute>
      <attribute name="Notes">NA</attribute>
    </box>
    <box frame="135" outside="0" occluded="0" keyframe="0" xtl="0.00" ytl="358.92" xbr="550.76" ybr="820.26" z_order="0">
      <attribute name="Sex">Male</attribute>
      <attribute name="Adipose Clipped">NA</attribute>
      <attribute name="Injury">NA</attribute>
      <attribute name="Confidence Level">3</attribute>
      <attribute name="Notes">NA</attribute>
    </box>
    <box frame="136" outside="0" occluded="0" keyframe="0" xtl="0.00" ytl="358.92" xbr="535.44" ybr="820.26" z_order="0">
      <attribute name="Sex">Male</attribute>
      <attribute name="Adipose Clipped">NA</attribute>
      <attribute name="Injury">NA</attribute>
      <attribute name="Confidence Level">3</attribute>
      <attribute name="Notes">NA</attribute>
    </box>
    <box frame="137" outside="0" occluded="0" keyframe="0" xtl="0.00" ytl="358.92" xbr="520.13" ybr="820.26" z_order="0">
      <attribute name="Sex">Male</attribute>
      <attribute name="Adipose Clipped">NA</attribute>
      <attribute name="Injury">NA</attribute>
      <attribute name="Confidence Level">3</attribute>
      <attribute name="Notes">NA</attribute>
    </box>
    <box frame="138" outside="0" occluded="0" keyframe="0" xtl="0.00" ytl="358.92" xbr="504.81" ybr="820.26" z_order="0">
      <attribute name="Sex">Male</attribute>
      <attribute name="Adipose Clipped">NA</attribute>
      <attribute name="Injury">NA</attribute>
      <attribute name="Confidence Level">3</attribute>
      <attribute name="Notes">NA</attribute>
    </box>
    <box frame="139" outside="0" occluded="0" keyframe="0" xtl="0.00" ytl="358.92" xbr="489.49" ybr="820.26" z_order="0">
      <attribute name="Sex">Male</attribute>
      <attribute name="Adipose Clipped">NA</attribute>
      <attribute name="Injury">NA</attribute>
      <attribute name="Confidence Level">3</attribute>
      <attribute name="Notes">NA</attribute>
    </box>
    <box frame="140" outside="0" occluded="0" keyframe="0" xtl="0.00" ytl="358.92" xbr="474.17" ybr="820.26" z_order="0">
      <attribute name="Sex">Male</attribute>
      <attribute name="Adipose Clipped">NA</attribute>
      <attribute name="Injury">NA</attribute>
      <attribute name="Confidence Level">3</attribute>
      <attribute name="Notes">NA</attribute>
    </box>
    <box frame="141" outside="0" occluded="0" keyframe="0" xtl="0.00" ytl="358.92" xbr="458.85" ybr="820.26" z_order="0">
      <attribute name="Sex">Male</attribute>
      <attribute name="Adipose Clipped">NA</attribute>
      <attribute name="Injury">NA</attribute>
      <attribute name="Confidence Level">3</attribute>
      <attribute name="Notes">NA</attribute>
    </box>
    <box frame="142" outside="0" occluded="0" keyframe="0" xtl="0.00" ytl="358.92" xbr="443.53" ybr="820.26" z_order="0">
      <attribute name="Sex">Male</attribute>
      <attribute name="Adipose Clipped">NA</attribute>
      <attribute name="Injury">NA</attribute>
      <attribute name="Confidence Level">3</attribute>
      <attribute name="Notes">NA</attribute>
    </box>
    <box frame="143" outside="0" occluded="0" keyframe="1" xtl="0.00" ytl="358.92" xbr="428.22" ybr="820.26" z_order="0">
      <attribute name="Sex">Male</attribute>
      <attribute name="Adipose Clipped">NA</attribute>
      <attribute name="Injury">NA</attribute>
      <attribute name="Confidence Level">3</attribute>
      <attribute name="Notes">NA</attribute>
    </box>
    <box frame="144" outside="0" occluded="0" keyframe="0" xtl="0.00" ytl="358.92" xbr="396.88" ybr="806.68" z_order="0">
      <attribute name="Sex">Male</attribute>
      <attribute name="Adipose Clipped">NA</attribute>
      <attribute name="Injury">NA</attribute>
      <attribute name="Confidence Level">3</attribute>
      <attribute name="Notes">NA</attribute>
    </box>
    <box frame="145" outside="0" occluded="0" keyframe="0" xtl="0.00" ytl="358.92" xbr="365.55" ybr="793.11" z_order="0">
      <attribute name="Sex">Male</attribute>
      <attribute name="Adipose Clipped">NA</attribute>
      <attribute name="Injury">NA</attribute>
      <attribute name="Confidence Level">3</attribute>
      <attribute name="Notes">NA</attribute>
    </box>
    <box frame="146" outside="0" occluded="0" keyframe="0" xtl="0.00" ytl="358.92" xbr="334.22" ybr="779.53" z_order="0">
      <attribute name="Sex">Male</attribute>
      <attribute name="Adipose Clipped">NA</attribute>
      <attribute name="Injury">NA</attribute>
      <attribute name="Confidence Level">3</attribute>
      <attribute name="Notes">NA</attribute>
    </box>
    <box frame="147" outside="0" occluded="0" keyframe="0" xtl="0.00" ytl="358.92" xbr="302.89" ybr="765.96" z_order="0">
      <attribute name="Sex">Male</attribute>
      <attribute name="Adipose Clipped">NA</attribute>
      <attribute name="Injury">NA</attribute>
      <attribute name="Confidence Level">3</attribute>
      <attribute name="Notes">NA</attribute>
    </box>
    <box frame="148" outside="0" occluded="0" keyframe="0" xtl="0.00" ytl="358.92" xbr="271.56" ybr="752.38" z_order="0">
      <attribute name="Sex">Male</attribute>
      <attribute name="Adipose Clipped">NA</attribute>
      <attribute name="Injury">NA</attribute>
      <attribute name="Confidence Level">3</attribute>
      <attribute name="Notes">NA</attribute>
    </box>
    <box frame="149" outside="0" occluded="0" keyframe="0" xtl="0.00" ytl="358.92" xbr="240.23" ybr="738.80" z_order="0">
      <attribute name="Sex">Male</attribute>
      <attribute name="Adipose Clipped">NA</attribute>
      <attribute name="Injury">NA</attribute>
      <attribute name="Confidence Level">3</attribute>
      <attribute name="Notes">NA</attribute>
    </box>
    <box frame="150" outside="0" occluded="0" keyframe="0" xtl="0.00" ytl="358.92" xbr="208.89" ybr="725.23" z_order="0">
      <attribute name="Sex">Male</attribute>
      <attribute name="Adipose Clipped">NA</attribute>
      <attribute name="Injury">NA</attribute>
      <attribute name="Confidence Level">3</attribute>
      <attribute name="Notes">NA</attribute>
    </box>
    <box frame="151" outside="0" occluded="1" keyframe="1" xtl="0.00" ytl="358.92" xbr="177.56" ybr="711.65" z_order="0">
      <attribute name="Sex">Male</attribute>
      <attribute name="Adipose Clipped">NA</attribute>
      <attribute name="Injury">NA</attribute>
      <attribute name="Confidence Level">3</attribute>
      <attribute name="Notes">NA</attribute>
    </box>
    <box frame="152" outside="0" occluded="1" keyframe="0" xtl="0.00" ytl="358.92" xbr="146.23" ybr="698.08" z_order="0">
      <attribute name="Sex">Male</attribute>
      <attribute name="Adipose Clipped">NA</attribute>
      <attribute name="Injury">NA</attribute>
      <attribute name="Confidence Level">3</attribute>
      <attribute name="Notes">NA</attribute>
    </box>
    <box frame="153" outside="0" occluded="1" keyframe="1" xtl="0.00" ytl="358.92" xbr="114.90" ybr="684.50" z_order="0">
      <attribute name="Sex">Male</attribute>
      <attribute name="Adipose Clipped">NA</attribute>
      <attribute name="Injury">NA</attribute>
      <attribute name="Confidence Level">3</attribute>
      <attribute name="Notes">NA</attribute>
    </box>
    <box frame="154" outside="0" occluded="1" keyframe="0" xtl="0.00" ytl="358.92" xbr="114.90" ybr="684.50" z_order="0">
      <attribute name="Sex">Male</attribute>
      <attribute name="Adipose Clipped">NA</attribute>
      <attribute name="Injury">NA</attribute>
      <attribute name="Confidence Level">3</attribute>
      <attribute name="Notes">NA</attribute>
    </box>
    <box frame="155" outside="1" occluded="1" keyframe="1" xtl="0.00" ytl="358.92" xbr="114.90" ybr="684.50" z_order="0">
      <attribute name="Sex">Male</attribute>
      <attribute name="Adipose Clipped">NA</attribute>
      <attribute name="Injury">NA</attribute>
      <attribute name="Confidence Level">3</attribute>
      <attribute name="Notes">NA</attribute>
    </box>
    <box frame="156" outside="1" occluded="0" keyframe="1" xtl="0.00" ytl="358.92" xbr="114.90" ybr="684.50" z_order="0">
      <attribute name="Sex">Male</attribute>
      <attribute name="Adipose Clipped">NA</attribute>
      <attribute name="Injury">NA</attribute>
      <attribute name="Confidence Level">3</attribute>
      <attribute name="Notes">NA</attribute>
    </box>
  </track>
</annotations>