<?xml version="1.0" encoding="utf-8"?>
<annotations>
  <version>1.1</version>
  <meta>
    <task>
      <id>132</id>
      <name>10-22-2019 17-35-14 M Right Bank Underwater</name>
      <size>420</size>
      <mode>interpolation</mode>
      <overlap>5</overlap>
      <bugtracker></bugtracker>
      <created>2021-02-04 23:26:50.855267+00:00</created>
      <updated>2021-02-04 23:47:03.230488+00:00</updated>
      <start_frame>0</start_frame>
      <stop_frame>419</stop_frame>
      <frame_filter></frame_filter>
      <labels>
        <label>
          <name>Coho</name>
          <color>#66c893</color>
          <attributes>
            <attribute>
              <name>Adipose Clipped</name>
              <mutable>False</mutable>
              <input_type>select</input_type>
              <default_value>No</default_value>
              <values>No
Yes
NA</values>
            </attribute>
            <attribute>
              <name>Confidence Level</name>
              <mutable>False</mutable>
              <input_type>select</input_type>
              <default_value>3</default_value>
              <values>3
2
1</values>
            </attribute>
            <attribute>
              <name>Injury</name>
              <mutable>False</mutable>
              <input_type>select</input_type>
              <default_value>No</default_value>
              <values>No
Yes
NA</values>
            </attribute>
            <attribute>
              <name>Notes</name>
              <mutable>False</mutable>
              <input_type>text</input_type>
              <default_value>NA</default_value>
              <values>NA</values>
            </attribute>
            <attribute>
              <name>Sex</name>
              <mutable>False</mutable>
              <input_type>select</input_type>
              <default_value>Male</default_value>
              <values>Male
Female
Jack</values>
            </attribute>
          </attributes>
        </label>
        <label>
          <name>Pink</name>
          <color>#fa7dbb</color>
          <attributes>
            <attribute>
              <name>Adipose Clipped</name>
              <mutable>False</mutable>
              <input_type>select</input_type>
              <default_value>No</default_value>
              <values>No
Yes
NA</values>
            </attribute>
            <attribute>
              <name>Confidence Level</name>
              <mutable>False</mutable>
              <input_type>select</input_type>
              <default_value>3</default_value>
              <values>3
2
1</values>
            </attribute>
            <attribute>
              <name>Injury</name>
              <mutable>False</mutable>
              <input_type>select</input_type>
              <default_value>No</default_value>
              <values>No
Yes
NA</values>
            </attribute>
            <attribute>
              <name>Notes</name>
              <mutable>False</mutable>
              <input_type>text</input_type>
              <default_value>NA</default_value>
              <values>NA</values>
            </attribute>
            <attribute>
              <name>Sex</name>
              <mutable>False</mutable>
              <input_type>select</input_type>
              <default_value>Male</default_value>
              <values>Male
Female</values>
            </attribute>
          </attributes>
        </label>
        <label>
          <name>Bull</name>
          <color>#ff6037</color>
          <attributes>
            <attribute>
              <name>Adipose Clipped</name>
              <mutable>False</mutable>
              <input_type>select</input_type>
              <default_value>No</default_value>
              <values>No
NA</values>
            </attribute>
            <attribute>
              <name>Confidence Level</name>
              <mutable>False</mutable>
              <input_type>select</input_type>
              <default_value>3</default_value>
              <values>3
2
1</values>
            </attribute>
            <attribute>
              <name>Injury</name>
              <mutable>False</mutable>
              <input_type>select</input_type>
              <default_value>No</default_value>
              <values>No
Yes
NA</values>
            </attribute>
            <attribute>
              <name>Notes</name>
              <mutable>False</mutable>
              <input_type>text</input_type>
              <default_value>NA</default_value>
              <values>NA</values>
            </attribute>
            <attribute>
              <name>Sex</name>
              <mutable>False</mutable>
              <input_type>select</input_type>
              <default_value>NA</default_value>
              <values>NA</values>
            </attribute>
          </attributes>
        </label>
        <label>
          <name>Chum</name>
          <color>#b83df5</color>
          <attributes>
            <attribute>
              <name>Sex</name>
              <mutable>False</mutable>
              <input_type>select</input_type>
              <default_value>Male</default_value>
              <values>Male
Female</values>
            </attribute>
            <attribute>
              <name>Adipose Clipped</name>
              <mutable>False</mutable>
              <input_type>select</input_type>
              <default_value>No</default_value>
              <values>No
Yes
NA</values>
            </attribute>
            <attribute>
              <name>Injury</name>
              <mutable>False</mutable>
              <input_type>select</input_type>
              <default_value>No</default_value>
              <values>No
Yes
NA</values>
            </attribute>
            <attribute>
              <name>Confidence Level</name>
              <mutable>False</mutable>
              <input_type>select</input_type>
              <default_value>3</default_value>
              <values>3
2
1</values>
            </attribute>
            <attribute>
              <name>Notes</name>
              <mutable>False</mutable>
              <input_type>text</input_type>
              <default_value>NA</default_value>
              <values>NA</values>
            </attribute>
          </attributes>
        </label>
        <label>
          <name>Whitefish</name>
          <color>#e2f1ee</color>
          <attributes>
            <attribute>
              <name>Sex</name>
              <mutable>False</mutable>
              <input_type>select</input_type>
              <default_value>NA</default_value>
              <values>NA</values>
            </attribute>
            <attribute>
              <name>Adipose Clipped</name>
              <mutable>False</mutable>
              <input_type>select</input_type>
              <default_value>No</default_value>
              <values>No
Yes
NA</values>
            </attribute>
            <attribute>
              <name>Injury</name>
              <mutable>False</mutable>
              <input_type>select</input_type>
              <default_value>No</default_value>
              <values>No
Yes
NA</values>
            </attribute>
            <attribute>
              <name>Confidence Level</name>
              <mutable>False</mutable>
              <input_type>select</input_type>
              <default_value>3</default_value>
              <values>3
2
1</values>
            </attribute>
            <attribute>
              <name>Notes</name>
              <mutable>False</mutable>
              <input_type>text</input_type>
              <default_value>NA</default_value>
              <values>NA</values>
            </attribute>
          </attributes>
        </label>
        <label>
          <name>Sockeye</name>
          <color>#fa3253</color>
          <attributes>
            <attribute>
              <name>Sex</name>
              <mutable>False</mutable>
              <input_type>select</input_type>
              <default_value>Male</default_value>
              <values>Male
Female</values>
            </attribute>
            <attribute>
              <name>Adipose Clipped</name>
              <mutable>False</mutable>
              <input_type>select</input_type>
              <default_value>No</default_value>
              <values>No
Yes
NA</values>
            </attribute>
            <attribute>
              <name>Injury</name>
              <mutable>False</mutable>
              <input_type>select</input_type>
              <default_value>No</default_value>
              <values>No
Yes
NA</values>
            </attribute>
            <attribute>
              <name>Confidence Level</name>
              <mutable>False</mutable>
              <input_type>select</input_type>
              <default_value>3</default_value>
              <values>3
2
1</values>
            </attribute>
            <attribute>
              <name>Notes</name>
              <mutable>False</mutable>
              <input_type>text</input_type>
              <default_value>NA</default_value>
              <values>NA</values>
            </attribute>
          </attributes>
        </label>
        <label>
          <name>Steelhead</name>
          <color>#66ff66</color>
          <attributes>
            <attribute>
              <name>Sex</name>
              <mutable>False</mutable>
              <input_type>select</input_type>
              <default_value>Male</default_value>
              <values>Male
Female</values>
            </attribute>
            <attribute>
              <name>Adipose Clipped</name>
              <mutable>False</mutable>
              <input_type>select</input_type>
              <default_value>No</default_value>
              <values>No
Yes
NA</values>
            </attribute>
            <attribute>
              <name>Injury</name>
              <mutable>False</mutable>
              <input_type>select</input_type>
              <default_value>No</default_value>
              <values>No
Yes
NA</values>
            </attribute>
            <attribute>
              <name>Confidence Level</name>
              <mutable>False</mutable>
              <input_type>select</input_type>
              <default_value>3</default_value>
              <values>3
2
1</values>
            </attribute>
            <attribute>
              <name>Notes</name>
              <mutable>False</mutable>
              <input_type>text</input_type>
              <default_value>NA</default_value>
              <values>NA</values>
            </attribute>
          </attributes>
        </label>
      </labels>
      <segments>
        <segment>
          <id>129</id>
          <start>0</start>
          <stop>419</stop>
          <url>httplocalhost:8080/?id=129</url>
        </segment>
      </segments>
      <owner>
        <username>bna19</username>
        <email>bna19@sfu.ca</email>
      </owner>
      <assignee></assignee>
      <original_size>
        <width>1920</width>
        <height>1080</height>
      </original_size>
    </task>
    <dumped>2021-02-04 23:47:17.252174+00:00</dumped>
    <source>10-22-2019 17-35-14 M Right Bank Underwater.m4v</source>
  </meta>
  <track id="0" label="Coho" source="manual">
    <box frame="56" outside="0" occluded="0" keyframe="1" xtl="0.86" ytl="415.15" xbr="418.63" ybr="787.66" z_order="0">
      <attribute name="Sex">Male</attribute>
      <attribute name="Adipose Clipped">No</attribute>
      <attribute name="Injury">Yes</attribute>
      <attribute name="Confidence Level">3</attribute>
      <attribute name="Notes">White patch on head</attribute>
    </box>
    <box frame="57" outside="0" occluded="0" keyframe="0" xtl="0.86" ytl="415.15" xbr="460.42" ybr="788.53" z_order="0">
      <attribute name="Sex">Male</attribute>
      <attribute name="Adipose Clipped">No</attribute>
      <attribute name="Injury">Yes</attribute>
      <attribute name="Confidence Level">3</attribute>
      <attribute name="Notes">White patch on head</attribute>
    </box>
    <box frame="58" outside="0" occluded="0" keyframe="1" xtl="0.86" ytl="415.15" xbr="502.20" ybr="789.40" z_order="0">
      <attribute name="Sex">Male</attribute>
      <attribute name="Adipose Clipped">No</attribute>
      <attribute name="Injury">Yes</attribute>
      <attribute name="Confidence Level">3</attribute>
      <attribute name="Notes">White patch on head</attribute>
    </box>
    <box frame="59" outside="0" occluded="0" keyframe="0" xtl="0.86" ytl="415.15" xbr="541.89" ybr="796.01" z_order="0">
      <attribute name="Sex">Male</attribute>
      <attribute name="Adipose Clipped">No</attribute>
      <attribute name="Injury">Yes</attribute>
      <attribute name="Confidence Level">3</attribute>
      <attribute name="Notes">White patch on head</attribute>
    </box>
    <box frame="60" outside="0" occluded="0" keyframe="0" xtl="0.86" ytl="415.15" xbr="581.58" ybr="802.62" z_order="0">
      <attribute name="Sex">Male</attribute>
      <attribute name="Adipose Clipped">No</attribute>
      <attribute name="Injury">Yes</attribute>
      <attribute name="Confidence Level">3</attribute>
      <attribute name="Notes">White patch on head</attribute>
    </box>
    <box frame="61" outside="0" occluded="0" keyframe="0" xtl="0.86" ytl="415.15" xbr="621.27" ybr="809.23" z_order="0">
      <attribute name="Sex">Male</attribute>
      <attribute name="Adipose Clipped">No</attribute>
      <attribute name="Injury">Yes</attribute>
      <attribute name="Confidence Level">3</attribute>
      <attribute name="Notes">White patch on head</attribute>
    </box>
    <box frame="62" outside="0" occluded="0" keyframe="0" xtl="0.86" ytl="415.15" xbr="660.96" ybr="815.84" z_order="0">
      <attribute name="Sex">Male</attribute>
      <attribute name="Adipose Clipped">No</attribute>
      <attribute name="Injury">Yes</attribute>
      <attribute name="Confidence Level">3</attribute>
      <attribute name="Notes">White patch on head</attribute>
    </box>
    <box frame="63" outside="0" occluded="0" keyframe="0" xtl="0.86" ytl="415.15" xbr="700.65" ybr="822.45" z_order="0">
      <attribute name="Sex">Male</attribute>
      <attribute name="Adipose Clipped">No</attribute>
      <attribute name="Injury">Yes</attribute>
      <attribute name="Confidence Level">3</attribute>
      <attribute name="Notes">White patch on head</attribute>
    </box>
    <box frame="64" outside="0" occluded="0" keyframe="0" xtl="0.86" ytl="415.15" xbr="740.34" ybr="829.06" z_order="0">
      <attribute name="Sex">Male</attribute>
      <attribute name="Adipose Clipped">No</attribute>
      <attribute name="Injury">Yes</attribute>
      <attribute name="Confidence Level">3</attribute>
      <attribute name="Notes">White patch on head</attribute>
    </box>
    <box frame="65" outside="0" occluded="0" keyframe="0" xtl="0.86" ytl="415.15" xbr="780.03" ybr="835.67" z_order="0">
      <attribute name="Sex">Male</attribute>
      <attribute name="Adipose Clipped">No</attribute>
      <attribute name="Injury">Yes</attribute>
      <attribute name="Confidence Level">3</attribute>
      <attribute name="Notes">White patch on head</attribute>
    </box>
    <box frame="66" outside="0" occluded="0" keyframe="0" xtl="0.86" ytl="415.15" xbr="819.72" ybr="842.28" z_order="0">
      <attribute name="Sex">Male</attribute>
      <attribute name="Adipose Clipped">No</attribute>
      <attribute name="Injury">Yes</attribute>
      <attribute name="Confidence Level">3</attribute>
      <attribute name="Notes">White patch on head</attribute>
    </box>
    <box frame="67" outside="0" occluded="0" keyframe="0" xtl="0.86" ytl="415.15" xbr="859.41" ybr="848.89" z_order="0">
      <attribute name="Sex">Male</attribute>
      <attribute name="Adipose Clipped">No</attribute>
      <attribute name="Injury">Yes</attribute>
      <attribute name="Confidence Level">3</attribute>
      <attribute name="Notes">White patch on head</attribute>
    </box>
    <box frame="68" outside="0" occluded="0" keyframe="1" xtl="0.86" ytl="415.15" xbr="899.10" ybr="855.50" z_order="0">
      <attribute name="Sex">Male</attribute>
      <attribute name="Adipose Clipped">No</attribute>
      <attribute name="Injury">Yes</attribute>
      <attribute name="Confidence Level">3</attribute>
      <attribute name="Notes">White patch on head</attribute>
    </box>
    <box frame="69" outside="0" occluded="0" keyframe="0" xtl="0.86" ytl="402.54" xbr="932.18" ybr="855.50" z_order="0">
      <attribute name="Sex">Male</attribute>
      <attribute name="Adipose Clipped">No</attribute>
      <attribute name="Injury">Yes</attribute>
      <attribute name="Confidence Level">3</attribute>
      <attribute name="Notes">White patch on head</attribute>
    </box>
    <box frame="70" outside="0" occluded="0" keyframe="0" xtl="0.86" ytl="389.93" xbr="965.25" ybr="855.50" z_order="0">
      <attribute name="Sex">Male</attribute>
      <attribute name="Adipose Clipped">No</attribute>
      <attribute name="Injury">Yes</attribute>
      <attribute name="Confidence Level">3</attribute>
      <attribute name="Notes">White patch on head</attribute>
    </box>
    <box frame="71" outside="0" occluded="0" keyframe="0" xtl="0.86" ytl="377.31" xbr="998.33" ybr="855.50" z_order="0">
      <attribute name="Sex">Male</attribute>
      <attribute name="Adipose Clipped">No</attribute>
      <attribute name="Injury">Yes</attribute>
      <attribute name="Confidence Level">3</attribute>
      <attribute name="Notes">White patch on head</attribute>
    </box>
    <box frame="72" outside="0" occluded="0" keyframe="1" xtl="0.86" ytl="364.70" xbr="1031.40" ybr="855.50" z_order="0">
      <attribute name="Sex">Male</attribute>
      <attribute name="Adipose Clipped">No</attribute>
      <attribute name="Injury">Yes</attribute>
      <attribute name="Confidence Level">3</attribute>
      <attribute name="Notes">White patch on head</attribute>
    </box>
    <box frame="73" outside="0" occluded="0" keyframe="0" xtl="0.86" ytl="374.28" xbr="1062.73" ybr="855.50" z_order="0">
      <attribute name="Sex">Male</attribute>
      <attribute name="Adipose Clipped">No</attribute>
      <attribute name="Injury">Yes</attribute>
      <attribute name="Confidence Level">3</attribute>
      <attribute name="Notes">White patch on head</attribute>
    </box>
    <box frame="74" outside="0" occluded="0" keyframe="0" xtl="0.86" ytl="383.85" xbr="1094.05" ybr="855.50" z_order="0">
      <attribute name="Sex">Male</attribute>
      <attribute name="Adipose Clipped">No</attribute>
      <attribute name="Injury">Yes</attribute>
      <attribute name="Confidence Level">3</attribute>
      <attribute name="Notes">White patch on head</attribute>
    </box>
    <box frame="75" outside="0" occluded="0" keyframe="0" xtl="0.86" ytl="393.43" xbr="1125.38" ybr="855.50" z_order="0">
      <attribute name="Sex">Male</attribute>
      <attribute name="Adipose Clipped">No</attribute>
      <attribute name="Injury">Yes</attribute>
      <attribute name="Confidence Level">3</attribute>
      <attribute name="Notes">White patch on head</attribute>
    </box>
    <box frame="76" outside="0" occluded="0" keyframe="1" xtl="0.86" ytl="403.00" xbr="1156.70" ybr="855.50" z_order="0">
      <attribute name="Sex">Male</attribute>
      <attribute name="Adipose Clipped">No</attribute>
      <attribute name="Injury">Yes</attribute>
      <attribute name="Confidence Level">3</attribute>
      <attribute name="Notes">White patch on head</attribute>
    </box>
    <box frame="77" outside="0" occluded="0" keyframe="0" xtl="0.86" ytl="403.00" xbr="1174.98" ybr="855.50" z_order="0">
      <attribute name="Sex">Male</attribute>
      <attribute name="Adipose Clipped">No</attribute>
      <attribute name="Injury">Yes</attribute>
      <attribute name="Confidence Level">3</attribute>
      <attribute name="Notes">White patch on head</attribute>
    </box>
    <box frame="78" outside="0" occluded="0" keyframe="0" xtl="0.86" ytl="403.00" xbr="1193.25" ybr="855.50" z_order="0">
      <attribute name="Sex">Male</attribute>
      <attribute name="Adipose Clipped">No</attribute>
      <attribute name="Injury">Yes</attribute>
      <attribute name="Confidence Level">3</attribute>
      <attribute name="Notes">White patch on head</attribute>
    </box>
    <box frame="79" outside="0" occluded="0" keyframe="0" xtl="0.86" ytl="403.00" xbr="1211.53" ybr="855.50" z_order="0">
      <attribute name="Sex">Male</attribute>
      <attribute name="Adipose Clipped">No</attribute>
      <attribute name="Injury">Yes</attribute>
      <attribute name="Confidence Level">3</attribute>
      <attribute name="Notes">White patch on head</attribute>
    </box>
    <box frame="80" outside="0" occluded="0" keyframe="1" xtl="0.86" ytl="403.00" xbr="1229.80" ybr="855.50" z_order="0">
      <attribute name="Sex">Male</attribute>
      <attribute name="Adipose Clipped">No</attribute>
      <attribute name="Injury">Yes</attribute>
      <attribute name="Confidence Level">3</attribute>
      <attribute name="Notes">White patch on head</attribute>
    </box>
    <box frame="81" outside="0" occluded="0" keyframe="0" xtl="0.86" ytl="403.00" xbr="1251.74" ybr="855.50" z_order="0">
      <attribute name="Sex">Male</attribute>
      <attribute name="Adipose Clipped">No</attribute>
      <attribute name="Injury">Yes</attribute>
      <attribute name="Confidence Level">3</attribute>
      <attribute name="Notes">White patch on head</attribute>
    </box>
    <box frame="82" outside="0" occluded="0" keyframe="0" xtl="0.86" ytl="403.00" xbr="1273.68" ybr="855.50" z_order="0">
      <attribute name="Sex">Male</attribute>
      <attribute name="Adipose Clipped">No</attribute>
      <attribute name="Injury">Yes</attribute>
      <attribute name="Confidence Level">3</attribute>
      <attribute name="Notes">White patch on head</attribute>
    </box>
    <box frame="83" outside="0" occluded="0" keyframe="0" xtl="0.86" ytl="403.00" xbr="1295.62" ybr="855.50" z_order="0">
      <attribute name="Sex">Male</attribute>
      <attribute name="Adipose Clipped">No</attribute>
      <attribute name="Injury">Yes</attribute>
      <attribute name="Confidence Level">3</attribute>
      <attribute name="Notes">White patch on head</attribute>
    </box>
    <box frame="84" outside="0" occluded="0" keyframe="0" xtl="0.86" ytl="403.00" xbr="1317.56" ybr="855.50" z_order="0">
      <attribute name="Sex">Male</attribute>
      <attribute name="Adipose Clipped">No</attribute>
      <attribute name="Injury">Yes</attribute>
      <attribute name="Confidence Level">3</attribute>
      <attribute name="Notes">White patch on head</attribute>
    </box>
    <box frame="85" outside="0" occluded="0" keyframe="1" xtl="0.86" ytl="403.00" xbr="1339.50" ybr="855.50" z_order="0">
      <attribute name="Sex">Male</attribute>
      <attribute name="Adipose Clipped">No</attribute>
      <attribute name="Injury">Yes</attribute>
      <attribute name="Confidence Level">3</attribute>
      <attribute name="Notes">White patch on head</attribute>
    </box>
    <box frame="86" outside="0" occluded="0" keyframe="0" xtl="0.86" ytl="394.30" xbr="1353.08" ybr="855.50" z_order="0">
      <attribute name="Sex">Male</attribute>
      <attribute name="Adipose Clipped">No</attribute>
      <attribute name="Injury">Yes</attribute>
      <attribute name="Confidence Level">3</attribute>
      <attribute name="Notes">White patch on head</attribute>
    </box>
    <box frame="87" outside="0" occluded="0" keyframe="0" xtl="0.86" ytl="385.60" xbr="1366.66" ybr="855.50" z_order="0">
      <attribute name="Sex">Male</attribute>
      <attribute name="Adipose Clipped">No</attribute>
      <attribute name="Injury">Yes</attribute>
      <attribute name="Confidence Level">3</attribute>
      <attribute name="Notes">White patch on head</attribute>
    </box>
    <box frame="88" outside="0" occluded="0" keyframe="0" xtl="0.86" ytl="376.90" xbr="1380.24" ybr="855.50" z_order="0">
      <attribute name="Sex">Male</attribute>
      <attribute name="Adipose Clipped">No</attribute>
      <attribute name="Injury">Yes</attribute>
      <attribute name="Confidence Level">3</attribute>
      <attribute name="Notes">White patch on head</attribute>
    </box>
    <box frame="89" outside="0" occluded="0" keyframe="0" xtl="0.86" ytl="368.20" xbr="1393.82" ybr="855.50" z_order="0">
      <attribute name="Sex">Male</attribute>
      <attribute name="Adipose Clipped">No</attribute>
      <attribute name="Injury">Yes</attribute>
      <attribute name="Confidence Level">3</attribute>
      <attribute name="Notes">White patch on head</attribute>
    </box>
    <box frame="90" outside="0" occluded="0" keyframe="0" xtl="0.86" ytl="359.50" xbr="1407.40" ybr="855.50" z_order="0">
      <attribute name="Sex">Male</attribute>
      <attribute name="Adipose Clipped">No</attribute>
      <attribute name="Injury">Yes</attribute>
      <attribute name="Confidence Level">3</attribute>
      <attribute name="Notes">White patch on head</attribute>
    </box>
    <box frame="91" outside="0" occluded="0" keyframe="0" xtl="0.86" ytl="350.80" xbr="1420.98" ybr="855.50" z_order="0">
      <attribute name="Sex">Male</attribute>
      <attribute name="Adipose Clipped">No</attribute>
      <attribute name="Injury">Yes</attribute>
      <attribute name="Confidence Level">3</attribute>
      <attribute name="Notes">White patch on head</attribute>
    </box>
    <box frame="92" outside="0" occluded="0" keyframe="0" xtl="0.86" ytl="342.10" xbr="1434.56" ybr="855.50" z_order="0">
      <attribute name="Sex">Male</attribute>
      <attribute name="Adipose Clipped">No</attribute>
      <attribute name="Injury">Yes</attribute>
      <attribute name="Confidence Level">3</attribute>
      <attribute name="Notes">White patch on head</attribute>
    </box>
    <box frame="93" outside="0" occluded="0" keyframe="0" xtl="0.86" ytl="333.40" xbr="1448.14" ybr="855.50" z_order="0">
      <attribute name="Sex">Male</attribute>
      <attribute name="Adipose Clipped">No</attribute>
      <attribute name="Injury">Yes</attribute>
      <attribute name="Confidence Level">3</attribute>
      <attribute name="Notes">White patch on head</attribute>
    </box>
    <box frame="94" outside="0" occluded="0" keyframe="0" xtl="0.86" ytl="324.70" xbr="1461.72" ybr="855.50" z_order="0">
      <attribute name="Sex">Male</attribute>
      <attribute name="Adipose Clipped">No</attribute>
      <attribute name="Injury">Yes</attribute>
      <attribute name="Confidence Level">3</attribute>
      <attribute name="Notes">White patch on head</attribute>
    </box>
    <box frame="95" outside="0" occluded="0" keyframe="1" xtl="0.86" ytl="316.00" xbr="1475.30" ybr="855.50" z_order="0">
      <attribute name="Sex">Male</attribute>
      <attribute name="Adipose Clipped">No</attribute>
      <attribute name="Injury">Yes</attribute>
      <attribute name="Confidence Level">3</attribute>
      <attribute name="Notes">White patch on head</attribute>
    </box>
    <box frame="96" outside="0" occluded="0" keyframe="0" xtl="0.86" ytl="314.61" xbr="1488.53" ybr="855.50" z_order="0">
      <attribute name="Sex">Male</attribute>
      <attribute name="Adipose Clipped">No</attribute>
      <attribute name="Injury">Yes</attribute>
      <attribute name="Confidence Level">3</attribute>
      <attribute name="Notes">White patch on head</attribute>
    </box>
    <box frame="97" outside="0" occluded="0" keyframe="0" xtl="0.86" ytl="313.22" xbr="1501.76" ybr="855.50" z_order="0">
      <attribute name="Sex">Male</attribute>
      <attribute name="Adipose Clipped">No</attribute>
      <attribute name="Injury">Yes</attribute>
      <attribute name="Confidence Level">3</attribute>
      <attribute name="Notes">White patch on head</attribute>
    </box>
    <box frame="98" outside="0" occluded="0" keyframe="0" xtl="0.86" ytl="311.83" xbr="1514.99" ybr="855.50" z_order="0">
      <attribute name="Sex">Male</attribute>
      <attribute name="Adipose Clipped">No</attribute>
      <attribute name="Injury">Yes</attribute>
      <attribute name="Confidence Level">3</attribute>
      <attribute name="Notes">White patch on head</attribute>
    </box>
    <box frame="99" outside="0" occluded="0" keyframe="0" xtl="0.86" ytl="310.44" xbr="1528.22" ybr="855.50" z_order="0">
      <attribute name="Sex">Male</attribute>
      <attribute name="Adipose Clipped">No</attribute>
      <attribute name="Injury">Yes</attribute>
      <attribute name="Confidence Level">3</attribute>
      <attribute name="Notes">White patch on head</attribute>
    </box>
    <box frame="100" outside="0" occluded="0" keyframe="0" xtl="0.86" ytl="309.05" xbr="1541.45" ybr="855.50" z_order="0">
      <attribute name="Sex">Male</attribute>
      <attribute name="Adipose Clipped">No</attribute>
      <attribute name="Injury">Yes</attribute>
      <attribute name="Confidence Level">3</attribute>
      <attribute name="Notes">White patch on head</attribute>
    </box>
    <box frame="101" outside="0" occluded="0" keyframe="0" xtl="0.86" ytl="307.66" xbr="1554.68" ybr="855.50" z_order="0">
      <attribute name="Sex">Male</attribute>
      <attribute name="Adipose Clipped">No</attribute>
      <attribute name="Injury">Yes</attribute>
      <attribute name="Confidence Level">3</attribute>
      <attribute name="Notes">White patch on head</attribute>
    </box>
    <box frame="102" outside="0" occluded="0" keyframe="0" xtl="0.86" ytl="306.27" xbr="1567.91" ybr="855.50" z_order="0">
      <attribute name="Sex">Male</attribute>
      <attribute name="Adipose Clipped">No</attribute>
      <attribute name="Injury">Yes</attribute>
      <attribute name="Confidence Level">3</attribute>
      <attribute name="Notes">White patch on head</attribute>
    </box>
    <box frame="103" outside="0" occluded="0" keyframe="0" xtl="0.86" ytl="304.88" xbr="1581.14" ybr="855.50" z_order="0">
      <attribute name="Sex">Male</attribute>
      <attribute name="Adipose Clipped">No</attribute>
      <attribute name="Injury">Yes</attribute>
      <attribute name="Confidence Level">3</attribute>
      <attribute name="Notes">White patch on head</attribute>
    </box>
    <box frame="104" outside="0" occluded="0" keyframe="0" xtl="0.86" ytl="303.49" xbr="1594.37" ybr="855.50" z_order="0">
      <attribute name="Sex">Male</attribute>
      <attribute name="Adipose Clipped">No</attribute>
      <attribute name="Injury">Yes</attribute>
      <attribute name="Confidence Level">3</attribute>
      <attribute name="Notes">White patch on head</attribute>
    </box>
    <box frame="105" outside="0" occluded="0" keyframe="1" xtl="0.86" ytl="302.10" xbr="1607.60" ybr="855.50" z_order="0">
      <attribute name="Sex">Male</attribute>
      <attribute name="Adipose Clipped">No</attribute>
      <attribute name="Injury">Yes</attribute>
      <attribute name="Confidence Level">3</attribute>
      <attribute name="Notes">White patch on head</attribute>
    </box>
    <box frame="106" outside="0" occluded="0" keyframe="0" xtl="0.69" ytl="302.10" xbr="1620.66" ybr="855.50" z_order="0">
      <attribute name="Sex">Male</attribute>
      <attribute name="Adipose Clipped">No</attribute>
      <attribute name="Injury">Yes</attribute>
      <attribute name="Confidence Level">3</attribute>
      <attribute name="Notes">White patch on head</attribute>
    </box>
    <box frame="107" outside="0" occluded="0" keyframe="0" xtl="0.52" ytl="302.10" xbr="1633.71" ybr="855.50" z_order="0">
      <attribute name="Sex">Male</attribute>
      <attribute name="Adipose Clipped">No</attribute>
      <attribute name="Injury">Yes</attribute>
      <attribute name="Confidence Level">3</attribute>
      <attribute name="Notes">White patch on head</attribute>
    </box>
    <box frame="108" outside="0" occluded="0" keyframe="0" xtl="0.34" ytl="302.10" xbr="1646.77" ybr="855.50" z_order="0">
      <attribute name="Sex">Male</attribute>
      <attribute name="Adipose Clipped">No</attribute>
      <attribute name="Injury">Yes</attribute>
      <attribute name="Confidence Level">3</attribute>
      <attribute name="Notes">White patch on head</attribute>
    </box>
    <box frame="109" outside="0" occluded="0" keyframe="0" xtl="0.17" ytl="302.10" xbr="1659.82" ybr="855.50" z_order="0">
      <attribute name="Sex">Male</attribute>
      <attribute name="Adipose Clipped">No</attribute>
      <attribute name="Injury">Yes</attribute>
      <attribute name="Confidence Level">3</attribute>
      <attribute name="Notes">White patch on head</attribute>
    </box>
    <box frame="110" outside="0" occluded="0" keyframe="1" xtl="0.00" ytl="302.10" xbr="1672.88" ybr="855.50" z_order="0">
      <attribute name="Sex">Male</attribute>
      <attribute name="Adipose Clipped">No</attribute>
      <attribute name="Injury">Yes</attribute>
      <attribute name="Confidence Level">3</attribute>
      <attribute name="Notes">White patch on head</attribute>
    </box>
    <box frame="111" outside="0" occluded="0" keyframe="1" xtl="0.00" ytl="302.10" xbr="1685.93" ybr="855.50" z_order="0">
      <attribute name="Sex">Male</attribute>
      <attribute name="Adipose Clipped">No</attribute>
      <attribute name="Injury">Yes</attribute>
      <attribute name="Confidence Level">3</attribute>
      <attribute name="Notes">White patch on head</attribute>
    </box>
    <box frame="112" outside="0" occluded="0" keyframe="0" xtl="32.85" ytl="302.10" xbr="1698.99" ybr="855.50" z_order="0">
      <attribute name="Sex">Male</attribute>
      <attribute name="Adipose Clipped">No</attribute>
      <attribute name="Injury">Yes</attribute>
      <attribute name="Confidence Level">3</attribute>
      <attribute name="Notes">White patch on head</attribute>
    </box>
    <box frame="113" outside="0" occluded="0" keyframe="0" xtl="65.71" ytl="302.10" xbr="1712.04" ybr="855.50" z_order="0">
      <attribute name="Sex">Male</attribute>
      <attribute name="Adipose Clipped">No</attribute>
      <attribute name="Injury">Yes</attribute>
      <attribute name="Confidence Level">3</attribute>
      <attribute name="Notes">White patch on head</attribute>
    </box>
    <box frame="114" outside="0" occluded="0" keyframe="0" xtl="98.56" ytl="302.10" xbr="1725.10" ybr="855.50" z_order="0">
      <attribute name="Sex">Male</attribute>
      <attribute name="Adipose Clipped">No</attribute>
      <attribute name="Injury">Yes</attribute>
      <attribute name="Confidence Level">3</attribute>
      <attribute name="Notes">White patch on head</attribute>
    </box>
    <box frame="115" outside="0" occluded="0" keyframe="1" xtl="131.41" ytl="302.10" xbr="1738.15" ybr="855.50" z_order="0">
      <attribute name="Sex">Male</attribute>
      <attribute name="Adipose Clipped">No</attribute>
      <attribute name="Injury">Yes</attribute>
      <attribute name="Confidence Level">3</attribute>
      <attribute name="Notes">White patch on head</attribute>
    </box>
    <box frame="116" outside="0" occluded="0" keyframe="0" xtl="140.47" ytl="302.10" xbr="1753.82" ybr="855.50" z_order="0">
      <attribute name="Sex">Male</attribute>
      <attribute name="Adipose Clipped">No</attribute>
      <attribute name="Injury">Yes</attribute>
      <attribute name="Confidence Level">3</attribute>
      <attribute name="Notes">White patch on head</attribute>
    </box>
    <box frame="117" outside="0" occluded="0" keyframe="0" xtl="149.52" ytl="302.10" xbr="1769.49" ybr="855.50" z_order="0">
      <attribute name="Sex">Male</attribute>
      <attribute name="Adipose Clipped">No</attribute>
      <attribute name="Injury">Yes</attribute>
      <attribute name="Confidence Level">3</attribute>
      <attribute name="Notes">White patch on head</attribute>
    </box>
    <box frame="118" outside="0" occluded="0" keyframe="0" xtl="158.57" ytl="302.10" xbr="1785.16" ybr="855.50" z_order="0">
      <attribute name="Sex">Male</attribute>
      <attribute name="Adipose Clipped">No</attribute>
      <attribute name="Injury">Yes</attribute>
      <attribute name="Confidence Level">3</attribute>
      <attribute name="Notes">White patch on head</attribute>
    </box>
    <box frame="119" outside="0" occluded="0" keyframe="0" xtl="167.62" ytl="302.10" xbr="1800.83" ybr="855.50" z_order="0">
      <attribute name="Sex">Male</attribute>
      <attribute name="Adipose Clipped">No</attribute>
      <attribute name="Injury">Yes</attribute>
      <attribute name="Confidence Level">3</attribute>
      <attribute name="Notes">White patch on head</attribute>
    </box>
    <box frame="120" outside="0" occluded="0" keyframe="1" xtl="176.67" ytl="302.10" xbr="1816.50" ybr="855.50" z_order="0">
      <attribute name="Sex">Male</attribute>
      <attribute name="Adipose Clipped">No</attribute>
      <attribute name="Injury">Yes</attribute>
      <attribute name="Confidence Level">3</attribute>
      <attribute name="Notes">White patch on head</attribute>
    </box>
    <box frame="121" outside="0" occluded="0" keyframe="0" xtl="214.34" ytl="301.94" xbr="1825.91" ybr="855.34" z_order="0">
      <attribute name="Sex">Male</attribute>
      <attribute name="Adipose Clipped">No</attribute>
      <attribute name="Injury">Yes</attribute>
      <attribute name="Confidence Level">3</attribute>
      <attribute name="Notes">White patch on head</attribute>
    </box>
    <box frame="122" outside="0" occluded="0" keyframe="0" xtl="252.00" ytl="301.78" xbr="1835.32" ybr="855.18" z_order="0">
      <attribute name="Sex">Male</attribute>
      <attribute name="Adipose Clipped">No</attribute>
      <attribute name="Injury">Yes</attribute>
      <attribute name="Confidence Level">3</attribute>
      <attribute name="Notes">White patch on head</attribute>
    </box>
    <box frame="123" outside="0" occluded="0" keyframe="0" xtl="289.66" ytl="301.62" xbr="1844.73" ybr="855.02" z_order="0">
      <attribute name="Sex">Male</attribute>
      <attribute name="Adipose Clipped">No</attribute>
      <attribute name="Injury">Yes</attribute>
      <attribute name="Confidence Level">3</attribute>
      <attribute name="Notes">White patch on head</attribute>
    </box>
    <box frame="124" outside="0" occluded="0" keyframe="0" xtl="327.32" ytl="301.47" xbr="1854.14" ybr="854.87" z_order="0">
      <attribute name="Sex">Male</attribute>
      <attribute name="Adipose Clipped">No</attribute>
      <attribute name="Injury">Yes</attribute>
      <attribute name="Confidence Level">3</attribute>
      <attribute name="Notes">White patch on head</attribute>
    </box>
    <box frame="125" outside="0" occluded="0" keyframe="0" xtl="364.99" ytl="301.31" xbr="1863.55" ybr="854.71" z_order="0">
      <attribute name="Sex">Male</attribute>
      <attribute name="Adipose Clipped">No</attribute>
      <attribute name="Injury">Yes</attribute>
      <attribute name="Confidence Level">3</attribute>
      <attribute name="Notes">White patch on head</attribute>
    </box>
    <box frame="126" outside="0" occluded="0" keyframe="0" xtl="402.65" ytl="301.15" xbr="1872.95" ybr="854.55" z_order="0">
      <attribute name="Sex">Male</attribute>
      <attribute name="Adipose Clipped">No</attribute>
      <attribute name="Injury">Yes</attribute>
      <attribute name="Confidence Level">3</attribute>
      <attribute name="Notes">White patch on head</attribute>
    </box>
    <box frame="127" outside="0" occluded="0" keyframe="0" xtl="440.31" ytl="300.99" xbr="1882.36" ybr="854.39" z_order="0">
      <attribute name="Sex">Male</attribute>
      <attribute name="Adipose Clipped">No</attribute>
      <attribute name="Injury">Yes</attribute>
      <attribute name="Confidence Level">3</attribute>
      <attribute name="Notes">White patch on head</attribute>
    </box>
    <box frame="128" outside="0" occluded="0" keyframe="0" xtl="477.97" ytl="300.83" xbr="1891.77" ybr="854.23" z_order="0">
      <attribute name="Sex">Male</attribute>
      <attribute name="Adipose Clipped">No</attribute>
      <attribute name="Injury">Yes</attribute>
      <attribute name="Confidence Level">3</attribute>
      <attribute name="Notes">White patch on head</attribute>
    </box>
    <box frame="129" outside="0" occluded="0" keyframe="0" xtl="515.64" ytl="300.68" xbr="1901.18" ybr="854.07" z_order="0">
      <attribute name="Sex">Male</attribute>
      <attribute name="Adipose Clipped">No</attribute>
      <attribute name="Injury">Yes</attribute>
      <attribute name="Confidence Level">3</attribute>
      <attribute name="Notes">White patch on head</attribute>
    </box>
    <box frame="130" outside="0" occluded="0" keyframe="0" xtl="553.30" ytl="300.52" xbr="1910.59" ybr="853.92" z_order="0">
      <attribute name="Sex">Male</attribute>
      <attribute name="Adipose Clipped">No</attribute>
      <attribute name="Injury">Yes</attribute>
      <attribute name="Confidence Level">3</attribute>
      <attribute name="Notes">White patch on head</attribute>
    </box>
    <box frame="131" outside="0" occluded="0" keyframe="1" xtl="590.96" ytl="300.36" xbr="1920.00" ybr="853.76" z_order="0">
      <attribute name="Sex">Male</attribute>
      <attribute name="Adipose Clipped">No</attribute>
      <attribute name="Injury">Yes</attribute>
      <attribute name="Confidence Level">3</attribute>
      <attribute name="Notes">White patch on head</attribute>
    </box>
    <box frame="132" outside="0" occluded="0" keyframe="0" xtl="641.22" ytl="300.36" xbr="1920.00" ybr="853.75" z_order="0">
      <attribute name="Sex">Male</attribute>
      <attribute name="Adipose Clipped">No</attribute>
      <attribute name="Injury">Yes</attribute>
      <attribute name="Confidence Level">3</attribute>
      <attribute name="Notes">White patch on head</attribute>
    </box>
    <box frame="133" outside="0" occluded="0" keyframe="0" xtl="691.47" ytl="300.36" xbr="1920.00" ybr="853.74" z_order="0">
      <attribute name="Sex">Male</attribute>
      <attribute name="Adipose Clipped">No</attribute>
      <attribute name="Injury">Yes</attribute>
      <attribute name="Confidence Level">3</attribute>
      <attribute name="Notes">White patch on head</attribute>
    </box>
    <box frame="134" outside="0" occluded="0" keyframe="0" xtl="741.73" ytl="300.36" xbr="1920.00" ybr="853.74" z_order="0">
      <attribute name="Sex">Male</attribute>
      <attribute name="Adipose Clipped">No</attribute>
      <attribute name="Injury">Yes</attribute>
      <attribute name="Confidence Level">3</attribute>
      <attribute name="Notes">White patch on head</attribute>
    </box>
    <box frame="135" outside="0" occluded="0" keyframe="0" xtl="791.98" ytl="300.36" xbr="1920.00" ybr="853.73" z_order="0">
      <attribute name="Sex">Male</attribute>
      <attribute name="Adipose Clipped">No</attribute>
      <attribute name="Injury">Yes</attribute>
      <attribute name="Confidence Level">3</attribute>
      <attribute name="Notes">White patch on head</attribute>
    </box>
    <box frame="136" outside="0" occluded="0" keyframe="0" xtl="842.24" ytl="300.36" xbr="1920.00" ybr="853.72" z_order="0">
      <attribute name="Sex">Male</attribute>
      <attribute name="Adipose Clipped">No</attribute>
      <attribute name="Injury">Yes</attribute>
      <attribute name="Confidence Level">3</attribute>
      <attribute name="Notes">White patch on head</attribute>
    </box>
    <box frame="137" outside="0" occluded="0" keyframe="0" xtl="892.49" ytl="300.36" xbr="1920.00" ybr="853.71" z_order="0">
      <attribute name="Sex">Male</attribute>
      <attribute name="Adipose Clipped">No</attribute>
      <attribute name="Injury">Yes</attribute>
      <attribute name="Confidence Level">3</attribute>
      <attribute name="Notes">White patch on head</attribute>
    </box>
    <box frame="138" outside="0" occluded="0" keyframe="0" xtl="942.75" ytl="300.36" xbr="1920.00" ybr="853.71" z_order="0">
      <attribute name="Sex">Male</attribute>
      <attribute name="Adipose Clipped">No</attribute>
      <attribute name="Injury">Yes</attribute>
      <attribute name="Confidence Level">3</attribute>
      <attribute name="Notes">White patch on head</attribute>
    </box>
    <box frame="139" outside="0" occluded="0" keyframe="1" xtl="993.00" ytl="300.36" xbr="1920.00" ybr="853.70" z_order="0">
      <attribute name="Sex">Male</attribute>
      <attribute name="Adipose Clipped">No</attribute>
      <attribute name="Injury">Yes</attribute>
      <attribute name="Confidence Level">3</attribute>
      <attribute name="Notes">White patch on head</attribute>
    </box>
    <box frame="140" outside="0" occluded="0" keyframe="0" xtl="1028.97" ytl="314.00" xbr="1920.00" ybr="853.70" z_order="0">
      <attribute name="Sex">Male</attribute>
      <attribute name="Adipose Clipped">No</attribute>
      <attribute name="Injury">Yes</attribute>
      <attribute name="Confidence Level">3</attribute>
      <attribute name="Notes">White patch on head</attribute>
    </box>
    <box frame="141" outside="0" occluded="0" keyframe="0" xtl="1064.93" ytl="327.64" xbr="1920.00" ybr="853.70" z_order="0">
      <attribute name="Sex">Male</attribute>
      <attribute name="Adipose Clipped">No</attribute>
      <attribute name="Injury">Yes</attribute>
      <attribute name="Confidence Level">3</attribute>
      <attribute name="Notes">White patch on head</attribute>
    </box>
    <box frame="142" outside="0" occluded="0" keyframe="0" xtl="1100.90" ytl="341.28" xbr="1920.00" ybr="853.70" z_order="0">
      <attribute name="Sex">Male</attribute>
      <attribute name="Adipose Clipped">No</attribute>
      <attribute name="Injury">Yes</attribute>
      <attribute name="Confidence Level">3</attribute>
      <attribute name="Notes">White patch on head</attribute>
    </box>
    <box frame="143" outside="0" occluded="0" keyframe="0" xtl="1136.87" ytl="354.92" xbr="1920.00" ybr="853.70" z_order="0">
      <attribute name="Sex">Male</attribute>
      <attribute name="Adipose Clipped">No</attribute>
      <attribute name="Injury">Yes</attribute>
      <attribute name="Confidence Level">3</attribute>
      <attribute name="Notes">White patch on head</attribute>
    </box>
    <box frame="144" outside="0" occluded="0" keyframe="0" xtl="1172.83" ytl="368.56" xbr="1920.00" ybr="853.70" z_order="0">
      <attribute name="Sex">Male</attribute>
      <attribute name="Adipose Clipped">No</attribute>
      <attribute name="Injury">Yes</attribute>
      <attribute name="Confidence Level">3</attribute>
      <attribute name="Notes">White patch on head</attribute>
    </box>
    <box frame="145" outside="0" occluded="0" keyframe="1" xtl="1208.80" ytl="382.20" xbr="1920.00" ybr="853.70" z_order="0">
      <attribute name="Sex">Male</attribute>
      <attribute name="Adipose Clipped">No</attribute>
      <attribute name="Injury">Yes</attribute>
      <attribute name="Confidence Level">3</attribute>
      <attribute name="Notes">White patch on head</attribute>
    </box>
    <box frame="146" outside="0" occluded="0" keyframe="0" xtl="1241.00" ytl="382.20" xbr="1920.00" ybr="837.60" z_order="0">
      <attribute name="Sex">Male</attribute>
      <attribute name="Adipose Clipped">No</attribute>
      <attribute name="Injury">Yes</attribute>
      <attribute name="Confidence Level">3</attribute>
      <attribute name="Notes">White patch on head</attribute>
    </box>
    <box frame="147" outside="0" occluded="0" keyframe="0" xtl="1273.20" ytl="382.20" xbr="1920.00" ybr="821.50" z_order="0">
      <attribute name="Sex">Male</attribute>
      <attribute name="Adipose Clipped">No</attribute>
      <attribute name="Injury">Yes</attribute>
      <attribute name="Confidence Level">3</attribute>
      <attribute name="Notes">White patch on head</attribute>
    </box>
    <box frame="148" outside="0" occluded="0" keyframe="0" xtl="1305.40" ytl="382.20" xbr="1920.00" ybr="805.40" z_order="0">
      <attribute name="Sex">Male</attribute>
      <attribute name="Adipose Clipped">No</attribute>
      <attribute name="Injury">Yes</attribute>
      <attribute name="Confidence Level">3</attribute>
      <attribute name="Notes">White patch on head</attribute>
    </box>
    <box frame="149" outside="0" occluded="0" keyframe="1" xtl="1337.60" ytl="382.20" xbr="1920.00" ybr="789.30" z_order="0">
      <attribute name="Sex">Male</attribute>
      <attribute name="Adipose Clipped">No</attribute>
      <attribute name="Injury">Yes</attribute>
      <attribute name="Confidence Level">3</attribute>
      <attribute name="Notes">White patch on head</attribute>
    </box>
    <box frame="150" outside="0" occluded="0" keyframe="0" xtl="1371.10" ytl="382.20" xbr="1920.00" ybr="793.65" z_order="0">
      <attribute name="Sex">Male</attribute>
      <attribute name="Adipose Clipped">No</attribute>
      <attribute name="Injury">Yes</attribute>
      <attribute name="Confidence Level">3</attribute>
      <attribute name="Notes">White patch on head</attribute>
    </box>
    <box frame="151" outside="0" occluded="0" keyframe="0" xtl="1404.60" ytl="382.20" xbr="1920.00" ybr="798.00" z_order="0">
      <attribute name="Sex">Male</attribute>
      <attribute name="Adipose Clipped">No</attribute>
      <attribute name="Injury">Yes</attribute>
      <attribute name="Confidence Level">3</attribute>
      <attribute name="Notes">White patch on head</attribute>
    </box>
    <box frame="152" outside="0" occluded="0" keyframe="0" xtl="1438.10" ytl="382.20" xbr="1920.00" ybr="802.35" z_order="0">
      <attribute name="Sex">Male</attribute>
      <attribute name="Adipose Clipped">No</attribute>
      <attribute name="Injury">Yes</attribute>
      <attribute name="Confidence Level">3</attribute>
      <attribute name="Notes">White patch on head</attribute>
    </box>
    <box frame="153" outside="0" occluded="0" keyframe="1" xtl="1471.60" ytl="382.20" xbr="1920.00" ybr="806.70" z_order="0">
      <attribute name="Sex">Male</attribute>
      <attribute name="Adipose Clipped">No</attribute>
      <attribute name="Injury">Yes</attribute>
      <attribute name="Confidence Level">3</attribute>
      <attribute name="Notes">White patch on head</attribute>
    </box>
    <box frame="154" outside="0" occluded="0" keyframe="0" xtl="1489.88" ytl="382.20" xbr="1920.00" ybr="802.35" z_order="0">
      <attribute name="Sex">Male</attribute>
      <attribute name="Adipose Clipped">No</attribute>
      <attribute name="Injury">Yes</attribute>
      <attribute name="Confidence Level">3</attribute>
      <attribute name="Notes">White patch on head</attribute>
    </box>
    <box frame="155" outside="0" occluded="0" keyframe="0" xtl="1508.15" ytl="382.20" xbr="1920.00" ybr="798.00" z_order="0">
      <attribute name="Sex">Male</attribute>
      <attribute name="Adipose Clipped">No</attribute>
      <attribute name="Injury">Yes</attribute>
      <attribute name="Confidence Level">3</attribute>
      <attribute name="Notes">White patch on head</attribute>
    </box>
    <box frame="156" outside="0" occluded="0" keyframe="0" xtl="1526.43" ytl="382.20" xbr="1920.00" ybr="793.65" z_order="0">
      <attribute name="Sex">Male</attribute>
      <attribute name="Adipose Clipped">No</attribute>
      <attribute name="Injury">Yes</attribute>
      <attribute name="Confidence Level">3</attribute>
      <attribute name="Notes">White patch on head</attribute>
    </box>
    <box frame="157" outside="0" occluded="0" keyframe="1" xtl="1544.70" ytl="382.20" xbr="1920.00" ybr="789.30" z_order="0">
      <attribute name="Sex">Male</attribute>
      <attribute name="Adipose Clipped">No</attribute>
      <attribute name="Injury">Yes</attribute>
      <attribute name="Confidence Level">3</attribute>
      <attribute name="Notes">White patch on head</attribute>
    </box>
    <box frame="158" outside="0" occluded="0" keyframe="0" xtl="1610.27" ytl="382.20" xbr="1920.00" ybr="798.60" z_order="0">
      <attribute name="Sex">Male</attribute>
      <attribute name="Adipose Clipped">No</attribute>
      <attribute name="Injury">Yes</attribute>
      <attribute name="Confidence Level">3</attribute>
      <attribute name="Notes">White patch on head</attribute>
    </box>
    <box frame="159" outside="0" occluded="0" keyframe="0" xtl="1675.83" ytl="382.20" xbr="1920.00" ybr="807.90" z_order="0">
      <attribute name="Sex">Male</attribute>
      <attribute name="Adipose Clipped">No</attribute>
      <attribute name="Injury">Yes</attribute>
      <attribute name="Confidence Level">3</attribute>
      <attribute name="Notes">White patch on head</attribute>
    </box>
    <box frame="160" outside="0" occluded="0" keyframe="1" xtl="1741.40" ytl="382.20" xbr="1920.00" ybr="817.20" z_order="0">
      <attribute name="Sex">Male</attribute>
      <attribute name="Adipose Clipped">No</attribute>
      <attribute name="Injury">Yes</attribute>
      <attribute name="Confidence Level">3</attribute>
      <attribute name="Notes">White patch on head</attribute>
    </box>
    <box frame="161" outside="0" occluded="0" keyframe="0" xtl="1810.15" ytl="382.20" xbr="1920.00" ybr="813.70" z_order="0">
      <attribute name="Sex">Male</attribute>
      <attribute name="Adipose Clipped">No</attribute>
      <attribute name="Injury">Yes</attribute>
      <attribute name="Confidence Level">3</attribute>
      <attribute name="Notes">White patch on head</attribute>
    </box>
    <box frame="162" outside="0" occluded="0" keyframe="1" xtl="1878.90" ytl="382.20" xbr="1920.00" ybr="810.20" z_order="0">
      <attribute name="Sex">Male</attribute>
      <attribute name="Adipose Clipped">No</attribute>
      <attribute name="Injury">Yes</attribute>
      <attribute name="Confidence Level">3</attribute>
      <attribute name="Notes">White patch on head</attribute>
    </box>
    <box frame="163" outside="0" occluded="0" keyframe="0" xtl="1835.40" ytl="382.20" xbr="1920.00" ybr="805.00" z_order="0">
      <attribute name="Sex">Male</attribute>
      <attribute name="Adipose Clipped">No</attribute>
      <attribute name="Injury">Yes</attribute>
      <attribute name="Confidence Level">3</attribute>
      <attribute name="Notes">White patch on head</attribute>
    </box>
    <box frame="164" outside="0" occluded="0" keyframe="1" xtl="1791.90" ytl="382.20" xbr="1920.00" ybr="799.80" z_order="0">
      <attribute name="Sex">Male</attribute>
      <attribute name="Adipose Clipped">No</attribute>
      <attribute name="Injury">Yes</attribute>
      <attribute name="Confidence Level">3</attribute>
      <attribute name="Notes">White patch on head</attribute>
    </box>
    <box frame="165" outside="0" occluded="0" keyframe="0" xtl="1791.90" ytl="382.20" xbr="1920.00" ybr="799.80" z_order="0">
      <attribute name="Sex">Male</attribute>
      <attribute name="Adipose Clipped">No</attribute>
      <attribute name="Injury">Yes</attribute>
      <attribute name="Confidence Level">3</attribute>
      <attribute name="Notes">White patch on head</attribute>
    </box>
    <box frame="166" outside="0" occluded="0" keyframe="0" xtl="1791.90" ytl="382.20" xbr="1920.00" ybr="799.80" z_order="0">
      <attribute name="Sex">Male</attribute>
      <attribute name="Adipose Clipped">No</attribute>
      <attribute name="Injury">Yes</attribute>
      <attribute name="Confidence Level">3</attribute>
      <attribute name="Notes">White patch on head</attribute>
    </box>
    <box frame="167" outside="1" occluded="0" keyframe="1" xtl="1791.90" ytl="382.20" xbr="1920.00" ybr="799.80" z_order="0">
      <attribute name="Sex">Male</attribute>
      <attribute name="Adipose Clipped">No</attribute>
      <attribute name="Injury">Yes</attribute>
      <attribute name="Confidence Level">3</attribute>
      <attribute name="Notes">White patch on head</attribute>
    </box>
  </track>
</annotations>