<?xml version="1.0" encoding="utf-8"?>
<annotations>
  <version>1.1</version>
  <meta>
    <task>
      <id>387</id>
      <name>09-01-2020 02-57-55 M Salmon Camera</name>
      <size>658</size>
      <mode>interpolation</mode>
      <overlap>5</overlap>
      <bugtracker></bugtracker>
      <created>2021-08-03 17:36:55.819043+00:00</created>
      <updated>2021-08-03 18:14:49.210357+00:00</updated>
      <start_frame>0</start_frame>
      <stop_frame>657</stop_frame>
      <frame_filter></frame_filter>
      <labels>
        <label>
          <name>Chinook</name>
          <color>#38794c</color>
          <attributes>
            <attribute>
              <name>Adipose Clipped</name>
              <mutable>False</mutable>
              <input_type>select</input_type>
              <default_value>No</default_value>
              <values>No
Yes
NA</values>
            </attribute>
            <attribute>
              <name>Confidence Level</name>
              <mutable>False</mutable>
              <input_type>select</input_type>
              <default_value>3</default_value>
              <values>3
2
1</values>
            </attribute>
            <attribute>
              <name>Injury</name>
              <mutable>False</mutable>
              <input_type>select</input_type>
              <default_value>No</default_value>
              <values>No
Yes
NA</values>
            </attribute>
            <attribute>
              <name>Notes</name>
              <mutable>False</mutable>
              <input_type>text</input_type>
              <default_value></default_value>
              <values></values>
            </attribute>
            <attribute>
              <name>Sex</name>
              <mutable>False</mutable>
              <input_type>select</input_type>
              <default_value>Male</default_value>
              <values>Male
Female
Jack</values>
            </attribute>
            <attribute>
              <name>View</name>
              <mutable>False</mutable>
              <input_type>select</input_type>
              <default_value>Top-down</default_value>
              <values>Top-down
Side</values>
            </attribute>
          </attributes>
        </label>
        <label>
          <name>Steelhead</name>
          <color>#888888</color>
          <attributes>
            <attribute>
              <name>Adipose Clipped</name>
              <mutable>False</mutable>
              <input_type>select</input_type>
              <default_value>No</default_value>
              <values>No
Yes
NA</values>
            </attribute>
            <attribute>
              <name>Confidence Level</name>
              <mutable>False</mutable>
              <input_type>select</input_type>
              <default_value>3</default_value>
              <values>3
2
1</values>
            </attribute>
            <attribute>
              <name>Injury</name>
              <mutable>False</mutable>
              <input_type>select</input_type>
              <default_value>No</default_value>
              <values>No
Yes
NA</values>
            </attribute>
            <attribute>
              <name>Notes</name>
              <mutable>False</mutable>
              <input_type>text</input_type>
              <default_value></default_value>
              <values></values>
            </attribute>
            <attribute>
              <name>Sex</name>
              <mutable>False</mutable>
              <input_type>select</input_type>
              <default_value>Male</default_value>
              <values>Male
Female</values>
            </attribute>
            <attribute>
              <name>View</name>
              <mutable>False</mutable>
              <input_type>select</input_type>
              <default_value>Top-down</default_value>
              <values>Top-down
Side</values>
            </attribute>
          </attributes>
        </label>
        <label>
          <name>Sockeye</name>
          <color>#f00026</color>
          <attributes>
            <attribute>
              <name>Adipose Clipped</name>
              <mutable>False</mutable>
              <input_type>select</input_type>
              <default_value>No</default_value>
              <values>No
Yes
NA</values>
            </attribute>
            <attribute>
              <name>Confidence Level</name>
              <mutable>False</mutable>
              <input_type>select</input_type>
              <default_value>3</default_value>
              <values>3
2
1</values>
            </attribute>
            <attribute>
              <name>Injury</name>
              <mutable>False</mutable>
              <input_type>select</input_type>
              <default_value>No</default_value>
              <values>No
Yes
NA</values>
            </attribute>
            <attribute>
              <name>Notes</name>
              <mutable>False</mutable>
              <input_type>text</input_type>
              <default_value></default_value>
              <values></values>
            </attribute>
            <attribute>
              <name>Sex</name>
              <mutable>False</mutable>
              <input_type>select</input_type>
              <default_value>Male</default_value>
              <values>Male
Female</values>
            </attribute>
            <attribute>
              <name>View</name>
              <mutable>False</mutable>
              <input_type>select</input_type>
              <default_value>Top-down</default_value>
              <values>Top-down
Side</values>
            </attribute>
          </attributes>
        </label>
        <label>
          <name>Pink</name>
          <color>#fa7dbb</color>
          <attributes>
            <attribute>
              <name>Adipose Clipped</name>
              <mutable>False</mutable>
              <input_type>select</input_type>
              <default_value>No</default_value>
              <values>No
Yes
NA</values>
            </attribute>
            <attribute>
              <name>Confidence Level</name>
              <mutable>False</mutable>
              <input_type>select</input_type>
              <default_value>3</default_value>
              <values>3
2
1</values>
            </attribute>
            <attribute>
              <name>Injury</name>
              <mutable>False</mutable>
              <input_type>select</input_type>
              <default_value>No</default_value>
              <values>No
Yes
NA</values>
            </attribute>
            <attribute>
              <name>Notes</name>
              <mutable>False</mutable>
              <input_type>text</input_type>
              <default_value></default_value>
              <values></values>
            </attribute>
            <attribute>
              <name>Sex</name>
              <mutable>False</mutable>
              <input_type>select</input_type>
              <default_value>Male</default_value>
              <values>Male
Female</values>
            </attribute>
            <attribute>
              <name>View</name>
              <mutable>False</mutable>
              <input_type>select</input_type>
              <default_value>Top-down</default_value>
              <values>Top-down
Side</values>
            </attribute>
          </attributes>
        </label>
        <label>
          <name>Whitefish</name>
          <color>#d8d8db</color>
          <attributes>
            <attribute>
              <name>Adipose Clipped</name>
              <mutable>False</mutable>
              <input_type>select</input_type>
              <default_value>No</default_value>
              <values>No
Yes
NA</values>
            </attribute>
            <attribute>
              <name>Confidence Level</name>
              <mutable>False</mutable>
              <input_type>select</input_type>
              <default_value>3</default_value>
              <values>3
2
1</values>
            </attribute>
            <attribute>
              <name>Injury</name>
              <mutable>False</mutable>
              <input_type>select</input_type>
              <default_value>No</default_value>
              <values>No
Yes
NA</values>
            </attribute>
            <attribute>
              <name>Notes</name>
              <mutable>False</mutable>
              <input_type>text</input_type>
              <default_value></default_value>
              <values></values>
            </attribute>
            <attribute>
              <name>Sex</name>
              <mutable>False</mutable>
              <input_type>select</input_type>
              <default_value>NA</default_value>
              <values>NA</values>
            </attribute>
            <attribute>
              <name>View</name>
              <mutable>False</mutable>
              <input_type>select</input_type>
              <default_value>Top-down</default_value>
              <values>Top-down
Side</values>
            </attribute>
          </attributes>
        </label>
        <label>
          <name>Chum</name>
          <color>#ffcc33</color>
          <attributes>
            <attribute>
              <name>Adipose Clipped</name>
              <mutable>False</mutable>
              <input_type>select</input_type>
              <default_value>No</default_value>
              <values>No
Yes
NA</values>
            </attribute>
            <attribute>
              <name>Confidence Level</name>
              <mutable>False</mutable>
              <input_type>select</input_type>
              <default_value>3</default_value>
              <values>3
2
1</values>
            </attribute>
            <attribute>
              <name>Injury</name>
              <mutable>False</mutable>
              <input_type>select</input_type>
              <default_value>No</default_value>
              <values>No
Yes
NA</values>
            </attribute>
            <attribute>
              <name>Notes</name>
              <mutable>False</mutable>
              <input_type>text</input_type>
              <default_value></default_value>
              <values></values>
            </attribute>
            <attribute>
              <name>Sex</name>
              <mutable>False</mutable>
              <input_type>select</input_type>
              <default_value>Male</default_value>
              <values>Male
Female</values>
            </attribute>
            <attribute>
              <name>View</name>
              <mutable>False</mutable>
              <input_type>select</input_type>
              <default_value>Top-down</default_value>
              <values>Top-down
Side</values>
            </attribute>
          </attributes>
        </label>
        <label>
          <name>Bull</name>
          <color>#3d3df5</color>
          <attributes>
            <attribute>
              <name>Adipose Clipped</name>
              <mutable>False</mutable>
              <input_type>select</input_type>
              <default_value>No</default_value>
              <values>No
NA</values>
            </attribute>
            <attribute>
              <name>Confidence Level</name>
              <mutable>False</mutable>
              <input_type>select</input_type>
              <default_value>3</default_value>
              <values>3
2
1</values>
            </attribute>
            <attribute>
              <name>Injury</name>
              <mutable>False</mutable>
              <input_type>select</input_type>
              <default_value>No</default_value>
              <values>No
Yes
NA</values>
            </attribute>
            <attribute>
              <name>Notes</name>
              <mutable>False</mutable>
              <input_type>text</input_type>
              <default_value>NA</default_value>
              <values>NA</values>
            </attribute>
            <attribute>
              <name>Sex</name>
              <mutable>False</mutable>
              <input_type>select</input_type>
              <default_value>NA</default_value>
              <values>NA</values>
            </attribute>
            <attribute>
              <name>View</name>
              <mutable>False</mutable>
              <input_type>select</input_type>
              <default_value>Top-down</default_value>
              <values>Top-down
Side</values>
            </attribute>
          </attributes>
        </label>
        <label>
          <name>Coho</name>
          <color>#32b7fa</color>
          <attributes>
            <attribute>
              <name>View</name>
              <mutable>False</mutable>
              <input_type>select</input_type>
              <default_value>Top-down</default_value>
              <values>Top-down
Side</values>
            </attribute>
            <attribute>
              <name>Adipose Clipped</name>
              <mutable>False</mutable>
              <input_type>select</input_type>
              <default_value>No</default_value>
              <values>No
Yes
NA</values>
            </attribute>
            <attribute>
              <name>Confidence Level</name>
              <mutable>False</mutable>
              <input_type>select</input_type>
              <default_value>3</default_value>
              <values>3
2
1</values>
            </attribute>
            <attribute>
              <name>Injury</name>
              <mutable>False</mutable>
              <input_type>select</input_type>
              <default_value>No</default_value>
              <values>No
Yes
NA</values>
            </attribute>
            <attribute>
              <name>Notes</name>
              <mutable>False</mutable>
              <input_type>text</input_type>
              <default_value></default_value>
              <values></values>
            </attribute>
            <attribute>
              <name>Sex</name>
              <mutable>False</mutable>
              <input_type>select</input_type>
              <default_value>Male</default_value>
              <values>Male
Female
Jack</values>
            </attribute>
          </attributes>
        </label>
        <label>
          <name>Rainbow</name>
          <color>#ff914d</color>
          <attributes>
            <attribute>
              <name>Adipose Clipped</name>
              <mutable>False</mutable>
              <input_type>select</input_type>
              <default_value>No</default_value>
              <values>No
Yes
NA</values>
            </attribute>
            <attribute>
              <name>Confidence Level</name>
              <mutable>False</mutable>
              <input_type>select</input_type>
              <default_value>3</default_value>
              <values>3
2
1</values>
            </attribute>
            <attribute>
              <name>Injury</name>
              <mutable>False</mutable>
              <input_type>select</input_type>
              <default_value>No</default_value>
              <values>No
Yes
NA</values>
            </attribute>
            <attribute>
              <name>Notes</name>
              <mutable>False</mutable>
              <input_type>text</input_type>
              <default_value></default_value>
              <values></values>
            </attribute>
            <attribute>
              <name>Sex</name>
              <mutable>False</mutable>
              <input_type>select</input_type>
              <default_value>NA</default_value>
              <values>NA
Juvenile</values>
            </attribute>
            <attribute>
              <name>View</name>
              <mutable>False</mutable>
              <input_type>select</input_type>
              <default_value>Top-down</default_value>
              <values>Top-down
Side</values>
            </attribute>
          </attributes>
        </label>
        <label>
          <name>Pikeminnow</name>
          <color>#a16b00</color>
          <attributes>
            <attribute>
              <name>Confidence Level</name>
              <mutable>False</mutable>
              <input_type>select</input_type>
              <default_value>3</default_value>
              <values>3
2
1</values>
            </attribute>
            <attribute>
              <name>Notes</name>
              <mutable>False</mutable>
              <input_type>text</input_type>
              <default_value>NA</default_value>
              <values>NA</values>
            </attribute>
          </attributes>
        </label>
      </labels>
      <segments>
        <segment>
          <id>387</id>
          <start>0</start>
          <stop>657</stop>
          <url>httplocalhost:8080/?id=387</url>
        </segment>
      </segments>
      <owner>
        <username>jtravers</username>
        <email>jtravers@uoregon.edu</email>
      </owner>
      <assignee></assignee>
      <original_size>
        <width>1920</width>
        <height>1080</height>
      </original_size>
    </task>
    <dumped>2021-08-03 18:15:01.434918+00:00</dumped>
    <source>09-01-2020 02-57-55 M Salmon Camera.m4v</source>
  </meta>
  <track id="0" label="Sockeye" source="manual">
    <box frame="112" outside="0" occluded="1" keyframe="1" xtl="0.00" ytl="712.18" xbr="80.82" ybr="853.18" z_order="0">
      <attribute name="Confidence Level">2</attribute>
      <attribute name="Injury">No</attribute>
      <attribute name="Notes"></attribute>
      <attribute name="Sex">Female</attribute>
      <attribute name="View">Side</attribute>
      <attribute name="Adipose Clipped">No</attribute>
    </box>
    <box frame="113" outside="0" occluded="1" keyframe="0" xtl="0.00" ytl="690.67" xbr="110.63" ybr="869.24" z_order="0">
      <attribute name="Confidence Level">2</attribute>
      <attribute name="Injury">No</attribute>
      <attribute name="Notes"></attribute>
      <attribute name="Sex">Female</attribute>
      <attribute name="View">Side</attribute>
      <attribute name="Adipose Clipped">No</attribute>
    </box>
    <box frame="114" outside="0" occluded="1" keyframe="0" xtl="0.00" ytl="669.16" xbr="140.44" ybr="885.31" z_order="0">
      <attribute name="Confidence Level">2</attribute>
      <attribute name="Injury">No</attribute>
      <attribute name="Notes"></attribute>
      <attribute name="Sex">Female</attribute>
      <attribute name="View">Side</attribute>
      <attribute name="Adipose Clipped">No</attribute>
    </box>
    <box frame="115" outside="0" occluded="1" keyframe="0" xtl="0.00" ytl="647.65" xbr="170.25" ybr="901.37" z_order="0">
      <attribute name="Confidence Level">2</attribute>
      <attribute name="Injury">No</attribute>
      <attribute name="Notes"></attribute>
      <attribute name="Sex">Female</attribute>
      <attribute name="View">Side</attribute>
      <attribute name="Adipose Clipped">No</attribute>
    </box>
    <box frame="116" outside="0" occluded="1" keyframe="0" xtl="0.00" ytl="626.14" xbr="200.06" ybr="917.44" z_order="0">
      <attribute name="Confidence Level">2</attribute>
      <attribute name="Injury">No</attribute>
      <attribute name="Notes"></attribute>
      <attribute name="Sex">Female</attribute>
      <attribute name="View">Side</attribute>
      <attribute name="Adipose Clipped">No</attribute>
    </box>
    <box frame="117" outside="0" occluded="1" keyframe="0" xtl="0.00" ytl="604.63" xbr="229.87" ybr="933.50" z_order="0">
      <attribute name="Confidence Level">2</attribute>
      <attribute name="Injury">No</attribute>
      <attribute name="Notes"></attribute>
      <attribute name="Sex">Female</attribute>
      <attribute name="View">Side</attribute>
      <attribute name="Adipose Clipped">No</attribute>
    </box>
    <box frame="118" outside="0" occluded="1" keyframe="0" xtl="0.00" ytl="583.12" xbr="259.68" ybr="949.57" z_order="0">
      <attribute name="Confidence Level">2</attribute>
      <attribute name="Injury">No</attribute>
      <attribute name="Notes"></attribute>
      <attribute name="Sex">Female</attribute>
      <attribute name="View">Side</attribute>
      <attribute name="Adipose Clipped">No</attribute>
    </box>
    <box frame="119" outside="0" occluded="1" keyframe="0" xtl="0.00" ytl="561.61" xbr="289.49" ybr="965.63" z_order="0">
      <attribute name="Confidence Level">2</attribute>
      <attribute name="Injury">No</attribute>
      <attribute name="Notes"></attribute>
      <attribute name="Sex">Female</attribute>
      <attribute name="View">Side</attribute>
      <attribute name="Adipose Clipped">No</attribute>
    </box>
    <box frame="120" outside="0" occluded="0" keyframe="1" xtl="0.00" ytl="540.10" xbr="319.30" ybr="981.70" z_order="0">
      <attribute name="Confidence Level">2</attribute>
      <attribute name="Injury">No</attribute>
      <attribute name="Notes"></attribute>
      <attribute name="Sex">Female</attribute>
      <attribute name="View">Side</attribute>
      <attribute name="Adipose Clipped">No</attribute>
    </box>
    <box frame="121" outside="0" occluded="0" keyframe="0" xtl="0.00" ytl="526.21" xbr="399.33" ybr="986.68" z_order="0">
      <attribute name="Confidence Level">2</attribute>
      <attribute name="Injury">No</attribute>
      <attribute name="Notes"></attribute>
      <attribute name="Sex">Female</attribute>
      <attribute name="View">Side</attribute>
      <attribute name="Adipose Clipped">No</attribute>
    </box>
    <box frame="122" outside="0" occluded="0" keyframe="0" xtl="0.00" ytl="512.32" xbr="479.36" ybr="991.66" z_order="0">
      <attribute name="Confidence Level">2</attribute>
      <attribute name="Injury">No</attribute>
      <attribute name="Notes"></attribute>
      <attribute name="Sex">Female</attribute>
      <attribute name="View">Side</attribute>
      <attribute name="Adipose Clipped">No</attribute>
    </box>
    <box frame="123" outside="0" occluded="0" keyframe="0" xtl="0.00" ytl="498.43" xbr="559.39" ybr="996.64" z_order="0">
      <attribute name="Confidence Level">2</attribute>
      <attribute name="Injury">No</attribute>
      <attribute name="Notes"></attribute>
      <attribute name="Sex">Female</attribute>
      <attribute name="View">Side</attribute>
      <attribute name="Adipose Clipped">No</attribute>
    </box>
    <box frame="124" outside="0" occluded="0" keyframe="0" xtl="0.00" ytl="484.54" xbr="639.42" ybr="1001.62" z_order="0">
      <attribute name="Confidence Level">2</attribute>
      <attribute name="Injury">No</attribute>
      <attribute name="Notes"></attribute>
      <attribute name="Sex">Female</attribute>
      <attribute name="View">Side</attribute>
      <attribute name="Adipose Clipped">No</attribute>
    </box>
    <box frame="125" outside="0" occluded="0" keyframe="0" xtl="0.00" ytl="470.65" xbr="719.45" ybr="1006.60" z_order="0">
      <attribute name="Confidence Level">2</attribute>
      <attribute name="Injury">No</attribute>
      <attribute name="Notes"></attribute>
      <attribute name="Sex">Female</attribute>
      <attribute name="View">Side</attribute>
      <attribute name="Adipose Clipped">No</attribute>
    </box>
    <box frame="126" outside="0" occluded="0" keyframe="0" xtl="0.00" ytl="456.76" xbr="799.48" ybr="1011.58" z_order="0">
      <attribute name="Confidence Level">2</attribute>
      <attribute name="Injury">No</attribute>
      <attribute name="Notes"></attribute>
      <attribute name="Sex">Female</attribute>
      <attribute name="View">Side</attribute>
      <attribute name="Adipose Clipped">No</attribute>
    </box>
    <box frame="127" outside="0" occluded="0" keyframe="0" xtl="0.00" ytl="442.87" xbr="879.51" ybr="1016.56" z_order="0">
      <attribute name="Confidence Level">2</attribute>
      <attribute name="Injury">No</attribute>
      <attribute name="Notes"></attribute>
      <attribute name="Sex">Female</attribute>
      <attribute name="View">Side</attribute>
      <attribute name="Adipose Clipped">No</attribute>
    </box>
    <box frame="128" outside="0" occluded="0" keyframe="0" xtl="0.00" ytl="428.98" xbr="959.54" ybr="1021.54" z_order="0">
      <attribute name="Confidence Level">2</attribute>
      <attribute name="Injury">No</attribute>
      <attribute name="Notes"></attribute>
      <attribute name="Sex">Female</attribute>
      <attribute name="View">Side</attribute>
      <attribute name="Adipose Clipped">No</attribute>
    </box>
    <box frame="129" outside="0" occluded="0" keyframe="0" xtl="0.00" ytl="415.09" xbr="1039.57" ybr="1026.52" z_order="0">
      <attribute name="Confidence Level">2</attribute>
      <attribute name="Injury">No</attribute>
      <attribute name="Notes"></attribute>
      <attribute name="Sex">Female</attribute>
      <attribute name="View">Side</attribute>
      <attribute name="Adipose Clipped">No</attribute>
    </box>
    <box frame="130" outside="0" occluded="0" keyframe="1" xtl="0.00" ytl="401.20" xbr="1119.60" ybr="1031.50" z_order="0">
      <attribute name="Confidence Level">2</attribute>
      <attribute name="Injury">No</attribute>
      <attribute name="Notes"></attribute>
      <attribute name="Sex">Female</attribute>
      <attribute name="View">Side</attribute>
      <attribute name="Adipose Clipped">No</attribute>
    </box>
    <box frame="131" outside="0" occluded="0" keyframe="0" xtl="0.00" ytl="388.55" xbr="1199.64" ybr="1031.50" z_order="0">
      <attribute name="Confidence Level">2</attribute>
      <attribute name="Injury">No</attribute>
      <attribute name="Notes"></attribute>
      <attribute name="Sex">Female</attribute>
      <attribute name="View">Side</attribute>
      <attribute name="Adipose Clipped">No</attribute>
    </box>
    <box frame="132" outside="0" occluded="0" keyframe="0" xtl="0.00" ytl="375.90" xbr="1279.68" ybr="1031.50" z_order="0">
      <attribute name="Confidence Level">2</attribute>
      <attribute name="Injury">No</attribute>
      <attribute name="Notes"></attribute>
      <attribute name="Sex">Female</attribute>
      <attribute name="View">Side</attribute>
      <attribute name="Adipose Clipped">No</attribute>
    </box>
    <box frame="133" outside="0" occluded="0" keyframe="0" xtl="0.00" ytl="363.25" xbr="1359.72" ybr="1031.50" z_order="0">
      <attribute name="Confidence Level">2</attribute>
      <attribute name="Injury">No</attribute>
      <attribute name="Notes"></attribute>
      <attribute name="Sex">Female</attribute>
      <attribute name="View">Side</attribute>
      <attribute name="Adipose Clipped">No</attribute>
    </box>
    <box frame="134" outside="0" occluded="0" keyframe="0" xtl="0.00" ytl="350.60" xbr="1439.76" ybr="1031.50" z_order="0">
      <attribute name="Confidence Level">2</attribute>
      <attribute name="Injury">No</attribute>
      <attribute name="Notes"></attribute>
      <attribute name="Sex">Female</attribute>
      <attribute name="View">Side</attribute>
      <attribute name="Adipose Clipped">No</attribute>
    </box>
    <box frame="135" outside="0" occluded="0" keyframe="0" xtl="0.00" ytl="337.95" xbr="1519.80" ybr="1031.50" z_order="0">
      <attribute name="Confidence Level">2</attribute>
      <attribute name="Injury">No</attribute>
      <attribute name="Notes"></attribute>
      <attribute name="Sex">Female</attribute>
      <attribute name="View">Side</attribute>
      <attribute name="Adipose Clipped">No</attribute>
    </box>
    <box frame="136" outside="0" occluded="0" keyframe="0" xtl="0.00" ytl="325.30" xbr="1599.84" ybr="1031.50" z_order="0">
      <attribute name="Confidence Level">2</attribute>
      <attribute name="Injury">No</attribute>
      <attribute name="Notes"></attribute>
      <attribute name="Sex">Female</attribute>
      <attribute name="View">Side</attribute>
      <attribute name="Adipose Clipped">No</attribute>
    </box>
    <box frame="137" outside="0" occluded="0" keyframe="0" xtl="0.00" ytl="312.65" xbr="1679.88" ybr="1031.50" z_order="0">
      <attribute name="Confidence Level">2</attribute>
      <attribute name="Injury">No</attribute>
      <attribute name="Notes"></attribute>
      <attribute name="Sex">Female</attribute>
      <attribute name="View">Side</attribute>
      <attribute name="Adipose Clipped">No</attribute>
    </box>
    <box frame="138" outside="0" occluded="0" keyframe="0" xtl="0.00" ytl="300.00" xbr="1759.92" ybr="1031.50" z_order="0">
      <attribute name="Confidence Level">2</attribute>
      <attribute name="Injury">No</attribute>
      <attribute name="Notes"></attribute>
      <attribute name="Sex">Female</attribute>
      <attribute name="View">Side</attribute>
      <attribute name="Adipose Clipped">No</attribute>
    </box>
    <box frame="139" outside="0" occluded="0" keyframe="0" xtl="0.00" ytl="287.35" xbr="1839.96" ybr="1031.50" z_order="0">
      <attribute name="Confidence Level">2</attribute>
      <attribute name="Injury">No</attribute>
      <attribute name="Notes"></attribute>
      <attribute name="Sex">Female</attribute>
      <attribute name="View">Side</attribute>
      <attribute name="Adipose Clipped">No</attribute>
    </box>
    <box frame="140" outside="0" occluded="0" keyframe="1" xtl="0.00" ytl="274.70" xbr="1920.00" ybr="1031.50" z_order="0">
      <attribute name="Confidence Level">2</attribute>
      <attribute name="Injury">No</attribute>
      <attribute name="Notes"></attribute>
      <attribute name="Sex">Female</attribute>
      <attribute name="View">Side</attribute>
      <attribute name="Adipose Clipped">No</attribute>
    </box>
    <box frame="141" outside="0" occluded="0" keyframe="0" xtl="0.00" ytl="275.52" xbr="1920.00" ybr="1031.50" z_order="0">
      <attribute name="Confidence Level">2</attribute>
      <attribute name="Injury">No</attribute>
      <attribute name="Notes"></attribute>
      <attribute name="Sex">Female</attribute>
      <attribute name="View">Side</attribute>
      <attribute name="Adipose Clipped">No</attribute>
    </box>
    <box frame="142" outside="0" occluded="0" keyframe="0" xtl="0.00" ytl="276.34" xbr="1920.00" ybr="1031.50" z_order="0">
      <attribute name="Confidence Level">2</attribute>
      <attribute name="Injury">No</attribute>
      <attribute name="Notes"></attribute>
      <attribute name="Sex">Female</attribute>
      <attribute name="View">Side</attribute>
      <attribute name="Adipose Clipped">No</attribute>
    </box>
    <box frame="143" outside="0" occluded="0" keyframe="0" xtl="0.00" ytl="277.16" xbr="1920.00" ybr="1031.50" z_order="0">
      <attribute name="Confidence Level">2</attribute>
      <attribute name="Injury">No</attribute>
      <attribute name="Notes"></attribute>
      <attribute name="Sex">Female</attribute>
      <attribute name="View">Side</attribute>
      <attribute name="Adipose Clipped">No</attribute>
    </box>
    <box frame="144" outside="0" occluded="0" keyframe="0" xtl="0.00" ytl="277.98" xbr="1920.00" ybr="1031.50" z_order="0">
      <attribute name="Confidence Level">2</attribute>
      <attribute name="Injury">No</attribute>
      <attribute name="Notes"></attribute>
      <attribute name="Sex">Female</attribute>
      <attribute name="View">Side</attribute>
      <attribute name="Adipose Clipped">No</attribute>
    </box>
    <box frame="145" outside="0" occluded="0" keyframe="1" xtl="0.00" ytl="278.80" xbr="1920.00" ybr="1031.50" z_order="0">
      <attribute name="Confidence Level">2</attribute>
      <attribute name="Injury">No</attribute>
      <attribute name="Notes"></attribute>
      <attribute name="Sex">Female</attribute>
      <attribute name="View">Side</attribute>
      <attribute name="Adipose Clipped">No</attribute>
    </box>
    <box frame="146" outside="0" occluded="0" keyframe="0" xtl="73.81" ytl="289.58" xbr="1920.00" ybr="1026.94" z_order="0">
      <attribute name="Confidence Level">2</attribute>
      <attribute name="Injury">No</attribute>
      <attribute name="Notes"></attribute>
      <attribute name="Sex">Female</attribute>
      <attribute name="View">Side</attribute>
      <attribute name="Adipose Clipped">No</attribute>
    </box>
    <box frame="147" outside="0" occluded="0" keyframe="0" xtl="147.62" ytl="300.36" xbr="1920.00" ybr="1022.38" z_order="0">
      <attribute name="Confidence Level">2</attribute>
      <attribute name="Injury">No</attribute>
      <attribute name="Notes"></attribute>
      <attribute name="Sex">Female</attribute>
      <attribute name="View">Side</attribute>
      <attribute name="Adipose Clipped">No</attribute>
    </box>
    <box frame="148" outside="0" occluded="0" keyframe="0" xtl="221.43" ytl="311.14" xbr="1920.00" ybr="1017.82" z_order="0">
      <attribute name="Confidence Level">2</attribute>
      <attribute name="Injury">No</attribute>
      <attribute name="Notes"></attribute>
      <attribute name="Sex">Female</attribute>
      <attribute name="View">Side</attribute>
      <attribute name="Adipose Clipped">No</attribute>
    </box>
    <box frame="149" outside="0" occluded="0" keyframe="0" xtl="295.24" ytl="321.92" xbr="1920.00" ybr="1013.25" z_order="0">
      <attribute name="Confidence Level">2</attribute>
      <attribute name="Injury">No</attribute>
      <attribute name="Notes"></attribute>
      <attribute name="Sex">Female</attribute>
      <attribute name="View">Side</attribute>
      <attribute name="Adipose Clipped">No</attribute>
    </box>
    <box frame="150" outside="0" occluded="0" keyframe="0" xtl="369.05" ytl="332.70" xbr="1920.00" ybr="1008.69" z_order="0">
      <attribute name="Confidence Level">2</attribute>
      <attribute name="Injury">No</attribute>
      <attribute name="Notes"></attribute>
      <attribute name="Sex">Female</attribute>
      <attribute name="View">Side</attribute>
      <attribute name="Adipose Clipped">No</attribute>
    </box>
    <box frame="151" outside="0" occluded="0" keyframe="0" xtl="442.86" ytl="343.48" xbr="1920.00" ybr="1004.13" z_order="0">
      <attribute name="Confidence Level">2</attribute>
      <attribute name="Injury">No</attribute>
      <attribute name="Notes"></attribute>
      <attribute name="Sex">Female</attribute>
      <attribute name="View">Side</attribute>
      <attribute name="Adipose Clipped">No</attribute>
    </box>
    <box frame="152" outside="0" occluded="0" keyframe="0" xtl="516.67" ytl="354.26" xbr="1920.00" ybr="999.57" z_order="0">
      <attribute name="Confidence Level">2</attribute>
      <attribute name="Injury">No</attribute>
      <attribute name="Notes"></attribute>
      <attribute name="Sex">Female</attribute>
      <attribute name="View">Side</attribute>
      <attribute name="Adipose Clipped">No</attribute>
    </box>
    <box frame="153" outside="0" occluded="0" keyframe="0" xtl="590.48" ytl="365.04" xbr="1920.00" ybr="995.01" z_order="0">
      <attribute name="Confidence Level">2</attribute>
      <attribute name="Injury">No</attribute>
      <attribute name="Notes"></attribute>
      <attribute name="Sex">Female</attribute>
      <attribute name="View">Side</attribute>
      <attribute name="Adipose Clipped">No</attribute>
    </box>
    <box frame="154" outside="0" occluded="0" keyframe="0" xtl="664.29" ytl="375.82" xbr="1920.00" ybr="990.45" z_order="0">
      <attribute name="Confidence Level">2</attribute>
      <attribute name="Injury">No</attribute>
      <attribute name="Notes"></attribute>
      <attribute name="Sex">Female</attribute>
      <attribute name="View">Side</attribute>
      <attribute name="Adipose Clipped">No</attribute>
    </box>
    <box frame="155" outside="0" occluded="0" keyframe="1" xtl="738.10" ytl="386.60" xbr="1920.00" ybr="985.88" z_order="0">
      <attribute name="Confidence Level">2</attribute>
      <attribute name="Injury">No</attribute>
      <attribute name="Notes"></attribute>
      <attribute name="Sex">Female</attribute>
      <attribute name="View">Side</attribute>
      <attribute name="Adipose Clipped">No</attribute>
    </box>
    <box frame="156" outside="0" occluded="0" keyframe="0" xtl="819.48" ytl="389.70" xbr="1920.00" ybr="979.66" z_order="0">
      <attribute name="Confidence Level">2</attribute>
      <attribute name="Injury">No</attribute>
      <attribute name="Notes"></attribute>
      <attribute name="Sex">Female</attribute>
      <attribute name="View">Side</attribute>
      <attribute name="Adipose Clipped">No</attribute>
    </box>
    <box frame="157" outside="0" occluded="0" keyframe="0" xtl="900.85" ytl="392.80" xbr="1920.00" ybr="973.44" z_order="0">
      <attribute name="Confidence Level">2</attribute>
      <attribute name="Injury">No</attribute>
      <attribute name="Notes"></attribute>
      <attribute name="Sex">Female</attribute>
      <attribute name="View">Side</attribute>
      <attribute name="Adipose Clipped">No</attribute>
    </box>
    <box frame="158" outside="0" occluded="0" keyframe="0" xtl="982.23" ytl="395.90" xbr="1920.00" ybr="967.22" z_order="0">
      <attribute name="Confidence Level">2</attribute>
      <attribute name="Injury">No</attribute>
      <attribute name="Notes"></attribute>
      <attribute name="Sex">Female</attribute>
      <attribute name="View">Side</attribute>
      <attribute name="Adipose Clipped">No</attribute>
    </box>
    <box frame="159" outside="0" occluded="0" keyframe="1" xtl="1063.60" ytl="399.00" xbr="1920.00" ybr="961.00" z_order="0">
      <attribute name="Confidence Level">2</attribute>
      <attribute name="Injury">No</attribute>
      <attribute name="Notes"></attribute>
      <attribute name="Sex">Female</attribute>
      <attribute name="View">Side</attribute>
      <attribute name="Adipose Clipped">No</attribute>
    </box>
    <box frame="160" outside="0" occluded="0" keyframe="0" xtl="1084.93" ytl="397.96" xbr="1920.00" ybr="950.05" z_order="0">
      <attribute name="Confidence Level">2</attribute>
      <attribute name="Injury">No</attribute>
      <attribute name="Notes"></attribute>
      <attribute name="Sex">Female</attribute>
      <attribute name="View">Side</attribute>
      <attribute name="Adipose Clipped">No</attribute>
    </box>
    <box frame="161" outside="0" occluded="0" keyframe="0" xtl="1106.25" ytl="396.93" xbr="1920.00" ybr="939.09" z_order="0">
      <attribute name="Confidence Level">2</attribute>
      <attribute name="Injury">No</attribute>
      <attribute name="Notes"></attribute>
      <attribute name="Sex">Female</attribute>
      <attribute name="View">Side</attribute>
      <attribute name="Adipose Clipped">No</attribute>
    </box>
    <box frame="162" outside="0" occluded="0" keyframe="0" xtl="1127.58" ytl="395.89" xbr="1920.00" ybr="928.13" z_order="0">
      <attribute name="Confidence Level">2</attribute>
      <attribute name="Injury">No</attribute>
      <attribute name="Notes"></attribute>
      <attribute name="Sex">Female</attribute>
      <attribute name="View">Side</attribute>
      <attribute name="Adipose Clipped">No</attribute>
    </box>
    <box frame="163" outside="0" occluded="0" keyframe="0" xtl="1148.90" ytl="394.85" xbr="1920.00" ybr="917.17" z_order="0">
      <attribute name="Confidence Level">2</attribute>
      <attribute name="Injury">No</attribute>
      <attribute name="Notes"></attribute>
      <attribute name="Sex">Female</attribute>
      <attribute name="View">Side</attribute>
      <attribute name="Adipose Clipped">No</attribute>
    </box>
    <box frame="164" outside="0" occluded="0" keyframe="0" xtl="1170.23" ytl="393.82" xbr="1920.00" ybr="906.21" z_order="0">
      <attribute name="Confidence Level">2</attribute>
      <attribute name="Injury">No</attribute>
      <attribute name="Notes"></attribute>
      <attribute name="Sex">Female</attribute>
      <attribute name="View">Side</attribute>
      <attribute name="Adipose Clipped">No</attribute>
    </box>
    <box frame="165" outside="0" occluded="0" keyframe="0" xtl="1191.55" ytl="392.78" xbr="1920.00" ybr="895.25" z_order="0">
      <attribute name="Confidence Level">2</attribute>
      <attribute name="Injury">No</attribute>
      <attribute name="Notes"></attribute>
      <attribute name="Sex">Female</attribute>
      <attribute name="View">Side</attribute>
      <attribute name="Adipose Clipped">No</attribute>
    </box>
    <box frame="166" outside="0" occluded="0" keyframe="0" xtl="1212.88" ytl="391.74" xbr="1920.00" ybr="884.29" z_order="0">
      <attribute name="Confidence Level">2</attribute>
      <attribute name="Injury">No</attribute>
      <attribute name="Notes"></attribute>
      <attribute name="Sex">Female</attribute>
      <attribute name="View">Side</attribute>
      <attribute name="Adipose Clipped">No</attribute>
    </box>
    <box frame="167" outside="0" occluded="0" keyframe="0" xtl="1234.21" ytl="390.71" xbr="1920.00" ybr="873.34" z_order="0">
      <attribute name="Confidence Level">2</attribute>
      <attribute name="Injury">No</attribute>
      <attribute name="Notes"></attribute>
      <attribute name="Sex">Female</attribute>
      <attribute name="View">Side</attribute>
      <attribute name="Adipose Clipped">No</attribute>
    </box>
    <box frame="168" outside="0" occluded="0" keyframe="0" xtl="1255.53" ytl="389.67" xbr="1920.00" ybr="862.38" z_order="0">
      <attribute name="Confidence Level">2</attribute>
      <attribute name="Injury">No</attribute>
      <attribute name="Notes"></attribute>
      <attribute name="Sex">Female</attribute>
      <attribute name="View">Side</attribute>
      <attribute name="Adipose Clipped">No</attribute>
    </box>
    <box frame="169" outside="0" occluded="0" keyframe="0" xtl="1276.86" ytl="388.63" xbr="1920.00" ybr="851.42" z_order="0">
      <attribute name="Confidence Level">2</attribute>
      <attribute name="Injury">No</attribute>
      <attribute name="Notes"></attribute>
      <attribute name="Sex">Female</attribute>
      <attribute name="View">Side</attribute>
      <attribute name="Adipose Clipped">No</attribute>
    </box>
    <box frame="170" outside="0" occluded="0" keyframe="0" xtl="1298.18" ytl="387.60" xbr="1920.00" ybr="840.46" z_order="0">
      <attribute name="Confidence Level">2</attribute>
      <attribute name="Injury">No</attribute>
      <attribute name="Notes"></attribute>
      <attribute name="Sex">Female</attribute>
      <attribute name="View">Side</attribute>
      <attribute name="Adipose Clipped">No</attribute>
    </box>
    <box frame="171" outside="0" occluded="0" keyframe="0" xtl="1319.51" ytl="386.56" xbr="1920.00" ybr="829.50" z_order="0">
      <attribute name="Confidence Level">2</attribute>
      <attribute name="Injury">No</attribute>
      <attribute name="Notes"></attribute>
      <attribute name="Sex">Female</attribute>
      <attribute name="View">Side</attribute>
      <attribute name="Adipose Clipped">No</attribute>
    </box>
    <box frame="172" outside="0" occluded="0" keyframe="0" xtl="1340.84" ytl="385.52" xbr="1920.00" ybr="818.54" z_order="0">
      <attribute name="Confidence Level">2</attribute>
      <attribute name="Injury">No</attribute>
      <attribute name="Notes"></attribute>
      <attribute name="Sex">Female</attribute>
      <attribute name="View">Side</attribute>
      <attribute name="Adipose Clipped">No</attribute>
    </box>
    <box frame="173" outside="0" occluded="0" keyframe="1" xtl="1362.16" ytl="384.49" xbr="1920.00" ybr="807.59" z_order="0">
      <attribute name="Confidence Level">2</attribute>
      <attribute name="Injury">No</attribute>
      <attribute name="Notes"></attribute>
      <attribute name="Sex">Female</attribute>
      <attribute name="View">Side</attribute>
      <attribute name="Adipose Clipped">No</attribute>
    </box>
    <box frame="174" outside="0" occluded="0" keyframe="0" xtl="1381.85" ytl="392.43" xbr="1920.00" ybr="811.39" z_order="0">
      <attribute name="Confidence Level">2</attribute>
      <attribute name="Injury">No</attribute>
      <attribute name="Notes"></attribute>
      <attribute name="Sex">Female</attribute>
      <attribute name="View">Side</attribute>
      <attribute name="Adipose Clipped">No</attribute>
    </box>
    <box frame="175" outside="0" occluded="0" keyframe="0" xtl="1401.54" ytl="400.38" xbr="1920.00" ybr="815.19" z_order="0">
      <attribute name="Confidence Level">2</attribute>
      <attribute name="Injury">No</attribute>
      <attribute name="Notes"></attribute>
      <attribute name="Sex">Female</attribute>
      <attribute name="View">Side</attribute>
      <attribute name="Adipose Clipped">No</attribute>
    </box>
    <box frame="176" outside="0" occluded="0" keyframe="0" xtl="1421.23" ytl="408.33" xbr="1920.00" ybr="818.99" z_order="0">
      <attribute name="Confidence Level">2</attribute>
      <attribute name="Injury">No</attribute>
      <attribute name="Notes"></attribute>
      <attribute name="Sex">Female</attribute>
      <attribute name="View">Side</attribute>
      <attribute name="Adipose Clipped">No</attribute>
    </box>
    <box frame="177" outside="0" occluded="0" keyframe="0" xtl="1440.92" ytl="416.28" xbr="1920.00" ybr="822.80" z_order="0">
      <attribute name="Confidence Level">2</attribute>
      <attribute name="Injury">No</attribute>
      <attribute name="Notes"></attribute>
      <attribute name="Sex">Female</attribute>
      <attribute name="View">Side</attribute>
      <attribute name="Adipose Clipped">No</attribute>
    </box>
    <box frame="178" outside="0" occluded="0" keyframe="0" xtl="1460.61" ytl="424.23" xbr="1920.00" ybr="826.60" z_order="0">
      <attribute name="Confidence Level">2</attribute>
      <attribute name="Injury">No</attribute>
      <attribute name="Notes"></attribute>
      <attribute name="Sex">Female</attribute>
      <attribute name="View">Side</attribute>
      <attribute name="Adipose Clipped">No</attribute>
    </box>
    <box frame="179" outside="0" occluded="0" keyframe="1" xtl="1480.30" ytl="432.17" xbr="1920.00" ybr="830.40" z_order="0">
      <attribute name="Confidence Level">2</attribute>
      <attribute name="Injury">No</attribute>
      <attribute name="Notes"></attribute>
      <attribute name="Sex">Female</attribute>
      <attribute name="View">Side</attribute>
      <attribute name="Adipose Clipped">No</attribute>
    </box>
    <box frame="180" outside="0" occluded="0" keyframe="0" xtl="1520.39" ytl="432.86" xbr="1920.00" ybr="831.09" z_order="0">
      <attribute name="Confidence Level">2</attribute>
      <attribute name="Injury">No</attribute>
      <attribute name="Notes"></attribute>
      <attribute name="Sex">Female</attribute>
      <attribute name="View">Side</attribute>
      <attribute name="Adipose Clipped">No</attribute>
    </box>
    <box frame="181" outside="0" occluded="0" keyframe="0" xtl="1560.47" ytl="433.56" xbr="1920.00" ybr="831.78" z_order="0">
      <attribute name="Confidence Level">2</attribute>
      <attribute name="Injury">No</attribute>
      <attribute name="Notes"></attribute>
      <attribute name="Sex">Female</attribute>
      <attribute name="View">Side</attribute>
      <attribute name="Adipose Clipped">No</attribute>
    </box>
    <box frame="182" outside="0" occluded="1" keyframe="1" xtl="1600.56" ytl="434.25" xbr="1920.00" ybr="832.47" z_order="0">
      <attribute name="Confidence Level">2</attribute>
      <attribute name="Injury">No</attribute>
      <attribute name="Notes"></attribute>
      <attribute name="Sex">Female</attribute>
      <attribute name="View">Side</attribute>
      <attribute name="Adipose Clipped">No</attribute>
    </box>
    <box frame="183" outside="0" occluded="1" keyframe="0" xtl="1613.59" ytl="438.40" xbr="1920.00" ybr="832.47" z_order="0">
      <attribute name="Confidence Level">2</attribute>
      <attribute name="Injury">No</attribute>
      <attribute name="Notes"></attribute>
      <attribute name="Sex">Female</attribute>
      <attribute name="View">Side</attribute>
      <attribute name="Adipose Clipped">No</attribute>
    </box>
    <box frame="184" outside="0" occluded="1" keyframe="0" xtl="1626.63" ytl="442.55" xbr="1920.00" ybr="832.47" z_order="0">
      <attribute name="Confidence Level">2</attribute>
      <attribute name="Injury">No</attribute>
      <attribute name="Notes"></attribute>
      <attribute name="Sex">Female</attribute>
      <attribute name="View">Side</attribute>
      <attribute name="Adipose Clipped">No</attribute>
    </box>
    <box frame="185" outside="0" occluded="1" keyframe="0" xtl="1639.66" ytl="446.70" xbr="1920.00" ybr="832.47" z_order="0">
      <attribute name="Confidence Level">2</attribute>
      <attribute name="Injury">No</attribute>
      <attribute name="Notes"></attribute>
      <attribute name="Sex">Female</attribute>
      <attribute name="View">Side</attribute>
      <attribute name="Adipose Clipped">No</attribute>
    </box>
    <box frame="186" outside="0" occluded="1" keyframe="0" xtl="1652.70" ytl="450.85" xbr="1920.00" ybr="832.47" z_order="0">
      <attribute name="Confidence Level">2</attribute>
      <attribute name="Injury">No</attribute>
      <attribute name="Notes"></attribute>
      <attribute name="Sex">Female</attribute>
      <attribute name="View">Side</attribute>
      <attribute name="Adipose Clipped">No</attribute>
    </box>
    <box frame="187" outside="0" occluded="1" keyframe="0" xtl="1665.73" ytl="455.00" xbr="1920.00" ybr="832.47" z_order="0">
      <attribute name="Confidence Level">2</attribute>
      <attribute name="Injury">No</attribute>
      <attribute name="Notes"></attribute>
      <attribute name="Sex">Female</attribute>
      <attribute name="View">Side</attribute>
      <attribute name="Adipose Clipped">No</attribute>
    </box>
    <box frame="188" outside="0" occluded="1" keyframe="0" xtl="1678.77" ytl="459.15" xbr="1920.00" ybr="832.47" z_order="0">
      <attribute name="Confidence Level">2</attribute>
      <attribute name="Injury">No</attribute>
      <attribute name="Notes"></attribute>
      <attribute name="Sex">Female</attribute>
      <attribute name="View">Side</attribute>
      <attribute name="Adipose Clipped">No</attribute>
    </box>
    <box frame="189" outside="0" occluded="1" keyframe="1" xtl="1691.80" ytl="463.30" xbr="1920.00" ybr="832.47" z_order="0">
      <attribute name="Confidence Level">2</attribute>
      <attribute name="Injury">No</attribute>
      <attribute name="Notes"></attribute>
      <attribute name="Sex">Female</attribute>
      <attribute name="View">Side</attribute>
      <attribute name="Adipose Clipped">No</attribute>
    </box>
    <box frame="190" outside="0" occluded="1" keyframe="1" xtl="1724.98" ytl="457.08" xbr="1920.00" ybr="826.25" z_order="0">
      <attribute name="Confidence Level">2</attribute>
      <attribute name="Injury">No</attribute>
      <attribute name="Notes"></attribute>
      <attribute name="Sex">Female</attribute>
      <attribute name="View">Side</attribute>
      <attribute name="Adipose Clipped">No</attribute>
    </box>
    <box frame="191" outside="0" occluded="1" keyframe="0" xtl="1762.30" ytl="443.60" xbr="1920.00" ybr="812.77" z_order="0">
      <attribute name="Confidence Level">2</attribute>
      <attribute name="Injury">No</attribute>
      <attribute name="Notes"></attribute>
      <attribute name="Sex">Female</attribute>
      <attribute name="View">Side</attribute>
      <attribute name="Adipose Clipped">No</attribute>
    </box>
    <box frame="192" outside="0" occluded="1" keyframe="1" xtl="1799.62" ytl="430.12" xbr="1920.00" ybr="799.30" z_order="0">
      <attribute name="Confidence Level">2</attribute>
      <attribute name="Injury">No</attribute>
      <attribute name="Notes"></attribute>
      <attribute name="Sex">Female</attribute>
      <attribute name="View">Side</attribute>
      <attribute name="Adipose Clipped">No</attribute>
    </box>
    <box frame="193" outside="0" occluded="1" keyframe="1" xtl="1830.70" ytl="436.30" xbr="1920.00" ybr="799.30" z_order="0">
      <attribute name="Confidence Level">2</attribute>
      <attribute name="Injury">No</attribute>
      <attribute name="Notes"></attribute>
      <attribute name="Sex">Female</attribute>
      <attribute name="View">Side</attribute>
      <attribute name="Adipose Clipped">No</attribute>
    </box>
    <box frame="194" outside="0" occluded="1" keyframe="0" xtl="1830.70" ytl="436.30" xbr="1920.00" ybr="799.30" z_order="0">
      <attribute name="Confidence Level">2</attribute>
      <attribute name="Injury">No</attribute>
      <attribute name="Notes"></attribute>
      <attribute name="Sex">Female</attribute>
      <attribute name="View">Side</attribute>
      <attribute name="Adipose Clipped">No</attribute>
    </box>
    <box frame="195" outside="0" occluded="1" keyframe="0" xtl="1830.70" ytl="436.30" xbr="1920.00" ybr="799.30" z_order="0">
      <attribute name="Confidence Level">2</attribute>
      <attribute name="Injury">No</attribute>
      <attribute name="Notes"></attribute>
      <attribute name="Sex">Female</attribute>
      <attribute name="View">Side</attribute>
      <attribute name="Adipose Clipped">No</attribute>
    </box>
    <box frame="196" outside="0" occluded="1" keyframe="0" xtl="1830.70" ytl="436.30" xbr="1920.00" ybr="799.30" z_order="0">
      <attribute name="Confidence Level">2</attribute>
      <attribute name="Injury">No</attribute>
      <attribute name="Notes"></attribute>
      <attribute name="Sex">Female</attribute>
      <attribute name="View">Side</attribute>
      <attribute name="Adipose Clipped">No</attribute>
    </box>
    <box frame="197" outside="0" occluded="1" keyframe="0" xtl="1830.70" ytl="436.30" xbr="1920.00" ybr="799.30" z_order="0">
      <attribute name="Confidence Level">2</attribute>
      <attribute name="Injury">No</attribute>
      <attribute name="Notes"></attribute>
      <attribute name="Sex">Female</attribute>
      <attribute name="View">Side</attribute>
      <attribute name="Adipose Clipped">No</attribute>
    </box>
    <box frame="198" outside="1" occluded="1" keyframe="1" xtl="1830.70" ytl="436.30" xbr="1920.00" ybr="799.30" z_order="0">
      <attribute name="Confidence Level">2</attribute>
      <attribute name="Injury">No</attribute>
      <attribute name="Notes"></attribute>
      <attribute name="Sex">Female</attribute>
      <attribute name="View">Side</attribute>
      <attribute name="Adipose Clipped">No</attribute>
    </box>
  </track>
</annotations>