<?xml version="1.0" encoding="utf-8"?>
<annotations>
  <version>1.1</version>
  <meta>
    <task>
      <id>169</id>
      <name>09-10-2020 20-23-25 M Salmon Camera</name>
      <size>660</size>
      <mode>interpolation</mode>
      <overlap>5</overlap>
      <bugtracker></bugtracker>
      <created>2021-12-10 23:24:19.412281+00:00</created>
      <updated>2021-12-10 23:54:05.906637+00:00</updated>
      <subset>default</subset>
      <start_frame>0</start_frame>
      <stop_frame>659</stop_frame>
      <frame_filter></frame_filter>
      <segments>
        <segment>
          <id>169</id>
          <start>0</start>
          <stop>659</stop>
          <url>httplocalhost:8080/?id=169</url>
        </segment>
      </segments>
      <owner>
        <username>scurfield</username>
        <email>dan.scurfield@gmail.com</email>
      </owner>
      <assignee></assignee>
      <labels>
        <label>
          <name>Coho</name>
          <color>#83e070</color>
          <attributes>
            <attribute>
              <name>Adipose Clipped</name>
              <mutable>False</mutable>
              <input_type>select</input_type>
              <default_value>No</default_value>
              <values>No
Yes
NA</values>
            </attribute>
            <attribute>
              <name>confidence level</name>
              <mutable>False</mutable>
              <input_type>select</input_type>
              <default_value>3</default_value>
              <values>3
2
1</values>
            </attribute>
            <attribute>
              <name>injury</name>
              <mutable>False</mutable>
              <input_type>select</input_type>
              <default_value>No</default_value>
              <values>No
Yes
NA</values>
            </attribute>
            <attribute>
              <name>notes</name>
              <mutable>False</mutable>
              <input_type>text</input_type>
              <default_value>NA</default_value>
              <values>NA</values>
            </attribute>
            <attribute>
              <name>sex</name>
              <mutable>False</mutable>
              <input_type>select</input_type>
              <default_value>Male</default_value>
              <values>Male
Female
Jack</values>
            </attribute>
            <attribute>
              <name>view</name>
              <mutable>False</mutable>
              <input_type>select</input_type>
              <default_value>Side</default_value>
              <values>Side
Top-down</values>
            </attribute>
          </attributes>
        </label>
        <label>
          <name>Bull</name>
          <color>#20c000</color>
          <attributes>
            <attribute>
              <name>adipose clipped</name>
              <mutable>False</mutable>
              <input_type>select</input_type>
              <default_value>No</default_value>
              <values>No
NA</values>
            </attribute>
            <attribute>
              <name>confidence level</name>
              <mutable>False</mutable>
              <input_type>select</input_type>
              <default_value>3</default_value>
              <values>3
2
1</values>
            </attribute>
            <attribute>
              <name>injury</name>
              <mutable>False</mutable>
              <input_type>select</input_type>
              <default_value>No</default_value>
              <values>No
Yes
NA</values>
            </attribute>
            <attribute>
              <name>notes</name>
              <mutable>False</mutable>
              <input_type>text</input_type>
              <default_value>NA</default_value>
              <values>NA</values>
            </attribute>
            <attribute>
              <name>sex</name>
              <mutable>False</mutable>
              <input_type>select</input_type>
              <default_value>NA</default_value>
              <values>NA</values>
            </attribute>
            <attribute>
              <name>view</name>
              <mutable>False</mutable>
              <input_type>select</input_type>
              <default_value>Side</default_value>
              <values>Side
Top-down</values>
            </attribute>
          </attributes>
        </label>
        <label>
          <name>Chum</name>
          <color>#b83df5</color>
          <attributes>
            <attribute>
              <name>adipose clipped</name>
              <mutable>False</mutable>
              <input_type>select</input_type>
              <default_value>No</default_value>
              <values>No
Yes
NA</values>
            </attribute>
            <attribute>
              <name>confidence level</name>
              <mutable>False</mutable>
              <input_type>select</input_type>
              <default_value>3</default_value>
              <values>3
2
1</values>
            </attribute>
            <attribute>
              <name>injury</name>
              <mutable>False</mutable>
              <input_type>select</input_type>
              <default_value>No</default_value>
              <values>No
Yes
NA</values>
            </attribute>
            <attribute>
              <name>notes</name>
              <mutable>False</mutable>
              <input_type>text</input_type>
              <default_value>NA</default_value>
              <values>NA</values>
            </attribute>
            <attribute>
              <name>sex</name>
              <mutable>False</mutable>
              <input_type>select</input_type>
              <default_value>Male</default_value>
              <values>Male
Female</values>
            </attribute>
            <attribute>
              <name>view</name>
              <mutable>False</mutable>
              <input_type>select</input_type>
              <default_value>Side</default_value>
              <values>Side
Top-down</values>
            </attribute>
          </attributes>
        </label>
        <label>
          <name>Whitefish</name>
          <color>#e5e3ee</color>
          <attributes>
            <attribute>
              <name>adipose clipped</name>
              <mutable>False</mutable>
              <input_type>select</input_type>
              <default_value>No</default_value>
              <values>No
Yes
NA</values>
            </attribute>
            <attribute>
              <name>confidence level</name>
              <mutable>False</mutable>
              <input_type>select</input_type>
              <default_value>3</default_value>
              <values>3
2
1</values>
            </attribute>
            <attribute>
              <name>injury</name>
              <mutable>False</mutable>
              <input_type>select</input_type>
              <default_value>No</default_value>
              <values>No
Yes
NA</values>
            </attribute>
            <attribute>
              <name>notes</name>
              <mutable>False</mutable>
              <input_type>text</input_type>
              <default_value>NA</default_value>
              <values>NA</values>
            </attribute>
            <attribute>
              <name>sex</name>
              <mutable>False</mutable>
              <input_type>select</input_type>
              <default_value>NA</default_value>
              <values>NA</values>
            </attribute>
            <attribute>
              <name>view</name>
              <mutable>False</mutable>
              <input_type>select</input_type>
              <default_value>Side</default_value>
              <values>Side
Top-down</values>
            </attribute>
          </attributes>
        </label>
        <label>
          <name>Pink</name>
          <color>#fa7dbb</color>
          <attributes>
            <attribute>
              <name>adipose clipped</name>
              <mutable>False</mutable>
              <input_type>select</input_type>
              <default_value>No</default_value>
              <values>No
Yes
NA</values>
            </attribute>
            <attribute>
              <name>confidence level</name>
              <mutable>False</mutable>
              <input_type>select</input_type>
              <default_value>3</default_value>
              <values>3
2
1</values>
            </attribute>
            <attribute>
              <name>injury</name>
              <mutable>False</mutable>
              <input_type>select</input_type>
              <default_value>No</default_value>
              <values>No
Yes
NA</values>
            </attribute>
            <attribute>
              <name>notes</name>
              <mutable>False</mutable>
              <input_type>text</input_type>
              <default_value>NA</default_value>
              <values>NA</values>
            </attribute>
            <attribute>
              <name>sex</name>
              <mutable>False</mutable>
              <input_type>select</input_type>
              <default_value>Male</default_value>
              <values>Male
Female</values>
            </attribute>
            <attribute>
              <name>view</name>
              <mutable>False</mutable>
              <input_type>select</input_type>
              <default_value>Side</default_value>
              <values>Side
Top-down</values>
            </attribute>
          </attributes>
        </label>
        <label>
          <name>Sockeye</name>
          <color>#fa3253</color>
          <attributes>
            <attribute>
              <name>adipose clipped</name>
              <mutable>False</mutable>
              <input_type>select</input_type>
              <default_value>No</default_value>
              <values>No
Yes
NA</values>
            </attribute>
            <attribute>
              <name>confidence level</name>
              <mutable>False</mutable>
              <input_type>select</input_type>
              <default_value>3</default_value>
              <values>3
2
1</values>
            </attribute>
            <attribute>
              <name>injury</name>
              <mutable>False</mutable>
              <input_type>select</input_type>
              <default_value>No</default_value>
              <values>No
Yes
NA</values>
            </attribute>
            <attribute>
              <name>notes</name>
              <mutable>False</mutable>
              <input_type>text</input_type>
              <default_value>NA</default_value>
              <values>NA</values>
            </attribute>
            <attribute>
              <name>sex</name>
              <mutable>False</mutable>
              <input_type>select</input_type>
              <default_value>Male</default_value>
              <values>Male
Female
Jack</values>
            </attribute>
            <attribute>
              <name>view</name>
              <mutable>False</mutable>
              <input_type>select</input_type>
              <default_value>Side</default_value>
              <values>Side
Top-down</values>
            </attribute>
          </attributes>
        </label>
        <label>
          <name>Steelhead</name>
          <color>#32b7fa</color>
          <attributes>
            <attribute>
              <name>adipose clipped</name>
              <mutable>False</mutable>
              <input_type>select</input_type>
              <default_value>No</default_value>
              <values>No
Yes
NA</values>
            </attribute>
            <attribute>
              <name>confidence level</name>
              <mutable>False</mutable>
              <input_type>select</input_type>
              <default_value>3</default_value>
              <values>3
2
1</values>
            </attribute>
            <attribute>
              <name>injury</name>
              <mutable>False</mutable>
              <input_type>select</input_type>
              <default_value>No</default_value>
              <values>No
Yes
NA</values>
            </attribute>
            <attribute>
              <name>notes</name>
              <mutable>False</mutable>
              <input_type>text</input_type>
              <default_value>NA</default_value>
              <values>NA</values>
            </attribute>
            <attribute>
              <name>sex</name>
              <mutable>False</mutable>
              <input_type>select</input_type>
              <default_value>Male</default_value>
              <values>Male
Female</values>
            </attribute>
            <attribute>
              <name>view</name>
              <mutable>False</mutable>
              <input_type>select</input_type>
              <default_value>Side</default_value>
              <values>Side
Top-down</values>
            </attribute>
          </attributes>
        </label>
        <label>
          <name>Rainbow</name>
          <color>#f1c6e3</color>
          <attributes>
            <attribute>
              <name>adipose clipped</name>
              <mutable>False</mutable>
              <input_type>select</input_type>
              <default_value>No</default_value>
              <values>No
Yes
NA</values>
            </attribute>
            <attribute>
              <name>confidence level</name>
              <mutable>False</mutable>
              <input_type>select</input_type>
              <default_value>3</default_value>
              <values>3
2
1</values>
            </attribute>
            <attribute>
              <name>injury</name>
              <mutable>False</mutable>
              <input_type>select</input_type>
              <default_value>No</default_value>
              <values>No
Yes
NA</values>
            </attribute>
            <attribute>
              <name>notes</name>
              <mutable>False</mutable>
              <input_type>text</input_type>
              <default_value>NA</default_value>
              <values>NA</values>
            </attribute>
            <attribute>
              <name>sex</name>
              <mutable>False</mutable>
              <input_type>select</input_type>
              <default_value>NA</default_value>
              <values>NA
Juvenile</values>
            </attribute>
            <attribute>
              <name>view</name>
              <mutable>False</mutable>
              <input_type>select</input_type>
              <default_value>Side</default_value>
              <values>Side
Top-down</values>
            </attribute>
          </attributes>
        </label>
        <label>
          <name>Chinook</name>
          <color>#2a7dd1</color>
          <attributes>
            <attribute>
              <name>adipose clipped</name>
              <mutable>False</mutable>
              <input_type>select</input_type>
              <default_value>No</default_value>
              <values>No
Yes
NA</values>
            </attribute>
            <attribute>
              <name>confidence level</name>
              <mutable>False</mutable>
              <input_type>select</input_type>
              <default_value>3</default_value>
              <values>3
2
1</values>
            </attribute>
            <attribute>
              <name>injury</name>
              <mutable>False</mutable>
              <input_type>select</input_type>
              <default_value>No</default_value>
              <values>No
Yes
NA</values>
            </attribute>
            <attribute>
              <name>notes</name>
              <mutable>False</mutable>
              <input_type>text</input_type>
              <default_value>NA</default_value>
              <values>NA</values>
            </attribute>
            <attribute>
              <name>sex</name>
              <mutable>False</mutable>
              <input_type>select</input_type>
              <default_value>Male</default_value>
              <values>Male
Female
Jack</values>
            </attribute>
            <attribute>
              <name>view</name>
              <mutable>False</mutable>
              <input_type>select</input_type>
              <default_value>Side</default_value>
              <values>Side
Top-down</values>
            </attribute>
          </attributes>
        </label>
        <label>
          <name>Pikeminnow</name>
          <color>#ecc49c</color>
          <attributes>
            <attribute>
              <name>confidence level</name>
              <mutable>False</mutable>
              <input_type>select</input_type>
              <default_value>3</default_value>
              <values>3
2
1</values>
            </attribute>
            <attribute>
              <name>notes</name>
              <mutable>False</mutable>
              <input_type>text</input_type>
              <default_value>NA</default_value>
              <values>NA</values>
            </attribute>
          </attributes>
        </label>
        <label>
          <name>Shiner</name>
          <color>#8c78f0</color>
          <attributes>
            <attribute>
              <name>confidence level</name>
              <mutable>False</mutable>
              <input_type>select</input_type>
              <default_value>3</default_value>
              <values>3
2
1</values>
            </attribute>
            <attribute>
              <name>notes</name>
              <mutable>False</mutable>
              <input_type>text</input_type>
              <default_value>NA</default_value>
              <values>NA</values>
            </attribute>
          </attributes>
        </label>
        <label>
          <name>Lampray</name>
          <color>#2e2930</color>
          <attributes>
            <attribute>
              <name>confidence level</name>
              <mutable>False</mutable>
              <input_type>select</input_type>
              <default_value>3</default_value>
              <values>3
2
1</values>
            </attribute>
            <attribute>
              <name>notes</name>
              <mutable>False</mutable>
              <input_type>text</input_type>
              <default_value>NA</default_value>
              <values>NA</values>
            </attribute>
          </attributes>
        </label>
      </labels>
      <original_size>
        <width>1920</width>
        <height>1080</height>
      </original_size>
    </task>
    <dumped>2021-12-10 23:54:12.896472+00:00</dumped>
    <source>09-10-2020 20-23-25 M Salmon Camera.m4v</source>
  </meta>
  <track id="0" label="Rainbow" source="manual">
    <box frame="90" outside="0" occluded="1" keyframe="1" xtl="0.00" ytl="598.34" xbr="125.18" ybr="812.21" z_order="0">
      <attribute name="adipose clipped">No</attribute>
      <attribute name="confidence level">3</attribute>
      <attribute name="injury">No</attribute>
      <attribute name="notes">NA</attribute>
      <attribute name="sex">NA</attribute>
      <attribute name="view">Side</attribute>
    </box>
    <box frame="91" outside="0" occluded="1" keyframe="0" xtl="0.00" ytl="584.65" xbr="170.93" ybr="815.88" z_order="0">
      <attribute name="adipose clipped">No</attribute>
      <attribute name="confidence level">3</attribute>
      <attribute name="injury">No</attribute>
      <attribute name="notes">NA</attribute>
      <attribute name="sex">NA</attribute>
      <attribute name="view">Side</attribute>
    </box>
    <box frame="92" outside="0" occluded="1" keyframe="0" xtl="0.00" ytl="570.96" xbr="216.67" ybr="819.55" z_order="0">
      <attribute name="adipose clipped">No</attribute>
      <attribute name="confidence level">3</attribute>
      <attribute name="injury">No</attribute>
      <attribute name="notes">NA</attribute>
      <attribute name="sex">NA</attribute>
      <attribute name="view">Side</attribute>
    </box>
    <box frame="93" outside="0" occluded="1" keyframe="0" xtl="0.00" ytl="557.27" xbr="262.41" ybr="823.23" z_order="0">
      <attribute name="adipose clipped">No</attribute>
      <attribute name="confidence level">3</attribute>
      <attribute name="injury">No</attribute>
      <attribute name="notes">NA</attribute>
      <attribute name="sex">NA</attribute>
      <attribute name="view">Side</attribute>
    </box>
    <box frame="94" outside="0" occluded="1" keyframe="0" xtl="0.00" ytl="543.57" xbr="308.16" ybr="826.90" z_order="0">
      <attribute name="adipose clipped">No</attribute>
      <attribute name="confidence level">3</attribute>
      <attribute name="injury">No</attribute>
      <attribute name="notes">NA</attribute>
      <attribute name="sex">NA</attribute>
      <attribute name="view">Side</attribute>
    </box>
    <box frame="95" outside="0" occluded="1" keyframe="0" xtl="0.00" ytl="529.88" xbr="353.90" ybr="830.57" z_order="0">
      <attribute name="adipose clipped">No</attribute>
      <attribute name="confidence level">3</attribute>
      <attribute name="injury">No</attribute>
      <attribute name="notes">NA</attribute>
      <attribute name="sex">NA</attribute>
      <attribute name="view">Side</attribute>
    </box>
    <box frame="96" outside="0" occluded="1" keyframe="0" xtl="0.00" ytl="516.19" xbr="399.64" ybr="834.25" z_order="0">
      <attribute name="adipose clipped">No</attribute>
      <attribute name="confidence level">3</attribute>
      <attribute name="injury">No</attribute>
      <attribute name="notes">NA</attribute>
      <attribute name="sex">NA</attribute>
      <attribute name="view">Side</attribute>
    </box>
    <box frame="97" outside="0" occluded="1" keyframe="0" xtl="0.00" ytl="502.50" xbr="445.39" ybr="837.92" z_order="0">
      <attribute name="adipose clipped">No</attribute>
      <attribute name="confidence level">3</attribute>
      <attribute name="injury">No</attribute>
      <attribute name="notes">NA</attribute>
      <attribute name="sex">NA</attribute>
      <attribute name="view">Side</attribute>
    </box>
    <box frame="98" outside="0" occluded="1" keyframe="0" xtl="0.00" ytl="488.81" xbr="491.13" ybr="841.59" z_order="0">
      <attribute name="adipose clipped">No</attribute>
      <attribute name="confidence level">3</attribute>
      <attribute name="injury">No</attribute>
      <attribute name="notes">NA</attribute>
      <attribute name="sex">NA</attribute>
      <attribute name="view">Side</attribute>
    </box>
    <box frame="99" outside="0" occluded="1" keyframe="0" xtl="0.00" ytl="475.12" xbr="536.87" ybr="845.27" z_order="0">
      <attribute name="adipose clipped">No</attribute>
      <attribute name="confidence level">3</attribute>
      <attribute name="injury">No</attribute>
      <attribute name="notes">NA</attribute>
      <attribute name="sex">NA</attribute>
      <attribute name="view">Side</attribute>
    </box>
    <box frame="100" outside="0" occluded="0" keyframe="1" xtl="0.00" ytl="461.43" xbr="582.62" ybr="848.94" z_order="0">
      <attribute name="adipose clipped">No</attribute>
      <attribute name="confidence level">3</attribute>
      <attribute name="injury">No</attribute>
      <attribute name="notes">NA</attribute>
      <attribute name="sex">NA</attribute>
      <attribute name="view">Side</attribute>
    </box>
    <box frame="101" outside="0" occluded="0" keyframe="0" xtl="0.00" ytl="451.75" xbr="631.70" ybr="848.43" z_order="0">
      <attribute name="adipose clipped">No</attribute>
      <attribute name="confidence level">3</attribute>
      <attribute name="injury">No</attribute>
      <attribute name="notes">NA</attribute>
      <attribute name="sex">NA</attribute>
      <attribute name="view">Side</attribute>
    </box>
    <box frame="102" outside="0" occluded="0" keyframe="0" xtl="0.00" ytl="442.06" xbr="680.79" ybr="847.93" z_order="0">
      <attribute name="adipose clipped">No</attribute>
      <attribute name="confidence level">3</attribute>
      <attribute name="injury">No</attribute>
      <attribute name="notes">NA</attribute>
      <attribute name="sex">NA</attribute>
      <attribute name="view">Side</attribute>
    </box>
    <box frame="103" outside="0" occluded="0" keyframe="0" xtl="0.00" ytl="432.38" xbr="729.87" ybr="847.43" z_order="0">
      <attribute name="adipose clipped">No</attribute>
      <attribute name="confidence level">3</attribute>
      <attribute name="injury">No</attribute>
      <attribute name="notes">NA</attribute>
      <attribute name="sex">NA</attribute>
      <attribute name="view">Side</attribute>
    </box>
    <box frame="104" outside="0" occluded="0" keyframe="0" xtl="0.00" ytl="422.70" xbr="778.96" ybr="846.92" z_order="0">
      <attribute name="adipose clipped">No</attribute>
      <attribute name="confidence level">3</attribute>
      <attribute name="injury">No</attribute>
      <attribute name="notes">NA</attribute>
      <attribute name="sex">NA</attribute>
      <attribute name="view">Side</attribute>
    </box>
    <box frame="105" outside="0" occluded="0" keyframe="0" xtl="0.00" ytl="413.01" xbr="828.04" ybr="846.42" z_order="0">
      <attribute name="adipose clipped">No</attribute>
      <attribute name="confidence level">3</attribute>
      <attribute name="injury">No</attribute>
      <attribute name="notes">NA</attribute>
      <attribute name="sex">NA</attribute>
      <attribute name="view">Side</attribute>
    </box>
    <box frame="106" outside="0" occluded="0" keyframe="0" xtl="0.00" ytl="403.33" xbr="877.13" ybr="845.92" z_order="0">
      <attribute name="adipose clipped">No</attribute>
      <attribute name="confidence level">3</attribute>
      <attribute name="injury">No</attribute>
      <attribute name="notes">NA</attribute>
      <attribute name="sex">NA</attribute>
      <attribute name="view">Side</attribute>
    </box>
    <box frame="107" outside="0" occluded="0" keyframe="0" xtl="0.00" ytl="393.65" xbr="926.21" ybr="845.41" z_order="0">
      <attribute name="adipose clipped">No</attribute>
      <attribute name="confidence level">3</attribute>
      <attribute name="injury">No</attribute>
      <attribute name="notes">NA</attribute>
      <attribute name="sex">NA</attribute>
      <attribute name="view">Side</attribute>
    </box>
    <box frame="108" outside="0" occluded="0" keyframe="0" xtl="0.00" ytl="383.96" xbr="975.30" ybr="844.91" z_order="0">
      <attribute name="adipose clipped">No</attribute>
      <attribute name="confidence level">3</attribute>
      <attribute name="injury">No</attribute>
      <attribute name="notes">NA</attribute>
      <attribute name="sex">NA</attribute>
      <attribute name="view">Side</attribute>
    </box>
    <box frame="109" outside="0" occluded="0" keyframe="0" xtl="0.00" ytl="374.28" xbr="1024.39" ybr="844.40" z_order="0">
      <attribute name="adipose clipped">No</attribute>
      <attribute name="confidence level">3</attribute>
      <attribute name="injury">No</attribute>
      <attribute name="notes">NA</attribute>
      <attribute name="sex">NA</attribute>
      <attribute name="view">Side</attribute>
    </box>
    <box frame="110" outside="0" occluded="0" keyframe="1" xtl="0.00" ytl="364.60" xbr="1073.47" ybr="843.90" z_order="0">
      <attribute name="adipose clipped">No</attribute>
      <attribute name="confidence level">3</attribute>
      <attribute name="injury">No</attribute>
      <attribute name="notes">NA</attribute>
      <attribute name="sex">NA</attribute>
      <attribute name="view">Side</attribute>
    </box>
    <box frame="111" outside="0" occluded="0" keyframe="0" xtl="10.35" ytl="361.76" xbr="1101.35" ybr="842.56" z_order="0">
      <attribute name="adipose clipped">No</attribute>
      <attribute name="confidence level">3</attribute>
      <attribute name="injury">No</attribute>
      <attribute name="notes">NA</attribute>
      <attribute name="sex">NA</attribute>
      <attribute name="view">Side</attribute>
    </box>
    <box frame="112" outside="0" occluded="0" keyframe="0" xtl="20.70" ytl="358.92" xbr="1129.23" ybr="841.22" z_order="0">
      <attribute name="adipose clipped">No</attribute>
      <attribute name="confidence level">3</attribute>
      <attribute name="injury">No</attribute>
      <attribute name="notes">NA</attribute>
      <attribute name="sex">NA</attribute>
      <attribute name="view">Side</attribute>
    </box>
    <box frame="113" outside="0" occluded="0" keyframe="0" xtl="31.05" ytl="356.08" xbr="1157.12" ybr="839.88" z_order="0">
      <attribute name="adipose clipped">No</attribute>
      <attribute name="confidence level">3</attribute>
      <attribute name="injury">No</attribute>
      <attribute name="notes">NA</attribute>
      <attribute name="sex">NA</attribute>
      <attribute name="view">Side</attribute>
    </box>
    <box frame="114" outside="0" occluded="0" keyframe="0" xtl="41.40" ytl="353.24" xbr="1185.00" ybr="838.54" z_order="0">
      <attribute name="adipose clipped">No</attribute>
      <attribute name="confidence level">3</attribute>
      <attribute name="injury">No</attribute>
      <attribute name="notes">NA</attribute>
      <attribute name="sex">NA</attribute>
      <attribute name="view">Side</attribute>
    </box>
    <box frame="115" outside="0" occluded="0" keyframe="0" xtl="51.75" ytl="350.41" xbr="1212.88" ybr="837.20" z_order="0">
      <attribute name="adipose clipped">No</attribute>
      <attribute name="confidence level">3</attribute>
      <attribute name="injury">No</attribute>
      <attribute name="notes">NA</attribute>
      <attribute name="sex">NA</attribute>
      <attribute name="view">Side</attribute>
    </box>
    <box frame="116" outside="0" occluded="0" keyframe="0" xtl="62.10" ytl="347.57" xbr="1240.76" ybr="835.86" z_order="0">
      <attribute name="adipose clipped">No</attribute>
      <attribute name="confidence level">3</attribute>
      <attribute name="injury">No</attribute>
      <attribute name="notes">NA</attribute>
      <attribute name="sex">NA</attribute>
      <attribute name="view">Side</attribute>
    </box>
    <box frame="117" outside="0" occluded="0" keyframe="0" xtl="72.45" ytl="344.73" xbr="1268.64" ybr="834.52" z_order="0">
      <attribute name="adipose clipped">No</attribute>
      <attribute name="confidence level">3</attribute>
      <attribute name="injury">No</attribute>
      <attribute name="notes">NA</attribute>
      <attribute name="sex">NA</attribute>
      <attribute name="view">Side</attribute>
    </box>
    <box frame="118" outside="0" occluded="0" keyframe="0" xtl="82.80" ytl="341.89" xbr="1296.52" ybr="833.18" z_order="0">
      <attribute name="adipose clipped">No</attribute>
      <attribute name="confidence level">3</attribute>
      <attribute name="injury">No</attribute>
      <attribute name="notes">NA</attribute>
      <attribute name="sex">NA</attribute>
      <attribute name="view">Side</attribute>
    </box>
    <box frame="119" outside="0" occluded="0" keyframe="0" xtl="93.15" ytl="339.05" xbr="1324.41" ybr="831.84" z_order="0">
      <attribute name="adipose clipped">No</attribute>
      <attribute name="confidence level">3</attribute>
      <attribute name="injury">No</attribute>
      <attribute name="notes">NA</attribute>
      <attribute name="sex">NA</attribute>
      <attribute name="view">Side</attribute>
    </box>
    <box frame="120" outside="0" occluded="0" keyframe="1" xtl="103.50" ytl="336.21" xbr="1352.29" ybr="830.50" z_order="0">
      <attribute name="adipose clipped">No</attribute>
      <attribute name="confidence level">3</attribute>
      <attribute name="injury">No</attribute>
      <attribute name="notes">NA</attribute>
      <attribute name="sex">NA</attribute>
      <attribute name="view">Side</attribute>
    </box>
    <box frame="121" outside="0" occluded="0" keyframe="0" xtl="132.38" ytl="332.54" xbr="1381.17" ybr="826.83" z_order="0">
      <attribute name="adipose clipped">No</attribute>
      <attribute name="confidence level">3</attribute>
      <attribute name="injury">No</attribute>
      <attribute name="notes">NA</attribute>
      <attribute name="sex">NA</attribute>
      <attribute name="view">Side</attribute>
    </box>
    <box frame="122" outside="0" occluded="0" keyframe="0" xtl="161.27" ytl="328.87" xbr="1410.05" ybr="823.15" z_order="0">
      <attribute name="adipose clipped">No</attribute>
      <attribute name="confidence level">3</attribute>
      <attribute name="injury">No</attribute>
      <attribute name="notes">NA</attribute>
      <attribute name="sex">NA</attribute>
      <attribute name="view">Side</attribute>
    </box>
    <box frame="123" outside="0" occluded="0" keyframe="0" xtl="190.15" ytl="325.19" xbr="1438.94" ybr="819.48" z_order="0">
      <attribute name="adipose clipped">No</attribute>
      <attribute name="confidence level">3</attribute>
      <attribute name="injury">No</attribute>
      <attribute name="notes">NA</attribute>
      <attribute name="sex">NA</attribute>
      <attribute name="view">Side</attribute>
    </box>
    <box frame="124" outside="0" occluded="0" keyframe="0" xtl="219.03" ytl="321.52" xbr="1467.82" ybr="815.81" z_order="0">
      <attribute name="adipose clipped">No</attribute>
      <attribute name="confidence level">3</attribute>
      <attribute name="injury">No</attribute>
      <attribute name="notes">NA</attribute>
      <attribute name="sex">NA</attribute>
      <attribute name="view">Side</attribute>
    </box>
    <box frame="125" outside="0" occluded="0" keyframe="0" xtl="247.92" ytl="317.85" xbr="1496.71" ybr="812.13" z_order="0">
      <attribute name="adipose clipped">No</attribute>
      <attribute name="confidence level">3</attribute>
      <attribute name="injury">No</attribute>
      <attribute name="notes">NA</attribute>
      <attribute name="sex">NA</attribute>
      <attribute name="view">Side</attribute>
    </box>
    <box frame="126" outside="0" occluded="0" keyframe="0" xtl="276.80" ytl="314.18" xbr="1525.59" ybr="808.46" z_order="0">
      <attribute name="adipose clipped">No</attribute>
      <attribute name="confidence level">3</attribute>
      <attribute name="injury">No</attribute>
      <attribute name="notes">NA</attribute>
      <attribute name="sex">NA</attribute>
      <attribute name="view">Side</attribute>
    </box>
    <box frame="127" outside="0" occluded="0" keyframe="0" xtl="305.68" ytl="310.50" xbr="1554.47" ybr="804.79" z_order="0">
      <attribute name="adipose clipped">No</attribute>
      <attribute name="confidence level">3</attribute>
      <attribute name="injury">No</attribute>
      <attribute name="notes">NA</attribute>
      <attribute name="sex">NA</attribute>
      <attribute name="view">Side</attribute>
    </box>
    <box frame="128" outside="0" occluded="0" keyframe="0" xtl="334.57" ytl="306.83" xbr="1583.36" ybr="801.12" z_order="0">
      <attribute name="adipose clipped">No</attribute>
      <attribute name="confidence level">3</attribute>
      <attribute name="injury">No</attribute>
      <attribute name="notes">NA</attribute>
      <attribute name="sex">NA</attribute>
      <attribute name="view">Side</attribute>
    </box>
    <box frame="129" outside="0" occluded="0" keyframe="0" xtl="363.45" ytl="303.16" xbr="1612.24" ybr="797.44" z_order="0">
      <attribute name="adipose clipped">No</attribute>
      <attribute name="confidence level">3</attribute>
      <attribute name="injury">No</attribute>
      <attribute name="notes">NA</attribute>
      <attribute name="sex">NA</attribute>
      <attribute name="view">Side</attribute>
    </box>
    <box frame="130" outside="0" occluded="0" keyframe="1" xtl="392.33" ytl="299.48" xbr="1641.12" ybr="793.77" z_order="0">
      <attribute name="adipose clipped">No</attribute>
      <attribute name="confidence level">3</attribute>
      <attribute name="injury">No</attribute>
      <attribute name="notes">NA</attribute>
      <attribute name="sex">NA</attribute>
      <attribute name="view">Side</attribute>
    </box>
    <box frame="131" outside="0" occluded="0" keyframe="0" xtl="415.04" ytl="296.31" xbr="1663.83" ybr="790.60" z_order="0">
      <attribute name="adipose clipped">No</attribute>
      <attribute name="confidence level">3</attribute>
      <attribute name="injury">No</attribute>
      <attribute name="notes">NA</attribute>
      <attribute name="sex">NA</attribute>
      <attribute name="view">Side</attribute>
    </box>
    <box frame="132" outside="0" occluded="0" keyframe="0" xtl="437.75" ytl="293.14" xbr="1686.53" ybr="787.42" z_order="0">
      <attribute name="adipose clipped">No</attribute>
      <attribute name="confidence level">3</attribute>
      <attribute name="injury">No</attribute>
      <attribute name="notes">NA</attribute>
      <attribute name="sex">NA</attribute>
      <attribute name="view">Side</attribute>
    </box>
    <box frame="133" outside="0" occluded="0" keyframe="0" xtl="460.45" ytl="289.97" xbr="1709.24" ybr="784.25" z_order="0">
      <attribute name="adipose clipped">No</attribute>
      <attribute name="confidence level">3</attribute>
      <attribute name="injury">No</attribute>
      <attribute name="notes">NA</attribute>
      <attribute name="sex">NA</attribute>
      <attribute name="view">Side</attribute>
    </box>
    <box frame="134" outside="0" occluded="0" keyframe="0" xtl="483.16" ytl="286.79" xbr="1731.95" ybr="781.08" z_order="0">
      <attribute name="adipose clipped">No</attribute>
      <attribute name="confidence level">3</attribute>
      <attribute name="injury">No</attribute>
      <attribute name="notes">NA</attribute>
      <attribute name="sex">NA</attribute>
      <attribute name="view">Side</attribute>
    </box>
    <box frame="135" outside="0" occluded="0" keyframe="0" xtl="505.87" ytl="283.62" xbr="1754.65" ybr="777.91" z_order="0">
      <attribute name="adipose clipped">No</attribute>
      <attribute name="confidence level">3</attribute>
      <attribute name="injury">No</attribute>
      <attribute name="notes">NA</attribute>
      <attribute name="sex">NA</attribute>
      <attribute name="view">Side</attribute>
    </box>
    <box frame="136" outside="0" occluded="0" keyframe="0" xtl="528.57" ytl="280.45" xbr="1777.36" ybr="774.74" z_order="0">
      <attribute name="adipose clipped">No</attribute>
      <attribute name="confidence level">3</attribute>
      <attribute name="injury">No</attribute>
      <attribute name="notes">NA</attribute>
      <attribute name="sex">NA</attribute>
      <attribute name="view">Side</attribute>
    </box>
    <box frame="137" outside="0" occluded="0" keyframe="0" xtl="551.28" ytl="277.28" xbr="1800.07" ybr="771.56" z_order="0">
      <attribute name="adipose clipped">No</attribute>
      <attribute name="confidence level">3</attribute>
      <attribute name="injury">No</attribute>
      <attribute name="notes">NA</attribute>
      <attribute name="sex">NA</attribute>
      <attribute name="view">Side</attribute>
    </box>
    <box frame="138" outside="0" occluded="0" keyframe="0" xtl="573.98" ytl="274.11" xbr="1822.77" ybr="768.39" z_order="0">
      <attribute name="adipose clipped">No</attribute>
      <attribute name="confidence level">3</attribute>
      <attribute name="injury">No</attribute>
      <attribute name="notes">NA</attribute>
      <attribute name="sex">NA</attribute>
      <attribute name="view">Side</attribute>
    </box>
    <box frame="139" outside="0" occluded="0" keyframe="0" xtl="596.69" ytl="270.93" xbr="1845.48" ybr="765.22" z_order="0">
      <attribute name="adipose clipped">No</attribute>
      <attribute name="confidence level">3</attribute>
      <attribute name="injury">No</attribute>
      <attribute name="notes">NA</attribute>
      <attribute name="sex">NA</attribute>
      <attribute name="view">Side</attribute>
    </box>
    <box frame="140" outside="0" occluded="0" keyframe="1" xtl="619.40" ytl="267.76" xbr="1868.18" ybr="762.05" z_order="0">
      <attribute name="adipose clipped">No</attribute>
      <attribute name="confidence level">3</attribute>
      <attribute name="injury">No</attribute>
      <attribute name="notes">NA</attribute>
      <attribute name="sex">NA</attribute>
      <attribute name="view">Side</attribute>
    </box>
    <box frame="141" outside="0" occluded="0" keyframe="0" xtl="649.28" ytl="263.59" xbr="1873.37" ybr="757.87" z_order="0">
      <attribute name="adipose clipped">No</attribute>
      <attribute name="confidence level">3</attribute>
      <attribute name="injury">No</attribute>
      <attribute name="notes">NA</attribute>
      <attribute name="sex">NA</attribute>
      <attribute name="view">Side</attribute>
    </box>
    <box frame="142" outside="0" occluded="0" keyframe="0" xtl="679.17" ytl="259.41" xbr="1878.55" ybr="753.70" z_order="0">
      <attribute name="adipose clipped">No</attribute>
      <attribute name="confidence level">3</attribute>
      <attribute name="injury">No</attribute>
      <attribute name="notes">NA</attribute>
      <attribute name="sex">NA</attribute>
      <attribute name="view">Side</attribute>
    </box>
    <box frame="143" outside="0" occluded="0" keyframe="0" xtl="709.05" ytl="255.24" xbr="1883.73" ybr="749.53" z_order="0">
      <attribute name="adipose clipped">No</attribute>
      <attribute name="confidence level">3</attribute>
      <attribute name="injury">No</attribute>
      <attribute name="notes">NA</attribute>
      <attribute name="sex">NA</attribute>
      <attribute name="view">Side</attribute>
    </box>
    <box frame="144" outside="0" occluded="0" keyframe="0" xtl="738.94" ytl="251.07" xbr="1888.91" ybr="745.35" z_order="0">
      <attribute name="adipose clipped">No</attribute>
      <attribute name="confidence level">3</attribute>
      <attribute name="injury">No</attribute>
      <attribute name="notes">NA</attribute>
      <attribute name="sex">NA</attribute>
      <attribute name="view">Side</attribute>
    </box>
    <box frame="145" outside="0" occluded="0" keyframe="0" xtl="768.82" ytl="246.89" xbr="1894.09" ybr="741.18" z_order="0">
      <attribute name="adipose clipped">No</attribute>
      <attribute name="confidence level">3</attribute>
      <attribute name="injury">No</attribute>
      <attribute name="notes">NA</attribute>
      <attribute name="sex">NA</attribute>
      <attribute name="view">Side</attribute>
    </box>
    <box frame="146" outside="0" occluded="0" keyframe="0" xtl="798.71" ytl="242.72" xbr="1899.27" ybr="737.00" z_order="0">
      <attribute name="adipose clipped">No</attribute>
      <attribute name="confidence level">3</attribute>
      <attribute name="injury">No</attribute>
      <attribute name="notes">NA</attribute>
      <attribute name="sex">NA</attribute>
      <attribute name="view">Side</attribute>
    </box>
    <box frame="147" outside="0" occluded="0" keyframe="0" xtl="828.59" ytl="238.54" xbr="1904.46" ybr="732.83" z_order="0">
      <attribute name="adipose clipped">No</attribute>
      <attribute name="confidence level">3</attribute>
      <attribute name="injury">No</attribute>
      <attribute name="notes">NA</attribute>
      <attribute name="sex">NA</attribute>
      <attribute name="view">Side</attribute>
    </box>
    <box frame="148" outside="0" occluded="0" keyframe="0" xtl="858.48" ytl="234.37" xbr="1909.64" ybr="728.66" z_order="0">
      <attribute name="adipose clipped">No</attribute>
      <attribute name="confidence level">3</attribute>
      <attribute name="injury">No</attribute>
      <attribute name="notes">NA</attribute>
      <attribute name="sex">NA</attribute>
      <attribute name="view">Side</attribute>
    </box>
    <box frame="149" outside="0" occluded="0" keyframe="0" xtl="888.36" ytl="230.20" xbr="1914.82" ybr="724.48" z_order="0">
      <attribute name="adipose clipped">No</attribute>
      <attribute name="confidence level">3</attribute>
      <attribute name="injury">No</attribute>
      <attribute name="notes">NA</attribute>
      <attribute name="sex">NA</attribute>
      <attribute name="view">Side</attribute>
    </box>
    <box frame="150" outside="0" occluded="1" keyframe="1" xtl="918.25" ytl="226.02" xbr="1920.00" ybr="720.31" z_order="0">
      <attribute name="adipose clipped">No</attribute>
      <attribute name="confidence level">3</attribute>
      <attribute name="injury">No</attribute>
      <attribute name="notes">NA</attribute>
      <attribute name="sex">NA</attribute>
      <attribute name="view">Side</attribute>
    </box>
    <box frame="151" outside="0" occluded="1" keyframe="0" xtl="947.96" ytl="235.04" xbr="1920.00" ybr="720.64" z_order="0">
      <attribute name="adipose clipped">No</attribute>
      <attribute name="confidence level">3</attribute>
      <attribute name="injury">No</attribute>
      <attribute name="notes">NA</attribute>
      <attribute name="sex">NA</attribute>
      <attribute name="view">Side</attribute>
    </box>
    <box frame="152" outside="0" occluded="1" keyframe="0" xtl="977.68" ytl="244.06" xbr="1920.00" ybr="720.98" z_order="0">
      <attribute name="adipose clipped">No</attribute>
      <attribute name="confidence level">3</attribute>
      <attribute name="injury">No</attribute>
      <attribute name="notes">NA</attribute>
      <attribute name="sex">NA</attribute>
      <attribute name="view">Side</attribute>
    </box>
    <box frame="153" outside="0" occluded="1" keyframe="0" xtl="1007.39" ytl="253.08" xbr="1920.00" ybr="721.31" z_order="0">
      <attribute name="adipose clipped">No</attribute>
      <attribute name="confidence level">3</attribute>
      <attribute name="injury">No</attribute>
      <attribute name="notes">NA</attribute>
      <attribute name="sex">NA</attribute>
      <attribute name="view">Side</attribute>
    </box>
    <box frame="154" outside="0" occluded="1" keyframe="0" xtl="1037.11" ytl="262.09" xbr="1920.00" ybr="721.64" z_order="0">
      <attribute name="adipose clipped">No</attribute>
      <attribute name="confidence level">3</attribute>
      <attribute name="injury">No</attribute>
      <attribute name="notes">NA</attribute>
      <attribute name="sex">NA</attribute>
      <attribute name="view">Side</attribute>
    </box>
    <box frame="155" outside="0" occluded="1" keyframe="0" xtl="1066.82" ytl="271.11" xbr="1920.00" ybr="721.98" z_order="0">
      <attribute name="adipose clipped">No</attribute>
      <attribute name="confidence level">3</attribute>
      <attribute name="injury">No</attribute>
      <attribute name="notes">NA</attribute>
      <attribute name="sex">NA</attribute>
      <attribute name="view">Side</attribute>
    </box>
    <box frame="156" outside="0" occluded="1" keyframe="0" xtl="1096.54" ytl="280.13" xbr="1920.00" ybr="722.31" z_order="0">
      <attribute name="adipose clipped">No</attribute>
      <attribute name="confidence level">3</attribute>
      <attribute name="injury">No</attribute>
      <attribute name="notes">NA</attribute>
      <attribute name="sex">NA</attribute>
      <attribute name="view">Side</attribute>
    </box>
    <box frame="157" outside="0" occluded="1" keyframe="0" xtl="1126.25" ytl="289.15" xbr="1920.00" ybr="722.64" z_order="0">
      <attribute name="adipose clipped">No</attribute>
      <attribute name="confidence level">3</attribute>
      <attribute name="injury">No</attribute>
      <attribute name="notes">NA</attribute>
      <attribute name="sex">NA</attribute>
      <attribute name="view">Side</attribute>
    </box>
    <box frame="158" outside="0" occluded="1" keyframe="0" xtl="1155.97" ytl="298.16" xbr="1920.00" ybr="722.98" z_order="0">
      <attribute name="adipose clipped">No</attribute>
      <attribute name="confidence level">3</attribute>
      <attribute name="injury">No</attribute>
      <attribute name="notes">NA</attribute>
      <attribute name="sex">NA</attribute>
      <attribute name="view">Side</attribute>
    </box>
    <box frame="159" outside="0" occluded="1" keyframe="0" xtl="1185.68" ytl="307.18" xbr="1920.00" ybr="723.31" z_order="0">
      <attribute name="adipose clipped">No</attribute>
      <attribute name="confidence level">3</attribute>
      <attribute name="injury">No</attribute>
      <attribute name="notes">NA</attribute>
      <attribute name="sex">NA</attribute>
      <attribute name="view">Side</attribute>
    </box>
    <box frame="160" outside="0" occluded="1" keyframe="1" xtl="1215.40" ytl="316.20" xbr="1920.00" ybr="723.65" z_order="0">
      <attribute name="adipose clipped">No</attribute>
      <attribute name="confidence level">3</attribute>
      <attribute name="injury">No</attribute>
      <attribute name="notes">NA</attribute>
      <attribute name="sex">NA</attribute>
      <attribute name="view">Side</attribute>
    </box>
    <box frame="161" outside="0" occluded="1" keyframe="0" xtl="1239.11" ytl="324.21" xbr="1920.00" ybr="731.66" z_order="0">
      <attribute name="adipose clipped">No</attribute>
      <attribute name="confidence level">3</attribute>
      <attribute name="injury">No</attribute>
      <attribute name="notes">NA</attribute>
      <attribute name="sex">NA</attribute>
      <attribute name="view">Side</attribute>
    </box>
    <box frame="162" outside="0" occluded="1" keyframe="0" xtl="1262.82" ytl="332.23" xbr="1920.00" ybr="739.67" z_order="0">
      <attribute name="adipose clipped">No</attribute>
      <attribute name="confidence level">3</attribute>
      <attribute name="injury">No</attribute>
      <attribute name="notes">NA</attribute>
      <attribute name="sex">NA</attribute>
      <attribute name="view">Side</attribute>
    </box>
    <box frame="163" outside="0" occluded="1" keyframe="0" xtl="1286.52" ytl="340.24" xbr="1920.00" ybr="747.69" z_order="0">
      <attribute name="adipose clipped">No</attribute>
      <attribute name="confidence level">3</attribute>
      <attribute name="injury">No</attribute>
      <attribute name="notes">NA</attribute>
      <attribute name="sex">NA</attribute>
      <attribute name="view">Side</attribute>
    </box>
    <box frame="164" outside="0" occluded="1" keyframe="0" xtl="1310.23" ytl="348.26" xbr="1920.00" ybr="755.70" z_order="0">
      <attribute name="adipose clipped">No</attribute>
      <attribute name="confidence level">3</attribute>
      <attribute name="injury">No</attribute>
      <attribute name="notes">NA</attribute>
      <attribute name="sex">NA</attribute>
      <attribute name="view">Side</attribute>
    </box>
    <box frame="165" outside="0" occluded="1" keyframe="0" xtl="1333.94" ytl="356.27" xbr="1920.00" ybr="763.72" z_order="0">
      <attribute name="adipose clipped">No</attribute>
      <attribute name="confidence level">3</attribute>
      <attribute name="injury">No</attribute>
      <attribute name="notes">NA</attribute>
      <attribute name="sex">NA</attribute>
      <attribute name="view">Side</attribute>
    </box>
    <box frame="166" outside="0" occluded="1" keyframe="0" xtl="1357.65" ytl="364.28" xbr="1920.00" ybr="771.73" z_order="0">
      <attribute name="adipose clipped">No</attribute>
      <attribute name="confidence level">3</attribute>
      <attribute name="injury">No</attribute>
      <attribute name="notes">NA</attribute>
      <attribute name="sex">NA</attribute>
      <attribute name="view">Side</attribute>
    </box>
    <box frame="167" outside="0" occluded="1" keyframe="0" xtl="1381.35" ytl="372.30" xbr="1920.00" ybr="779.74" z_order="0">
      <attribute name="adipose clipped">No</attribute>
      <attribute name="confidence level">3</attribute>
      <attribute name="injury">No</attribute>
      <attribute name="notes">NA</attribute>
      <attribute name="sex">NA</attribute>
      <attribute name="view">Side</attribute>
    </box>
    <box frame="168" outside="0" occluded="1" keyframe="0" xtl="1405.06" ytl="380.31" xbr="1920.00" ybr="787.76" z_order="0">
      <attribute name="adipose clipped">No</attribute>
      <attribute name="confidence level">3</attribute>
      <attribute name="injury">No</attribute>
      <attribute name="notes">NA</attribute>
      <attribute name="sex">NA</attribute>
      <attribute name="view">Side</attribute>
    </box>
    <box frame="169" outside="0" occluded="1" keyframe="0" xtl="1428.77" ytl="388.33" xbr="1920.00" ybr="795.77" z_order="0">
      <attribute name="adipose clipped">No</attribute>
      <attribute name="confidence level">3</attribute>
      <attribute name="injury">No</attribute>
      <attribute name="notes">NA</attribute>
      <attribute name="sex">NA</attribute>
      <attribute name="view">Side</attribute>
    </box>
    <box frame="170" outside="0" occluded="1" keyframe="1" xtl="1452.48" ytl="396.34" xbr="1920.00" ybr="803.79" z_order="0">
      <attribute name="adipose clipped">No</attribute>
      <attribute name="confidence level">3</attribute>
      <attribute name="injury">No</attribute>
      <attribute name="notes">NA</attribute>
      <attribute name="sex">NA</attribute>
      <attribute name="view">Side</attribute>
    </box>
    <box frame="171" outside="0" occluded="1" keyframe="0" xtl="1493.10" ytl="399.86" xbr="1920.00" ybr="807.31" z_order="0">
      <attribute name="adipose clipped">No</attribute>
      <attribute name="confidence level">3</attribute>
      <attribute name="injury">No</attribute>
      <attribute name="notes">NA</attribute>
      <attribute name="sex">NA</attribute>
      <attribute name="view">Side</attribute>
    </box>
    <box frame="172" outside="0" occluded="1" keyframe="0" xtl="1533.73" ytl="403.39" xbr="1920.00" ybr="810.84" z_order="0">
      <attribute name="adipose clipped">No</attribute>
      <attribute name="confidence level">3</attribute>
      <attribute name="injury">No</attribute>
      <attribute name="notes">NA</attribute>
      <attribute name="sex">NA</attribute>
      <attribute name="view">Side</attribute>
    </box>
    <box frame="173" outside="0" occluded="1" keyframe="0" xtl="1574.36" ytl="406.91" xbr="1920.00" ybr="814.36" z_order="0">
      <attribute name="adipose clipped">No</attribute>
      <attribute name="confidence level">3</attribute>
      <attribute name="injury">No</attribute>
      <attribute name="notes">NA</attribute>
      <attribute name="sex">NA</attribute>
      <attribute name="view">Side</attribute>
    </box>
    <box frame="174" outside="0" occluded="1" keyframe="0" xtl="1614.98" ytl="410.44" xbr="1920.00" ybr="817.88" z_order="0">
      <attribute name="adipose clipped">No</attribute>
      <attribute name="confidence level">3</attribute>
      <attribute name="injury">No</attribute>
      <attribute name="notes">NA</attribute>
      <attribute name="sex">NA</attribute>
      <attribute name="view">Side</attribute>
    </box>
    <box frame="175" outside="0" occluded="1" keyframe="0" xtl="1655.61" ytl="413.96" xbr="1920.00" ybr="821.41" z_order="0">
      <attribute name="adipose clipped">No</attribute>
      <attribute name="confidence level">3</attribute>
      <attribute name="injury">No</attribute>
      <attribute name="notes">NA</attribute>
      <attribute name="sex">NA</attribute>
      <attribute name="view">Side</attribute>
    </box>
    <box frame="176" outside="0" occluded="1" keyframe="0" xtl="1696.23" ytl="417.49" xbr="1920.00" ybr="824.93" z_order="0">
      <attribute name="adipose clipped">No</attribute>
      <attribute name="confidence level">3</attribute>
      <attribute name="injury">No</attribute>
      <attribute name="notes">NA</attribute>
      <attribute name="sex">NA</attribute>
      <attribute name="view">Side</attribute>
    </box>
    <box frame="177" outside="0" occluded="1" keyframe="0" xtl="1736.86" ytl="421.01" xbr="1920.00" ybr="828.46" z_order="0">
      <attribute name="adipose clipped">No</attribute>
      <attribute name="confidence level">3</attribute>
      <attribute name="injury">No</attribute>
      <attribute name="notes">NA</attribute>
      <attribute name="sex">NA</attribute>
      <attribute name="view">Side</attribute>
    </box>
    <box frame="178" outside="0" occluded="1" keyframe="0" xtl="1777.49" ytl="424.54" xbr="1920.00" ybr="831.98" z_order="0">
      <attribute name="adipose clipped">No</attribute>
      <attribute name="confidence level">3</attribute>
      <attribute name="injury">No</attribute>
      <attribute name="notes">NA</attribute>
      <attribute name="sex">NA</attribute>
      <attribute name="view">Side</attribute>
    </box>
    <box frame="179" outside="0" occluded="1" keyframe="1" xtl="1818.11" ytl="428.06" xbr="1920.00" ybr="835.51" z_order="0">
      <attribute name="adipose clipped">No</attribute>
      <attribute name="confidence level">3</attribute>
      <attribute name="injury">No</attribute>
      <attribute name="notes">NA</attribute>
      <attribute name="sex">NA</attribute>
      <attribute name="view">Side</attribute>
    </box>
    <box frame="180" outside="1" occluded="1" keyframe="1" xtl="1818.11" ytl="428.06" xbr="1920.00" ybr="835.51" z_order="0">
      <attribute name="adipose clipped">No</attribute>
      <attribute name="confidence level">3</attribute>
      <attribute name="injury">No</attribute>
      <attribute name="notes">NA</attribute>
      <attribute name="sex">NA</attribute>
      <attribute name="view">Side</attribute>
    </box>
  </track>
</annotations>
