<?xml version="1.0" encoding="utf-8"?>
<annotations>
  <version>1.1</version>
  <meta>
    <task>
      <id>255</id>
      <name>09-15-2020 06-24-38 M Salmon Camera</name>
      <size>704</size>
      <mode>interpolation</mode>
      <overlap>5</overlap>
      <bugtracker></bugtracker>
      <created>2021-12-21 22:11:13.851194+00:00</created>
      <updated>2021-12-21 22:20:40.328609+00:00</updated>
      <subset>default</subset>
      <start_frame>0</start_frame>
      <stop_frame>703</stop_frame>
      <frame_filter></frame_filter>
      <segments>
        <segment>
          <id>252</id>
          <start>0</start>
          <stop>703</stop>
          <url>httplocalhost:8080/?id=252</url>
        </segment>
      </segments>
      <owner>
        <username>scurfield</username>
        <email>dan.scurfield@gmail.com</email>
      </owner>
      <assignee></assignee>
      <labels>
        <label>
          <name>Coho</name>
          <color>#83e070</color>
          <attributes>
            <attribute>
              <name>notes</name>
              <mutable>False</mutable>
              <input_type>text</input_type>
              <default_value>NA</default_value>
              <values>NA</values>
            </attribute>
            <attribute>
              <name>sex</name>
              <mutable>False</mutable>
              <input_type>select</input_type>
              <default_value>Male</default_value>
              <values>Male
Female
Jack</values>
            </attribute>
            <attribute>
              <name>view</name>
              <mutable>False</mutable>
              <input_type>select</input_type>
              <default_value>Side</default_value>
              <values>Side
Top-down</values>
            </attribute>
            <attribute>
              <name>Adipose Clipped</name>
              <mutable>False</mutable>
              <input_type>select</input_type>
              <default_value>No</default_value>
              <values>No
Yes
NA</values>
            </attribute>
            <attribute>
              <name>confidence level</name>
              <mutable>False</mutable>
              <input_type>select</input_type>
              <default_value>3</default_value>
              <values>3
2
1</values>
            </attribute>
            <attribute>
              <name>injury</name>
              <mutable>False</mutable>
              <input_type>select</input_type>
              <default_value>No</default_value>
              <values>No
Yes
NA</values>
            </attribute>
          </attributes>
        </label>
        <label>
          <name>Bull</name>
          <color>#20c000</color>
          <attributes>
            <attribute>
              <name>adipose clipped</name>
              <mutable>False</mutable>
              <input_type>select</input_type>
              <default_value>No</default_value>
              <values>No
NA</values>
            </attribute>
            <attribute>
              <name>confidence level</name>
              <mutable>False</mutable>
              <input_type>select</input_type>
              <default_value>3</default_value>
              <values>3
2
1</values>
            </attribute>
            <attribute>
              <name>injury</name>
              <mutable>False</mutable>
              <input_type>select</input_type>
              <default_value>No</default_value>
              <values>No
Yes
NA</values>
            </attribute>
            <attribute>
              <name>notes</name>
              <mutable>False</mutable>
              <input_type>text</input_type>
              <default_value>NA</default_value>
              <values>NA</values>
            </attribute>
            <attribute>
              <name>sex</name>
              <mutable>False</mutable>
              <input_type>select</input_type>
              <default_value>NA</default_value>
              <values>NA</values>
            </attribute>
            <attribute>
              <name>view</name>
              <mutable>False</mutable>
              <input_type>select</input_type>
              <default_value>Side</default_value>
              <values>Side
Top-down</values>
            </attribute>
          </attributes>
        </label>
        <label>
          <name>Chum</name>
          <color>#b83df5</color>
          <attributes>
            <attribute>
              <name>confidence level</name>
              <mutable>False</mutable>
              <input_type>select</input_type>
              <default_value>3</default_value>
              <values>3
2
1</values>
            </attribute>
            <attribute>
              <name>injury</name>
              <mutable>False</mutable>
              <input_type>select</input_type>
              <default_value>No</default_value>
              <values>No
Yes
NA</values>
            </attribute>
            <attribute>
              <name>adipose clipped</name>
              <mutable>False</mutable>
              <input_type>select</input_type>
              <default_value>No</default_value>
              <values>No
Yes
NA</values>
            </attribute>
            <attribute>
              <name>notes</name>
              <mutable>False</mutable>
              <input_type>text</input_type>
              <default_value>NA</default_value>
              <values>NA</values>
            </attribute>
            <attribute>
              <name>sex</name>
              <mutable>False</mutable>
              <input_type>select</input_type>
              <default_value>Male</default_value>
              <values>Male
Female</values>
            </attribute>
            <attribute>
              <name>view</name>
              <mutable>False</mutable>
              <input_type>select</input_type>
              <default_value>Side</default_value>
              <values>Side
Top-down</values>
            </attribute>
          </attributes>
        </label>
        <label>
          <name>Whitefish</name>
          <color>#e5e3ee</color>
          <attributes>
            <attribute>
              <name>adipose clipped</name>
              <mutable>False</mutable>
              <input_type>select</input_type>
              <default_value>No</default_value>
              <values>No
Yes
NA</values>
            </attribute>
            <attribute>
              <name>confidence level</name>
              <mutable>False</mutable>
              <input_type>select</input_type>
              <default_value>3</default_value>
              <values>3
2
1</values>
            </attribute>
            <attribute>
              <name>injury</name>
              <mutable>False</mutable>
              <input_type>select</input_type>
              <default_value>No</default_value>
              <values>No
Yes
NA</values>
            </attribute>
            <attribute>
              <name>notes</name>
              <mutable>False</mutable>
              <input_type>text</input_type>
              <default_value>NA</default_value>
              <values>NA</values>
            </attribute>
            <attribute>
              <name>sex</name>
              <mutable>False</mutable>
              <input_type>select</input_type>
              <default_value>NA</default_value>
              <values>NA</values>
            </attribute>
            <attribute>
              <name>view</name>
              <mutable>False</mutable>
              <input_type>select</input_type>
              <default_value>Side</default_value>
              <values>Side
Top-down</values>
            </attribute>
          </attributes>
        </label>
        <label>
          <name>Pink</name>
          <color>#fa7dbb</color>
          <attributes>
            <attribute>
              <name>sex</name>
              <mutable>False</mutable>
              <input_type>select</input_type>
              <default_value>Male</default_value>
              <values>Male
Female</values>
            </attribute>
            <attribute>
              <name>view</name>
              <mutable>False</mutable>
              <input_type>select</input_type>
              <default_value>Side</default_value>
              <values>Side
Top-down</values>
            </attribute>
            <attribute>
              <name>adipose clipped</name>
              <mutable>False</mutable>
              <input_type>select</input_type>
              <default_value>No</default_value>
              <values>No
Yes
NA</values>
            </attribute>
            <attribute>
              <name>confidence level</name>
              <mutable>False</mutable>
              <input_type>select</input_type>
              <default_value>3</default_value>
              <values>3
2
1</values>
            </attribute>
            <attribute>
              <name>injury</name>
              <mutable>False</mutable>
              <input_type>select</input_type>
              <default_value>No</default_value>
              <values>No
Yes
NA</values>
            </attribute>
            <attribute>
              <name>notes</name>
              <mutable>False</mutable>
              <input_type>text</input_type>
              <default_value>NA</default_value>
              <values>NA</values>
            </attribute>
          </attributes>
        </label>
        <label>
          <name>Sockeye</name>
          <color>#fa3253</color>
          <attributes>
            <attribute>
              <name>adipose clipped</name>
              <mutable>False</mutable>
              <input_type>select</input_type>
              <default_value>No</default_value>
              <values>No
Yes
NA</values>
            </attribute>
            <attribute>
              <name>confidence level</name>
              <mutable>False</mutable>
              <input_type>select</input_type>
              <default_value>3</default_value>
              <values>3
2
1</values>
            </attribute>
            <attribute>
              <name>injury</name>
              <mutable>False</mutable>
              <input_type>select</input_type>
              <default_value>No</default_value>
              <values>No
Yes
NA</values>
            </attribute>
            <attribute>
              <name>notes</name>
              <mutable>False</mutable>
              <input_type>text</input_type>
              <default_value>NA</default_value>
              <values>NA</values>
            </attribute>
            <attribute>
              <name>sex</name>
              <mutable>False</mutable>
              <input_type>select</input_type>
              <default_value>Male</default_value>
              <values>Male
Female
Jack</values>
            </attribute>
            <attribute>
              <name>view</name>
              <mutable>False</mutable>
              <input_type>select</input_type>
              <default_value>Side</default_value>
              <values>Side
Top-down</values>
            </attribute>
          </attributes>
        </label>
        <label>
          <name>Steelhead</name>
          <color>#32b7fa</color>
          <attributes>
            <attribute>
              <name>adipose clipped</name>
              <mutable>False</mutable>
              <input_type>select</input_type>
              <default_value>No</default_value>
              <values>No
Yes
NA</values>
            </attribute>
            <attribute>
              <name>confidence level</name>
              <mutable>False</mutable>
              <input_type>select</input_type>
              <default_value>3</default_value>
              <values>3
2
1</values>
            </attribute>
            <attribute>
              <name>injury</name>
              <mutable>False</mutable>
              <input_type>select</input_type>
              <default_value>No</default_value>
              <values>No
Yes
NA</values>
            </attribute>
            <attribute>
              <name>notes</name>
              <mutable>False</mutable>
              <input_type>text</input_type>
              <default_value>NA</default_value>
              <values>NA</values>
            </attribute>
            <attribute>
              <name>sex</name>
              <mutable>False</mutable>
              <input_type>select</input_type>
              <default_value>Male</default_value>
              <values>Male
Female</values>
            </attribute>
            <attribute>
              <name>view</name>
              <mutable>False</mutable>
              <input_type>select</input_type>
              <default_value>Side</default_value>
              <values>Side
Top-down</values>
            </attribute>
          </attributes>
        </label>
        <label>
          <name>Rainbow</name>
          <color>#f1c6e3</color>
          <attributes>
            <attribute>
              <name>adipose clipped</name>
              <mutable>False</mutable>
              <input_type>select</input_type>
              <default_value>No</default_value>
              <values>No
Yes
NA</values>
            </attribute>
            <attribute>
              <name>confidence level</name>
              <mutable>False</mutable>
              <input_type>select</input_type>
              <default_value>3</default_value>
              <values>3
2
1</values>
            </attribute>
            <attribute>
              <name>injury</name>
              <mutable>False</mutable>
              <input_type>select</input_type>
              <default_value>No</default_value>
              <values>No
Yes
NA</values>
            </attribute>
            <attribute>
              <name>notes</name>
              <mutable>False</mutable>
              <input_type>text</input_type>
              <default_value>NA</default_value>
              <values>NA</values>
            </attribute>
            <attribute>
              <name>view</name>
              <mutable>False</mutable>
              <input_type>select</input_type>
              <default_value>Side</default_value>
              <values>Side
Top-down</values>
            </attribute>
            <attribute>
              <name>sex</name>
              <mutable>False</mutable>
              <input_type>select</input_type>
              <default_value>NA</default_value>
              <values>NA
Juvenile</values>
            </attribute>
          </attributes>
        </label>
        <label>
          <name>Chinook</name>
          <color>#2a7dd1</color>
          <attributes>
            <attribute>
              <name>adipose clipped</name>
              <mutable>False</mutable>
              <input_type>select</input_type>
              <default_value>No</default_value>
              <values>No
Yes
NA</values>
            </attribute>
            <attribute>
              <name>confidence level</name>
              <mutable>False</mutable>
              <input_type>select</input_type>
              <default_value>3</default_value>
              <values>3
2
1</values>
            </attribute>
            <attribute>
              <name>injury</name>
              <mutable>False</mutable>
              <input_type>select</input_type>
              <default_value>No</default_value>
              <values>No
Yes
NA</values>
            </attribute>
            <attribute>
              <name>notes</name>
              <mutable>False</mutable>
              <input_type>text</input_type>
              <default_value>NA</default_value>
              <values>NA</values>
            </attribute>
            <attribute>
              <name>sex</name>
              <mutable>False</mutable>
              <input_type>select</input_type>
              <default_value>Male</default_value>
              <values>Male
Female
Jack</values>
            </attribute>
            <attribute>
              <name>view</name>
              <mutable>False</mutable>
              <input_type>select</input_type>
              <default_value>Side</default_value>
              <values>Side
Top-down</values>
            </attribute>
          </attributes>
        </label>
        <label>
          <name>Pikeminnow</name>
          <color>#ecc49c</color>
          <attributes>
            <attribute>
              <name>confidence level</name>
              <mutable>False</mutable>
              <input_type>select</input_type>
              <default_value>3</default_value>
              <values>3
2
1</values>
            </attribute>
            <attribute>
              <name>notes</name>
              <mutable>False</mutable>
              <input_type>text</input_type>
              <default_value>NA</default_value>
              <values>NA</values>
            </attribute>
          </attributes>
        </label>
        <label>
          <name>Shiner</name>
          <color>#8c78f0</color>
          <attributes>
            <attribute>
              <name>confidence level</name>
              <mutable>False</mutable>
              <input_type>select</input_type>
              <default_value>3</default_value>
              <values>3
2
1</values>
            </attribute>
            <attribute>
              <name>notes</name>
              <mutable>False</mutable>
              <input_type>text</input_type>
              <default_value>NA</default_value>
              <values>NA</values>
            </attribute>
          </attributes>
        </label>
        <label>
          <name>Lampray</name>
          <color>#2e2930</color>
          <attributes>
            <attribute>
              <name>confidence level</name>
              <mutable>False</mutable>
              <input_type>select</input_type>
              <default_value>3</default_value>
              <values>3
2
1</values>
            </attribute>
            <attribute>
              <name>notes</name>
              <mutable>False</mutable>
              <input_type>text</input_type>
              <default_value>NA</default_value>
              <values>NA</values>
            </attribute>
          </attributes>
        </label>
      </labels>
      <original_size>
        <width>1920</width>
        <height>1080</height>
      </original_size>
    </task>
    <dumped>2021-12-21 22:21:07.591202+00:00</dumped>
    <source>09-15-2020 06-24-38 M Salmon Camera.m4v</source>
  </meta>
  <track id="0" label="Sockeye" source="manual">
    <box frame="110" outside="0" occluded="1" keyframe="1" xtl="0.00" ytl="590.16" xbr="113.50" ybr="875.65" z_order="0">
      <attribute name="adipose clipped">No</attribute>
      <attribute name="confidence level">1</attribute>
      <attribute name="injury">No</attribute>
      <attribute name="notes">NA</attribute>
      <attribute name="sex">Male</attribute>
      <attribute name="view">Side</attribute>
    </box>
    <box frame="111" outside="0" occluded="1" keyframe="0" xtl="0.00" ytl="581.47" xbr="138.88" ybr="875.65" z_order="0">
      <attribute name="adipose clipped">No</attribute>
      <attribute name="confidence level">1</attribute>
      <attribute name="injury">No</attribute>
      <attribute name="notes">NA</attribute>
      <attribute name="sex">Male</attribute>
      <attribute name="view">Side</attribute>
    </box>
    <box frame="112" outside="0" occluded="1" keyframe="0" xtl="0.00" ytl="572.79" xbr="164.26" ybr="875.65" z_order="0">
      <attribute name="adipose clipped">No</attribute>
      <attribute name="confidence level">1</attribute>
      <attribute name="injury">No</attribute>
      <attribute name="notes">NA</attribute>
      <attribute name="sex">Male</attribute>
      <attribute name="view">Side</attribute>
    </box>
    <box frame="113" outside="0" occluded="1" keyframe="0" xtl="0.00" ytl="564.10" xbr="189.64" ybr="875.65" z_order="0">
      <attribute name="adipose clipped">No</attribute>
      <attribute name="confidence level">1</attribute>
      <attribute name="injury">No</attribute>
      <attribute name="notes">NA</attribute>
      <attribute name="sex">Male</attribute>
      <attribute name="view">Side</attribute>
    </box>
    <box frame="114" outside="0" occluded="1" keyframe="0" xtl="0.00" ytl="555.41" xbr="215.02" ybr="875.65" z_order="0">
      <attribute name="adipose clipped">No</attribute>
      <attribute name="confidence level">1</attribute>
      <attribute name="injury">No</attribute>
      <attribute name="notes">NA</attribute>
      <attribute name="sex">Male</attribute>
      <attribute name="view">Side</attribute>
    </box>
    <box frame="115" outside="0" occluded="1" keyframe="0" xtl="0.00" ytl="546.73" xbr="240.40" ybr="875.65" z_order="0">
      <attribute name="adipose clipped">No</attribute>
      <attribute name="confidence level">1</attribute>
      <attribute name="injury">No</attribute>
      <attribute name="notes">NA</attribute>
      <attribute name="sex">Male</attribute>
      <attribute name="view">Side</attribute>
    </box>
    <box frame="116" outside="0" occluded="1" keyframe="0" xtl="0.00" ytl="538.04" xbr="265.78" ybr="875.65" z_order="0">
      <attribute name="adipose clipped">No</attribute>
      <attribute name="confidence level">1</attribute>
      <attribute name="injury">No</attribute>
      <attribute name="notes">NA</attribute>
      <attribute name="sex">Male</attribute>
      <attribute name="view">Side</attribute>
    </box>
    <box frame="117" outside="0" occluded="1" keyframe="0" xtl="0.00" ytl="529.36" xbr="291.16" ybr="875.65" z_order="0">
      <attribute name="adipose clipped">No</attribute>
      <attribute name="confidence level">1</attribute>
      <attribute name="injury">No</attribute>
      <attribute name="notes">NA</attribute>
      <attribute name="sex">Male</attribute>
      <attribute name="view">Side</attribute>
    </box>
    <box frame="118" outside="0" occluded="1" keyframe="0" xtl="0.00" ytl="520.67" xbr="316.54" ybr="875.65" z_order="0">
      <attribute name="adipose clipped">No</attribute>
      <attribute name="confidence level">1</attribute>
      <attribute name="injury">No</attribute>
      <attribute name="notes">NA</attribute>
      <attribute name="sex">Male</attribute>
      <attribute name="view">Side</attribute>
    </box>
    <box frame="119" outside="0" occluded="1" keyframe="0" xtl="0.00" ytl="511.99" xbr="341.92" ybr="875.65" z_order="0">
      <attribute name="adipose clipped">No</attribute>
      <attribute name="confidence level">1</attribute>
      <attribute name="injury">No</attribute>
      <attribute name="notes">NA</attribute>
      <attribute name="sex">Male</attribute>
      <attribute name="view">Side</attribute>
    </box>
    <box frame="120" outside="0" occluded="1" keyframe="1" xtl="0.00" ytl="503.30" xbr="367.30" ybr="875.65" z_order="0">
      <attribute name="adipose clipped">No</attribute>
      <attribute name="confidence level">1</attribute>
      <attribute name="injury">No</attribute>
      <attribute name="notes">NA</attribute>
      <attribute name="sex">Male</attribute>
      <attribute name="view">Side</attribute>
    </box>
    <box frame="121" outside="0" occluded="1" keyframe="0" xtl="0.00" ytl="496.96" xbr="404.87" ybr="875.65" z_order="0">
      <attribute name="adipose clipped">No</attribute>
      <attribute name="confidence level">1</attribute>
      <attribute name="injury">No</attribute>
      <attribute name="notes">NA</attribute>
      <attribute name="sex">Male</attribute>
      <attribute name="view">Side</attribute>
    </box>
    <box frame="122" outside="0" occluded="1" keyframe="0" xtl="0.00" ytl="490.62" xbr="442.44" ybr="875.65" z_order="0">
      <attribute name="adipose clipped">No</attribute>
      <attribute name="confidence level">1</attribute>
      <attribute name="injury">No</attribute>
      <attribute name="notes">NA</attribute>
      <attribute name="sex">Male</attribute>
      <attribute name="view">Side</attribute>
    </box>
    <box frame="123" outside="0" occluded="1" keyframe="0" xtl="0.00" ytl="484.28" xbr="480.01" ybr="875.65" z_order="0">
      <attribute name="adipose clipped">No</attribute>
      <attribute name="confidence level">1</attribute>
      <attribute name="injury">No</attribute>
      <attribute name="notes">NA</attribute>
      <attribute name="sex">Male</attribute>
      <attribute name="view">Side</attribute>
    </box>
    <box frame="124" outside="0" occluded="1" keyframe="0" xtl="0.00" ytl="477.94" xbr="517.58" ybr="875.65" z_order="0">
      <attribute name="adipose clipped">No</attribute>
      <attribute name="confidence level">1</attribute>
      <attribute name="injury">No</attribute>
      <attribute name="notes">NA</attribute>
      <attribute name="sex">Male</attribute>
      <attribute name="view">Side</attribute>
    </box>
    <box frame="125" outside="0" occluded="1" keyframe="0" xtl="0.00" ytl="471.60" xbr="555.15" ybr="875.65" z_order="0">
      <attribute name="adipose clipped">No</attribute>
      <attribute name="confidence level">1</attribute>
      <attribute name="injury">No</attribute>
      <attribute name="notes">NA</attribute>
      <attribute name="sex">Male</attribute>
      <attribute name="view">Side</attribute>
    </box>
    <box frame="126" outside="0" occluded="1" keyframe="0" xtl="0.00" ytl="465.26" xbr="592.72" ybr="875.65" z_order="0">
      <attribute name="adipose clipped">No</attribute>
      <attribute name="confidence level">1</attribute>
      <attribute name="injury">No</attribute>
      <attribute name="notes">NA</attribute>
      <attribute name="sex">Male</attribute>
      <attribute name="view">Side</attribute>
    </box>
    <box frame="127" outside="0" occluded="1" keyframe="0" xtl="0.00" ytl="458.92" xbr="630.29" ybr="875.65" z_order="0">
      <attribute name="adipose clipped">No</attribute>
      <attribute name="confidence level">1</attribute>
      <attribute name="injury">No</attribute>
      <attribute name="notes">NA</attribute>
      <attribute name="sex">Male</attribute>
      <attribute name="view">Side</attribute>
    </box>
    <box frame="128" outside="0" occluded="1" keyframe="0" xtl="0.00" ytl="452.58" xbr="667.86" ybr="875.65" z_order="0">
      <attribute name="adipose clipped">No</attribute>
      <attribute name="confidence level">1</attribute>
      <attribute name="injury">No</attribute>
      <attribute name="notes">NA</attribute>
      <attribute name="sex">Male</attribute>
      <attribute name="view">Side</attribute>
    </box>
    <box frame="129" outside="0" occluded="1" keyframe="0" xtl="0.00" ytl="446.24" xbr="705.43" ybr="875.65" z_order="0">
      <attribute name="adipose clipped">No</attribute>
      <attribute name="confidence level">1</attribute>
      <attribute name="injury">No</attribute>
      <attribute name="notes">NA</attribute>
      <attribute name="sex">Male</attribute>
      <attribute name="view">Side</attribute>
    </box>
    <box frame="130" outside="0" occluded="0" keyframe="1" xtl="0.00" ytl="439.90" xbr="743.00" ybr="875.65" z_order="0">
      <attribute name="adipose clipped">No</attribute>
      <attribute name="confidence level">1</attribute>
      <attribute name="injury">No</attribute>
      <attribute name="notes">NA</attribute>
      <attribute name="sex">Male</attribute>
      <attribute name="view">Side</attribute>
    </box>
    <box frame="131" outside="0" occluded="0" keyframe="0" xtl="0.00" ytl="437.23" xbr="790.92" ybr="875.65" z_order="0">
      <attribute name="adipose clipped">No</attribute>
      <attribute name="confidence level">1</attribute>
      <attribute name="injury">No</attribute>
      <attribute name="notes">NA</attribute>
      <attribute name="sex">Male</attribute>
      <attribute name="view">Side</attribute>
    </box>
    <box frame="132" outside="0" occluded="0" keyframe="0" xtl="0.00" ytl="434.56" xbr="838.84" ybr="875.65" z_order="0">
      <attribute name="adipose clipped">No</attribute>
      <attribute name="confidence level">1</attribute>
      <attribute name="injury">No</attribute>
      <attribute name="notes">NA</attribute>
      <attribute name="sex">Male</attribute>
      <attribute name="view">Side</attribute>
    </box>
    <box frame="133" outside="0" occluded="0" keyframe="0" xtl="0.00" ytl="431.89" xbr="886.76" ybr="875.65" z_order="0">
      <attribute name="adipose clipped">No</attribute>
      <attribute name="confidence level">1</attribute>
      <attribute name="injury">No</attribute>
      <attribute name="notes">NA</attribute>
      <attribute name="sex">Male</attribute>
      <attribute name="view">Side</attribute>
    </box>
    <box frame="134" outside="0" occluded="0" keyframe="0" xtl="0.00" ytl="429.22" xbr="934.68" ybr="875.65" z_order="0">
      <attribute name="adipose clipped">No</attribute>
      <attribute name="confidence level">1</attribute>
      <attribute name="injury">No</attribute>
      <attribute name="notes">NA</attribute>
      <attribute name="sex">Male</attribute>
      <attribute name="view">Side</attribute>
    </box>
    <box frame="135" outside="0" occluded="0" keyframe="0" xtl="0.00" ytl="426.55" xbr="982.60" ybr="875.65" z_order="0">
      <attribute name="adipose clipped">No</attribute>
      <attribute name="confidence level">1</attribute>
      <attribute name="injury">No</attribute>
      <attribute name="notes">NA</attribute>
      <attribute name="sex">Male</attribute>
      <attribute name="view">Side</attribute>
    </box>
    <box frame="136" outside="0" occluded="0" keyframe="0" xtl="0.00" ytl="423.88" xbr="1030.52" ybr="875.65" z_order="0">
      <attribute name="adipose clipped">No</attribute>
      <attribute name="confidence level">1</attribute>
      <attribute name="injury">No</attribute>
      <attribute name="notes">NA</attribute>
      <attribute name="sex">Male</attribute>
      <attribute name="view">Side</attribute>
    </box>
    <box frame="137" outside="0" occluded="0" keyframe="0" xtl="0.00" ytl="421.21" xbr="1078.44" ybr="875.65" z_order="0">
      <attribute name="adipose clipped">No</attribute>
      <attribute name="confidence level">1</attribute>
      <attribute name="injury">No</attribute>
      <attribute name="notes">NA</attribute>
      <attribute name="sex">Male</attribute>
      <attribute name="view">Side</attribute>
    </box>
    <box frame="138" outside="0" occluded="0" keyframe="0" xtl="0.00" ytl="418.54" xbr="1126.36" ybr="875.65" z_order="0">
      <attribute name="adipose clipped">No</attribute>
      <attribute name="confidence level">1</attribute>
      <attribute name="injury">No</attribute>
      <attribute name="notes">NA</attribute>
      <attribute name="sex">Male</attribute>
      <attribute name="view">Side</attribute>
    </box>
    <box frame="139" outside="0" occluded="0" keyframe="0" xtl="0.00" ytl="415.87" xbr="1174.28" ybr="875.65" z_order="0">
      <attribute name="adipose clipped">No</attribute>
      <attribute name="confidence level">1</attribute>
      <attribute name="injury">No</attribute>
      <attribute name="notes">NA</attribute>
      <attribute name="sex">Male</attribute>
      <attribute name="view">Side</attribute>
    </box>
    <box frame="140" outside="0" occluded="0" keyframe="1" xtl="0.00" ytl="413.20" xbr="1222.20" ybr="875.65" z_order="0">
      <attribute name="adipose clipped">No</attribute>
      <attribute name="confidence level">1</attribute>
      <attribute name="injury">No</attribute>
      <attribute name="notes">NA</attribute>
      <attribute name="sex">Male</attribute>
      <attribute name="view">Side</attribute>
    </box>
    <box frame="141" outside="0" occluded="0" keyframe="0" xtl="40.40" ytl="412.87" xbr="1262.60" ybr="875.32" z_order="0">
      <attribute name="adipose clipped">No</attribute>
      <attribute name="confidence level">1</attribute>
      <attribute name="injury">No</attribute>
      <attribute name="notes">NA</attribute>
      <attribute name="sex">Male</attribute>
      <attribute name="view">Side</attribute>
    </box>
    <box frame="142" outside="0" occluded="0" keyframe="0" xtl="80.81" ytl="412.53" xbr="1303.01" ybr="874.98" z_order="0">
      <attribute name="adipose clipped">No</attribute>
      <attribute name="confidence level">1</attribute>
      <attribute name="injury">No</attribute>
      <attribute name="notes">NA</attribute>
      <attribute name="sex">Male</attribute>
      <attribute name="view">Side</attribute>
    </box>
    <box frame="143" outside="0" occluded="0" keyframe="0" xtl="121.21" ytl="412.20" xbr="1343.41" ybr="874.65" z_order="0">
      <attribute name="adipose clipped">No</attribute>
      <attribute name="confidence level">1</attribute>
      <attribute name="injury">No</attribute>
      <attribute name="notes">NA</attribute>
      <attribute name="sex">Male</attribute>
      <attribute name="view">Side</attribute>
    </box>
    <box frame="144" outside="0" occluded="0" keyframe="0" xtl="161.61" ytl="411.86" xbr="1383.81" ybr="874.32" z_order="0">
      <attribute name="adipose clipped">No</attribute>
      <attribute name="confidence level">1</attribute>
      <attribute name="injury">No</attribute>
      <attribute name="notes">NA</attribute>
      <attribute name="sex">Male</attribute>
      <attribute name="view">Side</attribute>
    </box>
    <box frame="145" outside="0" occluded="0" keyframe="0" xtl="202.02" ytl="411.53" xbr="1424.22" ybr="873.98" z_order="0">
      <attribute name="adipose clipped">No</attribute>
      <attribute name="confidence level">1</attribute>
      <attribute name="injury">No</attribute>
      <attribute name="notes">NA</attribute>
      <attribute name="sex">Male</attribute>
      <attribute name="view">Side</attribute>
    </box>
    <box frame="146" outside="0" occluded="0" keyframe="0" xtl="242.42" ytl="411.20" xbr="1464.62" ybr="873.65" z_order="0">
      <attribute name="adipose clipped">No</attribute>
      <attribute name="confidence level">1</attribute>
      <attribute name="injury">No</attribute>
      <attribute name="notes">NA</attribute>
      <attribute name="sex">Male</attribute>
      <attribute name="view">Side</attribute>
    </box>
    <box frame="147" outside="0" occluded="0" keyframe="0" xtl="282.82" ytl="410.86" xbr="1505.02" ybr="873.31" z_order="0">
      <attribute name="adipose clipped">No</attribute>
      <attribute name="confidence level">1</attribute>
      <attribute name="injury">No</attribute>
      <attribute name="notes">NA</attribute>
      <attribute name="sex">Male</attribute>
      <attribute name="view">Side</attribute>
    </box>
    <box frame="148" outside="0" occluded="0" keyframe="0" xtl="323.23" ytl="410.53" xbr="1545.43" ybr="872.98" z_order="0">
      <attribute name="adipose clipped">No</attribute>
      <attribute name="confidence level">1</attribute>
      <attribute name="injury">No</attribute>
      <attribute name="notes">NA</attribute>
      <attribute name="sex">Male</attribute>
      <attribute name="view">Side</attribute>
    </box>
    <box frame="149" outside="0" occluded="0" keyframe="0" xtl="363.63" ytl="410.20" xbr="1585.83" ybr="872.65" z_order="0">
      <attribute name="adipose clipped">No</attribute>
      <attribute name="confidence level">1</attribute>
      <attribute name="injury">No</attribute>
      <attribute name="notes">NA</attribute>
      <attribute name="sex">Male</attribute>
      <attribute name="view">Side</attribute>
    </box>
    <box frame="150" outside="0" occluded="0" keyframe="1" xtl="404.03" ytl="409.86" xbr="1626.23" ybr="872.31" z_order="0">
      <attribute name="adipose clipped">No</attribute>
      <attribute name="confidence level">1</attribute>
      <attribute name="injury">No</attribute>
      <attribute name="notes">NA</attribute>
      <attribute name="sex">Male</attribute>
      <attribute name="view">Side</attribute>
    </box>
    <box frame="151" outside="0" occluded="0" keyframe="0" xtl="463.14" ytl="410.36" xbr="1655.61" ybr="872.81" z_order="0">
      <attribute name="adipose clipped">No</attribute>
      <attribute name="confidence level">1</attribute>
      <attribute name="injury">No</attribute>
      <attribute name="notes">NA</attribute>
      <attribute name="sex">Male</attribute>
      <attribute name="view">Side</attribute>
    </box>
    <box frame="152" outside="0" occluded="0" keyframe="0" xtl="522.24" ytl="410.86" xbr="1684.99" ybr="873.31" z_order="0">
      <attribute name="adipose clipped">No</attribute>
      <attribute name="confidence level">1</attribute>
      <attribute name="injury">No</attribute>
      <attribute name="notes">NA</attribute>
      <attribute name="sex">Male</attribute>
      <attribute name="view">Side</attribute>
    </box>
    <box frame="153" outside="0" occluded="0" keyframe="0" xtl="581.34" ytl="411.36" xbr="1714.36" ybr="873.82" z_order="0">
      <attribute name="adipose clipped">No</attribute>
      <attribute name="confidence level">1</attribute>
      <attribute name="injury">No</attribute>
      <attribute name="notes">NA</attribute>
      <attribute name="sex">Male</attribute>
      <attribute name="view">Side</attribute>
    </box>
    <box frame="154" outside="0" occluded="0" keyframe="0" xtl="640.44" ytl="411.87" xbr="1743.74" ybr="874.32" z_order="0">
      <attribute name="adipose clipped">No</attribute>
      <attribute name="confidence level">1</attribute>
      <attribute name="injury">No</attribute>
      <attribute name="notes">NA</attribute>
      <attribute name="sex">Male</attribute>
      <attribute name="view">Side</attribute>
    </box>
    <box frame="155" outside="0" occluded="0" keyframe="0" xtl="699.55" ytl="412.37" xbr="1773.12" ybr="874.82" z_order="0">
      <attribute name="adipose clipped">No</attribute>
      <attribute name="confidence level">1</attribute>
      <attribute name="injury">No</attribute>
      <attribute name="notes">NA</attribute>
      <attribute name="sex">Male</attribute>
      <attribute name="view">Side</attribute>
    </box>
    <box frame="156" outside="0" occluded="0" keyframe="0" xtl="758.65" ytl="412.87" xbr="1802.49" ybr="875.32" z_order="0">
      <attribute name="adipose clipped">No</attribute>
      <attribute name="confidence level">1</attribute>
      <attribute name="injury">No</attribute>
      <attribute name="notes">NA</attribute>
      <attribute name="sex">Male</attribute>
      <attribute name="view">Side</attribute>
    </box>
    <box frame="157" outside="0" occluded="0" keyframe="0" xtl="817.75" ytl="413.37" xbr="1831.87" ybr="875.82" z_order="0">
      <attribute name="adipose clipped">No</attribute>
      <attribute name="confidence level">1</attribute>
      <attribute name="injury">No</attribute>
      <attribute name="notes">NA</attribute>
      <attribute name="sex">Male</attribute>
      <attribute name="view">Side</attribute>
    </box>
    <box frame="158" outside="0" occluded="0" keyframe="0" xtl="876.85" ytl="413.87" xbr="1861.25" ybr="876.32" z_order="0">
      <attribute name="adipose clipped">No</attribute>
      <attribute name="confidence level">1</attribute>
      <attribute name="injury">No</attribute>
      <attribute name="notes">NA</attribute>
      <attribute name="sex">Male</attribute>
      <attribute name="view">Side</attribute>
    </box>
    <box frame="159" outside="0" occluded="0" keyframe="0" xtl="935.96" ytl="414.37" xbr="1890.62" ybr="876.82" z_order="0">
      <attribute name="adipose clipped">No</attribute>
      <attribute name="confidence level">1</attribute>
      <attribute name="injury">No</attribute>
      <attribute name="notes">NA</attribute>
      <attribute name="sex">Male</attribute>
      <attribute name="view">Side</attribute>
    </box>
    <box frame="160" outside="0" occluded="1" keyframe="1" xtl="995.06" ytl="414.87" xbr="1920.00" ybr="877.32" z_order="0">
      <attribute name="adipose clipped">No</attribute>
      <attribute name="confidence level">1</attribute>
      <attribute name="injury">No</attribute>
      <attribute name="notes">NA</attribute>
      <attribute name="sex">Male</attribute>
      <attribute name="view">Side</attribute>
    </box>
    <box frame="161" outside="0" occluded="1" keyframe="0" xtl="1033.96" ytl="416.04" xbr="1920.00" ybr="873.65" z_order="0">
      <attribute name="adipose clipped">No</attribute>
      <attribute name="confidence level">1</attribute>
      <attribute name="injury">No</attribute>
      <attribute name="notes">NA</attribute>
      <attribute name="sex">Male</attribute>
      <attribute name="view">Side</attribute>
    </box>
    <box frame="162" outside="0" occluded="1" keyframe="0" xtl="1072.86" ytl="417.22" xbr="1920.00" ybr="869.98" z_order="0">
      <attribute name="adipose clipped">No</attribute>
      <attribute name="confidence level">1</attribute>
      <attribute name="injury">No</attribute>
      <attribute name="notes">NA</attribute>
      <attribute name="sex">Male</attribute>
      <attribute name="view">Side</attribute>
    </box>
    <box frame="163" outside="0" occluded="1" keyframe="0" xtl="1111.76" ytl="418.39" xbr="1920.00" ybr="866.30" z_order="0">
      <attribute name="adipose clipped">No</attribute>
      <attribute name="confidence level">1</attribute>
      <attribute name="injury">No</attribute>
      <attribute name="notes">NA</attribute>
      <attribute name="sex">Male</attribute>
      <attribute name="view">Side</attribute>
    </box>
    <box frame="164" outside="0" occluded="1" keyframe="0" xtl="1150.66" ytl="419.56" xbr="1920.00" ybr="862.63" z_order="0">
      <attribute name="adipose clipped">No</attribute>
      <attribute name="confidence level">1</attribute>
      <attribute name="injury">No</attribute>
      <attribute name="notes">NA</attribute>
      <attribute name="sex">Male</attribute>
      <attribute name="view">Side</attribute>
    </box>
    <box frame="165" outside="0" occluded="1" keyframe="0" xtl="1189.56" ytl="420.74" xbr="1920.00" ybr="858.96" z_order="0">
      <attribute name="adipose clipped">No</attribute>
      <attribute name="confidence level">1</attribute>
      <attribute name="injury">No</attribute>
      <attribute name="notes">NA</attribute>
      <attribute name="sex">Male</attribute>
      <attribute name="view">Side</attribute>
    </box>
    <box frame="166" outside="0" occluded="1" keyframe="0" xtl="1228.46" ytl="421.91" xbr="1920.00" ybr="855.28" z_order="0">
      <attribute name="adipose clipped">No</attribute>
      <attribute name="confidence level">1</attribute>
      <attribute name="injury">No</attribute>
      <attribute name="notes">NA</attribute>
      <attribute name="sex">Male</attribute>
      <attribute name="view">Side</attribute>
    </box>
    <box frame="167" outside="0" occluded="1" keyframe="0" xtl="1267.37" ytl="423.08" xbr="1920.00" ybr="851.61" z_order="0">
      <attribute name="adipose clipped">No</attribute>
      <attribute name="confidence level">1</attribute>
      <attribute name="injury">No</attribute>
      <attribute name="notes">NA</attribute>
      <attribute name="sex">Male</attribute>
      <attribute name="view">Side</attribute>
    </box>
    <box frame="168" outside="0" occluded="1" keyframe="0" xtl="1306.27" ytl="424.25" xbr="1920.00" ybr="847.94" z_order="0">
      <attribute name="adipose clipped">No</attribute>
      <attribute name="confidence level">1</attribute>
      <attribute name="injury">No</attribute>
      <attribute name="notes">NA</attribute>
      <attribute name="sex">Male</attribute>
      <attribute name="view">Side</attribute>
    </box>
    <box frame="169" outside="0" occluded="1" keyframe="0" xtl="1345.17" ytl="425.43" xbr="1920.00" ybr="844.26" z_order="0">
      <attribute name="adipose clipped">No</attribute>
      <attribute name="confidence level">1</attribute>
      <attribute name="injury">No</attribute>
      <attribute name="notes">NA</attribute>
      <attribute name="sex">Male</attribute>
      <attribute name="view">Side</attribute>
    </box>
    <box frame="170" outside="0" occluded="1" keyframe="1" xtl="1384.07" ytl="426.60" xbr="1920.00" ybr="840.59" z_order="0">
      <attribute name="adipose clipped">No</attribute>
      <attribute name="confidence level">1</attribute>
      <attribute name="injury">No</attribute>
      <attribute name="notes">NA</attribute>
      <attribute name="sex">Male</attribute>
      <attribute name="view">Side</attribute>
    </box>
    <box frame="171" outside="0" occluded="1" keyframe="0" xtl="1410.45" ytl="426.43" xbr="1920.00" ybr="836.75" z_order="0">
      <attribute name="adipose clipped">No</attribute>
      <attribute name="confidence level">1</attribute>
      <attribute name="injury">No</attribute>
      <attribute name="notes">NA</attribute>
      <attribute name="sex">Male</attribute>
      <attribute name="view">Side</attribute>
    </box>
    <box frame="172" outside="0" occluded="1" keyframe="0" xtl="1436.83" ytl="426.26" xbr="1920.00" ybr="832.91" z_order="0">
      <attribute name="adipose clipped">No</attribute>
      <attribute name="confidence level">1</attribute>
      <attribute name="injury">No</attribute>
      <attribute name="notes">NA</attribute>
      <attribute name="sex">Male</attribute>
      <attribute name="view">Side</attribute>
    </box>
    <box frame="173" outside="0" occluded="1" keyframe="0" xtl="1463.20" ytl="426.09" xbr="1920.00" ybr="829.07" z_order="0">
      <attribute name="adipose clipped">No</attribute>
      <attribute name="confidence level">1</attribute>
      <attribute name="injury">No</attribute>
      <attribute name="notes">NA</attribute>
      <attribute name="sex">Male</attribute>
      <attribute name="view">Side</attribute>
    </box>
    <box frame="174" outside="0" occluded="1" keyframe="0" xtl="1489.58" ytl="425.92" xbr="1920.00" ybr="825.23" z_order="0">
      <attribute name="adipose clipped">No</attribute>
      <attribute name="confidence level">1</attribute>
      <attribute name="injury">No</attribute>
      <attribute name="notes">NA</attribute>
      <attribute name="sex">Male</attribute>
      <attribute name="view">Side</attribute>
    </box>
    <box frame="175" outside="0" occluded="1" keyframe="0" xtl="1515.96" ytl="425.75" xbr="1920.00" ybr="821.39" z_order="0">
      <attribute name="adipose clipped">No</attribute>
      <attribute name="confidence level">1</attribute>
      <attribute name="injury">No</attribute>
      <attribute name="notes">NA</attribute>
      <attribute name="sex">Male</attribute>
      <attribute name="view">Side</attribute>
    </box>
    <box frame="176" outside="0" occluded="1" keyframe="0" xtl="1542.34" ytl="425.58" xbr="1920.00" ybr="817.55" z_order="0">
      <attribute name="adipose clipped">No</attribute>
      <attribute name="confidence level">1</attribute>
      <attribute name="injury">No</attribute>
      <attribute name="notes">NA</attribute>
      <attribute name="sex">Male</attribute>
      <attribute name="view">Side</attribute>
    </box>
    <box frame="177" outside="0" occluded="1" keyframe="0" xtl="1568.72" ytl="425.41" xbr="1920.00" ybr="813.71" z_order="0">
      <attribute name="adipose clipped">No</attribute>
      <attribute name="confidence level">1</attribute>
      <attribute name="injury">No</attribute>
      <attribute name="notes">NA</attribute>
      <attribute name="sex">Male</attribute>
      <attribute name="view">Side</attribute>
    </box>
    <box frame="178" outside="0" occluded="1" keyframe="0" xtl="1595.10" ytl="425.24" xbr="1920.00" ybr="809.87" z_order="0">
      <attribute name="adipose clipped">No</attribute>
      <attribute name="confidence level">1</attribute>
      <attribute name="injury">No</attribute>
      <attribute name="notes">NA</attribute>
      <attribute name="sex">Male</attribute>
      <attribute name="view">Side</attribute>
    </box>
    <box frame="179" outside="0" occluded="1" keyframe="0" xtl="1621.48" ytl="425.07" xbr="1920.00" ybr="806.03" z_order="0">
      <attribute name="adipose clipped">No</attribute>
      <attribute name="confidence level">1</attribute>
      <attribute name="injury">No</attribute>
      <attribute name="notes">NA</attribute>
      <attribute name="sex">Male</attribute>
      <attribute name="view">Side</attribute>
    </box>
    <box frame="180" outside="0" occluded="1" keyframe="1" xtl="1647.86" ytl="424.90" xbr="1920.00" ybr="802.19" z_order="0">
      <attribute name="adipose clipped">No</attribute>
      <attribute name="confidence level">1</attribute>
      <attribute name="injury">No</attribute>
      <attribute name="notes">NA</attribute>
      <attribute name="sex">Male</attribute>
      <attribute name="view">Side</attribute>
    </box>
    <box frame="181" outside="0" occluded="1" keyframe="0" xtl="1657.76" ytl="424.90" xbr="1920.00" ybr="802.19" z_order="0">
      <attribute name="adipose clipped">No</attribute>
      <attribute name="confidence level">1</attribute>
      <attribute name="injury">No</attribute>
      <attribute name="notes">NA</attribute>
      <attribute name="sex">Male</attribute>
      <attribute name="view">Side</attribute>
    </box>
    <box frame="182" outside="0" occluded="1" keyframe="0" xtl="1667.65" ytl="424.90" xbr="1920.00" ybr="802.19" z_order="0">
      <attribute name="adipose clipped">No</attribute>
      <attribute name="confidence level">1</attribute>
      <attribute name="injury">No</attribute>
      <attribute name="notes">NA</attribute>
      <attribute name="sex">Male</attribute>
      <attribute name="view">Side</attribute>
    </box>
    <box frame="183" outside="0" occluded="1" keyframe="0" xtl="1677.55" ytl="424.90" xbr="1920.00" ybr="802.19" z_order="0">
      <attribute name="adipose clipped">No</attribute>
      <attribute name="confidence level">1</attribute>
      <attribute name="injury">No</attribute>
      <attribute name="notes">NA</attribute>
      <attribute name="sex">Male</attribute>
      <attribute name="view">Side</attribute>
    </box>
    <box frame="184" outside="0" occluded="1" keyframe="0" xtl="1687.44" ytl="424.90" xbr="1920.00" ybr="802.19" z_order="0">
      <attribute name="adipose clipped">No</attribute>
      <attribute name="confidence level">1</attribute>
      <attribute name="injury">No</attribute>
      <attribute name="notes">NA</attribute>
      <attribute name="sex">Male</attribute>
      <attribute name="view">Side</attribute>
    </box>
    <box frame="185" outside="0" occluded="1" keyframe="0" xtl="1697.34" ytl="424.90" xbr="1920.00" ybr="802.19" z_order="0">
      <attribute name="adipose clipped">No</attribute>
      <attribute name="confidence level">1</attribute>
      <attribute name="injury">No</attribute>
      <attribute name="notes">NA</attribute>
      <attribute name="sex">Male</attribute>
      <attribute name="view">Side</attribute>
    </box>
    <box frame="186" outside="0" occluded="1" keyframe="0" xtl="1707.23" ytl="424.90" xbr="1920.00" ybr="802.19" z_order="0">
      <attribute name="adipose clipped">No</attribute>
      <attribute name="confidence level">1</attribute>
      <attribute name="injury">No</attribute>
      <attribute name="notes">NA</attribute>
      <attribute name="sex">Male</attribute>
      <attribute name="view">Side</attribute>
    </box>
    <box frame="187" outside="0" occluded="1" keyframe="0" xtl="1717.13" ytl="424.90" xbr="1920.00" ybr="802.19" z_order="0">
      <attribute name="adipose clipped">No</attribute>
      <attribute name="confidence level">1</attribute>
      <attribute name="injury">No</attribute>
      <attribute name="notes">NA</attribute>
      <attribute name="sex">Male</attribute>
      <attribute name="view">Side</attribute>
    </box>
    <box frame="188" outside="0" occluded="1" keyframe="0" xtl="1727.03" ytl="424.90" xbr="1920.00" ybr="802.19" z_order="0">
      <attribute name="adipose clipped">No</attribute>
      <attribute name="confidence level">1</attribute>
      <attribute name="injury">No</attribute>
      <attribute name="notes">NA</attribute>
      <attribute name="sex">Male</attribute>
      <attribute name="view">Side</attribute>
    </box>
    <box frame="189" outside="0" occluded="1" keyframe="0" xtl="1736.92" ytl="424.90" xbr="1920.00" ybr="802.19" z_order="0">
      <attribute name="adipose clipped">No</attribute>
      <attribute name="confidence level">1</attribute>
      <attribute name="injury">No</attribute>
      <attribute name="notes">NA</attribute>
      <attribute name="sex">Male</attribute>
      <attribute name="view">Side</attribute>
    </box>
    <box frame="190" outside="0" occluded="1" keyframe="0" xtl="1746.82" ytl="424.90" xbr="1920.00" ybr="802.19" z_order="0">
      <attribute name="adipose clipped">No</attribute>
      <attribute name="confidence level">1</attribute>
      <attribute name="injury">No</attribute>
      <attribute name="notes">NA</attribute>
      <attribute name="sex">Male</attribute>
      <attribute name="view">Side</attribute>
    </box>
    <box frame="191" outside="0" occluded="1" keyframe="0" xtl="1756.71" ytl="424.90" xbr="1920.00" ybr="802.19" z_order="0">
      <attribute name="adipose clipped">No</attribute>
      <attribute name="confidence level">1</attribute>
      <attribute name="injury">No</attribute>
      <attribute name="notes">NA</attribute>
      <attribute name="sex">Male</attribute>
      <attribute name="view">Side</attribute>
    </box>
    <box frame="192" outside="0" occluded="1" keyframe="0" xtl="1766.61" ytl="424.90" xbr="1920.00" ybr="802.19" z_order="0">
      <attribute name="adipose clipped">No</attribute>
      <attribute name="confidence level">1</attribute>
      <attribute name="injury">No</attribute>
      <attribute name="notes">NA</attribute>
      <attribute name="sex">Male</attribute>
      <attribute name="view">Side</attribute>
    </box>
    <box frame="193" outside="0" occluded="1" keyframe="0" xtl="1776.50" ytl="424.90" xbr="1920.00" ybr="802.19" z_order="0">
      <attribute name="adipose clipped">No</attribute>
      <attribute name="confidence level">1</attribute>
      <attribute name="injury">No</attribute>
      <attribute name="notes">NA</attribute>
      <attribute name="sex">Male</attribute>
      <attribute name="view">Side</attribute>
    </box>
    <box frame="194" outside="0" occluded="1" keyframe="1" xtl="1786.40" ytl="424.90" xbr="1920.00" ybr="802.19" z_order="0">
      <attribute name="adipose clipped">No</attribute>
      <attribute name="confidence level">1</attribute>
      <attribute name="injury">No</attribute>
      <attribute name="notes">NA</attribute>
      <attribute name="sex">Male</attribute>
      <attribute name="view">Side</attribute>
    </box>
    <box frame="195" outside="0" occluded="1" keyframe="0" xtl="1786.40" ytl="424.90" xbr="1920.00" ybr="802.19" z_order="0">
      <attribute name="adipose clipped">No</attribute>
      <attribute name="confidence level">1</attribute>
      <attribute name="injury">No</attribute>
      <attribute name="notes">NA</attribute>
      <attribute name="sex">Male</attribute>
      <attribute name="view">Side</attribute>
    </box>
    <box frame="196" outside="1" occluded="1" keyframe="1" xtl="1786.40" ytl="424.90" xbr="1920.00" ybr="802.19" z_order="0">
      <attribute name="adipose clipped">No</attribute>
      <attribute name="confidence level">1</attribute>
      <attribute name="injury">No</attribute>
      <attribute name="notes">NA</attribute>
      <attribute name="sex">Male</attribute>
      <attribute name="view">Side</attribute>
    </box>
  </track>
</annotations>
