<?xml version="1.0" encoding="utf-8"?>
<annotations>
  <version>1.1</version>
  <meta>
    <task>
      <id>19</id>
      <name>09-26-2019 00-33-04 M Right Bank Underwater</name>
      <size>87</size>
      <mode>interpolation</mode>
      <overlap>5</overlap>
      <bugtracker></bugtracker>
      <created>2021-05-19 04:12:30.362168+00:00</created>
      <updated>2021-05-19 04:15:33.258315+00:00</updated>
      <start_frame>0</start_frame>
      <stop_frame>86</stop_frame>
      <frame_filter></frame_filter>
      <labels>
        <label>
          <name>Chinook</name>
          <color>#38794c</color>
          <attributes>
            <attribute>
              <name>Adipose Clipped</name>
              <mutable>False</mutable>
              <input_type>select</input_type>
              <default_value>No</default_value>
              <values>No
Yes
NA</values>
            </attribute>
            <attribute>
              <name>Confidence Level</name>
              <mutable>False</mutable>
              <input_type>select</input_type>
              <default_value>3</default_value>
              <values>3
2
1</values>
            </attribute>
            <attribute>
              <name>Injury</name>
              <mutable>False</mutable>
              <input_type>select</input_type>
              <default_value>No</default_value>
              <values>No
Yes
NA</values>
            </attribute>
            <attribute>
              <name>Notes</name>
              <mutable>False</mutable>
              <input_type>text</input_type>
              <default_value></default_value>
              <values></values>
            </attribute>
            <attribute>
              <name>Sex</name>
              <mutable>False</mutable>
              <input_type>select</input_type>
              <default_value>Male</default_value>
              <values>Male
Female
Jack</values>
            </attribute>
            <attribute>
              <name>View</name>
              <mutable>False</mutable>
              <input_type>select</input_type>
              <default_value>Top-down</default_value>
              <values>Top-down
Side</values>
            </attribute>
          </attributes>
        </label>
        <label>
          <name>Steelhead</name>
          <color>#888888</color>
          <attributes>
            <attribute>
              <name>Adipose Clipped</name>
              <mutable>False</mutable>
              <input_type>select</input_type>
              <default_value>No</default_value>
              <values>No
Yes
NA</values>
            </attribute>
            <attribute>
              <name>Confidence Level</name>
              <mutable>False</mutable>
              <input_type>select</input_type>
              <default_value>3</default_value>
              <values>3
2
1</values>
            </attribute>
            <attribute>
              <name>Injury</name>
              <mutable>False</mutable>
              <input_type>select</input_type>
              <default_value>No</default_value>
              <values>No
Yes
NA</values>
            </attribute>
            <attribute>
              <name>Notes</name>
              <mutable>False</mutable>
              <input_type>text</input_type>
              <default_value></default_value>
              <values></values>
            </attribute>
            <attribute>
              <name>Sex</name>
              <mutable>False</mutable>
              <input_type>select</input_type>
              <default_value>Male</default_value>
              <values>Male
Female</values>
            </attribute>
            <attribute>
              <name>View</name>
              <mutable>False</mutable>
              <input_type>select</input_type>
              <default_value>Top-down</default_value>
              <values>Top-down
Side</values>
            </attribute>
          </attributes>
        </label>
        <label>
          <name>Sockeye</name>
          <color>#f00026</color>
          <attributes>
            <attribute>
              <name>Adipose Clipped</name>
              <mutable>False</mutable>
              <input_type>select</input_type>
              <default_value>No</default_value>
              <values>No
Yes
NA</values>
            </attribute>
            <attribute>
              <name>Confidence Level</name>
              <mutable>False</mutable>
              <input_type>select</input_type>
              <default_value>3</default_value>
              <values>3
2
1</values>
            </attribute>
            <attribute>
              <name>Injury</name>
              <mutable>False</mutable>
              <input_type>select</input_type>
              <default_value>No</default_value>
              <values>No
Yes
NA</values>
            </attribute>
            <attribute>
              <name>Notes</name>
              <mutable>False</mutable>
              <input_type>text</input_type>
              <default_value></default_value>
              <values></values>
            </attribute>
            <attribute>
              <name>Sex</name>
              <mutable>False</mutable>
              <input_type>select</input_type>
              <default_value>Male</default_value>
              <values>Male
Female</values>
            </attribute>
            <attribute>
              <name>View</name>
              <mutable>False</mutable>
              <input_type>select</input_type>
              <default_value>Top-down</default_value>
              <values>Top-down
Side</values>
            </attribute>
          </attributes>
        </label>
        <label>
          <name>Pink</name>
          <color>#fa7dbb</color>
          <attributes>
            <attribute>
              <name>Adipose Clipped</name>
              <mutable>False</mutable>
              <input_type>select</input_type>
              <default_value>No</default_value>
              <values>No
Yes
NA</values>
            </attribute>
            <attribute>
              <name>Confidence Level</name>
              <mutable>False</mutable>
              <input_type>select</input_type>
              <default_value>3</default_value>
              <values>3
2
1</values>
            </attribute>
            <attribute>
              <name>Injury</name>
              <mutable>False</mutable>
              <input_type>select</input_type>
              <default_value>No</default_value>
              <values>No
Yes
NA</values>
            </attribute>
            <attribute>
              <name>Notes</name>
              <mutable>False</mutable>
              <input_type>text</input_type>
              <default_value></default_value>
              <values></values>
            </attribute>
            <attribute>
              <name>Sex</name>
              <mutable>False</mutable>
              <input_type>select</input_type>
              <default_value>Male</default_value>
              <values>Male
Female</values>
            </attribute>
            <attribute>
              <name>View</name>
              <mutable>False</mutable>
              <input_type>select</input_type>
              <default_value>Top-down</default_value>
              <values>Top-down
Side</values>
            </attribute>
          </attributes>
        </label>
        <label>
          <name>Whitefish</name>
          <color>#d8d8db</color>
          <attributes>
            <attribute>
              <name>Adipose Clipped</name>
              <mutable>False</mutable>
              <input_type>select</input_type>
              <default_value>No</default_value>
              <values>No
Yes
NA</values>
            </attribute>
            <attribute>
              <name>Confidence Level</name>
              <mutable>False</mutable>
              <input_type>select</input_type>
              <default_value>3</default_value>
              <values>3
2
1</values>
            </attribute>
            <attribute>
              <name>Injury</name>
              <mutable>False</mutable>
              <input_type>select</input_type>
              <default_value>No</default_value>
              <values>No
Yes
NA</values>
            </attribute>
            <attribute>
              <name>Notes</name>
              <mutable>False</mutable>
              <input_type>text</input_type>
              <default_value></default_value>
              <values></values>
            </attribute>
            <attribute>
              <name>Sex</name>
              <mutable>False</mutable>
              <input_type>select</input_type>
              <default_value>NA</default_value>
              <values>NA</values>
            </attribute>
            <attribute>
              <name>View</name>
              <mutable>False</mutable>
              <input_type>select</input_type>
              <default_value>Top-down</default_value>
              <values>Top-down
Side</values>
            </attribute>
          </attributes>
        </label>
        <label>
          <name>Chum</name>
          <color>#ffcc33</color>
          <attributes>
            <attribute>
              <name>Adipose Clipped</name>
              <mutable>False</mutable>
              <input_type>select</input_type>
              <default_value>No</default_value>
              <values>No
Yes
NA</values>
            </attribute>
            <attribute>
              <name>Confidence Level</name>
              <mutable>False</mutable>
              <input_type>select</input_type>
              <default_value>3</default_value>
              <values>3
2
1</values>
            </attribute>
            <attribute>
              <name>Injury</name>
              <mutable>False</mutable>
              <input_type>select</input_type>
              <default_value>No</default_value>
              <values>No
Yes
NA</values>
            </attribute>
            <attribute>
              <name>Notes</name>
              <mutable>False</mutable>
              <input_type>text</input_type>
              <default_value></default_value>
              <values></values>
            </attribute>
            <attribute>
              <name>Sex</name>
              <mutable>False</mutable>
              <input_type>select</input_type>
              <default_value>Male</default_value>
              <values>Male
Female</values>
            </attribute>
            <attribute>
              <name>View</name>
              <mutable>False</mutable>
              <input_type>select</input_type>
              <default_value>Top-down</default_value>
              <values>Top-down
Side</values>
            </attribute>
          </attributes>
        </label>
        <label>
          <name>Bull</name>
          <color>#3d3df5</color>
          <attributes>
            <attribute>
              <name>Adipose Clipped</name>
              <mutable>False</mutable>
              <input_type>select</input_type>
              <default_value>No</default_value>
              <values>No
NA</values>
            </attribute>
            <attribute>
              <name>Confidence Level</name>
              <mutable>False</mutable>
              <input_type>select</input_type>
              <default_value>3</default_value>
              <values>3
2
1</values>
            </attribute>
            <attribute>
              <name>Injury</name>
              <mutable>False</mutable>
              <input_type>select</input_type>
              <default_value>No</default_value>
              <values>No
Yes
NA</values>
            </attribute>
            <attribute>
              <name>Notes</name>
              <mutable>False</mutable>
              <input_type>text</input_type>
              <default_value>NA</default_value>
              <values>NA</values>
            </attribute>
            <attribute>
              <name>Sex</name>
              <mutable>False</mutable>
              <input_type>select</input_type>
              <default_value>NA</default_value>
              <values>NA</values>
            </attribute>
            <attribute>
              <name>View</name>
              <mutable>False</mutable>
              <input_type>select</input_type>
              <default_value>Top-down</default_value>
              <values>Top-down
Side</values>
            </attribute>
          </attributes>
        </label>
        <label>
          <name>Coho</name>
          <color>#32b7fa</color>
          <attributes>
            <attribute>
              <name>Adipose Clipped</name>
              <mutable>False</mutable>
              <input_type>select</input_type>
              <default_value>No</default_value>
              <values>No
Yes
NA</values>
            </attribute>
            <attribute>
              <name>Confidence Level</name>
              <mutable>False</mutable>
              <input_type>select</input_type>
              <default_value>3</default_value>
              <values>3
2
1</values>
            </attribute>
            <attribute>
              <name>Injury</name>
              <mutable>False</mutable>
              <input_type>select</input_type>
              <default_value>No</default_value>
              <values>No
Yes
NA</values>
            </attribute>
            <attribute>
              <name>Notes</name>
              <mutable>False</mutable>
              <input_type>text</input_type>
              <default_value></default_value>
              <values></values>
            </attribute>
            <attribute>
              <name>Sex</name>
              <mutable>False</mutable>
              <input_type>select</input_type>
              <default_value>Male</default_value>
              <values>Male
Female
Jack</values>
            </attribute>
            <attribute>
              <name>View</name>
              <mutable>False</mutable>
              <input_type>select</input_type>
              <default_value>Top-down</default_value>
              <values>Top-down
Side</values>
            </attribute>
          </attributes>
        </label>
        <label>
          <name>Rainbow</name>
          <color>#ff914d</color>
          <attributes>
            <attribute>
              <name>Adipose Clipped</name>
              <mutable>False</mutable>
              <input_type>select</input_type>
              <default_value>No</default_value>
              <values>No
Yes
NA</values>
            </attribute>
            <attribute>
              <name>Confidence Level</name>
              <mutable>False</mutable>
              <input_type>select</input_type>
              <default_value>3</default_value>
              <values>3
2
1</values>
            </attribute>
            <attribute>
              <name>Injury</name>
              <mutable>False</mutable>
              <input_type>select</input_type>
              <default_value>No</default_value>
              <values>No
Yes
NA</values>
            </attribute>
            <attribute>
              <name>Notes</name>
              <mutable>False</mutable>
              <input_type>text</input_type>
              <default_value></default_value>
              <values></values>
            </attribute>
            <attribute>
              <name>Sex</name>
              <mutable>False</mutable>
              <input_type>select</input_type>
              <default_value>NA</default_value>
              <values>NA
Juvenile</values>
            </attribute>
            <attribute>
              <name>View</name>
              <mutable>False</mutable>
              <input_type>select</input_type>
              <default_value>Top-down</default_value>
              <values>Top-down
Side</values>
            </attribute>
          </attributes>
        </label>
      </labels>
      <segments>
        <segment>
          <id>19</id>
          <start>0</start>
          <stop>86</stop>
          <url>httplocalhost:8080/?id=19</url>
        </segment>
      </segments>
      <owner>
        <username>jtravers</username>
        <email>jtravers@uoregon.edu</email>
      </owner>
      <assignee></assignee>
      <original_size>
        <width>1920</width>
        <height>1080</height>
      </original_size>
    </task>
    <dumped>2021-05-19 04:15:54.825943+00:00</dumped>
    <source>09-26-2019 00-33-04 M Right Bank Underwater.mp4</source>
  </meta>
  <track id="0" label="Coho" source="manual">
    <box frame="7" outside="0" occluded="0" keyframe="1" xtl="0.00" ytl="523.28" xbr="212.46" ybr="769.18" z_order="0">
      <attribute name="Adipose Clipped">No</attribute>
      <attribute name="Confidence Level">2</attribute>
      <attribute name="Injury">No</attribute>
      <attribute name="Notes"></attribute>
      <attribute name="Sex">Female</attribute>
      <attribute name="View">Side</attribute>
    </box>
    <box frame="8" outside="0" occluded="0" keyframe="0" xtl="0.00" ytl="523.28" xbr="224.27" ybr="769.18" z_order="0">
      <attribute name="Adipose Clipped">No</attribute>
      <attribute name="Confidence Level">2</attribute>
      <attribute name="Injury">No</attribute>
      <attribute name="Notes"></attribute>
      <attribute name="Sex">Female</attribute>
      <attribute name="View">Side</attribute>
    </box>
    <box frame="9" outside="0" occluded="0" keyframe="0" xtl="0.00" ytl="523.28" xbr="236.08" ybr="769.18" z_order="0">
      <attribute name="Adipose Clipped">No</attribute>
      <attribute name="Confidence Level">2</attribute>
      <attribute name="Injury">No</attribute>
      <attribute name="Notes"></attribute>
      <attribute name="Sex">Female</attribute>
      <attribute name="View">Side</attribute>
    </box>
    <box frame="10" outside="0" occluded="0" keyframe="0" xtl="0.00" ytl="523.28" xbr="247.89" ybr="769.18" z_order="0">
      <attribute name="Adipose Clipped">No</attribute>
      <attribute name="Confidence Level">2</attribute>
      <attribute name="Injury">No</attribute>
      <attribute name="Notes"></attribute>
      <attribute name="Sex">Female</attribute>
      <attribute name="View">Side</attribute>
    </box>
    <box frame="11" outside="0" occluded="0" keyframe="1" xtl="0.00" ytl="523.28" xbr="259.70" ybr="769.18" z_order="0">
      <attribute name="Adipose Clipped">No</attribute>
      <attribute name="Confidence Level">2</attribute>
      <attribute name="Injury">No</attribute>
      <attribute name="Notes"></attribute>
      <attribute name="Sex">Female</attribute>
      <attribute name="View">Side</attribute>
    </box>
    <box frame="12" outside="0" occluded="0" keyframe="1" xtl="0.00" ytl="523.28" xbr="283.30" ybr="798.70" z_order="0">
      <attribute name="Adipose Clipped">No</attribute>
      <attribute name="Confidence Level">2</attribute>
      <attribute name="Injury">No</attribute>
      <attribute name="Notes"></attribute>
      <attribute name="Sex">Female</attribute>
      <attribute name="View">Side</attribute>
    </box>
    <box frame="13" outside="0" occluded="0" keyframe="0" xtl="0.00" ytl="520.33" xbr="315.96" ybr="802.83" z_order="0">
      <attribute name="Adipose Clipped">No</attribute>
      <attribute name="Confidence Level">2</attribute>
      <attribute name="Injury">No</attribute>
      <attribute name="Notes"></attribute>
      <attribute name="Sex">Female</attribute>
      <attribute name="View">Side</attribute>
    </box>
    <box frame="14" outside="0" occluded="0" keyframe="0" xtl="0.00" ytl="517.38" xbr="348.62" ybr="806.96" z_order="0">
      <attribute name="Adipose Clipped">No</attribute>
      <attribute name="Confidence Level">2</attribute>
      <attribute name="Injury">No</attribute>
      <attribute name="Notes"></attribute>
      <attribute name="Sex">Female</attribute>
      <attribute name="View">Side</attribute>
    </box>
    <box frame="15" outside="0" occluded="0" keyframe="0" xtl="0.00" ytl="514.43" xbr="381.28" ybr="811.09" z_order="0">
      <attribute name="Adipose Clipped">No</attribute>
      <attribute name="Confidence Level">2</attribute>
      <attribute name="Injury">No</attribute>
      <attribute name="Notes"></attribute>
      <attribute name="Sex">Female</attribute>
      <attribute name="View">Side</attribute>
    </box>
    <box frame="16" outside="0" occluded="0" keyframe="0" xtl="0.00" ytl="511.49" xbr="413.94" ybr="815.22" z_order="0">
      <attribute name="Adipose Clipped">No</attribute>
      <attribute name="Confidence Level">2</attribute>
      <attribute name="Injury">No</attribute>
      <attribute name="Notes"></attribute>
      <attribute name="Sex">Female</attribute>
      <attribute name="View">Side</attribute>
    </box>
    <box frame="17" outside="0" occluded="0" keyframe="0" xtl="0.00" ytl="508.54" xbr="446.60" ybr="819.35" z_order="0">
      <attribute name="Adipose Clipped">No</attribute>
      <attribute name="Confidence Level">2</attribute>
      <attribute name="Injury">No</attribute>
      <attribute name="Notes"></attribute>
      <attribute name="Sex">Female</attribute>
      <attribute name="View">Side</attribute>
    </box>
    <box frame="18" outside="0" occluded="0" keyframe="0" xtl="0.00" ytl="505.59" xbr="479.26" ybr="823.48" z_order="0">
      <attribute name="Adipose Clipped">No</attribute>
      <attribute name="Confidence Level">2</attribute>
      <attribute name="Injury">No</attribute>
      <attribute name="Notes"></attribute>
      <attribute name="Sex">Female</attribute>
      <attribute name="View">Side</attribute>
    </box>
    <box frame="19" outside="0" occluded="0" keyframe="0" xtl="0.00" ytl="502.64" xbr="511.92" ybr="827.61" z_order="0">
      <attribute name="Adipose Clipped">No</attribute>
      <attribute name="Confidence Level">2</attribute>
      <attribute name="Injury">No</attribute>
      <attribute name="Notes"></attribute>
      <attribute name="Sex">Female</attribute>
      <attribute name="View">Side</attribute>
    </box>
    <box frame="20" outside="0" occluded="0" keyframe="0" xtl="0.00" ytl="499.70" xbr="544.58" ybr="831.74" z_order="0">
      <attribute name="Adipose Clipped">No</attribute>
      <attribute name="Confidence Level">2</attribute>
      <attribute name="Injury">No</attribute>
      <attribute name="Notes"></attribute>
      <attribute name="Sex">Female</attribute>
      <attribute name="View">Side</attribute>
    </box>
    <box frame="21" outside="0" occluded="0" keyframe="0" xtl="0.00" ytl="496.75" xbr="577.24" ybr="835.87" z_order="0">
      <attribute name="Adipose Clipped">No</attribute>
      <attribute name="Confidence Level">2</attribute>
      <attribute name="Injury">No</attribute>
      <attribute name="Notes"></attribute>
      <attribute name="Sex">Female</attribute>
      <attribute name="View">Side</attribute>
    </box>
    <box frame="22" outside="0" occluded="0" keyframe="1" xtl="0.00" ytl="493.80" xbr="609.90" ybr="840.00" z_order="0">
      <attribute name="Adipose Clipped">No</attribute>
      <attribute name="Confidence Level">2</attribute>
      <attribute name="Injury">No</attribute>
      <attribute name="Notes"></attribute>
      <attribute name="Sex">Female</attribute>
      <attribute name="View">Side</attribute>
    </box>
    <box frame="23" outside="0" occluded="0" keyframe="0" xtl="0.00" ytl="488.69" xbr="644.52" ybr="843.15" z_order="0">
      <attribute name="Adipose Clipped">No</attribute>
      <attribute name="Confidence Level">2</attribute>
      <attribute name="Injury">No</attribute>
      <attribute name="Notes"></attribute>
      <attribute name="Sex">Female</attribute>
      <attribute name="View">Side</attribute>
    </box>
    <box frame="24" outside="0" occluded="0" keyframe="0" xtl="0.00" ytl="483.58" xbr="679.14" ybr="846.30" z_order="0">
      <attribute name="Adipose Clipped">No</attribute>
      <attribute name="Confidence Level">2</attribute>
      <attribute name="Injury">No</attribute>
      <attribute name="Notes"></attribute>
      <attribute name="Sex">Female</attribute>
      <attribute name="View">Side</attribute>
    </box>
    <box frame="25" outside="0" occluded="0" keyframe="0" xtl="0.00" ytl="478.47" xbr="713.76" ybr="849.45" z_order="0">
      <attribute name="Adipose Clipped">No</attribute>
      <attribute name="Confidence Level">2</attribute>
      <attribute name="Injury">No</attribute>
      <attribute name="Notes"></attribute>
      <attribute name="Sex">Female</attribute>
      <attribute name="View">Side</attribute>
    </box>
    <box frame="26" outside="0" occluded="0" keyframe="0" xtl="0.00" ytl="473.36" xbr="748.38" ybr="852.60" z_order="0">
      <attribute name="Adipose Clipped">No</attribute>
      <attribute name="Confidence Level">2</attribute>
      <attribute name="Injury">No</attribute>
      <attribute name="Notes"></attribute>
      <attribute name="Sex">Female</attribute>
      <attribute name="View">Side</attribute>
    </box>
    <box frame="27" outside="0" occluded="0" keyframe="0" xtl="0.00" ytl="468.25" xbr="783.00" ybr="855.75" z_order="0">
      <attribute name="Adipose Clipped">No</attribute>
      <attribute name="Confidence Level">2</attribute>
      <attribute name="Injury">No</attribute>
      <attribute name="Notes"></attribute>
      <attribute name="Sex">Female</attribute>
      <attribute name="View">Side</attribute>
    </box>
    <box frame="28" outside="0" occluded="0" keyframe="0" xtl="0.00" ytl="463.14" xbr="817.62" ybr="858.90" z_order="0">
      <attribute name="Adipose Clipped">No</attribute>
      <attribute name="Confidence Level">2</attribute>
      <attribute name="Injury">No</attribute>
      <attribute name="Notes"></attribute>
      <attribute name="Sex">Female</attribute>
      <attribute name="View">Side</attribute>
    </box>
    <box frame="29" outside="0" occluded="0" keyframe="0" xtl="0.00" ytl="458.03" xbr="852.24" ybr="862.05" z_order="0">
      <attribute name="Adipose Clipped">No</attribute>
      <attribute name="Confidence Level">2</attribute>
      <attribute name="Injury">No</attribute>
      <attribute name="Notes"></attribute>
      <attribute name="Sex">Female</attribute>
      <attribute name="View">Side</attribute>
    </box>
    <box frame="30" outside="0" occluded="0" keyframe="0" xtl="0.00" ytl="452.92" xbr="886.86" ybr="865.20" z_order="0">
      <attribute name="Adipose Clipped">No</attribute>
      <attribute name="Confidence Level">2</attribute>
      <attribute name="Injury">No</attribute>
      <attribute name="Notes"></attribute>
      <attribute name="Sex">Female</attribute>
      <attribute name="View">Side</attribute>
    </box>
    <box frame="31" outside="0" occluded="0" keyframe="0" xtl="0.00" ytl="447.81" xbr="921.48" ybr="868.35" z_order="0">
      <attribute name="Adipose Clipped">No</attribute>
      <attribute name="Confidence Level">2</attribute>
      <attribute name="Injury">No</attribute>
      <attribute name="Notes"></attribute>
      <attribute name="Sex">Female</attribute>
      <attribute name="View">Side</attribute>
    </box>
    <box frame="32" outside="0" occluded="0" keyframe="1" xtl="0.00" ytl="442.70" xbr="956.10" ybr="871.50" z_order="0">
      <attribute name="Adipose Clipped">No</attribute>
      <attribute name="Confidence Level">2</attribute>
      <attribute name="Injury">No</attribute>
      <attribute name="Notes"></attribute>
      <attribute name="Sex">Female</attribute>
      <attribute name="View">Side</attribute>
    </box>
    <box frame="33" outside="0" occluded="0" keyframe="0" xtl="0.00" ytl="442.70" xbr="996.82" ybr="873.27" z_order="0">
      <attribute name="Adipose Clipped">No</attribute>
      <attribute name="Confidence Level">2</attribute>
      <attribute name="Injury">No</attribute>
      <attribute name="Notes"></attribute>
      <attribute name="Sex">Female</attribute>
      <attribute name="View">Side</attribute>
    </box>
    <box frame="34" outside="0" occluded="0" keyframe="0" xtl="0.00" ytl="442.70" xbr="1037.54" ybr="875.04" z_order="0">
      <attribute name="Adipose Clipped">No</attribute>
      <attribute name="Confidence Level">2</attribute>
      <attribute name="Injury">No</attribute>
      <attribute name="Notes"></attribute>
      <attribute name="Sex">Female</attribute>
      <attribute name="View">Side</attribute>
    </box>
    <box frame="35" outside="0" occluded="0" keyframe="0" xtl="0.00" ytl="442.70" xbr="1078.26" ybr="876.81" z_order="0">
      <attribute name="Adipose Clipped">No</attribute>
      <attribute name="Confidence Level">2</attribute>
      <attribute name="Injury">No</attribute>
      <attribute name="Notes"></attribute>
      <attribute name="Sex">Female</attribute>
      <attribute name="View">Side</attribute>
    </box>
    <box frame="36" outside="0" occluded="0" keyframe="0" xtl="0.00" ytl="442.70" xbr="1118.98" ybr="878.58" z_order="0">
      <attribute name="Adipose Clipped">No</attribute>
      <attribute name="Confidence Level">2</attribute>
      <attribute name="Injury">No</attribute>
      <attribute name="Notes"></attribute>
      <attribute name="Sex">Female</attribute>
      <attribute name="View">Side</attribute>
    </box>
    <box frame="37" outside="0" occluded="0" keyframe="0" xtl="0.00" ytl="442.70" xbr="1159.70" ybr="880.35" z_order="0">
      <attribute name="Adipose Clipped">No</attribute>
      <attribute name="Confidence Level">2</attribute>
      <attribute name="Injury">No</attribute>
      <attribute name="Notes"></attribute>
      <attribute name="Sex">Female</attribute>
      <attribute name="View">Side</attribute>
    </box>
    <box frame="38" outside="0" occluded="0" keyframe="0" xtl="0.00" ytl="442.70" xbr="1200.42" ybr="882.12" z_order="0">
      <attribute name="Adipose Clipped">No</attribute>
      <attribute name="Confidence Level">2</attribute>
      <attribute name="Injury">No</attribute>
      <attribute name="Notes"></attribute>
      <attribute name="Sex">Female</attribute>
      <attribute name="View">Side</attribute>
    </box>
    <box frame="39" outside="0" occluded="0" keyframe="0" xtl="0.00" ytl="442.70" xbr="1241.14" ybr="883.89" z_order="0">
      <attribute name="Adipose Clipped">No</attribute>
      <attribute name="Confidence Level">2</attribute>
      <attribute name="Injury">No</attribute>
      <attribute name="Notes"></attribute>
      <attribute name="Sex">Female</attribute>
      <attribute name="View">Side</attribute>
    </box>
    <box frame="40" outside="0" occluded="0" keyframe="0" xtl="0.00" ytl="442.70" xbr="1281.86" ybr="885.66" z_order="0">
      <attribute name="Adipose Clipped">No</attribute>
      <attribute name="Confidence Level">2</attribute>
      <attribute name="Injury">No</attribute>
      <attribute name="Notes"></attribute>
      <attribute name="Sex">Female</attribute>
      <attribute name="View">Side</attribute>
    </box>
    <box frame="41" outside="0" occluded="0" keyframe="0" xtl="0.00" ytl="442.70" xbr="1322.58" ybr="887.43" z_order="0">
      <attribute name="Adipose Clipped">No</attribute>
      <attribute name="Confidence Level">2</attribute>
      <attribute name="Injury">No</attribute>
      <attribute name="Notes"></attribute>
      <attribute name="Sex">Female</attribute>
      <attribute name="View">Side</attribute>
    </box>
    <box frame="42" outside="0" occluded="0" keyframe="1" xtl="0.00" ytl="442.70" xbr="1363.30" ybr="889.20" z_order="0">
      <attribute name="Adipose Clipped">No</attribute>
      <attribute name="Confidence Level">2</attribute>
      <attribute name="Injury">No</attribute>
      <attribute name="Notes"></attribute>
      <attribute name="Sex">Female</attribute>
      <attribute name="View">Side</attribute>
    </box>
    <box frame="43" outside="0" occluded="0" keyframe="0" xtl="40.52" ytl="441.13" xbr="1410.32" ybr="888.61" z_order="0">
      <attribute name="Adipose Clipped">No</attribute>
      <attribute name="Confidence Level">2</attribute>
      <attribute name="Injury">No</attribute>
      <attribute name="Notes"></attribute>
      <attribute name="Sex">Female</attribute>
      <attribute name="View">Side</attribute>
    </box>
    <box frame="44" outside="0" occluded="0" keyframe="0" xtl="81.05" ytl="439.55" xbr="1457.34" ybr="888.02" z_order="0">
      <attribute name="Adipose Clipped">No</attribute>
      <attribute name="Confidence Level">2</attribute>
      <attribute name="Injury">No</attribute>
      <attribute name="Notes"></attribute>
      <attribute name="Sex">Female</attribute>
      <attribute name="View">Side</attribute>
    </box>
    <box frame="45" outside="0" occluded="0" keyframe="0" xtl="121.57" ytl="437.98" xbr="1504.36" ybr="887.43" z_order="0">
      <attribute name="Adipose Clipped">No</attribute>
      <attribute name="Confidence Level">2</attribute>
      <attribute name="Injury">No</attribute>
      <attribute name="Notes"></attribute>
      <attribute name="Sex">Female</attribute>
      <attribute name="View">Side</attribute>
    </box>
    <box frame="46" outside="0" occluded="0" keyframe="0" xtl="162.10" ytl="436.40" xbr="1551.38" ybr="886.84" z_order="0">
      <attribute name="Adipose Clipped">No</attribute>
      <attribute name="Confidence Level">2</attribute>
      <attribute name="Injury">No</attribute>
      <attribute name="Notes"></attribute>
      <attribute name="Sex">Female</attribute>
      <attribute name="View">Side</attribute>
    </box>
    <box frame="47" outside="0" occluded="0" keyframe="0" xtl="202.62" ytl="434.83" xbr="1598.40" ybr="886.25" z_order="0">
      <attribute name="Adipose Clipped">No</attribute>
      <attribute name="Confidence Level">2</attribute>
      <attribute name="Injury">No</attribute>
      <attribute name="Notes"></attribute>
      <attribute name="Sex">Female</attribute>
      <attribute name="View">Side</attribute>
    </box>
    <box frame="48" outside="0" occluded="0" keyframe="0" xtl="243.15" ytl="433.26" xbr="1645.42" ybr="885.66" z_order="0">
      <attribute name="Adipose Clipped">No</attribute>
      <attribute name="Confidence Level">2</attribute>
      <attribute name="Injury">No</attribute>
      <attribute name="Notes"></attribute>
      <attribute name="Sex">Female</attribute>
      <attribute name="View">Side</attribute>
    </box>
    <box frame="49" outside="0" occluded="0" keyframe="0" xtl="283.67" ytl="431.68" xbr="1692.44" ybr="885.07" z_order="0">
      <attribute name="Adipose Clipped">No</attribute>
      <attribute name="Confidence Level">2</attribute>
      <attribute name="Injury">No</attribute>
      <attribute name="Notes"></attribute>
      <attribute name="Sex">Female</attribute>
      <attribute name="View">Side</attribute>
    </box>
    <box frame="50" outside="0" occluded="0" keyframe="0" xtl="324.20" ytl="430.11" xbr="1739.46" ybr="884.48" z_order="0">
      <attribute name="Adipose Clipped">No</attribute>
      <attribute name="Confidence Level">2</attribute>
      <attribute name="Injury">No</attribute>
      <attribute name="Notes"></attribute>
      <attribute name="Sex">Female</attribute>
      <attribute name="View">Side</attribute>
    </box>
    <box frame="51" outside="0" occluded="0" keyframe="0" xtl="364.72" ytl="428.54" xbr="1786.48" ybr="883.89" z_order="0">
      <attribute name="Adipose Clipped">No</attribute>
      <attribute name="Confidence Level">2</attribute>
      <attribute name="Injury">No</attribute>
      <attribute name="Notes"></attribute>
      <attribute name="Sex">Female</attribute>
      <attribute name="View">Side</attribute>
    </box>
    <box frame="52" outside="0" occluded="0" keyframe="1" xtl="405.25" ytl="426.96" xbr="1833.50" ybr="883.30" z_order="0">
      <attribute name="Adipose Clipped">No</attribute>
      <attribute name="Confidence Level">2</attribute>
      <attribute name="Injury">No</attribute>
      <attribute name="Notes"></attribute>
      <attribute name="Sex">Female</attribute>
      <attribute name="View">Side</attribute>
    </box>
    <box frame="53" outside="0" occluded="0" keyframe="1" xtl="457.18" ytl="427.75" xbr="1877.60" ybr="884.09" z_order="0">
      <attribute name="Adipose Clipped">No</attribute>
      <attribute name="Confidence Level">2</attribute>
      <attribute name="Injury">No</attribute>
      <attribute name="Notes"></attribute>
      <attribute name="Sex">Female</attribute>
      <attribute name="View">Side</attribute>
    </box>
    <box frame="54" outside="0" occluded="0" keyframe="1" xtl="509.12" ytl="428.54" xbr="1920.00" ybr="884.87" z_order="0">
      <attribute name="Adipose Clipped">No</attribute>
      <attribute name="Confidence Level">2</attribute>
      <attribute name="Injury">No</attribute>
      <attribute name="Notes"></attribute>
      <attribute name="Sex">Female</attribute>
      <attribute name="View">Side</attribute>
    </box>
    <box frame="55" outside="0" occluded="0" keyframe="0" xtl="561.05" ytl="429.32" xbr="1920.00" ybr="885.66" z_order="0">
      <attribute name="Adipose Clipped">No</attribute>
      <attribute name="Confidence Level">2</attribute>
      <attribute name="Injury">No</attribute>
      <attribute name="Notes"></attribute>
      <attribute name="Sex">Female</attribute>
      <attribute name="View">Side</attribute>
    </box>
    <box frame="56" outside="0" occluded="0" keyframe="0" xtl="612.98" ytl="430.11" xbr="1920.00" ybr="886.45" z_order="0">
      <attribute name="Adipose Clipped">No</attribute>
      <attribute name="Confidence Level">2</attribute>
      <attribute name="Injury">No</attribute>
      <attribute name="Notes"></attribute>
      <attribute name="Sex">Female</attribute>
      <attribute name="View">Side</attribute>
    </box>
    <box frame="57" outside="0" occluded="0" keyframe="0" xtl="664.92" ytl="430.90" xbr="1920.00" ybr="887.23" z_order="0">
      <attribute name="Adipose Clipped">No</attribute>
      <attribute name="Confidence Level">2</attribute>
      <attribute name="Injury">No</attribute>
      <attribute name="Notes"></attribute>
      <attribute name="Sex">Female</attribute>
      <attribute name="View">Side</attribute>
    </box>
    <box frame="58" outside="0" occluded="0" keyframe="0" xtl="716.85" ytl="431.68" xbr="1920.00" ybr="888.02" z_order="0">
      <attribute name="Adipose Clipped">No</attribute>
      <attribute name="Confidence Level">2</attribute>
      <attribute name="Injury">No</attribute>
      <attribute name="Notes"></attribute>
      <attribute name="Sex">Female</attribute>
      <attribute name="View">Side</attribute>
    </box>
    <box frame="59" outside="0" occluded="0" keyframe="0" xtl="768.79" ytl="432.47" xbr="1920.00" ybr="888.81" z_order="0">
      <attribute name="Adipose Clipped">No</attribute>
      <attribute name="Confidence Level">2</attribute>
      <attribute name="Injury">No</attribute>
      <attribute name="Notes"></attribute>
      <attribute name="Sex">Female</attribute>
      <attribute name="View">Side</attribute>
    </box>
    <box frame="60" outside="0" occluded="0" keyframe="0" xtl="820.72" ytl="433.26" xbr="1920.00" ybr="889.59" z_order="0">
      <attribute name="Adipose Clipped">No</attribute>
      <attribute name="Confidence Level">2</attribute>
      <attribute name="Injury">No</attribute>
      <attribute name="Notes"></attribute>
      <attribute name="Sex">Female</attribute>
      <attribute name="View">Side</attribute>
    </box>
    <box frame="61" outside="0" occluded="0" keyframe="0" xtl="872.66" ytl="434.04" xbr="1920.00" ybr="890.38" z_order="0">
      <attribute name="Adipose Clipped">No</attribute>
      <attribute name="Confidence Level">2</attribute>
      <attribute name="Injury">No</attribute>
      <attribute name="Notes"></attribute>
      <attribute name="Sex">Female</attribute>
      <attribute name="View">Side</attribute>
    </box>
    <box frame="62" outside="0" occluded="0" keyframe="1" xtl="924.59" ytl="434.83" xbr="1920.00" ybr="891.17" z_order="0">
      <attribute name="Adipose Clipped">No</attribute>
      <attribute name="Confidence Level">2</attribute>
      <attribute name="Injury">No</attribute>
      <attribute name="Notes"></attribute>
      <attribute name="Sex">Female</attribute>
      <attribute name="View">Side</attribute>
    </box>
    <box frame="63" outside="0" occluded="0" keyframe="0" xtl="972.19" ytl="435.81" xbr="1920.00" ybr="892.15" z_order="0">
      <attribute name="Adipose Clipped">No</attribute>
      <attribute name="Confidence Level">2</attribute>
      <attribute name="Injury">No</attribute>
      <attribute name="Notes"></attribute>
      <attribute name="Sex">Female</attribute>
      <attribute name="View">Side</attribute>
    </box>
    <box frame="64" outside="0" occluded="0" keyframe="0" xtl="1019.79" ytl="436.80" xbr="1920.00" ybr="893.14" z_order="0">
      <attribute name="Adipose Clipped">No</attribute>
      <attribute name="Confidence Level">2</attribute>
      <attribute name="Injury">No</attribute>
      <attribute name="Notes"></attribute>
      <attribute name="Sex">Female</attribute>
      <attribute name="View">Side</attribute>
    </box>
    <box frame="65" outside="0" occluded="0" keyframe="0" xtl="1067.40" ytl="437.78" xbr="1920.00" ybr="894.12" z_order="0">
      <attribute name="Adipose Clipped">No</attribute>
      <attribute name="Confidence Level">2</attribute>
      <attribute name="Injury">No</attribute>
      <attribute name="Notes"></attribute>
      <attribute name="Sex">Female</attribute>
      <attribute name="View">Side</attribute>
    </box>
    <box frame="66" outside="0" occluded="0" keyframe="0" xtl="1115.00" ytl="438.76" xbr="1920.00" ybr="895.10" z_order="0">
      <attribute name="Adipose Clipped">No</attribute>
      <attribute name="Confidence Level">2</attribute>
      <attribute name="Injury">No</attribute>
      <attribute name="Notes"></attribute>
      <attribute name="Sex">Female</attribute>
      <attribute name="View">Side</attribute>
    </box>
    <box frame="67" outside="0" occluded="0" keyframe="0" xtl="1162.60" ytl="439.75" xbr="1920.00" ybr="896.09" z_order="0">
      <attribute name="Adipose Clipped">No</attribute>
      <attribute name="Confidence Level">2</attribute>
      <attribute name="Injury">No</attribute>
      <attribute name="Notes"></attribute>
      <attribute name="Sex">Female</attribute>
      <attribute name="View">Side</attribute>
    </box>
    <box frame="68" outside="0" occluded="0" keyframe="1" xtl="1210.20" ytl="440.73" xbr="1920.00" ybr="897.07" z_order="0">
      <attribute name="Adipose Clipped">No</attribute>
      <attribute name="Confidence Level">2</attribute>
      <attribute name="Injury">No</attribute>
      <attribute name="Notes"></attribute>
      <attribute name="Sex">Female</attribute>
      <attribute name="View">Side</attribute>
    </box>
    <box frame="69" outside="0" occluded="0" keyframe="0" xtl="1279.95" ytl="441.72" xbr="1920.00" ybr="898.05" z_order="0">
      <attribute name="Adipose Clipped">No</attribute>
      <attribute name="Confidence Level">2</attribute>
      <attribute name="Injury">No</attribute>
      <attribute name="Notes"></attribute>
      <attribute name="Sex">Female</attribute>
      <attribute name="View">Side</attribute>
    </box>
    <box frame="70" outside="0" occluded="0" keyframe="0" xtl="1349.69" ytl="442.70" xbr="1920.00" ybr="899.04" z_order="0">
      <attribute name="Adipose Clipped">No</attribute>
      <attribute name="Confidence Level">2</attribute>
      <attribute name="Injury">No</attribute>
      <attribute name="Notes"></attribute>
      <attribute name="Sex">Female</attribute>
      <attribute name="View">Side</attribute>
    </box>
    <box frame="71" outside="0" occluded="0" keyframe="0" xtl="1419.44" ytl="443.68" xbr="1920.00" ybr="900.02" z_order="0">
      <attribute name="Adipose Clipped">No</attribute>
      <attribute name="Confidence Level">2</attribute>
      <attribute name="Injury">No</attribute>
      <attribute name="Notes"></attribute>
      <attribute name="Sex">Female</attribute>
      <attribute name="View">Side</attribute>
    </box>
    <box frame="72" outside="0" occluded="1" keyframe="1" xtl="1489.18" ytl="444.67" xbr="1920.00" ybr="901.00" z_order="0">
      <attribute name="Adipose Clipped">No</attribute>
      <attribute name="Confidence Level">2</attribute>
      <attribute name="Injury">No</attribute>
      <attribute name="Notes"></attribute>
      <attribute name="Sex">Female</attribute>
      <attribute name="View">Side</attribute>
    </box>
    <box frame="73" outside="0" occluded="1" keyframe="1" xtl="1518.69" ytl="444.67" xbr="1920.00" ybr="901.00" z_order="0">
      <attribute name="Adipose Clipped">No</attribute>
      <attribute name="Confidence Level">2</attribute>
      <attribute name="Injury">No</attribute>
      <attribute name="Notes"></attribute>
      <attribute name="Sex">Female</attribute>
      <attribute name="View">Side</attribute>
    </box>
    <box frame="74" outside="0" occluded="1" keyframe="0" xtl="1552.13" ytl="433.85" xbr="1920.00" ybr="890.18" z_order="0">
      <attribute name="Adipose Clipped">No</attribute>
      <attribute name="Confidence Level">2</attribute>
      <attribute name="Injury">No</attribute>
      <attribute name="Notes"></attribute>
      <attribute name="Sex">Female</attribute>
      <attribute name="View">Side</attribute>
    </box>
    <box frame="75" outside="0" occluded="1" keyframe="1" xtl="1585.57" ytl="423.03" xbr="1920.00" ybr="879.37" z_order="0">
      <attribute name="Adipose Clipped">No</attribute>
      <attribute name="Confidence Level">2</attribute>
      <attribute name="Injury">No</attribute>
      <attribute name="Notes"></attribute>
      <attribute name="Sex">Female</attribute>
      <attribute name="View">Side</attribute>
    </box>
    <box frame="76" outside="0" occluded="1" keyframe="0" xtl="1631.47" ytl="426.96" xbr="1920.00" ybr="883.30" z_order="0">
      <attribute name="Adipose Clipped">No</attribute>
      <attribute name="Confidence Level">2</attribute>
      <attribute name="Injury">No</attribute>
      <attribute name="Notes"></attribute>
      <attribute name="Sex">Female</attribute>
      <attribute name="View">Side</attribute>
    </box>
    <box frame="77" outside="0" occluded="1" keyframe="0" xtl="1677.38" ytl="430.90" xbr="1920.00" ybr="887.23" z_order="0">
      <attribute name="Adipose Clipped">No</attribute>
      <attribute name="Confidence Level">2</attribute>
      <attribute name="Injury">No</attribute>
      <attribute name="Notes"></attribute>
      <attribute name="Sex">Female</attribute>
      <attribute name="View">Side</attribute>
    </box>
    <box frame="78" outside="0" occluded="1" keyframe="1" xtl="1723.28" ytl="434.83" xbr="1920.00" ybr="891.17" z_order="0">
      <attribute name="Adipose Clipped">No</attribute>
      <attribute name="Confidence Level">2</attribute>
      <attribute name="Injury">No</attribute>
      <attribute name="Notes"></attribute>
      <attribute name="Sex">Female</attribute>
      <attribute name="View">Side</attribute>
    </box>
    <box frame="79" outside="1" occluded="1" keyframe="1" xtl="1815.74" ytl="434.83" xbr="1920.00" ybr="891.17" z_order="0">
      <attribute name="Adipose Clipped">No</attribute>
      <attribute name="Confidence Level">2</attribute>
      <attribute name="Injury">No</attribute>
      <attribute name="Notes"></attribute>
      <attribute name="Sex">Female</attribute>
      <attribute name="View">Side</attribute>
    </box>
  </track>
</annotations>