<?xml version="1.0" encoding="utf-8"?>
<annotations>
  <version>1.1</version>
  <meta>
    <task>
      <id>80</id>
      <name>08-01-2021 07-24-23 M Salmon Camera</name>
      <size>311</size>
      <mode>interpolation</mode>
      <overlap>5</overlap>
      <bugtracker></bugtracker>
      <created>2022-06-11 21:03:51.568751+00:00</created>
      <updated>2022-06-11 21:06:59.665743+00:00</updated>
      <subset>default</subset>
      <start_frame>0</start_frame>
      <stop_frame>310</stop_frame>
      <frame_filter></frame_filter>
      <segments>
        <segment>
          <id>75</id>
          <start>0</start>
          <stop>310</stop>
          <url>httplocalhost:8080/?id=75</url>
        </segment>
      </segments>
      <owner>
        <username>django</username>
        <email>daniel_scurfield@sfu.ca</email>
      </owner>
      <assignee></assignee>
      <labels>
        <label>
          <name>Coho</name>
          <color>#3df53d</color>
          <attributes>
            <attribute>
              <name>Adipose Clipped</name>
              <mutable>False</mutable>
              <input_type>select</input_type>
              <default_value>No</default_value>
              <values>No
Yes
NA</values>
            </attribute>
            <attribute>
              <name>Confidence Level</name>
              <mutable>False</mutable>
              <input_type>select</input_type>
              <default_value>3</default_value>
              <values>3
2
1</values>
            </attribute>
            <attribute>
              <name>Injury</name>
              <mutable>False</mutable>
              <input_type>select</input_type>
              <default_value>No</default_value>
              <values>No
Yes
NA</values>
            </attribute>
            <attribute>
              <name>Notes</name>
              <mutable>False</mutable>
              <input_type>text</input_type>
              <default_value>NA</default_value>
              <values>NA</values>
            </attribute>
            <attribute>
              <name>Sex</name>
              <mutable>False</mutable>
              <input_type>select</input_type>
              <default_value>Male</default_value>
              <values>Male
Female
Jack</values>
            </attribute>
            <attribute>
              <name>View</name>
              <mutable>False</mutable>
              <input_type>select</input_type>
              <default_value>Side</default_value>
              <values>Side
Top-down</values>
            </attribute>
          </attributes>
        </label>
        <label>
          <name>Bull</name>
          <color>#ff6037</color>
          <attributes>
            <attribute>
              <name>Adipose Clipped</name>
              <mutable>False</mutable>
              <input_type>select</input_type>
              <default_value>No</default_value>
              <values>No
NA</values>
            </attribute>
            <attribute>
              <name>Confidence Level</name>
              <mutable>False</mutable>
              <input_type>select</input_type>
              <default_value>3</default_value>
              <values>3
2
1</values>
            </attribute>
            <attribute>
              <name>Injury</name>
              <mutable>False</mutable>
              <input_type>select</input_type>
              <default_value>No</default_value>
              <values>No
Yes
NA</values>
            </attribute>
            <attribute>
              <name>Notes</name>
              <mutable>False</mutable>
              <input_type>text</input_type>
              <default_value>NA</default_value>
              <values>NA</values>
            </attribute>
            <attribute>
              <name>Sex</name>
              <mutable>False</mutable>
              <input_type>select</input_type>
              <default_value>NA</default_value>
              <values>NA</values>
            </attribute>
          </attributes>
        </label>
        <label>
          <name>Chum</name>
          <color>#b83df5</color>
          <attributes>
            <attribute>
              <name>Adipose Clipped</name>
              <mutable>False</mutable>
              <input_type>select</input_type>
              <default_value>No</default_value>
              <values>No
Yes
NA</values>
            </attribute>
            <attribute>
              <name>Confidence Level</name>
              <mutable>False</mutable>
              <input_type>select</input_type>
              <default_value>3</default_value>
              <values>3
2
1</values>
            </attribute>
            <attribute>
              <name>Injury</name>
              <mutable>False</mutable>
              <input_type>select</input_type>
              <default_value>No</default_value>
              <values>No
Yes
NA</values>
            </attribute>
            <attribute>
              <name>Notes</name>
              <mutable>False</mutable>
              <input_type>text</input_type>
              <default_value>NA</default_value>
              <values>NA</values>
            </attribute>
            <attribute>
              <name>Sex</name>
              <mutable>False</mutable>
              <input_type>select</input_type>
              <default_value>Male</default_value>
              <values>Male
Female</values>
            </attribute>
          </attributes>
        </label>
        <label>
          <name>Whitefish</name>
          <color>#e2f1ee</color>
          <attributes>
            <attribute>
              <name>Sex</name>
              <mutable>False</mutable>
              <input_type>select</input_type>
              <default_value>NA</default_value>
              <values>NA</values>
            </attribute>
            <attribute>
              <name>Adipose Clipped</name>
              <mutable>False</mutable>
              <input_type>select</input_type>
              <default_value>No</default_value>
              <values>No
Yes
NA</values>
            </attribute>
            <attribute>
              <name>Confidence Level</name>
              <mutable>False</mutable>
              <input_type>select</input_type>
              <default_value>3</default_value>
              <values>3
2
1</values>
            </attribute>
            <attribute>
              <name>Injury</name>
              <mutable>False</mutable>
              <input_type>select</input_type>
              <default_value>No</default_value>
              <values>No
Yes
NA</values>
            </attribute>
            <attribute>
              <name>Notes</name>
              <mutable>False</mutable>
              <input_type>text</input_type>
              <default_value>NA</default_value>
              <values>NA</values>
            </attribute>
          </attributes>
        </label>
        <label>
          <name>Pink</name>
          <color>#fa32b7</color>
          <attributes>
            <attribute>
              <name>Adipose Clipped</name>
              <mutable>False</mutable>
              <input_type>select</input_type>
              <default_value>No</default_value>
              <values>No
Yes
NA</values>
            </attribute>
            <attribute>
              <name>Confidence level</name>
              <mutable>False</mutable>
              <input_type>select</input_type>
              <default_value>3</default_value>
              <values>3
2
1</values>
            </attribute>
            <attribute>
              <name>Injury</name>
              <mutable>False</mutable>
              <input_type>select</input_type>
              <default_value>No</default_value>
              <values>No
Yes
NA</values>
            </attribute>
            <attribute>
              <name>Notes</name>
              <mutable>False</mutable>
              <input_type>text</input_type>
              <default_value>NA</default_value>
              <values>NA</values>
            </attribute>
            <attribute>
              <name>Sex</name>
              <mutable>False</mutable>
              <input_type>select</input_type>
              <default_value>Male</default_value>
              <values>Male
Female</values>
            </attribute>
          </attributes>
        </label>
        <label>
          <name>Steelhead</name>
          <color>#aaf0d1</color>
          <attributes>
            <attribute>
              <name>Adipose Clipped</name>
              <mutable>False</mutable>
              <input_type>select</input_type>
              <default_value>No</default_value>
              <values>No
Yes
NA</values>
            </attribute>
            <attribute>
              <name>Confidence Level</name>
              <mutable>False</mutable>
              <input_type>select</input_type>
              <default_value>3</default_value>
              <values>3
2
1</values>
            </attribute>
            <attribute>
              <name>Injury</name>
              <mutable>False</mutable>
              <input_type>select</input_type>
              <default_value>No</default_value>
              <values>No
Yes
NA</values>
            </attribute>
            <attribute>
              <name>Notes</name>
              <mutable>False</mutable>
              <input_type>text</input_type>
              <default_value>NA</default_value>
              <values>NA</values>
            </attribute>
            <attribute>
              <name>Sex</name>
              <mutable>False</mutable>
              <input_type>select</input_type>
              <default_value>Male</default_value>
              <values>Male
Female</values>
            </attribute>
          </attributes>
        </label>
        <label>
          <name>Chinook</name>
          <color>#c0102d</color>
          <attributes>
            <attribute>
              <name>Injury</name>
              <mutable>False</mutable>
              <input_type>select</input_type>
              <default_value>No</default_value>
              <values>No
Yes
NA</values>
            </attribute>
            <attribute>
              <name>Notes</name>
              <mutable>False</mutable>
              <input_type>text</input_type>
              <default_value>NA</default_value>
              <values>NA</values>
            </attribute>
            <attribute>
              <name>Sex</name>
              <mutable>False</mutable>
              <input_type>select</input_type>
              <default_value>Male</default_value>
              <values>Male
Female
Jack</values>
            </attribute>
            <attribute>
              <name>Adipose Clipped</name>
              <mutable>False</mutable>
              <input_type>select</input_type>
              <default_value>No</default_value>
              <values>No
Yes
NA</values>
            </attribute>
            <attribute>
              <name>Confidence Level</name>
              <mutable>False</mutable>
              <input_type>select</input_type>
              <default_value>3</default_value>
              <values>3
2
1</values>
            </attribute>
          </attributes>
        </label>
        <label>
          <name>Sockeye</name>
          <color>#e2143e</color>
          <attributes>
            <attribute>
              <name>Adipose Clipped</name>
              <mutable>False</mutable>
              <input_type>select</input_type>
              <default_value>No</default_value>
              <values>No
Yes
NA</values>
            </attribute>
            <attribute>
              <name>Confidence Level</name>
              <mutable>False</mutable>
              <input_type>select</input_type>
              <default_value>3</default_value>
              <values>3
2
1</values>
            </attribute>
            <attribute>
              <name>Injury</name>
              <mutable>False</mutable>
              <input_type>select</input_type>
              <default_value>No</default_value>
              <values>No
Yes
NA</values>
            </attribute>
            <attribute>
              <name>Notes</name>
              <mutable>False</mutable>
              <input_type>text</input_type>
              <default_value>NA</default_value>
              <values>NA</values>
            </attribute>
            <attribute>
              <name>Sex</name>
              <mutable>False</mutable>
              <input_type>select</input_type>
              <default_value>Male</default_value>
              <values>Male
Female</values>
            </attribute>
          </attributes>
        </label>
        <label>
          <name>Pikeminnow</name>
          <color>#cc9933</color>
          <attributes>
            <attribute>
              <name>Confidence Level</name>
              <mutable>False</mutable>
              <input_type>select</input_type>
              <default_value>3</default_value>
              <values>3
2
1</values>
            </attribute>
            <attribute>
              <name>Notes</name>
              <mutable>False</mutable>
              <input_type>text</input_type>
              <default_value>NA</default_value>
              <values>NA</values>
            </attribute>
          </attributes>
        </label>
        <label>
          <name>Shiner</name>
          <color>#e8e83e</color>
          <attributes>
            <attribute>
              <name>Confidence Level</name>
              <mutable>False</mutable>
              <input_type>select</input_type>
              <default_value>3</default_value>
              <values>3
2
1</values>
            </attribute>
            <attribute>
              <name>Notes</name>
              <mutable>False</mutable>
              <input_type>text</input_type>
              <default_value>NA</default_value>
              <values>NA</values>
            </attribute>
          </attributes>
        </label>
        <label>
          <name>Rainbow</name>
          <color>#588fc6</color>
          <attributes>
            <attribute>
              <name>Adipose Clipped</name>
              <mutable>False</mutable>
              <input_type>select</input_type>
              <default_value>No</default_value>
              <values>No
Yes
NA</values>
            </attribute>
            <attribute>
              <name>Confidence Level</name>
              <mutable>False</mutable>
              <input_type>select</input_type>
              <default_value>3</default_value>
              <values>3
2
1</values>
            </attribute>
            <attribute>
              <name>Injury</name>
              <mutable>False</mutable>
              <input_type>select</input_type>
              <default_value>No</default_value>
              <values>No
Yes
NA</values>
            </attribute>
            <attribute>
              <name>Notes</name>
              <mutable>False</mutable>
              <input_type>select</input_type>
              <default_value>NA</default_value>
              <values>NA</values>
            </attribute>
            <attribute>
              <name>Sex</name>
              <mutable>False</mutable>
              <input_type>select</input_type>
              <default_value>NA</default_value>
              <values>NA
Juvenile</values>
            </attribute>
          </attributes>
        </label>
      </labels>
      <original_size>
        <width>1920</width>
        <height>1080</height>
      </original_size>
    </task>
    <dumped>2022-06-11 21:07:04.967886+00:00</dumped>
    <source>08-01-2021 07-24-23 M Salmon Camera.m4v</source>
  </meta>
  <track id="0" label="Sockeye" source="manual">
    <box frame="42" outside="0" occluded="1" keyframe="1" xtl="1846.50" ytl="626.89" xbr="1920.00" ybr="822.23" z_order="0">
      <attribute name="Adipose Clipped">No</attribute>
      <attribute name="Confidence Level">3</attribute>
      <attribute name="Injury">No</attribute>
      <attribute name="Notes">NA</attribute>
      <attribute name="Sex">Male</attribute>
    </box>
    <box frame="43" outside="0" occluded="1" keyframe="0" xtl="1818.29" ytl="617.71" xbr="1920.00" ybr="824.56" z_order="0">
      <attribute name="Adipose Clipped">No</attribute>
      <attribute name="Confidence Level">3</attribute>
      <attribute name="Injury">No</attribute>
      <attribute name="Notes">NA</attribute>
      <attribute name="Sex">Male</attribute>
    </box>
    <box frame="44" outside="0" occluded="1" keyframe="0" xtl="1790.07" ytl="608.52" xbr="1920.00" ybr="826.90" z_order="0">
      <attribute name="Adipose Clipped">No</attribute>
      <attribute name="Confidence Level">3</attribute>
      <attribute name="Injury">No</attribute>
      <attribute name="Notes">NA</attribute>
      <attribute name="Sex">Male</attribute>
    </box>
    <box frame="45" outside="0" occluded="1" keyframe="0" xtl="1761.85" ytl="599.34" xbr="1920.00" ybr="829.24" z_order="0">
      <attribute name="Adipose Clipped">No</attribute>
      <attribute name="Confidence Level">3</attribute>
      <attribute name="Injury">No</attribute>
      <attribute name="Notes">NA</attribute>
      <attribute name="Sex">Male</attribute>
    </box>
    <box frame="46" outside="0" occluded="1" keyframe="0" xtl="1733.64" ytl="590.16" xbr="1920.00" ybr="831.58" z_order="0">
      <attribute name="Adipose Clipped">No</attribute>
      <attribute name="Confidence Level">3</attribute>
      <attribute name="Injury">No</attribute>
      <attribute name="Notes">NA</attribute>
      <attribute name="Sex">Male</attribute>
    </box>
    <box frame="47" outside="0" occluded="1" keyframe="0" xtl="1705.42" ytl="580.98" xbr="1920.00" ybr="833.91" z_order="0">
      <attribute name="Adipose Clipped">No</attribute>
      <attribute name="Confidence Level">3</attribute>
      <attribute name="Injury">No</attribute>
      <attribute name="Notes">NA</attribute>
      <attribute name="Sex">Male</attribute>
    </box>
    <box frame="48" outside="0" occluded="1" keyframe="0" xtl="1677.20" ytl="571.80" xbr="1920.00" ybr="836.25" z_order="0">
      <attribute name="Adipose Clipped">No</attribute>
      <attribute name="Confidence Level">3</attribute>
      <attribute name="Injury">No</attribute>
      <attribute name="Notes">NA</attribute>
      <attribute name="Sex">Male</attribute>
    </box>
    <box frame="49" outside="0" occluded="1" keyframe="0" xtl="1648.99" ytl="562.62" xbr="1920.00" ybr="838.59" z_order="0">
      <attribute name="Adipose Clipped">No</attribute>
      <attribute name="Confidence Level">3</attribute>
      <attribute name="Injury">No</attribute>
      <attribute name="Notes">NA</attribute>
      <attribute name="Sex">Male</attribute>
    </box>
    <box frame="50" outside="0" occluded="1" keyframe="0" xtl="1620.77" ytl="553.44" xbr="1920.00" ybr="840.93" z_order="0">
      <attribute name="Adipose Clipped">No</attribute>
      <attribute name="Confidence Level">3</attribute>
      <attribute name="Injury">No</attribute>
      <attribute name="Notes">NA</attribute>
      <attribute name="Sex">Male</attribute>
    </box>
    <box frame="51" outside="0" occluded="1" keyframe="0" xtl="1592.55" ytl="544.26" xbr="1920.00" ybr="843.26" z_order="0">
      <attribute name="Adipose Clipped">No</attribute>
      <attribute name="Confidence Level">3</attribute>
      <attribute name="Injury">No</attribute>
      <attribute name="Notes">NA</attribute>
      <attribute name="Sex">Male</attribute>
    </box>
    <box frame="52" outside="0" occluded="0" keyframe="1" xtl="1564.34" ytl="535.07" xbr="1920.00" ybr="845.60" z_order="0">
      <attribute name="Adipose Clipped">No</attribute>
      <attribute name="Confidence Level">3</attribute>
      <attribute name="Injury">No</attribute>
      <attribute name="Notes">NA</attribute>
      <attribute name="Sex">Male</attribute>
    </box>
    <box frame="53" outside="0" occluded="0" keyframe="0" xtl="1516.08" ytl="525.89" xbr="1920.00" ybr="847.77" z_order="0">
      <attribute name="Adipose Clipped">No</attribute>
      <attribute name="Confidence Level">3</attribute>
      <attribute name="Injury">No</attribute>
      <attribute name="Notes">NA</attribute>
      <attribute name="Sex">Male</attribute>
    </box>
    <box frame="54" outside="0" occluded="0" keyframe="0" xtl="1467.83" ytl="516.70" xbr="1920.00" ybr="849.94" z_order="0">
      <attribute name="Adipose Clipped">No</attribute>
      <attribute name="Confidence Level">3</attribute>
      <attribute name="Injury">No</attribute>
      <attribute name="Notes">NA</attribute>
      <attribute name="Sex">Male</attribute>
    </box>
    <box frame="55" outside="0" occluded="0" keyframe="0" xtl="1419.58" ytl="507.51" xbr="1920.00" ybr="852.11" z_order="0">
      <attribute name="Adipose Clipped">No</attribute>
      <attribute name="Confidence Level">3</attribute>
      <attribute name="Injury">No</attribute>
      <attribute name="Notes">NA</attribute>
      <attribute name="Sex">Male</attribute>
    </box>
    <box frame="56" outside="0" occluded="0" keyframe="0" xtl="1371.32" ytl="498.32" xbr="1920.00" ybr="854.28" z_order="0">
      <attribute name="Adipose Clipped">No</attribute>
      <attribute name="Confidence Level">3</attribute>
      <attribute name="Injury">No</attribute>
      <attribute name="Notes">NA</attribute>
      <attribute name="Sex">Male</attribute>
    </box>
    <box frame="57" outside="0" occluded="0" keyframe="0" xtl="1323.07" ytl="489.14" xbr="1920.00" ybr="856.45" z_order="0">
      <attribute name="Adipose Clipped">No</attribute>
      <attribute name="Confidence Level">3</attribute>
      <attribute name="Injury">No</attribute>
      <attribute name="Notes">NA</attribute>
      <attribute name="Sex">Male</attribute>
    </box>
    <box frame="58" outside="0" occluded="0" keyframe="0" xtl="1274.81" ytl="479.95" xbr="1920.00" ybr="858.62" z_order="0">
      <attribute name="Adipose Clipped">No</attribute>
      <attribute name="Confidence Level">3</attribute>
      <attribute name="Injury">No</attribute>
      <attribute name="Notes">NA</attribute>
      <attribute name="Sex">Male</attribute>
    </box>
    <box frame="59" outside="0" occluded="0" keyframe="0" xtl="1226.56" ytl="470.76" xbr="1920.00" ybr="860.79" z_order="0">
      <attribute name="Adipose Clipped">No</attribute>
      <attribute name="Confidence Level">3</attribute>
      <attribute name="Injury">No</attribute>
      <attribute name="Notes">NA</attribute>
      <attribute name="Sex">Male</attribute>
    </box>
    <box frame="60" outside="0" occluded="0" keyframe="0" xtl="1178.31" ytl="461.57" xbr="1920.00" ybr="862.96" z_order="0">
      <attribute name="Adipose Clipped">No</attribute>
      <attribute name="Confidence Level">3</attribute>
      <attribute name="Injury">No</attribute>
      <attribute name="Notes">NA</attribute>
      <attribute name="Sex">Male</attribute>
    </box>
    <box frame="61" outside="0" occluded="0" keyframe="0" xtl="1130.05" ytl="452.39" xbr="1920.00" ybr="865.13" z_order="0">
      <attribute name="Adipose Clipped">No</attribute>
      <attribute name="Confidence Level">3</attribute>
      <attribute name="Injury">No</attribute>
      <attribute name="Notes">NA</attribute>
      <attribute name="Sex">Male</attribute>
    </box>
    <box frame="62" outside="0" occluded="0" keyframe="1" xtl="1081.80" ytl="443.20" xbr="1920.00" ybr="867.30" z_order="0">
      <attribute name="Adipose Clipped">No</attribute>
      <attribute name="Confidence Level">3</attribute>
      <attribute name="Injury">No</attribute>
      <attribute name="Notes">NA</attribute>
      <attribute name="Sex">Male</attribute>
    </box>
    <box frame="63" outside="0" occluded="0" keyframe="0" xtl="980.79" ytl="439.82" xbr="1920.00" ybr="868.55" z_order="0">
      <attribute name="Adipose Clipped">No</attribute>
      <attribute name="Confidence Level">3</attribute>
      <attribute name="Injury">No</attribute>
      <attribute name="Notes">NA</attribute>
      <attribute name="Sex">Male</attribute>
    </box>
    <box frame="64" outside="0" occluded="0" keyframe="0" xtl="879.78" ytl="436.44" xbr="1920.00" ybr="869.80" z_order="0">
      <attribute name="Adipose Clipped">No</attribute>
      <attribute name="Confidence Level">3</attribute>
      <attribute name="Injury">No</attribute>
      <attribute name="Notes">NA</attribute>
      <attribute name="Sex">Male</attribute>
    </box>
    <box frame="65" outside="0" occluded="0" keyframe="0" xtl="778.77" ytl="433.07" xbr="1920.00" ybr="871.05" z_order="0">
      <attribute name="Adipose Clipped">No</attribute>
      <attribute name="Confidence Level">3</attribute>
      <attribute name="Injury">No</attribute>
      <attribute name="Notes">NA</attribute>
      <attribute name="Sex">Male</attribute>
    </box>
    <box frame="66" outside="0" occluded="0" keyframe="0" xtl="677.77" ytl="429.69" xbr="1920.00" ybr="872.30" z_order="0">
      <attribute name="Adipose Clipped">No</attribute>
      <attribute name="Confidence Level">3</attribute>
      <attribute name="Injury">No</attribute>
      <attribute name="Notes">NA</attribute>
      <attribute name="Sex">Male</attribute>
    </box>
    <box frame="67" outside="0" occluded="0" keyframe="0" xtl="576.76" ytl="426.31" xbr="1920.00" ybr="873.55" z_order="0">
      <attribute name="Adipose Clipped">No</attribute>
      <attribute name="Confidence Level">3</attribute>
      <attribute name="Injury">No</attribute>
      <attribute name="Notes">NA</attribute>
      <attribute name="Sex">Male</attribute>
    </box>
    <box frame="68" outside="0" occluded="0" keyframe="1" xtl="475.75" ytl="422.93" xbr="1920.00" ybr="874.80" z_order="0">
      <attribute name="Adipose Clipped">No</attribute>
      <attribute name="Confidence Level">3</attribute>
      <attribute name="Injury">No</attribute>
      <attribute name="Notes">NA</attribute>
      <attribute name="Sex">Male</attribute>
    </box>
    <box frame="69" outside="0" occluded="0" keyframe="0" xtl="374.74" ytl="419.56" xbr="1865.95" ybr="876.05" z_order="0">
      <attribute name="Adipose Clipped">No</attribute>
      <attribute name="Confidence Level">3</attribute>
      <attribute name="Injury">No</attribute>
      <attribute name="Notes">NA</attribute>
      <attribute name="Sex">Male</attribute>
    </box>
    <box frame="70" outside="0" occluded="0" keyframe="1" xtl="273.73" ytl="416.18" xbr="1811.90" ybr="877.30" z_order="0">
      <attribute name="Adipose Clipped">No</attribute>
      <attribute name="Confidence Level">3</attribute>
      <attribute name="Injury">No</attribute>
      <attribute name="Notes">NA</attribute>
      <attribute name="Sex">Male</attribute>
    </box>
    <box frame="71" outside="0" occluded="0" keyframe="1" xtl="172.72" ytl="412.80" xbr="1734.50" ybr="882.33" z_order="0">
      <attribute name="Adipose Clipped">No</attribute>
      <attribute name="Confidence Level">3</attribute>
      <attribute name="Injury">No</attribute>
      <attribute name="Notes">NA</attribute>
      <attribute name="Sex">Male</attribute>
    </box>
    <box frame="72" outside="0" occluded="0" keyframe="1" xtl="71.71" ytl="446.54" xbr="1571.10" ybr="884.00" z_order="0">
      <attribute name="Adipose Clipped">No</attribute>
      <attribute name="Confidence Level">3</attribute>
      <attribute name="Injury">No</attribute>
      <attribute name="Notes">NA</attribute>
      <attribute name="Sex">Male</attribute>
    </box>
    <box frame="73" outside="0" occluded="0" keyframe="1" xtl="0.00" ytl="433.01" xbr="1493.00" ybr="886.18" z_order="0">
      <attribute name="Adipose Clipped">No</attribute>
      <attribute name="Confidence Level">3</attribute>
      <attribute name="Injury">No</attribute>
      <attribute name="Notes">NA</attribute>
      <attribute name="Sex">Male</attribute>
    </box>
    <box frame="74" outside="0" occluded="0" keyframe="0" xtl="0.00" ytl="419.48" xbr="1332.22" ybr="888.36" z_order="0">
      <attribute name="Adipose Clipped">No</attribute>
      <attribute name="Confidence Level">3</attribute>
      <attribute name="Injury">No</attribute>
      <attribute name="Notes">NA</attribute>
      <attribute name="Sex">Male</attribute>
    </box>
    <box frame="75" outside="0" occluded="1" keyframe="1" xtl="0.00" ytl="405.96" xbr="1171.44" ybr="890.54" z_order="0">
      <attribute name="Adipose Clipped">No</attribute>
      <attribute name="Confidence Level">3</attribute>
      <attribute name="Injury">No</attribute>
      <attribute name="Notes">NA</attribute>
      <attribute name="Sex">Male</attribute>
    </box>
    <box frame="76" outside="0" occluded="1" keyframe="0" xtl="0.00" ytl="392.43" xbr="1038.22" ybr="892.72" z_order="0">
      <attribute name="Adipose Clipped">No</attribute>
      <attribute name="Confidence Level">3</attribute>
      <attribute name="Injury">No</attribute>
      <attribute name="Notes">NA</attribute>
      <attribute name="Sex">Male</attribute>
    </box>
    <box frame="77" outside="0" occluded="1" keyframe="1" xtl="0.00" ytl="378.90" xbr="905.00" ybr="894.90" z_order="0">
      <attribute name="Adipose Clipped">No</attribute>
      <attribute name="Confidence Level">3</attribute>
      <attribute name="Injury">No</attribute>
      <attribute name="Notes">NA</attribute>
      <attribute name="Sex">Male</attribute>
    </box>
    <box frame="78" outside="0" occluded="1" keyframe="0" xtl="0.00" ytl="391.43" xbr="773.09" ybr="891.72" z_order="0">
      <attribute name="Adipose Clipped">No</attribute>
      <attribute name="Confidence Level">3</attribute>
      <attribute name="Injury">No</attribute>
      <attribute name="Notes">NA</attribute>
      <attribute name="Sex">Male</attribute>
    </box>
    <box frame="79" outside="0" occluded="1" keyframe="0" xtl="0.00" ytl="403.95" xbr="641.19" ybr="888.54" z_order="0">
      <attribute name="Adipose Clipped">No</attribute>
      <attribute name="Confidence Level">3</attribute>
      <attribute name="Injury">No</attribute>
      <attribute name="Notes">NA</attribute>
      <attribute name="Sex">Male</attribute>
    </box>
    <box frame="80" outside="0" occluded="1" keyframe="0" xtl="0.00" ytl="416.48" xbr="509.28" ybr="885.35" z_order="0">
      <attribute name="Adipose Clipped">No</attribute>
      <attribute name="Confidence Level">3</attribute>
      <attribute name="Injury">No</attribute>
      <attribute name="Notes">NA</attribute>
      <attribute name="Sex">Male</attribute>
    </box>
    <box frame="81" outside="0" occluded="1" keyframe="0" xtl="0.00" ytl="429.00" xbr="377.37" ybr="882.17" z_order="0">
      <attribute name="Adipose Clipped">No</attribute>
      <attribute name="Confidence Level">3</attribute>
      <attribute name="Injury">No</attribute>
      <attribute name="Notes">NA</attribute>
      <attribute name="Sex">Male</attribute>
    </box>
    <box frame="82" outside="0" occluded="1" keyframe="1" xtl="0.00" ytl="441.53" xbr="245.47" ybr="878.99" z_order="0">
      <attribute name="Adipose Clipped">No</attribute>
      <attribute name="Confidence Level">3</attribute>
      <attribute name="Injury">No</attribute>
      <attribute name="Notes">NA</attribute>
      <attribute name="Sex">Male</attribute>
    </box>
    <box frame="83" outside="0" occluded="1" keyframe="0" xtl="0.00" ytl="441.53" xbr="177.03" ybr="878.99" z_order="0">
      <attribute name="Adipose Clipped">No</attribute>
      <attribute name="Confidence Level">3</attribute>
      <attribute name="Injury">No</attribute>
      <attribute name="Notes">NA</attribute>
      <attribute name="Sex">Male</attribute>
    </box>
    <box frame="84" outside="0" occluded="1" keyframe="1" xtl="0.00" ytl="441.53" xbr="108.60" ybr="878.99" z_order="0">
      <attribute name="Adipose Clipped">No</attribute>
      <attribute name="Confidence Level">3</attribute>
      <attribute name="Injury">No</attribute>
      <attribute name="Notes">NA</attribute>
      <attribute name="Sex">Male</attribute>
    </box>
    <box frame="85" outside="1" occluded="1" keyframe="1" xtl="0.00" ytl="441.53" xbr="108.60" ybr="878.99" z_order="0">
      <attribute name="Adipose Clipped">No</attribute>
      <attribute name="Confidence Level">3</attribute>
      <attribute name="Injury">No</attribute>
      <attribute name="Notes">NA</attribute>
      <attribute name="Sex">Male</attribute>
    </box>
  </track>
</annotations>
