<?xml version="1.0" encoding="utf-8"?>
<annotations>
  <version>1.1</version>
  <meta>
    <task>
      <id>117</id>
      <name>01_1920x1080_20210731161053</name>
      <size>3967</size>
      <mode>interpolation</mode>
      <overlap>5</overlap>
      <bugtracker></bugtracker>
      <created>2021-12-07 20:25:51.762626+00:00</created>
      <updated>2021-12-07 21:54:34.341802+00:00</updated>
      <subset>default</subset>
      <start_frame>0</start_frame>
      <stop_frame>3966</stop_frame>
      <frame_filter></frame_filter>
      <segments>
        <segment>
          <id>117</id>
          <start>0</start>
          <stop>3966</stop>
          <url>httplocalhost:8080/?id=117</url>
        </segment>
      </segments>
      <owner>
        <username>scurfield</username>
        <email>dan.scurfield@gmail.com</email>
      </owner>
      <assignee></assignee>
      <labels>
        <label>
          <name>Sockeye</name>
          <color>#3df53d</color>
          <attributes>
            <attribute>
              <name>adipose clipped</name>
              <mutable>False</mutable>
              <input_type>select</input_type>
              <default_value>Yes</default_value>
              <values>Yes
No
NA</values>
            </attribute>
            <attribute>
              <name>confidence level</name>
              <mutable>False</mutable>
              <input_type>select</input_type>
              <default_value>3</default_value>
              <values>3
2
1</values>
            </attribute>
            <attribute>
              <name>injury</name>
              <mutable>False</mutable>
              <input_type>select</input_type>
              <default_value>Yes</default_value>
              <values>Yes
No
NA</values>
            </attribute>
            <attribute>
              <name>notes</name>
              <mutable>False</mutable>
              <input_type>text</input_type>
              <default_value>NA</default_value>
              <values>NA</values>
            </attribute>
            <attribute>
              <name>sex</name>
              <mutable>False</mutable>
              <input_type>select</input_type>
              <default_value>Male</default_value>
              <values>Male
Female
Jack</values>
            </attribute>
            <attribute>
              <name>view</name>
              <mutable>False</mutable>
              <input_type>select</input_type>
              <default_value>Top-down</default_value>
              <values>Top-down
Side</values>
            </attribute>
          </attributes>
        </label>
        <label>
          <name>Coho</name>
          <color>#733380</color>
          <attributes>
            <attribute>
              <name>adipose clipped</name>
              <mutable>False</mutable>
              <input_type>select</input_type>
              <default_value>Yes</default_value>
              <values>Yes
No
NA</values>
            </attribute>
            <attribute>
              <name>confidence level</name>
              <mutable>False</mutable>
              <input_type>select</input_type>
              <default_value>3</default_value>
              <values>3
2
1</values>
            </attribute>
            <attribute>
              <name>injury</name>
              <mutable>False</mutable>
              <input_type>select</input_type>
              <default_value>Yes</default_value>
              <values>Yes
No
NA</values>
            </attribute>
            <attribute>
              <name>notes</name>
              <mutable>False</mutable>
              <input_type>text</input_type>
              <default_value>NA</default_value>
              <values>NA</values>
            </attribute>
            <attribute>
              <name>sex</name>
              <mutable>False</mutable>
              <input_type>select</input_type>
              <default_value>Male</default_value>
              <values>Male
Female
Jack</values>
            </attribute>
            <attribute>
              <name>view</name>
              <mutable>False</mutable>
              <input_type>select</input_type>
              <default_value>Top-down</default_value>
              <values>Top-down
Side</values>
            </attribute>
          </attributes>
        </label>
        <label>
          <name>Chum</name>
          <color>#f59331</color>
          <attributes>
            <attribute>
              <name>adipose clipped</name>
              <mutable>False</mutable>
              <input_type>select</input_type>
              <default_value>Yes</default_value>
              <values>Yes
No
NA</values>
            </attribute>
            <attribute>
              <name>confidence level</name>
              <mutable>False</mutable>
              <input_type>select</input_type>
              <default_value>3</default_value>
              <values>3
2
1</values>
            </attribute>
            <attribute>
              <name>injury</name>
              <mutable>False</mutable>
              <input_type>select</input_type>
              <default_value>Yes</default_value>
              <values>Yes
No
NA</values>
            </attribute>
            <attribute>
              <name>notes</name>
              <mutable>False</mutable>
              <input_type>text</input_type>
              <default_value>NA</default_value>
              <values>NA</values>
            </attribute>
            <attribute>
              <name>sex</name>
              <mutable>False</mutable>
              <input_type>select</input_type>
              <default_value>Male</default_value>
              <values>Male
Female</values>
            </attribute>
            <attribute>
              <name>view</name>
              <mutable>False</mutable>
              <input_type>select</input_type>
              <default_value>Top-down</default_value>
              <values>Top-down
Side</values>
            </attribute>
          </attributes>
        </label>
        <label>
          <name>Pink</name>
          <color>#ff007c</color>
          <attributes>
            <attribute>
              <name>adipose clipped</name>
              <mutable>False</mutable>
              <input_type>select</input_type>
              <default_value>Yes</default_value>
              <values>Yes
No
NA</values>
            </attribute>
            <attribute>
              <name>confidence level</name>
              <mutable>False</mutable>
              <input_type>select</input_type>
              <default_value>3</default_value>
              <values>3
2
1</values>
            </attribute>
            <attribute>
              <name>injury</name>
              <mutable>False</mutable>
              <input_type>select</input_type>
              <default_value>Yes</default_value>
              <values>Yes
No
NA</values>
            </attribute>
            <attribute>
              <name>notes</name>
              <mutable>False</mutable>
              <input_type>text</input_type>
              <default_value>NA</default_value>
              <values>NA</values>
            </attribute>
            <attribute>
              <name>sex</name>
              <mutable>False</mutable>
              <input_type>select</input_type>
              <default_value>Male</default_value>
              <values>Male
Female</values>
            </attribute>
            <attribute>
              <name>view</name>
              <mutable>False</mutable>
              <input_type>select</input_type>
              <default_value>Top-down</default_value>
              <values>Top-down
Side</values>
            </attribute>
          </attributes>
        </label>
        <label>
          <name>Steelhead</name>
          <color>#33ddff</color>
          <attributes>
            <attribute>
              <name>adipose clipped</name>
              <mutable>False</mutable>
              <input_type>select</input_type>
              <default_value>Yes</default_value>
              <values>Yes
No
NA</values>
            </attribute>
            <attribute>
              <name>confidence level</name>
              <mutable>False</mutable>
              <input_type>select</input_type>
              <default_value>3</default_value>
              <values>3
2
1</values>
            </attribute>
            <attribute>
              <name>injury</name>
              <mutable>False</mutable>
              <input_type>select</input_type>
              <default_value>Yes</default_value>
              <values>Yes
No
NA</values>
            </attribute>
            <attribute>
              <name>notes</name>
              <mutable>False</mutable>
              <input_type>text</input_type>
              <default_value>NA</default_value>
              <values>NA</values>
            </attribute>
            <attribute>
              <name>sex</name>
              <mutable>False</mutable>
              <input_type>select</input_type>
              <default_value>Male</default_value>
              <values>Male
Female</values>
            </attribute>
            <attribute>
              <name>view</name>
              <mutable>False</mutable>
              <input_type>select</input_type>
              <default_value>Top-down</default_value>
              <values>Top-down
Side</values>
            </attribute>
          </attributes>
        </label>
        <label>
          <name>Chinook</name>
          <color>#fa3253</color>
          <attributes>
            <attribute>
              <name>adipose clipped</name>
              <mutable>False</mutable>
              <input_type>select</input_type>
              <default_value>Yes</default_value>
              <values>Yes
No
NA</values>
            </attribute>
            <attribute>
              <name>confidence level</name>
              <mutable>False</mutable>
              <input_type>select</input_type>
              <default_value>3</default_value>
              <values>3
2
1</values>
            </attribute>
            <attribute>
              <name>injury</name>
              <mutable>False</mutable>
              <input_type>select</input_type>
              <default_value>Yes</default_value>
              <values>Yes
No
NA</values>
            </attribute>
            <attribute>
              <name>notes</name>
              <mutable>False</mutable>
              <input_type>text</input_type>
              <default_value>NA</default_value>
              <values>NA</values>
            </attribute>
            <attribute>
              <name>sex</name>
              <mutable>False</mutable>
              <input_type>select</input_type>
              <default_value>Male</default_value>
              <values>Male
Female
Jack</values>
            </attribute>
            <attribute>
              <name>view</name>
              <mutable>False</mutable>
              <input_type>select</input_type>
              <default_value>Top-down</default_value>
              <values>Top-down
Side</values>
            </attribute>
          </attributes>
        </label>
        <label>
          <name>Rainbow</name>
          <color>#2a7dd1</color>
          <attributes>
            <attribute>
              <name>adipose clipped</name>
              <mutable>False</mutable>
              <input_type>select</input_type>
              <default_value>Yes</default_value>
              <values>Yes
No
NA</values>
            </attribute>
            <attribute>
              <name>confidence level</name>
              <mutable>False</mutable>
              <input_type>select</input_type>
              <default_value>3</default_value>
              <values>3
2
1</values>
            </attribute>
            <attribute>
              <name>injury</name>
              <mutable>False</mutable>
              <input_type>select</input_type>
              <default_value>Yes</default_value>
              <values>Yes
No
NA</values>
            </attribute>
            <attribute>
              <name>notes</name>
              <mutable>False</mutable>
              <input_type>text</input_type>
              <default_value>NA</default_value>
              <values>NA</values>
            </attribute>
            <attribute>
              <name>sex</name>
              <mutable>False</mutable>
              <input_type>select</input_type>
              <default_value>NA</default_value>
              <values>NA
Juvenile</values>
            </attribute>
            <attribute>
              <name>view</name>
              <mutable>False</mutable>
              <input_type>select</input_type>
              <default_value>Top-down</default_value>
              <values>Top-down
Side</values>
            </attribute>
          </attributes>
        </label>
      </labels>
      <original_size>
        <width>1920</width>
        <height>1080</height>
      </original_size>
    </task>
    <dumped>2021-12-07 21:54:41.760984+00:00</dumped>
    <source>01_1920x1080_20210731161053.mp4</source>
  </meta>
  <track id="0" label="Sockeye" source="manual">
    <box frame="869" outside="0" occluded="1" keyframe="1" xtl="1719.62" ytl="496.66" xbr="1918.30" ybr="676.97" z_order="0">
      <attribute name="adipose clipped">No</attribute>
      <attribute name="confidence level">3</attribute>
      <attribute name="injury">Yes</attribute>
      <attribute name="notes">White Floy tags on (both?) side of dorsal fin.</attribute>
      <attribute name="sex">Male</attribute>
      <attribute name="view">Side</attribute>
    </box>
    <box frame="870" outside="0" occluded="1" keyframe="0" xtl="1676.38" ytl="496.66" xbr="1918.30" ybr="695.84" z_order="0">
      <attribute name="adipose clipped">No</attribute>
      <attribute name="confidence level">3</attribute>
      <attribute name="injury">Yes</attribute>
      <attribute name="notes">White Floy tags on (both?) side of dorsal fin.</attribute>
      <attribute name="sex">Male</attribute>
      <attribute name="view">Side</attribute>
    </box>
    <box frame="871" outside="0" occluded="1" keyframe="0" xtl="1633.13" ytl="496.66" xbr="1918.30" ybr="714.70" z_order="0">
      <attribute name="adipose clipped">No</attribute>
      <attribute name="confidence level">3</attribute>
      <attribute name="injury">Yes</attribute>
      <attribute name="notes">White Floy tags on (both?) side of dorsal fin.</attribute>
      <attribute name="sex">Male</attribute>
      <attribute name="view">Side</attribute>
    </box>
    <box frame="872" outside="0" occluded="1" keyframe="0" xtl="1589.89" ytl="496.66" xbr="1918.30" ybr="733.56" z_order="0">
      <attribute name="adipose clipped">No</attribute>
      <attribute name="confidence level">3</attribute>
      <attribute name="injury">Yes</attribute>
      <attribute name="notes">White Floy tags on (both?) side of dorsal fin.</attribute>
      <attribute name="sex">Male</attribute>
      <attribute name="view">Side</attribute>
    </box>
    <box frame="873" outside="0" occluded="1" keyframe="0" xtl="1546.65" ytl="496.66" xbr="1918.30" ybr="752.42" z_order="0">
      <attribute name="adipose clipped">No</attribute>
      <attribute name="confidence level">3</attribute>
      <attribute name="injury">Yes</attribute>
      <attribute name="notes">White Floy tags on (both?) side of dorsal fin.</attribute>
      <attribute name="sex">Male</attribute>
      <attribute name="view">Side</attribute>
    </box>
    <box frame="874" outside="0" occluded="1" keyframe="0" xtl="1503.41" ytl="496.66" xbr="1918.30" ybr="771.29" z_order="0">
      <attribute name="adipose clipped">No</attribute>
      <attribute name="confidence level">3</attribute>
      <attribute name="injury">Yes</attribute>
      <attribute name="notes">White Floy tags on (both?) side of dorsal fin.</attribute>
      <attribute name="sex">Male</attribute>
      <attribute name="view">Side</attribute>
    </box>
    <box frame="875" outside="0" occluded="1" keyframe="0" xtl="1460.17" ytl="496.66" xbr="1918.30" ybr="790.15" z_order="0">
      <attribute name="adipose clipped">No</attribute>
      <attribute name="confidence level">3</attribute>
      <attribute name="injury">Yes</attribute>
      <attribute name="notes">White Floy tags on (both?) side of dorsal fin.</attribute>
      <attribute name="sex">Male</attribute>
      <attribute name="view">Side</attribute>
    </box>
    <box frame="876" outside="0" occluded="1" keyframe="0" xtl="1416.93" ytl="496.66" xbr="1918.30" ybr="809.01" z_order="0">
      <attribute name="adipose clipped">No</attribute>
      <attribute name="confidence level">3</attribute>
      <attribute name="injury">Yes</attribute>
      <attribute name="notes">White Floy tags on (both?) side of dorsal fin.</attribute>
      <attribute name="sex">Male</attribute>
      <attribute name="view">Side</attribute>
    </box>
    <box frame="877" outside="0" occluded="1" keyframe="0" xtl="1373.68" ytl="496.66" xbr="1918.30" ybr="827.87" z_order="0">
      <attribute name="adipose clipped">No</attribute>
      <attribute name="confidence level">3</attribute>
      <attribute name="injury">Yes</attribute>
      <attribute name="notes">White Floy tags on (both?) side of dorsal fin.</attribute>
      <attribute name="sex">Male</attribute>
      <attribute name="view">Side</attribute>
    </box>
    <box frame="878" outside="0" occluded="1" keyframe="0" xtl="1330.44" ytl="496.66" xbr="1918.30" ybr="846.74" z_order="0">
      <attribute name="adipose clipped">No</attribute>
      <attribute name="confidence level">3</attribute>
      <attribute name="injury">Yes</attribute>
      <attribute name="notes">White Floy tags on (both?) side of dorsal fin.</attribute>
      <attribute name="sex">Male</attribute>
      <attribute name="view">Side</attribute>
    </box>
    <box frame="879" outside="0" occluded="1" keyframe="1" xtl="1287.20" ytl="496.66" xbr="1918.30" ybr="865.60" z_order="0">
      <attribute name="adipose clipped">No</attribute>
      <attribute name="confidence level">3</attribute>
      <attribute name="injury">Yes</attribute>
      <attribute name="notes">White Floy tags on (both?) side of dorsal fin.</attribute>
      <attribute name="sex">Male</attribute>
      <attribute name="view">Side</attribute>
    </box>
    <box frame="880" outside="0" occluded="1" keyframe="0" xtl="1250.47" ytl="503.35" xbr="1918.64" ybr="883.97" z_order="0">
      <attribute name="adipose clipped">No</attribute>
      <attribute name="confidence level">3</attribute>
      <attribute name="injury">Yes</attribute>
      <attribute name="notes">White Floy tags on (both?) side of dorsal fin.</attribute>
      <attribute name="sex">Male</attribute>
      <attribute name="view">Side</attribute>
    </box>
    <box frame="881" outside="0" occluded="1" keyframe="0" xtl="1213.74" ytl="510.04" xbr="1918.98" ybr="902.33" z_order="0">
      <attribute name="adipose clipped">No</attribute>
      <attribute name="confidence level">3</attribute>
      <attribute name="injury">Yes</attribute>
      <attribute name="notes">White Floy tags on (both?) side of dorsal fin.</attribute>
      <attribute name="sex">Male</attribute>
      <attribute name="view">Side</attribute>
    </box>
    <box frame="882" outside="0" occluded="1" keyframe="0" xtl="1177.01" ytl="516.72" xbr="1919.32" ybr="920.70" z_order="0">
      <attribute name="adipose clipped">No</attribute>
      <attribute name="confidence level">3</attribute>
      <attribute name="injury">Yes</attribute>
      <attribute name="notes">White Floy tags on (both?) side of dorsal fin.</attribute>
      <attribute name="sex">Male</attribute>
      <attribute name="view">Side</attribute>
    </box>
    <box frame="883" outside="0" occluded="1" keyframe="0" xtl="1140.28" ytl="523.41" xbr="1919.66" ybr="939.06" z_order="0">
      <attribute name="adipose clipped">No</attribute>
      <attribute name="confidence level">3</attribute>
      <attribute name="injury">Yes</attribute>
      <attribute name="notes">White Floy tags on (both?) side of dorsal fin.</attribute>
      <attribute name="sex">Male</attribute>
      <attribute name="view">Side</attribute>
    </box>
    <box frame="884" outside="0" occluded="0" keyframe="1" xtl="1103.55" ytl="530.10" xbr="1920.00" ybr="957.43" z_order="0">
      <attribute name="adipose clipped">No</attribute>
      <attribute name="confidence level">3</attribute>
      <attribute name="injury">Yes</attribute>
      <attribute name="notes">White Floy tags on (both?) side of dorsal fin.</attribute>
      <attribute name="sex">Male</attribute>
      <attribute name="view">Side</attribute>
    </box>
    <box frame="885" outside="0" occluded="0" keyframe="0" xtl="1046.36" ytl="555.14" xbr="1882.02" ybr="969.94" z_order="0">
      <attribute name="adipose clipped">No</attribute>
      <attribute name="confidence level">3</attribute>
      <attribute name="injury">Yes</attribute>
      <attribute name="notes">White Floy tags on (both?) side of dorsal fin.</attribute>
      <attribute name="sex">Male</attribute>
      <attribute name="view">Side</attribute>
    </box>
    <box frame="886" outside="0" occluded="0" keyframe="0" xtl="989.17" ytl="580.19" xbr="1844.04" ybr="982.46" z_order="0">
      <attribute name="adipose clipped">No</attribute>
      <attribute name="confidence level">3</attribute>
      <attribute name="injury">Yes</attribute>
      <attribute name="notes">White Floy tags on (both?) side of dorsal fin.</attribute>
      <attribute name="sex">Male</attribute>
      <attribute name="view">Side</attribute>
    </box>
    <box frame="887" outside="0" occluded="0" keyframe="0" xtl="931.99" ytl="605.23" xbr="1806.05" ybr="994.98" z_order="0">
      <attribute name="adipose clipped">No</attribute>
      <attribute name="confidence level">3</attribute>
      <attribute name="injury">Yes</attribute>
      <attribute name="notes">White Floy tags on (both?) side of dorsal fin.</attribute>
      <attribute name="sex">Male</attribute>
      <attribute name="view">Side</attribute>
    </box>
    <box frame="888" outside="0" occluded="1" keyframe="1" xtl="874.80" ytl="630.27" xbr="1768.07" ybr="1007.50" z_order="0">
      <attribute name="adipose clipped">No</attribute>
      <attribute name="confidence level">3</attribute>
      <attribute name="injury">Yes</attribute>
      <attribute name="notes">White Floy tags on (both?) side of dorsal fin.</attribute>
      <attribute name="sex">Male</attribute>
      <attribute name="view">Side</attribute>
    </box>
    <box frame="889" outside="0" occluded="1" keyframe="0" xtl="841.41" ytl="637.79" xbr="1734.68" ybr="1014.75" z_order="0">
      <attribute name="adipose clipped">No</attribute>
      <attribute name="confidence level">3</attribute>
      <attribute name="injury">Yes</attribute>
      <attribute name="notes">White Floy tags on (both?) side of dorsal fin.</attribute>
      <attribute name="sex">Male</attribute>
      <attribute name="view">Side</attribute>
    </box>
    <box frame="890" outside="0" occluded="1" keyframe="0" xtl="808.02" ytl="645.30" xbr="1701.29" ybr="1022.00" z_order="0">
      <attribute name="adipose clipped">No</attribute>
      <attribute name="confidence level">3</attribute>
      <attribute name="injury">Yes</attribute>
      <attribute name="notes">White Floy tags on (both?) side of dorsal fin.</attribute>
      <attribute name="sex">Male</attribute>
      <attribute name="view">Side</attribute>
    </box>
    <box frame="891" outside="0" occluded="1" keyframe="0" xtl="774.63" ytl="652.81" xbr="1667.90" ybr="1029.25" z_order="0">
      <attribute name="adipose clipped">No</attribute>
      <attribute name="confidence level">3</attribute>
      <attribute name="injury">Yes</attribute>
      <attribute name="notes">White Floy tags on (both?) side of dorsal fin.</attribute>
      <attribute name="sex">Male</attribute>
      <attribute name="view">Side</attribute>
    </box>
    <box frame="892" outside="0" occluded="1" keyframe="0" xtl="741.23" ytl="660.33" xbr="1634.50" ybr="1036.50" z_order="0">
      <attribute name="adipose clipped">No</attribute>
      <attribute name="confidence level">3</attribute>
      <attribute name="injury">Yes</attribute>
      <attribute name="notes">White Floy tags on (both?) side of dorsal fin.</attribute>
      <attribute name="sex">Male</attribute>
      <attribute name="view">Side</attribute>
    </box>
    <box frame="893" outside="0" occluded="1" keyframe="0" xtl="707.84" ytl="667.84" xbr="1601.11" ybr="1043.75" z_order="0">
      <attribute name="adipose clipped">No</attribute>
      <attribute name="confidence level">3</attribute>
      <attribute name="injury">Yes</attribute>
      <attribute name="notes">White Floy tags on (both?) side of dorsal fin.</attribute>
      <attribute name="sex">Male</attribute>
      <attribute name="view">Side</attribute>
    </box>
    <box frame="894" outside="0" occluded="1" keyframe="0" xtl="674.45" ytl="675.35" xbr="1567.72" ybr="1051.00" z_order="0">
      <attribute name="adipose clipped">No</attribute>
      <attribute name="confidence level">3</attribute>
      <attribute name="injury">Yes</attribute>
      <attribute name="notes">White Floy tags on (both?) side of dorsal fin.</attribute>
      <attribute name="sex">Male</attribute>
      <attribute name="view">Side</attribute>
    </box>
    <box frame="895" outside="0" occluded="1" keyframe="0" xtl="641.06" ytl="682.87" xbr="1534.33" ybr="1058.25" z_order="0">
      <attribute name="adipose clipped">No</attribute>
      <attribute name="confidence level">3</attribute>
      <attribute name="injury">Yes</attribute>
      <attribute name="notes">White Floy tags on (both?) side of dorsal fin.</attribute>
      <attribute name="sex">Male</attribute>
      <attribute name="view">Side</attribute>
    </box>
    <box frame="896" outside="0" occluded="1" keyframe="0" xtl="607.67" ytl="690.38" xbr="1500.94" ybr="1065.50" z_order="0">
      <attribute name="adipose clipped">No</attribute>
      <attribute name="confidence level">3</attribute>
      <attribute name="injury">Yes</attribute>
      <attribute name="notes">White Floy tags on (both?) side of dorsal fin.</attribute>
      <attribute name="sex">Male</attribute>
      <attribute name="view">Side</attribute>
    </box>
    <box frame="897" outside="0" occluded="1" keyframe="0" xtl="574.28" ytl="697.89" xbr="1467.55" ybr="1072.75" z_order="0">
      <attribute name="adipose clipped">No</attribute>
      <attribute name="confidence level">3</attribute>
      <attribute name="injury">Yes</attribute>
      <attribute name="notes">White Floy tags on (both?) side of dorsal fin.</attribute>
      <attribute name="sex">Male</attribute>
      <attribute name="view">Side</attribute>
    </box>
    <box frame="898" outside="0" occluded="0" keyframe="1" xtl="540.89" ytl="705.41" xbr="1434.16" ybr="1080.00" z_order="0">
      <attribute name="adipose clipped">No</attribute>
      <attribute name="confidence level">3</attribute>
      <attribute name="injury">Yes</attribute>
      <attribute name="notes">White Floy tags on (both?) side of dorsal fin.</attribute>
      <attribute name="sex">Male</attribute>
      <attribute name="view">Side</attribute>
    </box>
    <box frame="899" outside="0" occluded="0" keyframe="0" xtl="494.97" ytl="706.41" xbr="1398.59" ybr="1080.00" z_order="0">
      <attribute name="adipose clipped">No</attribute>
      <attribute name="confidence level">3</attribute>
      <attribute name="injury">Yes</attribute>
      <attribute name="notes">White Floy tags on (both?) side of dorsal fin.</attribute>
      <attribute name="sex">Male</attribute>
      <attribute name="view">Side</attribute>
    </box>
    <box frame="900" outside="0" occluded="0" keyframe="0" xtl="449.06" ytl="707.41" xbr="1363.03" ybr="1080.00" z_order="0">
      <attribute name="adipose clipped">No</attribute>
      <attribute name="confidence level">3</attribute>
      <attribute name="injury">Yes</attribute>
      <attribute name="notes">White Floy tags on (both?) side of dorsal fin.</attribute>
      <attribute name="sex">Male</attribute>
      <attribute name="view">Side</attribute>
    </box>
    <box frame="901" outside="0" occluded="0" keyframe="0" xtl="403.15" ytl="708.41" xbr="1327.46" ybr="1080.00" z_order="0">
      <attribute name="adipose clipped">No</attribute>
      <attribute name="confidence level">3</attribute>
      <attribute name="injury">Yes</attribute>
      <attribute name="notes">White Floy tags on (both?) side of dorsal fin.</attribute>
      <attribute name="sex">Male</attribute>
      <attribute name="view">Side</attribute>
    </box>
    <box frame="902" outside="0" occluded="0" keyframe="0" xtl="357.23" ytl="709.41" xbr="1291.89" ybr="1080.00" z_order="0">
      <attribute name="adipose clipped">No</attribute>
      <attribute name="confidence level">3</attribute>
      <attribute name="injury">Yes</attribute>
      <attribute name="notes">White Floy tags on (both?) side of dorsal fin.</attribute>
      <attribute name="sex">Male</attribute>
      <attribute name="view">Side</attribute>
    </box>
    <box frame="903" outside="0" occluded="0" keyframe="0" xtl="311.32" ytl="710.41" xbr="1256.33" ybr="1080.00" z_order="0">
      <attribute name="adipose clipped">No</attribute>
      <attribute name="confidence level">3</attribute>
      <attribute name="injury">Yes</attribute>
      <attribute name="notes">White Floy tags on (both?) side of dorsal fin.</attribute>
      <attribute name="sex">Male</attribute>
      <attribute name="view">Side</attribute>
    </box>
    <box frame="904" outside="0" occluded="0" keyframe="0" xtl="265.41" ytl="711.42" xbr="1220.76" ybr="1080.00" z_order="0">
      <attribute name="adipose clipped">No</attribute>
      <attribute name="confidence level">3</attribute>
      <attribute name="injury">Yes</attribute>
      <attribute name="notes">White Floy tags on (both?) side of dorsal fin.</attribute>
      <attribute name="sex">Male</attribute>
      <attribute name="view">Side</attribute>
    </box>
    <box frame="905" outside="0" occluded="0" keyframe="0" xtl="219.50" ytl="712.42" xbr="1185.20" ybr="1080.00" z_order="0">
      <attribute name="adipose clipped">No</attribute>
      <attribute name="confidence level">3</attribute>
      <attribute name="injury">Yes</attribute>
      <attribute name="notes">White Floy tags on (both?) side of dorsal fin.</attribute>
      <attribute name="sex">Male</attribute>
      <attribute name="view">Side</attribute>
    </box>
    <box frame="906" outside="0" occluded="0" keyframe="0" xtl="173.58" ytl="713.42" xbr="1149.63" ybr="1080.00" z_order="0">
      <attribute name="adipose clipped">No</attribute>
      <attribute name="confidence level">3</attribute>
      <attribute name="injury">Yes</attribute>
      <attribute name="notes">White Floy tags on (both?) side of dorsal fin.</attribute>
      <attribute name="sex">Male</attribute>
      <attribute name="view">Side</attribute>
    </box>
    <box frame="907" outside="0" occluded="0" keyframe="0" xtl="127.67" ytl="714.42" xbr="1114.07" ybr="1080.00" z_order="0">
      <attribute name="adipose clipped">No</attribute>
      <attribute name="confidence level">3</attribute>
      <attribute name="injury">Yes</attribute>
      <attribute name="notes">White Floy tags on (both?) side of dorsal fin.</attribute>
      <attribute name="sex">Male</attribute>
      <attribute name="view">Side</attribute>
    </box>
    <box frame="908" outside="0" occluded="0" keyframe="1" xtl="81.76" ytl="715.42" xbr="1078.50" ybr="1080.00" z_order="0">
      <attribute name="adipose clipped">No</attribute>
      <attribute name="confidence level">3</attribute>
      <attribute name="injury">Yes</attribute>
      <attribute name="notes">White Floy tags on (both?) side of dorsal fin.</attribute>
      <attribute name="sex">Male</attribute>
      <attribute name="view">Side</attribute>
    </box>
    <box frame="909" outside="0" occluded="1" keyframe="1" xtl="81.76" ytl="715.42" xbr="1078.50" ybr="1080.00" z_order="0">
      <attribute name="adipose clipped">No</attribute>
      <attribute name="confidence level">3</attribute>
      <attribute name="injury">Yes</attribute>
      <attribute name="notes">White Floy tags on (both?) side of dorsal fin.</attribute>
      <attribute name="sex">Male</attribute>
      <attribute name="view">Side</attribute>
    </box>
    <box frame="910" outside="0" occluded="1" keyframe="0" xtl="73.58" ytl="710.58" xbr="1041.76" ybr="1080.00" z_order="0">
      <attribute name="adipose clipped">No</attribute>
      <attribute name="confidence level">3</attribute>
      <attribute name="injury">Yes</attribute>
      <attribute name="notes">White Floy tags on (both?) side of dorsal fin.</attribute>
      <attribute name="sex">Male</attribute>
      <attribute name="view">Side</attribute>
    </box>
    <box frame="911" outside="0" occluded="1" keyframe="0" xtl="65.41" ytl="705.74" xbr="1005.02" ybr="1080.00" z_order="0">
      <attribute name="adipose clipped">No</attribute>
      <attribute name="confidence level">3</attribute>
      <attribute name="injury">Yes</attribute>
      <attribute name="notes">White Floy tags on (both?) side of dorsal fin.</attribute>
      <attribute name="sex">Male</attribute>
      <attribute name="view">Side</attribute>
    </box>
    <box frame="912" outside="0" occluded="1" keyframe="0" xtl="57.23" ytl="700.90" xbr="968.28" ybr="1080.00" z_order="0">
      <attribute name="adipose clipped">No</attribute>
      <attribute name="confidence level">3</attribute>
      <attribute name="injury">Yes</attribute>
      <attribute name="notes">White Floy tags on (both?) side of dorsal fin.</attribute>
      <attribute name="sex">Male</attribute>
      <attribute name="view">Side</attribute>
    </box>
    <box frame="913" outside="0" occluded="1" keyframe="0" xtl="49.05" ytl="696.06" xbr="931.54" ybr="1080.00" z_order="0">
      <attribute name="adipose clipped">No</attribute>
      <attribute name="confidence level">3</attribute>
      <attribute name="injury">Yes</attribute>
      <attribute name="notes">White Floy tags on (both?) side of dorsal fin.</attribute>
      <attribute name="sex">Male</attribute>
      <attribute name="view">Side</attribute>
    </box>
    <box frame="914" outside="0" occluded="1" keyframe="1" xtl="40.88" ytl="691.21" xbr="894.80" ybr="1080.00" z_order="0">
      <attribute name="adipose clipped">No</attribute>
      <attribute name="confidence level">3</attribute>
      <attribute name="injury">Yes</attribute>
      <attribute name="notes">White Floy tags on (both?) side of dorsal fin.</attribute>
      <attribute name="sex">Male</attribute>
      <attribute name="view">Side</attribute>
    </box>
    <box frame="915" outside="0" occluded="1" keyframe="0" xtl="32.70" ytl="686.37" xbr="836.83" ybr="1080.00" z_order="0">
      <attribute name="adipose clipped">No</attribute>
      <attribute name="confidence level">3</attribute>
      <attribute name="injury">Yes</attribute>
      <attribute name="notes">White Floy tags on (both?) side of dorsal fin.</attribute>
      <attribute name="sex">Male</attribute>
      <attribute name="view">Side</attribute>
    </box>
    <box frame="916" outside="0" occluded="1" keyframe="0" xtl="24.53" ytl="681.53" xbr="778.87" ybr="1080.00" z_order="0">
      <attribute name="adipose clipped">No</attribute>
      <attribute name="confidence level">3</attribute>
      <attribute name="injury">Yes</attribute>
      <attribute name="notes">White Floy tags on (both?) side of dorsal fin.</attribute>
      <attribute name="sex">Male</attribute>
      <attribute name="view">Side</attribute>
    </box>
    <box frame="917" outside="0" occluded="1" keyframe="1" xtl="16.35" ytl="676.69" xbr="720.90" ybr="1080.00" z_order="0">
      <attribute name="adipose clipped">No</attribute>
      <attribute name="confidence level">3</attribute>
      <attribute name="injury">Yes</attribute>
      <attribute name="notes">White Floy tags on (both?) side of dorsal fin.</attribute>
      <attribute name="sex">Male</attribute>
      <attribute name="view">Side</attribute>
    </box>
    <box frame="918" outside="0" occluded="1" keyframe="0" xtl="8.18" ytl="671.85" xbr="655.94" ybr="1055.79" z_order="0">
      <attribute name="adipose clipped">No</attribute>
      <attribute name="confidence level">3</attribute>
      <attribute name="injury">Yes</attribute>
      <attribute name="notes">White Floy tags on (both?) side of dorsal fin.</attribute>
      <attribute name="sex">Male</attribute>
      <attribute name="view">Side</attribute>
    </box>
    <box frame="919" outside="0" occluded="1" keyframe="1" xtl="0.00" ytl="667.00" xbr="590.99" ybr="1031.58" z_order="0">
      <attribute name="adipose clipped">No</attribute>
      <attribute name="confidence level">3</attribute>
      <attribute name="injury">Yes</attribute>
      <attribute name="notes">White Floy tags on (both?) side of dorsal fin.</attribute>
      <attribute name="sex">Male</attribute>
      <attribute name="view">Side</attribute>
    </box>
    <box frame="920" outside="0" occluded="1" keyframe="0" xtl="0.00" ytl="668.12" xbr="521.42" ybr="1032.69" z_order="0">
      <attribute name="adipose clipped">No</attribute>
      <attribute name="confidence level">3</attribute>
      <attribute name="injury">Yes</attribute>
      <attribute name="notes">White Floy tags on (both?) side of dorsal fin.</attribute>
      <attribute name="sex">Male</attribute>
      <attribute name="view">Side</attribute>
    </box>
    <box frame="921" outside="0" occluded="1" keyframe="0" xtl="0.00" ytl="669.23" xbr="451.86" ybr="1033.81" z_order="0">
      <attribute name="adipose clipped">No</attribute>
      <attribute name="confidence level">3</attribute>
      <attribute name="injury">Yes</attribute>
      <attribute name="notes">White Floy tags on (both?) side of dorsal fin.</attribute>
      <attribute name="sex">Male</attribute>
      <attribute name="view">Side</attribute>
    </box>
    <box frame="922" outside="0" occluded="1" keyframe="1" xtl="0.00" ytl="670.34" xbr="382.29" ybr="1034.92" z_order="0">
      <attribute name="adipose clipped">No</attribute>
      <attribute name="confidence level">3</attribute>
      <attribute name="injury">Yes</attribute>
      <attribute name="notes">White Floy tags on (both?) side of dorsal fin.</attribute>
      <attribute name="sex">Male</attribute>
      <attribute name="view">Side</attribute>
    </box>
    <box frame="923" outside="0" occluded="1" keyframe="0" xtl="0.00" ytl="667.00" xbr="306.60" ybr="1031.58" z_order="0">
      <attribute name="adipose clipped">No</attribute>
      <attribute name="confidence level">3</attribute>
      <attribute name="injury">Yes</attribute>
      <attribute name="notes">White Floy tags on (both?) side of dorsal fin.</attribute>
      <attribute name="sex">Male</attribute>
      <attribute name="view">Side</attribute>
    </box>
    <box frame="924" outside="0" occluded="1" keyframe="0" xtl="0.00" ytl="663.67" xbr="230.92" ybr="1028.24" z_order="0">
      <attribute name="adipose clipped">No</attribute>
      <attribute name="confidence level">3</attribute>
      <attribute name="injury">Yes</attribute>
      <attribute name="notes">White Floy tags on (both?) side of dorsal fin.</attribute>
      <attribute name="sex">Male</attribute>
      <attribute name="view">Side</attribute>
    </box>
    <box frame="925" outside="0" occluded="1" keyframe="1" xtl="0.00" ytl="660.33" xbr="155.23" ybr="1024.90" z_order="0">
      <attribute name="adipose clipped">No</attribute>
      <attribute name="confidence level">3</attribute>
      <attribute name="injury">Yes</attribute>
      <attribute name="notes">White Floy tags on (both?) side of dorsal fin.</attribute>
      <attribute name="sex">Male</attribute>
      <attribute name="view">Side</attribute>
    </box>
    <box frame="926" outside="1" occluded="1" keyframe="1" xtl="0.00" ytl="658.66" xbr="53.39" ybr="1023.23" z_order="0">
      <attribute name="adipose clipped">No</attribute>
      <attribute name="confidence level">3</attribute>
      <attribute name="injury">Yes</attribute>
      <attribute name="notes">White Floy tags on (both?) side of dorsal fin.</attribute>
      <attribute name="sex">Male</attribute>
      <attribute name="view">Side</attribute>
    </box>
  </track>
  <track id="1" label="Sockeye" source="manual">
    <box frame="2264" outside="0" occluded="1" keyframe="1" xtl="1711.27" ytl="541.74" xbr="1920.00" ybr="768.80" z_order="0">
      <attribute name="adipose clipped">No</attribute>
      <attribute name="confidence level">3</attribute>
      <attribute name="injury">No</attribute>
      <attribute name="notes">NA</attribute>
      <attribute name="sex">Female</attribute>
      <attribute name="view">Side</attribute>
    </box>
    <box frame="2265" outside="0" occluded="1" keyframe="0" xtl="1611.76" ytl="541.74" xbr="1920.00" ybr="804.52" z_order="0">
      <attribute name="adipose clipped">No</attribute>
      <attribute name="confidence level">3</attribute>
      <attribute name="injury">No</attribute>
      <attribute name="notes">NA</attribute>
      <attribute name="sex">Female</attribute>
      <attribute name="view">Side</attribute>
    </box>
    <box frame="2266" outside="0" occluded="1" keyframe="0" xtl="1512.24" ytl="541.74" xbr="1920.00" ybr="840.24" z_order="0">
      <attribute name="adipose clipped">No</attribute>
      <attribute name="confidence level">3</attribute>
      <attribute name="injury">No</attribute>
      <attribute name="notes">NA</attribute>
      <attribute name="sex">Female</attribute>
      <attribute name="view">Side</attribute>
    </box>
    <box frame="2267" outside="0" occluded="1" keyframe="0" xtl="1412.73" ytl="541.74" xbr="1920.00" ybr="875.96" z_order="0">
      <attribute name="adipose clipped">No</attribute>
      <attribute name="confidence level">3</attribute>
      <attribute name="injury">No</attribute>
      <attribute name="notes">NA</attribute>
      <attribute name="sex">Female</attribute>
      <attribute name="view">Side</attribute>
    </box>
    <box frame="2268" outside="0" occluded="1" keyframe="0" xtl="1313.21" ytl="541.74" xbr="1920.00" ybr="911.68" z_order="0">
      <attribute name="adipose clipped">No</attribute>
      <attribute name="confidence level">3</attribute>
      <attribute name="injury">No</attribute>
      <attribute name="notes">NA</attribute>
      <attribute name="sex">Female</attribute>
      <attribute name="view">Side</attribute>
    </box>
    <box frame="2269" outside="0" occluded="1" keyframe="1" xtl="1213.70" ytl="541.74" xbr="1920.00" ybr="947.40" z_order="0">
      <attribute name="adipose clipped">No</attribute>
      <attribute name="confidence level">3</attribute>
      <attribute name="injury">No</attribute>
      <attribute name="notes">NA</attribute>
      <attribute name="sex">Female</attribute>
      <attribute name="view">Side</attribute>
    </box>
    <box frame="2270" outside="0" occluded="1" keyframe="0" xtl="1104.52" ytl="543.07" xbr="1908.31" ybr="964.76" z_order="0">
      <attribute name="adipose clipped">No</attribute>
      <attribute name="confidence level">3</attribute>
      <attribute name="injury">No</attribute>
      <attribute name="notes">NA</attribute>
      <attribute name="sex">Female</attribute>
      <attribute name="view">Side</attribute>
    </box>
    <box frame="2271" outside="0" occluded="1" keyframe="0" xtl="995.34" ytl="544.41" xbr="1896.63" ybr="982.12" z_order="0">
      <attribute name="adipose clipped">No</attribute>
      <attribute name="confidence level">3</attribute>
      <attribute name="injury">No</attribute>
      <attribute name="notes">NA</attribute>
      <attribute name="sex">Female</attribute>
      <attribute name="view">Side</attribute>
    </box>
    <box frame="2272" outside="0" occluded="1" keyframe="0" xtl="886.16" ytl="545.75" xbr="1884.94" ybr="999.48" z_order="0">
      <attribute name="adipose clipped">No</attribute>
      <attribute name="confidence level">3</attribute>
      <attribute name="injury">No</attribute>
      <attribute name="notes">NA</attribute>
      <attribute name="sex">Female</attribute>
      <attribute name="view">Side</attribute>
    </box>
    <box frame="2273" outside="0" occluded="1" keyframe="0" xtl="776.98" ytl="547.08" xbr="1873.25" ybr="1016.84" z_order="0">
      <attribute name="adipose clipped">No</attribute>
      <attribute name="confidence level">3</attribute>
      <attribute name="injury">No</attribute>
      <attribute name="notes">NA</attribute>
      <attribute name="sex">Female</attribute>
      <attribute name="view">Side</attribute>
    </box>
    <box frame="2274" outside="0" occluded="0" keyframe="1" xtl="667.80" ytl="548.42" xbr="1861.57" ybr="1034.20" z_order="0">
      <attribute name="adipose clipped">No</attribute>
      <attribute name="confidence level">3</attribute>
      <attribute name="injury">No</attribute>
      <attribute name="notes">NA</attribute>
      <attribute name="sex">Female</attribute>
      <attribute name="view">Side</attribute>
    </box>
    <box frame="2275" outside="0" occluded="0" keyframe="0" xtl="560.95" ytl="556.76" xbr="1760.28" ybr="1042.55" z_order="0">
      <attribute name="adipose clipped">No</attribute>
      <attribute name="confidence level">3</attribute>
      <attribute name="injury">No</attribute>
      <attribute name="notes">NA</attribute>
      <attribute name="sex">Female</attribute>
      <attribute name="view">Side</attribute>
    </box>
    <box frame="2276" outside="0" occluded="0" keyframe="0" xtl="454.10" ytl="565.11" xbr="1658.99" ybr="1050.90" z_order="0">
      <attribute name="adipose clipped">No</attribute>
      <attribute name="confidence level">3</attribute>
      <attribute name="injury">No</attribute>
      <attribute name="notes">NA</attribute>
      <attribute name="sex">Female</attribute>
      <attribute name="view">Side</attribute>
    </box>
    <box frame="2277" outside="0" occluded="0" keyframe="1" xtl="347.24" ytl="573.46" xbr="1557.70" ybr="1059.24" z_order="0">
      <attribute name="adipose clipped">No</attribute>
      <attribute name="confidence level">3</attribute>
      <attribute name="injury">No</attribute>
      <attribute name="notes">NA</attribute>
      <attribute name="sex">Female</attribute>
      <attribute name="view">Side</attribute>
    </box>
    <box frame="2278" outside="0" occluded="0" keyframe="1" xtl="232.04" ytl="578.47" xbr="1442.50" ybr="1064.25" z_order="0">
      <attribute name="adipose clipped">No</attribute>
      <attribute name="confidence level">3</attribute>
      <attribute name="injury">No</attribute>
      <attribute name="notes">NA</attribute>
      <attribute name="sex">Female</attribute>
      <attribute name="view">Side</attribute>
    </box>
    <box frame="2279" outside="0" occluded="0" keyframe="1" xtl="130.20" ytl="571.79" xbr="1402.47" ybr="1057.57" z_order="0">
      <attribute name="adipose clipped">No</attribute>
      <attribute name="confidence level">3</attribute>
      <attribute name="injury">No</attribute>
      <attribute name="notes">NA</attribute>
      <attribute name="sex">Female</attribute>
      <attribute name="view">Side</attribute>
    </box>
    <box frame="2280" outside="0" occluded="0" keyframe="0" xtl="65.10" ytl="569.29" xbr="1228.83" ybr="1055.07" z_order="0">
      <attribute name="adipose clipped">No</attribute>
      <attribute name="confidence level">3</attribute>
      <attribute name="injury">No</attribute>
      <attribute name="notes">NA</attribute>
      <attribute name="sex">Female</attribute>
      <attribute name="view">Side</attribute>
    </box>
    <box frame="2281" outside="0" occluded="0" keyframe="1" xtl="0.00" ytl="566.78" xbr="1055.20" ybr="1052.56" z_order="0">
      <attribute name="adipose clipped">No</attribute>
      <attribute name="confidence level">3</attribute>
      <attribute name="injury">No</attribute>
      <attribute name="notes">NA</attribute>
      <attribute name="sex">Female</attribute>
      <attribute name="view">Side</attribute>
    </box>
    <box frame="2282" outside="0" occluded="0" keyframe="0" xtl="0.00" ytl="590.99" xbr="890.75" ybr="1035.03" z_order="0">
      <attribute name="adipose clipped">No</attribute>
      <attribute name="confidence level">3</attribute>
      <attribute name="injury">No</attribute>
      <attribute name="notes">NA</attribute>
      <attribute name="sex">Female</attribute>
      <attribute name="view">Side</attribute>
    </box>
    <box frame="2283" outside="0" occluded="0" keyframe="1" xtl="0.00" ytl="615.20" xbr="726.30" ybr="1017.50" z_order="0">
      <attribute name="adipose clipped">No</attribute>
      <attribute name="confidence level">3</attribute>
      <attribute name="injury">No</attribute>
      <attribute name="notes">NA</attribute>
      <attribute name="sex">Female</attribute>
      <attribute name="view">Side</attribute>
    </box>
    <box frame="2284" outside="0" occluded="0" keyframe="0" xtl="0.00" ytl="615.20" xbr="568.55" ybr="1017.50" z_order="0">
      <attribute name="adipose clipped">No</attribute>
      <attribute name="confidence level">3</attribute>
      <attribute name="injury">No</attribute>
      <attribute name="notes">NA</attribute>
      <attribute name="sex">Female</attribute>
      <attribute name="view">Side</attribute>
    </box>
    <box frame="2285" outside="0" occluded="0" keyframe="1" xtl="0.00" ytl="615.20" xbr="410.80" ybr="1017.50" z_order="0">
      <attribute name="adipose clipped">No</attribute>
      <attribute name="confidence level">3</attribute>
      <attribute name="injury">No</attribute>
      <attribute name="notes">NA</attribute>
      <attribute name="sex">Female</attribute>
      <attribute name="view">Side</attribute>
    </box>
    <box frame="2286" outside="0" occluded="0" keyframe="1" xtl="0.00" ytl="615.20" xbr="287.30" ybr="1017.50" z_order="0">
      <attribute name="adipose clipped">No</attribute>
      <attribute name="confidence level">3</attribute>
      <attribute name="injury">No</attribute>
      <attribute name="notes">NA</attribute>
      <attribute name="sex">Female</attribute>
      <attribute name="view">Side</attribute>
    </box>
    <box frame="2287" outside="0" occluded="0" keyframe="1" xtl="0.00" ytl="615.20" xbr="190.50" ybr="1017.50" z_order="0">
      <attribute name="adipose clipped">No</attribute>
      <attribute name="confidence level">3</attribute>
      <attribute name="injury">No</attribute>
      <attribute name="notes">NA</attribute>
      <attribute name="sex">Female</attribute>
      <attribute name="view">Side</attribute>
    </box>
    <box frame="2288" outside="1" occluded="0" keyframe="1" xtl="0.00" ytl="616.87" xbr="68.62" ybr="1019.17" z_order="0">
      <attribute name="adipose clipped">No</attribute>
      <attribute name="confidence level">3</attribute>
      <attribute name="injury">No</attribute>
      <attribute name="notes">NA</attribute>
      <attribute name="sex">Female</attribute>
      <attribute name="view">Side</attribute>
    </box>
  </track>
</annotations>
