<?xml version="1.0" encoding="utf-8"?>
<annotations>
  <version>1.1</version>
  <meta>
    <task>
      <id>94</id>
      <name>10-06-2019 17-34-25 M Right Bank Underwater</name>
      <size>720</size>
      <mode>interpolation</mode>
      <overlap>5</overlap>
      <bugtracker></bugtracker>
      <created>2021-01-15 23:47:13.067948+00:00</created>
      <updated>2021-01-16 00:20:53.812790+00:00</updated>
      <start_frame>0</start_frame>
      <stop_frame>719</stop_frame>
      <frame_filter></frame_filter>
      <labels>
        <label>
          <name>Coho</name>
          <color>#66c893</color>
          <attributes>
            <attribute>
              <name>Adipose Clipped</name>
              <mutable>False</mutable>
              <input_type>select</input_type>
              <default_value>No</default_value>
              <values>No
Yes
NA</values>
            </attribute>
            <attribute>
              <name>Confidence Level</name>
              <mutable>False</mutable>
              <input_type>select</input_type>
              <default_value>3</default_value>
              <values>3
2
1</values>
            </attribute>
            <attribute>
              <name>Injury</name>
              <mutable>False</mutable>
              <input_type>select</input_type>
              <default_value>No</default_value>
              <values>No
Yes
NA</values>
            </attribute>
            <attribute>
              <name>Notes</name>
              <mutable>False</mutable>
              <input_type>text</input_type>
              <default_value>NA</default_value>
              <values>NA</values>
            </attribute>
            <attribute>
              <name>Sex</name>
              <mutable>False</mutable>
              <input_type>select</input_type>
              <default_value>Male</default_value>
              <values>Male
Female
Jack</values>
            </attribute>
          </attributes>
        </label>
        <label>
          <name>Pink</name>
          <color>#fa7dbb</color>
          <attributes>
            <attribute>
              <name>Adipose Clipped</name>
              <mutable>False</mutable>
              <input_type>select</input_type>
              <default_value>No</default_value>
              <values>No
Yes
NA</values>
            </attribute>
            <attribute>
              <name>Confidence Level</name>
              <mutable>False</mutable>
              <input_type>select</input_type>
              <default_value>3</default_value>
              <values>3
2
1</values>
            </attribute>
            <attribute>
              <name>Injury</name>
              <mutable>False</mutable>
              <input_type>select</input_type>
              <default_value>No</default_value>
              <values>No
Yes
NA</values>
            </attribute>
            <attribute>
              <name>Notes</name>
              <mutable>False</mutable>
              <input_type>text</input_type>
              <default_value>NA</default_value>
              <values>NA</values>
            </attribute>
            <attribute>
              <name>Sex</name>
              <mutable>False</mutable>
              <input_type>select</input_type>
              <default_value>Male</default_value>
              <values>Male
Female</values>
            </attribute>
          </attributes>
        </label>
        <label>
          <name>Bull</name>
          <color>#ff6037</color>
          <attributes>
            <attribute>
              <name>Adipose Clipped</name>
              <mutable>False</mutable>
              <input_type>select</input_type>
              <default_value>No</default_value>
              <values>No
NA</values>
            </attribute>
            <attribute>
              <name>Confidence Level</name>
              <mutable>False</mutable>
              <input_type>select</input_type>
              <default_value>3</default_value>
              <values>3
2
1</values>
            </attribute>
            <attribute>
              <name>Injury</name>
              <mutable>False</mutable>
              <input_type>select</input_type>
              <default_value>No</default_value>
              <values>No
Yes
NA</values>
            </attribute>
            <attribute>
              <name>Notes</name>
              <mutable>False</mutable>
              <input_type>text</input_type>
              <default_value>NA</default_value>
              <values>NA</values>
            </attribute>
            <attribute>
              <name>Sex</name>
              <mutable>False</mutable>
              <input_type>select</input_type>
              <default_value>NA</default_value>
              <values>NA</values>
            </attribute>
          </attributes>
        </label>
        <label>
          <name>Chum</name>
          <color>#b83df5</color>
          <attributes>
            <attribute>
              <name>Sex</name>
              <mutable>False</mutable>
              <input_type>select</input_type>
              <default_value>Male</default_value>
              <values>Male
Female</values>
            </attribute>
            <attribute>
              <name>Adipose Clipped</name>
              <mutable>False</mutable>
              <input_type>select</input_type>
              <default_value>No</default_value>
              <values>No
Yes
NA</values>
            </attribute>
            <attribute>
              <name>Injury</name>
              <mutable>False</mutable>
              <input_type>select</input_type>
              <default_value>No</default_value>
              <values>No
Yes
NA</values>
            </attribute>
            <attribute>
              <name>Confidence Level</name>
              <mutable>False</mutable>
              <input_type>select</input_type>
              <default_value>3</default_value>
              <values>3
2
1</values>
            </attribute>
            <attribute>
              <name>Notes</name>
              <mutable>False</mutable>
              <input_type>text</input_type>
              <default_value>NA</default_value>
              <values>NA</values>
            </attribute>
          </attributes>
        </label>
        <label>
          <name>Whitefish</name>
          <color>#e2f1ee</color>
          <attributes>
            <attribute>
              <name>Sex</name>
              <mutable>False</mutable>
              <input_type>select</input_type>
              <default_value>NA</default_value>
              <values>NA</values>
            </attribute>
            <attribute>
              <name>Adipose Clipped</name>
              <mutable>False</mutable>
              <input_type>select</input_type>
              <default_value>No</default_value>
              <values>No
Yes
NA</values>
            </attribute>
            <attribute>
              <name>Injury</name>
              <mutable>False</mutable>
              <input_type>select</input_type>
              <default_value>No</default_value>
              <values>No
Yes
NA</values>
            </attribute>
            <attribute>
              <name>Confidence Level</name>
              <mutable>False</mutable>
              <input_type>select</input_type>
              <default_value>3</default_value>
              <values>3
2
1</values>
            </attribute>
            <attribute>
              <name>Notes</name>
              <mutable>False</mutable>
              <input_type>text</input_type>
              <default_value>NA</default_value>
              <values>NA</values>
            </attribute>
          </attributes>
        </label>
        <label>
          <name>Sockeye</name>
          <color>#fa3253</color>
          <attributes>
            <attribute>
              <name>Sex</name>
              <mutable>False</mutable>
              <input_type>select</input_type>
              <default_value>Male</default_value>
              <values>Male
Female</values>
            </attribute>
            <attribute>
              <name>Adipose Clipped</name>
              <mutable>False</mutable>
              <input_type>select</input_type>
              <default_value>No</default_value>
              <values>No
Yes
NA</values>
            </attribute>
            <attribute>
              <name>Injury</name>
              <mutable>False</mutable>
              <input_type>select</input_type>
              <default_value>No</default_value>
              <values>No
Yes
NA</values>
            </attribute>
            <attribute>
              <name>Confidence Level</name>
              <mutable>False</mutable>
              <input_type>select</input_type>
              <default_value>3</default_value>
              <values>3
2
1</values>
            </attribute>
            <attribute>
              <name>Notes</name>
              <mutable>False</mutable>
              <input_type>text</input_type>
              <default_value>NA</default_value>
              <values>NA</values>
            </attribute>
          </attributes>
        </label>
      </labels>
      <segments>
        <segment>
          <id>94</id>
          <start>0</start>
          <stop>719</stop>
          <url>httplocalhost:8080/?id=94</url>
        </segment>
      </segments>
      <owner>
        <username>bna19</username>
        <email>bna19@sfu.ca</email>
      </owner>
      <assignee></assignee>
      <original_size>
        <width>1920</width>
        <height>1080</height>
      </original_size>
    </task>
    <dumped>2021-01-16 00:21:08.869534+00:00</dumped>
    <source>10-06-2019 17-34-25 M Right Bank Underwater.m4v</source>
  </meta>
  <track id="0" label="Coho" source="manual">
    <box frame="290" outside="0" occluded="0" keyframe="1" xtl="1.51" ytl="278.88" xbr="517.72" ybr="724.21" z_order="0">
      <attribute name="Sex">Female</attribute>
      <attribute name="Adipose Clipped">No</attribute>
      <attribute name="Injury">Yes</attribute>
      <attribute name="Confidence Level">3</attribute>
      <attribute name="Notes">Injured maxillary bone</attribute>
    </box>
    <box frame="291" outside="0" occluded="0" keyframe="0" xtl="1.13" ytl="290.43" xbr="547.39" ybr="735.76" z_order="0">
      <attribute name="Sex">Female</attribute>
      <attribute name="Adipose Clipped">No</attribute>
      <attribute name="Injury">Yes</attribute>
      <attribute name="Confidence Level">3</attribute>
      <attribute name="Notes">Injured maxillary bone</attribute>
    </box>
    <box frame="292" outside="0" occluded="0" keyframe="0" xtl="0.75" ytl="301.99" xbr="577.06" ybr="747.32" z_order="0">
      <attribute name="Sex">Female</attribute>
      <attribute name="Adipose Clipped">No</attribute>
      <attribute name="Injury">Yes</attribute>
      <attribute name="Confidence Level">3</attribute>
      <attribute name="Notes">Injured maxillary bone</attribute>
    </box>
    <box frame="293" outside="0" occluded="0" keyframe="0" xtl="0.38" ytl="313.55" xbr="606.73" ybr="758.88" z_order="0">
      <attribute name="Sex">Female</attribute>
      <attribute name="Adipose Clipped">No</attribute>
      <attribute name="Injury">Yes</attribute>
      <attribute name="Confidence Level">3</attribute>
      <attribute name="Notes">Injured maxillary bone</attribute>
    </box>
    <box frame="294" outside="0" occluded="0" keyframe="1" xtl="0.00" ytl="325.11" xbr="636.40" ybr="770.44" z_order="0">
      <attribute name="Sex">Female</attribute>
      <attribute name="Adipose Clipped">No</attribute>
      <attribute name="Injury">Yes</attribute>
      <attribute name="Confidence Level">3</attribute>
      <attribute name="Notes">Injured maxillary bone</attribute>
    </box>
    <box frame="295" outside="0" occluded="0" keyframe="0" xtl="0.00" ytl="335.58" xbr="654.90" ybr="780.91" z_order="0">
      <attribute name="Sex">Female</attribute>
      <attribute name="Adipose Clipped">No</attribute>
      <attribute name="Injury">Yes</attribute>
      <attribute name="Confidence Level">3</attribute>
      <attribute name="Notes">Injured maxillary bone</attribute>
    </box>
    <box frame="296" outside="0" occluded="0" keyframe="0" xtl="0.00" ytl="346.06" xbr="673.40" ybr="791.39" z_order="0">
      <attribute name="Sex">Female</attribute>
      <attribute name="Adipose Clipped">No</attribute>
      <attribute name="Injury">Yes</attribute>
      <attribute name="Confidence Level">3</attribute>
      <attribute name="Notes">Injured maxillary bone</attribute>
    </box>
    <box frame="297" outside="0" occluded="0" keyframe="0" xtl="0.00" ytl="356.54" xbr="691.90" ybr="801.87" z_order="0">
      <attribute name="Sex">Female</attribute>
      <attribute name="Adipose Clipped">No</attribute>
      <attribute name="Injury">Yes</attribute>
      <attribute name="Confidence Level">3</attribute>
      <attribute name="Notes">Injured maxillary bone</attribute>
    </box>
    <box frame="298" outside="0" occluded="0" keyframe="0" xtl="0.00" ytl="367.02" xbr="710.40" ybr="812.35" z_order="0">
      <attribute name="Sex">Female</attribute>
      <attribute name="Adipose Clipped">No</attribute>
      <attribute name="Injury">Yes</attribute>
      <attribute name="Confidence Level">3</attribute>
      <attribute name="Notes">Injured maxillary bone</attribute>
    </box>
    <box frame="299" outside="0" occluded="0" keyframe="1" xtl="0.00" ytl="377.50" xbr="728.90" ybr="822.83" z_order="0">
      <attribute name="Sex">Female</attribute>
      <attribute name="Adipose Clipped">No</attribute>
      <attribute name="Injury">Yes</attribute>
      <attribute name="Confidence Level">3</attribute>
      <attribute name="Notes">Injured maxillary bone</attribute>
    </box>
    <box frame="300" outside="0" occluded="0" keyframe="0" xtl="0.00" ytl="377.50" xbr="764.64" ybr="840.70" z_order="0">
      <attribute name="Sex">Female</attribute>
      <attribute name="Adipose Clipped">No</attribute>
      <attribute name="Injury">Yes</attribute>
      <attribute name="Confidence Level">3</attribute>
      <attribute name="Notes">Injured maxillary bone</attribute>
    </box>
    <box frame="301" outside="0" occluded="0" keyframe="0" xtl="0.00" ytl="377.50" xbr="800.38" ybr="858.58" z_order="0">
      <attribute name="Sex">Female</attribute>
      <attribute name="Adipose Clipped">No</attribute>
      <attribute name="Injury">Yes</attribute>
      <attribute name="Confidence Level">3</attribute>
      <attribute name="Notes">Injured maxillary bone</attribute>
    </box>
    <box frame="302" outside="0" occluded="0" keyframe="0" xtl="0.00" ytl="377.50" xbr="836.12" ybr="876.45" z_order="0">
      <attribute name="Sex">Female</attribute>
      <attribute name="Adipose Clipped">No</attribute>
      <attribute name="Injury">Yes</attribute>
      <attribute name="Confidence Level">3</attribute>
      <attribute name="Notes">Injured maxillary bone</attribute>
    </box>
    <box frame="303" outside="0" occluded="0" keyframe="0" xtl="0.00" ytl="377.50" xbr="871.86" ybr="894.33" z_order="0">
      <attribute name="Sex">Female</attribute>
      <attribute name="Adipose Clipped">No</attribute>
      <attribute name="Injury">Yes</attribute>
      <attribute name="Confidence Level">3</attribute>
      <attribute name="Notes">Injured maxillary bone</attribute>
    </box>
    <box frame="304" outside="0" occluded="0" keyframe="1" xtl="0.00" ytl="377.50" xbr="907.60" ybr="912.20" z_order="0">
      <attribute name="Sex">Female</attribute>
      <attribute name="Adipose Clipped">No</attribute>
      <attribute name="Injury">Yes</attribute>
      <attribute name="Confidence Level">3</attribute>
      <attribute name="Notes">Injured maxillary bone</attribute>
    </box>
    <box frame="305" outside="0" occluded="0" keyframe="0" xtl="0.00" ytl="374.11" xbr="937.03" ybr="908.81" z_order="0">
      <attribute name="Sex">Female</attribute>
      <attribute name="Adipose Clipped">No</attribute>
      <attribute name="Injury">Yes</attribute>
      <attribute name="Confidence Level">3</attribute>
      <attribute name="Notes">Injured maxillary bone</attribute>
    </box>
    <box frame="306" outside="0" occluded="0" keyframe="0" xtl="0.00" ytl="370.72" xbr="966.46" ybr="905.42" z_order="0">
      <attribute name="Sex">Female</attribute>
      <attribute name="Adipose Clipped">No</attribute>
      <attribute name="Injury">Yes</attribute>
      <attribute name="Confidence Level">3</attribute>
      <attribute name="Notes">Injured maxillary bone</attribute>
    </box>
    <box frame="307" outside="0" occluded="0" keyframe="0" xtl="0.00" ytl="367.33" xbr="995.89" ybr="902.03" z_order="0">
      <attribute name="Sex">Female</attribute>
      <attribute name="Adipose Clipped">No</attribute>
      <attribute name="Injury">Yes</attribute>
      <attribute name="Confidence Level">3</attribute>
      <attribute name="Notes">Injured maxillary bone</attribute>
    </box>
    <box frame="308" outside="0" occluded="0" keyframe="0" xtl="0.00" ytl="363.94" xbr="1025.32" ybr="898.64" z_order="0">
      <attribute name="Sex">Female</attribute>
      <attribute name="Adipose Clipped">No</attribute>
      <attribute name="Injury">Yes</attribute>
      <attribute name="Confidence Level">3</attribute>
      <attribute name="Notes">Injured maxillary bone</attribute>
    </box>
    <box frame="309" outside="0" occluded="0" keyframe="0" xtl="0.00" ytl="360.55" xbr="1054.75" ybr="895.25" z_order="0">
      <attribute name="Sex">Female</attribute>
      <attribute name="Adipose Clipped">No</attribute>
      <attribute name="Injury">Yes</attribute>
      <attribute name="Confidence Level">3</attribute>
      <attribute name="Notes">Injured maxillary bone</attribute>
    </box>
    <box frame="310" outside="0" occluded="0" keyframe="0" xtl="0.00" ytl="357.16" xbr="1084.18" ybr="891.86" z_order="0">
      <attribute name="Sex">Female</attribute>
      <attribute name="Adipose Clipped">No</attribute>
      <attribute name="Injury">Yes</attribute>
      <attribute name="Confidence Level">3</attribute>
      <attribute name="Notes">Injured maxillary bone</attribute>
    </box>
    <box frame="311" outside="0" occluded="0" keyframe="0" xtl="0.00" ytl="353.77" xbr="1113.61" ybr="888.47" z_order="0">
      <attribute name="Sex">Female</attribute>
      <attribute name="Adipose Clipped">No</attribute>
      <attribute name="Injury">Yes</attribute>
      <attribute name="Confidence Level">3</attribute>
      <attribute name="Notes">Injured maxillary bone</attribute>
    </box>
    <box frame="312" outside="0" occluded="0" keyframe="0" xtl="0.00" ytl="350.38" xbr="1143.04" ybr="885.08" z_order="0">
      <attribute name="Sex">Female</attribute>
      <attribute name="Adipose Clipped">No</attribute>
      <attribute name="Injury">Yes</attribute>
      <attribute name="Confidence Level">3</attribute>
      <attribute name="Notes">Injured maxillary bone</attribute>
    </box>
    <box frame="313" outside="0" occluded="0" keyframe="0" xtl="0.00" ytl="346.99" xbr="1172.47" ybr="881.69" z_order="0">
      <attribute name="Sex">Female</attribute>
      <attribute name="Adipose Clipped">No</attribute>
      <attribute name="Injury">Yes</attribute>
      <attribute name="Confidence Level">3</attribute>
      <attribute name="Notes">Injured maxillary bone</attribute>
    </box>
    <box frame="314" outside="0" occluded="0" keyframe="1" xtl="0.00" ytl="343.60" xbr="1201.90" ybr="878.30" z_order="0">
      <attribute name="Sex">Female</attribute>
      <attribute name="Adipose Clipped">No</attribute>
      <attribute name="Injury">Yes</attribute>
      <attribute name="Confidence Level">3</attribute>
      <attribute name="Notes">Injured maxillary bone</attribute>
    </box>
    <box frame="315" outside="0" occluded="0" keyframe="0" xtl="0.00" ytl="343.60" xbr="1216.85" ybr="878.30" z_order="0">
      <attribute name="Sex">Female</attribute>
      <attribute name="Adipose Clipped">No</attribute>
      <attribute name="Injury">Yes</attribute>
      <attribute name="Confidence Level">3</attribute>
      <attribute name="Notes">Injured maxillary bone</attribute>
    </box>
    <box frame="316" outside="0" occluded="0" keyframe="0" xtl="0.00" ytl="343.60" xbr="1231.80" ybr="878.30" z_order="0">
      <attribute name="Sex">Female</attribute>
      <attribute name="Adipose Clipped">No</attribute>
      <attribute name="Injury">Yes</attribute>
      <attribute name="Confidence Level">3</attribute>
      <attribute name="Notes">Injured maxillary bone</attribute>
    </box>
    <box frame="317" outside="0" occluded="0" keyframe="0" xtl="0.00" ytl="343.60" xbr="1246.75" ybr="878.30" z_order="0">
      <attribute name="Sex">Female</attribute>
      <attribute name="Adipose Clipped">No</attribute>
      <attribute name="Injury">Yes</attribute>
      <attribute name="Confidence Level">3</attribute>
      <attribute name="Notes">Injured maxillary bone</attribute>
    </box>
    <box frame="318" outside="0" occluded="0" keyframe="0" xtl="0.00" ytl="343.60" xbr="1261.70" ybr="878.30" z_order="0">
      <attribute name="Sex">Female</attribute>
      <attribute name="Adipose Clipped">No</attribute>
      <attribute name="Injury">Yes</attribute>
      <attribute name="Confidence Level">3</attribute>
      <attribute name="Notes">Injured maxillary bone</attribute>
    </box>
    <box frame="319" outside="0" occluded="0" keyframe="0" xtl="0.00" ytl="343.60" xbr="1276.65" ybr="878.30" z_order="0">
      <attribute name="Sex">Female</attribute>
      <attribute name="Adipose Clipped">No</attribute>
      <attribute name="Injury">Yes</attribute>
      <attribute name="Confidence Level">3</attribute>
      <attribute name="Notes">Injured maxillary bone</attribute>
    </box>
    <box frame="320" outside="0" occluded="0" keyframe="0" xtl="0.00" ytl="343.60" xbr="1291.60" ybr="878.30" z_order="0">
      <attribute name="Sex">Female</attribute>
      <attribute name="Adipose Clipped">No</attribute>
      <attribute name="Injury">Yes</attribute>
      <attribute name="Confidence Level">3</attribute>
      <attribute name="Notes">Injured maxillary bone</attribute>
    </box>
    <box frame="321" outside="0" occluded="0" keyframe="0" xtl="0.00" ytl="343.60" xbr="1306.55" ybr="878.30" z_order="0">
      <attribute name="Sex">Female</attribute>
      <attribute name="Adipose Clipped">No</attribute>
      <attribute name="Injury">Yes</attribute>
      <attribute name="Confidence Level">3</attribute>
      <attribute name="Notes">Injured maxillary bone</attribute>
    </box>
    <box frame="322" outside="0" occluded="0" keyframe="0" xtl="0.00" ytl="343.60" xbr="1321.50" ybr="878.30" z_order="0">
      <attribute name="Sex">Female</attribute>
      <attribute name="Adipose Clipped">No</attribute>
      <attribute name="Injury">Yes</attribute>
      <attribute name="Confidence Level">3</attribute>
      <attribute name="Notes">Injured maxillary bone</attribute>
    </box>
    <box frame="323" outside="0" occluded="0" keyframe="0" xtl="0.00" ytl="343.60" xbr="1336.45" ybr="878.30" z_order="0">
      <attribute name="Sex">Female</attribute>
      <attribute name="Adipose Clipped">No</attribute>
      <attribute name="Injury">Yes</attribute>
      <attribute name="Confidence Level">3</attribute>
      <attribute name="Notes">Injured maxillary bone</attribute>
    </box>
    <box frame="324" outside="0" occluded="0" keyframe="1" xtl="0.00" ytl="343.60" xbr="1351.40" ybr="878.30" z_order="0">
      <attribute name="Sex">Female</attribute>
      <attribute name="Adipose Clipped">No</attribute>
      <attribute name="Injury">Yes</attribute>
      <attribute name="Confidence Level">3</attribute>
      <attribute name="Notes">Injured maxillary bone</attribute>
    </box>
    <box frame="325" outside="0" occluded="0" keyframe="0" xtl="0.00" ytl="343.60" xbr="1355.08" ybr="881.81" z_order="0">
      <attribute name="Sex">Female</attribute>
      <attribute name="Adipose Clipped">No</attribute>
      <attribute name="Injury">Yes</attribute>
      <attribute name="Confidence Level">3</attribute>
      <attribute name="Notes">Injured maxillary bone</attribute>
    </box>
    <box frame="326" outside="0" occluded="0" keyframe="0" xtl="0.00" ytl="343.60" xbr="1358.77" ybr="885.32" z_order="0">
      <attribute name="Sex">Female</attribute>
      <attribute name="Adipose Clipped">No</attribute>
      <attribute name="Injury">Yes</attribute>
      <attribute name="Confidence Level">3</attribute>
      <attribute name="Notes">Injured maxillary bone</attribute>
    </box>
    <box frame="327" outside="0" occluded="0" keyframe="0" xtl="0.00" ytl="343.60" xbr="1362.45" ybr="888.83" z_order="0">
      <attribute name="Sex">Female</attribute>
      <attribute name="Adipose Clipped">No</attribute>
      <attribute name="Injury">Yes</attribute>
      <attribute name="Confidence Level">3</attribute>
      <attribute name="Notes">Injured maxillary bone</attribute>
    </box>
    <box frame="328" outside="0" occluded="0" keyframe="0" xtl="0.00" ytl="343.60" xbr="1366.13" ybr="892.34" z_order="0">
      <attribute name="Sex">Female</attribute>
      <attribute name="Adipose Clipped">No</attribute>
      <attribute name="Injury">Yes</attribute>
      <attribute name="Confidence Level">3</attribute>
      <attribute name="Notes">Injured maxillary bone</attribute>
    </box>
    <box frame="329" outside="0" occluded="0" keyframe="0" xtl="0.00" ytl="343.60" xbr="1369.82" ybr="895.86" z_order="0">
      <attribute name="Sex">Female</attribute>
      <attribute name="Adipose Clipped">No</attribute>
      <attribute name="Injury">Yes</attribute>
      <attribute name="Confidence Level">3</attribute>
      <attribute name="Notes">Injured maxillary bone</attribute>
    </box>
    <box frame="330" outside="0" occluded="0" keyframe="0" xtl="0.00" ytl="343.60" xbr="1373.50" ybr="899.37" z_order="0">
      <attribute name="Sex">Female</attribute>
      <attribute name="Adipose Clipped">No</attribute>
      <attribute name="Injury">Yes</attribute>
      <attribute name="Confidence Level">3</attribute>
      <attribute name="Notes">Injured maxillary bone</attribute>
    </box>
    <box frame="331" outside="0" occluded="0" keyframe="0" xtl="0.00" ytl="343.60" xbr="1377.18" ybr="902.88" z_order="0">
      <attribute name="Sex">Female</attribute>
      <attribute name="Adipose Clipped">No</attribute>
      <attribute name="Injury">Yes</attribute>
      <attribute name="Confidence Level">3</attribute>
      <attribute name="Notes">Injured maxillary bone</attribute>
    </box>
    <box frame="332" outside="0" occluded="0" keyframe="0" xtl="0.00" ytl="343.60" xbr="1380.87" ybr="906.39" z_order="0">
      <attribute name="Sex">Female</attribute>
      <attribute name="Adipose Clipped">No</attribute>
      <attribute name="Injury">Yes</attribute>
      <attribute name="Confidence Level">3</attribute>
      <attribute name="Notes">Injured maxillary bone</attribute>
    </box>
    <box frame="333" outside="0" occluded="0" keyframe="0" xtl="0.00" ytl="343.60" xbr="1384.55" ybr="909.90" z_order="0">
      <attribute name="Sex">Female</attribute>
      <attribute name="Adipose Clipped">No</attribute>
      <attribute name="Injury">Yes</attribute>
      <attribute name="Confidence Level">3</attribute>
      <attribute name="Notes">Injured maxillary bone</attribute>
    </box>
    <box frame="334" outside="0" occluded="0" keyframe="0" xtl="0.00" ytl="343.60" xbr="1388.23" ybr="913.41" z_order="0">
      <attribute name="Sex">Female</attribute>
      <attribute name="Adipose Clipped">No</attribute>
      <attribute name="Injury">Yes</attribute>
      <attribute name="Confidence Level">3</attribute>
      <attribute name="Notes">Injured maxillary bone</attribute>
    </box>
    <box frame="335" outside="0" occluded="0" keyframe="0" xtl="0.00" ytl="343.60" xbr="1391.92" ybr="916.92" z_order="0">
      <attribute name="Sex">Female</attribute>
      <attribute name="Adipose Clipped">No</attribute>
      <attribute name="Injury">Yes</attribute>
      <attribute name="Confidence Level">3</attribute>
      <attribute name="Notes">Injured maxillary bone</attribute>
    </box>
    <box frame="336" outside="0" occluded="0" keyframe="0" xtl="0.00" ytl="343.60" xbr="1395.60" ybr="920.43" z_order="0">
      <attribute name="Sex">Female</attribute>
      <attribute name="Adipose Clipped">No</attribute>
      <attribute name="Injury">Yes</attribute>
      <attribute name="Confidence Level">3</attribute>
      <attribute name="Notes">Injured maxillary bone</attribute>
    </box>
    <box frame="337" outside="0" occluded="0" keyframe="0" xtl="0.00" ytl="343.60" xbr="1399.28" ybr="923.94" z_order="0">
      <attribute name="Sex">Female</attribute>
      <attribute name="Adipose Clipped">No</attribute>
      <attribute name="Injury">Yes</attribute>
      <attribute name="Confidence Level">3</attribute>
      <attribute name="Notes">Injured maxillary bone</attribute>
    </box>
    <box frame="338" outside="0" occluded="0" keyframe="0" xtl="0.00" ytl="343.60" xbr="1402.97" ybr="927.46" z_order="0">
      <attribute name="Sex">Female</attribute>
      <attribute name="Adipose Clipped">No</attribute>
      <attribute name="Injury">Yes</attribute>
      <attribute name="Confidence Level">3</attribute>
      <attribute name="Notes">Injured maxillary bone</attribute>
    </box>
    <box frame="339" outside="0" occluded="0" keyframe="0" xtl="0.00" ytl="343.60" xbr="1406.65" ybr="930.97" z_order="0">
      <attribute name="Sex">Female</attribute>
      <attribute name="Adipose Clipped">No</attribute>
      <attribute name="Injury">Yes</attribute>
      <attribute name="Confidence Level">3</attribute>
      <attribute name="Notes">Injured maxillary bone</attribute>
    </box>
    <box frame="340" outside="0" occluded="0" keyframe="0" xtl="0.00" ytl="343.60" xbr="1410.33" ybr="934.48" z_order="0">
      <attribute name="Sex">Female</attribute>
      <attribute name="Adipose Clipped">No</attribute>
      <attribute name="Injury">Yes</attribute>
      <attribute name="Confidence Level">3</attribute>
      <attribute name="Notes">Injured maxillary bone</attribute>
    </box>
    <box frame="341" outside="0" occluded="0" keyframe="0" xtl="0.00" ytl="343.60" xbr="1414.02" ybr="937.99" z_order="0">
      <attribute name="Sex">Female</attribute>
      <attribute name="Adipose Clipped">No</attribute>
      <attribute name="Injury">Yes</attribute>
      <attribute name="Confidence Level">3</attribute>
      <attribute name="Notes">Injured maxillary bone</attribute>
    </box>
    <box frame="342" outside="0" occluded="0" keyframe="1" xtl="0.00" ytl="343.60" xbr="1417.70" ybr="941.50" z_order="0">
      <attribute name="Sex">Female</attribute>
      <attribute name="Adipose Clipped">No</attribute>
      <attribute name="Injury">Yes</attribute>
      <attribute name="Confidence Level">3</attribute>
      <attribute name="Notes">Injured maxillary bone</attribute>
    </box>
    <box frame="343" outside="0" occluded="0" keyframe="0" xtl="0.00" ytl="343.60" xbr="1424.94" ybr="941.50" z_order="0">
      <attribute name="Sex">Female</attribute>
      <attribute name="Adipose Clipped">No</attribute>
      <attribute name="Injury">Yes</attribute>
      <attribute name="Confidence Level">3</attribute>
      <attribute name="Notes">Injured maxillary bone</attribute>
    </box>
    <box frame="344" outside="0" occluded="0" keyframe="0" xtl="0.00" ytl="343.60" xbr="1432.18" ybr="941.50" z_order="0">
      <attribute name="Sex">Female</attribute>
      <attribute name="Adipose Clipped">No</attribute>
      <attribute name="Injury">Yes</attribute>
      <attribute name="Confidence Level">3</attribute>
      <attribute name="Notes">Injured maxillary bone</attribute>
    </box>
    <box frame="345" outside="0" occluded="0" keyframe="0" xtl="0.00" ytl="343.60" xbr="1439.42" ybr="941.50" z_order="0">
      <attribute name="Sex">Female</attribute>
      <attribute name="Adipose Clipped">No</attribute>
      <attribute name="Injury">Yes</attribute>
      <attribute name="Confidence Level">3</attribute>
      <attribute name="Notes">Injured maxillary bone</attribute>
    </box>
    <box frame="346" outside="0" occluded="0" keyframe="0" xtl="0.00" ytl="343.60" xbr="1446.66" ybr="941.50" z_order="0">
      <attribute name="Sex">Female</attribute>
      <attribute name="Adipose Clipped">No</attribute>
      <attribute name="Injury">Yes</attribute>
      <attribute name="Confidence Level">3</attribute>
      <attribute name="Notes">Injured maxillary bone</attribute>
    </box>
    <box frame="347" outside="0" occluded="0" keyframe="0" xtl="0.00" ytl="343.60" xbr="1453.90" ybr="941.50" z_order="0">
      <attribute name="Sex">Female</attribute>
      <attribute name="Adipose Clipped">No</attribute>
      <attribute name="Injury">Yes</attribute>
      <attribute name="Confidence Level">3</attribute>
      <attribute name="Notes">Injured maxillary bone</attribute>
    </box>
    <box frame="348" outside="0" occluded="0" keyframe="0" xtl="0.00" ytl="343.60" xbr="1461.14" ybr="941.50" z_order="0">
      <attribute name="Sex">Female</attribute>
      <attribute name="Adipose Clipped">No</attribute>
      <attribute name="Injury">Yes</attribute>
      <attribute name="Confidence Level">3</attribute>
      <attribute name="Notes">Injured maxillary bone</attribute>
    </box>
    <box frame="349" outside="0" occluded="0" keyframe="0" xtl="0.00" ytl="343.60" xbr="1468.38" ybr="941.50" z_order="0">
      <attribute name="Sex">Female</attribute>
      <attribute name="Adipose Clipped">No</attribute>
      <attribute name="Injury">Yes</attribute>
      <attribute name="Confidence Level">3</attribute>
      <attribute name="Notes">Injured maxillary bone</attribute>
    </box>
    <box frame="350" outside="0" occluded="0" keyframe="0" xtl="0.00" ytl="343.60" xbr="1475.62" ybr="941.50" z_order="0">
      <attribute name="Sex">Female</attribute>
      <attribute name="Adipose Clipped">No</attribute>
      <attribute name="Injury">Yes</attribute>
      <attribute name="Confidence Level">3</attribute>
      <attribute name="Notes">Injured maxillary bone</attribute>
    </box>
    <box frame="351" outside="0" occluded="0" keyframe="0" xtl="0.00" ytl="343.60" xbr="1482.86" ybr="941.50" z_order="0">
      <attribute name="Sex">Female</attribute>
      <attribute name="Adipose Clipped">No</attribute>
      <attribute name="Injury">Yes</attribute>
      <attribute name="Confidence Level">3</attribute>
      <attribute name="Notes">Injured maxillary bone</attribute>
    </box>
    <box frame="352" outside="0" occluded="0" keyframe="1" xtl="0.00" ytl="343.60" xbr="1490.10" ybr="941.50" z_order="0">
      <attribute name="Sex">Female</attribute>
      <attribute name="Adipose Clipped">No</attribute>
      <attribute name="Injury">Yes</attribute>
      <attribute name="Confidence Level">3</attribute>
      <attribute name="Notes">Injured maxillary bone</attribute>
    </box>
    <box frame="353" outside="0" occluded="0" keyframe="0" xtl="0.00" ytl="343.60" xbr="1515.41" ybr="941.50" z_order="0">
      <attribute name="Sex">Female</attribute>
      <attribute name="Adipose Clipped">No</attribute>
      <attribute name="Injury">Yes</attribute>
      <attribute name="Confidence Level">3</attribute>
      <attribute name="Notes">Injured maxillary bone</attribute>
    </box>
    <box frame="354" outside="0" occluded="0" keyframe="0" xtl="0.00" ytl="343.60" xbr="1540.73" ybr="941.50" z_order="0">
      <attribute name="Sex">Female</attribute>
      <attribute name="Adipose Clipped">No</attribute>
      <attribute name="Injury">Yes</attribute>
      <attribute name="Confidence Level">3</attribute>
      <attribute name="Notes">Injured maxillary bone</attribute>
    </box>
    <box frame="355" outside="0" occluded="0" keyframe="0" xtl="0.00" ytl="343.60" xbr="1566.04" ybr="941.50" z_order="0">
      <attribute name="Sex">Female</attribute>
      <attribute name="Adipose Clipped">No</attribute>
      <attribute name="Injury">Yes</attribute>
      <attribute name="Confidence Level">3</attribute>
      <attribute name="Notes">Injured maxillary bone</attribute>
    </box>
    <box frame="356" outside="0" occluded="0" keyframe="0" xtl="0.00" ytl="343.60" xbr="1591.36" ybr="941.50" z_order="0">
      <attribute name="Sex">Female</attribute>
      <attribute name="Adipose Clipped">No</attribute>
      <attribute name="Injury">Yes</attribute>
      <attribute name="Confidence Level">3</attribute>
      <attribute name="Notes">Injured maxillary bone</attribute>
    </box>
    <box frame="357" outside="0" occluded="0" keyframe="0" xtl="0.00" ytl="343.60" xbr="1616.67" ybr="941.50" z_order="0">
      <attribute name="Sex">Female</attribute>
      <attribute name="Adipose Clipped">No</attribute>
      <attribute name="Injury">Yes</attribute>
      <attribute name="Confidence Level">3</attribute>
      <attribute name="Notes">Injured maxillary bone</attribute>
    </box>
    <box frame="358" outside="0" occluded="0" keyframe="0" xtl="0.00" ytl="343.60" xbr="1641.99" ybr="941.50" z_order="0">
      <attribute name="Sex">Female</attribute>
      <attribute name="Adipose Clipped">No</attribute>
      <attribute name="Injury">Yes</attribute>
      <attribute name="Confidence Level">3</attribute>
      <attribute name="Notes">Injured maxillary bone</attribute>
    </box>
    <box frame="359" outside="0" occluded="0" keyframe="1" xtl="0.00" ytl="343.60" xbr="1667.30" ybr="941.50" z_order="0">
      <attribute name="Sex">Female</attribute>
      <attribute name="Adipose Clipped">No</attribute>
      <attribute name="Injury">Yes</attribute>
      <attribute name="Confidence Level">3</attribute>
      <attribute name="Notes">Injured maxillary bone</attribute>
    </box>
    <box frame="360" outside="0" occluded="0" keyframe="0" xtl="0.00" ytl="343.60" xbr="1684.50" ybr="941.50" z_order="0">
      <attribute name="Sex">Female</attribute>
      <attribute name="Adipose Clipped">No</attribute>
      <attribute name="Injury">Yes</attribute>
      <attribute name="Confidence Level">3</attribute>
      <attribute name="Notes">Injured maxillary bone</attribute>
    </box>
    <box frame="361" outside="0" occluded="0" keyframe="0" xtl="0.00" ytl="343.60" xbr="1701.70" ybr="941.50" z_order="0">
      <attribute name="Sex">Female</attribute>
      <attribute name="Adipose Clipped">No</attribute>
      <attribute name="Injury">Yes</attribute>
      <attribute name="Confidence Level">3</attribute>
      <attribute name="Notes">Injured maxillary bone</attribute>
    </box>
    <box frame="362" outside="0" occluded="0" keyframe="0" xtl="0.00" ytl="343.60" xbr="1718.90" ybr="941.50" z_order="0">
      <attribute name="Sex">Female</attribute>
      <attribute name="Adipose Clipped">No</attribute>
      <attribute name="Injury">Yes</attribute>
      <attribute name="Confidence Level">3</attribute>
      <attribute name="Notes">Injured maxillary bone</attribute>
    </box>
    <box frame="363" outside="0" occluded="0" keyframe="0" xtl="0.00" ytl="343.60" xbr="1736.10" ybr="941.50" z_order="0">
      <attribute name="Sex">Female</attribute>
      <attribute name="Adipose Clipped">No</attribute>
      <attribute name="Injury">Yes</attribute>
      <attribute name="Confidence Level">3</attribute>
      <attribute name="Notes">Injured maxillary bone</attribute>
    </box>
    <box frame="364" outside="0" occluded="0" keyframe="0" xtl="0.00" ytl="343.60" xbr="1753.30" ybr="941.50" z_order="0">
      <attribute name="Sex">Female</attribute>
      <attribute name="Adipose Clipped">No</attribute>
      <attribute name="Injury">Yes</attribute>
      <attribute name="Confidence Level">3</attribute>
      <attribute name="Notes">Injured maxillary bone</attribute>
    </box>
    <box frame="365" outside="0" occluded="0" keyframe="1" xtl="0.00" ytl="343.60" xbr="1770.50" ybr="941.50" z_order="0">
      <attribute name="Sex">Female</attribute>
      <attribute name="Adipose Clipped">No</attribute>
      <attribute name="Injury">Yes</attribute>
      <attribute name="Confidence Level">3</attribute>
      <attribute name="Notes">Injured maxillary bone</attribute>
    </box>
    <box frame="366" outside="0" occluded="0" keyframe="0" xtl="0.00" ytl="343.60" xbr="1809.80" ybr="941.50" z_order="0">
      <attribute name="Sex">Female</attribute>
      <attribute name="Adipose Clipped">No</attribute>
      <attribute name="Injury">Yes</attribute>
      <attribute name="Confidence Level">3</attribute>
      <attribute name="Notes">Injured maxillary bone</attribute>
    </box>
    <box frame="367" outside="0" occluded="0" keyframe="1" xtl="0.00" ytl="343.60" xbr="1849.10" ybr="941.50" z_order="0">
      <attribute name="Sex">Female</attribute>
      <attribute name="Adipose Clipped">No</attribute>
      <attribute name="Injury">Yes</attribute>
      <attribute name="Confidence Level">3</attribute>
      <attribute name="Notes">Injured maxillary bone</attribute>
    </box>
    <box frame="368" outside="0" occluded="0" keyframe="0" xtl="23.11" ytl="343.60" xbr="1872.21" ybr="941.50" z_order="0">
      <attribute name="Sex">Female</attribute>
      <attribute name="Adipose Clipped">No</attribute>
      <attribute name="Injury">Yes</attribute>
      <attribute name="Confidence Level">3</attribute>
      <attribute name="Notes">Injured maxillary bone</attribute>
    </box>
    <box frame="369" outside="0" occluded="0" keyframe="0" xtl="46.23" ytl="343.60" xbr="1895.33" ybr="941.50" z_order="0">
      <attribute name="Sex">Female</attribute>
      <attribute name="Adipose Clipped">No</attribute>
      <attribute name="Injury">Yes</attribute>
      <attribute name="Confidence Level">3</attribute>
      <attribute name="Notes">Injured maxillary bone</attribute>
    </box>
    <box frame="370" outside="0" occluded="0" keyframe="1" xtl="69.34" ytl="343.60" xbr="1918.44" ybr="941.50" z_order="0">
      <attribute name="Sex">Female</attribute>
      <attribute name="Adipose Clipped">No</attribute>
      <attribute name="Injury">Yes</attribute>
      <attribute name="Confidence Level">3</attribute>
      <attribute name="Notes">Injured maxillary bone</attribute>
    </box>
    <box frame="371" outside="0" occluded="0" keyframe="0" xtl="152.56" ytl="343.60" xbr="1918.44" ybr="941.50" z_order="0">
      <attribute name="Sex">Female</attribute>
      <attribute name="Adipose Clipped">No</attribute>
      <attribute name="Injury">Yes</attribute>
      <attribute name="Confidence Level">3</attribute>
      <attribute name="Notes">Injured maxillary bone</attribute>
    </box>
    <box frame="372" outside="0" occluded="0" keyframe="0" xtl="235.78" ytl="343.60" xbr="1918.44" ybr="941.50" z_order="0">
      <attribute name="Sex">Female</attribute>
      <attribute name="Adipose Clipped">No</attribute>
      <attribute name="Injury">Yes</attribute>
      <attribute name="Confidence Level">3</attribute>
      <attribute name="Notes">Injured maxillary bone</attribute>
    </box>
    <box frame="373" outside="0" occluded="0" keyframe="1" xtl="319.00" ytl="343.60" xbr="1918.44" ybr="941.50" z_order="0">
      <attribute name="Sex">Female</attribute>
      <attribute name="Adipose Clipped">No</attribute>
      <attribute name="Injury">Yes</attribute>
      <attribute name="Confidence Level">3</attribute>
      <attribute name="Notes">Injured maxillary bone</attribute>
    </box>
    <box frame="374" outside="0" occluded="0" keyframe="0" xtl="329.27" ytl="343.60" xbr="1918.44" ybr="941.50" z_order="0">
      <attribute name="Sex">Female</attribute>
      <attribute name="Adipose Clipped">No</attribute>
      <attribute name="Injury">Yes</attribute>
      <attribute name="Confidence Level">3</attribute>
      <attribute name="Notes">Injured maxillary bone</attribute>
    </box>
    <box frame="375" outside="0" occluded="0" keyframe="0" xtl="339.53" ytl="343.60" xbr="1918.44" ybr="941.50" z_order="0">
      <attribute name="Sex">Female</attribute>
      <attribute name="Adipose Clipped">No</attribute>
      <attribute name="Injury">Yes</attribute>
      <attribute name="Confidence Level">3</attribute>
      <attribute name="Notes">Injured maxillary bone</attribute>
    </box>
    <box frame="376" outside="0" occluded="0" keyframe="1" xtl="349.80" ytl="343.60" xbr="1918.44" ybr="941.50" z_order="0">
      <attribute name="Sex">Female</attribute>
      <attribute name="Adipose Clipped">No</attribute>
      <attribute name="Injury">Yes</attribute>
      <attribute name="Confidence Level">3</attribute>
      <attribute name="Notes">Injured maxillary bone</attribute>
    </box>
    <box frame="377" outside="0" occluded="0" keyframe="0" xtl="423.77" ytl="343.60" xbr="1918.44" ybr="941.50" z_order="0">
      <attribute name="Sex">Female</attribute>
      <attribute name="Adipose Clipped">No</attribute>
      <attribute name="Injury">Yes</attribute>
      <attribute name="Confidence Level">3</attribute>
      <attribute name="Notes">Injured maxillary bone</attribute>
    </box>
    <box frame="378" outside="0" occluded="0" keyframe="0" xtl="497.73" ytl="343.60" xbr="1918.44" ybr="941.50" z_order="0">
      <attribute name="Sex">Female</attribute>
      <attribute name="Adipose Clipped">No</attribute>
      <attribute name="Injury">Yes</attribute>
      <attribute name="Confidence Level">3</attribute>
      <attribute name="Notes">Injured maxillary bone</attribute>
    </box>
    <box frame="379" outside="0" occluded="0" keyframe="1" xtl="571.70" ytl="343.60" xbr="1918.44" ybr="941.50" z_order="0">
      <attribute name="Sex">Female</attribute>
      <attribute name="Adipose Clipped">No</attribute>
      <attribute name="Injury">Yes</attribute>
      <attribute name="Confidence Level">3</attribute>
      <attribute name="Notes">Injured maxillary bone</attribute>
    </box>
    <box frame="380" outside="0" occluded="0" keyframe="0" xtl="608.70" ytl="343.60" xbr="1918.44" ybr="941.50" z_order="0">
      <attribute name="Sex">Female</attribute>
      <attribute name="Adipose Clipped">No</attribute>
      <attribute name="Injury">Yes</attribute>
      <attribute name="Confidence Level">3</attribute>
      <attribute name="Notes">Injured maxillary bone</attribute>
    </box>
    <box frame="381" outside="0" occluded="0" keyframe="1" xtl="645.70" ytl="343.60" xbr="1918.44" ybr="941.50" z_order="0">
      <attribute name="Sex">Female</attribute>
      <attribute name="Adipose Clipped">No</attribute>
      <attribute name="Injury">Yes</attribute>
      <attribute name="Confidence Level">3</attribute>
      <attribute name="Notes">Injured maxillary bone</attribute>
    </box>
    <box frame="382" outside="0" occluded="0" keyframe="0" xtl="674.98" ytl="343.60" xbr="1918.44" ybr="941.50" z_order="0">
      <attribute name="Sex">Female</attribute>
      <attribute name="Adipose Clipped">No</attribute>
      <attribute name="Injury">Yes</attribute>
      <attribute name="Confidence Level">3</attribute>
      <attribute name="Notes">Injured maxillary bone</attribute>
    </box>
    <box frame="383" outside="0" occluded="0" keyframe="0" xtl="704.25" ytl="343.60" xbr="1918.44" ybr="941.50" z_order="0">
      <attribute name="Sex">Female</attribute>
      <attribute name="Adipose Clipped">No</attribute>
      <attribute name="Injury">Yes</attribute>
      <attribute name="Confidence Level">3</attribute>
      <attribute name="Notes">Injured maxillary bone</attribute>
    </box>
    <box frame="384" outside="0" occluded="0" keyframe="0" xtl="733.53" ytl="343.60" xbr="1918.44" ybr="941.50" z_order="0">
      <attribute name="Sex">Female</attribute>
      <attribute name="Adipose Clipped">No</attribute>
      <attribute name="Injury">Yes</attribute>
      <attribute name="Confidence Level">3</attribute>
      <attribute name="Notes">Injured maxillary bone</attribute>
    </box>
    <box frame="385" outside="0" occluded="0" keyframe="1" xtl="762.80" ytl="343.60" xbr="1918.44" ybr="941.50" z_order="0">
      <attribute name="Sex">Female</attribute>
      <attribute name="Adipose Clipped">No</attribute>
      <attribute name="Injury">Yes</attribute>
      <attribute name="Confidence Level">3</attribute>
      <attribute name="Notes">Injured maxillary bone</attribute>
    </box>
    <box frame="386" outside="0" occluded="0" keyframe="0" xtl="798.25" ytl="343.60" xbr="1918.44" ybr="920.30" z_order="0">
      <attribute name="Sex">Female</attribute>
      <attribute name="Adipose Clipped">No</attribute>
      <attribute name="Injury">Yes</attribute>
      <attribute name="Confidence Level">3</attribute>
      <attribute name="Notes">Injured maxillary bone</attribute>
    </box>
    <box frame="387" outside="0" occluded="0" keyframe="0" xtl="833.70" ytl="343.60" xbr="1918.44" ybr="899.10" z_order="0">
      <attribute name="Sex">Female</attribute>
      <attribute name="Adipose Clipped">No</attribute>
      <attribute name="Injury">Yes</attribute>
      <attribute name="Confidence Level">3</attribute>
      <attribute name="Notes">Injured maxillary bone</attribute>
    </box>
    <box frame="388" outside="0" occluded="0" keyframe="0" xtl="869.15" ytl="343.60" xbr="1918.44" ybr="877.90" z_order="0">
      <attribute name="Sex">Female</attribute>
      <attribute name="Adipose Clipped">No</attribute>
      <attribute name="Injury">Yes</attribute>
      <attribute name="Confidence Level">3</attribute>
      <attribute name="Notes">Injured maxillary bone</attribute>
    </box>
    <box frame="389" outside="0" occluded="0" keyframe="1" xtl="904.60" ytl="343.60" xbr="1918.44" ybr="856.70" z_order="0">
      <attribute name="Sex">Female</attribute>
      <attribute name="Adipose Clipped">No</attribute>
      <attribute name="Injury">Yes</attribute>
      <attribute name="Confidence Level">3</attribute>
      <attribute name="Notes">Injured maxillary bone</attribute>
    </box>
    <box frame="390" outside="0" occluded="0" keyframe="0" xtl="949.28" ytl="343.60" xbr="1918.44" ybr="856.70" z_order="0">
      <attribute name="Sex">Female</attribute>
      <attribute name="Adipose Clipped">No</attribute>
      <attribute name="Injury">Yes</attribute>
      <attribute name="Confidence Level">3</attribute>
      <attribute name="Notes">Injured maxillary bone</attribute>
    </box>
    <box frame="391" outside="0" occluded="0" keyframe="0" xtl="993.95" ytl="343.60" xbr="1918.44" ybr="856.70" z_order="0">
      <attribute name="Sex">Female</attribute>
      <attribute name="Adipose Clipped">No</attribute>
      <attribute name="Injury">Yes</attribute>
      <attribute name="Confidence Level">3</attribute>
      <attribute name="Notes">Injured maxillary bone</attribute>
    </box>
    <box frame="392" outside="0" occluded="0" keyframe="0" xtl="1038.63" ytl="343.60" xbr="1918.44" ybr="856.70" z_order="0">
      <attribute name="Sex">Female</attribute>
      <attribute name="Adipose Clipped">No</attribute>
      <attribute name="Injury">Yes</attribute>
      <attribute name="Confidence Level">3</attribute>
      <attribute name="Notes">Injured maxillary bone</attribute>
    </box>
    <box frame="393" outside="0" occluded="0" keyframe="1" xtl="1083.30" ytl="343.60" xbr="1918.44" ybr="856.70" z_order="0">
      <attribute name="Sex">Female</attribute>
      <attribute name="Adipose Clipped">No</attribute>
      <attribute name="Injury">Yes</attribute>
      <attribute name="Confidence Level">3</attribute>
      <attribute name="Notes">Injured maxillary bone</attribute>
    </box>
    <box frame="394" outside="0" occluded="0" keyframe="0" xtl="1117.98" ytl="343.60" xbr="1918.44" ybr="856.70" z_order="0">
      <attribute name="Sex">Female</attribute>
      <attribute name="Adipose Clipped">No</attribute>
      <attribute name="Injury">Yes</attribute>
      <attribute name="Confidence Level">3</attribute>
      <attribute name="Notes">Injured maxillary bone</attribute>
    </box>
    <box frame="395" outside="0" occluded="0" keyframe="0" xtl="1152.65" ytl="343.60" xbr="1918.44" ybr="856.70" z_order="0">
      <attribute name="Sex">Female</attribute>
      <attribute name="Adipose Clipped">No</attribute>
      <attribute name="Injury">Yes</attribute>
      <attribute name="Confidence Level">3</attribute>
      <attribute name="Notes">Injured maxillary bone</attribute>
    </box>
    <box frame="396" outside="0" occluded="0" keyframe="0" xtl="1187.33" ytl="343.60" xbr="1918.44" ybr="856.70" z_order="0">
      <attribute name="Sex">Female</attribute>
      <attribute name="Adipose Clipped">No</attribute>
      <attribute name="Injury">Yes</attribute>
      <attribute name="Confidence Level">3</attribute>
      <attribute name="Notes">Injured maxillary bone</attribute>
    </box>
    <box frame="397" outside="0" occluded="0" keyframe="1" xtl="1222.00" ytl="343.60" xbr="1918.44" ybr="856.70" z_order="0">
      <attribute name="Sex">Female</attribute>
      <attribute name="Adipose Clipped">No</attribute>
      <attribute name="Injury">Yes</attribute>
      <attribute name="Confidence Level">3</attribute>
      <attribute name="Notes">Injured maxillary bone</attribute>
    </box>
    <box frame="398" outside="0" occluded="0" keyframe="0" xtl="1270.55" ytl="343.60" xbr="1918.44" ybr="856.70" z_order="0">
      <attribute name="Sex">Female</attribute>
      <attribute name="Adipose Clipped">No</attribute>
      <attribute name="Injury">Yes</attribute>
      <attribute name="Confidence Level">3</attribute>
      <attribute name="Notes">Injured maxillary bone</attribute>
    </box>
    <box frame="399" outside="0" occluded="0" keyframe="0" xtl="1319.10" ytl="343.60" xbr="1918.44" ybr="856.70" z_order="0">
      <attribute name="Sex">Female</attribute>
      <attribute name="Adipose Clipped">No</attribute>
      <attribute name="Injury">Yes</attribute>
      <attribute name="Confidence Level">3</attribute>
      <attribute name="Notes">Injured maxillary bone</attribute>
    </box>
    <box frame="400" outside="0" occluded="0" keyframe="0" xtl="1367.65" ytl="343.60" xbr="1918.44" ybr="856.70" z_order="0">
      <attribute name="Sex">Female</attribute>
      <attribute name="Adipose Clipped">No</attribute>
      <attribute name="Injury">Yes</attribute>
      <attribute name="Confidence Level">3</attribute>
      <attribute name="Notes">Injured maxillary bone</attribute>
    </box>
    <box frame="401" outside="0" occluded="0" keyframe="1" xtl="1416.20" ytl="343.60" xbr="1918.44" ybr="856.70" z_order="0">
      <attribute name="Sex">Female</attribute>
      <attribute name="Adipose Clipped">No</attribute>
      <attribute name="Injury">Yes</attribute>
      <attribute name="Confidence Level">3</attribute>
      <attribute name="Notes">Injured maxillary bone</attribute>
    </box>
    <box frame="402" outside="0" occluded="0" keyframe="0" xtl="1478.87" ytl="343.60" xbr="1918.44" ybr="856.70" z_order="0">
      <attribute name="Sex">Female</attribute>
      <attribute name="Adipose Clipped">No</attribute>
      <attribute name="Injury">Yes</attribute>
      <attribute name="Confidence Level">3</attribute>
      <attribute name="Notes">Injured maxillary bone</attribute>
    </box>
    <box frame="403" outside="0" occluded="0" keyframe="0" xtl="1541.53" ytl="343.60" xbr="1918.44" ybr="856.70" z_order="0">
      <attribute name="Sex">Female</attribute>
      <attribute name="Adipose Clipped">No</attribute>
      <attribute name="Injury">Yes</attribute>
      <attribute name="Confidence Level">3</attribute>
      <attribute name="Notes">Injured maxillary bone</attribute>
    </box>
    <box frame="404" outside="0" occluded="0" keyframe="1" xtl="1604.20" ytl="343.60" xbr="1918.44" ybr="856.70" z_order="0">
      <attribute name="Sex">Female</attribute>
      <attribute name="Adipose Clipped">No</attribute>
      <attribute name="Injury">Yes</attribute>
      <attribute name="Confidence Level">3</attribute>
      <attribute name="Notes">Injured maxillary bone</attribute>
    </box>
    <box frame="405" outside="0" occluded="0" keyframe="0" xtl="1638.10" ytl="343.60" xbr="1918.44" ybr="856.70" z_order="0">
      <attribute name="Sex">Female</attribute>
      <attribute name="Adipose Clipped">No</attribute>
      <attribute name="Injury">Yes</attribute>
      <attribute name="Confidence Level">3</attribute>
      <attribute name="Notes">Injured maxillary bone</attribute>
    </box>
    <box frame="406" outside="0" occluded="0" keyframe="0" xtl="1672.00" ytl="343.60" xbr="1918.44" ybr="856.70" z_order="0">
      <attribute name="Sex">Female</attribute>
      <attribute name="Adipose Clipped">No</attribute>
      <attribute name="Injury">Yes</attribute>
      <attribute name="Confidence Level">3</attribute>
      <attribute name="Notes">Injured maxillary bone</attribute>
    </box>
    <box frame="407" outside="0" occluded="0" keyframe="1" xtl="1705.90" ytl="343.60" xbr="1918.44" ybr="856.70" z_order="0">
      <attribute name="Sex">Female</attribute>
      <attribute name="Adipose Clipped">No</attribute>
      <attribute name="Injury">Yes</attribute>
      <attribute name="Confidence Level">3</attribute>
      <attribute name="Notes">Injured maxillary bone</attribute>
    </box>
    <box frame="408" outside="0" occluded="0" keyframe="0" xtl="1758.30" ytl="343.60" xbr="1918.44" ybr="856.70" z_order="0">
      <attribute name="Sex">Female</attribute>
      <attribute name="Adipose Clipped">No</attribute>
      <attribute name="Injury">Yes</attribute>
      <attribute name="Confidence Level">3</attribute>
      <attribute name="Notes">Injured maxillary bone</attribute>
    </box>
    <box frame="409" outside="0" occluded="0" keyframe="0" xtl="1810.70" ytl="343.60" xbr="1918.44" ybr="856.70" z_order="0">
      <attribute name="Sex">Female</attribute>
      <attribute name="Adipose Clipped">No</attribute>
      <attribute name="Injury">Yes</attribute>
      <attribute name="Confidence Level">3</attribute>
      <attribute name="Notes">Injured maxillary bone</attribute>
    </box>
    <box frame="410" outside="0" occluded="0" keyframe="1" xtl="1863.10" ytl="343.60" xbr="1918.44" ybr="856.70" z_order="0">
      <attribute name="Sex">Female</attribute>
      <attribute name="Adipose Clipped">No</attribute>
      <attribute name="Injury">Yes</attribute>
      <attribute name="Confidence Level">3</attribute>
      <attribute name="Notes">Injured maxillary bone</attribute>
    </box>
    <box frame="411" outside="0" occluded="0" keyframe="1" xtl="1883.10" ytl="343.60" xbr="1918.44" ybr="856.70" z_order="0">
      <attribute name="Sex">Female</attribute>
      <attribute name="Adipose Clipped">No</attribute>
      <attribute name="Injury">Yes</attribute>
      <attribute name="Confidence Level">3</attribute>
      <attribute name="Notes">Injured maxillary bone</attribute>
    </box>
    <box frame="412" outside="1" occluded="0" keyframe="1" xtl="1883.10" ytl="343.60" xbr="1918.44" ybr="856.70" z_order="0">
      <attribute name="Sex">Female</attribute>
      <attribute name="Adipose Clipped">No</attribute>
      <attribute name="Injury">Yes</attribute>
      <attribute name="Confidence Level">3</attribute>
      <attribute name="Notes">Injured maxillary bone</attribute>
    </box>
  </track>
</annotations>