<?xml version="1.0" encoding="utf-8"?>
<annotations>
  <version>1.1</version>
  <meta>
    <task>
      <id>488</id>
      <name>Right Bank 2020-07-31_18_27_32_524</name>
      <size>372</size>
      <mode>interpolation</mode>
      <overlap>5</overlap>
      <bugtracker></bugtracker>
      <created>2021-03-26 04:54:05.130186+00:00</created>
      <updated>2021-03-26 07:02:36.226858+00:00</updated>
      <start_frame>0</start_frame>
      <stop_frame>371</stop_frame>
      <frame_filter></frame_filter>
      <labels>
        <label>
          <name>Coho</name>
          <color>#24b353</color>
          <attributes>
            <attribute>
              <name>Adipose Clipped</name>
              <mutable>False</mutable>
              <input_type>select</input_type>
              <default_value>No</default_value>
              <values>No
Yes
NA</values>
            </attribute>
            <attribute>
              <name>Confidence Level</name>
              <mutable>False</mutable>
              <input_type>select</input_type>
              <default_value>3</default_value>
              <values>3
2
1</values>
            </attribute>
            <attribute>
              <name>Injury</name>
              <mutable>False</mutable>
              <input_type>select</input_type>
              <default_value>No</default_value>
              <values>No
Yes
NA</values>
            </attribute>
            <attribute>
              <name>Notes</name>
              <mutable>False</mutable>
              <input_type>text</input_type>
              <default_value>NA</default_value>
              <values>NA</values>
            </attribute>
            <attribute>
              <name>Sex</name>
              <mutable>False</mutable>
              <input_type>select</input_type>
              <default_value>Male</default_value>
              <values>Male
Female
Jack</values>
            </attribute>
          </attributes>
        </label>
        <label>
          <name>Bull</name>
          <color>#ff6037</color>
          <attributes>
            <attribute>
              <name>Adipose Clipped</name>
              <mutable>False</mutable>
              <input_type>select</input_type>
              <default_value>No</default_value>
              <values>No
NA</values>
            </attribute>
            <attribute>
              <name>Confidence Level</name>
              <mutable>False</mutable>
              <input_type>select</input_type>
              <default_value>3</default_value>
              <values>3
2
1</values>
            </attribute>
            <attribute>
              <name>Injury</name>
              <mutable>False</mutable>
              <input_type>select</input_type>
              <default_value>No</default_value>
              <values>No
Yes
NA</values>
            </attribute>
            <attribute>
              <name>Notes</name>
              <mutable>False</mutable>
              <input_type>text</input_type>
              <default_value>NA</default_value>
              <values>NA</values>
            </attribute>
            <attribute>
              <name>Sex</name>
              <mutable>False</mutable>
              <input_type>select</input_type>
              <default_value>NA</default_value>
              <values>NA</values>
            </attribute>
          </attributes>
        </label>
        <label>
          <name>Chum</name>
          <color>#b83df5</color>
          <attributes>
            <attribute>
              <name>Adipose Clipped</name>
              <mutable>False</mutable>
              <input_type>select</input_type>
              <default_value>No</default_value>
              <values>No
Yes
NA</values>
            </attribute>
            <attribute>
              <name>Confidence Level</name>
              <mutable>False</mutable>
              <input_type>select</input_type>
              <default_value>3</default_value>
              <values>3
2
1</values>
            </attribute>
            <attribute>
              <name>Injury</name>
              <mutable>False</mutable>
              <input_type>select</input_type>
              <default_value>No</default_value>
              <values>No
Yes
NA</values>
            </attribute>
            <attribute>
              <name>Notes</name>
              <mutable>False</mutable>
              <input_type>text</input_type>
              <default_value>NA</default_value>
              <values>NA</values>
            </attribute>
            <attribute>
              <name>Sex</name>
              <mutable>False</mutable>
              <input_type>select</input_type>
              <default_value>Male</default_value>
              <values>Male
Female</values>
            </attribute>
          </attributes>
        </label>
        <label>
          <name>Whitefish</name>
          <color>#e5e5f3</color>
          <attributes>
            <attribute>
              <name>Confidence Level</name>
              <mutable>False</mutable>
              <input_type>select</input_type>
              <default_value>3</default_value>
              <values>3
2
1</values>
            </attribute>
            <attribute>
              <name>Injury</name>
              <mutable>False</mutable>
              <input_type>select</input_type>
              <default_value>No</default_value>
              <values>No
Yes
NA</values>
            </attribute>
            <attribute>
              <name>Notes</name>
              <mutable>False</mutable>
              <input_type>text</input_type>
              <default_value>NA</default_value>
              <values>NA</values>
            </attribute>
            <attribute>
              <name>Sex</name>
              <mutable>False</mutable>
              <input_type>select</input_type>
              <default_value>NA</default_value>
              <values>NA</values>
            </attribute>
            <attribute>
              <name>Adipose Clipped</name>
              <mutable>False</mutable>
              <input_type>select</input_type>
              <default_value>No</default_value>
              <values>No
Yes
NA</values>
            </attribute>
          </attributes>
        </label>
        <label>
          <name>Pink</name>
          <color>#fa7dbb</color>
          <attributes>
            <attribute>
              <name>Adipose Clipped</name>
              <mutable>False</mutable>
              <input_type>select</input_type>
              <default_value>No</default_value>
              <values>No
Yes
NA</values>
            </attribute>
            <attribute>
              <name>Confidence Level</name>
              <mutable>False</mutable>
              <input_type>select</input_type>
              <default_value>3</default_value>
              <values>3
2
1</values>
            </attribute>
            <attribute>
              <name>Injury</name>
              <mutable>False</mutable>
              <input_type>select</input_type>
              <default_value>No</default_value>
              <values>No
Yes
NA</values>
            </attribute>
            <attribute>
              <name>Notes</name>
              <mutable>False</mutable>
              <input_type>text</input_type>
              <default_value>NA</default_value>
              <values>NA</values>
            </attribute>
            <attribute>
              <name>Sex</name>
              <mutable>False</mutable>
              <input_type>select</input_type>
              <default_value>Male</default_value>
              <values>Male
Female
NA</values>
            </attribute>
          </attributes>
        </label>
        <label>
          <name>Sockeye</name>
          <color>#fa3253</color>
          <attributes>
            <attribute>
              <name>Adipose Clipped</name>
              <mutable>False</mutable>
              <input_type>select</input_type>
              <default_value>No</default_value>
              <values>No
Yes
NA</values>
            </attribute>
            <attribute>
              <name>Confidence Level</name>
              <mutable>False</mutable>
              <input_type>select</input_type>
              <default_value>3</default_value>
              <values>3
2
1</values>
            </attribute>
            <attribute>
              <name>Injury</name>
              <mutable>False</mutable>
              <input_type>select</input_type>
              <default_value>No</default_value>
              <values>No
Yes
NA</values>
            </attribute>
            <attribute>
              <name>Notes</name>
              <mutable>False</mutable>
              <input_type>text</input_type>
              <default_value>NA</default_value>
              <values>NA</values>
            </attribute>
            <attribute>
              <name>Sex</name>
              <mutable>False</mutable>
              <input_type>select</input_type>
              <default_value>Male</default_value>
              <values>Male
Female</values>
            </attribute>
          </attributes>
        </label>
        <label>
          <name>Rainbow</name>
          <color>#ff00cc</color>
          <attributes>
            <attribute>
              <name>Adipose Clipped</name>
              <mutable>False</mutable>
              <input_type>select</input_type>
              <default_value>No</default_value>
              <values>No
Yes
NA</values>
            </attribute>
            <attribute>
              <name>Confidence Level</name>
              <mutable>False</mutable>
              <input_type>select</input_type>
              <default_value>3</default_value>
              <values>3
2
1</values>
            </attribute>
            <attribute>
              <name>Injury</name>
              <mutable>False</mutable>
              <input_type>select</input_type>
              <default_value>No</default_value>
              <values>No
Yes
NA</values>
            </attribute>
            <attribute>
              <name>Notes</name>
              <mutable>False</mutable>
              <input_type>text</input_type>
              <default_value>NA</default_value>
              <values>NA</values>
            </attribute>
            <attribute>
              <name>Sex</name>
              <mutable>False</mutable>
              <input_type>select</input_type>
              <default_value>NA</default_value>
              <values>NA
Juvenile</values>
            </attribute>
          </attributes>
        </label>
        <label>
          <name>Steelhead</name>
          <color>#66ff66</color>
          <attributes>
            <attribute>
              <name>Adipose Clipped</name>
              <mutable>False</mutable>
              <input_type>select</input_type>
              <default_value>No</default_value>
              <values>No
Yes
NA</values>
            </attribute>
            <attribute>
              <name>Confidence Level</name>
              <mutable>False</mutable>
              <input_type>select</input_type>
              <default_value>3</default_value>
              <values>3
2
1</values>
            </attribute>
            <attribute>
              <name>Injury</name>
              <mutable>False</mutable>
              <input_type>select</input_type>
              <default_value>No</default_value>
              <values>No
Yes
NA</values>
            </attribute>
            <attribute>
              <name>Notes</name>
              <mutable>False</mutable>
              <input_type>select</input_type>
              <default_value>NA</default_value>
              <values>NA</values>
            </attribute>
            <attribute>
              <name>Sex</name>
              <mutable>False</mutable>
              <input_type>select</input_type>
              <default_value>Male</default_value>
              <values>Male
Female</values>
            </attribute>
          </attributes>
        </label>
        <label>
          <name>Chinook</name>
          <color>#cc3366</color>
          <attributes>
            <attribute>
              <name>Adipose Clipped</name>
              <mutable>False</mutable>
              <input_type>select</input_type>
              <default_value>No</default_value>
              <values>No
Yes
NA</values>
            </attribute>
            <attribute>
              <name>Confidence Level</name>
              <mutable>False</mutable>
              <input_type>select</input_type>
              <default_value>3</default_value>
              <values>3
2
1</values>
            </attribute>
            <attribute>
              <name>Injury</name>
              <mutable>False</mutable>
              <input_type>select</input_type>
              <default_value>No</default_value>
              <values>No
Yes
NA</values>
            </attribute>
            <attribute>
              <name>Notes</name>
              <mutable>False</mutable>
              <input_type>text</input_type>
              <default_value>NA</default_value>
              <values>NA</values>
            </attribute>
            <attribute>
              <name>Sex</name>
              <mutable>False</mutable>
              <input_type>select</input_type>
              <default_value>Male</default_value>
              <values>Male
Female
Jack</values>
            </attribute>
          </attributes>
        </label>
        <label>
          <name>Pikeminnow</name>
          <color>#cc9933</color>
          <attributes>
          </attributes>
        </label>
      </labels>
      <segments>
        <segment>
          <id>444</id>
          <start>0</start>
          <stop>371</stop>
          <url>httplocalhost:8080/?id=444</url>
        </segment>
      </segments>
      <owner>
        <username>bna19</username>
        <email>bna19@sfu.ca</email>
      </owner>
      <assignee></assignee>
      <original_size>
        <width>1280</width>
        <height>720</height>
      </original_size>
    </task>
    <dumped>2021-03-26 07:02:44.256361+00:00</dumped>
    <source>Right Bank 2020-07-31_18_27_32_524.asf</source>
  </meta>
  <track id="0" label="Chinook" source="manual">
    <box frame="64" outside="0" occluded="0" keyframe="1" xtl="1.25" ytl="130.00" xbr="171.25" ybr="313.75" z_order="0">
      <attribute name="Sex">Male</attribute>
      <attribute name="Adipose Clipped">No</attribute>
      <attribute name="Injury">Yes</attribute>
      <attribute name="Confidence Level">3</attribute>
      <attribute name="Notes">Torn tail</attribute>
    </box>
    <box frame="65" outside="0" occluded="0" keyframe="0" xtl="1.25" ytl="130.00" xbr="182.66" ybr="319.68" z_order="0">
      <attribute name="Sex">Male</attribute>
      <attribute name="Adipose Clipped">No</attribute>
      <attribute name="Injury">Yes</attribute>
      <attribute name="Confidence Level">3</attribute>
      <attribute name="Notes">Torn tail</attribute>
    </box>
    <box frame="66" outside="0" occluded="0" keyframe="0" xtl="1.25" ytl="130.00" xbr="194.06" ybr="325.61" z_order="0">
      <attribute name="Sex">Male</attribute>
      <attribute name="Adipose Clipped">No</attribute>
      <attribute name="Injury">Yes</attribute>
      <attribute name="Confidence Level">3</attribute>
      <attribute name="Notes">Torn tail</attribute>
    </box>
    <box frame="67" outside="0" occluded="0" keyframe="0" xtl="1.25" ytl="130.00" xbr="205.47" ybr="331.54" z_order="0">
      <attribute name="Sex">Male</attribute>
      <attribute name="Adipose Clipped">No</attribute>
      <attribute name="Injury">Yes</attribute>
      <attribute name="Confidence Level">3</attribute>
      <attribute name="Notes">Torn tail</attribute>
    </box>
    <box frame="68" outside="0" occluded="0" keyframe="0" xtl="1.25" ytl="130.00" xbr="216.88" ybr="337.48" z_order="0">
      <attribute name="Sex">Male</attribute>
      <attribute name="Adipose Clipped">No</attribute>
      <attribute name="Injury">Yes</attribute>
      <attribute name="Confidence Level">3</attribute>
      <attribute name="Notes">Torn tail</attribute>
    </box>
    <box frame="69" outside="0" occluded="0" keyframe="0" xtl="1.25" ytl="130.00" xbr="228.28" ybr="343.41" z_order="0">
      <attribute name="Sex">Male</attribute>
      <attribute name="Adipose Clipped">No</attribute>
      <attribute name="Injury">Yes</attribute>
      <attribute name="Confidence Level">3</attribute>
      <attribute name="Notes">Torn tail</attribute>
    </box>
    <box frame="70" outside="0" occluded="0" keyframe="0" xtl="1.25" ytl="130.00" xbr="239.69" ybr="349.34" z_order="0">
      <attribute name="Sex">Male</attribute>
      <attribute name="Adipose Clipped">No</attribute>
      <attribute name="Injury">Yes</attribute>
      <attribute name="Confidence Level">3</attribute>
      <attribute name="Notes">Torn tail</attribute>
    </box>
    <box frame="71" outside="0" occluded="0" keyframe="0" xtl="1.25" ytl="130.00" xbr="251.09" ybr="355.27" z_order="0">
      <attribute name="Sex">Male</attribute>
      <attribute name="Adipose Clipped">No</attribute>
      <attribute name="Injury">Yes</attribute>
      <attribute name="Confidence Level">3</attribute>
      <attribute name="Notes">Torn tail</attribute>
    </box>
    <box frame="72" outside="0" occluded="0" keyframe="1" xtl="1.25" ytl="130.00" xbr="262.50" ybr="361.20" z_order="0">
      <attribute name="Sex">Male</attribute>
      <attribute name="Adipose Clipped">No</attribute>
      <attribute name="Injury">Yes</attribute>
      <attribute name="Confidence Level">3</attribute>
      <attribute name="Notes">Torn tail</attribute>
    </box>
    <box frame="73" outside="0" occluded="0" keyframe="0" xtl="1.25" ytl="124.58" xbr="271.67" ybr="361.20" z_order="0">
      <attribute name="Sex">Male</attribute>
      <attribute name="Adipose Clipped">No</attribute>
      <attribute name="Injury">Yes</attribute>
      <attribute name="Confidence Level">3</attribute>
      <attribute name="Notes">Torn tail</attribute>
    </box>
    <box frame="74" outside="0" occluded="0" keyframe="0" xtl="1.25" ytl="119.17" xbr="280.83" ybr="361.20" z_order="0">
      <attribute name="Sex">Male</attribute>
      <attribute name="Adipose Clipped">No</attribute>
      <attribute name="Injury">Yes</attribute>
      <attribute name="Confidence Level">3</attribute>
      <attribute name="Notes">Torn tail</attribute>
    </box>
    <box frame="75" outside="0" occluded="0" keyframe="0" xtl="1.25" ytl="113.75" xbr="290.00" ybr="361.20" z_order="0">
      <attribute name="Sex">Male</attribute>
      <attribute name="Adipose Clipped">No</attribute>
      <attribute name="Injury">Yes</attribute>
      <attribute name="Confidence Level">3</attribute>
      <attribute name="Notes">Torn tail</attribute>
    </box>
    <box frame="76" outside="0" occluded="0" keyframe="0" xtl="1.25" ytl="108.33" xbr="299.17" ybr="361.20" z_order="0">
      <attribute name="Sex">Male</attribute>
      <attribute name="Adipose Clipped">No</attribute>
      <attribute name="Injury">Yes</attribute>
      <attribute name="Confidence Level">3</attribute>
      <attribute name="Notes">Torn tail</attribute>
    </box>
    <box frame="77" outside="0" occluded="0" keyframe="0" xtl="1.25" ytl="102.92" xbr="308.33" ybr="361.20" z_order="0">
      <attribute name="Sex">Male</attribute>
      <attribute name="Adipose Clipped">No</attribute>
      <attribute name="Injury">Yes</attribute>
      <attribute name="Confidence Level">3</attribute>
      <attribute name="Notes">Torn tail</attribute>
    </box>
    <box frame="78" outside="0" occluded="0" keyframe="1" xtl="1.25" ytl="97.50" xbr="317.50" ybr="361.20" z_order="0">
      <attribute name="Sex">Male</attribute>
      <attribute name="Adipose Clipped">No</attribute>
      <attribute name="Injury">Yes</attribute>
      <attribute name="Confidence Level">3</attribute>
      <attribute name="Notes">Torn tail</attribute>
    </box>
    <box frame="79" outside="0" occluded="0" keyframe="0" xtl="1.25" ytl="93.73" xbr="338.33" ybr="361.20" z_order="0">
      <attribute name="Sex">Male</attribute>
      <attribute name="Adipose Clipped">No</attribute>
      <attribute name="Injury">Yes</attribute>
      <attribute name="Confidence Level">3</attribute>
      <attribute name="Notes">Torn tail</attribute>
    </box>
    <box frame="80" outside="0" occluded="0" keyframe="0" xtl="1.25" ytl="89.97" xbr="359.17" ybr="361.20" z_order="0">
      <attribute name="Sex">Male</attribute>
      <attribute name="Adipose Clipped">No</attribute>
      <attribute name="Injury">Yes</attribute>
      <attribute name="Confidence Level">3</attribute>
      <attribute name="Notes">Torn tail</attribute>
    </box>
    <box frame="81" outside="0" occluded="0" keyframe="1" xtl="1.25" ytl="86.20" xbr="380.00" ybr="361.20" z_order="0">
      <attribute name="Sex">Male</attribute>
      <attribute name="Adipose Clipped">No</attribute>
      <attribute name="Injury">Yes</attribute>
      <attribute name="Confidence Level">3</attribute>
      <attribute name="Notes">Torn tail</attribute>
    </box>
    <box frame="82" outside="0" occluded="0" keyframe="0" xtl="1.25" ytl="76.20" xbr="416.25" ybr="361.20" z_order="0">
      <attribute name="Sex">Male</attribute>
      <attribute name="Adipose Clipped">No</attribute>
      <attribute name="Injury">Yes</attribute>
      <attribute name="Confidence Level">3</attribute>
      <attribute name="Notes">Torn tail</attribute>
    </box>
    <box frame="83" outside="0" occluded="0" keyframe="1" xtl="1.25" ytl="66.20" xbr="452.50" ybr="361.20" z_order="0">
      <attribute name="Sex">Male</attribute>
      <attribute name="Adipose Clipped">No</attribute>
      <attribute name="Injury">Yes</attribute>
      <attribute name="Confidence Level">3</attribute>
      <attribute name="Notes">Torn tail</attribute>
    </box>
    <box frame="84" outside="0" occluded="0" keyframe="0" xtl="1.25" ytl="65.80" xbr="472.07" ybr="361.20" z_order="0">
      <attribute name="Sex">Male</attribute>
      <attribute name="Adipose Clipped">No</attribute>
      <attribute name="Injury">Yes</attribute>
      <attribute name="Confidence Level">3</attribute>
      <attribute name="Notes">Torn tail</attribute>
    </box>
    <box frame="85" outside="0" occluded="0" keyframe="0" xtl="1.25" ytl="65.40" xbr="491.63" ybr="361.20" z_order="0">
      <attribute name="Sex">Male</attribute>
      <attribute name="Adipose Clipped">No</attribute>
      <attribute name="Injury">Yes</attribute>
      <attribute name="Confidence Level">3</attribute>
      <attribute name="Notes">Torn tail</attribute>
    </box>
    <box frame="86" outside="0" occluded="0" keyframe="1" xtl="1.25" ytl="65.00" xbr="511.20" ybr="361.20" z_order="0">
      <attribute name="Sex">Male</attribute>
      <attribute name="Adipose Clipped">No</attribute>
      <attribute name="Injury">Yes</attribute>
      <attribute name="Confidence Level">3</attribute>
      <attribute name="Notes">Torn tail</attribute>
    </box>
    <box frame="87" outside="0" occluded="0" keyframe="0" xtl="1.25" ytl="62.50" xbr="551.20" ybr="361.20" z_order="0">
      <attribute name="Sex">Male</attribute>
      <attribute name="Adipose Clipped">No</attribute>
      <attribute name="Injury">Yes</attribute>
      <attribute name="Confidence Level">3</attribute>
      <attribute name="Notes">Torn tail</attribute>
    </box>
    <box frame="88" outside="0" occluded="0" keyframe="1" xtl="1.25" ytl="60.00" xbr="591.20" ybr="361.20" z_order="0">
      <attribute name="Sex">Male</attribute>
      <attribute name="Adipose Clipped">No</attribute>
      <attribute name="Injury">Yes</attribute>
      <attribute name="Confidence Level">3</attribute>
      <attribute name="Notes">Torn tail</attribute>
    </box>
    <box frame="89" outside="0" occluded="0" keyframe="0" xtl="1.25" ytl="60.00" xbr="618.10" ybr="361.20" z_order="0">
      <attribute name="Sex">Male</attribute>
      <attribute name="Adipose Clipped">No</attribute>
      <attribute name="Injury">Yes</attribute>
      <attribute name="Confidence Level">3</attribute>
      <attribute name="Notes">Torn tail</attribute>
    </box>
    <box frame="90" outside="0" occluded="0" keyframe="1" xtl="1.25" ytl="60.00" xbr="645.00" ybr="361.20" z_order="0">
      <attribute name="Sex">Male</attribute>
      <attribute name="Adipose Clipped">No</attribute>
      <attribute name="Injury">Yes</attribute>
      <attribute name="Confidence Level">3</attribute>
      <attribute name="Notes">Torn tail</attribute>
    </box>
    <box frame="91" outside="0" occluded="0" keyframe="0" xtl="1.25" ytl="60.00" xbr="681.25" ybr="370.60" z_order="0">
      <attribute name="Sex">Male</attribute>
      <attribute name="Adipose Clipped">No</attribute>
      <attribute name="Injury">Yes</attribute>
      <attribute name="Confidence Level">3</attribute>
      <attribute name="Notes">Torn tail</attribute>
    </box>
    <box frame="92" outside="0" occluded="0" keyframe="1" xtl="1.25" ytl="60.00" xbr="717.50" ybr="380.00" z_order="0">
      <attribute name="Sex">Male</attribute>
      <attribute name="Adipose Clipped">No</attribute>
      <attribute name="Injury">Yes</attribute>
      <attribute name="Confidence Level">3</attribute>
      <attribute name="Notes">Torn tail</attribute>
    </box>
    <box frame="93" outside="0" occluded="0" keyframe="0" xtl="1.25" ytl="60.00" xbr="757.50" ybr="389.35" z_order="0">
      <attribute name="Sex">Male</attribute>
      <attribute name="Adipose Clipped">No</attribute>
      <attribute name="Injury">Yes</attribute>
      <attribute name="Confidence Level">3</attribute>
      <attribute name="Notes">Torn tail</attribute>
    </box>
    <box frame="94" outside="0" occluded="0" keyframe="1" xtl="1.25" ytl="60.00" xbr="797.50" ybr="398.70" z_order="0">
      <attribute name="Sex">Male</attribute>
      <attribute name="Adipose Clipped">No</attribute>
      <attribute name="Injury">Yes</attribute>
      <attribute name="Confidence Level">3</attribute>
      <attribute name="Notes">Torn tail</attribute>
    </box>
    <box frame="95" outside="0" occluded="0" keyframe="0" xtl="1.25" ytl="60.00" xbr="811.85" ybr="401.20" z_order="0">
      <attribute name="Sex">Male</attribute>
      <attribute name="Adipose Clipped">No</attribute>
      <attribute name="Injury">Yes</attribute>
      <attribute name="Confidence Level">3</attribute>
      <attribute name="Notes">Torn tail</attribute>
    </box>
    <box frame="96" outside="0" occluded="0" keyframe="1" xtl="1.25" ytl="60.00" xbr="826.20" ybr="403.70" z_order="0">
      <attribute name="Sex">Male</attribute>
      <attribute name="Adipose Clipped">No</attribute>
      <attribute name="Injury">Yes</attribute>
      <attribute name="Confidence Level">3</attribute>
      <attribute name="Notes">Torn tail</attribute>
    </box>
    <box frame="97" outside="0" occluded="0" keyframe="0" xtl="1.25" ytl="60.00" xbr="863.70" ybr="403.70" z_order="0">
      <attribute name="Sex">Male</attribute>
      <attribute name="Adipose Clipped">No</attribute>
      <attribute name="Injury">Yes</attribute>
      <attribute name="Confidence Level">3</attribute>
      <attribute name="Notes">Torn tail</attribute>
    </box>
    <box frame="98" outside="0" occluded="0" keyframe="1" xtl="1.25" ytl="60.00" xbr="901.20" ybr="403.70" z_order="0">
      <attribute name="Sex">Male</attribute>
      <attribute name="Adipose Clipped">No</attribute>
      <attribute name="Injury">Yes</attribute>
      <attribute name="Confidence Level">3</attribute>
      <attribute name="Notes">Torn tail</attribute>
    </box>
    <box frame="99" outside="0" occluded="0" keyframe="0" xtl="1.25" ytl="60.00" xbr="924.35" ybr="403.70" z_order="0">
      <attribute name="Sex">Male</attribute>
      <attribute name="Adipose Clipped">No</attribute>
      <attribute name="Injury">Yes</attribute>
      <attribute name="Confidence Level">3</attribute>
      <attribute name="Notes">Torn tail</attribute>
    </box>
    <box frame="100" outside="0" occluded="0" keyframe="1" xtl="1.25" ytl="60.00" xbr="947.50" ybr="403.70" z_order="0">
      <attribute name="Sex">Male</attribute>
      <attribute name="Adipose Clipped">No</attribute>
      <attribute name="Injury">Yes</attribute>
      <attribute name="Confidence Level">3</attribute>
      <attribute name="Notes">Torn tail</attribute>
    </box>
    <box frame="101" outside="0" occluded="0" keyframe="0" xtl="1.25" ytl="60.00" xbr="988.10" ybr="403.70" z_order="0">
      <attribute name="Sex">Male</attribute>
      <attribute name="Adipose Clipped">No</attribute>
      <attribute name="Injury">Yes</attribute>
      <attribute name="Confidence Level">3</attribute>
      <attribute name="Notes">Torn tail</attribute>
    </box>
    <box frame="102" outside="0" occluded="0" keyframe="1" xtl="1.25" ytl="60.00" xbr="1028.70" ybr="403.70" z_order="0">
      <attribute name="Sex">Male</attribute>
      <attribute name="Adipose Clipped">No</attribute>
      <attribute name="Injury">Yes</attribute>
      <attribute name="Confidence Level">3</attribute>
      <attribute name="Notes">Torn tail</attribute>
    </box>
    <box frame="103" outside="0" occluded="0" keyframe="0" xtl="1.25" ytl="66.23" xbr="1042.43" ybr="403.70" z_order="0">
      <attribute name="Sex">Male</attribute>
      <attribute name="Adipose Clipped">No</attribute>
      <attribute name="Injury">Yes</attribute>
      <attribute name="Confidence Level">3</attribute>
      <attribute name="Notes">Torn tail</attribute>
    </box>
    <box frame="104" outside="0" occluded="0" keyframe="0" xtl="1.25" ytl="72.47" xbr="1056.17" ybr="403.70" z_order="0">
      <attribute name="Sex">Male</attribute>
      <attribute name="Adipose Clipped">No</attribute>
      <attribute name="Injury">Yes</attribute>
      <attribute name="Confidence Level">3</attribute>
      <attribute name="Notes">Torn tail</attribute>
    </box>
    <box frame="105" outside="0" occluded="0" keyframe="1" xtl="1.25" ytl="78.70" xbr="1069.90" ybr="403.70" z_order="0">
      <attribute name="Sex">Male</attribute>
      <attribute name="Adipose Clipped">No</attribute>
      <attribute name="Injury">Yes</attribute>
      <attribute name="Confidence Level">3</attribute>
      <attribute name="Notes">Torn tail</attribute>
    </box>
    <box frame="106" outside="0" occluded="0" keyframe="0" xtl="1.25" ytl="91.85" xbr="1104.25" ybr="403.70" z_order="0">
      <attribute name="Sex">Male</attribute>
      <attribute name="Adipose Clipped">No</attribute>
      <attribute name="Injury">Yes</attribute>
      <attribute name="Confidence Level">3</attribute>
      <attribute name="Notes">Torn tail</attribute>
    </box>
    <box frame="107" outside="0" occluded="0" keyframe="1" xtl="1.25" ytl="105.00" xbr="1138.60" ybr="403.70" z_order="0">
      <attribute name="Sex">Male</attribute>
      <attribute name="Adipose Clipped">No</attribute>
      <attribute name="Injury">Yes</attribute>
      <attribute name="Confidence Level">3</attribute>
      <attribute name="Notes">Torn tail</attribute>
    </box>
    <box frame="108" outside="0" occluded="0" keyframe="0" xtl="1.25" ytl="105.00" xbr="1146.70" ybr="403.70" z_order="0">
      <attribute name="Sex">Male</attribute>
      <attribute name="Adipose Clipped">No</attribute>
      <attribute name="Injury">Yes</attribute>
      <attribute name="Confidence Level">3</attribute>
      <attribute name="Notes">Torn tail</attribute>
    </box>
    <box frame="109" outside="0" occluded="0" keyframe="1" xtl="1.25" ytl="105.00" xbr="1154.80" ybr="403.70" z_order="0">
      <attribute name="Sex">Male</attribute>
      <attribute name="Adipose Clipped">No</attribute>
      <attribute name="Injury">Yes</attribute>
      <attribute name="Confidence Level">3</attribute>
      <attribute name="Notes">Torn tail</attribute>
    </box>
    <box frame="110" outside="0" occluded="0" keyframe="0" xtl="1.25" ytl="105.00" xbr="1172.30" ybr="403.70" z_order="0">
      <attribute name="Sex">Male</attribute>
      <attribute name="Adipose Clipped">No</attribute>
      <attribute name="Injury">Yes</attribute>
      <attribute name="Confidence Level">3</attribute>
      <attribute name="Notes">Torn tail</attribute>
    </box>
    <box frame="111" outside="0" occluded="0" keyframe="1" xtl="1.25" ytl="105.00" xbr="1189.80" ybr="403.70" z_order="0">
      <attribute name="Sex">Male</attribute>
      <attribute name="Adipose Clipped">No</attribute>
      <attribute name="Injury">Yes</attribute>
      <attribute name="Confidence Level">3</attribute>
      <attribute name="Notes">Torn tail</attribute>
    </box>
    <box frame="112" outside="0" occluded="0" keyframe="0" xtl="1.25" ytl="104.35" xbr="1207.30" ybr="403.70" z_order="0">
      <attribute name="Sex">Male</attribute>
      <attribute name="Adipose Clipped">No</attribute>
      <attribute name="Injury">Yes</attribute>
      <attribute name="Confidence Level">3</attribute>
      <attribute name="Notes">Torn tail</attribute>
    </box>
    <box frame="113" outside="0" occluded="0" keyframe="1" xtl="1.25" ytl="103.70" xbr="1224.80" ybr="403.70" z_order="0">
      <attribute name="Sex">Male</attribute>
      <attribute name="Adipose Clipped">No</attribute>
      <attribute name="Injury">Yes</attribute>
      <attribute name="Confidence Level">3</attribute>
      <attribute name="Notes">Torn tail</attribute>
    </box>
    <box frame="114" outside="0" occluded="0" keyframe="0" xtl="1.25" ytl="103.70" xbr="1238.55" ybr="403.70" z_order="0">
      <attribute name="Sex">Male</attribute>
      <attribute name="Adipose Clipped">No</attribute>
      <attribute name="Injury">Yes</attribute>
      <attribute name="Confidence Level">3</attribute>
      <attribute name="Notes">Torn tail</attribute>
    </box>
    <box frame="115" outside="0" occluded="0" keyframe="1" xtl="1.25" ytl="103.70" xbr="1252.30" ybr="403.70" z_order="0">
      <attribute name="Sex">Male</attribute>
      <attribute name="Adipose Clipped">No</attribute>
      <attribute name="Injury">Yes</attribute>
      <attribute name="Confidence Level">3</attribute>
      <attribute name="Notes">Torn tail</attribute>
    </box>
    <box frame="116" outside="0" occluded="0" keyframe="0" xtl="1.25" ytl="101.85" xbr="1266.15" ybr="403.70" z_order="0">
      <attribute name="Sex">Male</attribute>
      <attribute name="Adipose Clipped">No</attribute>
      <attribute name="Injury">Yes</attribute>
      <attribute name="Confidence Level">3</attribute>
      <attribute name="Notes">Torn tail</attribute>
    </box>
    <box frame="117" outside="0" occluded="0" keyframe="1" xtl="1.25" ytl="100.00" xbr="1280.00" ybr="403.70" z_order="0">
      <attribute name="Sex">Male</attribute>
      <attribute name="Adipose Clipped">No</attribute>
      <attribute name="Injury">Yes</attribute>
      <attribute name="Confidence Level">3</attribute>
      <attribute name="Notes">Torn tail</attribute>
    </box>
    <box frame="118" outside="0" occluded="0" keyframe="0" xtl="2.15" ytl="99.32" xbr="1280.00" ybr="403.70" z_order="0">
      <attribute name="Sex">Male</attribute>
      <attribute name="Adipose Clipped">No</attribute>
      <attribute name="Injury">Yes</attribute>
      <attribute name="Confidence Level">3</attribute>
      <attribute name="Notes">Torn tail</attribute>
    </box>
    <box frame="119" outside="0" occluded="0" keyframe="0" xtl="3.06" ytl="98.64" xbr="1280.00" ybr="403.70" z_order="0">
      <attribute name="Sex">Male</attribute>
      <attribute name="Adipose Clipped">No</attribute>
      <attribute name="Injury">Yes</attribute>
      <attribute name="Confidence Level">3</attribute>
      <attribute name="Notes">Torn tail</attribute>
    </box>
    <box frame="120" outside="0" occluded="0" keyframe="0" xtl="3.96" ytl="97.95" xbr="1280.00" ybr="403.70" z_order="0">
      <attribute name="Sex">Male</attribute>
      <attribute name="Adipose Clipped">No</attribute>
      <attribute name="Injury">Yes</attribute>
      <attribute name="Confidence Level">3</attribute>
      <attribute name="Notes">Torn tail</attribute>
    </box>
    <box frame="121" outside="0" occluded="0" keyframe="0" xtl="4.87" ytl="97.27" xbr="1280.00" ybr="403.70" z_order="0">
      <attribute name="Sex">Male</attribute>
      <attribute name="Adipose Clipped">No</attribute>
      <attribute name="Injury">Yes</attribute>
      <attribute name="Confidence Level">3</attribute>
      <attribute name="Notes">Torn tail</attribute>
    </box>
    <box frame="122" outside="0" occluded="0" keyframe="0" xtl="5.77" ytl="96.59" xbr="1280.00" ybr="403.70" z_order="0">
      <attribute name="Sex">Male</attribute>
      <attribute name="Adipose Clipped">No</attribute>
      <attribute name="Injury">Yes</attribute>
      <attribute name="Confidence Level">3</attribute>
      <attribute name="Notes">Torn tail</attribute>
    </box>
    <box frame="123" outside="0" occluded="0" keyframe="0" xtl="6.68" ytl="95.91" xbr="1280.00" ybr="403.70" z_order="0">
      <attribute name="Sex">Male</attribute>
      <attribute name="Adipose Clipped">No</attribute>
      <attribute name="Injury">Yes</attribute>
      <attribute name="Confidence Level">3</attribute>
      <attribute name="Notes">Torn tail</attribute>
    </box>
    <box frame="124" outside="0" occluded="0" keyframe="0" xtl="7.58" ytl="95.23" xbr="1280.00" ybr="403.70" z_order="0">
      <attribute name="Sex">Male</attribute>
      <attribute name="Adipose Clipped">No</attribute>
      <attribute name="Injury">Yes</attribute>
      <attribute name="Confidence Level">3</attribute>
      <attribute name="Notes">Torn tail</attribute>
    </box>
    <box frame="125" outside="0" occluded="0" keyframe="0" xtl="8.49" ytl="94.55" xbr="1280.00" ybr="403.70" z_order="0">
      <attribute name="Sex">Male</attribute>
      <attribute name="Adipose Clipped">No</attribute>
      <attribute name="Injury">Yes</attribute>
      <attribute name="Confidence Level">3</attribute>
      <attribute name="Notes">Torn tail</attribute>
    </box>
    <box frame="126" outside="0" occluded="0" keyframe="0" xtl="9.39" ytl="93.86" xbr="1280.00" ybr="403.70" z_order="0">
      <attribute name="Sex">Male</attribute>
      <attribute name="Adipose Clipped">No</attribute>
      <attribute name="Injury">Yes</attribute>
      <attribute name="Confidence Level">3</attribute>
      <attribute name="Notes">Torn tail</attribute>
    </box>
    <box frame="127" outside="0" occluded="0" keyframe="0" xtl="10.30" ytl="93.18" xbr="1280.00" ybr="403.70" z_order="0">
      <attribute name="Sex">Male</attribute>
      <attribute name="Adipose Clipped">No</attribute>
      <attribute name="Injury">Yes</attribute>
      <attribute name="Confidence Level">3</attribute>
      <attribute name="Notes">Torn tail</attribute>
    </box>
    <box frame="128" outside="0" occluded="0" keyframe="1" xtl="11.20" ytl="92.50" xbr="1280.00" ybr="403.70" z_order="0">
      <attribute name="Sex">Male</attribute>
      <attribute name="Adipose Clipped">No</attribute>
      <attribute name="Injury">Yes</attribute>
      <attribute name="Confidence Level">3</attribute>
      <attribute name="Notes">Torn tail</attribute>
    </box>
    <box frame="129" outside="0" occluded="0" keyframe="1" xtl="32.50" ytl="78.70" xbr="1280.00" ybr="403.70" z_order="0">
      <attribute name="Sex">Male</attribute>
      <attribute name="Adipose Clipped">No</attribute>
      <attribute name="Injury">Yes</attribute>
      <attribute name="Confidence Level">3</attribute>
      <attribute name="Notes">Torn tail</attribute>
    </box>
    <box frame="130" outside="0" occluded="0" keyframe="1" xtl="66.25" ytl="78.70" xbr="1280.00" ybr="403.70" z_order="0">
      <attribute name="Sex">Male</attribute>
      <attribute name="Adipose Clipped">No</attribute>
      <attribute name="Injury">Yes</attribute>
      <attribute name="Confidence Level">3</attribute>
      <attribute name="Notes">Torn tail</attribute>
    </box>
    <box frame="131" outside="0" occluded="0" keyframe="1" xtl="103.75" ytl="78.70" xbr="1280.00" ybr="403.70" z_order="0">
      <attribute name="Sex">Male</attribute>
      <attribute name="Adipose Clipped">No</attribute>
      <attribute name="Injury">Yes</attribute>
      <attribute name="Confidence Level">3</attribute>
      <attribute name="Notes">Torn tail</attribute>
    </box>
    <box frame="132" outside="0" occluded="0" keyframe="1" xtl="126.25" ytl="78.70" xbr="1280.00" ybr="403.70" z_order="0">
      <attribute name="Sex">Male</attribute>
      <attribute name="Adipose Clipped">No</attribute>
      <attribute name="Injury">Yes</attribute>
      <attribute name="Confidence Level">3</attribute>
      <attribute name="Notes">Torn tail</attribute>
    </box>
    <box frame="133" outside="0" occluded="0" keyframe="0" xtl="145.83" ytl="76.20" xbr="1280.00" ybr="401.20" z_order="0">
      <attribute name="Sex">Male</attribute>
      <attribute name="Adipose Clipped">No</attribute>
      <attribute name="Injury">Yes</attribute>
      <attribute name="Confidence Level">3</attribute>
      <attribute name="Notes">Torn tail</attribute>
    </box>
    <box frame="134" outside="0" occluded="0" keyframe="0" xtl="165.42" ytl="73.70" xbr="1280.00" ybr="398.70" z_order="0">
      <attribute name="Sex">Male</attribute>
      <attribute name="Adipose Clipped">No</attribute>
      <attribute name="Injury">Yes</attribute>
      <attribute name="Confidence Level">3</attribute>
      <attribute name="Notes">Torn tail</attribute>
    </box>
    <box frame="135" outside="0" occluded="0" keyframe="1" xtl="185.00" ytl="71.20" xbr="1280.00" ybr="396.20" z_order="0">
      <attribute name="Sex">Male</attribute>
      <attribute name="Adipose Clipped">No</attribute>
      <attribute name="Injury">Yes</attribute>
      <attribute name="Confidence Level">3</attribute>
      <attribute name="Notes">Torn tail</attribute>
    </box>
    <box frame="136" outside="0" occluded="0" keyframe="1" xtl="241.25" ytl="71.20" xbr="1280.00" ybr="396.20" z_order="0">
      <attribute name="Sex">Male</attribute>
      <attribute name="Adipose Clipped">No</attribute>
      <attribute name="Injury">Yes</attribute>
      <attribute name="Confidence Level">3</attribute>
      <attribute name="Notes">Torn tail</attribute>
    </box>
    <box frame="137" outside="0" occluded="0" keyframe="1" xtl="251.25" ytl="69.95" xbr="1280.00" ybr="394.95" z_order="0">
      <attribute name="Sex">Male</attribute>
      <attribute name="Adipose Clipped">No</attribute>
      <attribute name="Injury">Yes</attribute>
      <attribute name="Confidence Level">3</attribute>
      <attribute name="Notes">Torn tail</attribute>
    </box>
    <box frame="138" outside="0" occluded="0" keyframe="1" xtl="277.50" ytl="69.95" xbr="1280.00" ybr="394.95" z_order="0">
      <attribute name="Sex">Male</attribute>
      <attribute name="Adipose Clipped">No</attribute>
      <attribute name="Injury">Yes</attribute>
      <attribute name="Confidence Level">3</attribute>
      <attribute name="Notes">Torn tail</attribute>
    </box>
    <box frame="139" outside="0" occluded="0" keyframe="1" xtl="292.50" ytl="69.95" xbr="1280.00" ybr="394.95" z_order="0">
      <attribute name="Sex">Male</attribute>
      <attribute name="Adipose Clipped">No</attribute>
      <attribute name="Injury">Yes</attribute>
      <attribute name="Confidence Level">3</attribute>
      <attribute name="Notes">Torn tail</attribute>
    </box>
    <box frame="140" outside="0" occluded="0" keyframe="1" xtl="330.00" ytl="69.95" xbr="1280.00" ybr="394.95" z_order="0">
      <attribute name="Sex">Male</attribute>
      <attribute name="Adipose Clipped">No</attribute>
      <attribute name="Injury">Yes</attribute>
      <attribute name="Confidence Level">3</attribute>
      <attribute name="Notes">Torn tail</attribute>
    </box>
    <box frame="141" outside="0" occluded="0" keyframe="1" xtl="361.25" ytl="69.95" xbr="1280.00" ybr="394.95" z_order="0">
      <attribute name="Sex">Male</attribute>
      <attribute name="Adipose Clipped">No</attribute>
      <attribute name="Injury">Yes</attribute>
      <attribute name="Confidence Level">3</attribute>
      <attribute name="Notes">Torn tail</attribute>
    </box>
    <box frame="142" outside="0" occluded="0" keyframe="1" xtl="466.25" ytl="69.95" xbr="1280.00" ybr="394.95" z_order="0">
      <attribute name="Sex">Male</attribute>
      <attribute name="Adipose Clipped">No</attribute>
      <attribute name="Injury">Yes</attribute>
      <attribute name="Confidence Level">3</attribute>
      <attribute name="Notes">Torn tail</attribute>
    </box>
    <box frame="143" outside="0" occluded="0" keyframe="1" xtl="498.75" ytl="69.95" xbr="1280.00" ybr="394.95" z_order="0">
      <attribute name="Sex">Male</attribute>
      <attribute name="Adipose Clipped">No</attribute>
      <attribute name="Injury">Yes</attribute>
      <attribute name="Confidence Level">3</attribute>
      <attribute name="Notes">Torn tail</attribute>
    </box>
    <box frame="144" outside="0" occluded="0" keyframe="1" xtl="532.50" ytl="69.95" xbr="1280.00" ybr="394.95" z_order="0">
      <attribute name="Sex">Male</attribute>
      <attribute name="Adipose Clipped">No</attribute>
      <attribute name="Injury">Yes</attribute>
      <attribute name="Confidence Level">3</attribute>
      <attribute name="Notes">Torn tail</attribute>
    </box>
    <box frame="145" outside="0" occluded="0" keyframe="1" xtl="585.00" ytl="69.95" xbr="1280.00" ybr="394.95" z_order="0">
      <attribute name="Sex">Male</attribute>
      <attribute name="Adipose Clipped">No</attribute>
      <attribute name="Injury">Yes</attribute>
      <attribute name="Confidence Level">3</attribute>
      <attribute name="Notes">Torn tail</attribute>
    </box>
    <box frame="146" outside="0" occluded="0" keyframe="1" xtl="643.75" ytl="69.95" xbr="1280.00" ybr="394.95" z_order="0">
      <attribute name="Sex">Male</attribute>
      <attribute name="Adipose Clipped">No</attribute>
      <attribute name="Injury">Yes</attribute>
      <attribute name="Confidence Level">3</attribute>
      <attribute name="Notes">Torn tail</attribute>
    </box>
    <box frame="147" outside="0" occluded="0" keyframe="1" xtl="660.00" ytl="69.95" xbr="1280.00" ybr="394.95" z_order="0">
      <attribute name="Sex">Male</attribute>
      <attribute name="Adipose Clipped">No</attribute>
      <attribute name="Injury">Yes</attribute>
      <attribute name="Confidence Level">3</attribute>
      <attribute name="Notes">Torn tail</attribute>
    </box>
    <box frame="148" outside="0" occluded="0" keyframe="1" xtl="741.25" ytl="68.70" xbr="1280.00" ybr="393.70" z_order="0">
      <attribute name="Sex">Male</attribute>
      <attribute name="Adipose Clipped">No</attribute>
      <attribute name="Injury">Yes</attribute>
      <attribute name="Confidence Level">3</attribute>
      <attribute name="Notes">Torn tail</attribute>
    </box>
    <box frame="149" outside="0" occluded="0" keyframe="1" xtl="790.00" ytl="68.70" xbr="1280.00" ybr="393.70" z_order="0">
      <attribute name="Sex">Male</attribute>
      <attribute name="Adipose Clipped">No</attribute>
      <attribute name="Injury">Yes</attribute>
      <attribute name="Confidence Level">3</attribute>
      <attribute name="Notes">Torn tail</attribute>
    </box>
    <box frame="150" outside="0" occluded="1" keyframe="1" xtl="840.00" ytl="68.70" xbr="1280.00" ybr="393.70" z_order="0">
      <attribute name="Sex">Male</attribute>
      <attribute name="Adipose Clipped">No</attribute>
      <attribute name="Injury">Yes</attribute>
      <attribute name="Confidence Level">3</attribute>
      <attribute name="Notes">Torn tail</attribute>
    </box>
    <box frame="151" outside="0" occluded="1" keyframe="1" xtl="881.25" ytl="68.70" xbr="1280.00" ybr="393.70" z_order="0">
      <attribute name="Sex">Male</attribute>
      <attribute name="Adipose Clipped">No</attribute>
      <attribute name="Injury">Yes</attribute>
      <attribute name="Confidence Level">3</attribute>
      <attribute name="Notes">Torn tail</attribute>
    </box>
    <box frame="152" outside="0" occluded="1" keyframe="1" xtl="927.50" ytl="68.70" xbr="1280.00" ybr="393.70" z_order="0">
      <attribute name="Sex">Male</attribute>
      <attribute name="Adipose Clipped">No</attribute>
      <attribute name="Injury">Yes</attribute>
      <attribute name="Confidence Level">3</attribute>
      <attribute name="Notes">Torn tail</attribute>
    </box>
    <box frame="153" outside="0" occluded="1" keyframe="1" xtl="951.25" ytl="62.45" xbr="1280.00" ybr="387.45" z_order="0">
      <attribute name="Sex">Male</attribute>
      <attribute name="Adipose Clipped">No</attribute>
      <attribute name="Injury">Yes</attribute>
      <attribute name="Confidence Level">3</attribute>
      <attribute name="Notes">Torn tail</attribute>
    </box>
    <box frame="154" outside="0" occluded="1" keyframe="1" xtl="1016.20" ytl="62.45" xbr="1280.00" ybr="381.20" z_order="0">
      <attribute name="Sex">Male</attribute>
      <attribute name="Adipose Clipped">No</attribute>
      <attribute name="Injury">Yes</attribute>
      <attribute name="Confidence Level">3</attribute>
      <attribute name="Notes">Torn tail</attribute>
    </box>
    <box frame="155" outside="0" occluded="1" keyframe="1" xtl="1062.50" ytl="77.50" xbr="1280.00" ybr="373.70" z_order="0">
      <attribute name="Sex">Male</attribute>
      <attribute name="Adipose Clipped">No</attribute>
      <attribute name="Injury">Yes</attribute>
      <attribute name="Confidence Level">3</attribute>
      <attribute name="Notes">Torn tail</attribute>
    </box>
    <box frame="156" outside="0" occluded="1" keyframe="1" xtl="1116.25" ytl="73.75" xbr="1280.00" ybr="369.95" z_order="0">
      <attribute name="Sex">Male</attribute>
      <attribute name="Adipose Clipped">No</attribute>
      <attribute name="Injury">Yes</attribute>
      <attribute name="Confidence Level">3</attribute>
      <attribute name="Notes">Torn tail</attribute>
    </box>
    <box frame="157" outside="1" occluded="1" keyframe="1" xtl="1116.25" ytl="73.75" xbr="1280.00" ybr="369.95" z_order="0">
      <attribute name="Sex">Male</attribute>
      <attribute name="Adipose Clipped">No</attribute>
      <attribute name="Injury">Yes</attribute>
      <attribute name="Confidence Level">3</attribute>
      <attribute name="Notes">Torn tail</attribute>
    </box>
  </track>
</annotations>