<?xml version="1.0" encoding="utf-8"?>
<annotations>
  <version>1.1</version>
  <meta>
    <task>
      <id>259</id>
      <name>09-15-2020 06-32-20 M Salmon Camera</name>
      <size>642</size>
      <mode>interpolation</mode>
      <overlap>5</overlap>
      <bugtracker></bugtracker>
      <created>2021-12-22 20:26:25.424930+00:00</created>
      <updated>2021-12-22 20:34:35.049524+00:00</updated>
      <subset>default</subset>
      <start_frame>0</start_frame>
      <stop_frame>641</stop_frame>
      <frame_filter></frame_filter>
      <segments>
        <segment>
          <id>256</id>
          <start>0</start>
          <stop>641</stop>
          <url>httplocalhost:8080/?id=256</url>
        </segment>
      </segments>
      <owner>
        <username>scurfield</username>
        <email>dan.scurfield@gmail.com</email>
      </owner>
      <assignee></assignee>
      <labels>
        <label>
          <name>Coho</name>
          <color>#83e070</color>
          <attributes>
            <attribute>
              <name>notes</name>
              <mutable>False</mutable>
              <input_type>text</input_type>
              <default_value>NA</default_value>
              <values>NA</values>
            </attribute>
            <attribute>
              <name>sex</name>
              <mutable>False</mutable>
              <input_type>select</input_type>
              <default_value>Male</default_value>
              <values>Male
Female
Jack</values>
            </attribute>
            <attribute>
              <name>view</name>
              <mutable>False</mutable>
              <input_type>select</input_type>
              <default_value>Side</default_value>
              <values>Side
Top-down</values>
            </attribute>
            <attribute>
              <name>Adipose Clipped</name>
              <mutable>False</mutable>
              <input_type>select</input_type>
              <default_value>No</default_value>
              <values>No
Yes
NA</values>
            </attribute>
            <attribute>
              <name>confidence level</name>
              <mutable>False</mutable>
              <input_type>select</input_type>
              <default_value>3</default_value>
              <values>3
2
1</values>
            </attribute>
            <attribute>
              <name>injury</name>
              <mutable>False</mutable>
              <input_type>select</input_type>
              <default_value>No</default_value>
              <values>No
Yes
NA</values>
            </attribute>
          </attributes>
        </label>
        <label>
          <name>Bull</name>
          <color>#20c000</color>
          <attributes>
            <attribute>
              <name>adipose clipped</name>
              <mutable>False</mutable>
              <input_type>select</input_type>
              <default_value>No</default_value>
              <values>No
NA</values>
            </attribute>
            <attribute>
              <name>confidence level</name>
              <mutable>False</mutable>
              <input_type>select</input_type>
              <default_value>3</default_value>
              <values>3
2
1</values>
            </attribute>
            <attribute>
              <name>injury</name>
              <mutable>False</mutable>
              <input_type>select</input_type>
              <default_value>No</default_value>
              <values>No
Yes
NA</values>
            </attribute>
            <attribute>
              <name>notes</name>
              <mutable>False</mutable>
              <input_type>text</input_type>
              <default_value>NA</default_value>
              <values>NA</values>
            </attribute>
            <attribute>
              <name>sex</name>
              <mutable>False</mutable>
              <input_type>select</input_type>
              <default_value>NA</default_value>
              <values>NA</values>
            </attribute>
            <attribute>
              <name>view</name>
              <mutable>False</mutable>
              <input_type>select</input_type>
              <default_value>Side</default_value>
              <values>Side
Top-down</values>
            </attribute>
          </attributes>
        </label>
        <label>
          <name>Chum</name>
          <color>#b83df5</color>
          <attributes>
            <attribute>
              <name>confidence level</name>
              <mutable>False</mutable>
              <input_type>select</input_type>
              <default_value>3</default_value>
              <values>3
2
1</values>
            </attribute>
            <attribute>
              <name>injury</name>
              <mutable>False</mutable>
              <input_type>select</input_type>
              <default_value>No</default_value>
              <values>No
Yes
NA</values>
            </attribute>
            <attribute>
              <name>adipose clipped</name>
              <mutable>False</mutable>
              <input_type>select</input_type>
              <default_value>No</default_value>
              <values>No
Yes
NA</values>
            </attribute>
            <attribute>
              <name>notes</name>
              <mutable>False</mutable>
              <input_type>text</input_type>
              <default_value>NA</default_value>
              <values>NA</values>
            </attribute>
            <attribute>
              <name>sex</name>
              <mutable>False</mutable>
              <input_type>select</input_type>
              <default_value>Male</default_value>
              <values>Male
Female</values>
            </attribute>
            <attribute>
              <name>view</name>
              <mutable>False</mutable>
              <input_type>select</input_type>
              <default_value>Side</default_value>
              <values>Side
Top-down</values>
            </attribute>
          </attributes>
        </label>
        <label>
          <name>Whitefish</name>
          <color>#e5e3ee</color>
          <attributes>
            <attribute>
              <name>adipose clipped</name>
              <mutable>False</mutable>
              <input_type>select</input_type>
              <default_value>No</default_value>
              <values>No
Yes
NA</values>
            </attribute>
            <attribute>
              <name>confidence level</name>
              <mutable>False</mutable>
              <input_type>select</input_type>
              <default_value>3</default_value>
              <values>3
2
1</values>
            </attribute>
            <attribute>
              <name>injury</name>
              <mutable>False</mutable>
              <input_type>select</input_type>
              <default_value>No</default_value>
              <values>No
Yes
NA</values>
            </attribute>
            <attribute>
              <name>notes</name>
              <mutable>False</mutable>
              <input_type>text</input_type>
              <default_value>NA</default_value>
              <values>NA</values>
            </attribute>
            <attribute>
              <name>sex</name>
              <mutable>False</mutable>
              <input_type>select</input_type>
              <default_value>NA</default_value>
              <values>NA</values>
            </attribute>
            <attribute>
              <name>view</name>
              <mutable>False</mutable>
              <input_type>select</input_type>
              <default_value>Side</default_value>
              <values>Side
Top-down</values>
            </attribute>
          </attributes>
        </label>
        <label>
          <name>Pink</name>
          <color>#fa7dbb</color>
          <attributes>
            <attribute>
              <name>sex</name>
              <mutable>False</mutable>
              <input_type>select</input_type>
              <default_value>Male</default_value>
              <values>Male
Female</values>
            </attribute>
            <attribute>
              <name>view</name>
              <mutable>False</mutable>
              <input_type>select</input_type>
              <default_value>Side</default_value>
              <values>Side
Top-down</values>
            </attribute>
            <attribute>
              <name>adipose clipped</name>
              <mutable>False</mutable>
              <input_type>select</input_type>
              <default_value>No</default_value>
              <values>No
Yes
NA</values>
            </attribute>
            <attribute>
              <name>confidence level</name>
              <mutable>False</mutable>
              <input_type>select</input_type>
              <default_value>3</default_value>
              <values>3
2
1</values>
            </attribute>
            <attribute>
              <name>injury</name>
              <mutable>False</mutable>
              <input_type>select</input_type>
              <default_value>No</default_value>
              <values>No
Yes
NA</values>
            </attribute>
            <attribute>
              <name>notes</name>
              <mutable>False</mutable>
              <input_type>text</input_type>
              <default_value>NA</default_value>
              <values>NA</values>
            </attribute>
          </attributes>
        </label>
        <label>
          <name>Sockeye</name>
          <color>#fa3253</color>
          <attributes>
            <attribute>
              <name>adipose clipped</name>
              <mutable>False</mutable>
              <input_type>select</input_type>
              <default_value>No</default_value>
              <values>No
Yes
NA</values>
            </attribute>
            <attribute>
              <name>confidence level</name>
              <mutable>False</mutable>
              <input_type>select</input_type>
              <default_value>3</default_value>
              <values>3
2
1</values>
            </attribute>
            <attribute>
              <name>injury</name>
              <mutable>False</mutable>
              <input_type>select</input_type>
              <default_value>No</default_value>
              <values>No
Yes
NA</values>
            </attribute>
            <attribute>
              <name>notes</name>
              <mutable>False</mutable>
              <input_type>text</input_type>
              <default_value>NA</default_value>
              <values>NA</values>
            </attribute>
            <attribute>
              <name>sex</name>
              <mutable>False</mutable>
              <input_type>select</input_type>
              <default_value>Male</default_value>
              <values>Male
Female
Jack</values>
            </attribute>
            <attribute>
              <name>view</name>
              <mutable>False</mutable>
              <input_type>select</input_type>
              <default_value>Side</default_value>
              <values>Side
Top-down</values>
            </attribute>
          </attributes>
        </label>
        <label>
          <name>Steelhead</name>
          <color>#32b7fa</color>
          <attributes>
            <attribute>
              <name>adipose clipped</name>
              <mutable>False</mutable>
              <input_type>select</input_type>
              <default_value>No</default_value>
              <values>No
Yes
NA</values>
            </attribute>
            <attribute>
              <name>confidence level</name>
              <mutable>False</mutable>
              <input_type>select</input_type>
              <default_value>3</default_value>
              <values>3
2
1</values>
            </attribute>
            <attribute>
              <name>injury</name>
              <mutable>False</mutable>
              <input_type>select</input_type>
              <default_value>No</default_value>
              <values>No
Yes
NA</values>
            </attribute>
            <attribute>
              <name>notes</name>
              <mutable>False</mutable>
              <input_type>text</input_type>
              <default_value>NA</default_value>
              <values>NA</values>
            </attribute>
            <attribute>
              <name>sex</name>
              <mutable>False</mutable>
              <input_type>select</input_type>
              <default_value>Male</default_value>
              <values>Male
Female</values>
            </attribute>
            <attribute>
              <name>view</name>
              <mutable>False</mutable>
              <input_type>select</input_type>
              <default_value>Side</default_value>
              <values>Side
Top-down</values>
            </attribute>
          </attributes>
        </label>
        <label>
          <name>Rainbow</name>
          <color>#f1c6e3</color>
          <attributes>
            <attribute>
              <name>adipose clipped</name>
              <mutable>False</mutable>
              <input_type>select</input_type>
              <default_value>No</default_value>
              <values>No
Yes
NA</values>
            </attribute>
            <attribute>
              <name>confidence level</name>
              <mutable>False</mutable>
              <input_type>select</input_type>
              <default_value>3</default_value>
              <values>3
2
1</values>
            </attribute>
            <attribute>
              <name>injury</name>
              <mutable>False</mutable>
              <input_type>select</input_type>
              <default_value>No</default_value>
              <values>No
Yes
NA</values>
            </attribute>
            <attribute>
              <name>notes</name>
              <mutable>False</mutable>
              <input_type>text</input_type>
              <default_value>NA</default_value>
              <values>NA</values>
            </attribute>
            <attribute>
              <name>view</name>
              <mutable>False</mutable>
              <input_type>select</input_type>
              <default_value>Side</default_value>
              <values>Side
Top-down</values>
            </attribute>
            <attribute>
              <name>sex</name>
              <mutable>False</mutable>
              <input_type>select</input_type>
              <default_value>NA</default_value>
              <values>NA
Juvenile</values>
            </attribute>
          </attributes>
        </label>
        <label>
          <name>Chinook</name>
          <color>#2a7dd1</color>
          <attributes>
            <attribute>
              <name>adipose clipped</name>
              <mutable>False</mutable>
              <input_type>select</input_type>
              <default_value>No</default_value>
              <values>No
Yes
NA</values>
            </attribute>
            <attribute>
              <name>confidence level</name>
              <mutable>False</mutable>
              <input_type>select</input_type>
              <default_value>3</default_value>
              <values>3
2
1</values>
            </attribute>
            <attribute>
              <name>injury</name>
              <mutable>False</mutable>
              <input_type>select</input_type>
              <default_value>No</default_value>
              <values>No
Yes
NA</values>
            </attribute>
            <attribute>
              <name>notes</name>
              <mutable>False</mutable>
              <input_type>text</input_type>
              <default_value>NA</default_value>
              <values>NA</values>
            </attribute>
            <attribute>
              <name>sex</name>
              <mutable>False</mutable>
              <input_type>select</input_type>
              <default_value>Male</default_value>
              <values>Male
Female
Jack</values>
            </attribute>
            <attribute>
              <name>view</name>
              <mutable>False</mutable>
              <input_type>select</input_type>
              <default_value>Side</default_value>
              <values>Side
Top-down</values>
            </attribute>
          </attributes>
        </label>
        <label>
          <name>Pikeminnow</name>
          <color>#ecc49c</color>
          <attributes>
            <attribute>
              <name>confidence level</name>
              <mutable>False</mutable>
              <input_type>select</input_type>
              <default_value>3</default_value>
              <values>3
2
1</values>
            </attribute>
            <attribute>
              <name>notes</name>
              <mutable>False</mutable>
              <input_type>text</input_type>
              <default_value>NA</default_value>
              <values>NA</values>
            </attribute>
          </attributes>
        </label>
        <label>
          <name>Shiner</name>
          <color>#8c78f0</color>
          <attributes>
            <attribute>
              <name>confidence level</name>
              <mutable>False</mutable>
              <input_type>select</input_type>
              <default_value>3</default_value>
              <values>3
2
1</values>
            </attribute>
            <attribute>
              <name>notes</name>
              <mutable>False</mutable>
              <input_type>text</input_type>
              <default_value>NA</default_value>
              <values>NA</values>
            </attribute>
          </attributes>
        </label>
        <label>
          <name>Lampray</name>
          <color>#2e2930</color>
          <attributes>
            <attribute>
              <name>confidence level</name>
              <mutable>False</mutable>
              <input_type>select</input_type>
              <default_value>3</default_value>
              <values>3
2
1</values>
            </attribute>
            <attribute>
              <name>notes</name>
              <mutable>False</mutable>
              <input_type>text</input_type>
              <default_value>NA</default_value>
              <values>NA</values>
            </attribute>
          </attributes>
        </label>
      </labels>
      <original_size>
        <width>1920</width>
        <height>1080</height>
      </original_size>
    </task>
    <dumped>2021-12-22 20:34:47.770539+00:00</dumped>
    <source>09-15-2020 06-32-20 M Salmon Camera.m4v</source>
  </meta>
  <track id="0" label="Sockeye" source="manual">
    <box frame="84" outside="0" occluded="1" keyframe="1" xtl="0.00" ytl="668.63" xbr="80.10" ybr="895.69" z_order="0">
      <attribute name="adipose clipped">No</attribute>
      <attribute name="confidence level">2</attribute>
      <attribute name="injury">No</attribute>
      <attribute name="notes">NA</attribute>
      <attribute name="sex">Female</attribute>
      <attribute name="view">Side</attribute>
    </box>
    <box frame="85" outside="0" occluded="1" keyframe="0" xtl="0.00" ytl="655.60" xbr="100.47" ybr="897.52" z_order="0">
      <attribute name="adipose clipped">No</attribute>
      <attribute name="confidence level">2</attribute>
      <attribute name="injury">No</attribute>
      <attribute name="notes">NA</attribute>
      <attribute name="sex">Female</attribute>
      <attribute name="view">Side</attribute>
    </box>
    <box frame="86" outside="0" occluded="1" keyframe="0" xtl="0.00" ytl="642.57" xbr="120.84" ybr="899.36" z_order="0">
      <attribute name="adipose clipped">No</attribute>
      <attribute name="confidence level">2</attribute>
      <attribute name="injury">No</attribute>
      <attribute name="notes">NA</attribute>
      <attribute name="sex">Female</attribute>
      <attribute name="view">Side</attribute>
    </box>
    <box frame="87" outside="0" occluded="1" keyframe="0" xtl="0.00" ytl="629.55" xbr="141.21" ybr="901.20" z_order="0">
      <attribute name="adipose clipped">No</attribute>
      <attribute name="confidence level">2</attribute>
      <attribute name="injury">No</attribute>
      <attribute name="notes">NA</attribute>
      <attribute name="sex">Female</attribute>
      <attribute name="view">Side</attribute>
    </box>
    <box frame="88" outside="0" occluded="1" keyframe="0" xtl="0.00" ytl="616.52" xbr="161.58" ybr="903.03" z_order="0">
      <attribute name="adipose clipped">No</attribute>
      <attribute name="confidence level">2</attribute>
      <attribute name="injury">No</attribute>
      <attribute name="notes">NA</attribute>
      <attribute name="sex">Female</attribute>
      <attribute name="view">Side</attribute>
    </box>
    <box frame="89" outside="0" occluded="1" keyframe="0" xtl="0.00" ytl="603.50" xbr="181.95" ybr="904.87" z_order="0">
      <attribute name="adipose clipped">No</attribute>
      <attribute name="confidence level">2</attribute>
      <attribute name="injury">No</attribute>
      <attribute name="notes">NA</attribute>
      <attribute name="sex">Female</attribute>
      <attribute name="view">Side</attribute>
    </box>
    <box frame="90" outside="0" occluded="1" keyframe="0" xtl="0.00" ytl="590.47" xbr="202.31" ybr="906.71" z_order="0">
      <attribute name="adipose clipped">No</attribute>
      <attribute name="confidence level">2</attribute>
      <attribute name="injury">No</attribute>
      <attribute name="notes">NA</attribute>
      <attribute name="sex">Female</attribute>
      <attribute name="view">Side</attribute>
    </box>
    <box frame="91" outside="0" occluded="1" keyframe="0" xtl="0.00" ytl="577.44" xbr="222.68" ybr="908.54" z_order="0">
      <attribute name="adipose clipped">No</attribute>
      <attribute name="confidence level">2</attribute>
      <attribute name="injury">No</attribute>
      <attribute name="notes">NA</attribute>
      <attribute name="sex">Female</attribute>
      <attribute name="view">Side</attribute>
    </box>
    <box frame="92" outside="0" occluded="1" keyframe="0" xtl="0.00" ytl="564.42" xbr="243.05" ybr="910.38" z_order="0">
      <attribute name="adipose clipped">No</attribute>
      <attribute name="confidence level">2</attribute>
      <attribute name="injury">No</attribute>
      <attribute name="notes">NA</attribute>
      <attribute name="sex">Female</attribute>
      <attribute name="view">Side</attribute>
    </box>
    <box frame="93" outside="0" occluded="1" keyframe="0" xtl="0.00" ytl="551.39" xbr="263.42" ybr="912.22" z_order="0">
      <attribute name="adipose clipped">No</attribute>
      <attribute name="confidence level">2</attribute>
      <attribute name="injury">No</attribute>
      <attribute name="notes">NA</attribute>
      <attribute name="sex">Female</attribute>
      <attribute name="view">Side</attribute>
    </box>
    <box frame="94" outside="0" occluded="0" keyframe="1" xtl="0.00" ytl="538.37" xbr="283.79" ybr="914.05" z_order="0">
      <attribute name="adipose clipped">No</attribute>
      <attribute name="confidence level">2</attribute>
      <attribute name="injury">No</attribute>
      <attribute name="notes">NA</attribute>
      <attribute name="sex">Female</attribute>
      <attribute name="view">Side</attribute>
    </box>
    <box frame="95" outside="0" occluded="0" keyframe="0" xtl="0.00" ytl="531.52" xbr="310.84" ybr="914.05" z_order="0">
      <attribute name="adipose clipped">No</attribute>
      <attribute name="confidence level">2</attribute>
      <attribute name="injury">No</attribute>
      <attribute name="notes">NA</attribute>
      <attribute name="sex">Female</attribute>
      <attribute name="view">Side</attribute>
    </box>
    <box frame="96" outside="0" occluded="0" keyframe="0" xtl="0.00" ytl="524.67" xbr="337.89" ybr="914.05" z_order="0">
      <attribute name="adipose clipped">No</attribute>
      <attribute name="confidence level">2</attribute>
      <attribute name="injury">No</attribute>
      <attribute name="notes">NA</attribute>
      <attribute name="sex">Female</attribute>
      <attribute name="view">Side</attribute>
    </box>
    <box frame="97" outside="0" occluded="0" keyframe="0" xtl="0.00" ytl="517.83" xbr="364.94" ybr="914.05" z_order="0">
      <attribute name="adipose clipped">No</attribute>
      <attribute name="confidence level">2</attribute>
      <attribute name="injury">No</attribute>
      <attribute name="notes">NA</attribute>
      <attribute name="sex">Female</attribute>
      <attribute name="view">Side</attribute>
    </box>
    <box frame="98" outside="0" occluded="0" keyframe="0" xtl="0.00" ytl="510.98" xbr="391.99" ybr="914.05" z_order="0">
      <attribute name="adipose clipped">No</attribute>
      <attribute name="confidence level">2</attribute>
      <attribute name="injury">No</attribute>
      <attribute name="notes">NA</attribute>
      <attribute name="sex">Female</attribute>
      <attribute name="view">Side</attribute>
    </box>
    <box frame="99" outside="0" occluded="0" keyframe="0" xtl="0.00" ytl="504.13" xbr="419.04" ybr="914.05" z_order="0">
      <attribute name="adipose clipped">No</attribute>
      <attribute name="confidence level">2</attribute>
      <attribute name="injury">No</attribute>
      <attribute name="notes">NA</attribute>
      <attribute name="sex">Female</attribute>
      <attribute name="view">Side</attribute>
    </box>
    <box frame="100" outside="0" occluded="0" keyframe="0" xtl="0.00" ytl="497.29" xbr="446.09" ybr="914.05" z_order="0">
      <attribute name="adipose clipped">No</attribute>
      <attribute name="confidence level">2</attribute>
      <attribute name="injury">No</attribute>
      <attribute name="notes">NA</attribute>
      <attribute name="sex">Female</attribute>
      <attribute name="view">Side</attribute>
    </box>
    <box frame="101" outside="0" occluded="0" keyframe="0" xtl="0.00" ytl="490.44" xbr="473.15" ybr="914.05" z_order="0">
      <attribute name="adipose clipped">No</attribute>
      <attribute name="confidence level">2</attribute>
      <attribute name="injury">No</attribute>
      <attribute name="notes">NA</attribute>
      <attribute name="sex">Female</attribute>
      <attribute name="view">Side</attribute>
    </box>
    <box frame="102" outside="0" occluded="0" keyframe="0" xtl="0.00" ytl="483.59" xbr="500.20" ybr="914.05" z_order="0">
      <attribute name="adipose clipped">No</attribute>
      <attribute name="confidence level">2</attribute>
      <attribute name="injury">No</attribute>
      <attribute name="notes">NA</attribute>
      <attribute name="sex">Female</attribute>
      <attribute name="view">Side</attribute>
    </box>
    <box frame="103" outside="0" occluded="0" keyframe="0" xtl="0.00" ytl="476.75" xbr="527.25" ybr="914.05" z_order="0">
      <attribute name="adipose clipped">No</attribute>
      <attribute name="confidence level">2</attribute>
      <attribute name="injury">No</attribute>
      <attribute name="notes">NA</attribute>
      <attribute name="sex">Female</attribute>
      <attribute name="view">Side</attribute>
    </box>
    <box frame="104" outside="0" occluded="0" keyframe="1" xtl="0.00" ytl="469.90" xbr="554.30" ybr="914.05" z_order="0">
      <attribute name="adipose clipped">No</attribute>
      <attribute name="confidence level">2</attribute>
      <attribute name="injury">No</attribute>
      <attribute name="notes">NA</attribute>
      <attribute name="sex">Female</attribute>
      <attribute name="view">Side</attribute>
    </box>
    <box frame="105" outside="0" occluded="0" keyframe="0" xtl="0.00" ytl="468.56" xbr="575.50" ybr="914.05" z_order="0">
      <attribute name="adipose clipped">No</attribute>
      <attribute name="confidence level">2</attribute>
      <attribute name="injury">No</attribute>
      <attribute name="notes">NA</attribute>
      <attribute name="sex">Female</attribute>
      <attribute name="view">Side</attribute>
    </box>
    <box frame="106" outside="0" occluded="0" keyframe="0" xtl="0.00" ytl="467.22" xbr="596.70" ybr="914.05" z_order="0">
      <attribute name="adipose clipped">No</attribute>
      <attribute name="confidence level">2</attribute>
      <attribute name="injury">No</attribute>
      <attribute name="notes">NA</attribute>
      <attribute name="sex">Female</attribute>
      <attribute name="view">Side</attribute>
    </box>
    <box frame="107" outside="0" occluded="0" keyframe="0" xtl="0.00" ytl="465.88" xbr="617.90" ybr="914.05" z_order="0">
      <attribute name="adipose clipped">No</attribute>
      <attribute name="confidence level">2</attribute>
      <attribute name="injury">No</attribute>
      <attribute name="notes">NA</attribute>
      <attribute name="sex">Female</attribute>
      <attribute name="view">Side</attribute>
    </box>
    <box frame="108" outside="0" occluded="0" keyframe="0" xtl="0.00" ytl="464.54" xbr="639.10" ybr="914.05" z_order="0">
      <attribute name="adipose clipped">No</attribute>
      <attribute name="confidence level">2</attribute>
      <attribute name="injury">No</attribute>
      <attribute name="notes">NA</attribute>
      <attribute name="sex">Female</attribute>
      <attribute name="view">Side</attribute>
    </box>
    <box frame="109" outside="0" occluded="0" keyframe="0" xtl="0.00" ytl="463.20" xbr="660.30" ybr="914.05" z_order="0">
      <attribute name="adipose clipped">No</attribute>
      <attribute name="confidence level">2</attribute>
      <attribute name="injury">No</attribute>
      <attribute name="notes">NA</attribute>
      <attribute name="sex">Female</attribute>
      <attribute name="view">Side</attribute>
    </box>
    <box frame="110" outside="0" occluded="0" keyframe="0" xtl="0.00" ytl="461.86" xbr="681.50" ybr="914.05" z_order="0">
      <attribute name="adipose clipped">No</attribute>
      <attribute name="confidence level">2</attribute>
      <attribute name="injury">No</attribute>
      <attribute name="notes">NA</attribute>
      <attribute name="sex">Female</attribute>
      <attribute name="view">Side</attribute>
    </box>
    <box frame="111" outside="0" occluded="0" keyframe="0" xtl="0.00" ytl="460.52" xbr="702.70" ybr="914.05" z_order="0">
      <attribute name="adipose clipped">No</attribute>
      <attribute name="confidence level">2</attribute>
      <attribute name="injury">No</attribute>
      <attribute name="notes">NA</attribute>
      <attribute name="sex">Female</attribute>
      <attribute name="view">Side</attribute>
    </box>
    <box frame="112" outside="0" occluded="0" keyframe="0" xtl="0.00" ytl="459.18" xbr="723.90" ybr="914.05" z_order="0">
      <attribute name="adipose clipped">No</attribute>
      <attribute name="confidence level">2</attribute>
      <attribute name="injury">No</attribute>
      <attribute name="notes">NA</attribute>
      <attribute name="sex">Female</attribute>
      <attribute name="view">Side</attribute>
    </box>
    <box frame="113" outside="0" occluded="0" keyframe="0" xtl="0.00" ytl="457.84" xbr="745.10" ybr="914.05" z_order="0">
      <attribute name="adipose clipped">No</attribute>
      <attribute name="confidence level">2</attribute>
      <attribute name="injury">No</attribute>
      <attribute name="notes">NA</attribute>
      <attribute name="sex">Female</attribute>
      <attribute name="view">Side</attribute>
    </box>
    <box frame="114" outside="0" occluded="0" keyframe="1" xtl="0.00" ytl="456.50" xbr="766.30" ybr="914.05" z_order="0">
      <attribute name="adipose clipped">No</attribute>
      <attribute name="confidence level">2</attribute>
      <attribute name="injury">No</attribute>
      <attribute name="notes">NA</attribute>
      <attribute name="sex">Female</attribute>
      <attribute name="view">Side</attribute>
    </box>
    <box frame="115" outside="0" occluded="0" keyframe="0" xtl="0.00" ytl="450.82" xbr="788.00" ybr="914.05" z_order="0">
      <attribute name="adipose clipped">No</attribute>
      <attribute name="confidence level">2</attribute>
      <attribute name="injury">No</attribute>
      <attribute name="notes">NA</attribute>
      <attribute name="sex">Female</attribute>
      <attribute name="view">Side</attribute>
    </box>
    <box frame="116" outside="0" occluded="0" keyframe="0" xtl="0.00" ytl="445.14" xbr="809.70" ybr="914.05" z_order="0">
      <attribute name="adipose clipped">No</attribute>
      <attribute name="confidence level">2</attribute>
      <attribute name="injury">No</attribute>
      <attribute name="notes">NA</attribute>
      <attribute name="sex">Female</attribute>
      <attribute name="view">Side</attribute>
    </box>
    <box frame="117" outside="0" occluded="0" keyframe="0" xtl="0.00" ytl="439.46" xbr="831.40" ybr="914.05" z_order="0">
      <attribute name="adipose clipped">No</attribute>
      <attribute name="confidence level">2</attribute>
      <attribute name="injury">No</attribute>
      <attribute name="notes">NA</attribute>
      <attribute name="sex">Female</attribute>
      <attribute name="view">Side</attribute>
    </box>
    <box frame="118" outside="0" occluded="0" keyframe="0" xtl="0.00" ytl="433.78" xbr="853.10" ybr="914.05" z_order="0">
      <attribute name="adipose clipped">No</attribute>
      <attribute name="confidence level">2</attribute>
      <attribute name="injury">No</attribute>
      <attribute name="notes">NA</attribute>
      <attribute name="sex">Female</attribute>
      <attribute name="view">Side</attribute>
    </box>
    <box frame="119" outside="0" occluded="0" keyframe="0" xtl="0.00" ytl="428.10" xbr="874.80" ybr="914.05" z_order="0">
      <attribute name="adipose clipped">No</attribute>
      <attribute name="confidence level">2</attribute>
      <attribute name="injury">No</attribute>
      <attribute name="notes">NA</attribute>
      <attribute name="sex">Female</attribute>
      <attribute name="view">Side</attribute>
    </box>
    <box frame="120" outside="0" occluded="0" keyframe="0" xtl="0.00" ytl="422.42" xbr="896.50" ybr="914.05" z_order="0">
      <attribute name="adipose clipped">No</attribute>
      <attribute name="confidence level">2</attribute>
      <attribute name="injury">No</attribute>
      <attribute name="notes">NA</attribute>
      <attribute name="sex">Female</attribute>
      <attribute name="view">Side</attribute>
    </box>
    <box frame="121" outside="0" occluded="0" keyframe="0" xtl="0.00" ytl="416.74" xbr="918.20" ybr="914.05" z_order="0">
      <attribute name="adipose clipped">No</attribute>
      <attribute name="confidence level">2</attribute>
      <attribute name="injury">No</attribute>
      <attribute name="notes">NA</attribute>
      <attribute name="sex">Female</attribute>
      <attribute name="view">Side</attribute>
    </box>
    <box frame="122" outside="0" occluded="0" keyframe="0" xtl="0.00" ytl="411.06" xbr="939.90" ybr="914.05" z_order="0">
      <attribute name="adipose clipped">No</attribute>
      <attribute name="confidence level">2</attribute>
      <attribute name="injury">No</attribute>
      <attribute name="notes">NA</attribute>
      <attribute name="sex">Female</attribute>
      <attribute name="view">Side</attribute>
    </box>
    <box frame="123" outside="0" occluded="0" keyframe="0" xtl="0.00" ytl="405.38" xbr="961.60" ybr="914.05" z_order="0">
      <attribute name="adipose clipped">No</attribute>
      <attribute name="confidence level">2</attribute>
      <attribute name="injury">No</attribute>
      <attribute name="notes">NA</attribute>
      <attribute name="sex">Female</attribute>
      <attribute name="view">Side</attribute>
    </box>
    <box frame="124" outside="0" occluded="0" keyframe="1" xtl="0.00" ytl="399.70" xbr="983.30" ybr="914.05" z_order="0">
      <attribute name="adipose clipped">No</attribute>
      <attribute name="confidence level">2</attribute>
      <attribute name="injury">No</attribute>
      <attribute name="notes">NA</attribute>
      <attribute name="sex">Female</attribute>
      <attribute name="view">Side</attribute>
    </box>
    <box frame="125" outside="0" occluded="0" keyframe="0" xtl="0.00" ytl="399.03" xbr="1008.34" ybr="914.05" z_order="0">
      <attribute name="adipose clipped">No</attribute>
      <attribute name="confidence level">2</attribute>
      <attribute name="injury">No</attribute>
      <attribute name="notes">NA</attribute>
      <attribute name="sex">Female</attribute>
      <attribute name="view">Side</attribute>
    </box>
    <box frame="126" outside="0" occluded="0" keyframe="0" xtl="0.00" ytl="398.36" xbr="1033.38" ybr="914.05" z_order="0">
      <attribute name="adipose clipped">No</attribute>
      <attribute name="confidence level">2</attribute>
      <attribute name="injury">No</attribute>
      <attribute name="notes">NA</attribute>
      <attribute name="sex">Female</attribute>
      <attribute name="view">Side</attribute>
    </box>
    <box frame="127" outside="0" occluded="0" keyframe="0" xtl="0.00" ytl="397.69" xbr="1058.42" ybr="914.05" z_order="0">
      <attribute name="adipose clipped">No</attribute>
      <attribute name="confidence level">2</attribute>
      <attribute name="injury">No</attribute>
      <attribute name="notes">NA</attribute>
      <attribute name="sex">Female</attribute>
      <attribute name="view">Side</attribute>
    </box>
    <box frame="128" outside="0" occluded="0" keyframe="0" xtl="0.00" ytl="397.02" xbr="1083.46" ybr="914.05" z_order="0">
      <attribute name="adipose clipped">No</attribute>
      <attribute name="confidence level">2</attribute>
      <attribute name="injury">No</attribute>
      <attribute name="notes">NA</attribute>
      <attribute name="sex">Female</attribute>
      <attribute name="view">Side</attribute>
    </box>
    <box frame="129" outside="0" occluded="0" keyframe="0" xtl="0.00" ytl="396.35" xbr="1108.50" ybr="914.05" z_order="0">
      <attribute name="adipose clipped">No</attribute>
      <attribute name="confidence level">2</attribute>
      <attribute name="injury">No</attribute>
      <attribute name="notes">NA</attribute>
      <attribute name="sex">Female</attribute>
      <attribute name="view">Side</attribute>
    </box>
    <box frame="130" outside="0" occluded="0" keyframe="0" xtl="0.00" ytl="395.68" xbr="1133.54" ybr="914.05" z_order="0">
      <attribute name="adipose clipped">No</attribute>
      <attribute name="confidence level">2</attribute>
      <attribute name="injury">No</attribute>
      <attribute name="notes">NA</attribute>
      <attribute name="sex">Female</attribute>
      <attribute name="view">Side</attribute>
    </box>
    <box frame="131" outside="0" occluded="0" keyframe="0" xtl="0.00" ytl="395.01" xbr="1158.58" ybr="914.05" z_order="0">
      <attribute name="adipose clipped">No</attribute>
      <attribute name="confidence level">2</attribute>
      <attribute name="injury">No</attribute>
      <attribute name="notes">NA</attribute>
      <attribute name="sex">Female</attribute>
      <attribute name="view">Side</attribute>
    </box>
    <box frame="132" outside="0" occluded="0" keyframe="0" xtl="0.00" ytl="394.34" xbr="1183.62" ybr="914.05" z_order="0">
      <attribute name="adipose clipped">No</attribute>
      <attribute name="confidence level">2</attribute>
      <attribute name="injury">No</attribute>
      <attribute name="notes">NA</attribute>
      <attribute name="sex">Female</attribute>
      <attribute name="view">Side</attribute>
    </box>
    <box frame="133" outside="0" occluded="0" keyframe="0" xtl="0.00" ytl="393.67" xbr="1208.66" ybr="914.05" z_order="0">
      <attribute name="adipose clipped">No</attribute>
      <attribute name="confidence level">2</attribute>
      <attribute name="injury">No</attribute>
      <attribute name="notes">NA</attribute>
      <attribute name="sex">Female</attribute>
      <attribute name="view">Side</attribute>
    </box>
    <box frame="134" outside="0" occluded="0" keyframe="1" xtl="0.00" ytl="393.00" xbr="1233.70" ybr="914.05" z_order="0">
      <attribute name="adipose clipped">No</attribute>
      <attribute name="confidence level">2</attribute>
      <attribute name="injury">No</attribute>
      <attribute name="notes">NA</attribute>
      <attribute name="sex">Female</attribute>
      <attribute name="view">Side</attribute>
    </box>
    <box frame="135" outside="0" occluded="0" keyframe="0" xtl="2.17" ytl="393.00" xbr="1252.73" ybr="914.05" z_order="0">
      <attribute name="adipose clipped">No</attribute>
      <attribute name="confidence level">2</attribute>
      <attribute name="injury">No</attribute>
      <attribute name="notes">NA</attribute>
      <attribute name="sex">Female</attribute>
      <attribute name="view">Side</attribute>
    </box>
    <box frame="136" outside="0" occluded="0" keyframe="0" xtl="4.34" ytl="393.00" xbr="1271.76" ybr="914.05" z_order="0">
      <attribute name="adipose clipped">No</attribute>
      <attribute name="confidence level">2</attribute>
      <attribute name="injury">No</attribute>
      <attribute name="notes">NA</attribute>
      <attribute name="sex">Female</attribute>
      <attribute name="view">Side</attribute>
    </box>
    <box frame="137" outside="0" occluded="0" keyframe="0" xtl="6.51" ytl="393.00" xbr="1290.79" ybr="914.05" z_order="0">
      <attribute name="adipose clipped">No</attribute>
      <attribute name="confidence level">2</attribute>
      <attribute name="injury">No</attribute>
      <attribute name="notes">NA</attribute>
      <attribute name="sex">Female</attribute>
      <attribute name="view">Side</attribute>
    </box>
    <box frame="138" outside="0" occluded="0" keyframe="0" xtl="8.68" ytl="393.00" xbr="1309.82" ybr="914.05" z_order="0">
      <attribute name="adipose clipped">No</attribute>
      <attribute name="confidence level">2</attribute>
      <attribute name="injury">No</attribute>
      <attribute name="notes">NA</attribute>
      <attribute name="sex">Female</attribute>
      <attribute name="view">Side</attribute>
    </box>
    <box frame="139" outside="0" occluded="0" keyframe="0" xtl="10.85" ytl="393.00" xbr="1328.85" ybr="914.05" z_order="0">
      <attribute name="adipose clipped">No</attribute>
      <attribute name="confidence level">2</attribute>
      <attribute name="injury">No</attribute>
      <attribute name="notes">NA</attribute>
      <attribute name="sex">Female</attribute>
      <attribute name="view">Side</attribute>
    </box>
    <box frame="140" outside="0" occluded="0" keyframe="0" xtl="13.02" ytl="393.00" xbr="1347.88" ybr="914.05" z_order="0">
      <attribute name="adipose clipped">No</attribute>
      <attribute name="confidence level">2</attribute>
      <attribute name="injury">No</attribute>
      <attribute name="notes">NA</attribute>
      <attribute name="sex">Female</attribute>
      <attribute name="view">Side</attribute>
    </box>
    <box frame="141" outside="0" occluded="0" keyframe="0" xtl="15.19" ytl="393.00" xbr="1366.91" ybr="914.05" z_order="0">
      <attribute name="adipose clipped">No</attribute>
      <attribute name="confidence level">2</attribute>
      <attribute name="injury">No</attribute>
      <attribute name="notes">NA</attribute>
      <attribute name="sex">Female</attribute>
      <attribute name="view">Side</attribute>
    </box>
    <box frame="142" outside="0" occluded="0" keyframe="0" xtl="17.36" ytl="393.00" xbr="1385.94" ybr="914.05" z_order="0">
      <attribute name="adipose clipped">No</attribute>
      <attribute name="confidence level">2</attribute>
      <attribute name="injury">No</attribute>
      <attribute name="notes">NA</attribute>
      <attribute name="sex">Female</attribute>
      <attribute name="view">Side</attribute>
    </box>
    <box frame="143" outside="0" occluded="0" keyframe="0" xtl="19.53" ytl="393.00" xbr="1404.97" ybr="914.05" z_order="0">
      <attribute name="adipose clipped">No</attribute>
      <attribute name="confidence level">2</attribute>
      <attribute name="injury">No</attribute>
      <attribute name="notes">NA</attribute>
      <attribute name="sex">Female</attribute>
      <attribute name="view">Side</attribute>
    </box>
    <box frame="144" outside="0" occluded="0" keyframe="1" xtl="21.70" ytl="393.00" xbr="1424.00" ybr="914.05" z_order="0">
      <attribute name="adipose clipped">No</attribute>
      <attribute name="confidence level">2</attribute>
      <attribute name="injury">No</attribute>
      <attribute name="notes">NA</attribute>
      <attribute name="sex">Female</attribute>
      <attribute name="view">Side</attribute>
    </box>
    <box frame="145" outside="0" occluded="0" keyframe="0" xtl="45.57" ytl="389.83" xbr="1439.36" ybr="907.37" z_order="0">
      <attribute name="adipose clipped">No</attribute>
      <attribute name="confidence level">2</attribute>
      <attribute name="injury">No</attribute>
      <attribute name="notes">NA</attribute>
      <attribute name="sex">Female</attribute>
      <attribute name="view">Side</attribute>
    </box>
    <box frame="146" outside="0" occluded="0" keyframe="0" xtl="69.45" ytl="386.66" xbr="1454.72" ybr="900.69" z_order="0">
      <attribute name="adipose clipped">No</attribute>
      <attribute name="confidence level">2</attribute>
      <attribute name="injury">No</attribute>
      <attribute name="notes">NA</attribute>
      <attribute name="sex">Female</attribute>
      <attribute name="view">Side</attribute>
    </box>
    <box frame="147" outside="0" occluded="0" keyframe="0" xtl="93.32" ytl="383.49" xbr="1470.08" ybr="894.02" z_order="0">
      <attribute name="adipose clipped">No</attribute>
      <attribute name="confidence level">2</attribute>
      <attribute name="injury">No</attribute>
      <attribute name="notes">NA</attribute>
      <attribute name="sex">Female</attribute>
      <attribute name="view">Side</attribute>
    </box>
    <box frame="148" outside="0" occluded="0" keyframe="0" xtl="117.20" ytl="380.32" xbr="1485.44" ybr="887.34" z_order="0">
      <attribute name="adipose clipped">No</attribute>
      <attribute name="confidence level">2</attribute>
      <attribute name="injury">No</attribute>
      <attribute name="notes">NA</attribute>
      <attribute name="sex">Female</attribute>
      <attribute name="view">Side</attribute>
    </box>
    <box frame="149" outside="0" occluded="0" keyframe="0" xtl="141.07" ytl="377.15" xbr="1500.80" ybr="880.66" z_order="0">
      <attribute name="adipose clipped">No</attribute>
      <attribute name="confidence level">2</attribute>
      <attribute name="injury">No</attribute>
      <attribute name="notes">NA</attribute>
      <attribute name="sex">Female</attribute>
      <attribute name="view">Side</attribute>
    </box>
    <box frame="150" outside="0" occluded="0" keyframe="0" xtl="164.95" ytl="373.98" xbr="1516.16" ybr="873.98" z_order="0">
      <attribute name="adipose clipped">No</attribute>
      <attribute name="confidence level">2</attribute>
      <attribute name="injury">No</attribute>
      <attribute name="notes">NA</attribute>
      <attribute name="sex">Female</attribute>
      <attribute name="view">Side</attribute>
    </box>
    <box frame="151" outside="0" occluded="0" keyframe="0" xtl="188.82" ytl="370.81" xbr="1531.52" ybr="867.30" z_order="0">
      <attribute name="adipose clipped">No</attribute>
      <attribute name="confidence level">2</attribute>
      <attribute name="injury">No</attribute>
      <attribute name="notes">NA</attribute>
      <attribute name="sex">Female</attribute>
      <attribute name="view">Side</attribute>
    </box>
    <box frame="152" outside="0" occluded="0" keyframe="0" xtl="212.70" ytl="367.64" xbr="1546.88" ybr="860.62" z_order="0">
      <attribute name="adipose clipped">No</attribute>
      <attribute name="confidence level">2</attribute>
      <attribute name="injury">No</attribute>
      <attribute name="notes">NA</attribute>
      <attribute name="sex">Female</attribute>
      <attribute name="view">Side</attribute>
    </box>
    <box frame="153" outside="0" occluded="0" keyframe="0" xtl="236.57" ytl="364.47" xbr="1562.24" ybr="853.95" z_order="0">
      <attribute name="adipose clipped">No</attribute>
      <attribute name="confidence level">2</attribute>
      <attribute name="injury">No</attribute>
      <attribute name="notes">NA</attribute>
      <attribute name="sex">Female</attribute>
      <attribute name="view">Side</attribute>
    </box>
    <box frame="154" outside="0" occluded="0" keyframe="1" xtl="260.45" ytl="361.30" xbr="1577.60" ybr="847.27" z_order="0">
      <attribute name="adipose clipped">No</attribute>
      <attribute name="confidence level">2</attribute>
      <attribute name="injury">No</attribute>
      <attribute name="notes">NA</attribute>
      <attribute name="sex">Female</attribute>
      <attribute name="view">Side</attribute>
    </box>
    <box frame="155" outside="0" occluded="0" keyframe="0" xtl="272.97" ytl="360.63" xbr="1590.12" ybr="846.60" z_order="0">
      <attribute name="adipose clipped">No</attribute>
      <attribute name="confidence level">2</attribute>
      <attribute name="injury">No</attribute>
      <attribute name="notes">NA</attribute>
      <attribute name="sex">Female</attribute>
      <attribute name="view">Side</attribute>
    </box>
    <box frame="156" outside="0" occluded="0" keyframe="0" xtl="285.49" ytl="359.96" xbr="1602.64" ybr="845.93" z_order="0">
      <attribute name="adipose clipped">No</attribute>
      <attribute name="confidence level">2</attribute>
      <attribute name="injury">No</attribute>
      <attribute name="notes">NA</attribute>
      <attribute name="sex">Female</attribute>
      <attribute name="view">Side</attribute>
    </box>
    <box frame="157" outside="0" occluded="0" keyframe="0" xtl="298.01" ytl="359.30" xbr="1615.17" ybr="845.26" z_order="0">
      <attribute name="adipose clipped">No</attribute>
      <attribute name="confidence level">2</attribute>
      <attribute name="injury">No</attribute>
      <attribute name="notes">NA</attribute>
      <attribute name="sex">Female</attribute>
      <attribute name="view">Side</attribute>
    </box>
    <box frame="158" outside="0" occluded="0" keyframe="0" xtl="310.54" ytl="358.63" xbr="1627.69" ybr="844.60" z_order="0">
      <attribute name="adipose clipped">No</attribute>
      <attribute name="confidence level">2</attribute>
      <attribute name="injury">No</attribute>
      <attribute name="notes">NA</attribute>
      <attribute name="sex">Female</attribute>
      <attribute name="view">Side</attribute>
    </box>
    <box frame="159" outside="0" occluded="0" keyframe="0" xtl="323.06" ytl="357.96" xbr="1640.21" ybr="843.93" z_order="0">
      <attribute name="adipose clipped">No</attribute>
      <attribute name="confidence level">2</attribute>
      <attribute name="injury">No</attribute>
      <attribute name="notes">NA</attribute>
      <attribute name="sex">Female</attribute>
      <attribute name="view">Side</attribute>
    </box>
    <box frame="160" outside="0" occluded="0" keyframe="0" xtl="335.58" ytl="357.29" xbr="1652.73" ybr="843.26" z_order="0">
      <attribute name="adipose clipped">No</attribute>
      <attribute name="confidence level">2</attribute>
      <attribute name="injury">No</attribute>
      <attribute name="notes">NA</attribute>
      <attribute name="sex">Female</attribute>
      <attribute name="view">Side</attribute>
    </box>
    <box frame="161" outside="0" occluded="0" keyframe="0" xtl="348.10" ytl="356.62" xbr="1665.25" ybr="842.59" z_order="0">
      <attribute name="adipose clipped">No</attribute>
      <attribute name="confidence level">2</attribute>
      <attribute name="injury">No</attribute>
      <attribute name="notes">NA</attribute>
      <attribute name="sex">Female</attribute>
      <attribute name="view">Side</attribute>
    </box>
    <box frame="162" outside="0" occluded="0" keyframe="0" xtl="360.62" ytl="355.96" xbr="1677.77" ybr="841.93" z_order="0">
      <attribute name="adipose clipped">No</attribute>
      <attribute name="confidence level">2</attribute>
      <attribute name="injury">No</attribute>
      <attribute name="notes">NA</attribute>
      <attribute name="sex">Female</attribute>
      <attribute name="view">Side</attribute>
    </box>
    <box frame="163" outside="0" occluded="0" keyframe="0" xtl="373.14" ytl="355.29" xbr="1690.30" ybr="841.26" z_order="0">
      <attribute name="adipose clipped">No</attribute>
      <attribute name="confidence level">2</attribute>
      <attribute name="injury">No</attribute>
      <attribute name="notes">NA</attribute>
      <attribute name="sex">Female</attribute>
      <attribute name="view">Side</attribute>
    </box>
    <box frame="164" outside="0" occluded="0" keyframe="1" xtl="385.67" ytl="354.62" xbr="1702.82" ybr="840.59" z_order="0">
      <attribute name="adipose clipped">No</attribute>
      <attribute name="confidence level">2</attribute>
      <attribute name="injury">No</attribute>
      <attribute name="notes">NA</attribute>
      <attribute name="sex">Female</attribute>
      <attribute name="view">Side</attribute>
    </box>
    <box frame="165" outside="0" occluded="0" keyframe="0" xtl="401.53" ytl="354.95" xbr="1707.83" ybr="840.92" z_order="0">
      <attribute name="adipose clipped">No</attribute>
      <attribute name="confidence level">2</attribute>
      <attribute name="injury">No</attribute>
      <attribute name="notes">NA</attribute>
      <attribute name="sex">Female</attribute>
      <attribute name="view">Side</attribute>
    </box>
    <box frame="166" outside="0" occluded="0" keyframe="0" xtl="417.39" ytl="355.29" xbr="1712.83" ybr="841.26" z_order="0">
      <attribute name="adipose clipped">No</attribute>
      <attribute name="confidence level">2</attribute>
      <attribute name="injury">No</attribute>
      <attribute name="notes">NA</attribute>
      <attribute name="sex">Female</attribute>
      <attribute name="view">Side</attribute>
    </box>
    <box frame="167" outside="0" occluded="0" keyframe="0" xtl="433.25" ytl="355.62" xbr="1717.84" ybr="841.59" z_order="0">
      <attribute name="adipose clipped">No</attribute>
      <attribute name="confidence level">2</attribute>
      <attribute name="injury">No</attribute>
      <attribute name="notes">NA</attribute>
      <attribute name="sex">Female</attribute>
      <attribute name="view">Side</attribute>
    </box>
    <box frame="168" outside="0" occluded="0" keyframe="0" xtl="449.11" ytl="355.96" xbr="1722.85" ybr="841.93" z_order="0">
      <attribute name="adipose clipped">No</attribute>
      <attribute name="confidence level">2</attribute>
      <attribute name="injury">No</attribute>
      <attribute name="notes">NA</attribute>
      <attribute name="sex">Female</attribute>
      <attribute name="view">Side</attribute>
    </box>
    <box frame="169" outside="0" occluded="0" keyframe="0" xtl="464.97" ytl="356.29" xbr="1727.86" ybr="842.26" z_order="0">
      <attribute name="adipose clipped">No</attribute>
      <attribute name="confidence level">2</attribute>
      <attribute name="injury">No</attribute>
      <attribute name="notes">NA</attribute>
      <attribute name="sex">Female</attribute>
      <attribute name="view">Side</attribute>
    </box>
    <box frame="170" outside="0" occluded="0" keyframe="0" xtl="480.83" ytl="356.62" xbr="1732.87" ybr="842.59" z_order="0">
      <attribute name="adipose clipped">No</attribute>
      <attribute name="confidence level">2</attribute>
      <attribute name="injury">No</attribute>
      <attribute name="notes">NA</attribute>
      <attribute name="sex">Female</attribute>
      <attribute name="view">Side</attribute>
    </box>
    <box frame="171" outside="0" occluded="0" keyframe="0" xtl="496.69" ytl="356.96" xbr="1737.88" ybr="842.93" z_order="0">
      <attribute name="adipose clipped">No</attribute>
      <attribute name="confidence level">2</attribute>
      <attribute name="injury">No</attribute>
      <attribute name="notes">NA</attribute>
      <attribute name="sex">Female</attribute>
      <attribute name="view">Side</attribute>
    </box>
    <box frame="172" outside="0" occluded="0" keyframe="0" xtl="512.55" ytl="357.29" xbr="1742.88" ybr="843.26" z_order="0">
      <attribute name="adipose clipped">No</attribute>
      <attribute name="confidence level">2</attribute>
      <attribute name="injury">No</attribute>
      <attribute name="notes">NA</attribute>
      <attribute name="sex">Female</attribute>
      <attribute name="view">Side</attribute>
    </box>
    <box frame="173" outside="0" occluded="0" keyframe="0" xtl="528.42" ytl="357.63" xbr="1747.89" ybr="843.59" z_order="0">
      <attribute name="adipose clipped">No</attribute>
      <attribute name="confidence level">2</attribute>
      <attribute name="injury">No</attribute>
      <attribute name="notes">NA</attribute>
      <attribute name="sex">Female</attribute>
      <attribute name="view">Side</attribute>
    </box>
    <box frame="174" outside="0" occluded="0" keyframe="1" xtl="544.28" ytl="357.96" xbr="1752.90" ybr="843.93" z_order="0">
      <attribute name="adipose clipped">No</attribute>
      <attribute name="confidence level">2</attribute>
      <attribute name="injury">No</attribute>
      <attribute name="notes">NA</attribute>
      <attribute name="sex">Female</attribute>
      <attribute name="view">Side</attribute>
    </box>
    <box frame="175" outside="0" occluded="0" keyframe="0" xtl="557.47" ytl="358.63" xbr="1766.09" ybr="844.60" z_order="0">
      <attribute name="adipose clipped">No</attribute>
      <attribute name="confidence level">2</attribute>
      <attribute name="injury">No</attribute>
      <attribute name="notes">NA</attribute>
      <attribute name="sex">Female</attribute>
      <attribute name="view">Side</attribute>
    </box>
    <box frame="176" outside="0" occluded="0" keyframe="0" xtl="570.66" ytl="359.30" xbr="1779.28" ybr="845.26" z_order="0">
      <attribute name="adipose clipped">No</attribute>
      <attribute name="confidence level">2</attribute>
      <attribute name="injury">No</attribute>
      <attribute name="notes">NA</attribute>
      <attribute name="sex">Female</attribute>
      <attribute name="view">Side</attribute>
    </box>
    <box frame="177" outside="0" occluded="0" keyframe="0" xtl="583.85" ytl="359.96" xbr="1792.47" ybr="845.93" z_order="0">
      <attribute name="adipose clipped">No</attribute>
      <attribute name="confidence level">2</attribute>
      <attribute name="injury">No</attribute>
      <attribute name="notes">NA</attribute>
      <attribute name="sex">Female</attribute>
      <attribute name="view">Side</attribute>
    </box>
    <box frame="178" outside="0" occluded="0" keyframe="0" xtl="597.03" ytl="360.63" xbr="1805.66" ybr="846.60" z_order="0">
      <attribute name="adipose clipped">No</attribute>
      <attribute name="confidence level">2</attribute>
      <attribute name="injury">No</attribute>
      <attribute name="notes">NA</attribute>
      <attribute name="sex">Female</attribute>
      <attribute name="view">Side</attribute>
    </box>
    <box frame="179" outside="0" occluded="0" keyframe="0" xtl="610.22" ytl="361.30" xbr="1818.85" ybr="847.27" z_order="0">
      <attribute name="adipose clipped">No</attribute>
      <attribute name="confidence level">2</attribute>
      <attribute name="injury">No</attribute>
      <attribute name="notes">NA</attribute>
      <attribute name="sex">Female</attribute>
      <attribute name="view">Side</attribute>
    </box>
    <box frame="180" outside="0" occluded="0" keyframe="0" xtl="623.41" ytl="361.97" xbr="1832.04" ybr="847.94" z_order="0">
      <attribute name="adipose clipped">No</attribute>
      <attribute name="confidence level">2</attribute>
      <attribute name="injury">No</attribute>
      <attribute name="notes">NA</attribute>
      <attribute name="sex">Female</attribute>
      <attribute name="view">Side</attribute>
    </box>
    <box frame="181" outside="0" occluded="0" keyframe="0" xtl="636.60" ytl="362.63" xbr="1845.23" ybr="848.60" z_order="0">
      <attribute name="adipose clipped">No</attribute>
      <attribute name="confidence level">2</attribute>
      <attribute name="injury">No</attribute>
      <attribute name="notes">NA</attribute>
      <attribute name="sex">Female</attribute>
      <attribute name="view">Side</attribute>
    </box>
    <box frame="182" outside="0" occluded="0" keyframe="0" xtl="649.79" ytl="363.30" xbr="1858.42" ybr="849.27" z_order="0">
      <attribute name="adipose clipped">No</attribute>
      <attribute name="confidence level">2</attribute>
      <attribute name="injury">No</attribute>
      <attribute name="notes">NA</attribute>
      <attribute name="sex">Female</attribute>
      <attribute name="view">Side</attribute>
    </box>
    <box frame="183" outside="0" occluded="0" keyframe="0" xtl="662.98" ytl="363.97" xbr="1871.61" ybr="849.94" z_order="0">
      <attribute name="adipose clipped">No</attribute>
      <attribute name="confidence level">2</attribute>
      <attribute name="injury">No</attribute>
      <attribute name="notes">NA</attribute>
      <attribute name="sex">Female</attribute>
      <attribute name="view">Side</attribute>
    </box>
    <box frame="184" outside="0" occluded="0" keyframe="1" xtl="676.17" ytl="364.64" xbr="1884.80" ybr="850.61" z_order="0">
      <attribute name="adipose clipped">No</attribute>
      <attribute name="confidence level">2</attribute>
      <attribute name="injury">No</attribute>
      <attribute name="notes">NA</attribute>
      <attribute name="sex">Female</attribute>
      <attribute name="view">Side</attribute>
    </box>
    <box frame="185" outside="0" occluded="0" keyframe="0" xtl="691.20" ytl="364.47" xbr="1886.97" ybr="850.44" z_order="0">
      <attribute name="adipose clipped">No</attribute>
      <attribute name="confidence level">2</attribute>
      <attribute name="injury">No</attribute>
      <attribute name="notes">NA</attribute>
      <attribute name="sex">Female</attribute>
      <attribute name="view">Side</attribute>
    </box>
    <box frame="186" outside="0" occluded="0" keyframe="0" xtl="706.22" ytl="364.30" xbr="1889.14" ybr="850.27" z_order="0">
      <attribute name="adipose clipped">No</attribute>
      <attribute name="confidence level">2</attribute>
      <attribute name="injury">No</attribute>
      <attribute name="notes">NA</attribute>
      <attribute name="sex">Female</attribute>
      <attribute name="view">Side</attribute>
    </box>
    <box frame="187" outside="0" occluded="0" keyframe="0" xtl="721.24" ytl="364.14" xbr="1891.31" ybr="850.11" z_order="0">
      <attribute name="adipose clipped">No</attribute>
      <attribute name="confidence level">2</attribute>
      <attribute name="injury">No</attribute>
      <attribute name="notes">NA</attribute>
      <attribute name="sex">Female</attribute>
      <attribute name="view">Side</attribute>
    </box>
    <box frame="188" outside="0" occluded="0" keyframe="0" xtl="736.26" ytl="363.97" xbr="1893.48" ybr="849.94" z_order="0">
      <attribute name="adipose clipped">No</attribute>
      <attribute name="confidence level">2</attribute>
      <attribute name="injury">No</attribute>
      <attribute name="notes">NA</attribute>
      <attribute name="sex">Female</attribute>
      <attribute name="view">Side</attribute>
    </box>
    <box frame="189" outside="0" occluded="0" keyframe="0" xtl="751.29" ytl="363.80" xbr="1895.65" ybr="849.77" z_order="0">
      <attribute name="adipose clipped">No</attribute>
      <attribute name="confidence level">2</attribute>
      <attribute name="injury">No</attribute>
      <attribute name="notes">NA</attribute>
      <attribute name="sex">Female</attribute>
      <attribute name="view">Side</attribute>
    </box>
    <box frame="190" outside="0" occluded="0" keyframe="0" xtl="766.31" ytl="363.64" xbr="1897.82" ybr="849.60" z_order="0">
      <attribute name="adipose clipped">No</attribute>
      <attribute name="confidence level">2</attribute>
      <attribute name="injury">No</attribute>
      <attribute name="notes">NA</attribute>
      <attribute name="sex">Female</attribute>
      <attribute name="view">Side</attribute>
    </box>
    <box frame="191" outside="0" occluded="0" keyframe="0" xtl="781.33" ytl="363.47" xbr="1899.99" ybr="849.44" z_order="0">
      <attribute name="adipose clipped">No</attribute>
      <attribute name="confidence level">2</attribute>
      <attribute name="injury">No</attribute>
      <attribute name="notes">NA</attribute>
      <attribute name="sex">Female</attribute>
      <attribute name="view">Side</attribute>
    </box>
    <box frame="192" outside="0" occluded="0" keyframe="0" xtl="796.36" ytl="363.30" xbr="1902.16" ybr="849.27" z_order="0">
      <attribute name="adipose clipped">No</attribute>
      <attribute name="confidence level">2</attribute>
      <attribute name="injury">No</attribute>
      <attribute name="notes">NA</attribute>
      <attribute name="sex">Female</attribute>
      <attribute name="view">Side</attribute>
    </box>
    <box frame="193" outside="0" occluded="0" keyframe="0" xtl="811.38" ytl="363.13" xbr="1904.33" ybr="849.10" z_order="0">
      <attribute name="adipose clipped">No</attribute>
      <attribute name="confidence level">2</attribute>
      <attribute name="injury">No</attribute>
      <attribute name="notes">NA</attribute>
      <attribute name="sex">Female</attribute>
      <attribute name="view">Side</attribute>
    </box>
    <box frame="194" outside="0" occluded="0" keyframe="1" xtl="826.40" ytl="362.97" xbr="1906.50" ybr="848.94" z_order="0">
      <attribute name="adipose clipped">No</attribute>
      <attribute name="confidence level">2</attribute>
      <attribute name="injury">No</attribute>
      <attribute name="notes">NA</attribute>
      <attribute name="sex">Female</attribute>
      <attribute name="view">Side</attribute>
    </box>
    <box frame="195" outside="0" occluded="0" keyframe="0" xtl="838.76" ytl="367.31" xbr="1907.85" ybr="848.10" z_order="0">
      <attribute name="adipose clipped">No</attribute>
      <attribute name="confidence level">2</attribute>
      <attribute name="injury">No</attribute>
      <attribute name="notes">NA</attribute>
      <attribute name="sex">Female</attribute>
      <attribute name="view">Side</attribute>
    </box>
    <box frame="196" outside="0" occluded="0" keyframe="0" xtl="851.11" ytl="371.65" xbr="1909.20" ybr="847.27" z_order="0">
      <attribute name="adipose clipped">No</attribute>
      <attribute name="confidence level">2</attribute>
      <attribute name="injury">No</attribute>
      <attribute name="notes">NA</attribute>
      <attribute name="sex">Female</attribute>
      <attribute name="view">Side</attribute>
    </box>
    <box frame="197" outside="0" occluded="0" keyframe="0" xtl="863.47" ytl="376.00" xbr="1910.55" ybr="846.43" z_order="0">
      <attribute name="adipose clipped">No</attribute>
      <attribute name="confidence level">2</attribute>
      <attribute name="injury">No</attribute>
      <attribute name="notes">NA</attribute>
      <attribute name="sex">Female</attribute>
      <attribute name="view">Side</attribute>
    </box>
    <box frame="198" outside="0" occluded="0" keyframe="0" xtl="875.82" ytl="380.34" xbr="1911.90" ybr="845.60" z_order="0">
      <attribute name="adipose clipped">No</attribute>
      <attribute name="confidence level">2</attribute>
      <attribute name="injury">No</attribute>
      <attribute name="notes">NA</attribute>
      <attribute name="sex">Female</attribute>
      <attribute name="view">Side</attribute>
    </box>
    <box frame="199" outside="0" occluded="0" keyframe="0" xtl="888.18" ytl="384.68" xbr="1913.25" ybr="844.76" z_order="0">
      <attribute name="adipose clipped">No</attribute>
      <attribute name="confidence level">2</attribute>
      <attribute name="injury">No</attribute>
      <attribute name="notes">NA</attribute>
      <attribute name="sex">Female</attribute>
      <attribute name="view">Side</attribute>
    </box>
    <box frame="200" outside="0" occluded="0" keyframe="0" xtl="900.53" ytl="389.03" xbr="1914.60" ybr="843.93" z_order="0">
      <attribute name="adipose clipped">No</attribute>
      <attribute name="confidence level">2</attribute>
      <attribute name="injury">No</attribute>
      <attribute name="notes">NA</attribute>
      <attribute name="sex">Female</attribute>
      <attribute name="view">Side</attribute>
    </box>
    <box frame="201" outside="0" occluded="0" keyframe="0" xtl="912.89" ytl="393.37" xbr="1915.95" ybr="843.09" z_order="0">
      <attribute name="adipose clipped">No</attribute>
      <attribute name="confidence level">2</attribute>
      <attribute name="injury">No</attribute>
      <attribute name="notes">NA</attribute>
      <attribute name="sex">Female</attribute>
      <attribute name="view">Side</attribute>
    </box>
    <box frame="202" outside="0" occluded="0" keyframe="0" xtl="925.24" ytl="397.71" xbr="1917.30" ybr="842.26" z_order="0">
      <attribute name="adipose clipped">No</attribute>
      <attribute name="confidence level">2</attribute>
      <attribute name="injury">No</attribute>
      <attribute name="notes">NA</attribute>
      <attribute name="sex">Female</attribute>
      <attribute name="view">Side</attribute>
    </box>
    <box frame="203" outside="0" occluded="0" keyframe="0" xtl="937.60" ytl="402.06" xbr="1918.65" ybr="841.42" z_order="0">
      <attribute name="adipose clipped">No</attribute>
      <attribute name="confidence level">2</attribute>
      <attribute name="injury">No</attribute>
      <attribute name="notes">NA</attribute>
      <attribute name="sex">Female</attribute>
      <attribute name="view">Side</attribute>
    </box>
    <box frame="204" outside="0" occluded="1" keyframe="1" xtl="949.95" ytl="406.40" xbr="1920.00" ybr="840.59" z_order="0">
      <attribute name="adipose clipped">No</attribute>
      <attribute name="confidence level">2</attribute>
      <attribute name="injury">No</attribute>
      <attribute name="notes">NA</attribute>
      <attribute name="sex">Female</attribute>
      <attribute name="view">Side</attribute>
    </box>
    <box frame="205" outside="0" occluded="1" keyframe="0" xtl="962.81" ytl="406.40" xbr="1920.00" ybr="840.59" z_order="0">
      <attribute name="adipose clipped">No</attribute>
      <attribute name="confidence level">2</attribute>
      <attribute name="injury">No</attribute>
      <attribute name="notes">NA</attribute>
      <attribute name="sex">Female</attribute>
      <attribute name="view">Side</attribute>
    </box>
    <box frame="206" outside="0" occluded="1" keyframe="0" xtl="975.66" ytl="406.40" xbr="1920.00" ybr="840.59" z_order="0">
      <attribute name="adipose clipped">No</attribute>
      <attribute name="confidence level">2</attribute>
      <attribute name="injury">No</attribute>
      <attribute name="notes">NA</attribute>
      <attribute name="sex">Female</attribute>
      <attribute name="view">Side</attribute>
    </box>
    <box frame="207" outside="0" occluded="1" keyframe="0" xtl="988.52" ytl="406.40" xbr="1920.00" ybr="840.59" z_order="0">
      <attribute name="adipose clipped">No</attribute>
      <attribute name="confidence level">2</attribute>
      <attribute name="injury">No</attribute>
      <attribute name="notes">NA</attribute>
      <attribute name="sex">Female</attribute>
      <attribute name="view">Side</attribute>
    </box>
    <box frame="208" outside="0" occluded="1" keyframe="0" xtl="1001.37" ytl="406.40" xbr="1920.00" ybr="840.59" z_order="0">
      <attribute name="adipose clipped">No</attribute>
      <attribute name="confidence level">2</attribute>
      <attribute name="injury">No</attribute>
      <attribute name="notes">NA</attribute>
      <attribute name="sex">Female</attribute>
      <attribute name="view">Side</attribute>
    </box>
    <box frame="209" outside="0" occluded="1" keyframe="0" xtl="1014.23" ytl="406.40" xbr="1920.00" ybr="840.59" z_order="0">
      <attribute name="adipose clipped">No</attribute>
      <attribute name="confidence level">2</attribute>
      <attribute name="injury">No</attribute>
      <attribute name="notes">NA</attribute>
      <attribute name="sex">Female</attribute>
      <attribute name="view">Side</attribute>
    </box>
    <box frame="210" outside="0" occluded="1" keyframe="0" xtl="1027.08" ytl="406.40" xbr="1920.00" ybr="840.59" z_order="0">
      <attribute name="adipose clipped">No</attribute>
      <attribute name="confidence level">2</attribute>
      <attribute name="injury">No</attribute>
      <attribute name="notes">NA</attribute>
      <attribute name="sex">Female</attribute>
      <attribute name="view">Side</attribute>
    </box>
    <box frame="211" outside="0" occluded="1" keyframe="0" xtl="1039.94" ytl="406.40" xbr="1920.00" ybr="840.59" z_order="0">
      <attribute name="adipose clipped">No</attribute>
      <attribute name="confidence level">2</attribute>
      <attribute name="injury">No</attribute>
      <attribute name="notes">NA</attribute>
      <attribute name="sex">Female</attribute>
      <attribute name="view">Side</attribute>
    </box>
    <box frame="212" outside="0" occluded="1" keyframe="0" xtl="1052.79" ytl="406.40" xbr="1920.00" ybr="840.59" z_order="0">
      <attribute name="adipose clipped">No</attribute>
      <attribute name="confidence level">2</attribute>
      <attribute name="injury">No</attribute>
      <attribute name="notes">NA</attribute>
      <attribute name="sex">Female</attribute>
      <attribute name="view">Side</attribute>
    </box>
    <box frame="213" outside="0" occluded="1" keyframe="0" xtl="1065.65" ytl="406.40" xbr="1920.00" ybr="840.59" z_order="0">
      <attribute name="adipose clipped">No</attribute>
      <attribute name="confidence level">2</attribute>
      <attribute name="injury">No</attribute>
      <attribute name="notes">NA</attribute>
      <attribute name="sex">Female</attribute>
      <attribute name="view">Side</attribute>
    </box>
    <box frame="214" outside="0" occluded="1" keyframe="1" xtl="1078.50" ytl="406.40" xbr="1920.00" ybr="840.59" z_order="0">
      <attribute name="adipose clipped">No</attribute>
      <attribute name="confidence level">2</attribute>
      <attribute name="injury">No</attribute>
      <attribute name="notes">NA</attribute>
      <attribute name="sex">Female</attribute>
      <attribute name="view">Side</attribute>
    </box>
    <box frame="215" outside="0" occluded="1" keyframe="0" xtl="1086.35" ytl="406.73" xbr="1920.00" ybr="840.92" z_order="0">
      <attribute name="adipose clipped">No</attribute>
      <attribute name="confidence level">2</attribute>
      <attribute name="injury">No</attribute>
      <attribute name="notes">NA</attribute>
      <attribute name="sex">Female</attribute>
      <attribute name="view">Side</attribute>
    </box>
    <box frame="216" outside="0" occluded="1" keyframe="0" xtl="1094.19" ytl="407.07" xbr="1920.00" ybr="841.26" z_order="0">
      <attribute name="adipose clipped">No</attribute>
      <attribute name="confidence level">2</attribute>
      <attribute name="injury">No</attribute>
      <attribute name="notes">NA</attribute>
      <attribute name="sex">Female</attribute>
      <attribute name="view">Side</attribute>
    </box>
    <box frame="217" outside="0" occluded="1" keyframe="0" xtl="1102.04" ytl="407.40" xbr="1920.00" ybr="841.59" z_order="0">
      <attribute name="adipose clipped">No</attribute>
      <attribute name="confidence level">2</attribute>
      <attribute name="injury">No</attribute>
      <attribute name="notes">NA</attribute>
      <attribute name="sex">Female</attribute>
      <attribute name="view">Side</attribute>
    </box>
    <box frame="218" outside="0" occluded="1" keyframe="0" xtl="1109.89" ytl="407.73" xbr="1920.00" ybr="841.92" z_order="0">
      <attribute name="adipose clipped">No</attribute>
      <attribute name="confidence level">2</attribute>
      <attribute name="injury">No</attribute>
      <attribute name="notes">NA</attribute>
      <attribute name="sex">Female</attribute>
      <attribute name="view">Side</attribute>
    </box>
    <box frame="219" outside="0" occluded="1" keyframe="0" xtl="1117.73" ytl="408.07" xbr="1920.00" ybr="842.26" z_order="0">
      <attribute name="adipose clipped">No</attribute>
      <attribute name="confidence level">2</attribute>
      <attribute name="injury">No</attribute>
      <attribute name="notes">NA</attribute>
      <attribute name="sex">Female</attribute>
      <attribute name="view">Side</attribute>
    </box>
    <box frame="220" outside="0" occluded="1" keyframe="0" xtl="1125.58" ytl="408.40" xbr="1920.00" ybr="842.59" z_order="0">
      <attribute name="adipose clipped">No</attribute>
      <attribute name="confidence level">2</attribute>
      <attribute name="injury">No</attribute>
      <attribute name="notes">NA</attribute>
      <attribute name="sex">Female</attribute>
      <attribute name="view">Side</attribute>
    </box>
    <box frame="221" outside="0" occluded="1" keyframe="0" xtl="1133.43" ytl="408.74" xbr="1920.00" ybr="842.93" z_order="0">
      <attribute name="adipose clipped">No</attribute>
      <attribute name="confidence level">2</attribute>
      <attribute name="injury">No</attribute>
      <attribute name="notes">NA</attribute>
      <attribute name="sex">Female</attribute>
      <attribute name="view">Side</attribute>
    </box>
    <box frame="222" outside="0" occluded="1" keyframe="0" xtl="1141.28" ytl="409.07" xbr="1920.00" ybr="843.26" z_order="0">
      <attribute name="adipose clipped">No</attribute>
      <attribute name="confidence level">2</attribute>
      <attribute name="injury">No</attribute>
      <attribute name="notes">NA</attribute>
      <attribute name="sex">Female</attribute>
      <attribute name="view">Side</attribute>
    </box>
    <box frame="223" outside="0" occluded="1" keyframe="0" xtl="1149.12" ytl="409.40" xbr="1920.00" ybr="843.59" z_order="0">
      <attribute name="adipose clipped">No</attribute>
      <attribute name="confidence level">2</attribute>
      <attribute name="injury">No</attribute>
      <attribute name="notes">NA</attribute>
      <attribute name="sex">Female</attribute>
      <attribute name="view">Side</attribute>
    </box>
    <box frame="224" outside="0" occluded="1" keyframe="1" xtl="1156.97" ytl="409.74" xbr="1920.00" ybr="843.93" z_order="0">
      <attribute name="adipose clipped">No</attribute>
      <attribute name="confidence level">2</attribute>
      <attribute name="injury">No</attribute>
      <attribute name="notes">NA</attribute>
      <attribute name="sex">Female</attribute>
      <attribute name="view">Side</attribute>
    </box>
    <box frame="225" outside="0" occluded="1" keyframe="0" xtl="1166.32" ytl="407.57" xbr="1920.00" ybr="841.76" z_order="0">
      <attribute name="adipose clipped">No</attribute>
      <attribute name="confidence level">2</attribute>
      <attribute name="injury">No</attribute>
      <attribute name="notes">NA</attribute>
      <attribute name="sex">Female</attribute>
      <attribute name="view">Side</attribute>
    </box>
    <box frame="226" outside="0" occluded="1" keyframe="0" xtl="1175.67" ytl="405.40" xbr="1920.00" ybr="839.59" z_order="0">
      <attribute name="adipose clipped">No</attribute>
      <attribute name="confidence level">2</attribute>
      <attribute name="injury">No</attribute>
      <attribute name="notes">NA</attribute>
      <attribute name="sex">Female</attribute>
      <attribute name="view">Side</attribute>
    </box>
    <box frame="227" outside="0" occluded="1" keyframe="0" xtl="1185.02" ytl="403.23" xbr="1920.00" ybr="837.42" z_order="0">
      <attribute name="adipose clipped">No</attribute>
      <attribute name="confidence level">2</attribute>
      <attribute name="injury">No</attribute>
      <attribute name="notes">NA</attribute>
      <attribute name="sex">Female</attribute>
      <attribute name="view">Side</attribute>
    </box>
    <box frame="228" outside="0" occluded="1" keyframe="0" xtl="1194.37" ytl="401.06" xbr="1920.00" ybr="835.24" z_order="0">
      <attribute name="adipose clipped">No</attribute>
      <attribute name="confidence level">2</attribute>
      <attribute name="injury">No</attribute>
      <attribute name="notes">NA</attribute>
      <attribute name="sex">Female</attribute>
      <attribute name="view">Side</attribute>
    </box>
    <box frame="229" outside="0" occluded="1" keyframe="0" xtl="1203.72" ytl="398.89" xbr="1920.00" ybr="833.07" z_order="0">
      <attribute name="adipose clipped">No</attribute>
      <attribute name="confidence level">2</attribute>
      <attribute name="injury">No</attribute>
      <attribute name="notes">NA</attribute>
      <attribute name="sex">Female</attribute>
      <attribute name="view">Side</attribute>
    </box>
    <box frame="230" outside="0" occluded="1" keyframe="0" xtl="1213.07" ytl="396.72" xbr="1920.00" ybr="830.90" z_order="0">
      <attribute name="adipose clipped">No</attribute>
      <attribute name="confidence level">2</attribute>
      <attribute name="injury">No</attribute>
      <attribute name="notes">NA</attribute>
      <attribute name="sex">Female</attribute>
      <attribute name="view">Side</attribute>
    </box>
    <box frame="231" outside="0" occluded="1" keyframe="0" xtl="1222.42" ytl="394.54" xbr="1920.00" ybr="828.73" z_order="0">
      <attribute name="adipose clipped">No</attribute>
      <attribute name="confidence level">2</attribute>
      <attribute name="injury">No</attribute>
      <attribute name="notes">NA</attribute>
      <attribute name="sex">Female</attribute>
      <attribute name="view">Side</attribute>
    </box>
    <box frame="232" outside="0" occluded="1" keyframe="0" xtl="1231.77" ytl="392.37" xbr="1920.00" ybr="826.56" z_order="0">
      <attribute name="adipose clipped">No</attribute>
      <attribute name="confidence level">2</attribute>
      <attribute name="injury">No</attribute>
      <attribute name="notes">NA</attribute>
      <attribute name="sex">Female</attribute>
      <attribute name="view">Side</attribute>
    </box>
    <box frame="233" outside="0" occluded="1" keyframe="0" xtl="1241.12" ytl="390.20" xbr="1920.00" ybr="824.39" z_order="0">
      <attribute name="adipose clipped">No</attribute>
      <attribute name="confidence level">2</attribute>
      <attribute name="injury">No</attribute>
      <attribute name="notes">NA</attribute>
      <attribute name="sex">Female</attribute>
      <attribute name="view">Side</attribute>
    </box>
    <box frame="234" outside="0" occluded="1" keyframe="1" xtl="1250.47" ytl="388.03" xbr="1920.00" ybr="822.22" z_order="0">
      <attribute name="adipose clipped">No</attribute>
      <attribute name="confidence level">2</attribute>
      <attribute name="injury">No</attribute>
      <attribute name="notes">NA</attribute>
      <attribute name="sex">Female</attribute>
      <attribute name="view">Side</attribute>
    </box>
    <box frame="235" outside="0" occluded="1" keyframe="0" xtl="1260.82" ytl="382.69" xbr="1920.00" ybr="816.88" z_order="0">
      <attribute name="adipose clipped">No</attribute>
      <attribute name="confidence level">2</attribute>
      <attribute name="injury">No</attribute>
      <attribute name="notes">NA</attribute>
      <attribute name="sex">Female</attribute>
      <attribute name="view">Side</attribute>
    </box>
    <box frame="236" outside="0" occluded="1" keyframe="0" xtl="1271.17" ytl="377.35" xbr="1920.00" ybr="811.54" z_order="0">
      <attribute name="adipose clipped">No</attribute>
      <attribute name="confidence level">2</attribute>
      <attribute name="injury">No</attribute>
      <attribute name="notes">NA</attribute>
      <attribute name="sex">Female</attribute>
      <attribute name="view">Side</attribute>
    </box>
    <box frame="237" outside="0" occluded="1" keyframe="0" xtl="1281.52" ytl="372.01" xbr="1920.00" ybr="806.19" z_order="0">
      <attribute name="adipose clipped">No</attribute>
      <attribute name="confidence level">2</attribute>
      <attribute name="injury">No</attribute>
      <attribute name="notes">NA</attribute>
      <attribute name="sex">Female</attribute>
      <attribute name="view">Side</attribute>
    </box>
    <box frame="238" outside="0" occluded="1" keyframe="0" xtl="1291.87" ytl="366.66" xbr="1920.00" ybr="800.85" z_order="0">
      <attribute name="adipose clipped">No</attribute>
      <attribute name="confidence level">2</attribute>
      <attribute name="injury">No</attribute>
      <attribute name="notes">NA</attribute>
      <attribute name="sex">Female</attribute>
      <attribute name="view">Side</attribute>
    </box>
    <box frame="239" outside="0" occluded="1" keyframe="0" xtl="1302.22" ytl="361.32" xbr="1920.00" ybr="795.51" z_order="0">
      <attribute name="adipose clipped">No</attribute>
      <attribute name="confidence level">2</attribute>
      <attribute name="injury">No</attribute>
      <attribute name="notes">NA</attribute>
      <attribute name="sex">Female</attribute>
      <attribute name="view">Side</attribute>
    </box>
    <box frame="240" outside="0" occluded="1" keyframe="0" xtl="1312.57" ytl="355.98" xbr="1920.00" ybr="790.17" z_order="0">
      <attribute name="adipose clipped">No</attribute>
      <attribute name="confidence level">2</attribute>
      <attribute name="injury">No</attribute>
      <attribute name="notes">NA</attribute>
      <attribute name="sex">Female</attribute>
      <attribute name="view">Side</attribute>
    </box>
    <box frame="241" outside="0" occluded="1" keyframe="0" xtl="1322.92" ytl="350.64" xbr="1920.00" ybr="784.82" z_order="0">
      <attribute name="adipose clipped">No</attribute>
      <attribute name="confidence level">2</attribute>
      <attribute name="injury">No</attribute>
      <attribute name="notes">NA</attribute>
      <attribute name="sex">Female</attribute>
      <attribute name="view">Side</attribute>
    </box>
    <box frame="242" outside="0" occluded="1" keyframe="0" xtl="1333.28" ytl="345.29" xbr="1920.00" ybr="779.48" z_order="0">
      <attribute name="adipose clipped">No</attribute>
      <attribute name="confidence level">2</attribute>
      <attribute name="injury">No</attribute>
      <attribute name="notes">NA</attribute>
      <attribute name="sex">Female</attribute>
      <attribute name="view">Side</attribute>
    </box>
    <box frame="243" outside="0" occluded="1" keyframe="0" xtl="1343.63" ytl="339.95" xbr="1920.00" ybr="774.14" z_order="0">
      <attribute name="adipose clipped">No</attribute>
      <attribute name="confidence level">2</attribute>
      <attribute name="injury">No</attribute>
      <attribute name="notes">NA</attribute>
      <attribute name="sex">Female</attribute>
      <attribute name="view">Side</attribute>
    </box>
    <box frame="244" outside="0" occluded="1" keyframe="1" xtl="1353.98" ytl="334.61" xbr="1920.00" ybr="768.80" z_order="0">
      <attribute name="adipose clipped">No</attribute>
      <attribute name="confidence level">2</attribute>
      <attribute name="injury">No</attribute>
      <attribute name="notes">NA</attribute>
      <attribute name="sex">Female</attribute>
      <attribute name="view">Side</attribute>
    </box>
    <box frame="245" outside="0" occluded="1" keyframe="0" xtl="1380.02" ytl="349.14" xbr="1920.00" ybr="775.81" z_order="0">
      <attribute name="adipose clipped">No</attribute>
      <attribute name="confidence level">2</attribute>
      <attribute name="injury">No</attribute>
      <attribute name="notes">NA</attribute>
      <attribute name="sex">Female</attribute>
      <attribute name="view">Side</attribute>
    </box>
    <box frame="246" outside="0" occluded="1" keyframe="0" xtl="1406.06" ytl="363.67" xbr="1920.00" ybr="782.82" z_order="0">
      <attribute name="adipose clipped">No</attribute>
      <attribute name="confidence level">2</attribute>
      <attribute name="injury">No</attribute>
      <attribute name="notes">NA</attribute>
      <attribute name="sex">Female</attribute>
      <attribute name="view">Side</attribute>
    </box>
    <box frame="247" outside="0" occluded="1" keyframe="0" xtl="1432.10" ytl="378.20" xbr="1920.00" ybr="789.83" z_order="0">
      <attribute name="adipose clipped">No</attribute>
      <attribute name="confidence level">2</attribute>
      <attribute name="injury">No</attribute>
      <attribute name="notes">NA</attribute>
      <attribute name="sex">Female</attribute>
      <attribute name="view">Side</attribute>
    </box>
    <box frame="248" outside="0" occluded="1" keyframe="0" xtl="1458.15" ytl="392.73" xbr="1920.00" ybr="796.85" z_order="0">
      <attribute name="adipose clipped">No</attribute>
      <attribute name="confidence level">2</attribute>
      <attribute name="injury">No</attribute>
      <attribute name="notes">NA</attribute>
      <attribute name="sex">Female</attribute>
      <attribute name="view">Side</attribute>
    </box>
    <box frame="249" outside="0" occluded="1" keyframe="0" xtl="1484.19" ytl="407.25" xbr="1920.00" ybr="803.86" z_order="0">
      <attribute name="adipose clipped">No</attribute>
      <attribute name="confidence level">2</attribute>
      <attribute name="injury">No</attribute>
      <attribute name="notes">NA</attribute>
      <attribute name="sex">Female</attribute>
      <attribute name="view">Side</attribute>
    </box>
    <box frame="250" outside="0" occluded="1" keyframe="0" xtl="1510.23" ytl="421.78" xbr="1920.00" ybr="810.87" z_order="0">
      <attribute name="adipose clipped">No</attribute>
      <attribute name="confidence level">2</attribute>
      <attribute name="injury">No</attribute>
      <attribute name="notes">NA</attribute>
      <attribute name="sex">Female</attribute>
      <attribute name="view">Side</attribute>
    </box>
    <box frame="251" outside="0" occluded="1" keyframe="0" xtl="1536.27" ytl="436.31" xbr="1920.00" ybr="817.88" z_order="0">
      <attribute name="adipose clipped">No</attribute>
      <attribute name="confidence level">2</attribute>
      <attribute name="injury">No</attribute>
      <attribute name="notes">NA</attribute>
      <attribute name="sex">Female</attribute>
      <attribute name="view">Side</attribute>
    </box>
    <box frame="252" outside="0" occluded="1" keyframe="0" xtl="1562.32" ytl="450.84" xbr="1920.00" ybr="824.89" z_order="0">
      <attribute name="adipose clipped">No</attribute>
      <attribute name="confidence level">2</attribute>
      <attribute name="injury">No</attribute>
      <attribute name="notes">NA</attribute>
      <attribute name="sex">Female</attribute>
      <attribute name="view">Side</attribute>
    </box>
    <box frame="253" outside="0" occluded="1" keyframe="0" xtl="1588.36" ytl="465.37" xbr="1920.00" ybr="831.91" z_order="0">
      <attribute name="adipose clipped">No</attribute>
      <attribute name="confidence level">2</attribute>
      <attribute name="injury">No</attribute>
      <attribute name="notes">NA</attribute>
      <attribute name="sex">Female</attribute>
      <attribute name="view">Side</attribute>
    </box>
    <box frame="254" outside="0" occluded="1" keyframe="1" xtl="1614.40" ytl="479.90" xbr="1920.00" ybr="838.92" z_order="0">
      <attribute name="adipose clipped">No</attribute>
      <attribute name="confidence level">2</attribute>
      <attribute name="injury">No</attribute>
      <attribute name="notes">NA</attribute>
      <attribute name="sex">Female</attribute>
      <attribute name="view">Side</attribute>
    </box>
    <box frame="255" outside="0" occluded="1" keyframe="0" xtl="1623.75" ytl="476.06" xbr="1920.00" ybr="835.08" z_order="0">
      <attribute name="adipose clipped">No</attribute>
      <attribute name="confidence level">2</attribute>
      <attribute name="injury">No</attribute>
      <attribute name="notes">NA</attribute>
      <attribute name="sex">Female</attribute>
      <attribute name="view">Side</attribute>
    </box>
    <box frame="256" outside="0" occluded="1" keyframe="0" xtl="1633.10" ytl="472.22" xbr="1920.00" ybr="831.24" z_order="0">
      <attribute name="adipose clipped">No</attribute>
      <attribute name="confidence level">2</attribute>
      <attribute name="injury">No</attribute>
      <attribute name="notes">NA</attribute>
      <attribute name="sex">Female</attribute>
      <attribute name="view">Side</attribute>
    </box>
    <box frame="257" outside="0" occluded="1" keyframe="0" xtl="1642.45" ytl="468.38" xbr="1920.00" ybr="827.40" z_order="0">
      <attribute name="adipose clipped">No</attribute>
      <attribute name="confidence level">2</attribute>
      <attribute name="injury">No</attribute>
      <attribute name="notes">NA</attribute>
      <attribute name="sex">Female</attribute>
      <attribute name="view">Side</attribute>
    </box>
    <box frame="258" outside="0" occluded="1" keyframe="0" xtl="1651.80" ytl="464.54" xbr="1920.00" ybr="823.56" z_order="0">
      <attribute name="adipose clipped">No</attribute>
      <attribute name="confidence level">2</attribute>
      <attribute name="injury">No</attribute>
      <attribute name="notes">NA</attribute>
      <attribute name="sex">Female</attribute>
      <attribute name="view">Side</attribute>
    </box>
    <box frame="259" outside="0" occluded="1" keyframe="0" xtl="1661.15" ytl="460.70" xbr="1920.00" ybr="819.72" z_order="0">
      <attribute name="adipose clipped">No</attribute>
      <attribute name="confidence level">2</attribute>
      <attribute name="injury">No</attribute>
      <attribute name="notes">NA</attribute>
      <attribute name="sex">Female</attribute>
      <attribute name="view">Side</attribute>
    </box>
    <box frame="260" outside="0" occluded="1" keyframe="0" xtl="1670.50" ytl="456.86" xbr="1920.00" ybr="815.88" z_order="0">
      <attribute name="adipose clipped">No</attribute>
      <attribute name="confidence level">2</attribute>
      <attribute name="injury">No</attribute>
      <attribute name="notes">NA</attribute>
      <attribute name="sex">Female</attribute>
      <attribute name="view">Side</attribute>
    </box>
    <box frame="261" outside="0" occluded="1" keyframe="0" xtl="1679.85" ytl="453.02" xbr="1920.00" ybr="812.04" z_order="0">
      <attribute name="adipose clipped">No</attribute>
      <attribute name="confidence level">2</attribute>
      <attribute name="injury">No</attribute>
      <attribute name="notes">NA</attribute>
      <attribute name="sex">Female</attribute>
      <attribute name="view">Side</attribute>
    </box>
    <box frame="262" outside="0" occluded="1" keyframe="0" xtl="1689.20" ytl="449.18" xbr="1920.00" ybr="808.20" z_order="0">
      <attribute name="adipose clipped">No</attribute>
      <attribute name="confidence level">2</attribute>
      <attribute name="injury">No</attribute>
      <attribute name="notes">NA</attribute>
      <attribute name="sex">Female</attribute>
      <attribute name="view">Side</attribute>
    </box>
    <box frame="263" outside="0" occluded="1" keyframe="0" xtl="1698.55" ytl="445.34" xbr="1920.00" ybr="804.36" z_order="0">
      <attribute name="adipose clipped">No</attribute>
      <attribute name="confidence level">2</attribute>
      <attribute name="injury">No</attribute>
      <attribute name="notes">NA</attribute>
      <attribute name="sex">Female</attribute>
      <attribute name="view">Side</attribute>
    </box>
    <box frame="264" outside="0" occluded="1" keyframe="1" xtl="1707.90" ytl="441.50" xbr="1920.00" ybr="800.52" z_order="0">
      <attribute name="adipose clipped">No</attribute>
      <attribute name="confidence level">2</attribute>
      <attribute name="injury">No</attribute>
      <attribute name="notes">NA</attribute>
      <attribute name="sex">Female</attribute>
      <attribute name="view">Side</attribute>
    </box>
    <box frame="265" outside="0" occluded="1" keyframe="0" xtl="1776.35" ytl="441.50" xbr="1920.00" ybr="761.26" z_order="0">
      <attribute name="adipose clipped">No</attribute>
      <attribute name="confidence level">2</attribute>
      <attribute name="injury">No</attribute>
      <attribute name="notes">NA</attribute>
      <attribute name="sex">Female</attribute>
      <attribute name="view">Side</attribute>
    </box>
    <box frame="266" outside="0" occluded="1" keyframe="1" xtl="1844.80" ytl="441.50" xbr="1920.00" ybr="722.00" z_order="0">
      <attribute name="adipose clipped">No</attribute>
      <attribute name="confidence level">2</attribute>
      <attribute name="injury">No</attribute>
      <attribute name="notes">NA</attribute>
      <attribute name="sex">Female</attribute>
      <attribute name="view">Side</attribute>
    </box>
    <box frame="267" outside="1" occluded="1" keyframe="1" xtl="1844.80" ytl="441.50" xbr="1920.00" ybr="722.00" z_order="0">
      <attribute name="adipose clipped">No</attribute>
      <attribute name="confidence level">2</attribute>
      <attribute name="injury">No</attribute>
      <attribute name="notes">NA</attribute>
      <attribute name="sex">Female</attribute>
      <attribute name="view">Side</attribute>
    </box>
  </track>
</annotations>
