<?xml version="1.0" encoding="utf-8"?>
<annotations>
  <version>1.1</version>
  <meta>
    <task>
      <id>491</id>
      <name>09-23-2020 21-43-47 M Salmon Camera</name>
      <size>648</size>
      <mode>interpolation</mode>
      <overlap>5</overlap>
      <bugtracker></bugtracker>
      <created>2022-01-13 17:29:54.234654+00:00</created>
      <updated>2022-01-13 17:37:15.562843+00:00</updated>
      <subset>default</subset>
      <start_frame>0</start_frame>
      <stop_frame>647</stop_frame>
      <frame_filter></frame_filter>
      <segments>
        <segment>
          <id>480</id>
          <start>0</start>
          <stop>647</stop>
          <url>httplocalhost:8080/?id=480</url>
        </segment>
      </segments>
      <owner>
        <username>scurfield</username>
        <email>dan.scurfield@gmail.com</email>
      </owner>
      <assignee></assignee>
      <labels>
        <label>
          <name>Coho</name>
          <color>#83e070</color>
          <attributes>
            <attribute>
              <name>Adipose Clipped</name>
              <mutable>False</mutable>
              <input_type>select</input_type>
              <default_value>No</default_value>
              <values>No
Yes
NA</values>
            </attribute>
            <attribute>
              <name>confidence level</name>
              <mutable>False</mutable>
              <input_type>select</input_type>
              <default_value>3</default_value>
              <values>3
2
1</values>
            </attribute>
            <attribute>
              <name>injury</name>
              <mutable>False</mutable>
              <input_type>select</input_type>
              <default_value>No</default_value>
              <values>No
Yes
NA</values>
            </attribute>
            <attribute>
              <name>notes</name>
              <mutable>False</mutable>
              <input_type>text</input_type>
              <default_value>NA</default_value>
              <values>NA</values>
            </attribute>
            <attribute>
              <name>sex</name>
              <mutable>False</mutable>
              <input_type>select</input_type>
              <default_value>Male</default_value>
              <values>Male
Female
Jack</values>
            </attribute>
            <attribute>
              <name>view</name>
              <mutable>False</mutable>
              <input_type>select</input_type>
              <default_value>Side</default_value>
              <values>Side
Top-down</values>
            </attribute>
          </attributes>
        </label>
        <label>
          <name>Bull</name>
          <color>#20c000</color>
          <attributes>
            <attribute>
              <name>adipose clipped</name>
              <mutable>False</mutable>
              <input_type>select</input_type>
              <default_value>No</default_value>
              <values>No
NA</values>
            </attribute>
            <attribute>
              <name>confidence level</name>
              <mutable>False</mutable>
              <input_type>select</input_type>
              <default_value>3</default_value>
              <values>3
2
1</values>
            </attribute>
            <attribute>
              <name>injury</name>
              <mutable>False</mutable>
              <input_type>select</input_type>
              <default_value>No</default_value>
              <values>No
Yes
NA</values>
            </attribute>
            <attribute>
              <name>notes</name>
              <mutable>False</mutable>
              <input_type>text</input_type>
              <default_value>NA</default_value>
              <values>NA</values>
            </attribute>
            <attribute>
              <name>sex</name>
              <mutable>False</mutable>
              <input_type>select</input_type>
              <default_value>NA</default_value>
              <values>NA</values>
            </attribute>
            <attribute>
              <name>view</name>
              <mutable>False</mutable>
              <input_type>select</input_type>
              <default_value>Side</default_value>
              <values>Side
Top-down</values>
            </attribute>
          </attributes>
        </label>
        <label>
          <name>Chum</name>
          <color>#b83df5</color>
          <attributes>
            <attribute>
              <name>view</name>
              <mutable>False</mutable>
              <input_type>select</input_type>
              <default_value>Side</default_value>
              <values>Side
Top-down</values>
            </attribute>
            <attribute>
              <name>injury</name>
              <mutable>False</mutable>
              <input_type>select</input_type>
              <default_value>No</default_value>
              <values>No
Yes
NA</values>
            </attribute>
            <attribute>
              <name>adipose clipped</name>
              <mutable>False</mutable>
              <input_type>select</input_type>
              <default_value>No</default_value>
              <values>No
Yes
NA</values>
            </attribute>
            <attribute>
              <name>notes</name>
              <mutable>False</mutable>
              <input_type>text</input_type>
              <default_value>NA</default_value>
              <values>NA</values>
            </attribute>
            <attribute>
              <name>sex</name>
              <mutable>False</mutable>
              <input_type>select</input_type>
              <default_value>Male</default_value>
              <values>Male
Female</values>
            </attribute>
            <attribute>
              <name>confidence level</name>
              <mutable>False</mutable>
              <input_type>select</input_type>
              <default_value>3</default_value>
              <values>3
2
1</values>
            </attribute>
          </attributes>
        </label>
        <label>
          <name>Whitefish</name>
          <color>#e5e3ee</color>
          <attributes>
            <attribute>
              <name>adipose clipped</name>
              <mutable>False</mutable>
              <input_type>select</input_type>
              <default_value>No</default_value>
              <values>No
Yes
NA</values>
            </attribute>
            <attribute>
              <name>confidence level</name>
              <mutable>False</mutable>
              <input_type>select</input_type>
              <default_value>3</default_value>
              <values>3
2
1</values>
            </attribute>
            <attribute>
              <name>injury</name>
              <mutable>False</mutable>
              <input_type>select</input_type>
              <default_value>No</default_value>
              <values>No
Yes
NA</values>
            </attribute>
            <attribute>
              <name>notes</name>
              <mutable>False</mutable>
              <input_type>text</input_type>
              <default_value>NA</default_value>
              <values>NA</values>
            </attribute>
            <attribute>
              <name>sex</name>
              <mutable>False</mutable>
              <input_type>select</input_type>
              <default_value>NA</default_value>
              <values>NA</values>
            </attribute>
            <attribute>
              <name>view</name>
              <mutable>False</mutable>
              <input_type>select</input_type>
              <default_value>Side</default_value>
              <values>Side
Top-down</values>
            </attribute>
          </attributes>
        </label>
        <label>
          <name>Pink</name>
          <color>#fa7dbb</color>
          <attributes>
            <attribute>
              <name>confidence level</name>
              <mutable>False</mutable>
              <input_type>select</input_type>
              <default_value>3</default_value>
              <values>3
2
1</values>
            </attribute>
            <attribute>
              <name>injury</name>
              <mutable>False</mutable>
              <input_type>select</input_type>
              <default_value>No</default_value>
              <values>No
Yes
NA</values>
            </attribute>
            <attribute>
              <name>notes</name>
              <mutable>False</mutable>
              <input_type>text</input_type>
              <default_value>NA</default_value>
              <values>NA</values>
            </attribute>
            <attribute>
              <name>sex</name>
              <mutable>False</mutable>
              <input_type>select</input_type>
              <default_value>Male</default_value>
              <values>Male
Female</values>
            </attribute>
            <attribute>
              <name>view</name>
              <mutable>False</mutable>
              <input_type>select</input_type>
              <default_value>Side</default_value>
              <values>Side
Top-down</values>
            </attribute>
            <attribute>
              <name>adipose clipped</name>
              <mutable>False</mutable>
              <input_type>select</input_type>
              <default_value>No</default_value>
              <values>No
Yes
NA</values>
            </attribute>
          </attributes>
        </label>
        <label>
          <name>Sockeye</name>
          <color>#fa3253</color>
          <attributes>
            <attribute>
              <name>sex</name>
              <mutable>False</mutable>
              <input_type>select</input_type>
              <default_value>Male</default_value>
              <values>Male
Female
Jack</values>
            </attribute>
            <attribute>
              <name>view</name>
              <mutable>False</mutable>
              <input_type>select</input_type>
              <default_value>Side</default_value>
              <values>Side
Top-down</values>
            </attribute>
            <attribute>
              <name>adipose clipped</name>
              <mutable>False</mutable>
              <input_type>select</input_type>
              <default_value>No</default_value>
              <values>No
Yes
NA</values>
            </attribute>
            <attribute>
              <name>confidence level</name>
              <mutable>False</mutable>
              <input_type>select</input_type>
              <default_value>3</default_value>
              <values>3
2
1</values>
            </attribute>
            <attribute>
              <name>injury</name>
              <mutable>False</mutable>
              <input_type>select</input_type>
              <default_value>No</default_value>
              <values>No
Yes
NA</values>
            </attribute>
            <attribute>
              <name>notes</name>
              <mutable>False</mutable>
              <input_type>text</input_type>
              <default_value>NA</default_value>
              <values>NA</values>
            </attribute>
          </attributes>
        </label>
        <label>
          <name>Steelhead</name>
          <color>#32b7fa</color>
          <attributes>
            <attribute>
              <name>confidence level</name>
              <mutable>False</mutable>
              <input_type>select</input_type>
              <default_value>3</default_value>
              <values>3
2
1</values>
            </attribute>
            <attribute>
              <name>injury</name>
              <mutable>False</mutable>
              <input_type>select</input_type>
              <default_value>No</default_value>
              <values>No
Yes
NA</values>
            </attribute>
            <attribute>
              <name>notes</name>
              <mutable>False</mutable>
              <input_type>text</input_type>
              <default_value>NA</default_value>
              <values>NA</values>
            </attribute>
            <attribute>
              <name>sex</name>
              <mutable>False</mutable>
              <input_type>select</input_type>
              <default_value>Male</default_value>
              <values>Male
Female</values>
            </attribute>
            <attribute>
              <name>view</name>
              <mutable>False</mutable>
              <input_type>select</input_type>
              <default_value>Side</default_value>
              <values>Side
Top-down</values>
            </attribute>
            <attribute>
              <name>adipose clipped</name>
              <mutable>False</mutable>
              <input_type>select</input_type>
              <default_value>No</default_value>
              <values>No
Yes
NA</values>
            </attribute>
          </attributes>
        </label>
        <label>
          <name>Rainbow</name>
          <color>#f1c6e3</color>
          <attributes>
            <attribute>
              <name>injury</name>
              <mutable>False</mutable>
              <input_type>select</input_type>
              <default_value>No</default_value>
              <values>No
Yes
NA</values>
            </attribute>
            <attribute>
              <name>notes</name>
              <mutable>False</mutable>
              <input_type>text</input_type>
              <default_value>NA</default_value>
              <values>NA</values>
            </attribute>
            <attribute>
              <name>view</name>
              <mutable>False</mutable>
              <input_type>select</input_type>
              <default_value>Side</default_value>
              <values>Side
Top-down</values>
            </attribute>
            <attribute>
              <name>sex</name>
              <mutable>False</mutable>
              <input_type>select</input_type>
              <default_value>NA</default_value>
              <values>NA
Juvenile</values>
            </attribute>
            <attribute>
              <name>adipose clipped</name>
              <mutable>False</mutable>
              <input_type>select</input_type>
              <default_value>No</default_value>
              <values>No
Yes
NA</values>
            </attribute>
            <attribute>
              <name>confidence level</name>
              <mutable>False</mutable>
              <input_type>select</input_type>
              <default_value>3</default_value>
              <values>3
2
1</values>
            </attribute>
          </attributes>
        </label>
        <label>
          <name>Chinook</name>
          <color>#2a7dd1</color>
          <attributes>
            <attribute>
              <name>adipose clipped</name>
              <mutable>False</mutable>
              <input_type>select</input_type>
              <default_value>No</default_value>
              <values>No
Yes
NA</values>
            </attribute>
            <attribute>
              <name>confidence level</name>
              <mutable>False</mutable>
              <input_type>select</input_type>
              <default_value>3</default_value>
              <values>3
2
1</values>
            </attribute>
            <attribute>
              <name>injury</name>
              <mutable>False</mutable>
              <input_type>select</input_type>
              <default_value>No</default_value>
              <values>No
Yes
NA</values>
            </attribute>
            <attribute>
              <name>notes</name>
              <mutable>False</mutable>
              <input_type>text</input_type>
              <default_value>NA</default_value>
              <values>NA</values>
            </attribute>
            <attribute>
              <name>sex</name>
              <mutable>False</mutable>
              <input_type>select</input_type>
              <default_value>Male</default_value>
              <values>Male
Female
Jack</values>
            </attribute>
            <attribute>
              <name>view</name>
              <mutable>False</mutable>
              <input_type>select</input_type>
              <default_value>Side</default_value>
              <values>Side
Top-down</values>
            </attribute>
          </attributes>
        </label>
        <label>
          <name>Pikeminnow</name>
          <color>#ecc49c</color>
          <attributes>
            <attribute>
              <name>confidence level</name>
              <mutable>False</mutable>
              <input_type>select</input_type>
              <default_value>3</default_value>
              <values>3
2
1</values>
            </attribute>
            <attribute>
              <name>notes</name>
              <mutable>False</mutable>
              <input_type>text</input_type>
              <default_value>NA</default_value>
              <values>NA</values>
            </attribute>
          </attributes>
        </label>
        <label>
          <name>Shiner</name>
          <color>#8c78f0</color>
          <attributes>
            <attribute>
              <name>confidence level</name>
              <mutable>False</mutable>
              <input_type>select</input_type>
              <default_value>3</default_value>
              <values>3
2
1</values>
            </attribute>
            <attribute>
              <name>notes</name>
              <mutable>False</mutable>
              <input_type>text</input_type>
              <default_value>NA</default_value>
              <values>NA</values>
            </attribute>
          </attributes>
        </label>
        <label>
          <name>Lampray</name>
          <color>#2e2930</color>
          <attributes>
            <attribute>
              <name>confidence level</name>
              <mutable>False</mutable>
              <input_type>select</input_type>
              <default_value>3</default_value>
              <values>3
2
1</values>
            </attribute>
            <attribute>
              <name>notes</name>
              <mutable>False</mutable>
              <input_type>text</input_type>
              <default_value>NA</default_value>
              <values>NA</values>
            </attribute>
          </attributes>
        </label>
        <label>
          <name>Cutthroat</name>
          <color>#cc9933</color>
          <attributes>
            <attribute>
              <name>adipose clipped</name>
              <mutable>False</mutable>
              <input_type>select</input_type>
              <default_value>No</default_value>
              <values>No
Yes
NA</values>
            </attribute>
            <attribute>
              <name>confidence level</name>
              <mutable>False</mutable>
              <input_type>select</input_type>
              <default_value>3</default_value>
              <values>3
2
1</values>
            </attribute>
            <attribute>
              <name>injury</name>
              <mutable>False</mutable>
              <input_type>select</input_type>
              <default_value>No</default_value>
              <values>No
Yes
NA</values>
            </attribute>
            <attribute>
              <name>notes</name>
              <mutable>False</mutable>
              <input_type>text</input_type>
              <default_value>NA</default_value>
              <values>NA</values>
            </attribute>
            <attribute>
              <name>sex</name>
              <mutable>False</mutable>
              <input_type>select</input_type>
              <default_value>NA</default_value>
              <values>NA
Juvenile</values>
            </attribute>
            <attribute>
              <name>view</name>
              <mutable>False</mutable>
              <input_type>select</input_type>
              <default_value>Side</default_value>
              <values>Side
Top-down</values>
            </attribute>
          </attributes>
        </label>
      </labels>
      <original_size>
        <width>1920</width>
        <height>1080</height>
      </original_size>
    </task>
    <dumped>2022-01-13 17:37:23.089925+00:00</dumped>
    <source>09-23-2020 21-43-47 M Salmon Camera.m4v</source>
  </meta>
  <track id="0" label="Sockeye" source="manual">
    <box frame="81" outside="0" occluded="1" keyframe="1" xtl="0.00" ytl="635.23" xbr="81.77" ybr="858.96" z_order="0">
      <attribute name="adipose clipped">No</attribute>
      <attribute name="confidence level">2</attribute>
      <attribute name="injury">No</attribute>
      <attribute name="notes">NA</attribute>
      <attribute name="sex">Female</attribute>
      <attribute name="view">Side</attribute>
    </box>
    <box frame="82" outside="0" occluded="1" keyframe="0" xtl="0.00" ytl="619.88" xbr="132.36" ybr="861.96" z_order="0">
      <attribute name="adipose clipped">No</attribute>
      <attribute name="confidence level">2</attribute>
      <attribute name="injury">No</attribute>
      <attribute name="notes">NA</attribute>
      <attribute name="sex">Female</attribute>
      <attribute name="view">Side</attribute>
    </box>
    <box frame="83" outside="0" occluded="1" keyframe="0" xtl="0.00" ytl="604.52" xbr="182.95" ybr="864.97" z_order="0">
      <attribute name="adipose clipped">No</attribute>
      <attribute name="confidence level">2</attribute>
      <attribute name="injury">No</attribute>
      <attribute name="notes">NA</attribute>
      <attribute name="sex">Female</attribute>
      <attribute name="view">Side</attribute>
    </box>
    <box frame="84" outside="0" occluded="1" keyframe="0" xtl="0.00" ytl="589.16" xbr="233.54" ybr="867.97" z_order="0">
      <attribute name="adipose clipped">No</attribute>
      <attribute name="confidence level">2</attribute>
      <attribute name="injury">No</attribute>
      <attribute name="notes">NA</attribute>
      <attribute name="sex">Female</attribute>
      <attribute name="view">Side</attribute>
    </box>
    <box frame="85" outside="0" occluded="1" keyframe="0" xtl="0.00" ytl="573.80" xbr="284.12" ybr="870.98" z_order="0">
      <attribute name="adipose clipped">No</attribute>
      <attribute name="confidence level">2</attribute>
      <attribute name="injury">No</attribute>
      <attribute name="notes">NA</attribute>
      <attribute name="sex">Female</attribute>
      <attribute name="view">Side</attribute>
    </box>
    <box frame="86" outside="0" occluded="1" keyframe="0" xtl="0.00" ytl="558.44" xbr="334.71" ybr="873.98" z_order="0">
      <attribute name="adipose clipped">No</attribute>
      <attribute name="confidence level">2</attribute>
      <attribute name="injury">No</attribute>
      <attribute name="notes">NA</attribute>
      <attribute name="sex">Female</attribute>
      <attribute name="view">Side</attribute>
    </box>
    <box frame="87" outside="0" occluded="1" keyframe="0" xtl="0.00" ytl="543.09" xbr="385.30" ybr="876.99" z_order="0">
      <attribute name="adipose clipped">No</attribute>
      <attribute name="confidence level">2</attribute>
      <attribute name="injury">No</attribute>
      <attribute name="notes">NA</attribute>
      <attribute name="sex">Female</attribute>
      <attribute name="view">Side</attribute>
    </box>
    <box frame="88" outside="0" occluded="1" keyframe="0" xtl="0.00" ytl="527.73" xbr="435.89" ybr="879.99" z_order="0">
      <attribute name="adipose clipped">No</attribute>
      <attribute name="confidence level">2</attribute>
      <attribute name="injury">No</attribute>
      <attribute name="notes">NA</attribute>
      <attribute name="sex">Female</attribute>
      <attribute name="view">Side</attribute>
    </box>
    <box frame="89" outside="0" occluded="1" keyframe="0" xtl="0.00" ytl="512.37" xbr="486.47" ybr="883.00" z_order="0">
      <attribute name="adipose clipped">No</attribute>
      <attribute name="confidence level">2</attribute>
      <attribute name="injury">No</attribute>
      <attribute name="notes">NA</attribute>
      <attribute name="sex">Female</attribute>
      <attribute name="view">Side</attribute>
    </box>
    <box frame="90" outside="0" occluded="1" keyframe="0" xtl="0.00" ytl="497.01" xbr="537.06" ybr="886.00" z_order="0">
      <attribute name="adipose clipped">No</attribute>
      <attribute name="confidence level">2</attribute>
      <attribute name="injury">No</attribute>
      <attribute name="notes">NA</attribute>
      <attribute name="sex">Female</attribute>
      <attribute name="view">Side</attribute>
    </box>
    <box frame="91" outside="0" occluded="0" keyframe="1" xtl="0.00" ytl="481.65" xbr="587.65" ybr="889.01" z_order="0">
      <attribute name="adipose clipped">No</attribute>
      <attribute name="confidence level">2</attribute>
      <attribute name="injury">No</attribute>
      <attribute name="notes">NA</attribute>
      <attribute name="sex">Female</attribute>
      <attribute name="view">Side</attribute>
    </box>
    <box frame="92" outside="0" occluded="0" keyframe="0" xtl="0.00" ytl="475.31" xbr="646.91" ybr="889.01" z_order="0">
      <attribute name="adipose clipped">No</attribute>
      <attribute name="confidence level">2</attribute>
      <attribute name="injury">No</attribute>
      <attribute name="notes">NA</attribute>
      <attribute name="sex">Female</attribute>
      <attribute name="view">Side</attribute>
    </box>
    <box frame="93" outside="0" occluded="0" keyframe="0" xtl="0.00" ytl="468.96" xbr="706.18" ybr="889.01" z_order="0">
      <attribute name="adipose clipped">No</attribute>
      <attribute name="confidence level">2</attribute>
      <attribute name="injury">No</attribute>
      <attribute name="notes">NA</attribute>
      <attribute name="sex">Female</attribute>
      <attribute name="view">Side</attribute>
    </box>
    <box frame="94" outside="0" occluded="0" keyframe="0" xtl="0.00" ytl="462.62" xbr="765.44" ybr="889.01" z_order="0">
      <attribute name="adipose clipped">No</attribute>
      <attribute name="confidence level">2</attribute>
      <attribute name="injury">No</attribute>
      <attribute name="notes">NA</attribute>
      <attribute name="sex">Female</attribute>
      <attribute name="view">Side</attribute>
    </box>
    <box frame="95" outside="0" occluded="0" keyframe="0" xtl="0.00" ytl="456.27" xbr="824.71" ybr="889.01" z_order="0">
      <attribute name="adipose clipped">No</attribute>
      <attribute name="confidence level">2</attribute>
      <attribute name="injury">No</attribute>
      <attribute name="notes">NA</attribute>
      <attribute name="sex">Female</attribute>
      <attribute name="view">Side</attribute>
    </box>
    <box frame="96" outside="0" occluded="0" keyframe="0" xtl="0.00" ytl="449.93" xbr="883.97" ybr="889.01" z_order="0">
      <attribute name="adipose clipped">No</attribute>
      <attribute name="confidence level">2</attribute>
      <attribute name="injury">No</attribute>
      <attribute name="notes">NA</attribute>
      <attribute name="sex">Female</attribute>
      <attribute name="view">Side</attribute>
    </box>
    <box frame="97" outside="0" occluded="0" keyframe="0" xtl="0.00" ytl="443.58" xbr="943.24" ybr="889.01" z_order="0">
      <attribute name="adipose clipped">No</attribute>
      <attribute name="confidence level">2</attribute>
      <attribute name="injury">No</attribute>
      <attribute name="notes">NA</attribute>
      <attribute name="sex">Female</attribute>
      <attribute name="view">Side</attribute>
    </box>
    <box frame="98" outside="0" occluded="0" keyframe="0" xtl="0.00" ytl="437.24" xbr="1002.50" ybr="889.01" z_order="0">
      <attribute name="adipose clipped">No</attribute>
      <attribute name="confidence level">2</attribute>
      <attribute name="injury">No</attribute>
      <attribute name="notes">NA</attribute>
      <attribute name="sex">Female</attribute>
      <attribute name="view">Side</attribute>
    </box>
    <box frame="99" outside="0" occluded="0" keyframe="0" xtl="0.00" ytl="430.89" xbr="1061.77" ybr="889.01" z_order="0">
      <attribute name="adipose clipped">No</attribute>
      <attribute name="confidence level">2</attribute>
      <attribute name="injury">No</attribute>
      <attribute name="notes">NA</attribute>
      <attribute name="sex">Female</attribute>
      <attribute name="view">Side</attribute>
    </box>
    <box frame="100" outside="0" occluded="0" keyframe="0" xtl="0.00" ytl="424.55" xbr="1121.03" ybr="889.01" z_order="0">
      <attribute name="adipose clipped">No</attribute>
      <attribute name="confidence level">2</attribute>
      <attribute name="injury">No</attribute>
      <attribute name="notes">NA</attribute>
      <attribute name="sex">Female</attribute>
      <attribute name="view">Side</attribute>
    </box>
    <box frame="101" outside="0" occluded="0" keyframe="1" xtl="0.00" ytl="418.20" xbr="1180.30" ybr="889.01" z_order="0">
      <attribute name="adipose clipped">No</attribute>
      <attribute name="confidence level">2</attribute>
      <attribute name="injury">No</attribute>
      <attribute name="notes">NA</attribute>
      <attribute name="sex">Female</attribute>
      <attribute name="view">Side</attribute>
    </box>
    <box frame="102" outside="0" occluded="0" keyframe="0" xtl="0.00" ytl="419.37" xbr="1227.88" ybr="888.34" z_order="0">
      <attribute name="adipose clipped">No</attribute>
      <attribute name="confidence level">2</attribute>
      <attribute name="injury">No</attribute>
      <attribute name="notes">NA</attribute>
      <attribute name="sex">Female</attribute>
      <attribute name="view">Side</attribute>
    </box>
    <box frame="103" outside="0" occluded="0" keyframe="0" xtl="0.00" ytl="420.54" xbr="1275.46" ybr="887.67" z_order="0">
      <attribute name="adipose clipped">No</attribute>
      <attribute name="confidence level">2</attribute>
      <attribute name="injury">No</attribute>
      <attribute name="notes">NA</attribute>
      <attribute name="sex">Female</attribute>
      <attribute name="view">Side</attribute>
    </box>
    <box frame="104" outside="0" occluded="0" keyframe="0" xtl="0.00" ytl="421.71" xbr="1323.04" ybr="887.01" z_order="0">
      <attribute name="adipose clipped">No</attribute>
      <attribute name="confidence level">2</attribute>
      <attribute name="injury">No</attribute>
      <attribute name="notes">NA</attribute>
      <attribute name="sex">Female</attribute>
      <attribute name="view">Side</attribute>
    </box>
    <box frame="105" outside="0" occluded="0" keyframe="0" xtl="0.00" ytl="422.88" xbr="1370.62" ybr="886.34" z_order="0">
      <attribute name="adipose clipped">No</attribute>
      <attribute name="confidence level">2</attribute>
      <attribute name="injury">No</attribute>
      <attribute name="notes">NA</attribute>
      <attribute name="sex">Female</attribute>
      <attribute name="view">Side</attribute>
    </box>
    <box frame="106" outside="0" occluded="0" keyframe="0" xtl="0.00" ytl="424.05" xbr="1418.20" ybr="885.67" z_order="0">
      <attribute name="adipose clipped">No</attribute>
      <attribute name="confidence level">2</attribute>
      <attribute name="injury">No</attribute>
      <attribute name="notes">NA</attribute>
      <attribute name="sex">Female</attribute>
      <attribute name="view">Side</attribute>
    </box>
    <box frame="107" outside="0" occluded="0" keyframe="1" xtl="0.00" ytl="425.22" xbr="1465.78" ybr="885.00" z_order="0">
      <attribute name="adipose clipped">No</attribute>
      <attribute name="confidence level">2</attribute>
      <attribute name="injury">No</attribute>
      <attribute name="notes">NA</attribute>
      <attribute name="sex">Female</attribute>
      <attribute name="view">Side</attribute>
    </box>
    <box frame="108" outside="0" occluded="0" keyframe="0" xtl="31.30" ytl="426.39" xbr="1513.36" ybr="884.33" z_order="0">
      <attribute name="adipose clipped">No</attribute>
      <attribute name="confidence level">2</attribute>
      <attribute name="injury">No</attribute>
      <attribute name="notes">NA</attribute>
      <attribute name="sex">Female</attribute>
      <attribute name="view">Side</attribute>
    </box>
    <box frame="109" outside="0" occluded="0" keyframe="0" xtl="62.61" ytl="427.56" xbr="1560.94" ybr="883.67" z_order="0">
      <attribute name="adipose clipped">No</attribute>
      <attribute name="confidence level">2</attribute>
      <attribute name="injury">No</attribute>
      <attribute name="notes">NA</attribute>
      <attribute name="sex">Female</attribute>
      <attribute name="view">Side</attribute>
    </box>
    <box frame="110" outside="0" occluded="0" keyframe="0" xtl="93.91" ytl="428.73" xbr="1608.52" ybr="883.00" z_order="0">
      <attribute name="adipose clipped">No</attribute>
      <attribute name="confidence level">2</attribute>
      <attribute name="injury">No</attribute>
      <attribute name="notes">NA</attribute>
      <attribute name="sex">Female</attribute>
      <attribute name="view">Side</attribute>
    </box>
    <box frame="111" outside="0" occluded="0" keyframe="1" xtl="125.22" ytl="429.90" xbr="1656.10" ybr="882.33" z_order="0">
      <attribute name="adipose clipped">No</attribute>
      <attribute name="confidence level">2</attribute>
      <attribute name="injury">No</attribute>
      <attribute name="notes">NA</attribute>
      <attribute name="sex">Female</attribute>
      <attribute name="view">Side</attribute>
    </box>
    <box frame="112" outside="0" occluded="0" keyframe="0" xtl="178.64" ytl="428.23" xbr="1682.49" ybr="880.66" z_order="0">
      <attribute name="adipose clipped">No</attribute>
      <attribute name="confidence level">2</attribute>
      <attribute name="injury">No</attribute>
      <attribute name="notes">NA</attribute>
      <attribute name="sex">Female</attribute>
      <attribute name="view">Side</attribute>
    </box>
    <box frame="113" outside="0" occluded="0" keyframe="0" xtl="232.07" ytl="426.56" xbr="1708.88" ybr="878.99" z_order="0">
      <attribute name="adipose clipped">No</attribute>
      <attribute name="confidence level">2</attribute>
      <attribute name="injury">No</attribute>
      <attribute name="notes">NA</attribute>
      <attribute name="sex">Female</attribute>
      <attribute name="view">Side</attribute>
    </box>
    <box frame="114" outside="0" occluded="0" keyframe="0" xtl="285.50" ytl="424.89" xbr="1735.27" ybr="877.32" z_order="0">
      <attribute name="adipose clipped">No</attribute>
      <attribute name="confidence level">2</attribute>
      <attribute name="injury">No</attribute>
      <attribute name="notes">NA</attribute>
      <attribute name="sex">Female</attribute>
      <attribute name="view">Side</attribute>
    </box>
    <box frame="115" outside="0" occluded="0" keyframe="0" xtl="338.92" ytl="423.22" xbr="1761.66" ybr="875.65" z_order="0">
      <attribute name="adipose clipped">No</attribute>
      <attribute name="confidence level">2</attribute>
      <attribute name="injury">No</attribute>
      <attribute name="notes">NA</attribute>
      <attribute name="sex">Female</attribute>
      <attribute name="view">Side</attribute>
    </box>
    <box frame="116" outside="0" occluded="0" keyframe="0" xtl="392.35" ytl="421.55" xbr="1788.05" ybr="873.98" z_order="0">
      <attribute name="adipose clipped">No</attribute>
      <attribute name="confidence level">2</attribute>
      <attribute name="injury">No</attribute>
      <attribute name="notes">NA</attribute>
      <attribute name="sex">Female</attribute>
      <attribute name="view">Side</attribute>
    </box>
    <box frame="117" outside="0" occluded="0" keyframe="0" xtl="445.77" ytl="419.88" xbr="1814.44" ybr="872.31" z_order="0">
      <attribute name="adipose clipped">No</attribute>
      <attribute name="confidence level">2</attribute>
      <attribute name="injury">No</attribute>
      <attribute name="notes">NA</attribute>
      <attribute name="sex">Female</attribute>
      <attribute name="view">Side</attribute>
    </box>
    <box frame="118" outside="0" occluded="0" keyframe="0" xtl="499.20" ytl="418.21" xbr="1840.83" ybr="870.64" z_order="0">
      <attribute name="adipose clipped">No</attribute>
      <attribute name="confidence level">2</attribute>
      <attribute name="injury">No</attribute>
      <attribute name="notes">NA</attribute>
      <attribute name="sex">Female</attribute>
      <attribute name="view">Side</attribute>
    </box>
    <box frame="119" outside="0" occluded="0" keyframe="0" xtl="552.63" ytl="416.54" xbr="1867.22" ybr="868.97" z_order="0">
      <attribute name="adipose clipped">No</attribute>
      <attribute name="confidence level">2</attribute>
      <attribute name="injury">No</attribute>
      <attribute name="notes">NA</attribute>
      <attribute name="sex">Female</attribute>
      <attribute name="view">Side</attribute>
    </box>
    <box frame="120" outside="0" occluded="0" keyframe="0" xtl="606.05" ytl="414.87" xbr="1893.61" ybr="867.30" z_order="0">
      <attribute name="adipose clipped">No</attribute>
      <attribute name="confidence level">2</attribute>
      <attribute name="injury">No</attribute>
      <attribute name="notes">NA</attribute>
      <attribute name="sex">Female</attribute>
      <attribute name="view">Side</attribute>
    </box>
    <box frame="121" outside="0" occluded="0" keyframe="1" xtl="659.48" ytl="413.20" xbr="1920.00" ybr="865.63" z_order="0">
      <attribute name="adipose clipped">No</attribute>
      <attribute name="confidence level">2</attribute>
      <attribute name="injury">No</attribute>
      <attribute name="notes">NA</attribute>
      <attribute name="sex">Female</attribute>
      <attribute name="view">Side</attribute>
    </box>
    <box frame="122" outside="0" occluded="0" keyframe="0" xtl="708.23" ytl="411.53" xbr="1920.00" ybr="863.96" z_order="0">
      <attribute name="adipose clipped">No</attribute>
      <attribute name="confidence level">2</attribute>
      <attribute name="injury">No</attribute>
      <attribute name="notes">NA</attribute>
      <attribute name="sex">Female</attribute>
      <attribute name="view">Side</attribute>
    </box>
    <box frame="123" outside="0" occluded="0" keyframe="0" xtl="756.98" ytl="409.87" xbr="1920.00" ybr="862.30" z_order="0">
      <attribute name="adipose clipped">No</attribute>
      <attribute name="confidence level">2</attribute>
      <attribute name="injury">No</attribute>
      <attribute name="notes">NA</attribute>
      <attribute name="sex">Female</attribute>
      <attribute name="view">Side</attribute>
    </box>
    <box frame="124" outside="0" occluded="0" keyframe="0" xtl="805.73" ytl="408.20" xbr="1920.00" ybr="860.63" z_order="0">
      <attribute name="adipose clipped">No</attribute>
      <attribute name="confidence level">2</attribute>
      <attribute name="injury">No</attribute>
      <attribute name="notes">NA</attribute>
      <attribute name="sex">Female</attribute>
      <attribute name="view">Side</attribute>
    </box>
    <box frame="125" outside="0" occluded="0" keyframe="0" xtl="854.48" ytl="406.53" xbr="1920.00" ybr="858.96" z_order="0">
      <attribute name="adipose clipped">No</attribute>
      <attribute name="confidence level">2</attribute>
      <attribute name="injury">No</attribute>
      <attribute name="notes">NA</attribute>
      <attribute name="sex">Female</attribute>
      <attribute name="view">Side</attribute>
    </box>
    <box frame="126" outside="0" occluded="0" keyframe="0" xtl="903.24" ytl="404.86" xbr="1920.00" ybr="857.29" z_order="0">
      <attribute name="adipose clipped">No</attribute>
      <attribute name="confidence level">2</attribute>
      <attribute name="injury">No</attribute>
      <attribute name="notes">NA</attribute>
      <attribute name="sex">Female</attribute>
      <attribute name="view">Side</attribute>
    </box>
    <box frame="127" outside="0" occluded="0" keyframe="0" xtl="951.99" ytl="403.19" xbr="1920.00" ybr="855.62" z_order="0">
      <attribute name="adipose clipped">No</attribute>
      <attribute name="confidence level">2</attribute>
      <attribute name="injury">No</attribute>
      <attribute name="notes">NA</attribute>
      <attribute name="sex">Female</attribute>
      <attribute name="view">Side</attribute>
    </box>
    <box frame="128" outside="0" occluded="0" keyframe="0" xtl="1000.74" ytl="401.52" xbr="1920.00" ybr="853.95" z_order="0">
      <attribute name="adipose clipped">No</attribute>
      <attribute name="confidence level">2</attribute>
      <attribute name="injury">No</attribute>
      <attribute name="notes">NA</attribute>
      <attribute name="sex">Female</attribute>
      <attribute name="view">Side</attribute>
    </box>
    <box frame="129" outside="0" occluded="0" keyframe="0" xtl="1049.49" ytl="399.85" xbr="1920.00" ybr="852.28" z_order="0">
      <attribute name="adipose clipped">No</attribute>
      <attribute name="confidence level">2</attribute>
      <attribute name="injury">No</attribute>
      <attribute name="notes">NA</attribute>
      <attribute name="sex">Female</attribute>
      <attribute name="view">Side</attribute>
    </box>
    <box frame="130" outside="0" occluded="0" keyframe="0" xtl="1098.24" ytl="398.18" xbr="1920.00" ybr="850.61" z_order="0">
      <attribute name="adipose clipped">No</attribute>
      <attribute name="confidence level">2</attribute>
      <attribute name="injury">No</attribute>
      <attribute name="notes">NA</attribute>
      <attribute name="sex">Female</attribute>
      <attribute name="view">Side</attribute>
    </box>
    <box frame="131" outside="0" occluded="1" keyframe="1" xtl="1146.99" ytl="396.51" xbr="1920.00" ybr="848.94" z_order="0">
      <attribute name="adipose clipped">No</attribute>
      <attribute name="confidence level">2</attribute>
      <attribute name="injury">No</attribute>
      <attribute name="notes">NA</attribute>
      <attribute name="sex">Female</attribute>
      <attribute name="view">Side</attribute>
    </box>
    <box frame="132" outside="0" occluded="1" keyframe="0" xtl="1184.06" ytl="401.35" xbr="1920.00" ybr="846.27" z_order="0">
      <attribute name="adipose clipped">No</attribute>
      <attribute name="confidence level">2</attribute>
      <attribute name="injury">No</attribute>
      <attribute name="notes">NA</attribute>
      <attribute name="sex">Female</attribute>
      <attribute name="view">Side</attribute>
    </box>
    <box frame="133" outside="0" occluded="1" keyframe="0" xtl="1221.12" ytl="406.19" xbr="1920.00" ybr="843.60" z_order="0">
      <attribute name="adipose clipped">No</attribute>
      <attribute name="confidence level">2</attribute>
      <attribute name="injury">No</attribute>
      <attribute name="notes">NA</attribute>
      <attribute name="sex">Female</attribute>
      <attribute name="view">Side</attribute>
    </box>
    <box frame="134" outside="0" occluded="1" keyframe="0" xtl="1258.19" ytl="411.03" xbr="1920.00" ybr="840.92" z_order="0">
      <attribute name="adipose clipped">No</attribute>
      <attribute name="confidence level">2</attribute>
      <attribute name="injury">No</attribute>
      <attribute name="notes">NA</attribute>
      <attribute name="sex">Female</attribute>
      <attribute name="view">Side</attribute>
    </box>
    <box frame="135" outside="0" occluded="1" keyframe="0" xtl="1295.25" ytl="415.87" xbr="1920.00" ybr="838.25" z_order="0">
      <attribute name="adipose clipped">No</attribute>
      <attribute name="confidence level">2</attribute>
      <attribute name="injury">No</attribute>
      <attribute name="notes">NA</attribute>
      <attribute name="sex">Female</attribute>
      <attribute name="view">Side</attribute>
    </box>
    <box frame="136" outside="0" occluded="1" keyframe="0" xtl="1332.31" ytl="420.70" xbr="1920.00" ybr="835.58" z_order="0">
      <attribute name="adipose clipped">No</attribute>
      <attribute name="confidence level">2</attribute>
      <attribute name="injury">No</attribute>
      <attribute name="notes">NA</attribute>
      <attribute name="sex">Female</attribute>
      <attribute name="view">Side</attribute>
    </box>
    <box frame="137" outside="0" occluded="1" keyframe="0" xtl="1369.38" ytl="425.54" xbr="1920.00" ybr="832.91" z_order="0">
      <attribute name="adipose clipped">No</attribute>
      <attribute name="confidence level">2</attribute>
      <attribute name="injury">No</attribute>
      <attribute name="notes">NA</attribute>
      <attribute name="sex">Female</attribute>
      <attribute name="view">Side</attribute>
    </box>
    <box frame="138" outside="0" occluded="1" keyframe="0" xtl="1406.44" ytl="430.38" xbr="1920.00" ybr="830.24" z_order="0">
      <attribute name="adipose clipped">No</attribute>
      <attribute name="confidence level">2</attribute>
      <attribute name="injury">No</attribute>
      <attribute name="notes">NA</attribute>
      <attribute name="sex">Female</attribute>
      <attribute name="view">Side</attribute>
    </box>
    <box frame="139" outside="0" occluded="1" keyframe="0" xtl="1443.51" ytl="435.22" xbr="1920.00" ybr="827.57" z_order="0">
      <attribute name="adipose clipped">No</attribute>
      <attribute name="confidence level">2</attribute>
      <attribute name="injury">No</attribute>
      <attribute name="notes">NA</attribute>
      <attribute name="sex">Female</attribute>
      <attribute name="view">Side</attribute>
    </box>
    <box frame="140" outside="0" occluded="1" keyframe="0" xtl="1480.57" ytl="440.06" xbr="1920.00" ybr="824.90" z_order="0">
      <attribute name="adipose clipped">No</attribute>
      <attribute name="confidence level">2</attribute>
      <attribute name="injury">No</attribute>
      <attribute name="notes">NA</attribute>
      <attribute name="sex">Female</attribute>
      <attribute name="view">Side</attribute>
    </box>
    <box frame="141" outside="0" occluded="1" keyframe="1" xtl="1517.64" ytl="444.90" xbr="1920.00" ybr="822.23" z_order="0">
      <attribute name="adipose clipped">No</attribute>
      <attribute name="confidence level">2</attribute>
      <attribute name="injury">No</attribute>
      <attribute name="notes">NA</attribute>
      <attribute name="sex">Female</attribute>
      <attribute name="view">Side</attribute>
    </box>
    <box frame="142" outside="0" occluded="1" keyframe="0" xtl="1541.63" ytl="440.00" xbr="1920.00" ybr="820.19" z_order="0">
      <attribute name="adipose clipped">No</attribute>
      <attribute name="confidence level">2</attribute>
      <attribute name="injury">No</attribute>
      <attribute name="notes">NA</attribute>
      <attribute name="sex">Female</attribute>
      <attribute name="view">Side</attribute>
    </box>
    <box frame="143" outside="0" occluded="1" keyframe="0" xtl="1565.63" ytl="435.10" xbr="1920.00" ybr="818.14" z_order="0">
      <attribute name="adipose clipped">No</attribute>
      <attribute name="confidence level">2</attribute>
      <attribute name="injury">No</attribute>
      <attribute name="notes">NA</attribute>
      <attribute name="sex">Female</attribute>
      <attribute name="view">Side</attribute>
    </box>
    <box frame="144" outside="0" occluded="1" keyframe="0" xtl="1589.62" ytl="430.20" xbr="1920.00" ybr="816.10" z_order="0">
      <attribute name="adipose clipped">No</attribute>
      <attribute name="confidence level">2</attribute>
      <attribute name="injury">No</attribute>
      <attribute name="notes">NA</attribute>
      <attribute name="sex">Female</attribute>
      <attribute name="view">Side</attribute>
    </box>
    <box frame="145" outside="0" occluded="1" keyframe="0" xtl="1613.62" ytl="425.30" xbr="1920.00" ybr="814.06" z_order="0">
      <attribute name="adipose clipped">No</attribute>
      <attribute name="confidence level">2</attribute>
      <attribute name="injury">No</attribute>
      <attribute name="notes">NA</attribute>
      <attribute name="sex">Female</attribute>
      <attribute name="view">Side</attribute>
    </box>
    <box frame="146" outside="0" occluded="1" keyframe="0" xtl="1637.61" ytl="420.40" xbr="1920.00" ybr="812.02" z_order="0">
      <attribute name="adipose clipped">No</attribute>
      <attribute name="confidence level">2</attribute>
      <attribute name="injury">No</attribute>
      <attribute name="notes">NA</attribute>
      <attribute name="sex">Female</attribute>
      <attribute name="view">Side</attribute>
    </box>
    <box frame="147" outside="0" occluded="1" keyframe="0" xtl="1661.61" ytl="415.50" xbr="1920.00" ybr="809.98" z_order="0">
      <attribute name="adipose clipped">No</attribute>
      <attribute name="confidence level">2</attribute>
      <attribute name="injury">No</attribute>
      <attribute name="notes">NA</attribute>
      <attribute name="sex">Female</attribute>
      <attribute name="view">Side</attribute>
    </box>
    <box frame="148" outside="0" occluded="1" keyframe="0" xtl="1685.60" ytl="410.60" xbr="1920.00" ybr="807.94" z_order="0">
      <attribute name="adipose clipped">No</attribute>
      <attribute name="confidence level">2</attribute>
      <attribute name="injury">No</attribute>
      <attribute name="notes">NA</attribute>
      <attribute name="sex">Female</attribute>
      <attribute name="view">Side</attribute>
    </box>
    <box frame="149" outside="0" occluded="1" keyframe="1" xtl="1709.60" ytl="405.70" xbr="1920.00" ybr="805.90" z_order="0">
      <attribute name="adipose clipped">No</attribute>
      <attribute name="confidence level">2</attribute>
      <attribute name="injury">No</attribute>
      <attribute name="notes">NA</attribute>
      <attribute name="sex">Female</attribute>
      <attribute name="view">Side</attribute>
    </box>
    <box frame="150" outside="0" occluded="1" keyframe="1" xtl="1833.18" ytl="481.60" xbr="1920.00" ybr="803.86" z_order="0">
      <attribute name="adipose clipped">No</attribute>
      <attribute name="confidence level">2</attribute>
      <attribute name="injury">No</attribute>
      <attribute name="notes">NA</attribute>
      <attribute name="sex">Female</attribute>
      <attribute name="view">Side</attribute>
    </box>
    <box frame="151" outside="1" occluded="1" keyframe="1" xtl="1833.18" ytl="481.60" xbr="1920.00" ybr="803.86" z_order="0">
      <attribute name="adipose clipped">No</attribute>
      <attribute name="confidence level">2</attribute>
      <attribute name="injury">No</attribute>
      <attribute name="notes">NA</attribute>
      <attribute name="sex">Female</attribute>
      <attribute name="view">Side</attribute>
    </box>
  </track>
</annotations>
