<?xml version="1.0" encoding="utf-8"?>
<annotations>
  <version>1.1</version>
  <meta>
    <task>
      <id>353</id>
      <name>09-25-2019 23-36-09 M Right Bank Underwater</name>
      <size>248</size>
      <mode>interpolation</mode>
      <overlap>5</overlap>
      <bugtracker></bugtracker>
      <created>2021-03-22 22:35:43.624198+00:00</created>
      <updated>2021-03-23 00:43:54.508808+00:00</updated>
      <start_frame>0</start_frame>
      <stop_frame>247</stop_frame>
      <frame_filter></frame_filter>
      <labels>
        <label>
          <name>Coho</name>
          <color>#24b353</color>
          <attributes>
            <attribute>
              <name>Adipose Clipped</name>
              <mutable>False</mutable>
              <input_type>select</input_type>
              <default_value>No</default_value>
              <values>No
Yes
NA</values>
            </attribute>
            <attribute>
              <name>Confidence Level</name>
              <mutable>False</mutable>
              <input_type>select</input_type>
              <default_value>3</default_value>
              <values>3
2
1</values>
            </attribute>
            <attribute>
              <name>Injury</name>
              <mutable>False</mutable>
              <input_type>select</input_type>
              <default_value>No</default_value>
              <values>No
Yes
NA</values>
            </attribute>
            <attribute>
              <name>Notes</name>
              <mutable>False</mutable>
              <input_type>text</input_type>
              <default_value>NA</default_value>
              <values>NA</values>
            </attribute>
            <attribute>
              <name>Sex</name>
              <mutable>False</mutable>
              <input_type>select</input_type>
              <default_value>Male</default_value>
              <values>Male
Female
Jack</values>
            </attribute>
          </attributes>
        </label>
        <label>
          <name>Bull</name>
          <color>#ff6037</color>
          <attributes>
            <attribute>
              <name>Adipose Clipped</name>
              <mutable>False</mutable>
              <input_type>select</input_type>
              <default_value>No</default_value>
              <values>No
NA</values>
            </attribute>
            <attribute>
              <name>Confidence Level</name>
              <mutable>False</mutable>
              <input_type>select</input_type>
              <default_value>3</default_value>
              <values>3
2
1</values>
            </attribute>
            <attribute>
              <name>Injury</name>
              <mutable>False</mutable>
              <input_type>select</input_type>
              <default_value>No</default_value>
              <values>No
Yes
NA</values>
            </attribute>
            <attribute>
              <name>Notes</name>
              <mutable>False</mutable>
              <input_type>text</input_type>
              <default_value>NA</default_value>
              <values>NA</values>
            </attribute>
            <attribute>
              <name>Sex</name>
              <mutable>False</mutable>
              <input_type>select</input_type>
              <default_value>NA</default_value>
              <values>NA</values>
            </attribute>
          </attributes>
        </label>
        <label>
          <name>Chum</name>
          <color>#b83df5</color>
          <attributes>
            <attribute>
              <name>Adipose Clipped</name>
              <mutable>False</mutable>
              <input_type>select</input_type>
              <default_value>No</default_value>
              <values>No
Yes
NA</values>
            </attribute>
            <attribute>
              <name>Confidence Level</name>
              <mutable>False</mutable>
              <input_type>select</input_type>
              <default_value>3</default_value>
              <values>3
2
1</values>
            </attribute>
            <attribute>
              <name>Injury</name>
              <mutable>False</mutable>
              <input_type>select</input_type>
              <default_value>No</default_value>
              <values>No
Yes
NA</values>
            </attribute>
            <attribute>
              <name>Notes</name>
              <mutable>False</mutable>
              <input_type>text</input_type>
              <default_value>NA</default_value>
              <values>NA</values>
            </attribute>
            <attribute>
              <name>Sex</name>
              <mutable>False</mutable>
              <input_type>select</input_type>
              <default_value>Male</default_value>
              <values>Male
Female</values>
            </attribute>
          </attributes>
        </label>
        <label>
          <name>Whitefish</name>
          <color>#e5e5f3</color>
          <attributes>
            <attribute>
              <name>Adipose Clipped</name>
              <mutable>False</mutable>
              <input_type>select</input_type>
              <default_value>No</default_value>
              <values>No
Yes
NA</values>
            </attribute>
            <attribute>
              <name>Confidence Level</name>
              <mutable>False</mutable>
              <input_type>select</input_type>
              <default_value>3</default_value>
              <values>3
2
1</values>
            </attribute>
            <attribute>
              <name>Injury</name>
              <mutable>False</mutable>
              <input_type>select</input_type>
              <default_value>No</default_value>
              <values>No
Yes
NA</values>
            </attribute>
            <attribute>
              <name>Notes</name>
              <mutable>False</mutable>
              <input_type>text</input_type>
              <default_value>NA</default_value>
              <values>NA</values>
            </attribute>
            <attribute>
              <name>Sex</name>
              <mutable>False</mutable>
              <input_type>select</input_type>
              <default_value>NA</default_value>
              <values>NA</values>
            </attribute>
          </attributes>
        </label>
        <label>
          <name>Pink</name>
          <color>#fa7dbb</color>
          <attributes>
            <attribute>
              <name>Adipose Clipped</name>
              <mutable>False</mutable>
              <input_type>select</input_type>
              <default_value>No</default_value>
              <values>No
Yes
NA</values>
            </attribute>
            <attribute>
              <name>Confidence Level</name>
              <mutable>False</mutable>
              <input_type>select</input_type>
              <default_value>3</default_value>
              <values>3
2
1</values>
            </attribute>
            <attribute>
              <name>Injury</name>
              <mutable>False</mutable>
              <input_type>select</input_type>
              <default_value>No</default_value>
              <values>No
Yes
NA</values>
            </attribute>
            <attribute>
              <name>Notes</name>
              <mutable>False</mutable>
              <input_type>text</input_type>
              <default_value>NA</default_value>
              <values>NA</values>
            </attribute>
            <attribute>
              <name>Sex</name>
              <mutable>False</mutable>
              <input_type>select</input_type>
              <default_value>Male</default_value>
              <values>Male
Female
NA</values>
            </attribute>
          </attributes>
        </label>
        <label>
          <name>Sockeye</name>
          <color>#fa3253</color>
          <attributes>
            <attribute>
              <name>Adipose Clipped</name>
              <mutable>False</mutable>
              <input_type>select</input_type>
              <default_value>No</default_value>
              <values>No
Yes
NA</values>
            </attribute>
            <attribute>
              <name>Confidence Level</name>
              <mutable>False</mutable>
              <input_type>select</input_type>
              <default_value>3</default_value>
              <values>3
2
1</values>
            </attribute>
            <attribute>
              <name>Injury</name>
              <mutable>False</mutable>
              <input_type>select</input_type>
              <default_value>No</default_value>
              <values>No
Yes
NA</values>
            </attribute>
            <attribute>
              <name>Notes</name>
              <mutable>False</mutable>
              <input_type>text</input_type>
              <default_value>NA</default_value>
              <values>NA</values>
            </attribute>
            <attribute>
              <name>Sex</name>
              <mutable>False</mutable>
              <input_type>select</input_type>
              <default_value>Male</default_value>
              <values>Male
Female</values>
            </attribute>
          </attributes>
        </label>
        <label>
          <name>Rainbow</name>
          <color>#ff00cc</color>
          <attributes>
            <attribute>
              <name>Adipose Clipped</name>
              <mutable>False</mutable>
              <input_type>select</input_type>
              <default_value>No</default_value>
              <values>No
Yes
NA</values>
            </attribute>
            <attribute>
              <name>Confidence Level</name>
              <mutable>False</mutable>
              <input_type>select</input_type>
              <default_value>3</default_value>
              <values>3
2
1</values>
            </attribute>
            <attribute>
              <name>Injury</name>
              <mutable>False</mutable>
              <input_type>select</input_type>
              <default_value>No</default_value>
              <values>No
Yes
NA</values>
            </attribute>
            <attribute>
              <name>Notes</name>
              <mutable>False</mutable>
              <input_type>text</input_type>
              <default_value>NA</default_value>
              <values>NA</values>
            </attribute>
            <attribute>
              <name>Sex</name>
              <mutable>False</mutable>
              <input_type>select</input_type>
              <default_value>NA</default_value>
              <values>NA
Juvenile</values>
            </attribute>
          </attributes>
        </label>
        <label>
          <name>Steelhead</name>
          <color>#66ff66</color>
          <attributes>
            <attribute>
              <name>Adipose Clipped</name>
              <mutable>False</mutable>
              <input_type>select</input_type>
              <default_value>No</default_value>
              <values>No
Yes
NA</values>
            </attribute>
            <attribute>
              <name>Confidence Level</name>
              <mutable>False</mutable>
              <input_type>select</input_type>
              <default_value>3</default_value>
              <values>3
2
1</values>
            </attribute>
            <attribute>
              <name>Injury</name>
              <mutable>False</mutable>
              <input_type>select</input_type>
              <default_value>No</default_value>
              <values>No
Yes
NA</values>
            </attribute>
            <attribute>
              <name>Notes</name>
              <mutable>False</mutable>
              <input_type>select</input_type>
              <default_value>NA</default_value>
              <values>NA</values>
            </attribute>
            <attribute>
              <name>Sex</name>
              <mutable>False</mutable>
              <input_type>select</input_type>
              <default_value>Male</default_value>
              <values>Male
Female</values>
            </attribute>
          </attributes>
        </label>
        <label>
          <name>Chinook</name>
          <color>#cc3366</color>
          <attributes>
            <attribute>
              <name>Adipose Clipped</name>
              <mutable>False</mutable>
              <input_type>select</input_type>
              <default_value>No</default_value>
              <values>No
Yes
NA</values>
            </attribute>
            <attribute>
              <name>Confidence Level</name>
              <mutable>False</mutable>
              <input_type>select</input_type>
              <default_value>3</default_value>
              <values>3
2
1</values>
            </attribute>
            <attribute>
              <name>Injury</name>
              <mutable>False</mutable>
              <input_type>select</input_type>
              <default_value>No</default_value>
              <values>No
Yes
NA</values>
            </attribute>
            <attribute>
              <name>Notes</name>
              <mutable>False</mutable>
              <input_type>text</input_type>
              <default_value>NA</default_value>
              <values>NA</values>
            </attribute>
            <attribute>
              <name>Sex</name>
              <mutable>False</mutable>
              <input_type>select</input_type>
              <default_value>Male</default_value>
              <values>Male
Female</values>
            </attribute>
          </attributes>
        </label>
        <label>
          <name>Pikeminnow</name>
          <color>#cc9933</color>
          <attributes>
          </attributes>
        </label>
      </labels>
      <segments>
        <segment>
          <id>350</id>
          <start>0</start>
          <stop>247</stop>
          <url>httplocalhost:8080/?id=350</url>
        </segment>
      </segments>
      <owner>
        <username>bna19</username>
        <email>bna19@sfu.ca</email>
      </owner>
      <assignee></assignee>
      <original_size>
        <width>1920</width>
        <height>1080</height>
      </original_size>
    </task>
    <dumped>2021-03-23 00:44:07.499155+00:00</dumped>
    <source>09-25-2019 23-36-09 M Right Bank Underwater.mp4</source>
  </meta>
  <track id="0" label="Coho" source="manual">
    <box frame="9" outside="0" occluded="0" keyframe="1" xtl="0.00" ytl="440.00" xbr="323.75" ybr="723.12" z_order="0">
      <attribute name="Sex">Female</attribute>
      <attribute name="Adipose Clipped">No</attribute>
      <attribute name="Injury">Yes</attribute>
      <attribute name="Confidence Level">3</attribute>
      <attribute name="Notes">Dorsal fin torn</attribute>
    </box>
    <box frame="10" outside="0" occluded="0" keyframe="0" xtl="0.00" ytl="440.00" xbr="366.12" ybr="730.62" z_order="0">
      <attribute name="Sex">Female</attribute>
      <attribute name="Adipose Clipped">No</attribute>
      <attribute name="Injury">Yes</attribute>
      <attribute name="Confidence Level">3</attribute>
      <attribute name="Notes">Dorsal fin torn</attribute>
    </box>
    <box frame="11" outside="0" occluded="0" keyframe="0" xtl="0.00" ytl="440.00" xbr="408.50" ybr="738.12" z_order="0">
      <attribute name="Sex">Female</attribute>
      <attribute name="Adipose Clipped">No</attribute>
      <attribute name="Injury">Yes</attribute>
      <attribute name="Confidence Level">3</attribute>
      <attribute name="Notes">Dorsal fin torn</attribute>
    </box>
    <box frame="12" outside="0" occluded="0" keyframe="0" xtl="0.00" ytl="440.00" xbr="450.88" ybr="745.62" z_order="0">
      <attribute name="Sex">Female</attribute>
      <attribute name="Adipose Clipped">No</attribute>
      <attribute name="Injury">Yes</attribute>
      <attribute name="Confidence Level">3</attribute>
      <attribute name="Notes">Dorsal fin torn</attribute>
    </box>
    <box frame="13" outside="0" occluded="0" keyframe="0" xtl="0.00" ytl="440.00" xbr="493.25" ybr="753.12" z_order="0">
      <attribute name="Sex">Female</attribute>
      <attribute name="Adipose Clipped">No</attribute>
      <attribute name="Injury">Yes</attribute>
      <attribute name="Confidence Level">3</attribute>
      <attribute name="Notes">Dorsal fin torn</attribute>
    </box>
    <box frame="14" outside="0" occluded="0" keyframe="0" xtl="0.00" ytl="440.00" xbr="535.62" ybr="760.61" z_order="0">
      <attribute name="Sex">Female</attribute>
      <attribute name="Adipose Clipped">No</attribute>
      <attribute name="Injury">Yes</attribute>
      <attribute name="Confidence Level">3</attribute>
      <attribute name="Notes">Dorsal fin torn</attribute>
    </box>
    <box frame="15" outside="0" occluded="0" keyframe="0" xtl="0.00" ytl="440.00" xbr="578.00" ybr="768.11" z_order="0">
      <attribute name="Sex">Female</attribute>
      <attribute name="Adipose Clipped">No</attribute>
      <attribute name="Injury">Yes</attribute>
      <attribute name="Confidence Level">3</attribute>
      <attribute name="Notes">Dorsal fin torn</attribute>
    </box>
    <box frame="16" outside="0" occluded="0" keyframe="0" xtl="0.00" ytl="440.00" xbr="620.38" ybr="775.61" z_order="0">
      <attribute name="Sex">Female</attribute>
      <attribute name="Adipose Clipped">No</attribute>
      <attribute name="Injury">Yes</attribute>
      <attribute name="Confidence Level">3</attribute>
      <attribute name="Notes">Dorsal fin torn</attribute>
    </box>
    <box frame="17" outside="0" occluded="0" keyframe="0" xtl="0.00" ytl="440.00" xbr="662.75" ybr="783.11" z_order="0">
      <attribute name="Sex">Female</attribute>
      <attribute name="Adipose Clipped">No</attribute>
      <attribute name="Injury">Yes</attribute>
      <attribute name="Confidence Level">3</attribute>
      <attribute name="Notes">Dorsal fin torn</attribute>
    </box>
    <box frame="18" outside="0" occluded="0" keyframe="0" xtl="0.00" ytl="440.00" xbr="705.12" ybr="790.60" z_order="0">
      <attribute name="Sex">Female</attribute>
      <attribute name="Adipose Clipped">No</attribute>
      <attribute name="Injury">Yes</attribute>
      <attribute name="Confidence Level">3</attribute>
      <attribute name="Notes">Dorsal fin torn</attribute>
    </box>
    <box frame="19" outside="0" occluded="0" keyframe="1" xtl="0.00" ytl="440.00" xbr="747.50" ybr="798.10" z_order="0">
      <attribute name="Sex">Female</attribute>
      <attribute name="Adipose Clipped">No</attribute>
      <attribute name="Injury">Yes</attribute>
      <attribute name="Confidence Level">3</attribute>
      <attribute name="Notes">Dorsal fin torn</attribute>
    </box>
    <box frame="20" outside="0" occluded="0" keyframe="0" xtl="0.00" ytl="440.00" xbr="811.25" ybr="798.10" z_order="0">
      <attribute name="Sex">Female</attribute>
      <attribute name="Adipose Clipped">No</attribute>
      <attribute name="Injury">Yes</attribute>
      <attribute name="Confidence Level">3</attribute>
      <attribute name="Notes">Dorsal fin torn</attribute>
    </box>
    <box frame="21" outside="0" occluded="0" keyframe="1" xtl="0.00" ytl="440.00" xbr="875.00" ybr="798.10" z_order="0">
      <attribute name="Sex">Female</attribute>
      <attribute name="Adipose Clipped">No</attribute>
      <attribute name="Injury">Yes</attribute>
      <attribute name="Confidence Level">3</attribute>
      <attribute name="Notes">Dorsal fin torn</attribute>
    </box>
    <box frame="22" outside="0" occluded="0" keyframe="0" xtl="9.19" ytl="440.37" xbr="904.06" ybr="797.91" z_order="0">
      <attribute name="Sex">Female</attribute>
      <attribute name="Adipose Clipped">No</attribute>
      <attribute name="Injury">Yes</attribute>
      <attribute name="Confidence Level">3</attribute>
      <attribute name="Notes">Dorsal fin torn</attribute>
    </box>
    <box frame="23" outside="0" occluded="0" keyframe="0" xtl="18.38" ytl="440.74" xbr="933.12" ybr="797.73" z_order="0">
      <attribute name="Sex">Female</attribute>
      <attribute name="Adipose Clipped">No</attribute>
      <attribute name="Injury">Yes</attribute>
      <attribute name="Confidence Level">3</attribute>
      <attribute name="Notes">Dorsal fin torn</attribute>
    </box>
    <box frame="24" outside="0" occluded="0" keyframe="0" xtl="27.56" ytl="441.11" xbr="962.18" ybr="797.54" z_order="0">
      <attribute name="Sex">Female</attribute>
      <attribute name="Adipose Clipped">No</attribute>
      <attribute name="Injury">Yes</attribute>
      <attribute name="Confidence Level">3</attribute>
      <attribute name="Notes">Dorsal fin torn</attribute>
    </box>
    <box frame="25" outside="0" occluded="0" keyframe="0" xtl="36.75" ytl="441.48" xbr="991.24" ybr="797.35" z_order="0">
      <attribute name="Sex">Female</attribute>
      <attribute name="Adipose Clipped">No</attribute>
      <attribute name="Injury">Yes</attribute>
      <attribute name="Confidence Level">3</attribute>
      <attribute name="Notes">Dorsal fin torn</attribute>
    </box>
    <box frame="26" outside="0" occluded="0" keyframe="0" xtl="45.94" ytl="441.85" xbr="1020.30" ybr="797.16" z_order="0">
      <attribute name="Sex">Female</attribute>
      <attribute name="Adipose Clipped">No</attribute>
      <attribute name="Injury">Yes</attribute>
      <attribute name="Confidence Level">3</attribute>
      <attribute name="Notes">Dorsal fin torn</attribute>
    </box>
    <box frame="27" outside="0" occluded="0" keyframe="0" xtl="55.12" ytl="442.22" xbr="1049.36" ybr="796.98" z_order="0">
      <attribute name="Sex">Female</attribute>
      <attribute name="Adipose Clipped">No</attribute>
      <attribute name="Injury">Yes</attribute>
      <attribute name="Confidence Level">3</attribute>
      <attribute name="Notes">Dorsal fin torn</attribute>
    </box>
    <box frame="28" outside="0" occluded="0" keyframe="0" xtl="64.31" ytl="442.59" xbr="1078.42" ybr="796.79" z_order="0">
      <attribute name="Sex">Female</attribute>
      <attribute name="Adipose Clipped">No</attribute>
      <attribute name="Injury">Yes</attribute>
      <attribute name="Confidence Level">3</attribute>
      <attribute name="Notes">Dorsal fin torn</attribute>
    </box>
    <box frame="29" outside="0" occluded="0" keyframe="0" xtl="73.50" ytl="442.96" xbr="1107.48" ybr="796.60" z_order="0">
      <attribute name="Sex">Female</attribute>
      <attribute name="Adipose Clipped">No</attribute>
      <attribute name="Injury">Yes</attribute>
      <attribute name="Confidence Level">3</attribute>
      <attribute name="Notes">Dorsal fin torn</attribute>
    </box>
    <box frame="30" outside="0" occluded="0" keyframe="0" xtl="82.69" ytl="443.33" xbr="1136.54" ybr="796.41" z_order="0">
      <attribute name="Sex">Female</attribute>
      <attribute name="Adipose Clipped">No</attribute>
      <attribute name="Injury">Yes</attribute>
      <attribute name="Confidence Level">3</attribute>
      <attribute name="Notes">Dorsal fin torn</attribute>
    </box>
    <box frame="31" outside="0" occluded="0" keyframe="1" xtl="91.88" ytl="443.70" xbr="1165.60" ybr="796.23" z_order="0">
      <attribute name="Sex">Female</attribute>
      <attribute name="Adipose Clipped">No</attribute>
      <attribute name="Injury">Yes</attribute>
      <attribute name="Confidence Level">3</attribute>
      <attribute name="Notes">Dorsal fin torn</attribute>
    </box>
    <box frame="32" outside="0" occluded="0" keyframe="0" xtl="102.19" ytl="443.70" xbr="1196.08" ybr="796.23" z_order="0">
      <attribute name="Sex">Female</attribute>
      <attribute name="Adipose Clipped">No</attribute>
      <attribute name="Injury">Yes</attribute>
      <attribute name="Confidence Level">3</attribute>
      <attribute name="Notes">Dorsal fin torn</attribute>
    </box>
    <box frame="33" outside="0" occluded="0" keyframe="0" xtl="112.50" ytl="443.70" xbr="1226.55" ybr="796.23" z_order="0">
      <attribute name="Sex">Female</attribute>
      <attribute name="Adipose Clipped">No</attribute>
      <attribute name="Injury">Yes</attribute>
      <attribute name="Confidence Level">3</attribute>
      <attribute name="Notes">Dorsal fin torn</attribute>
    </box>
    <box frame="34" outside="0" occluded="0" keyframe="0" xtl="122.81" ytl="443.70" xbr="1257.03" ybr="796.23" z_order="0">
      <attribute name="Sex">Female</attribute>
      <attribute name="Adipose Clipped">No</attribute>
      <attribute name="Injury">Yes</attribute>
      <attribute name="Confidence Level">3</attribute>
      <attribute name="Notes">Dorsal fin torn</attribute>
    </box>
    <box frame="35" outside="0" occluded="0" keyframe="1" xtl="133.12" ytl="443.70" xbr="1287.50" ybr="796.23" z_order="0">
      <attribute name="Sex">Female</attribute>
      <attribute name="Adipose Clipped">No</attribute>
      <attribute name="Injury">Yes</attribute>
      <attribute name="Confidence Level">3</attribute>
      <attribute name="Notes">Dorsal fin torn</attribute>
    </box>
    <box frame="36" outside="0" occluded="0" keyframe="0" xtl="166.69" ytl="446.14" xbr="1321.06" ybr="798.66" z_order="0">
      <attribute name="Sex">Female</attribute>
      <attribute name="Adipose Clipped">No</attribute>
      <attribute name="Injury">Yes</attribute>
      <attribute name="Confidence Level">3</attribute>
      <attribute name="Notes">Dorsal fin torn</attribute>
    </box>
    <box frame="37" outside="0" occluded="0" keyframe="0" xtl="200.25" ytl="448.58" xbr="1354.62" ybr="801.10" z_order="0">
      <attribute name="Sex">Female</attribute>
      <attribute name="Adipose Clipped">No</attribute>
      <attribute name="Injury">Yes</attribute>
      <attribute name="Confidence Level">3</attribute>
      <attribute name="Notes">Dorsal fin torn</attribute>
    </box>
    <box frame="38" outside="0" occluded="0" keyframe="0" xtl="233.81" ytl="451.01" xbr="1388.19" ybr="803.54" z_order="0">
      <attribute name="Sex">Female</attribute>
      <attribute name="Adipose Clipped">No</attribute>
      <attribute name="Injury">Yes</attribute>
      <attribute name="Confidence Level">3</attribute>
      <attribute name="Notes">Dorsal fin torn</attribute>
    </box>
    <box frame="39" outside="0" occluded="0" keyframe="0" xtl="267.38" ytl="453.45" xbr="1421.75" ybr="805.98" z_order="0">
      <attribute name="Sex">Female</attribute>
      <attribute name="Adipose Clipped">No</attribute>
      <attribute name="Injury">Yes</attribute>
      <attribute name="Confidence Level">3</attribute>
      <attribute name="Notes">Dorsal fin torn</attribute>
    </box>
    <box frame="40" outside="0" occluded="0" keyframe="0" xtl="300.94" ytl="455.89" xbr="1455.31" ybr="808.41" z_order="0">
      <attribute name="Sex">Female</attribute>
      <attribute name="Adipose Clipped">No</attribute>
      <attribute name="Injury">Yes</attribute>
      <attribute name="Confidence Level">3</attribute>
      <attribute name="Notes">Dorsal fin torn</attribute>
    </box>
    <box frame="41" outside="0" occluded="0" keyframe="0" xtl="334.50" ytl="458.33" xbr="1488.88" ybr="810.85" z_order="0">
      <attribute name="Sex">Female</attribute>
      <attribute name="Adipose Clipped">No</attribute>
      <attribute name="Injury">Yes</attribute>
      <attribute name="Confidence Level">3</attribute>
      <attribute name="Notes">Dorsal fin torn</attribute>
    </box>
    <box frame="42" outside="0" occluded="0" keyframe="0" xtl="368.06" ytl="460.76" xbr="1522.44" ybr="813.29" z_order="0">
      <attribute name="Sex">Female</attribute>
      <attribute name="Adipose Clipped">No</attribute>
      <attribute name="Injury">Yes</attribute>
      <attribute name="Confidence Level">3</attribute>
      <attribute name="Notes">Dorsal fin torn</attribute>
    </box>
    <box frame="43" outside="0" occluded="0" keyframe="0" xtl="401.62" ytl="463.20" xbr="1556.00" ybr="815.73" z_order="0">
      <attribute name="Sex">Female</attribute>
      <attribute name="Adipose Clipped">No</attribute>
      <attribute name="Injury">Yes</attribute>
      <attribute name="Confidence Level">3</attribute>
      <attribute name="Notes">Dorsal fin torn</attribute>
    </box>
    <box frame="44" outside="0" occluded="0" keyframe="0" xtl="435.19" ytl="465.64" xbr="1589.56" ybr="818.16" z_order="0">
      <attribute name="Sex">Female</attribute>
      <attribute name="Adipose Clipped">No</attribute>
      <attribute name="Injury">Yes</attribute>
      <attribute name="Confidence Level">3</attribute>
      <attribute name="Notes">Dorsal fin torn</attribute>
    </box>
    <box frame="45" outside="0" occluded="0" keyframe="1" xtl="468.75" ytl="468.08" xbr="1623.12" ybr="820.60" z_order="0">
      <attribute name="Sex">Female</attribute>
      <attribute name="Adipose Clipped">No</attribute>
      <attribute name="Injury">Yes</attribute>
      <attribute name="Confidence Level">3</attribute>
      <attribute name="Notes">Dorsal fin torn</attribute>
    </box>
    <box frame="46" outside="0" occluded="0" keyframe="0" xtl="520.31" ytl="468.08" xbr="1674.69" ybr="820.60" z_order="0">
      <attribute name="Sex">Female</attribute>
      <attribute name="Adipose Clipped">No</attribute>
      <attribute name="Injury">Yes</attribute>
      <attribute name="Confidence Level">3</attribute>
      <attribute name="Notes">Dorsal fin torn</attribute>
    </box>
    <box frame="47" outside="0" occluded="0" keyframe="1" xtl="571.88" ytl="468.08" xbr="1726.25" ybr="820.60" z_order="0">
      <attribute name="Sex">Female</attribute>
      <attribute name="Adipose Clipped">No</attribute>
      <attribute name="Injury">Yes</attribute>
      <attribute name="Confidence Level">3</attribute>
      <attribute name="Notes">Dorsal fin torn</attribute>
    </box>
    <box frame="48" outside="0" occluded="0" keyframe="0" xtl="604.38" ytl="463.70" xbr="1758.75" ybr="816.23" z_order="0">
      <attribute name="Sex">Female</attribute>
      <attribute name="Adipose Clipped">No</attribute>
      <attribute name="Injury">Yes</attribute>
      <attribute name="Confidence Level">3</attribute>
      <attribute name="Notes">Dorsal fin torn</attribute>
    </box>
    <box frame="49" outside="0" occluded="0" keyframe="0" xtl="636.88" ytl="459.33" xbr="1791.25" ybr="811.85" z_order="0">
      <attribute name="Sex">Female</attribute>
      <attribute name="Adipose Clipped">No</attribute>
      <attribute name="Injury">Yes</attribute>
      <attribute name="Confidence Level">3</attribute>
      <attribute name="Notes">Dorsal fin torn</attribute>
    </box>
    <box frame="50" outside="0" occluded="0" keyframe="1" xtl="669.38" ytl="454.95" xbr="1823.75" ybr="807.48" z_order="0">
      <attribute name="Sex">Female</attribute>
      <attribute name="Adipose Clipped">No</attribute>
      <attribute name="Injury">Yes</attribute>
      <attribute name="Confidence Level">3</attribute>
      <attribute name="Notes">Dorsal fin torn</attribute>
    </box>
    <box frame="51" outside="0" occluded="0" keyframe="0" xtl="696.09" ytl="459.17" xbr="1847.81" ybr="811.69" z_order="0">
      <attribute name="Sex">Female</attribute>
      <attribute name="Adipose Clipped">No</attribute>
      <attribute name="Injury">Yes</attribute>
      <attribute name="Confidence Level">3</attribute>
      <attribute name="Notes">Dorsal fin torn</attribute>
    </box>
    <box frame="52" outside="0" occluded="0" keyframe="0" xtl="722.81" ytl="463.39" xbr="1871.88" ybr="815.91" z_order="0">
      <attribute name="Sex">Female</attribute>
      <attribute name="Adipose Clipped">No</attribute>
      <attribute name="Injury">Yes</attribute>
      <attribute name="Confidence Level">3</attribute>
      <attribute name="Notes">Dorsal fin torn</attribute>
    </box>
    <box frame="53" outside="0" occluded="0" keyframe="0" xtl="749.53" ytl="467.61" xbr="1895.94" ybr="820.13" z_order="0">
      <attribute name="Sex">Female</attribute>
      <attribute name="Adipose Clipped">No</attribute>
      <attribute name="Injury">Yes</attribute>
      <attribute name="Confidence Level">3</attribute>
      <attribute name="Notes">Dorsal fin torn</attribute>
    </box>
    <box frame="54" outside="0" occluded="0" keyframe="1" xtl="776.25" ytl="471.83" xbr="1920.00" ybr="824.35" z_order="0">
      <attribute name="Sex">Female</attribute>
      <attribute name="Adipose Clipped">No</attribute>
      <attribute name="Injury">Yes</attribute>
      <attribute name="Confidence Level">3</attribute>
      <attribute name="Notes">Dorsal fin torn</attribute>
    </box>
    <box frame="55" outside="0" occluded="0" keyframe="0" xtl="801.94" ytl="469.58" xbr="1920.00" ybr="822.10" z_order="0">
      <attribute name="Sex">Female</attribute>
      <attribute name="Adipose Clipped">No</attribute>
      <attribute name="Injury">Yes</attribute>
      <attribute name="Confidence Level">3</attribute>
      <attribute name="Notes">Dorsal fin torn</attribute>
    </box>
    <box frame="56" outside="0" occluded="0" keyframe="0" xtl="827.62" ytl="467.33" xbr="1920.00" ybr="819.85" z_order="0">
      <attribute name="Sex">Female</attribute>
      <attribute name="Adipose Clipped">No</attribute>
      <attribute name="Injury">Yes</attribute>
      <attribute name="Confidence Level">3</attribute>
      <attribute name="Notes">Dorsal fin torn</attribute>
    </box>
    <box frame="57" outside="0" occluded="0" keyframe="0" xtl="853.31" ytl="465.08" xbr="1920.00" ybr="817.60" z_order="0">
      <attribute name="Sex">Female</attribute>
      <attribute name="Adipose Clipped">No</attribute>
      <attribute name="Injury">Yes</attribute>
      <attribute name="Confidence Level">3</attribute>
      <attribute name="Notes">Dorsal fin torn</attribute>
    </box>
    <box frame="58" outside="0" occluded="0" keyframe="0" xtl="879.00" ytl="462.83" xbr="1920.00" ybr="815.35" z_order="0">
      <attribute name="Sex">Female</attribute>
      <attribute name="Adipose Clipped">No</attribute>
      <attribute name="Injury">Yes</attribute>
      <attribute name="Confidence Level">3</attribute>
      <attribute name="Notes">Dorsal fin torn</attribute>
    </box>
    <box frame="59" outside="0" occluded="0" keyframe="0" xtl="904.69" ytl="460.58" xbr="1920.00" ybr="813.10" z_order="0">
      <attribute name="Sex">Female</attribute>
      <attribute name="Adipose Clipped">No</attribute>
      <attribute name="Injury">Yes</attribute>
      <attribute name="Confidence Level">3</attribute>
      <attribute name="Notes">Dorsal fin torn</attribute>
    </box>
    <box frame="60" outside="0" occluded="0" keyframe="0" xtl="930.38" ytl="458.33" xbr="1920.00" ybr="810.85" z_order="0">
      <attribute name="Sex">Female</attribute>
      <attribute name="Adipose Clipped">No</attribute>
      <attribute name="Injury">Yes</attribute>
      <attribute name="Confidence Level">3</attribute>
      <attribute name="Notes">Dorsal fin torn</attribute>
    </box>
    <box frame="61" outside="0" occluded="0" keyframe="0" xtl="956.06" ytl="456.08" xbr="1920.00" ybr="808.60" z_order="0">
      <attribute name="Sex">Female</attribute>
      <attribute name="Adipose Clipped">No</attribute>
      <attribute name="Injury">Yes</attribute>
      <attribute name="Confidence Level">3</attribute>
      <attribute name="Notes">Dorsal fin torn</attribute>
    </box>
    <box frame="62" outside="0" occluded="0" keyframe="0" xtl="981.75" ytl="453.83" xbr="1920.00" ybr="806.35" z_order="0">
      <attribute name="Sex">Female</attribute>
      <attribute name="Adipose Clipped">No</attribute>
      <attribute name="Injury">Yes</attribute>
      <attribute name="Confidence Level">3</attribute>
      <attribute name="Notes">Dorsal fin torn</attribute>
    </box>
    <box frame="63" outside="0" occluded="0" keyframe="0" xtl="1007.44" ytl="451.58" xbr="1920.00" ybr="804.10" z_order="0">
      <attribute name="Sex">Female</attribute>
      <attribute name="Adipose Clipped">No</attribute>
      <attribute name="Injury">Yes</attribute>
      <attribute name="Confidence Level">3</attribute>
      <attribute name="Notes">Dorsal fin torn</attribute>
    </box>
    <box frame="64" outside="0" occluded="0" keyframe="1" xtl="1033.12" ytl="449.33" xbr="1920.00" ybr="801.85" z_order="0">
      <attribute name="Sex">Female</attribute>
      <attribute name="Adipose Clipped">No</attribute>
      <attribute name="Injury">Yes</attribute>
      <attribute name="Confidence Level">3</attribute>
      <attribute name="Notes">Dorsal fin torn</attribute>
    </box>
    <box frame="65" outside="0" occluded="0" keyframe="0" xtl="1062.81" ytl="450.26" xbr="1920.00" ybr="802.79" z_order="0">
      <attribute name="Sex">Female</attribute>
      <attribute name="Adipose Clipped">No</attribute>
      <attribute name="Injury">Yes</attribute>
      <attribute name="Confidence Level">3</attribute>
      <attribute name="Notes">Dorsal fin torn</attribute>
    </box>
    <box frame="66" outside="0" occluded="0" keyframe="0" xtl="1092.50" ytl="451.20" xbr="1920.00" ybr="803.73" z_order="0">
      <attribute name="Sex">Female</attribute>
      <attribute name="Adipose Clipped">No</attribute>
      <attribute name="Injury">Yes</attribute>
      <attribute name="Confidence Level">3</attribute>
      <attribute name="Notes">Dorsal fin torn</attribute>
    </box>
    <box frame="67" outside="0" occluded="0" keyframe="0" xtl="1122.19" ytl="452.14" xbr="1920.00" ybr="804.66" z_order="0">
      <attribute name="Sex">Female</attribute>
      <attribute name="Adipose Clipped">No</attribute>
      <attribute name="Injury">Yes</attribute>
      <attribute name="Confidence Level">3</attribute>
      <attribute name="Notes">Dorsal fin torn</attribute>
    </box>
    <box frame="68" outside="0" occluded="0" keyframe="0" xtl="1151.88" ytl="453.08" xbr="1920.00" ybr="805.60" z_order="0">
      <attribute name="Sex">Female</attribute>
      <attribute name="Adipose Clipped">No</attribute>
      <attribute name="Injury">Yes</attribute>
      <attribute name="Confidence Level">3</attribute>
      <attribute name="Notes">Dorsal fin torn</attribute>
    </box>
    <box frame="69" outside="0" occluded="0" keyframe="0" xtl="1181.56" ytl="454.01" xbr="1920.00" ybr="806.54" z_order="0">
      <attribute name="Sex">Female</attribute>
      <attribute name="Adipose Clipped">No</attribute>
      <attribute name="Injury">Yes</attribute>
      <attribute name="Confidence Level">3</attribute>
      <attribute name="Notes">Dorsal fin torn</attribute>
    </box>
    <box frame="70" outside="0" occluded="0" keyframe="1" xtl="1211.25" ytl="454.95" xbr="1920.00" ybr="807.48" z_order="0">
      <attribute name="Sex">Female</attribute>
      <attribute name="Adipose Clipped">No</attribute>
      <attribute name="Injury">Yes</attribute>
      <attribute name="Confidence Level">3</attribute>
      <attribute name="Notes">Dorsal fin torn</attribute>
    </box>
    <box frame="71" outside="0" occluded="0" keyframe="0" xtl="1232.06" ytl="455.14" xbr="1920.00" ybr="807.66" z_order="0">
      <attribute name="Sex">Female</attribute>
      <attribute name="Adipose Clipped">No</attribute>
      <attribute name="Injury">Yes</attribute>
      <attribute name="Confidence Level">3</attribute>
      <attribute name="Notes">Dorsal fin torn</attribute>
    </box>
    <box frame="72" outside="0" occluded="0" keyframe="0" xtl="1252.88" ytl="455.33" xbr="1920.00" ybr="807.85" z_order="0">
      <attribute name="Sex">Female</attribute>
      <attribute name="Adipose Clipped">No</attribute>
      <attribute name="Injury">Yes</attribute>
      <attribute name="Confidence Level">3</attribute>
      <attribute name="Notes">Dorsal fin torn</attribute>
    </box>
    <box frame="73" outside="0" occluded="0" keyframe="0" xtl="1273.69" ytl="455.51" xbr="1920.00" ybr="808.04" z_order="0">
      <attribute name="Sex">Female</attribute>
      <attribute name="Adipose Clipped">No</attribute>
      <attribute name="Injury">Yes</attribute>
      <attribute name="Confidence Level">3</attribute>
      <attribute name="Notes">Dorsal fin torn</attribute>
    </box>
    <box frame="74" outside="0" occluded="0" keyframe="0" xtl="1294.50" ytl="455.70" xbr="1920.00" ybr="808.23" z_order="0">
      <attribute name="Sex">Female</attribute>
      <attribute name="Adipose Clipped">No</attribute>
      <attribute name="Injury">Yes</attribute>
      <attribute name="Confidence Level">3</attribute>
      <attribute name="Notes">Dorsal fin torn</attribute>
    </box>
    <box frame="75" outside="0" occluded="0" keyframe="0" xtl="1315.31" ytl="455.89" xbr="1920.00" ybr="808.41" z_order="0">
      <attribute name="Sex">Female</attribute>
      <attribute name="Adipose Clipped">No</attribute>
      <attribute name="Injury">Yes</attribute>
      <attribute name="Confidence Level">3</attribute>
      <attribute name="Notes">Dorsal fin torn</attribute>
    </box>
    <box frame="76" outside="0" occluded="0" keyframe="0" xtl="1336.12" ytl="456.08" xbr="1920.00" ybr="808.60" z_order="0">
      <attribute name="Sex">Female</attribute>
      <attribute name="Adipose Clipped">No</attribute>
      <attribute name="Injury">Yes</attribute>
      <attribute name="Confidence Level">3</attribute>
      <attribute name="Notes">Dorsal fin torn</attribute>
    </box>
    <box frame="77" outside="0" occluded="0" keyframe="0" xtl="1356.94" ytl="456.26" xbr="1920.00" ybr="808.79" z_order="0">
      <attribute name="Sex">Female</attribute>
      <attribute name="Adipose Clipped">No</attribute>
      <attribute name="Injury">Yes</attribute>
      <attribute name="Confidence Level">3</attribute>
      <attribute name="Notes">Dorsal fin torn</attribute>
    </box>
    <box frame="78" outside="0" occluded="1" keyframe="1" xtl="1377.75" ytl="456.45" xbr="1920.00" ybr="808.98" z_order="0">
      <attribute name="Sex">Female</attribute>
      <attribute name="Adipose Clipped">No</attribute>
      <attribute name="Injury">Yes</attribute>
      <attribute name="Confidence Level">3</attribute>
      <attribute name="Notes">Dorsal fin torn</attribute>
    </box>
    <box frame="79" outside="0" occluded="1" keyframe="0" xtl="1398.56" ytl="456.64" xbr="1920.00" ybr="809.16" z_order="0">
      <attribute name="Sex">Female</attribute>
      <attribute name="Adipose Clipped">No</attribute>
      <attribute name="Injury">Yes</attribute>
      <attribute name="Confidence Level">3</attribute>
      <attribute name="Notes">Dorsal fin torn</attribute>
    </box>
    <box frame="80" outside="0" occluded="1" keyframe="1" xtl="1419.38" ytl="456.83" xbr="1920.00" ybr="809.35" z_order="0">
      <attribute name="Sex">Female</attribute>
      <attribute name="Adipose Clipped">No</attribute>
      <attribute name="Injury">Yes</attribute>
      <attribute name="Confidence Level">3</attribute>
      <attribute name="Notes">Dorsal fin torn</attribute>
    </box>
    <box frame="81" outside="0" occluded="1" keyframe="0" xtl="1437.19" ytl="459.17" xbr="1920.00" ybr="811.69" z_order="0">
      <attribute name="Sex">Female</attribute>
      <attribute name="Adipose Clipped">No</attribute>
      <attribute name="Injury">Yes</attribute>
      <attribute name="Confidence Level">3</attribute>
      <attribute name="Notes">Dorsal fin torn</attribute>
    </box>
    <box frame="82" outside="0" occluded="1" keyframe="0" xtl="1455.00" ytl="461.51" xbr="1920.00" ybr="814.04" z_order="0">
      <attribute name="Sex">Female</attribute>
      <attribute name="Adipose Clipped">No</attribute>
      <attribute name="Injury">Yes</attribute>
      <attribute name="Confidence Level">3</attribute>
      <attribute name="Notes">Dorsal fin torn</attribute>
    </box>
    <box frame="83" outside="0" occluded="1" keyframe="0" xtl="1472.81" ytl="463.86" xbr="1920.00" ybr="816.38" z_order="0">
      <attribute name="Sex">Female</attribute>
      <attribute name="Adipose Clipped">No</attribute>
      <attribute name="Injury">Yes</attribute>
      <attribute name="Confidence Level">3</attribute>
      <attribute name="Notes">Dorsal fin torn</attribute>
    </box>
    <box frame="84" outside="0" occluded="1" keyframe="1" xtl="1490.62" ytl="466.20" xbr="1920.00" ybr="818.73" z_order="0">
      <attribute name="Sex">Female</attribute>
      <attribute name="Adipose Clipped">No</attribute>
      <attribute name="Injury">Yes</attribute>
      <attribute name="Confidence Level">3</attribute>
      <attribute name="Notes">Dorsal fin torn</attribute>
    </box>
    <box frame="85" outside="0" occluded="1" keyframe="0" xtl="1484.87" ytl="466.20" xbr="1920.00" ybr="816.99" z_order="0">
      <attribute name="Sex">Female</attribute>
      <attribute name="Adipose Clipped">No</attribute>
      <attribute name="Injury">Yes</attribute>
      <attribute name="Confidence Level">3</attribute>
      <attribute name="Notes">Dorsal fin torn</attribute>
    </box>
    <box frame="86" outside="0" occluded="1" keyframe="0" xtl="1479.11" ytl="466.20" xbr="1920.00" ybr="815.25" z_order="0">
      <attribute name="Sex">Female</attribute>
      <attribute name="Adipose Clipped">No</attribute>
      <attribute name="Injury">Yes</attribute>
      <attribute name="Confidence Level">3</attribute>
      <attribute name="Notes">Dorsal fin torn</attribute>
    </box>
    <box frame="87" outside="0" occluded="1" keyframe="0" xtl="1473.35" ytl="466.20" xbr="1920.00" ybr="813.51" z_order="0">
      <attribute name="Sex">Female</attribute>
      <attribute name="Adipose Clipped">No</attribute>
      <attribute name="Injury">Yes</attribute>
      <attribute name="Confidence Level">3</attribute>
      <attribute name="Notes">Dorsal fin torn</attribute>
    </box>
    <box frame="88" outside="0" occluded="1" keyframe="0" xtl="1467.59" ytl="466.20" xbr="1920.00" ybr="811.78" z_order="0">
      <attribute name="Sex">Female</attribute>
      <attribute name="Adipose Clipped">No</attribute>
      <attribute name="Injury">Yes</attribute>
      <attribute name="Confidence Level">3</attribute>
      <attribute name="Notes">Dorsal fin torn</attribute>
    </box>
    <box frame="89" outside="0" occluded="1" keyframe="0" xtl="1461.83" ytl="466.20" xbr="1920.00" ybr="810.04" z_order="0">
      <attribute name="Sex">Female</attribute>
      <attribute name="Adipose Clipped">No</attribute>
      <attribute name="Injury">Yes</attribute>
      <attribute name="Confidence Level">3</attribute>
      <attribute name="Notes">Dorsal fin torn</attribute>
    </box>
    <box frame="90" outside="0" occluded="1" keyframe="0" xtl="1456.07" ytl="466.20" xbr="1920.00" ybr="808.30" z_order="0">
      <attribute name="Sex">Female</attribute>
      <attribute name="Adipose Clipped">No</attribute>
      <attribute name="Injury">Yes</attribute>
      <attribute name="Confidence Level">3</attribute>
      <attribute name="Notes">Dorsal fin torn</attribute>
    </box>
    <box frame="91" outside="0" occluded="1" keyframe="0" xtl="1450.31" ytl="466.20" xbr="1920.00" ybr="806.56" z_order="0">
      <attribute name="Sex">Female</attribute>
      <attribute name="Adipose Clipped">No</attribute>
      <attribute name="Injury">Yes</attribute>
      <attribute name="Confidence Level">3</attribute>
      <attribute name="Notes">Dorsal fin torn</attribute>
    </box>
    <box frame="92" outside="0" occluded="1" keyframe="0" xtl="1444.55" ytl="466.20" xbr="1920.00" ybr="804.83" z_order="0">
      <attribute name="Sex">Female</attribute>
      <attribute name="Adipose Clipped">No</attribute>
      <attribute name="Injury">Yes</attribute>
      <attribute name="Confidence Level">3</attribute>
      <attribute name="Notes">Dorsal fin torn</attribute>
    </box>
    <box frame="93" outside="0" occluded="1" keyframe="0" xtl="1438.79" ytl="466.20" xbr="1920.00" ybr="803.09" z_order="0">
      <attribute name="Sex">Female</attribute>
      <attribute name="Adipose Clipped">No</attribute>
      <attribute name="Injury">Yes</attribute>
      <attribute name="Confidence Level">3</attribute>
      <attribute name="Notes">Dorsal fin torn</attribute>
    </box>
    <box frame="94" outside="0" occluded="1" keyframe="0" xtl="1433.04" ytl="466.20" xbr="1920.00" ybr="801.35" z_order="0">
      <attribute name="Sex">Female</attribute>
      <attribute name="Adipose Clipped">No</attribute>
      <attribute name="Injury">Yes</attribute>
      <attribute name="Confidence Level">3</attribute>
      <attribute name="Notes">Dorsal fin torn</attribute>
    </box>
    <box frame="95" outside="0" occluded="1" keyframe="0" xtl="1427.28" ytl="466.20" xbr="1920.00" ybr="799.61" z_order="0">
      <attribute name="Sex">Female</attribute>
      <attribute name="Adipose Clipped">No</attribute>
      <attribute name="Injury">Yes</attribute>
      <attribute name="Confidence Level">3</attribute>
      <attribute name="Notes">Dorsal fin torn</attribute>
    </box>
    <box frame="96" outside="0" occluded="1" keyframe="0" xtl="1421.52" ytl="466.20" xbr="1920.00" ybr="797.88" z_order="0">
      <attribute name="Sex">Female</attribute>
      <attribute name="Adipose Clipped">No</attribute>
      <attribute name="Injury">Yes</attribute>
      <attribute name="Confidence Level">3</attribute>
      <attribute name="Notes">Dorsal fin torn</attribute>
    </box>
    <box frame="97" outside="0" occluded="1" keyframe="0" xtl="1415.76" ytl="466.20" xbr="1920.00" ybr="796.14" z_order="0">
      <attribute name="Sex">Female</attribute>
      <attribute name="Adipose Clipped">No</attribute>
      <attribute name="Injury">Yes</attribute>
      <attribute name="Confidence Level">3</attribute>
      <attribute name="Notes">Dorsal fin torn</attribute>
    </box>
    <box frame="98" outside="0" occluded="1" keyframe="1" xtl="1410.00" ytl="466.20" xbr="1920.00" ybr="794.40" z_order="0">
      <attribute name="Sex">Female</attribute>
      <attribute name="Adipose Clipped">No</attribute>
      <attribute name="Injury">Yes</attribute>
      <attribute name="Confidence Level">3</attribute>
      <attribute name="Notes">Dorsal fin torn</attribute>
    </box>
    <box frame="99" outside="0" occluded="1" keyframe="0" xtl="1399.60" ytl="461.52" xbr="1920.00" ybr="792.71" z_order="0">
      <attribute name="Sex">Female</attribute>
      <attribute name="Adipose Clipped">No</attribute>
      <attribute name="Injury">Yes</attribute>
      <attribute name="Confidence Level">3</attribute>
      <attribute name="Notes">Dorsal fin torn</attribute>
    </box>
    <box frame="100" outside="0" occluded="1" keyframe="0" xtl="1389.19" ytl="456.83" xbr="1920.00" ybr="791.02" z_order="0">
      <attribute name="Sex">Female</attribute>
      <attribute name="Adipose Clipped">No</attribute>
      <attribute name="Injury">Yes</attribute>
      <attribute name="Confidence Level">3</attribute>
      <attribute name="Notes">Dorsal fin torn</attribute>
    </box>
    <box frame="101" outside="0" occluded="1" keyframe="0" xtl="1378.79" ytl="452.15" xbr="1920.00" ybr="789.33" z_order="0">
      <attribute name="Sex">Female</attribute>
      <attribute name="Adipose Clipped">No</attribute>
      <attribute name="Injury">Yes</attribute>
      <attribute name="Confidence Level">3</attribute>
      <attribute name="Notes">Dorsal fin torn</attribute>
    </box>
    <box frame="102" outside="0" occluded="1" keyframe="0" xtl="1368.38" ytl="447.46" xbr="1920.00" ybr="787.64" z_order="0">
      <attribute name="Sex">Female</attribute>
      <attribute name="Adipose Clipped">No</attribute>
      <attribute name="Injury">Yes</attribute>
      <attribute name="Confidence Level">3</attribute>
      <attribute name="Notes">Dorsal fin torn</attribute>
    </box>
    <box frame="103" outside="0" occluded="1" keyframe="0" xtl="1357.98" ytl="442.78" xbr="1920.00" ybr="785.95" z_order="0">
      <attribute name="Sex">Female</attribute>
      <attribute name="Adipose Clipped">No</attribute>
      <attribute name="Injury">Yes</attribute>
      <attribute name="Confidence Level">3</attribute>
      <attribute name="Notes">Dorsal fin torn</attribute>
    </box>
    <box frame="104" outside="0" occluded="1" keyframe="0" xtl="1347.57" ytl="438.09" xbr="1920.00" ybr="784.26" z_order="0">
      <attribute name="Sex">Female</attribute>
      <attribute name="Adipose Clipped">No</attribute>
      <attribute name="Injury">Yes</attribute>
      <attribute name="Confidence Level">3</attribute>
      <attribute name="Notes">Dorsal fin torn</attribute>
    </box>
    <box frame="105" outside="0" occluded="1" keyframe="0" xtl="1337.17" ytl="433.41" xbr="1920.00" ybr="782.57" z_order="0">
      <attribute name="Sex">Female</attribute>
      <attribute name="Adipose Clipped">No</attribute>
      <attribute name="Injury">Yes</attribute>
      <attribute name="Confidence Level">3</attribute>
      <attribute name="Notes">Dorsal fin torn</attribute>
    </box>
    <box frame="106" outside="0" occluded="1" keyframe="0" xtl="1326.76" ytl="428.72" xbr="1920.00" ybr="780.88" z_order="0">
      <attribute name="Sex">Female</attribute>
      <attribute name="Adipose Clipped">No</attribute>
      <attribute name="Injury">Yes</attribute>
      <attribute name="Confidence Level">3</attribute>
      <attribute name="Notes">Dorsal fin torn</attribute>
    </box>
    <box frame="107" outside="0" occluded="1" keyframe="0" xtl="1316.36" ytl="424.04" xbr="1920.00" ybr="779.19" z_order="0">
      <attribute name="Sex">Female</attribute>
      <attribute name="Adipose Clipped">No</attribute>
      <attribute name="Injury">Yes</attribute>
      <attribute name="Confidence Level">3</attribute>
      <attribute name="Notes">Dorsal fin torn</attribute>
    </box>
    <box frame="108" outside="0" occluded="1" keyframe="0" xtl="1305.95" ytl="419.35" xbr="1920.00" ybr="777.50" z_order="0">
      <attribute name="Sex">Female</attribute>
      <attribute name="Adipose Clipped">No</attribute>
      <attribute name="Injury">Yes</attribute>
      <attribute name="Confidence Level">3</attribute>
      <attribute name="Notes">Dorsal fin torn</attribute>
    </box>
    <box frame="109" outside="0" occluded="1" keyframe="0" xtl="1295.55" ytl="414.67" xbr="1920.00" ybr="775.81" z_order="0">
      <attribute name="Sex">Female</attribute>
      <attribute name="Adipose Clipped">No</attribute>
      <attribute name="Injury">Yes</attribute>
      <attribute name="Confidence Level">3</attribute>
      <attribute name="Notes">Dorsal fin torn</attribute>
    </box>
    <box frame="110" outside="0" occluded="1" keyframe="0" xtl="1285.14" ytl="409.98" xbr="1920.00" ybr="774.12" z_order="0">
      <attribute name="Sex">Female</attribute>
      <attribute name="Adipose Clipped">No</attribute>
      <attribute name="Injury">Yes</attribute>
      <attribute name="Confidence Level">3</attribute>
      <attribute name="Notes">Dorsal fin torn</attribute>
    </box>
    <box frame="111" outside="0" occluded="0" keyframe="1" xtl="1274.74" ytl="405.30" xbr="1920.00" ybr="772.43" z_order="0">
      <attribute name="Sex">Female</attribute>
      <attribute name="Adipose Clipped">No</attribute>
      <attribute name="Injury">Yes</attribute>
      <attribute name="Confidence Level">3</attribute>
      <attribute name="Notes">Dorsal fin torn</attribute>
    </box>
    <box frame="112" outside="0" occluded="0" keyframe="0" xtl="1264.33" ytl="400.61" xbr="1920.00" ybr="770.74" z_order="0">
      <attribute name="Sex">Female</attribute>
      <attribute name="Adipose Clipped">No</attribute>
      <attribute name="Injury">Yes</attribute>
      <attribute name="Confidence Level">3</attribute>
      <attribute name="Notes">Dorsal fin torn</attribute>
    </box>
    <box frame="113" outside="0" occluded="0" keyframe="0" xtl="1253.93" ytl="395.93" xbr="1920.00" ybr="769.05" z_order="0">
      <attribute name="Sex">Female</attribute>
      <attribute name="Adipose Clipped">No</attribute>
      <attribute name="Injury">Yes</attribute>
      <attribute name="Confidence Level">3</attribute>
      <attribute name="Notes">Dorsal fin torn</attribute>
    </box>
    <box frame="114" outside="0" occluded="0" keyframe="0" xtl="1243.52" ytl="391.24" xbr="1920.00" ybr="767.36" z_order="0">
      <attribute name="Sex">Female</attribute>
      <attribute name="Adipose Clipped">No</attribute>
      <attribute name="Injury">Yes</attribute>
      <attribute name="Confidence Level">3</attribute>
      <attribute name="Notes">Dorsal fin torn</attribute>
    </box>
    <box frame="115" outside="0" occluded="0" keyframe="0" xtl="1233.12" ytl="386.56" xbr="1920.00" ybr="765.67" z_order="0">
      <attribute name="Sex">Female</attribute>
      <attribute name="Adipose Clipped">No</attribute>
      <attribute name="Injury">Yes</attribute>
      <attribute name="Confidence Level">3</attribute>
      <attribute name="Notes">Dorsal fin torn</attribute>
    </box>
    <box frame="116" outside="0" occluded="0" keyframe="0" xtl="1222.71" ytl="381.87" xbr="1920.00" ybr="763.98" z_order="0">
      <attribute name="Sex">Female</attribute>
      <attribute name="Adipose Clipped">No</attribute>
      <attribute name="Injury">Yes</attribute>
      <attribute name="Confidence Level">3</attribute>
      <attribute name="Notes">Dorsal fin torn</attribute>
    </box>
    <box frame="117" outside="0" occluded="0" keyframe="0" xtl="1212.31" ytl="377.19" xbr="1920.00" ybr="762.29" z_order="0">
      <attribute name="Sex">Female</attribute>
      <attribute name="Adipose Clipped">No</attribute>
      <attribute name="Injury">Yes</attribute>
      <attribute name="Confidence Level">3</attribute>
      <attribute name="Notes">Dorsal fin torn</attribute>
    </box>
    <box frame="118" outside="0" occluded="0" keyframe="1" xtl="1201.90" ytl="372.50" xbr="1920.00" ybr="760.60" z_order="0">
      <attribute name="Sex">Female</attribute>
      <attribute name="Adipose Clipped">No</attribute>
      <attribute name="Injury">Yes</attribute>
      <attribute name="Confidence Level">3</attribute>
      <attribute name="Notes">Dorsal fin torn</attribute>
    </box>
    <box frame="119" outside="0" occluded="0" keyframe="0" xtl="1197.78" ytl="372.50" xbr="1920.00" ybr="764.35" z_order="0">
      <attribute name="Sex">Female</attribute>
      <attribute name="Adipose Clipped">No</attribute>
      <attribute name="Injury">Yes</attribute>
      <attribute name="Confidence Level">3</attribute>
      <attribute name="Notes">Dorsal fin torn</attribute>
    </box>
    <box frame="120" outside="0" occluded="0" keyframe="0" xtl="1193.66" ytl="372.50" xbr="1920.00" ybr="768.10" z_order="0">
      <attribute name="Sex">Female</attribute>
      <attribute name="Adipose Clipped">No</attribute>
      <attribute name="Injury">Yes</attribute>
      <attribute name="Confidence Level">3</attribute>
      <attribute name="Notes">Dorsal fin torn</attribute>
    </box>
    <box frame="121" outside="0" occluded="0" keyframe="0" xtl="1189.54" ytl="372.50" xbr="1920.00" ybr="771.85" z_order="0">
      <attribute name="Sex">Female</attribute>
      <attribute name="Adipose Clipped">No</attribute>
      <attribute name="Injury">Yes</attribute>
      <attribute name="Confidence Level">3</attribute>
      <attribute name="Notes">Dorsal fin torn</attribute>
    </box>
    <box frame="122" outside="0" occluded="0" keyframe="0" xtl="1185.42" ytl="372.50" xbr="1920.00" ybr="775.60" z_order="0">
      <attribute name="Sex">Female</attribute>
      <attribute name="Adipose Clipped">No</attribute>
      <attribute name="Injury">Yes</attribute>
      <attribute name="Confidence Level">3</attribute>
      <attribute name="Notes">Dorsal fin torn</attribute>
    </box>
    <box frame="123" outside="0" occluded="0" keyframe="0" xtl="1181.30" ytl="372.50" xbr="1920.00" ybr="779.35" z_order="0">
      <attribute name="Sex">Female</attribute>
      <attribute name="Adipose Clipped">No</attribute>
      <attribute name="Injury">Yes</attribute>
      <attribute name="Confidence Level">3</attribute>
      <attribute name="Notes">Dorsal fin torn</attribute>
    </box>
    <box frame="124" outside="0" occluded="0" keyframe="0" xtl="1177.18" ytl="372.50" xbr="1920.00" ybr="783.10" z_order="0">
      <attribute name="Sex">Female</attribute>
      <attribute name="Adipose Clipped">No</attribute>
      <attribute name="Injury">Yes</attribute>
      <attribute name="Confidence Level">3</attribute>
      <attribute name="Notes">Dorsal fin torn</attribute>
    </box>
    <box frame="125" outside="0" occluded="0" keyframe="0" xtl="1173.06" ytl="372.50" xbr="1920.00" ybr="786.85" z_order="0">
      <attribute name="Sex">Female</attribute>
      <attribute name="Adipose Clipped">No</attribute>
      <attribute name="Injury">Yes</attribute>
      <attribute name="Confidence Level">3</attribute>
      <attribute name="Notes">Dorsal fin torn</attribute>
    </box>
    <box frame="126" outside="0" occluded="0" keyframe="0" xtl="1168.94" ytl="372.50" xbr="1920.00" ybr="790.60" z_order="0">
      <attribute name="Sex">Female</attribute>
      <attribute name="Adipose Clipped">No</attribute>
      <attribute name="Injury">Yes</attribute>
      <attribute name="Confidence Level">3</attribute>
      <attribute name="Notes">Dorsal fin torn</attribute>
    </box>
    <box frame="127" outside="0" occluded="0" keyframe="0" xtl="1164.82" ytl="372.50" xbr="1920.00" ybr="794.35" z_order="0">
      <attribute name="Sex">Female</attribute>
      <attribute name="Adipose Clipped">No</attribute>
      <attribute name="Injury">Yes</attribute>
      <attribute name="Confidence Level">3</attribute>
      <attribute name="Notes">Dorsal fin torn</attribute>
    </box>
    <box frame="128" outside="0" occluded="0" keyframe="1" xtl="1160.70" ytl="372.50" xbr="1920.00" ybr="798.10" z_order="0">
      <attribute name="Sex">Female</attribute>
      <attribute name="Adipose Clipped">No</attribute>
      <attribute name="Injury">Yes</attribute>
      <attribute name="Confidence Level">3</attribute>
      <attribute name="Notes">Dorsal fin torn</attribute>
    </box>
    <box frame="129" outside="0" occluded="0" keyframe="0" xtl="1158.08" ytl="368.00" xbr="1920.00" ybr="798.10" z_order="0">
      <attribute name="Sex">Female</attribute>
      <attribute name="Adipose Clipped">No</attribute>
      <attribute name="Injury">Yes</attribute>
      <attribute name="Confidence Level">3</attribute>
      <attribute name="Notes">Dorsal fin torn</attribute>
    </box>
    <box frame="130" outside="0" occluded="0" keyframe="0" xtl="1155.46" ytl="363.50" xbr="1920.00" ybr="798.10" z_order="0">
      <attribute name="Sex">Female</attribute>
      <attribute name="Adipose Clipped">No</attribute>
      <attribute name="Injury">Yes</attribute>
      <attribute name="Confidence Level">3</attribute>
      <attribute name="Notes">Dorsal fin torn</attribute>
    </box>
    <box frame="131" outside="0" occluded="0" keyframe="0" xtl="1152.84" ytl="359.00" xbr="1920.00" ybr="798.10" z_order="0">
      <attribute name="Sex">Female</attribute>
      <attribute name="Adipose Clipped">No</attribute>
      <attribute name="Injury">Yes</attribute>
      <attribute name="Confidence Level">3</attribute>
      <attribute name="Notes">Dorsal fin torn</attribute>
    </box>
    <box frame="132" outside="0" occluded="0" keyframe="0" xtl="1150.22" ytl="354.50" xbr="1920.00" ybr="798.10" z_order="0">
      <attribute name="Sex">Female</attribute>
      <attribute name="Adipose Clipped">No</attribute>
      <attribute name="Injury">Yes</attribute>
      <attribute name="Confidence Level">3</attribute>
      <attribute name="Notes">Dorsal fin torn</attribute>
    </box>
    <box frame="133" outside="0" occluded="0" keyframe="0" xtl="1147.60" ytl="350.00" xbr="1920.00" ybr="798.10" z_order="0">
      <attribute name="Sex">Female</attribute>
      <attribute name="Adipose Clipped">No</attribute>
      <attribute name="Injury">Yes</attribute>
      <attribute name="Confidence Level">3</attribute>
      <attribute name="Notes">Dorsal fin torn</attribute>
    </box>
    <box frame="134" outside="0" occluded="0" keyframe="0" xtl="1144.98" ytl="345.50" xbr="1920.00" ybr="798.10" z_order="0">
      <attribute name="Sex">Female</attribute>
      <attribute name="Adipose Clipped">No</attribute>
      <attribute name="Injury">Yes</attribute>
      <attribute name="Confidence Level">3</attribute>
      <attribute name="Notes">Dorsal fin torn</attribute>
    </box>
    <box frame="135" outside="0" occluded="0" keyframe="0" xtl="1142.36" ytl="341.00" xbr="1920.00" ybr="798.10" z_order="0">
      <attribute name="Sex">Female</attribute>
      <attribute name="Adipose Clipped">No</attribute>
      <attribute name="Injury">Yes</attribute>
      <attribute name="Confidence Level">3</attribute>
      <attribute name="Notes">Dorsal fin torn</attribute>
    </box>
    <box frame="136" outside="0" occluded="0" keyframe="0" xtl="1139.74" ytl="336.50" xbr="1920.00" ybr="798.10" z_order="0">
      <attribute name="Sex">Female</attribute>
      <attribute name="Adipose Clipped">No</attribute>
      <attribute name="Injury">Yes</attribute>
      <attribute name="Confidence Level">3</attribute>
      <attribute name="Notes">Dorsal fin torn</attribute>
    </box>
    <box frame="137" outside="0" occluded="0" keyframe="0" xtl="1137.12" ytl="332.00" xbr="1920.00" ybr="798.10" z_order="0">
      <attribute name="Sex">Female</attribute>
      <attribute name="Adipose Clipped">No</attribute>
      <attribute name="Injury">Yes</attribute>
      <attribute name="Confidence Level">3</attribute>
      <attribute name="Notes">Dorsal fin torn</attribute>
    </box>
    <box frame="138" outside="0" occluded="0" keyframe="1" xtl="1134.50" ytl="327.50" xbr="1920.00" ybr="798.10" z_order="0">
      <attribute name="Sex">Female</attribute>
      <attribute name="Adipose Clipped">No</attribute>
      <attribute name="Injury">Yes</attribute>
      <attribute name="Confidence Level">3</attribute>
      <attribute name="Notes">Dorsal fin torn</attribute>
    </box>
    <box frame="139" outside="0" occluded="0" keyframe="0" xtl="1134.88" ytl="322.81" xbr="1920.00" ybr="793.41" z_order="0">
      <attribute name="Sex">Female</attribute>
      <attribute name="Adipose Clipped">No</attribute>
      <attribute name="Injury">Yes</attribute>
      <attribute name="Confidence Level">3</attribute>
      <attribute name="Notes">Dorsal fin torn</attribute>
    </box>
    <box frame="140" outside="0" occluded="0" keyframe="0" xtl="1135.25" ytl="318.12" xbr="1920.00" ybr="788.73" z_order="0">
      <attribute name="Sex">Female</attribute>
      <attribute name="Adipose Clipped">No</attribute>
      <attribute name="Injury">Yes</attribute>
      <attribute name="Confidence Level">3</attribute>
      <attribute name="Notes">Dorsal fin torn</attribute>
    </box>
    <box frame="141" outside="0" occluded="0" keyframe="0" xtl="1135.63" ytl="313.44" xbr="1920.00" ybr="784.04" z_order="0">
      <attribute name="Sex">Female</attribute>
      <attribute name="Adipose Clipped">No</attribute>
      <attribute name="Injury">Yes</attribute>
      <attribute name="Confidence Level">3</attribute>
      <attribute name="Notes">Dorsal fin torn</attribute>
    </box>
    <box frame="142" outside="0" occluded="0" keyframe="0" xtl="1136.00" ytl="308.75" xbr="1920.00" ybr="779.35" z_order="0">
      <attribute name="Sex">Female</attribute>
      <attribute name="Adipose Clipped">No</attribute>
      <attribute name="Injury">Yes</attribute>
      <attribute name="Confidence Level">3</attribute>
      <attribute name="Notes">Dorsal fin torn</attribute>
    </box>
    <box frame="143" outside="0" occluded="0" keyframe="0" xtl="1136.38" ytl="304.06" xbr="1920.00" ybr="774.66" z_order="0">
      <attribute name="Sex">Female</attribute>
      <attribute name="Adipose Clipped">No</attribute>
      <attribute name="Injury">Yes</attribute>
      <attribute name="Confidence Level">3</attribute>
      <attribute name="Notes">Dorsal fin torn</attribute>
    </box>
    <box frame="144" outside="0" occluded="0" keyframe="0" xtl="1136.75" ytl="299.38" xbr="1920.00" ybr="769.98" z_order="0">
      <attribute name="Sex">Female</attribute>
      <attribute name="Adipose Clipped">No</attribute>
      <attribute name="Injury">Yes</attribute>
      <attribute name="Confidence Level">3</attribute>
      <attribute name="Notes">Dorsal fin torn</attribute>
    </box>
    <box frame="145" outside="0" occluded="0" keyframe="0" xtl="1137.13" ytl="294.69" xbr="1920.00" ybr="765.29" z_order="0">
      <attribute name="Sex">Female</attribute>
      <attribute name="Adipose Clipped">No</attribute>
      <attribute name="Injury">Yes</attribute>
      <attribute name="Confidence Level">3</attribute>
      <attribute name="Notes">Dorsal fin torn</attribute>
    </box>
    <box frame="146" outside="0" occluded="0" keyframe="0" xtl="1137.50" ytl="290.00" xbr="1920.00" ybr="760.60" z_order="0">
      <attribute name="Sex">Female</attribute>
      <attribute name="Adipose Clipped">No</attribute>
      <attribute name="Injury">Yes</attribute>
      <attribute name="Confidence Level">3</attribute>
      <attribute name="Notes">Dorsal fin torn</attribute>
    </box>
    <box frame="147" outside="0" occluded="0" keyframe="0" xtl="1137.88" ytl="285.31" xbr="1920.00" ybr="755.91" z_order="0">
      <attribute name="Sex">Female</attribute>
      <attribute name="Adipose Clipped">No</attribute>
      <attribute name="Injury">Yes</attribute>
      <attribute name="Confidence Level">3</attribute>
      <attribute name="Notes">Dorsal fin torn</attribute>
    </box>
    <box frame="148" outside="0" occluded="0" keyframe="1" xtl="1138.25" ytl="280.62" xbr="1920.00" ybr="751.23" z_order="0">
      <attribute name="Sex">Female</attribute>
      <attribute name="Adipose Clipped">No</attribute>
      <attribute name="Injury">Yes</attribute>
      <attribute name="Confidence Level">3</attribute>
      <attribute name="Notes">Dorsal fin torn</attribute>
    </box>
    <box frame="149" outside="0" occluded="0" keyframe="0" xtl="1141.88" ytl="281.06" xbr="1920.00" ybr="751.66" z_order="0">
      <attribute name="Sex">Female</attribute>
      <attribute name="Adipose Clipped">No</attribute>
      <attribute name="Injury">Yes</attribute>
      <attribute name="Confidence Level">3</attribute>
      <attribute name="Notes">Dorsal fin torn</attribute>
    </box>
    <box frame="150" outside="0" occluded="0" keyframe="0" xtl="1145.50" ytl="281.50" xbr="1920.00" ybr="752.10" z_order="0">
      <attribute name="Sex">Female</attribute>
      <attribute name="Adipose Clipped">No</attribute>
      <attribute name="Injury">Yes</attribute>
      <attribute name="Confidence Level">3</attribute>
      <attribute name="Notes">Dorsal fin torn</attribute>
    </box>
    <box frame="151" outside="0" occluded="0" keyframe="0" xtl="1149.13" ytl="281.94" xbr="1920.00" ybr="752.54" z_order="0">
      <attribute name="Sex">Female</attribute>
      <attribute name="Adipose Clipped">No</attribute>
      <attribute name="Injury">Yes</attribute>
      <attribute name="Confidence Level">3</attribute>
      <attribute name="Notes">Dorsal fin torn</attribute>
    </box>
    <box frame="152" outside="0" occluded="0" keyframe="0" xtl="1152.75" ytl="282.38" xbr="1920.00" ybr="752.98" z_order="0">
      <attribute name="Sex">Female</attribute>
      <attribute name="Adipose Clipped">No</attribute>
      <attribute name="Injury">Yes</attribute>
      <attribute name="Confidence Level">3</attribute>
      <attribute name="Notes">Dorsal fin torn</attribute>
    </box>
    <box frame="153" outside="0" occluded="0" keyframe="0" xtl="1156.38" ytl="282.81" xbr="1920.00" ybr="753.41" z_order="0">
      <attribute name="Sex">Female</attribute>
      <attribute name="Adipose Clipped">No</attribute>
      <attribute name="Injury">Yes</attribute>
      <attribute name="Confidence Level">3</attribute>
      <attribute name="Notes">Dorsal fin torn</attribute>
    </box>
    <box frame="154" outside="0" occluded="0" keyframe="0" xtl="1160.00" ytl="283.25" xbr="1920.00" ybr="753.85" z_order="0">
      <attribute name="Sex">Female</attribute>
      <attribute name="Adipose Clipped">No</attribute>
      <attribute name="Injury">Yes</attribute>
      <attribute name="Confidence Level">3</attribute>
      <attribute name="Notes">Dorsal fin torn</attribute>
    </box>
    <box frame="155" outside="0" occluded="0" keyframe="0" xtl="1163.63" ytl="283.69" xbr="1920.00" ybr="754.29" z_order="0">
      <attribute name="Sex">Female</attribute>
      <attribute name="Adipose Clipped">No</attribute>
      <attribute name="Injury">Yes</attribute>
      <attribute name="Confidence Level">3</attribute>
      <attribute name="Notes">Dorsal fin torn</attribute>
    </box>
    <box frame="156" outside="0" occluded="0" keyframe="0" xtl="1167.25" ytl="284.12" xbr="1920.00" ybr="754.73" z_order="0">
      <attribute name="Sex">Female</attribute>
      <attribute name="Adipose Clipped">No</attribute>
      <attribute name="Injury">Yes</attribute>
      <attribute name="Confidence Level">3</attribute>
      <attribute name="Notes">Dorsal fin torn</attribute>
    </box>
    <box frame="157" outside="0" occluded="0" keyframe="0" xtl="1170.88" ytl="284.56" xbr="1920.00" ybr="755.16" z_order="0">
      <attribute name="Sex">Female</attribute>
      <attribute name="Adipose Clipped">No</attribute>
      <attribute name="Injury">Yes</attribute>
      <attribute name="Confidence Level">3</attribute>
      <attribute name="Notes">Dorsal fin torn</attribute>
    </box>
    <box frame="158" outside="0" occluded="0" keyframe="0" xtl="1174.50" ytl="285.00" xbr="1920.00" ybr="755.60" z_order="0">
      <attribute name="Sex">Female</attribute>
      <attribute name="Adipose Clipped">No</attribute>
      <attribute name="Injury">Yes</attribute>
      <attribute name="Confidence Level">3</attribute>
      <attribute name="Notes">Dorsal fin torn</attribute>
    </box>
    <box frame="159" outside="0" occluded="0" keyframe="0" xtl="1178.13" ytl="285.44" xbr="1920.00" ybr="756.04" z_order="0">
      <attribute name="Sex">Female</attribute>
      <attribute name="Adipose Clipped">No</attribute>
      <attribute name="Injury">Yes</attribute>
      <attribute name="Confidence Level">3</attribute>
      <attribute name="Notes">Dorsal fin torn</attribute>
    </box>
    <box frame="160" outside="0" occluded="0" keyframe="0" xtl="1181.75" ytl="285.88" xbr="1920.00" ybr="756.48" z_order="0">
      <attribute name="Sex">Female</attribute>
      <attribute name="Adipose Clipped">No</attribute>
      <attribute name="Injury">Yes</attribute>
      <attribute name="Confidence Level">3</attribute>
      <attribute name="Notes">Dorsal fin torn</attribute>
    </box>
    <box frame="161" outside="0" occluded="0" keyframe="0" xtl="1185.38" ytl="286.31" xbr="1920.00" ybr="756.91" z_order="0">
      <attribute name="Sex">Female</attribute>
      <attribute name="Adipose Clipped">No</attribute>
      <attribute name="Injury">Yes</attribute>
      <attribute name="Confidence Level">3</attribute>
      <attribute name="Notes">Dorsal fin torn</attribute>
    </box>
    <box frame="162" outside="0" occluded="0" keyframe="0" xtl="1189.00" ytl="286.75" xbr="1920.00" ybr="757.35" z_order="0">
      <attribute name="Sex">Female</attribute>
      <attribute name="Adipose Clipped">No</attribute>
      <attribute name="Injury">Yes</attribute>
      <attribute name="Confidence Level">3</attribute>
      <attribute name="Notes">Dorsal fin torn</attribute>
    </box>
    <box frame="163" outside="0" occluded="0" keyframe="0" xtl="1192.63" ytl="287.19" xbr="1920.00" ybr="757.79" z_order="0">
      <attribute name="Sex">Female</attribute>
      <attribute name="Adipose Clipped">No</attribute>
      <attribute name="Injury">Yes</attribute>
      <attribute name="Confidence Level">3</attribute>
      <attribute name="Notes">Dorsal fin torn</attribute>
    </box>
    <box frame="164" outside="0" occluded="0" keyframe="0" xtl="1196.25" ytl="287.62" xbr="1920.00" ybr="758.23" z_order="0">
      <attribute name="Sex">Female</attribute>
      <attribute name="Adipose Clipped">No</attribute>
      <attribute name="Injury">Yes</attribute>
      <attribute name="Confidence Level">3</attribute>
      <attribute name="Notes">Dorsal fin torn</attribute>
    </box>
    <box frame="165" outside="0" occluded="0" keyframe="0" xtl="1199.88" ytl="288.06" xbr="1920.00" ybr="758.66" z_order="0">
      <attribute name="Sex">Female</attribute>
      <attribute name="Adipose Clipped">No</attribute>
      <attribute name="Injury">Yes</attribute>
      <attribute name="Confidence Level">3</attribute>
      <attribute name="Notes">Dorsal fin torn</attribute>
    </box>
    <box frame="166" outside="0" occluded="0" keyframe="0" xtl="1203.50" ytl="288.50" xbr="1920.00" ybr="759.10" z_order="0">
      <attribute name="Sex">Female</attribute>
      <attribute name="Adipose Clipped">No</attribute>
      <attribute name="Injury">Yes</attribute>
      <attribute name="Confidence Level">3</attribute>
      <attribute name="Notes">Dorsal fin torn</attribute>
    </box>
    <box frame="167" outside="0" occluded="0" keyframe="0" xtl="1207.13" ytl="288.94" xbr="1920.00" ybr="759.54" z_order="0">
      <attribute name="Sex">Female</attribute>
      <attribute name="Adipose Clipped">No</attribute>
      <attribute name="Injury">Yes</attribute>
      <attribute name="Confidence Level">3</attribute>
      <attribute name="Notes">Dorsal fin torn</attribute>
    </box>
    <box frame="168" outside="0" occluded="0" keyframe="0" xtl="1210.75" ytl="289.38" xbr="1920.00" ybr="759.98" z_order="0">
      <attribute name="Sex">Female</attribute>
      <attribute name="Adipose Clipped">No</attribute>
      <attribute name="Injury">Yes</attribute>
      <attribute name="Confidence Level">3</attribute>
      <attribute name="Notes">Dorsal fin torn</attribute>
    </box>
    <box frame="169" outside="0" occluded="0" keyframe="0" xtl="1214.38" ytl="289.81" xbr="1920.00" ybr="760.41" z_order="0">
      <attribute name="Sex">Female</attribute>
      <attribute name="Adipose Clipped">No</attribute>
      <attribute name="Injury">Yes</attribute>
      <attribute name="Confidence Level">3</attribute>
      <attribute name="Notes">Dorsal fin torn</attribute>
    </box>
    <box frame="170" outside="0" occluded="0" keyframe="0" xtl="1218.00" ytl="290.25" xbr="1920.00" ybr="760.85" z_order="0">
      <attribute name="Sex">Female</attribute>
      <attribute name="Adipose Clipped">No</attribute>
      <attribute name="Injury">Yes</attribute>
      <attribute name="Confidence Level">3</attribute>
      <attribute name="Notes">Dorsal fin torn</attribute>
    </box>
    <box frame="171" outside="0" occluded="0" keyframe="0" xtl="1221.63" ytl="290.69" xbr="1920.00" ybr="761.29" z_order="0">
      <attribute name="Sex">Female</attribute>
      <attribute name="Adipose Clipped">No</attribute>
      <attribute name="Injury">Yes</attribute>
      <attribute name="Confidence Level">3</attribute>
      <attribute name="Notes">Dorsal fin torn</attribute>
    </box>
    <box frame="172" outside="0" occluded="0" keyframe="0" xtl="1225.25" ytl="291.12" xbr="1920.00" ybr="761.73" z_order="0">
      <attribute name="Sex">Female</attribute>
      <attribute name="Adipose Clipped">No</attribute>
      <attribute name="Injury">Yes</attribute>
      <attribute name="Confidence Level">3</attribute>
      <attribute name="Notes">Dorsal fin torn</attribute>
    </box>
    <box frame="173" outside="0" occluded="0" keyframe="0" xtl="1228.88" ytl="291.56" xbr="1920.00" ybr="762.16" z_order="0">
      <attribute name="Sex">Female</attribute>
      <attribute name="Adipose Clipped">No</attribute>
      <attribute name="Injury">Yes</attribute>
      <attribute name="Confidence Level">3</attribute>
      <attribute name="Notes">Dorsal fin torn</attribute>
    </box>
    <box frame="174" outside="0" occluded="0" keyframe="0" xtl="1232.50" ytl="292.00" xbr="1920.00" ybr="762.60" z_order="0">
      <attribute name="Sex">Female</attribute>
      <attribute name="Adipose Clipped">No</attribute>
      <attribute name="Injury">Yes</attribute>
      <attribute name="Confidence Level">3</attribute>
      <attribute name="Notes">Dorsal fin torn</attribute>
    </box>
    <box frame="175" outside="0" occluded="0" keyframe="0" xtl="1236.13" ytl="292.44" xbr="1920.00" ybr="763.04" z_order="0">
      <attribute name="Sex">Female</attribute>
      <attribute name="Adipose Clipped">No</attribute>
      <attribute name="Injury">Yes</attribute>
      <attribute name="Confidence Level">3</attribute>
      <attribute name="Notes">Dorsal fin torn</attribute>
    </box>
    <box frame="176" outside="0" occluded="0" keyframe="0" xtl="1239.75" ytl="292.88" xbr="1920.00" ybr="763.48" z_order="0">
      <attribute name="Sex">Female</attribute>
      <attribute name="Adipose Clipped">No</attribute>
      <attribute name="Injury">Yes</attribute>
      <attribute name="Confidence Level">3</attribute>
      <attribute name="Notes">Dorsal fin torn</attribute>
    </box>
    <box frame="177" outside="0" occluded="0" keyframe="0" xtl="1243.38" ytl="293.31" xbr="1920.00" ybr="763.91" z_order="0">
      <attribute name="Sex">Female</attribute>
      <attribute name="Adipose Clipped">No</attribute>
      <attribute name="Injury">Yes</attribute>
      <attribute name="Confidence Level">3</attribute>
      <attribute name="Notes">Dorsal fin torn</attribute>
    </box>
    <box frame="178" outside="0" occluded="0" keyframe="1" xtl="1247.00" ytl="293.75" xbr="1920.00" ybr="764.35" z_order="0">
      <attribute name="Sex">Female</attribute>
      <attribute name="Adipose Clipped">No</attribute>
      <attribute name="Injury">Yes</attribute>
      <attribute name="Confidence Level">3</attribute>
      <attribute name="Notes">Dorsal fin torn</attribute>
    </box>
    <box frame="179" outside="0" occluded="0" keyframe="0" xtl="1258.44" ytl="301.44" xbr="1920.00" ybr="764.35" z_order="0">
      <attribute name="Sex">Female</attribute>
      <attribute name="Adipose Clipped">No</attribute>
      <attribute name="Injury">Yes</attribute>
      <attribute name="Confidence Level">3</attribute>
      <attribute name="Notes">Dorsal fin torn</attribute>
    </box>
    <box frame="180" outside="0" occluded="0" keyframe="0" xtl="1269.88" ytl="309.12" xbr="1920.00" ybr="764.35" z_order="0">
      <attribute name="Sex">Female</attribute>
      <attribute name="Adipose Clipped">No</attribute>
      <attribute name="Injury">Yes</attribute>
      <attribute name="Confidence Level">3</attribute>
      <attribute name="Notes">Dorsal fin torn</attribute>
    </box>
    <box frame="181" outside="0" occluded="0" keyframe="0" xtl="1281.32" ytl="316.81" xbr="1920.00" ybr="764.35" z_order="0">
      <attribute name="Sex">Female</attribute>
      <attribute name="Adipose Clipped">No</attribute>
      <attribute name="Injury">Yes</attribute>
      <attribute name="Confidence Level">3</attribute>
      <attribute name="Notes">Dorsal fin torn</attribute>
    </box>
    <box frame="182" outside="0" occluded="0" keyframe="0" xtl="1292.76" ytl="324.49" xbr="1920.00" ybr="764.35" z_order="0">
      <attribute name="Sex">Female</attribute>
      <attribute name="Adipose Clipped">No</attribute>
      <attribute name="Injury">Yes</attribute>
      <attribute name="Confidence Level">3</attribute>
      <attribute name="Notes">Dorsal fin torn</attribute>
    </box>
    <box frame="183" outside="0" occluded="0" keyframe="0" xtl="1304.20" ytl="332.18" xbr="1920.00" ybr="764.35" z_order="0">
      <attribute name="Sex">Female</attribute>
      <attribute name="Adipose Clipped">No</attribute>
      <attribute name="Injury">Yes</attribute>
      <attribute name="Confidence Level">3</attribute>
      <attribute name="Notes">Dorsal fin torn</attribute>
    </box>
    <box frame="184" outside="0" occluded="0" keyframe="0" xtl="1315.64" ytl="339.86" xbr="1920.00" ybr="764.35" z_order="0">
      <attribute name="Sex">Female</attribute>
      <attribute name="Adipose Clipped">No</attribute>
      <attribute name="Injury">Yes</attribute>
      <attribute name="Confidence Level">3</attribute>
      <attribute name="Notes">Dorsal fin torn</attribute>
    </box>
    <box frame="185" outside="0" occluded="0" keyframe="0" xtl="1327.08" ytl="347.55" xbr="1920.00" ybr="764.35" z_order="0">
      <attribute name="Sex">Female</attribute>
      <attribute name="Adipose Clipped">No</attribute>
      <attribute name="Injury">Yes</attribute>
      <attribute name="Confidence Level">3</attribute>
      <attribute name="Notes">Dorsal fin torn</attribute>
    </box>
    <box frame="186" outside="0" occluded="0" keyframe="0" xtl="1338.52" ytl="355.23" xbr="1920.00" ybr="764.35" z_order="0">
      <attribute name="Sex">Female</attribute>
      <attribute name="Adipose Clipped">No</attribute>
      <attribute name="Injury">Yes</attribute>
      <attribute name="Confidence Level">3</attribute>
      <attribute name="Notes">Dorsal fin torn</attribute>
    </box>
    <box frame="187" outside="0" occluded="0" keyframe="0" xtl="1349.96" ytl="362.92" xbr="1920.00" ybr="764.35" z_order="0">
      <attribute name="Sex">Female</attribute>
      <attribute name="Adipose Clipped">No</attribute>
      <attribute name="Injury">Yes</attribute>
      <attribute name="Confidence Level">3</attribute>
      <attribute name="Notes">Dorsal fin torn</attribute>
    </box>
    <box frame="188" outside="0" occluded="0" keyframe="1" xtl="1361.40" ytl="370.60" xbr="1920.00" ybr="764.35" z_order="0">
      <attribute name="Sex">Female</attribute>
      <attribute name="Adipose Clipped">No</attribute>
      <attribute name="Injury">Yes</attribute>
      <attribute name="Confidence Level">3</attribute>
      <attribute name="Notes">Dorsal fin torn</attribute>
    </box>
    <box frame="189" outside="0" occluded="0" keyframe="0" xtl="1369.21" ytl="373.88" xbr="1920.00" ybr="767.63" z_order="0">
      <attribute name="Sex">Female</attribute>
      <attribute name="Adipose Clipped">No</attribute>
      <attribute name="Injury">Yes</attribute>
      <attribute name="Confidence Level">3</attribute>
      <attribute name="Notes">Dorsal fin torn</attribute>
    </box>
    <box frame="190" outside="0" occluded="0" keyframe="0" xtl="1377.03" ytl="377.16" xbr="1920.00" ybr="770.91" z_order="0">
      <attribute name="Sex">Female</attribute>
      <attribute name="Adipose Clipped">No</attribute>
      <attribute name="Injury">Yes</attribute>
      <attribute name="Confidence Level">3</attribute>
      <attribute name="Notes">Dorsal fin torn</attribute>
    </box>
    <box frame="191" outside="0" occluded="0" keyframe="0" xtl="1384.84" ytl="380.44" xbr="1920.00" ybr="774.19" z_order="0">
      <attribute name="Sex">Female</attribute>
      <attribute name="Adipose Clipped">No</attribute>
      <attribute name="Injury">Yes</attribute>
      <attribute name="Confidence Level">3</attribute>
      <attribute name="Notes">Dorsal fin torn</attribute>
    </box>
    <box frame="192" outside="0" occluded="0" keyframe="0" xtl="1392.65" ytl="383.73" xbr="1920.00" ybr="777.48" z_order="0">
      <attribute name="Sex">Female</attribute>
      <attribute name="Adipose Clipped">No</attribute>
      <attribute name="Injury">Yes</attribute>
      <attribute name="Confidence Level">3</attribute>
      <attribute name="Notes">Dorsal fin torn</attribute>
    </box>
    <box frame="193" outside="0" occluded="0" keyframe="0" xtl="1400.46" ytl="387.01" xbr="1920.00" ybr="780.76" z_order="0">
      <attribute name="Sex">Female</attribute>
      <attribute name="Adipose Clipped">No</attribute>
      <attribute name="Injury">Yes</attribute>
      <attribute name="Confidence Level">3</attribute>
      <attribute name="Notes">Dorsal fin torn</attribute>
    </box>
    <box frame="194" outside="0" occluded="0" keyframe="0" xtl="1408.28" ytl="390.29" xbr="1920.00" ybr="784.04" z_order="0">
      <attribute name="Sex">Female</attribute>
      <attribute name="Adipose Clipped">No</attribute>
      <attribute name="Injury">Yes</attribute>
      <attribute name="Confidence Level">3</attribute>
      <attribute name="Notes">Dorsal fin torn</attribute>
    </box>
    <box frame="195" outside="0" occluded="0" keyframe="0" xtl="1416.09" ytl="393.57" xbr="1920.00" ybr="787.32" z_order="0">
      <attribute name="Sex">Female</attribute>
      <attribute name="Adipose Clipped">No</attribute>
      <attribute name="Injury">Yes</attribute>
      <attribute name="Confidence Level">3</attribute>
      <attribute name="Notes">Dorsal fin torn</attribute>
    </box>
    <box frame="196" outside="0" occluded="0" keyframe="0" xtl="1423.90" ytl="396.85" xbr="1920.00" ybr="790.60" z_order="0">
      <attribute name="Sex">Female</attribute>
      <attribute name="Adipose Clipped">No</attribute>
      <attribute name="Injury">Yes</attribute>
      <attribute name="Confidence Level">3</attribute>
      <attribute name="Notes">Dorsal fin torn</attribute>
    </box>
    <box frame="197" outside="0" occluded="0" keyframe="0" xtl="1431.71" ytl="400.13" xbr="1920.00" ybr="793.88" z_order="0">
      <attribute name="Sex">Female</attribute>
      <attribute name="Adipose Clipped">No</attribute>
      <attribute name="Injury">Yes</attribute>
      <attribute name="Confidence Level">3</attribute>
      <attribute name="Notes">Dorsal fin torn</attribute>
    </box>
    <box frame="198" outside="0" occluded="0" keyframe="0" xtl="1439.53" ytl="403.41" xbr="1920.00" ybr="797.16" z_order="0">
      <attribute name="Sex">Female</attribute>
      <attribute name="Adipose Clipped">No</attribute>
      <attribute name="Injury">Yes</attribute>
      <attribute name="Confidence Level">3</attribute>
      <attribute name="Notes">Dorsal fin torn</attribute>
    </box>
    <box frame="199" outside="0" occluded="0" keyframe="0" xtl="1447.34" ytl="406.69" xbr="1920.00" ybr="800.44" z_order="0">
      <attribute name="Sex">Female</attribute>
      <attribute name="Adipose Clipped">No</attribute>
      <attribute name="Injury">Yes</attribute>
      <attribute name="Confidence Level">3</attribute>
      <attribute name="Notes">Dorsal fin torn</attribute>
    </box>
    <box frame="200" outside="0" occluded="0" keyframe="1" xtl="1455.15" ytl="409.98" xbr="1920.00" ybr="803.73" z_order="0">
      <attribute name="Sex">Female</attribute>
      <attribute name="Adipose Clipped">No</attribute>
      <attribute name="Injury">Yes</attribute>
      <attribute name="Confidence Level">3</attribute>
      <attribute name="Notes">Dorsal fin torn</attribute>
    </box>
    <box frame="201" outside="0" occluded="0" keyframe="0" xtl="1469.53" ytl="409.98" xbr="1920.00" ybr="803.73" z_order="0">
      <attribute name="Sex">Female</attribute>
      <attribute name="Adipose Clipped">No</attribute>
      <attribute name="Injury">Yes</attribute>
      <attribute name="Confidence Level">3</attribute>
      <attribute name="Notes">Dorsal fin torn</attribute>
    </box>
    <box frame="202" outside="0" occluded="0" keyframe="0" xtl="1483.90" ytl="409.98" xbr="1920.00" ybr="803.73" z_order="0">
      <attribute name="Sex">Female</attribute>
      <attribute name="Adipose Clipped">No</attribute>
      <attribute name="Injury">Yes</attribute>
      <attribute name="Confidence Level">3</attribute>
      <attribute name="Notes">Dorsal fin torn</attribute>
    </box>
    <box frame="203" outside="0" occluded="0" keyframe="0" xtl="1498.28" ytl="409.98" xbr="1920.00" ybr="803.73" z_order="0">
      <attribute name="Sex">Female</attribute>
      <attribute name="Adipose Clipped">No</attribute>
      <attribute name="Injury">Yes</attribute>
      <attribute name="Confidence Level">3</attribute>
      <attribute name="Notes">Dorsal fin torn</attribute>
    </box>
    <box frame="204" outside="0" occluded="0" keyframe="0" xtl="1512.65" ytl="409.98" xbr="1920.00" ybr="803.73" z_order="0">
      <attribute name="Sex">Female</attribute>
      <attribute name="Adipose Clipped">No</attribute>
      <attribute name="Injury">Yes</attribute>
      <attribute name="Confidence Level">3</attribute>
      <attribute name="Notes">Dorsal fin torn</attribute>
    </box>
    <box frame="205" outside="0" occluded="0" keyframe="0" xtl="1527.03" ytl="409.98" xbr="1920.00" ybr="803.73" z_order="0">
      <attribute name="Sex">Female</attribute>
      <attribute name="Adipose Clipped">No</attribute>
      <attribute name="Injury">Yes</attribute>
      <attribute name="Confidence Level">3</attribute>
      <attribute name="Notes">Dorsal fin torn</attribute>
    </box>
    <box frame="206" outside="0" occluded="1" keyframe="1" xtl="1541.40" ytl="409.98" xbr="1920.00" ybr="803.73" z_order="0">
      <attribute name="Sex">Female</attribute>
      <attribute name="Adipose Clipped">No</attribute>
      <attribute name="Injury">Yes</attribute>
      <attribute name="Confidence Level">3</attribute>
      <attribute name="Notes">Dorsal fin torn</attribute>
    </box>
    <box frame="207" outside="0" occluded="1" keyframe="0" xtl="1550.78" ytl="415.60" xbr="1920.00" ybr="809.35" z_order="0">
      <attribute name="Sex">Female</attribute>
      <attribute name="Adipose Clipped">No</attribute>
      <attribute name="Injury">Yes</attribute>
      <attribute name="Confidence Level">3</attribute>
      <attribute name="Notes">Dorsal fin torn</attribute>
    </box>
    <box frame="208" outside="0" occluded="1" keyframe="0" xtl="1560.15" ytl="421.23" xbr="1920.00" ybr="814.98" z_order="0">
      <attribute name="Sex">Female</attribute>
      <attribute name="Adipose Clipped">No</attribute>
      <attribute name="Injury">Yes</attribute>
      <attribute name="Confidence Level">3</attribute>
      <attribute name="Notes">Dorsal fin torn</attribute>
    </box>
    <box frame="209" outside="0" occluded="1" keyframe="0" xtl="1569.53" ytl="426.85" xbr="1920.00" ybr="820.60" z_order="0">
      <attribute name="Sex">Female</attribute>
      <attribute name="Adipose Clipped">No</attribute>
      <attribute name="Injury">Yes</attribute>
      <attribute name="Confidence Level">3</attribute>
      <attribute name="Notes">Dorsal fin torn</attribute>
    </box>
    <box frame="210" outside="0" occluded="1" keyframe="1" xtl="1578.90" ytl="432.48" xbr="1920.00" ybr="826.23" z_order="0">
      <attribute name="Sex">Female</attribute>
      <attribute name="Adipose Clipped">No</attribute>
      <attribute name="Injury">Yes</attribute>
      <attribute name="Confidence Level">3</attribute>
      <attribute name="Notes">Dorsal fin torn</attribute>
    </box>
    <box frame="211" outside="0" occluded="1" keyframe="1" xtl="1603.28" ytl="432.48" xbr="1920.00" ybr="826.23" z_order="0">
      <attribute name="Sex">Female</attribute>
      <attribute name="Adipose Clipped">No</attribute>
      <attribute name="Injury">Yes</attribute>
      <attribute name="Confidence Level">3</attribute>
      <attribute name="Notes">Dorsal fin torn</attribute>
    </box>
    <box frame="212" outside="0" occluded="1" keyframe="1" xtl="1682.00" ytl="432.48" xbr="1920.00" ybr="848.70" z_order="0">
      <attribute name="Sex">Female</attribute>
      <attribute name="Adipose Clipped">No</attribute>
      <attribute name="Injury">Yes</attribute>
      <attribute name="Confidence Level">3</attribute>
      <attribute name="Notes">Dorsal fin torn</attribute>
    </box>
    <box frame="213" outside="0" occluded="1" keyframe="0" xtl="1668.40" ytl="432.48" xbr="1920.00" ybr="841.68" z_order="0">
      <attribute name="Sex">Female</attribute>
      <attribute name="Adipose Clipped">No</attribute>
      <attribute name="Injury">Yes</attribute>
      <attribute name="Confidence Level">3</attribute>
      <attribute name="Notes">Dorsal fin torn</attribute>
    </box>
    <box frame="214" outside="0" occluded="1" keyframe="0" xtl="1654.80" ytl="432.48" xbr="1920.00" ybr="834.65" z_order="0">
      <attribute name="Sex">Female</attribute>
      <attribute name="Adipose Clipped">No</attribute>
      <attribute name="Injury">Yes</attribute>
      <attribute name="Confidence Level">3</attribute>
      <attribute name="Notes">Dorsal fin torn</attribute>
    </box>
    <box frame="215" outside="0" occluded="1" keyframe="0" xtl="1641.20" ytl="432.48" xbr="1920.00" ybr="827.63" z_order="0">
      <attribute name="Sex">Female</attribute>
      <attribute name="Adipose Clipped">No</attribute>
      <attribute name="Injury">Yes</attribute>
      <attribute name="Confidence Level">3</attribute>
      <attribute name="Notes">Dorsal fin torn</attribute>
    </box>
    <box frame="216" outside="0" occluded="1" keyframe="1" xtl="1627.60" ytl="432.48" xbr="1920.00" ybr="820.60" z_order="0">
      <attribute name="Sex">Female</attribute>
      <attribute name="Adipose Clipped">No</attribute>
      <attribute name="Injury">Yes</attribute>
      <attribute name="Confidence Level">3</attribute>
      <attribute name="Notes">Dorsal fin torn</attribute>
    </box>
    <box frame="217" outside="0" occluded="1" keyframe="0" xtl="1661.35" ytl="433.73" xbr="1920.00" ybr="821.85" z_order="0">
      <attribute name="Sex">Female</attribute>
      <attribute name="Adipose Clipped">No</attribute>
      <attribute name="Injury">Yes</attribute>
      <attribute name="Confidence Level">3</attribute>
      <attribute name="Notes">Dorsal fin torn</attribute>
    </box>
    <box frame="218" outside="0" occluded="1" keyframe="0" xtl="1695.10" ytl="434.98" xbr="1920.00" ybr="823.10" z_order="0">
      <attribute name="Sex">Female</attribute>
      <attribute name="Adipose Clipped">No</attribute>
      <attribute name="Injury">Yes</attribute>
      <attribute name="Confidence Level">3</attribute>
      <attribute name="Notes">Dorsal fin torn</attribute>
    </box>
    <box frame="219" outside="0" occluded="1" keyframe="1" xtl="1728.85" ytl="436.23" xbr="1920.00" ybr="824.35" z_order="0">
      <attribute name="Sex">Female</attribute>
      <attribute name="Adipose Clipped">No</attribute>
      <attribute name="Injury">Yes</attribute>
      <attribute name="Confidence Level">3</attribute>
      <attribute name="Notes">Dorsal fin torn</attribute>
    </box>
    <box frame="220" outside="1" occluded="1" keyframe="1" xtl="1775.72" ytl="436.23" xbr="1920.00" ybr="824.35" z_order="0">
      <attribute name="Sex">Female</attribute>
      <attribute name="Adipose Clipped">No</attribute>
      <attribute name="Injury">Yes</attribute>
      <attribute name="Confidence Level">3</attribute>
      <attribute name="Notes">Dorsal fin torn</attribute>
    </box>
  </track>
</annotations>