<?xml version="1.0" encoding="utf-8"?>
<annotations>
  <version>1.1</version>
  <meta>
    <task>
      <id>227</id>
      <name>09-14-2020 10-48-24 M Salmon Camera</name>
      <size>660</size>
      <mode>interpolation</mode>
      <overlap>5</overlap>
      <bugtracker></bugtracker>
      <created>2021-12-17 19:22:19.511849+00:00</created>
      <updated>2021-12-17 19:45:13.702074+00:00</updated>
      <subset>default</subset>
      <start_frame>0</start_frame>
      <stop_frame>659</stop_frame>
      <frame_filter></frame_filter>
      <segments>
        <segment>
          <id>227</id>
          <start>0</start>
          <stop>659</stop>
          <url>httplocalhost:8080/?id=227</url>
        </segment>
      </segments>
      <owner>
        <username>scurfield</username>
        <email>dan.scurfield@gmail.com</email>
      </owner>
      <assignee></assignee>
      <labels>
        <label>
          <name>Coho</name>
          <color>#83e070</color>
          <attributes>
            <attribute>
              <name>Adipose Clipped</name>
              <mutable>False</mutable>
              <input_type>select</input_type>
              <default_value>No</default_value>
              <values>No
Yes
NA</values>
            </attribute>
            <attribute>
              <name>confidence level</name>
              <mutable>False</mutable>
              <input_type>select</input_type>
              <default_value>3</default_value>
              <values>3
2
1</values>
            </attribute>
            <attribute>
              <name>injury</name>
              <mutable>False</mutable>
              <input_type>select</input_type>
              <default_value>No</default_value>
              <values>No
Yes
NA</values>
            </attribute>
            <attribute>
              <name>notes</name>
              <mutable>False</mutable>
              <input_type>text</input_type>
              <default_value>NA</default_value>
              <values>NA</values>
            </attribute>
            <attribute>
              <name>sex</name>
              <mutable>False</mutable>
              <input_type>select</input_type>
              <default_value>Male</default_value>
              <values>Male
Female
Jack</values>
            </attribute>
            <attribute>
              <name>view</name>
              <mutable>False</mutable>
              <input_type>select</input_type>
              <default_value>Side</default_value>
              <values>Side
Top-down</values>
            </attribute>
          </attributes>
        </label>
        <label>
          <name>Bull</name>
          <color>#20c000</color>
          <attributes>
            <attribute>
              <name>adipose clipped</name>
              <mutable>False</mutable>
              <input_type>select</input_type>
              <default_value>No</default_value>
              <values>No
NA</values>
            </attribute>
            <attribute>
              <name>confidence level</name>
              <mutable>False</mutable>
              <input_type>select</input_type>
              <default_value>3</default_value>
              <values>3
2
1</values>
            </attribute>
            <attribute>
              <name>injury</name>
              <mutable>False</mutable>
              <input_type>select</input_type>
              <default_value>No</default_value>
              <values>No
Yes
NA</values>
            </attribute>
            <attribute>
              <name>notes</name>
              <mutable>False</mutable>
              <input_type>text</input_type>
              <default_value>NA</default_value>
              <values>NA</values>
            </attribute>
            <attribute>
              <name>sex</name>
              <mutable>False</mutable>
              <input_type>select</input_type>
              <default_value>NA</default_value>
              <values>NA</values>
            </attribute>
            <attribute>
              <name>view</name>
              <mutable>False</mutable>
              <input_type>select</input_type>
              <default_value>Side</default_value>
              <values>Side
Top-down</values>
            </attribute>
          </attributes>
        </label>
        <label>
          <name>Chum</name>
          <color>#b83df5</color>
          <attributes>
            <attribute>
              <name>adipose clipped</name>
              <mutable>False</mutable>
              <input_type>select</input_type>
              <default_value>No</default_value>
              <values>No
Yes
NA</values>
            </attribute>
            <attribute>
              <name>confidence level</name>
              <mutable>False</mutable>
              <input_type>select</input_type>
              <default_value>3</default_value>
              <values>3
2
1</values>
            </attribute>
            <attribute>
              <name>injury</name>
              <mutable>False</mutable>
              <input_type>select</input_type>
              <default_value>No</default_value>
              <values>No
Yes
NA</values>
            </attribute>
            <attribute>
              <name>notes</name>
              <mutable>False</mutable>
              <input_type>text</input_type>
              <default_value>NA</default_value>
              <values>NA</values>
            </attribute>
            <attribute>
              <name>sex</name>
              <mutable>False</mutable>
              <input_type>select</input_type>
              <default_value>Male</default_value>
              <values>Male
Female</values>
            </attribute>
            <attribute>
              <name>view</name>
              <mutable>False</mutable>
              <input_type>select</input_type>
              <default_value>Side</default_value>
              <values>Side
Top-down</values>
            </attribute>
          </attributes>
        </label>
        <label>
          <name>Whitefish</name>
          <color>#e5e3ee</color>
          <attributes>
            <attribute>
              <name>adipose clipped</name>
              <mutable>False</mutable>
              <input_type>select</input_type>
              <default_value>No</default_value>
              <values>No
Yes
NA</values>
            </attribute>
            <attribute>
              <name>confidence level</name>
              <mutable>False</mutable>
              <input_type>select</input_type>
              <default_value>3</default_value>
              <values>3
2
1</values>
            </attribute>
            <attribute>
              <name>injury</name>
              <mutable>False</mutable>
              <input_type>select</input_type>
              <default_value>No</default_value>
              <values>No
Yes
NA</values>
            </attribute>
            <attribute>
              <name>notes</name>
              <mutable>False</mutable>
              <input_type>text</input_type>
              <default_value>NA</default_value>
              <values>NA</values>
            </attribute>
            <attribute>
              <name>sex</name>
              <mutable>False</mutable>
              <input_type>select</input_type>
              <default_value>NA</default_value>
              <values>NA</values>
            </attribute>
            <attribute>
              <name>view</name>
              <mutable>False</mutable>
              <input_type>select</input_type>
              <default_value>Side</default_value>
              <values>Side
Top-down</values>
            </attribute>
          </attributes>
        </label>
        <label>
          <name>Pink</name>
          <color>#fa7dbb</color>
          <attributes>
            <attribute>
              <name>adipose clipped</name>
              <mutable>False</mutable>
              <input_type>select</input_type>
              <default_value>No</default_value>
              <values>No
Yes
NA</values>
            </attribute>
            <attribute>
              <name>confidence level</name>
              <mutable>False</mutable>
              <input_type>select</input_type>
              <default_value>3</default_value>
              <values>3
2
1</values>
            </attribute>
            <attribute>
              <name>injury</name>
              <mutable>False</mutable>
              <input_type>select</input_type>
              <default_value>No</default_value>
              <values>No
Yes
NA</values>
            </attribute>
            <attribute>
              <name>notes</name>
              <mutable>False</mutable>
              <input_type>text</input_type>
              <default_value>NA</default_value>
              <values>NA</values>
            </attribute>
            <attribute>
              <name>sex</name>
              <mutable>False</mutable>
              <input_type>select</input_type>
              <default_value>Male</default_value>
              <values>Male
Female</values>
            </attribute>
            <attribute>
              <name>view</name>
              <mutable>False</mutable>
              <input_type>select</input_type>
              <default_value>Side</default_value>
              <values>Side
Top-down</values>
            </attribute>
          </attributes>
        </label>
        <label>
          <name>Sockeye</name>
          <color>#fa3253</color>
          <attributes>
            <attribute>
              <name>adipose clipped</name>
              <mutable>False</mutable>
              <input_type>select</input_type>
              <default_value>No</default_value>
              <values>No
Yes
NA</values>
            </attribute>
            <attribute>
              <name>confidence level</name>
              <mutable>False</mutable>
              <input_type>select</input_type>
              <default_value>3</default_value>
              <values>3
2
1</values>
            </attribute>
            <attribute>
              <name>injury</name>
              <mutable>False</mutable>
              <input_type>select</input_type>
              <default_value>No</default_value>
              <values>No
Yes
NA</values>
            </attribute>
            <attribute>
              <name>notes</name>
              <mutable>False</mutable>
              <input_type>text</input_type>
              <default_value>NA</default_value>
              <values>NA</values>
            </attribute>
            <attribute>
              <name>sex</name>
              <mutable>False</mutable>
              <input_type>select</input_type>
              <default_value>Male</default_value>
              <values>Male
Female
Jack</values>
            </attribute>
            <attribute>
              <name>view</name>
              <mutable>False</mutable>
              <input_type>select</input_type>
              <default_value>Side</default_value>
              <values>Side
Top-down</values>
            </attribute>
          </attributes>
        </label>
        <label>
          <name>Steelhead</name>
          <color>#32b7fa</color>
          <attributes>
            <attribute>
              <name>adipose clipped</name>
              <mutable>False</mutable>
              <input_type>select</input_type>
              <default_value>No</default_value>
              <values>No
Yes
NA</values>
            </attribute>
            <attribute>
              <name>confidence level</name>
              <mutable>False</mutable>
              <input_type>select</input_type>
              <default_value>3</default_value>
              <values>3
2
1</values>
            </attribute>
            <attribute>
              <name>injury</name>
              <mutable>False</mutable>
              <input_type>select</input_type>
              <default_value>No</default_value>
              <values>No
Yes
NA</values>
            </attribute>
            <attribute>
              <name>notes</name>
              <mutable>False</mutable>
              <input_type>text</input_type>
              <default_value>NA</default_value>
              <values>NA</values>
            </attribute>
            <attribute>
              <name>sex</name>
              <mutable>False</mutable>
              <input_type>select</input_type>
              <default_value>Male</default_value>
              <values>Male
Female</values>
            </attribute>
            <attribute>
              <name>view</name>
              <mutable>False</mutable>
              <input_type>select</input_type>
              <default_value>Side</default_value>
              <values>Side
Top-down</values>
            </attribute>
          </attributes>
        </label>
        <label>
          <name>Rainbow</name>
          <color>#f1c6e3</color>
          <attributes>
            <attribute>
              <name>adipose clipped</name>
              <mutable>False</mutable>
              <input_type>select</input_type>
              <default_value>No</default_value>
              <values>No
Yes
NA</values>
            </attribute>
            <attribute>
              <name>confidence level</name>
              <mutable>False</mutable>
              <input_type>select</input_type>
              <default_value>3</default_value>
              <values>3
2
1</values>
            </attribute>
            <attribute>
              <name>injury</name>
              <mutable>False</mutable>
              <input_type>select</input_type>
              <default_value>No</default_value>
              <values>No
Yes
NA</values>
            </attribute>
            <attribute>
              <name>notes</name>
              <mutable>False</mutable>
              <input_type>text</input_type>
              <default_value>NA</default_value>
              <values>NA</values>
            </attribute>
            <attribute>
              <name>sex</name>
              <mutable>False</mutable>
              <input_type>select</input_type>
              <default_value>NA</default_value>
              <values>NA
Juvenile</values>
            </attribute>
            <attribute>
              <name>view</name>
              <mutable>False</mutable>
              <input_type>select</input_type>
              <default_value>Side</default_value>
              <values>Side
Top-down</values>
            </attribute>
          </attributes>
        </label>
        <label>
          <name>Chinook</name>
          <color>#2a7dd1</color>
          <attributes>
            <attribute>
              <name>adipose clipped</name>
              <mutable>False</mutable>
              <input_type>select</input_type>
              <default_value>No</default_value>
              <values>No
Yes
NA</values>
            </attribute>
            <attribute>
              <name>confidence level</name>
              <mutable>False</mutable>
              <input_type>select</input_type>
              <default_value>3</default_value>
              <values>3
2
1</values>
            </attribute>
            <attribute>
              <name>injury</name>
              <mutable>False</mutable>
              <input_type>select</input_type>
              <default_value>No</default_value>
              <values>No
Yes
NA</values>
            </attribute>
            <attribute>
              <name>notes</name>
              <mutable>False</mutable>
              <input_type>text</input_type>
              <default_value>NA</default_value>
              <values>NA</values>
            </attribute>
            <attribute>
              <name>sex</name>
              <mutable>False</mutable>
              <input_type>select</input_type>
              <default_value>Male</default_value>
              <values>Male
Female
Jack</values>
            </attribute>
            <attribute>
              <name>view</name>
              <mutable>False</mutable>
              <input_type>select</input_type>
              <default_value>Side</default_value>
              <values>Side
Top-down</values>
            </attribute>
          </attributes>
        </label>
        <label>
          <name>Pikeminnow</name>
          <color>#ecc49c</color>
          <attributes>
            <attribute>
              <name>confidence level</name>
              <mutable>False</mutable>
              <input_type>select</input_type>
              <default_value>3</default_value>
              <values>3
2
1</values>
            </attribute>
            <attribute>
              <name>notes</name>
              <mutable>False</mutable>
              <input_type>text</input_type>
              <default_value>NA</default_value>
              <values>NA</values>
            </attribute>
          </attributes>
        </label>
        <label>
          <name>Shiner</name>
          <color>#8c78f0</color>
          <attributes>
            <attribute>
              <name>confidence level</name>
              <mutable>False</mutable>
              <input_type>select</input_type>
              <default_value>3</default_value>
              <values>3
2
1</values>
            </attribute>
            <attribute>
              <name>notes</name>
              <mutable>False</mutable>
              <input_type>text</input_type>
              <default_value>NA</default_value>
              <values>NA</values>
            </attribute>
          </attributes>
        </label>
        <label>
          <name>Lampray</name>
          <color>#2e2930</color>
          <attributes>
            <attribute>
              <name>confidence level</name>
              <mutable>False</mutable>
              <input_type>select</input_type>
              <default_value>3</default_value>
              <values>3
2
1</values>
            </attribute>
            <attribute>
              <name>notes</name>
              <mutable>False</mutable>
              <input_type>text</input_type>
              <default_value>NA</default_value>
              <values>NA</values>
            </attribute>
          </attributes>
        </label>
      </labels>
      <original_size>
        <width>1920</width>
        <height>1080</height>
      </original_size>
    </task>
    <dumped>2021-12-17 19:45:21.062571+00:00</dumped>
    <source>09-14-2020 10-48-24 M Salmon Camera.m4v</source>
  </meta>
  <track id="0" label="Pink" source="manual">
    <box frame="116" outside="0" occluded="1" keyframe="1" xtl="0.00" ytl="638.57" xbr="71.76" ybr="855.62" z_order="0">
      <attribute name="adipose clipped">No</attribute>
      <attribute name="confidence level">2</attribute>
      <attribute name="injury">No</attribute>
      <attribute name="notes">Small pink jack? adipose nearly absent</attribute>
      <attribute name="sex">Male</attribute>
      <attribute name="view">Side</attribute>
    </box>
    <box frame="117" outside="0" occluded="1" keyframe="0" xtl="0.00" ytl="635.91" xbr="109.65" ybr="855.62" z_order="0">
      <attribute name="adipose clipped">No</attribute>
      <attribute name="confidence level">2</attribute>
      <attribute name="injury">No</attribute>
      <attribute name="notes">Small pink jack? adipose nearly absent</attribute>
      <attribute name="sex">Male</attribute>
      <attribute name="view">Side</attribute>
    </box>
    <box frame="118" outside="0" occluded="1" keyframe="0" xtl="0.00" ytl="633.24" xbr="147.54" ybr="855.62" z_order="0">
      <attribute name="adipose clipped">No</attribute>
      <attribute name="confidence level">2</attribute>
      <attribute name="injury">No</attribute>
      <attribute name="notes">Small pink jack? adipose nearly absent</attribute>
      <attribute name="sex">Male</attribute>
      <attribute name="view">Side</attribute>
    </box>
    <box frame="119" outside="0" occluded="1" keyframe="0" xtl="0.00" ytl="630.57" xbr="185.44" ybr="855.62" z_order="0">
      <attribute name="adipose clipped">No</attribute>
      <attribute name="confidence level">2</attribute>
      <attribute name="injury">No</attribute>
      <attribute name="notes">Small pink jack? adipose nearly absent</attribute>
      <attribute name="sex">Male</attribute>
      <attribute name="view">Side</attribute>
    </box>
    <box frame="120" outside="0" occluded="1" keyframe="0" xtl="0.00" ytl="627.90" xbr="223.33" ybr="855.62" z_order="0">
      <attribute name="adipose clipped">No</attribute>
      <attribute name="confidence level">2</attribute>
      <attribute name="injury">No</attribute>
      <attribute name="notes">Small pink jack? adipose nearly absent</attribute>
      <attribute name="sex">Male</attribute>
      <attribute name="view">Side</attribute>
    </box>
    <box frame="121" outside="0" occluded="1" keyframe="0" xtl="0.00" ytl="625.24" xbr="261.23" ybr="855.62" z_order="0">
      <attribute name="adipose clipped">No</attribute>
      <attribute name="confidence level">2</attribute>
      <attribute name="injury">No</attribute>
      <attribute name="notes">Small pink jack? adipose nearly absent</attribute>
      <attribute name="sex">Male</attribute>
      <attribute name="view">Side</attribute>
    </box>
    <box frame="122" outside="0" occluded="1" keyframe="0" xtl="0.00" ytl="622.57" xbr="299.12" ybr="855.62" z_order="0">
      <attribute name="adipose clipped">No</attribute>
      <attribute name="confidence level">2</attribute>
      <attribute name="injury">No</attribute>
      <attribute name="notes">Small pink jack? adipose nearly absent</attribute>
      <attribute name="sex">Male</attribute>
      <attribute name="view">Side</attribute>
    </box>
    <box frame="123" outside="0" occluded="1" keyframe="0" xtl="0.00" ytl="619.90" xbr="337.02" ybr="855.62" z_order="0">
      <attribute name="adipose clipped">No</attribute>
      <attribute name="confidence level">2</attribute>
      <attribute name="injury">No</attribute>
      <attribute name="notes">Small pink jack? adipose nearly absent</attribute>
      <attribute name="sex">Male</attribute>
      <attribute name="view">Side</attribute>
    </box>
    <box frame="124" outside="0" occluded="1" keyframe="0" xtl="0.00" ytl="617.23" xbr="374.91" ybr="855.62" z_order="0">
      <attribute name="adipose clipped">No</attribute>
      <attribute name="confidence level">2</attribute>
      <attribute name="injury">No</attribute>
      <attribute name="notes">Small pink jack? adipose nearly absent</attribute>
      <attribute name="sex">Male</attribute>
      <attribute name="view">Side</attribute>
    </box>
    <box frame="125" outside="0" occluded="1" keyframe="0" xtl="0.00" ytl="614.57" xbr="412.81" ybr="855.62" z_order="0">
      <attribute name="adipose clipped">No</attribute>
      <attribute name="confidence level">2</attribute>
      <attribute name="injury">No</attribute>
      <attribute name="notes">Small pink jack? adipose nearly absent</attribute>
      <attribute name="sex">Male</attribute>
      <attribute name="view">Side</attribute>
    </box>
    <box frame="126" outside="0" occluded="0" keyframe="1" xtl="0.00" ytl="611.90" xbr="450.70" ybr="855.62" z_order="0">
      <attribute name="adipose clipped">No</attribute>
      <attribute name="confidence level">2</attribute>
      <attribute name="injury">No</attribute>
      <attribute name="notes">Small pink jack? adipose nearly absent</attribute>
      <attribute name="sex">Male</attribute>
      <attribute name="view">Side</attribute>
    </box>
    <box frame="127" outside="0" occluded="0" keyframe="0" xtl="0.00" ytl="610.73" xbr="495.28" ybr="854.95" z_order="0">
      <attribute name="adipose clipped">No</attribute>
      <attribute name="confidence level">2</attribute>
      <attribute name="injury">No</attribute>
      <attribute name="notes">Small pink jack? adipose nearly absent</attribute>
      <attribute name="sex">Male</attribute>
      <attribute name="view">Side</attribute>
    </box>
    <box frame="128" outside="0" occluded="0" keyframe="0" xtl="0.00" ytl="609.56" xbr="539.86" ybr="854.28" z_order="0">
      <attribute name="adipose clipped">No</attribute>
      <attribute name="confidence level">2</attribute>
      <attribute name="injury">No</attribute>
      <attribute name="notes">Small pink jack? adipose nearly absent</attribute>
      <attribute name="sex">Male</attribute>
      <attribute name="view">Side</attribute>
    </box>
    <box frame="129" outside="0" occluded="0" keyframe="0" xtl="0.00" ytl="608.39" xbr="584.44" ybr="853.61" z_order="0">
      <attribute name="adipose clipped">No</attribute>
      <attribute name="confidence level">2</attribute>
      <attribute name="injury">No</attribute>
      <attribute name="notes">Small pink jack? adipose nearly absent</attribute>
      <attribute name="sex">Male</attribute>
      <attribute name="view">Side</attribute>
    </box>
    <box frame="130" outside="0" occluded="0" keyframe="1" xtl="0.00" ytl="607.22" xbr="629.02" ybr="852.95" z_order="0">
      <attribute name="adipose clipped">No</attribute>
      <attribute name="confidence level">2</attribute>
      <attribute name="injury">No</attribute>
      <attribute name="notes">Small pink jack? adipose nearly absent</attribute>
      <attribute name="sex">Male</attribute>
      <attribute name="view">Side</attribute>
    </box>
    <box frame="131" outside="0" occluded="0" keyframe="0" xtl="12.52" ytl="606.05" xbr="673.60" ybr="852.28" z_order="0">
      <attribute name="adipose clipped">No</attribute>
      <attribute name="confidence level">2</attribute>
      <attribute name="injury">No</attribute>
      <attribute name="notes">Small pink jack? adipose nearly absent</attribute>
      <attribute name="sex">Male</attribute>
      <attribute name="view">Side</attribute>
    </box>
    <box frame="132" outside="0" occluded="0" keyframe="0" xtl="25.04" ytl="604.88" xbr="718.18" ybr="851.61" z_order="0">
      <attribute name="adipose clipped">No</attribute>
      <attribute name="confidence level">2</attribute>
      <attribute name="injury">No</attribute>
      <attribute name="notes">Small pink jack? adipose nearly absent</attribute>
      <attribute name="sex">Male</attribute>
      <attribute name="view">Side</attribute>
    </box>
    <box frame="133" outside="0" occluded="0" keyframe="0" xtl="37.56" ytl="603.71" xbr="762.76" ybr="850.94" z_order="0">
      <attribute name="adipose clipped">No</attribute>
      <attribute name="confidence level">2</attribute>
      <attribute name="injury">No</attribute>
      <attribute name="notes">Small pink jack? adipose nearly absent</attribute>
      <attribute name="sex">Male</attribute>
      <attribute name="view">Side</attribute>
    </box>
    <box frame="134" outside="0" occluded="0" keyframe="0" xtl="50.09" ytl="602.54" xbr="807.34" ybr="850.27" z_order="0">
      <attribute name="adipose clipped">No</attribute>
      <attribute name="confidence level">2</attribute>
      <attribute name="injury">No</attribute>
      <attribute name="notes">Small pink jack? adipose nearly absent</attribute>
      <attribute name="sex">Male</attribute>
      <attribute name="view">Side</attribute>
    </box>
    <box frame="135" outside="0" occluded="0" keyframe="0" xtl="62.61" ytl="601.37" xbr="851.92" ybr="849.61" z_order="0">
      <attribute name="adipose clipped">No</attribute>
      <attribute name="confidence level">2</attribute>
      <attribute name="injury">No</attribute>
      <attribute name="notes">Small pink jack? adipose nearly absent</attribute>
      <attribute name="sex">Male</attribute>
      <attribute name="view">Side</attribute>
    </box>
    <box frame="136" outside="0" occluded="0" keyframe="1" xtl="75.13" ytl="600.20" xbr="896.50" ybr="848.94" z_order="0">
      <attribute name="adipose clipped">No</attribute>
      <attribute name="confidence level">2</attribute>
      <attribute name="injury">No</attribute>
      <attribute name="notes">Small pink jack? adipose nearly absent</attribute>
      <attribute name="sex">Male</attribute>
      <attribute name="view">Side</attribute>
    </box>
    <box frame="137" outside="0" occluded="0" keyframe="0" xtl="126.22" ytl="600.70" xbr="938.24" ybr="849.44" z_order="0">
      <attribute name="adipose clipped">No</attribute>
      <attribute name="confidence level">2</attribute>
      <attribute name="injury">No</attribute>
      <attribute name="notes">Small pink jack? adipose nearly absent</attribute>
      <attribute name="sex">Male</attribute>
      <attribute name="view">Side</attribute>
    </box>
    <box frame="138" outside="0" occluded="0" keyframe="0" xtl="177.30" ytl="601.20" xbr="979.98" ybr="849.94" z_order="0">
      <attribute name="adipose clipped">No</attribute>
      <attribute name="confidence level">2</attribute>
      <attribute name="injury">No</attribute>
      <attribute name="notes">Small pink jack? adipose nearly absent</attribute>
      <attribute name="sex">Male</attribute>
      <attribute name="view">Side</attribute>
    </box>
    <box frame="139" outside="0" occluded="0" keyframe="0" xtl="228.39" ytl="601.70" xbr="1021.72" ybr="850.44" z_order="0">
      <attribute name="adipose clipped">No</attribute>
      <attribute name="confidence level">2</attribute>
      <attribute name="injury">No</attribute>
      <attribute name="notes">Small pink jack? adipose nearly absent</attribute>
      <attribute name="sex">Male</attribute>
      <attribute name="view">Side</attribute>
    </box>
    <box frame="140" outside="0" occluded="0" keyframe="0" xtl="279.48" ytl="602.20" xbr="1063.46" ybr="850.94" z_order="0">
      <attribute name="adipose clipped">No</attribute>
      <attribute name="confidence level">2</attribute>
      <attribute name="injury">No</attribute>
      <attribute name="notes">Small pink jack? adipose nearly absent</attribute>
      <attribute name="sex">Male</attribute>
      <attribute name="view">Side</attribute>
    </box>
    <box frame="141" outside="0" occluded="0" keyframe="0" xtl="330.56" ytl="602.70" xbr="1105.20" ybr="851.44" z_order="0">
      <attribute name="adipose clipped">No</attribute>
      <attribute name="confidence level">2</attribute>
      <attribute name="injury">No</attribute>
      <attribute name="notes">Small pink jack? adipose nearly absent</attribute>
      <attribute name="sex">Male</attribute>
      <attribute name="view">Side</attribute>
    </box>
    <box frame="142" outside="0" occluded="0" keyframe="0" xtl="381.65" ytl="603.20" xbr="1146.93" ybr="851.94" z_order="0">
      <attribute name="adipose clipped">No</attribute>
      <attribute name="confidence level">2</attribute>
      <attribute name="injury">No</attribute>
      <attribute name="notes">Small pink jack? adipose nearly absent</attribute>
      <attribute name="sex">Male</attribute>
      <attribute name="view">Side</attribute>
    </box>
    <box frame="143" outside="0" occluded="0" keyframe="0" xtl="432.74" ytl="603.71" xbr="1188.67" ybr="852.44" z_order="0">
      <attribute name="adipose clipped">No</attribute>
      <attribute name="confidence level">2</attribute>
      <attribute name="injury">No</attribute>
      <attribute name="notes">Small pink jack? adipose nearly absent</attribute>
      <attribute name="sex">Male</attribute>
      <attribute name="view">Side</attribute>
    </box>
    <box frame="144" outside="0" occluded="0" keyframe="0" xtl="483.83" ytl="604.21" xbr="1230.41" ybr="852.95" z_order="0">
      <attribute name="adipose clipped">No</attribute>
      <attribute name="confidence level">2</attribute>
      <attribute name="injury">No</attribute>
      <attribute name="notes">Small pink jack? adipose nearly absent</attribute>
      <attribute name="sex">Male</attribute>
      <attribute name="view">Side</attribute>
    </box>
    <box frame="145" outside="0" occluded="0" keyframe="0" xtl="534.91" ytl="604.71" xbr="1272.15" ybr="853.45" z_order="0">
      <attribute name="adipose clipped">No</attribute>
      <attribute name="confidence level">2</attribute>
      <attribute name="injury">No</attribute>
      <attribute name="notes">Small pink jack? adipose nearly absent</attribute>
      <attribute name="sex">Male</attribute>
      <attribute name="view">Side</attribute>
    </box>
    <box frame="146" outside="0" occluded="0" keyframe="1" xtl="586.00" ytl="605.21" xbr="1313.89" ybr="853.95" z_order="0">
      <attribute name="adipose clipped">No</attribute>
      <attribute name="confidence level">2</attribute>
      <attribute name="injury">No</attribute>
      <attribute name="notes">Small pink jack? adipose nearly absent</attribute>
      <attribute name="sex">Male</attribute>
      <attribute name="view">Side</attribute>
    </box>
    <box frame="147" outside="0" occluded="0" keyframe="0" xtl="630.58" ytl="603.54" xbr="1358.47" ybr="852.28" z_order="0">
      <attribute name="adipose clipped">No</attribute>
      <attribute name="confidence level">2</attribute>
      <attribute name="injury">No</attribute>
      <attribute name="notes">Small pink jack? adipose nearly absent</attribute>
      <attribute name="sex">Male</attribute>
      <attribute name="view">Side</attribute>
    </box>
    <box frame="148" outside="0" occluded="0" keyframe="0" xtl="675.15" ytl="601.87" xbr="1403.05" ybr="850.61" z_order="0">
      <attribute name="adipose clipped">No</attribute>
      <attribute name="confidence level">2</attribute>
      <attribute name="injury">No</attribute>
      <attribute name="notes">Small pink jack? adipose nearly absent</attribute>
      <attribute name="sex">Male</attribute>
      <attribute name="view">Side</attribute>
    </box>
    <box frame="149" outside="0" occluded="0" keyframe="0" xtl="719.73" ytl="600.20" xbr="1447.62" ybr="848.94" z_order="0">
      <attribute name="adipose clipped">No</attribute>
      <attribute name="confidence level">2</attribute>
      <attribute name="injury">No</attribute>
      <attribute name="notes">Small pink jack? adipose nearly absent</attribute>
      <attribute name="sex">Male</attribute>
      <attribute name="view">Side</attribute>
    </box>
    <box frame="150" outside="0" occluded="0" keyframe="0" xtl="764.31" ytl="598.53" xbr="1492.20" ybr="847.27" z_order="0">
      <attribute name="adipose clipped">No</attribute>
      <attribute name="confidence level">2</attribute>
      <attribute name="injury">No</attribute>
      <attribute name="notes">Small pink jack? adipose nearly absent</attribute>
      <attribute name="sex">Male</attribute>
      <attribute name="view">Side</attribute>
    </box>
    <box frame="151" outside="0" occluded="0" keyframe="0" xtl="808.89" ytl="596.86" xbr="1536.78" ybr="845.60" z_order="0">
      <attribute name="adipose clipped">No</attribute>
      <attribute name="confidence level">2</attribute>
      <attribute name="injury">No</attribute>
      <attribute name="notes">Small pink jack? adipose nearly absent</attribute>
      <attribute name="sex">Male</attribute>
      <attribute name="view">Side</attribute>
    </box>
    <box frame="152" outside="0" occluded="0" keyframe="0" xtl="853.46" ytl="595.19" xbr="1581.36" ybr="843.93" z_order="0">
      <attribute name="adipose clipped">No</attribute>
      <attribute name="confidence level">2</attribute>
      <attribute name="injury">No</attribute>
      <attribute name="notes">Small pink jack? adipose nearly absent</attribute>
      <attribute name="sex">Male</attribute>
      <attribute name="view">Side</attribute>
    </box>
    <box frame="153" outside="0" occluded="0" keyframe="0" xtl="898.04" ytl="593.52" xbr="1625.93" ybr="842.26" z_order="0">
      <attribute name="adipose clipped">No</attribute>
      <attribute name="confidence level">2</attribute>
      <attribute name="injury">No</attribute>
      <attribute name="notes">Small pink jack? adipose nearly absent</attribute>
      <attribute name="sex">Male</attribute>
      <attribute name="view">Side</attribute>
    </box>
    <box frame="154" outside="0" occluded="0" keyframe="0" xtl="942.62" ytl="591.85" xbr="1670.51" ybr="840.59" z_order="0">
      <attribute name="adipose clipped">No</attribute>
      <attribute name="confidence level">2</attribute>
      <attribute name="injury">No</attribute>
      <attribute name="notes">Small pink jack? adipose nearly absent</attribute>
      <attribute name="sex">Male</attribute>
      <attribute name="view">Side</attribute>
    </box>
    <box frame="155" outside="0" occluded="0" keyframe="0" xtl="987.20" ytl="590.18" xbr="1715.09" ybr="838.92" z_order="0">
      <attribute name="adipose clipped">No</attribute>
      <attribute name="confidence level">2</attribute>
      <attribute name="injury">No</attribute>
      <attribute name="notes">Small pink jack? adipose nearly absent</attribute>
      <attribute name="sex">Male</attribute>
      <attribute name="view">Side</attribute>
    </box>
    <box frame="156" outside="0" occluded="0" keyframe="1" xtl="1031.77" ytl="588.51" xbr="1759.67" ybr="837.25" z_order="0">
      <attribute name="adipose clipped">No</attribute>
      <attribute name="confidence level">2</attribute>
      <attribute name="injury">No</attribute>
      <attribute name="notes">Small pink jack? adipose nearly absent</attribute>
      <attribute name="sex">Male</attribute>
      <attribute name="view">Side</attribute>
    </box>
    <box frame="157" outside="0" occluded="0" keyframe="0" xtl="1076.67" ytl="587.77" xbr="1777.48" ybr="836.51" z_order="0">
      <attribute name="adipose clipped">No</attribute>
      <attribute name="confidence level">2</attribute>
      <attribute name="injury">No</attribute>
      <attribute name="notes">Small pink jack? adipose nearly absent</attribute>
      <attribute name="sex">Male</attribute>
      <attribute name="view">Side</attribute>
    </box>
    <box frame="158" outside="0" occluded="0" keyframe="0" xtl="1121.56" ytl="587.03" xbr="1795.30" ybr="835.77" z_order="0">
      <attribute name="adipose clipped">No</attribute>
      <attribute name="confidence level">2</attribute>
      <attribute name="injury">No</attribute>
      <attribute name="notes">Small pink jack? adipose nearly absent</attribute>
      <attribute name="sex">Male</attribute>
      <attribute name="view">Side</attribute>
    </box>
    <box frame="159" outside="0" occluded="0" keyframe="0" xtl="1166.45" ytl="586.29" xbr="1813.11" ybr="835.02" z_order="0">
      <attribute name="adipose clipped">No</attribute>
      <attribute name="confidence level">2</attribute>
      <attribute name="injury">No</attribute>
      <attribute name="notes">Small pink jack? adipose nearly absent</attribute>
      <attribute name="sex">Male</attribute>
      <attribute name="view">Side</attribute>
    </box>
    <box frame="160" outside="0" occluded="0" keyframe="0" xtl="1211.35" ytl="585.54" xbr="1830.93" ybr="834.28" z_order="0">
      <attribute name="adipose clipped">No</attribute>
      <attribute name="confidence level">2</attribute>
      <attribute name="injury">No</attribute>
      <attribute name="notes">Small pink jack? adipose nearly absent</attribute>
      <attribute name="sex">Male</attribute>
      <attribute name="view">Side</attribute>
    </box>
    <box frame="161" outside="0" occluded="0" keyframe="0" xtl="1256.24" ytl="584.80" xbr="1848.74" ybr="833.54" z_order="0">
      <attribute name="adipose clipped">No</attribute>
      <attribute name="confidence level">2</attribute>
      <attribute name="injury">No</attribute>
      <attribute name="notes">Small pink jack? adipose nearly absent</attribute>
      <attribute name="sex">Male</attribute>
      <attribute name="view">Side</attribute>
    </box>
    <box frame="162" outside="0" occluded="0" keyframe="0" xtl="1301.13" ytl="584.06" xbr="1866.56" ybr="832.80" z_order="0">
      <attribute name="adipose clipped">No</attribute>
      <attribute name="confidence level">2</attribute>
      <attribute name="injury">No</attribute>
      <attribute name="notes">Small pink jack? adipose nearly absent</attribute>
      <attribute name="sex">Male</attribute>
      <attribute name="view">Side</attribute>
    </box>
    <box frame="163" outside="0" occluded="0" keyframe="0" xtl="1346.02" ytl="583.32" xbr="1884.37" ybr="832.06" z_order="0">
      <attribute name="adipose clipped">No</attribute>
      <attribute name="confidence level">2</attribute>
      <attribute name="injury">No</attribute>
      <attribute name="notes">Small pink jack? adipose nearly absent</attribute>
      <attribute name="sex">Male</attribute>
      <attribute name="view">Side</attribute>
    </box>
    <box frame="164" outside="0" occluded="0" keyframe="0" xtl="1390.92" ytl="582.58" xbr="1902.19" ybr="831.31" z_order="0">
      <attribute name="adipose clipped">No</attribute>
      <attribute name="confidence level">2</attribute>
      <attribute name="injury">No</attribute>
      <attribute name="notes">Small pink jack? adipose nearly absent</attribute>
      <attribute name="sex">Male</attribute>
      <attribute name="view">Side</attribute>
    </box>
    <box frame="165" outside="0" occluded="1" keyframe="1" xtl="1435.81" ytl="581.83" xbr="1920.00" ybr="830.57" z_order="0">
      <attribute name="adipose clipped">No</attribute>
      <attribute name="confidence level">2</attribute>
      <attribute name="injury">No</attribute>
      <attribute name="notes">Small pink jack? adipose nearly absent</attribute>
      <attribute name="sex">Male</attribute>
      <attribute name="view">Side</attribute>
    </box>
    <box frame="166" outside="0" occluded="1" keyframe="0" xtl="1474.42" ytl="579.75" xbr="1920.00" ybr="828.49" z_order="0">
      <attribute name="adipose clipped">No</attribute>
      <attribute name="confidence level">2</attribute>
      <attribute name="injury">No</attribute>
      <attribute name="notes">Small pink jack? adipose nearly absent</attribute>
      <attribute name="sex">Male</attribute>
      <attribute name="view">Side</attribute>
    </box>
    <box frame="167" outside="0" occluded="1" keyframe="0" xtl="1513.03" ytl="577.66" xbr="1920.00" ybr="826.40" z_order="0">
      <attribute name="adipose clipped">No</attribute>
      <attribute name="confidence level">2</attribute>
      <attribute name="injury">No</attribute>
      <attribute name="notes">Small pink jack? adipose nearly absent</attribute>
      <attribute name="sex">Male</attribute>
      <attribute name="view">Side</attribute>
    </box>
    <box frame="168" outside="0" occluded="1" keyframe="0" xtl="1551.64" ytl="575.57" xbr="1920.00" ybr="824.31" z_order="0">
      <attribute name="adipose clipped">No</attribute>
      <attribute name="confidence level">2</attribute>
      <attribute name="injury">No</attribute>
      <attribute name="notes">Small pink jack? adipose nearly absent</attribute>
      <attribute name="sex">Male</attribute>
      <attribute name="view">Side</attribute>
    </box>
    <box frame="169" outside="0" occluded="1" keyframe="0" xtl="1590.24" ytl="573.48" xbr="1920.00" ybr="822.22" z_order="0">
      <attribute name="adipose clipped">No</attribute>
      <attribute name="confidence level">2</attribute>
      <attribute name="injury">No</attribute>
      <attribute name="notes">Small pink jack? adipose nearly absent</attribute>
      <attribute name="sex">Male</attribute>
      <attribute name="view">Side</attribute>
    </box>
    <box frame="170" outside="0" occluded="1" keyframe="0" xtl="1628.85" ytl="571.40" xbr="1920.00" ybr="820.14" z_order="0">
      <attribute name="adipose clipped">No</attribute>
      <attribute name="confidence level">2</attribute>
      <attribute name="injury">No</attribute>
      <attribute name="notes">Small pink jack? adipose nearly absent</attribute>
      <attribute name="sex">Male</attribute>
      <attribute name="view">Side</attribute>
    </box>
    <box frame="171" outside="0" occluded="1" keyframe="0" xtl="1667.46" ytl="569.31" xbr="1920.00" ybr="818.05" z_order="0">
      <attribute name="adipose clipped">No</attribute>
      <attribute name="confidence level">2</attribute>
      <attribute name="injury">No</attribute>
      <attribute name="notes">Small pink jack? adipose nearly absent</attribute>
      <attribute name="sex">Male</attribute>
      <attribute name="view">Side</attribute>
    </box>
    <box frame="172" outside="0" occluded="1" keyframe="0" xtl="1706.07" ytl="567.22" xbr="1920.00" ybr="815.96" z_order="0">
      <attribute name="adipose clipped">No</attribute>
      <attribute name="confidence level">2</attribute>
      <attribute name="injury">No</attribute>
      <attribute name="notes">Small pink jack? adipose nearly absent</attribute>
      <attribute name="sex">Male</attribute>
      <attribute name="view">Side</attribute>
    </box>
    <box frame="173" outside="0" occluded="1" keyframe="1" xtl="1744.68" ytl="565.14" xbr="1920.00" ybr="813.88" z_order="0">
      <attribute name="adipose clipped">No</attribute>
      <attribute name="confidence level">2</attribute>
      <attribute name="injury">No</attribute>
      <attribute name="notes">Small pink jack? adipose nearly absent</attribute>
      <attribute name="sex">Male</attribute>
      <attribute name="view">Side</attribute>
    </box>
    <box frame="174" outside="0" occluded="1" keyframe="0" xtl="1805.62" ytl="564.30" xbr="1920.00" ybr="813.04" z_order="0">
      <attribute name="adipose clipped">No</attribute>
      <attribute name="confidence level">2</attribute>
      <attribute name="injury">No</attribute>
      <attribute name="notes">Small pink jack? adipose nearly absent</attribute>
      <attribute name="sex">Male</attribute>
      <attribute name="view">Side</attribute>
    </box>
    <box frame="175" outside="0" occluded="1" keyframe="1" xtl="1866.56" ytl="563.47" xbr="1920.00" ybr="812.21" z_order="0">
      <attribute name="adipose clipped">No</attribute>
      <attribute name="confidence level">2</attribute>
      <attribute name="injury">No</attribute>
      <attribute name="notes">Small pink jack? adipose nearly absent</attribute>
      <attribute name="sex">Male</attribute>
      <attribute name="view">Side</attribute>
    </box>
    <box frame="176" outside="1" occluded="1" keyframe="1" xtl="1866.56" ytl="563.47" xbr="1920.00" ybr="812.21" z_order="0">
      <attribute name="adipose clipped">No</attribute>
      <attribute name="confidence level">2</attribute>
      <attribute name="injury">No</attribute>
      <attribute name="notes">Small pink jack? adipose nearly absent</attribute>
      <attribute name="sex">Male</attribute>
      <attribute name="view">Side</attribute>
    </box>
  </track>
</annotations>
