<?xml version="1.0" encoding="utf-8"?>
<annotations>
  <version>1.1</version>
  <meta>
    <task>
      <id>500</id>
      <name>Right Bank 2020-07-31_15_42_02_716</name>
      <size>356</size>
      <mode>interpolation</mode>
      <overlap>5</overlap>
      <bugtracker></bugtracker>
      <created>2021-03-26 22:22:15.853720+00:00</created>
      <updated>2021-03-26 23:35:28.982434+00:00</updated>
      <start_frame>0</start_frame>
      <stop_frame>355</stop_frame>
      <frame_filter></frame_filter>
      <labels>
        <label>
          <name>Coho</name>
          <color>#24b353</color>
          <attributes>
            <attribute>
              <name>Adipose Clipped</name>
              <mutable>False</mutable>
              <input_type>select</input_type>
              <default_value>No</default_value>
              <values>No
Yes
NA</values>
            </attribute>
            <attribute>
              <name>Confidence Level</name>
              <mutable>False</mutable>
              <input_type>select</input_type>
              <default_value>3</default_value>
              <values>3
2
1</values>
            </attribute>
            <attribute>
              <name>Injury</name>
              <mutable>False</mutable>
              <input_type>select</input_type>
              <default_value>No</default_value>
              <values>No
Yes
NA</values>
            </attribute>
            <attribute>
              <name>Notes</name>
              <mutable>False</mutable>
              <input_type>text</input_type>
              <default_value>NA</default_value>
              <values>NA</values>
            </attribute>
            <attribute>
              <name>Sex</name>
              <mutable>False</mutable>
              <input_type>select</input_type>
              <default_value>Male</default_value>
              <values>Male
Female
Jack</values>
            </attribute>
          </attributes>
        </label>
        <label>
          <name>Bull</name>
          <color>#ff6037</color>
          <attributes>
            <attribute>
              <name>Adipose Clipped</name>
              <mutable>False</mutable>
              <input_type>select</input_type>
              <default_value>No</default_value>
              <values>No
NA</values>
            </attribute>
            <attribute>
              <name>Confidence Level</name>
              <mutable>False</mutable>
              <input_type>select</input_type>
              <default_value>3</default_value>
              <values>3
2
1</values>
            </attribute>
            <attribute>
              <name>Injury</name>
              <mutable>False</mutable>
              <input_type>select</input_type>
              <default_value>No</default_value>
              <values>No
Yes
NA</values>
            </attribute>
            <attribute>
              <name>Notes</name>
              <mutable>False</mutable>
              <input_type>text</input_type>
              <default_value>NA</default_value>
              <values>NA</values>
            </attribute>
            <attribute>
              <name>Sex</name>
              <mutable>False</mutable>
              <input_type>select</input_type>
              <default_value>NA</default_value>
              <values>NA</values>
            </attribute>
          </attributes>
        </label>
        <label>
          <name>Chum</name>
          <color>#b83df5</color>
          <attributes>
            <attribute>
              <name>Adipose Clipped</name>
              <mutable>False</mutable>
              <input_type>select</input_type>
              <default_value>No</default_value>
              <values>No
Yes
NA</values>
            </attribute>
            <attribute>
              <name>Confidence Level</name>
              <mutable>False</mutable>
              <input_type>select</input_type>
              <default_value>3</default_value>
              <values>3
2
1</values>
            </attribute>
            <attribute>
              <name>Injury</name>
              <mutable>False</mutable>
              <input_type>select</input_type>
              <default_value>No</default_value>
              <values>No
Yes
NA</values>
            </attribute>
            <attribute>
              <name>Notes</name>
              <mutable>False</mutable>
              <input_type>text</input_type>
              <default_value>NA</default_value>
              <values>NA</values>
            </attribute>
            <attribute>
              <name>Sex</name>
              <mutable>False</mutable>
              <input_type>select</input_type>
              <default_value>Male</default_value>
              <values>Male
Female</values>
            </attribute>
          </attributes>
        </label>
        <label>
          <name>Whitefish</name>
          <color>#e5e5f3</color>
          <attributes>
            <attribute>
              <name>Confidence Level</name>
              <mutable>False</mutable>
              <input_type>select</input_type>
              <default_value>3</default_value>
              <values>3
2
1</values>
            </attribute>
            <attribute>
              <name>Injury</name>
              <mutable>False</mutable>
              <input_type>select</input_type>
              <default_value>No</default_value>
              <values>No
Yes
NA</values>
            </attribute>
            <attribute>
              <name>Notes</name>
              <mutable>False</mutable>
              <input_type>text</input_type>
              <default_value>NA</default_value>
              <values>NA</values>
            </attribute>
            <attribute>
              <name>Sex</name>
              <mutable>False</mutable>
              <input_type>select</input_type>
              <default_value>NA</default_value>
              <values>NA</values>
            </attribute>
            <attribute>
              <name>Adipose Clipped</name>
              <mutable>False</mutable>
              <input_type>select</input_type>
              <default_value>No</default_value>
              <values>No
Yes
NA</values>
            </attribute>
          </attributes>
        </label>
        <label>
          <name>Pink</name>
          <color>#fa7dbb</color>
          <attributes>
            <attribute>
              <name>Adipose Clipped</name>
              <mutable>False</mutable>
              <input_type>select</input_type>
              <default_value>No</default_value>
              <values>No
Yes
NA</values>
            </attribute>
            <attribute>
              <name>Confidence Level</name>
              <mutable>False</mutable>
              <input_type>select</input_type>
              <default_value>3</default_value>
              <values>3
2
1</values>
            </attribute>
            <attribute>
              <name>Injury</name>
              <mutable>False</mutable>
              <input_type>select</input_type>
              <default_value>No</default_value>
              <values>No
Yes
NA</values>
            </attribute>
            <attribute>
              <name>Notes</name>
              <mutable>False</mutable>
              <input_type>text</input_type>
              <default_value>NA</default_value>
              <values>NA</values>
            </attribute>
            <attribute>
              <name>Sex</name>
              <mutable>False</mutable>
              <input_type>select</input_type>
              <default_value>Male</default_value>
              <values>Male
Female
NA</values>
            </attribute>
          </attributes>
        </label>
        <label>
          <name>Sockeye</name>
          <color>#fa3253</color>
          <attributes>
            <attribute>
              <name>Adipose Clipped</name>
              <mutable>False</mutable>
              <input_type>select</input_type>
              <default_value>No</default_value>
              <values>No
Yes
NA</values>
            </attribute>
            <attribute>
              <name>Confidence Level</name>
              <mutable>False</mutable>
              <input_type>select</input_type>
              <default_value>3</default_value>
              <values>3
2
1</values>
            </attribute>
            <attribute>
              <name>Injury</name>
              <mutable>False</mutable>
              <input_type>select</input_type>
              <default_value>No</default_value>
              <values>No
Yes
NA</values>
            </attribute>
            <attribute>
              <name>Notes</name>
              <mutable>False</mutable>
              <input_type>text</input_type>
              <default_value>NA</default_value>
              <values>NA</values>
            </attribute>
            <attribute>
              <name>Sex</name>
              <mutable>False</mutable>
              <input_type>select</input_type>
              <default_value>Male</default_value>
              <values>Male
Female</values>
            </attribute>
          </attributes>
        </label>
        <label>
          <name>Rainbow</name>
          <color>#ff00cc</color>
          <attributes>
            <attribute>
              <name>Adipose Clipped</name>
              <mutable>False</mutable>
              <input_type>select</input_type>
              <default_value>No</default_value>
              <values>No
Yes
NA</values>
            </attribute>
            <attribute>
              <name>Confidence Level</name>
              <mutable>False</mutable>
              <input_type>select</input_type>
              <default_value>3</default_value>
              <values>3
2
1</values>
            </attribute>
            <attribute>
              <name>Injury</name>
              <mutable>False</mutable>
              <input_type>select</input_type>
              <default_value>No</default_value>
              <values>No
Yes
NA</values>
            </attribute>
            <attribute>
              <name>Notes</name>
              <mutable>False</mutable>
              <input_type>text</input_type>
              <default_value>NA</default_value>
              <values>NA</values>
            </attribute>
            <attribute>
              <name>Sex</name>
              <mutable>False</mutable>
              <input_type>select</input_type>
              <default_value>NA</default_value>
              <values>NA
Juvenile</values>
            </attribute>
          </attributes>
        </label>
        <label>
          <name>Steelhead</name>
          <color>#66ff66</color>
          <attributes>
            <attribute>
              <name>Adipose Clipped</name>
              <mutable>False</mutable>
              <input_type>select</input_type>
              <default_value>No</default_value>
              <values>No
Yes
NA</values>
            </attribute>
            <attribute>
              <name>Confidence Level</name>
              <mutable>False</mutable>
              <input_type>select</input_type>
              <default_value>3</default_value>
              <values>3
2
1</values>
            </attribute>
            <attribute>
              <name>Injury</name>
              <mutable>False</mutable>
              <input_type>select</input_type>
              <default_value>No</default_value>
              <values>No
Yes
NA</values>
            </attribute>
            <attribute>
              <name>Notes</name>
              <mutable>False</mutable>
              <input_type>select</input_type>
              <default_value>NA</default_value>
              <values>NA</values>
            </attribute>
            <attribute>
              <name>Sex</name>
              <mutable>False</mutable>
              <input_type>select</input_type>
              <default_value>Male</default_value>
              <values>Male
Female</values>
            </attribute>
          </attributes>
        </label>
        <label>
          <name>Chinook</name>
          <color>#cc3366</color>
          <attributes>
            <attribute>
              <name>Adipose Clipped</name>
              <mutable>False</mutable>
              <input_type>select</input_type>
              <default_value>No</default_value>
              <values>No
Yes
NA</values>
            </attribute>
            <attribute>
              <name>Confidence Level</name>
              <mutable>False</mutable>
              <input_type>select</input_type>
              <default_value>3</default_value>
              <values>3
2
1</values>
            </attribute>
            <attribute>
              <name>Injury</name>
              <mutable>False</mutable>
              <input_type>select</input_type>
              <default_value>No</default_value>
              <values>No
Yes
NA</values>
            </attribute>
            <attribute>
              <name>Notes</name>
              <mutable>False</mutable>
              <input_type>text</input_type>
              <default_value>NA</default_value>
              <values>NA</values>
            </attribute>
            <attribute>
              <name>Sex</name>
              <mutable>False</mutable>
              <input_type>select</input_type>
              <default_value>Male</default_value>
              <values>Male
Female
Jack</values>
            </attribute>
          </attributes>
        </label>
        <label>
          <name>Pikeminnow</name>
          <color>#cc9933</color>
          <attributes>
          </attributes>
        </label>
      </labels>
      <segments>
        <segment>
          <id>456</id>
          <start>0</start>
          <stop>355</stop>
          <url>httplocalhost:8080/?id=456</url>
        </segment>
      </segments>
      <owner>
        <username>bna19</username>
        <email>bna19@sfu.ca</email>
      </owner>
      <assignee></assignee>
      <original_size>
        <width>1280</width>
        <height>720</height>
      </original_size>
    </task>
    <dumped>2021-03-26 23:35:37.060626+00:00</dumped>
    <source>Right Bank 2020-07-31_15_42_02_716.asf</source>
  </meta>
  <track id="0" label="Chinook" source="manual">
    <box frame="75" outside="0" occluded="0" keyframe="1" xtl="0.00" ytl="152.50" xbr="156.25" ybr="366.25" z_order="0">
      <attribute name="Sex">Female</attribute>
      <attribute name="Adipose Clipped">No</attribute>
      <attribute name="Injury">Yes</attribute>
      <attribute name="Confidence Level">3</attribute>
      <attribute name="Notes">Tail is torn, white scratches on caudal peduncle and dorsal fin</attribute>
    </box>
    <box frame="76" outside="0" occluded="0" keyframe="0" xtl="0.00" ytl="145.60" xbr="196.23" ybr="366.25" z_order="0">
      <attribute name="Sex">Female</attribute>
      <attribute name="Adipose Clipped">No</attribute>
      <attribute name="Injury">Yes</attribute>
      <attribute name="Confidence Level">3</attribute>
      <attribute name="Notes">Tail is torn, white scratches on caudal peduncle and dorsal fin</attribute>
    </box>
    <box frame="77" outside="0" occluded="0" keyframe="1" xtl="0.00" ytl="138.70" xbr="236.20" ybr="366.25" z_order="0">
      <attribute name="Sex">Female</attribute>
      <attribute name="Adipose Clipped">No</attribute>
      <attribute name="Injury">Yes</attribute>
      <attribute name="Confidence Level">3</attribute>
      <attribute name="Notes">Tail is torn, white scratches on caudal peduncle and dorsal fin</attribute>
    </box>
    <box frame="78" outside="0" occluded="0" keyframe="0" xtl="0.00" ytl="132.03" xbr="246.63" ybr="366.25" z_order="0">
      <attribute name="Sex">Female</attribute>
      <attribute name="Adipose Clipped">No</attribute>
      <attribute name="Injury">Yes</attribute>
      <attribute name="Confidence Level">3</attribute>
      <attribute name="Notes">Tail is torn, white scratches on caudal peduncle and dorsal fin</attribute>
    </box>
    <box frame="79" outside="0" occluded="0" keyframe="0" xtl="0.00" ytl="125.37" xbr="257.07" ybr="366.25" z_order="0">
      <attribute name="Sex">Female</attribute>
      <attribute name="Adipose Clipped">No</attribute>
      <attribute name="Injury">Yes</attribute>
      <attribute name="Confidence Level">3</attribute>
      <attribute name="Notes">Tail is torn, white scratches on caudal peduncle and dorsal fin</attribute>
    </box>
    <box frame="80" outside="0" occluded="0" keyframe="1" xtl="0.00" ytl="118.70" xbr="267.50" ybr="366.25" z_order="0">
      <attribute name="Sex">Female</attribute>
      <attribute name="Adipose Clipped">No</attribute>
      <attribute name="Injury">Yes</attribute>
      <attribute name="Confidence Level">3</attribute>
      <attribute name="Notes">Tail is torn, white scratches on caudal peduncle and dorsal fin</attribute>
    </box>
    <box frame="81" outside="0" occluded="0" keyframe="0" xtl="0.00" ytl="117.87" xbr="282.50" ybr="366.25" z_order="0">
      <attribute name="Sex">Female</attribute>
      <attribute name="Adipose Clipped">No</attribute>
      <attribute name="Injury">Yes</attribute>
      <attribute name="Confidence Level">3</attribute>
      <attribute name="Notes">Tail is torn, white scratches on caudal peduncle and dorsal fin</attribute>
    </box>
    <box frame="82" outside="0" occluded="0" keyframe="0" xtl="0.00" ytl="117.03" xbr="297.50" ybr="366.25" z_order="0">
      <attribute name="Sex">Female</attribute>
      <attribute name="Adipose Clipped">No</attribute>
      <attribute name="Injury">Yes</attribute>
      <attribute name="Confidence Level">3</attribute>
      <attribute name="Notes">Tail is torn, white scratches on caudal peduncle and dorsal fin</attribute>
    </box>
    <box frame="83" outside="0" occluded="0" keyframe="1" xtl="0.00" ytl="116.20" xbr="312.50" ybr="366.25" z_order="0">
      <attribute name="Sex">Female</attribute>
      <attribute name="Adipose Clipped">No</attribute>
      <attribute name="Injury">Yes</attribute>
      <attribute name="Confidence Level">3</attribute>
      <attribute name="Notes">Tail is torn, white scratches on caudal peduncle and dorsal fin</attribute>
    </box>
    <box frame="84" outside="0" occluded="0" keyframe="0" xtl="0.00" ytl="103.70" xbr="345.00" ybr="366.25" z_order="0">
      <attribute name="Sex">Female</attribute>
      <attribute name="Adipose Clipped">No</attribute>
      <attribute name="Injury">Yes</attribute>
      <attribute name="Confidence Level">3</attribute>
      <attribute name="Notes">Tail is torn, white scratches on caudal peduncle and dorsal fin</attribute>
    </box>
    <box frame="85" outside="0" occluded="0" keyframe="1" xtl="0.00" ytl="91.20" xbr="377.50" ybr="366.25" z_order="0">
      <attribute name="Sex">Female</attribute>
      <attribute name="Adipose Clipped">No</attribute>
      <attribute name="Injury">Yes</attribute>
      <attribute name="Confidence Level">3</attribute>
      <attribute name="Notes">Tail is torn, white scratches on caudal peduncle and dorsal fin</attribute>
    </box>
    <box frame="86" outside="0" occluded="0" keyframe="0" xtl="0.00" ytl="91.20" xbr="399.35" ybr="366.25" z_order="0">
      <attribute name="Sex">Female</attribute>
      <attribute name="Adipose Clipped">No</attribute>
      <attribute name="Injury">Yes</attribute>
      <attribute name="Confidence Level">3</attribute>
      <attribute name="Notes">Tail is torn, white scratches on caudal peduncle and dorsal fin</attribute>
    </box>
    <box frame="87" outside="0" occluded="0" keyframe="1" xtl="0.00" ytl="91.20" xbr="421.20" ybr="366.25" z_order="0">
      <attribute name="Sex">Female</attribute>
      <attribute name="Adipose Clipped">No</attribute>
      <attribute name="Injury">Yes</attribute>
      <attribute name="Confidence Level">3</attribute>
      <attribute name="Notes">Tail is torn, white scratches on caudal peduncle and dorsal fin</attribute>
    </box>
    <box frame="88" outside="0" occluded="0" keyframe="0" xtl="0.00" ytl="91.20" xbr="445.55" ybr="366.25" z_order="0">
      <attribute name="Sex">Female</attribute>
      <attribute name="Adipose Clipped">No</attribute>
      <attribute name="Injury">Yes</attribute>
      <attribute name="Confidence Level">3</attribute>
      <attribute name="Notes">Tail is torn, white scratches on caudal peduncle and dorsal fin</attribute>
    </box>
    <box frame="89" outside="0" occluded="0" keyframe="1" xtl="0.00" ytl="91.20" xbr="469.90" ybr="366.25" z_order="0">
      <attribute name="Sex">Female</attribute>
      <attribute name="Adipose Clipped">No</attribute>
      <attribute name="Injury">Yes</attribute>
      <attribute name="Confidence Level">3</attribute>
      <attribute name="Notes">Tail is torn, white scratches on caudal peduncle and dorsal fin</attribute>
    </box>
    <box frame="90" outside="0" occluded="0" keyframe="0" xtl="0.00" ytl="81.20" xbr="513.05" ybr="366.25" z_order="0">
      <attribute name="Sex">Female</attribute>
      <attribute name="Adipose Clipped">No</attribute>
      <attribute name="Injury">Yes</attribute>
      <attribute name="Confidence Level">3</attribute>
      <attribute name="Notes">Tail is torn, white scratches on caudal peduncle and dorsal fin</attribute>
    </box>
    <box frame="91" outside="0" occluded="0" keyframe="1" xtl="0.00" ytl="71.20" xbr="556.20" ybr="366.25" z_order="0">
      <attribute name="Sex">Female</attribute>
      <attribute name="Adipose Clipped">No</attribute>
      <attribute name="Injury">Yes</attribute>
      <attribute name="Confidence Level">3</attribute>
      <attribute name="Notes">Tail is torn, white scratches on caudal peduncle and dorsal fin</attribute>
    </box>
    <box frame="92" outside="0" occluded="0" keyframe="0" xtl="0.00" ytl="71.20" xbr="589.95" ybr="366.25" z_order="0">
      <attribute name="Sex">Female</attribute>
      <attribute name="Adipose Clipped">No</attribute>
      <attribute name="Injury">Yes</attribute>
      <attribute name="Confidence Level">3</attribute>
      <attribute name="Notes">Tail is torn, white scratches on caudal peduncle and dorsal fin</attribute>
    </box>
    <box frame="93" outside="0" occluded="0" keyframe="1" xtl="0.00" ytl="71.20" xbr="623.70" ybr="366.25" z_order="0">
      <attribute name="Sex">Female</attribute>
      <attribute name="Adipose Clipped">No</attribute>
      <attribute name="Injury">Yes</attribute>
      <attribute name="Confidence Level">3</attribute>
      <attribute name="Notes">Tail is torn, white scratches on caudal peduncle and dorsal fin</attribute>
    </box>
    <box frame="94" outside="0" occluded="0" keyframe="0" xtl="0.00" ytl="71.20" xbr="673.70" ybr="366.28" z_order="0">
      <attribute name="Sex">Female</attribute>
      <attribute name="Adipose Clipped">No</attribute>
      <attribute name="Injury">Yes</attribute>
      <attribute name="Confidence Level">3</attribute>
      <attribute name="Notes">Tail is torn, white scratches on caudal peduncle and dorsal fin</attribute>
    </box>
    <box frame="95" outside="0" occluded="0" keyframe="1" xtl="0.00" ytl="71.20" xbr="723.70" ybr="366.30" z_order="0">
      <attribute name="Sex">Female</attribute>
      <attribute name="Adipose Clipped">No</attribute>
      <attribute name="Injury">Yes</attribute>
      <attribute name="Confidence Level">3</attribute>
      <attribute name="Notes">Tail is torn, white scratches on caudal peduncle and dorsal fin</attribute>
    </box>
    <box frame="96" outside="0" occluded="0" keyframe="0" xtl="0.00" ytl="71.20" xbr="746.85" ybr="366.30" z_order="0">
      <attribute name="Sex">Female</attribute>
      <attribute name="Adipose Clipped">No</attribute>
      <attribute name="Injury">Yes</attribute>
      <attribute name="Confidence Level">3</attribute>
      <attribute name="Notes">Tail is torn, white scratches on caudal peduncle and dorsal fin</attribute>
    </box>
    <box frame="97" outside="0" occluded="0" keyframe="1" xtl="0.00" ytl="71.20" xbr="770.00" ybr="366.30" z_order="0">
      <attribute name="Sex">Female</attribute>
      <attribute name="Adipose Clipped">No</attribute>
      <attribute name="Injury">Yes</attribute>
      <attribute name="Confidence Level">3</attribute>
      <attribute name="Notes">Tail is torn, white scratches on caudal peduncle and dorsal fin</attribute>
    </box>
    <box frame="98" outside="0" occluded="0" keyframe="1" xtl="0.00" ytl="71.20" xbr="817.50" ybr="366.30" z_order="0">
      <attribute name="Sex">Female</attribute>
      <attribute name="Adipose Clipped">No</attribute>
      <attribute name="Injury">Yes</attribute>
      <attribute name="Confidence Level">3</attribute>
      <attribute name="Notes">Tail is torn, white scratches on caudal peduncle and dorsal fin</attribute>
    </box>
    <box frame="99" outside="0" occluded="0" keyframe="1" xtl="0.00" ytl="71.20" xbr="845.00" ybr="366.30" z_order="0">
      <attribute name="Sex">Female</attribute>
      <attribute name="Adipose Clipped">No</attribute>
      <attribute name="Injury">Yes</attribute>
      <attribute name="Confidence Level">3</attribute>
      <attribute name="Notes">Tail is torn, white scratches on caudal peduncle and dorsal fin</attribute>
    </box>
    <box frame="100" outside="0" occluded="0" keyframe="1" xtl="0.00" ytl="71.20" xbr="908.70" ybr="366.30" z_order="0">
      <attribute name="Sex">Female</attribute>
      <attribute name="Adipose Clipped">No</attribute>
      <attribute name="Injury">Yes</attribute>
      <attribute name="Confidence Level">3</attribute>
      <attribute name="Notes">Tail is torn, white scratches on caudal peduncle and dorsal fin</attribute>
    </box>
    <box frame="101" outside="0" occluded="0" keyframe="1" xtl="0.00" ytl="71.20" xbr="948.70" ybr="366.30" z_order="0">
      <attribute name="Sex">Female</attribute>
      <attribute name="Adipose Clipped">No</attribute>
      <attribute name="Injury">Yes</attribute>
      <attribute name="Confidence Level">3</attribute>
      <attribute name="Notes">Tail is torn, white scratches on caudal peduncle and dorsal fin</attribute>
    </box>
    <box frame="102" outside="0" occluded="0" keyframe="1" xtl="0.00" ytl="71.20" xbr="980.00" ybr="366.30" z_order="0">
      <attribute name="Sex">Female</attribute>
      <attribute name="Adipose Clipped">No</attribute>
      <attribute name="Injury">Yes</attribute>
      <attribute name="Confidence Level">3</attribute>
      <attribute name="Notes">Tail is torn, white scratches on caudal peduncle and dorsal fin</attribute>
    </box>
    <box frame="103" outside="0" occluded="0" keyframe="1" xtl="0.00" ytl="71.20" xbr="1015.00" ybr="356.30" z_order="0">
      <attribute name="Sex">Female</attribute>
      <attribute name="Adipose Clipped">No</attribute>
      <attribute name="Injury">Yes</attribute>
      <attribute name="Confidence Level">3</attribute>
      <attribute name="Notes">Tail is torn, white scratches on caudal peduncle and dorsal fin</attribute>
    </box>
    <box frame="104" outside="0" occluded="0" keyframe="0" xtl="40.62" ytl="71.20" xbr="1055.62" ybr="356.30" z_order="0">
      <attribute name="Sex">Female</attribute>
      <attribute name="Adipose Clipped">No</attribute>
      <attribute name="Injury">Yes</attribute>
      <attribute name="Confidence Level">3</attribute>
      <attribute name="Notes">Tail is torn, white scratches on caudal peduncle and dorsal fin</attribute>
    </box>
    <box frame="105" outside="0" occluded="0" keyframe="1" xtl="81.25" ytl="71.20" xbr="1096.25" ybr="356.30" z_order="0">
      <attribute name="Sex">Female</attribute>
      <attribute name="Adipose Clipped">No</attribute>
      <attribute name="Injury">Yes</attribute>
      <attribute name="Confidence Level">3</attribute>
      <attribute name="Notes">Tail is torn, white scratches on caudal peduncle and dorsal fin</attribute>
    </box>
    <box frame="106" outside="0" occluded="0" keyframe="1" xtl="106.25" ytl="71.20" xbr="1121.25" ybr="356.30" z_order="0">
      <attribute name="Sex">Female</attribute>
      <attribute name="Adipose Clipped">No</attribute>
      <attribute name="Injury">Yes</attribute>
      <attribute name="Confidence Level">3</attribute>
      <attribute name="Notes">Tail is torn, white scratches on caudal peduncle and dorsal fin</attribute>
    </box>
    <box frame="107" outside="0" occluded="0" keyframe="1" xtl="160.00" ytl="74.95" xbr="1175.00" ybr="360.05" z_order="0">
      <attribute name="Sex">Female</attribute>
      <attribute name="Adipose Clipped">No</attribute>
      <attribute name="Injury">Yes</attribute>
      <attribute name="Confidence Level">3</attribute>
      <attribute name="Notes">Tail is torn, white scratches on caudal peduncle and dorsal fin</attribute>
    </box>
    <box frame="108" outside="0" occluded="0" keyframe="1" xtl="188.75" ytl="77.45" xbr="1203.75" ybr="362.55" z_order="0">
      <attribute name="Sex">Female</attribute>
      <attribute name="Adipose Clipped">No</attribute>
      <attribute name="Injury">Yes</attribute>
      <attribute name="Confidence Level">3</attribute>
      <attribute name="Notes">Tail is torn, white scratches on caudal peduncle and dorsal fin</attribute>
    </box>
    <box frame="109" outside="0" occluded="0" keyframe="1" xtl="217.50" ytl="88.70" xbr="1232.50" ybr="373.80" z_order="0">
      <attribute name="Sex">Female</attribute>
      <attribute name="Adipose Clipped">No</attribute>
      <attribute name="Injury">Yes</attribute>
      <attribute name="Confidence Level">3</attribute>
      <attribute name="Notes">Tail is torn, white scratches on caudal peduncle and dorsal fin</attribute>
    </box>
    <box frame="110" outside="0" occluded="0" keyframe="1" xtl="248.75" ytl="94.95" xbr="1280.00" ybr="380.05" z_order="0">
      <attribute name="Sex">Female</attribute>
      <attribute name="Adipose Clipped">No</attribute>
      <attribute name="Injury">Yes</attribute>
      <attribute name="Confidence Level">3</attribute>
      <attribute name="Notes">Tail is torn, white scratches on caudal peduncle and dorsal fin</attribute>
    </box>
    <box frame="111" outside="0" occluded="0" keyframe="1" xtl="287.50" ytl="94.95" xbr="1280.00" ybr="380.05" z_order="0">
      <attribute name="Sex">Female</attribute>
      <attribute name="Adipose Clipped">No</attribute>
      <attribute name="Injury">Yes</attribute>
      <attribute name="Confidence Level">3</attribute>
      <attribute name="Notes">Tail is torn, white scratches on caudal peduncle and dorsal fin</attribute>
    </box>
    <box frame="112" outside="0" occluded="0" keyframe="0" xtl="311.25" ytl="94.95" xbr="1280.00" ybr="380.05" z_order="0">
      <attribute name="Sex">Female</attribute>
      <attribute name="Adipose Clipped">No</attribute>
      <attribute name="Injury">Yes</attribute>
      <attribute name="Confidence Level">3</attribute>
      <attribute name="Notes">Tail is torn, white scratches on caudal peduncle and dorsal fin</attribute>
    </box>
    <box frame="113" outside="0" occluded="0" keyframe="1" xtl="335.00" ytl="94.95" xbr="1280.00" ybr="380.05" z_order="0">
      <attribute name="Sex">Female</attribute>
      <attribute name="Adipose Clipped">No</attribute>
      <attribute name="Injury">Yes</attribute>
      <attribute name="Confidence Level">3</attribute>
      <attribute name="Notes">Tail is torn, white scratches on caudal peduncle and dorsal fin</attribute>
    </box>
    <box frame="114" outside="0" occluded="0" keyframe="0" xtl="373.75" ytl="98.70" xbr="1280.00" ybr="383.80" z_order="0">
      <attribute name="Sex">Female</attribute>
      <attribute name="Adipose Clipped">No</attribute>
      <attribute name="Injury">Yes</attribute>
      <attribute name="Confidence Level">3</attribute>
      <attribute name="Notes">Tail is torn, white scratches on caudal peduncle and dorsal fin</attribute>
    </box>
    <box frame="115" outside="0" occluded="0" keyframe="1" xtl="412.50" ytl="102.45" xbr="1280.00" ybr="387.55" z_order="0">
      <attribute name="Sex">Female</attribute>
      <attribute name="Adipose Clipped">No</attribute>
      <attribute name="Injury">Yes</attribute>
      <attribute name="Confidence Level">3</attribute>
      <attribute name="Notes">Tail is torn, white scratches on caudal peduncle and dorsal fin</attribute>
    </box>
    <box frame="116" outside="0" occluded="0" keyframe="1" xtl="447.50" ytl="102.45" xbr="1280.00" ybr="387.55" z_order="0">
      <attribute name="Sex">Female</attribute>
      <attribute name="Adipose Clipped">No</attribute>
      <attribute name="Injury">Yes</attribute>
      <attribute name="Confidence Level">3</attribute>
      <attribute name="Notes">Tail is torn, white scratches on caudal peduncle and dorsal fin</attribute>
    </box>
    <box frame="117" outside="0" occluded="0" keyframe="1" xtl="495.00" ytl="102.45" xbr="1280.00" ybr="387.55" z_order="0">
      <attribute name="Sex">Female</attribute>
      <attribute name="Adipose Clipped">No</attribute>
      <attribute name="Injury">Yes</attribute>
      <attribute name="Confidence Level">3</attribute>
      <attribute name="Notes">Tail is torn, white scratches on caudal peduncle and dorsal fin</attribute>
    </box>
    <box frame="118" outside="0" occluded="0" keyframe="1" xtl="471.20" ytl="102.45" xbr="1280.00" ybr="387.55" z_order="0">
      <attribute name="Sex">Female</attribute>
      <attribute name="Adipose Clipped">No</attribute>
      <attribute name="Injury">Yes</attribute>
      <attribute name="Confidence Level">3</attribute>
      <attribute name="Notes">Tail is torn, white scratches on caudal peduncle and dorsal fin</attribute>
    </box>
    <box frame="119" outside="0" occluded="0" keyframe="0" xtl="498.08" ytl="102.45" xbr="1280.00" ybr="387.55" z_order="0">
      <attribute name="Sex">Female</attribute>
      <attribute name="Adipose Clipped">No</attribute>
      <attribute name="Injury">Yes</attribute>
      <attribute name="Confidence Level">3</attribute>
      <attribute name="Notes">Tail is torn, white scratches on caudal peduncle and dorsal fin</attribute>
    </box>
    <box frame="120" outside="0" occluded="0" keyframe="1" xtl="524.95" ytl="102.45" xbr="1280.00" ybr="387.55" z_order="0">
      <attribute name="Sex">Female</attribute>
      <attribute name="Adipose Clipped">No</attribute>
      <attribute name="Injury">Yes</attribute>
      <attribute name="Confidence Level">3</attribute>
      <attribute name="Notes">Tail is torn, white scratches on caudal peduncle and dorsal fin</attribute>
    </box>
    <box frame="121" outside="0" occluded="0" keyframe="1" xtl="578.70" ytl="102.45" xbr="1280.00" ybr="387.55" z_order="0">
      <attribute name="Sex">Female</attribute>
      <attribute name="Adipose Clipped">No</attribute>
      <attribute name="Injury">Yes</attribute>
      <attribute name="Confidence Level">3</attribute>
      <attribute name="Notes">Tail is torn, white scratches on caudal peduncle and dorsal fin</attribute>
    </box>
    <box frame="122" outside="0" occluded="0" keyframe="1" xtl="607.45" ytl="102.45" xbr="1280.00" ybr="387.55" z_order="0">
      <attribute name="Sex">Female</attribute>
      <attribute name="Adipose Clipped">No</attribute>
      <attribute name="Injury">Yes</attribute>
      <attribute name="Confidence Level">3</attribute>
      <attribute name="Notes">Tail is torn, white scratches on caudal peduncle and dorsal fin</attribute>
    </box>
    <box frame="123" outside="0" occluded="0" keyframe="1" xtl="632.45" ytl="102.45" xbr="1280.00" ybr="387.55" z_order="0">
      <attribute name="Sex">Female</attribute>
      <attribute name="Adipose Clipped">No</attribute>
      <attribute name="Injury">Yes</attribute>
      <attribute name="Confidence Level">3</attribute>
      <attribute name="Notes">Tail is torn, white scratches on caudal peduncle and dorsal fin</attribute>
    </box>
    <box frame="124" outside="0" occluded="0" keyframe="1" xtl="632.45" ytl="78.70" xbr="1280.00" ybr="387.55" z_order="0">
      <attribute name="Sex">Female</attribute>
      <attribute name="Adipose Clipped">No</attribute>
      <attribute name="Injury">Yes</attribute>
      <attribute name="Confidence Level">3</attribute>
      <attribute name="Notes">Tail is torn, white scratches on caudal peduncle and dorsal fin</attribute>
    </box>
    <box frame="125" outside="0" occluded="0" keyframe="1" xtl="664.95" ytl="68.70" xbr="1280.00" ybr="377.55" z_order="0">
      <attribute name="Sex">Female</attribute>
      <attribute name="Adipose Clipped">No</attribute>
      <attribute name="Injury">Yes</attribute>
      <attribute name="Confidence Level">3</attribute>
      <attribute name="Notes">Tail is torn, white scratches on caudal peduncle and dorsal fin</attribute>
    </box>
    <box frame="126" outside="0" occluded="0" keyframe="1" xtl="694.95" ytl="68.70" xbr="1280.00" ybr="377.55" z_order="0">
      <attribute name="Sex">Female</attribute>
      <attribute name="Adipose Clipped">No</attribute>
      <attribute name="Injury">Yes</attribute>
      <attribute name="Confidence Level">3</attribute>
      <attribute name="Notes">Tail is torn, white scratches on caudal peduncle and dorsal fin</attribute>
    </box>
    <box frame="127" outside="0" occluded="0" keyframe="1" xtl="721.20" ytl="62.45" xbr="1280.00" ybr="371.30" z_order="0">
      <attribute name="Sex">Female</attribute>
      <attribute name="Adipose Clipped">No</attribute>
      <attribute name="Injury">Yes</attribute>
      <attribute name="Confidence Level">3</attribute>
      <attribute name="Notes">Tail is torn, white scratches on caudal peduncle and dorsal fin</attribute>
    </box>
    <box frame="128" outside="0" occluded="0" keyframe="1" xtl="754.95" ytl="64.95" xbr="1280.00" ybr="373.80" z_order="0">
      <attribute name="Sex">Female</attribute>
      <attribute name="Adipose Clipped">No</attribute>
      <attribute name="Injury">Yes</attribute>
      <attribute name="Confidence Level">3</attribute>
      <attribute name="Notes">Tail is torn, white scratches on caudal peduncle and dorsal fin</attribute>
    </box>
    <box frame="129" outside="0" occluded="0" keyframe="1" xtl="788.70" ytl="62.45" xbr="1280.00" ybr="371.30" z_order="0">
      <attribute name="Sex">Female</attribute>
      <attribute name="Adipose Clipped">No</attribute>
      <attribute name="Injury">Yes</attribute>
      <attribute name="Confidence Level">3</attribute>
      <attribute name="Notes">Tail is torn, white scratches on caudal peduncle and dorsal fin</attribute>
    </box>
    <box frame="130" outside="0" occluded="0" keyframe="1" xtl="831.20" ytl="62.45" xbr="1280.00" ybr="371.30" z_order="0">
      <attribute name="Sex">Female</attribute>
      <attribute name="Adipose Clipped">No</attribute>
      <attribute name="Injury">Yes</attribute>
      <attribute name="Confidence Level">3</attribute>
      <attribute name="Notes">Tail is torn, white scratches on caudal peduncle and dorsal fin</attribute>
    </box>
    <box frame="131" outside="0" occluded="0" keyframe="1" xtl="874.95" ytl="62.45" xbr="1280.00" ybr="371.30" z_order="0">
      <attribute name="Sex">Female</attribute>
      <attribute name="Adipose Clipped">No</attribute>
      <attribute name="Injury">Yes</attribute>
      <attribute name="Confidence Level">3</attribute>
      <attribute name="Notes">Tail is torn, white scratches on caudal peduncle and dorsal fin</attribute>
    </box>
    <box frame="132" outside="0" occluded="0" keyframe="1" xtl="901.20" ytl="62.45" xbr="1280.00" ybr="371.30" z_order="0">
      <attribute name="Sex">Female</attribute>
      <attribute name="Adipose Clipped">No</attribute>
      <attribute name="Injury">Yes</attribute>
      <attribute name="Confidence Level">3</attribute>
      <attribute name="Notes">Tail is torn, white scratches on caudal peduncle and dorsal fin</attribute>
    </box>
    <box frame="133" outside="0" occluded="0" keyframe="1" xtl="952.45" ytl="49.95" xbr="1280.00" ybr="358.80" z_order="0">
      <attribute name="Sex">Female</attribute>
      <attribute name="Adipose Clipped">No</attribute>
      <attribute name="Injury">Yes</attribute>
      <attribute name="Confidence Level">3</attribute>
      <attribute name="Notes">Tail is torn, white scratches on caudal peduncle and dorsal fin</attribute>
    </box>
    <box frame="134" outside="0" occluded="1" keyframe="1" xtl="984.95" ytl="49.95" xbr="1280.00" ybr="358.80" z_order="0">
      <attribute name="Sex">Female</attribute>
      <attribute name="Adipose Clipped">No</attribute>
      <attribute name="Injury">Yes</attribute>
      <attribute name="Confidence Level">3</attribute>
      <attribute name="Notes">Tail is torn, white scratches on caudal peduncle and dorsal fin</attribute>
    </box>
    <box frame="135" outside="0" occluded="1" keyframe="1" xtl="1047.50" ytl="49.95" xbr="1280.00" ybr="331.30" z_order="0">
      <attribute name="Sex">Female</attribute>
      <attribute name="Adipose Clipped">No</attribute>
      <attribute name="Injury">Yes</attribute>
      <attribute name="Confidence Level">3</attribute>
      <attribute name="Notes">Tail is torn, white scratches on caudal peduncle and dorsal fin</attribute>
    </box>
    <box frame="136" outside="0" occluded="1" keyframe="1" xtl="1121.25" ytl="59.95" xbr="1280.00" ybr="341.30" z_order="0">
      <attribute name="Sex">Female</attribute>
      <attribute name="Adipose Clipped">No</attribute>
      <attribute name="Injury">Yes</attribute>
      <attribute name="Confidence Level">3</attribute>
      <attribute name="Notes">Tail is torn, white scratches on caudal peduncle and dorsal fin</attribute>
    </box>
    <box frame="137" outside="0" occluded="1" keyframe="1" xtl="1142.50" ytl="59.95" xbr="1280.00" ybr="341.30" z_order="0">
      <attribute name="Sex">Female</attribute>
      <attribute name="Adipose Clipped">No</attribute>
      <attribute name="Injury">Yes</attribute>
      <attribute name="Confidence Level">3</attribute>
      <attribute name="Notes">Tail is torn, white scratches on caudal peduncle and dorsal fin</attribute>
    </box>
    <box frame="138" outside="0" occluded="1" keyframe="1" xtl="1201.25" ytl="62.45" xbr="1280.00" ybr="343.80" z_order="0">
      <attribute name="Sex">Female</attribute>
      <attribute name="Adipose Clipped">No</attribute>
      <attribute name="Injury">Yes</attribute>
      <attribute name="Confidence Level">3</attribute>
      <attribute name="Notes">Tail is torn, white scratches on caudal peduncle and dorsal fin</attribute>
    </box>
    <box frame="139" outside="1" occluded="1" keyframe="1" xtl="1201.25" ytl="62.45" xbr="1280.00" ybr="343.80" z_order="0">
      <attribute name="Sex">Female</attribute>
      <attribute name="Adipose Clipped">No</attribute>
      <attribute name="Injury">Yes</attribute>
      <attribute name="Confidence Level">3</attribute>
      <attribute name="Notes">Tail is torn, white scratches on caudal peduncle and dorsal fin</attribute>
    </box>
  </track>
  <track id="1" label="Rainbow" source="manual">
    <box frame="131" outside="0" occluded="0" keyframe="1" xtl="0.00" ytl="257.50" xbr="122.50" ybr="362.50" z_order="0">
      <attribute name="Sex">Juvenile</attribute>
      <attribute name="Adipose Clipped">No</attribute>
      <attribute name="Injury">No</attribute>
      <attribute name="Confidence Level">3</attribute>
      <attribute name="Notes">NA</attribute>
    </box>
    <box frame="132" outside="0" occluded="0" keyframe="1" xtl="0.00" ytl="257.50" xbr="158.70" ybr="362.50" z_order="0">
      <attribute name="Sex">Juvenile</attribute>
      <attribute name="Adipose Clipped">No</attribute>
      <attribute name="Injury">No</attribute>
      <attribute name="Confidence Level">3</attribute>
      <attribute name="Notes">NA</attribute>
    </box>
    <box frame="133" outside="0" occluded="0" keyframe="1" xtl="0.00" ytl="257.50" xbr="173.70" ybr="362.50" z_order="0">
      <attribute name="Sex">Juvenile</attribute>
      <attribute name="Adipose Clipped">No</attribute>
      <attribute name="Injury">No</attribute>
      <attribute name="Confidence Level">3</attribute>
      <attribute name="Notes">NA</attribute>
    </box>
    <box frame="134" outside="0" occluded="0" keyframe="0" xtl="0.00" ytl="257.50" xbr="201.20" ybr="363.75" z_order="0">
      <attribute name="Sex">Juvenile</attribute>
      <attribute name="Adipose Clipped">No</attribute>
      <attribute name="Injury">No</attribute>
      <attribute name="Confidence Level">3</attribute>
      <attribute name="Notes">NA</attribute>
    </box>
    <box frame="135" outside="0" occluded="0" keyframe="1" xtl="0.00" ytl="257.50" xbr="228.70" ybr="365.00" z_order="0">
      <attribute name="Sex">Juvenile</attribute>
      <attribute name="Adipose Clipped">No</attribute>
      <attribute name="Injury">No</attribute>
      <attribute name="Confidence Level">3</attribute>
      <attribute name="Notes">NA</attribute>
    </box>
    <box frame="136" outside="0" occluded="0" keyframe="1" xtl="0.00" ytl="268.75" xbr="250.00" ybr="375.00" z_order="0">
      <attribute name="Sex">Juvenile</attribute>
      <attribute name="Adipose Clipped">No</attribute>
      <attribute name="Injury">No</attribute>
      <attribute name="Confidence Level">3</attribute>
      <attribute name="Notes">NA</attribute>
    </box>
    <box frame="137" outside="0" occluded="0" keyframe="0" xtl="0.00" ytl="268.75" xbr="267.50" ybr="375.00" z_order="0">
      <attribute name="Sex">Juvenile</attribute>
      <attribute name="Adipose Clipped">No</attribute>
      <attribute name="Injury">No</attribute>
      <attribute name="Confidence Level">3</attribute>
      <attribute name="Notes">NA</attribute>
    </box>
    <box frame="138" outside="0" occluded="0" keyframe="0" xtl="0.00" ytl="268.75" xbr="285.00" ybr="375.00" z_order="0">
      <attribute name="Sex">Juvenile</attribute>
      <attribute name="Adipose Clipped">No</attribute>
      <attribute name="Injury">No</attribute>
      <attribute name="Confidence Level">3</attribute>
      <attribute name="Notes">NA</attribute>
    </box>
    <box frame="139" outside="0" occluded="0" keyframe="1" xtl="0.00" ytl="268.75" xbr="302.50" ybr="375.00" z_order="0">
      <attribute name="Sex">Juvenile</attribute>
      <attribute name="Adipose Clipped">No</attribute>
      <attribute name="Injury">No</attribute>
      <attribute name="Confidence Level">3</attribute>
      <attribute name="Notes">NA</attribute>
    </box>
    <box frame="140" outside="0" occluded="0" keyframe="0" xtl="9.38" ytl="270.62" xbr="311.88" ybr="376.88" z_order="0">
      <attribute name="Sex">Juvenile</attribute>
      <attribute name="Adipose Clipped">No</attribute>
      <attribute name="Injury">No</attribute>
      <attribute name="Confidence Level">3</attribute>
      <attribute name="Notes">NA</attribute>
    </box>
    <box frame="141" outside="0" occluded="0" keyframe="1" xtl="18.75" ytl="272.50" xbr="321.25" ybr="378.75" z_order="0">
      <attribute name="Sex">Juvenile</attribute>
      <attribute name="Adipose Clipped">No</attribute>
      <attribute name="Injury">No</attribute>
      <attribute name="Confidence Level">3</attribute>
      <attribute name="Notes">NA</attribute>
    </box>
    <box frame="142" outside="0" occluded="0" keyframe="0" xtl="12.50" ytl="272.92" xbr="315.00" ybr="379.17" z_order="0">
      <attribute name="Sex">Juvenile</attribute>
      <attribute name="Adipose Clipped">No</attribute>
      <attribute name="Injury">No</attribute>
      <attribute name="Confidence Level">3</attribute>
      <attribute name="Notes">NA</attribute>
    </box>
    <box frame="143" outside="0" occluded="0" keyframe="0" xtl="6.25" ytl="273.33" xbr="308.75" ybr="379.58" z_order="0">
      <attribute name="Sex">Juvenile</attribute>
      <attribute name="Adipose Clipped">No</attribute>
      <attribute name="Injury">No</attribute>
      <attribute name="Confidence Level">3</attribute>
      <attribute name="Notes">NA</attribute>
    </box>
    <box frame="144" outside="0" occluded="0" keyframe="1" xtl="0.00" ytl="273.75" xbr="302.50" ybr="380.00" z_order="0">
      <attribute name="Sex">Juvenile</attribute>
      <attribute name="Adipose Clipped">No</attribute>
      <attribute name="Injury">No</attribute>
      <attribute name="Confidence Level">3</attribute>
      <attribute name="Notes">NA</attribute>
    </box>
    <box frame="145" outside="0" occluded="0" keyframe="1" xtl="0.00" ytl="271.25" xbr="285.00" ybr="377.50" z_order="0">
      <attribute name="Sex">Juvenile</attribute>
      <attribute name="Adipose Clipped">No</attribute>
      <attribute name="Injury">No</attribute>
      <attribute name="Confidence Level">3</attribute>
      <attribute name="Notes">NA</attribute>
    </box>
    <box frame="146" outside="0" occluded="0" keyframe="1" xtl="0.00" ytl="270.00" xbr="278.75" ybr="376.25" z_order="0">
      <attribute name="Sex">Juvenile</attribute>
      <attribute name="Adipose Clipped">No</attribute>
      <attribute name="Injury">No</attribute>
      <attribute name="Confidence Level">3</attribute>
      <attribute name="Notes">NA</attribute>
    </box>
    <box frame="147" outside="0" occluded="0" keyframe="0" xtl="0.00" ytl="265.62" xbr="275.00" ybr="371.88" z_order="0">
      <attribute name="Sex">Juvenile</attribute>
      <attribute name="Adipose Clipped">No</attribute>
      <attribute name="Injury">No</attribute>
      <attribute name="Confidence Level">3</attribute>
      <attribute name="Notes">NA</attribute>
    </box>
    <box frame="148" outside="0" occluded="0" keyframe="1" xtl="0.00" ytl="261.25" xbr="271.25" ybr="367.50" z_order="0">
      <attribute name="Sex">Juvenile</attribute>
      <attribute name="Adipose Clipped">No</attribute>
      <attribute name="Injury">No</attribute>
      <attribute name="Confidence Level">3</attribute>
      <attribute name="Notes">NA</attribute>
    </box>
    <box frame="149" outside="0" occluded="0" keyframe="0" xtl="0.00" ytl="258.12" xbr="266.88" ybr="364.38" z_order="0">
      <attribute name="Sex">Juvenile</attribute>
      <attribute name="Adipose Clipped">No</attribute>
      <attribute name="Injury">No</attribute>
      <attribute name="Confidence Level">3</attribute>
      <attribute name="Notes">NA</attribute>
    </box>
    <box frame="150" outside="0" occluded="0" keyframe="1" xtl="0.00" ytl="255.00" xbr="262.50" ybr="361.25" z_order="0">
      <attribute name="Sex">Juvenile</attribute>
      <attribute name="Adipose Clipped">No</attribute>
      <attribute name="Injury">No</attribute>
      <attribute name="Confidence Level">3</attribute>
      <attribute name="Notes">NA</attribute>
    </box>
    <box frame="151" outside="0" occluded="0" keyframe="0" xtl="0.00" ytl="252.92" xbr="252.92" ybr="359.17" z_order="0">
      <attribute name="Sex">Juvenile</attribute>
      <attribute name="Adipose Clipped">No</attribute>
      <attribute name="Injury">No</attribute>
      <attribute name="Confidence Level">3</attribute>
      <attribute name="Notes">NA</attribute>
    </box>
    <box frame="152" outside="0" occluded="0" keyframe="0" xtl="0.00" ytl="250.83" xbr="243.33" ybr="357.08" z_order="0">
      <attribute name="Sex">Juvenile</attribute>
      <attribute name="Adipose Clipped">No</attribute>
      <attribute name="Injury">No</attribute>
      <attribute name="Confidence Level">3</attribute>
      <attribute name="Notes">NA</attribute>
    </box>
    <box frame="153" outside="0" occluded="0" keyframe="1" xtl="0.00" ytl="248.75" xbr="233.75" ybr="355.00" z_order="0">
      <attribute name="Sex">Juvenile</attribute>
      <attribute name="Adipose Clipped">No</attribute>
      <attribute name="Injury">No</attribute>
      <attribute name="Confidence Level">3</attribute>
      <attribute name="Notes">NA</attribute>
    </box>
    <box frame="154" outside="0" occluded="0" keyframe="0" xtl="0.00" ytl="238.75" xbr="216.88" ybr="345.00" z_order="0">
      <attribute name="Sex">Juvenile</attribute>
      <attribute name="Adipose Clipped">No</attribute>
      <attribute name="Injury">No</attribute>
      <attribute name="Confidence Level">3</attribute>
      <attribute name="Notes">NA</attribute>
    </box>
    <box frame="155" outside="0" occluded="0" keyframe="1" xtl="0.00" ytl="228.75" xbr="200.00" ybr="335.00" z_order="0">
      <attribute name="Sex">Juvenile</attribute>
      <attribute name="Adipose Clipped">No</attribute>
      <attribute name="Injury">No</attribute>
      <attribute name="Confidence Level">3</attribute>
      <attribute name="Notes">NA</attribute>
    </box>
    <box frame="156" outside="0" occluded="0" keyframe="0" xtl="0.00" ytl="227.50" xbr="195.00" ybr="333.75" z_order="0">
      <attribute name="Sex">Juvenile</attribute>
      <attribute name="Adipose Clipped">No</attribute>
      <attribute name="Injury">No</attribute>
      <attribute name="Confidence Level">3</attribute>
      <attribute name="Notes">NA</attribute>
    </box>
    <box frame="157" outside="0" occluded="0" keyframe="1" xtl="0.00" ytl="226.25" xbr="190.00" ybr="332.50" z_order="0">
      <attribute name="Sex">Juvenile</attribute>
      <attribute name="Adipose Clipped">No</attribute>
      <attribute name="Injury">No</attribute>
      <attribute name="Confidence Level">3</attribute>
      <attribute name="Notes">NA</attribute>
    </box>
    <box frame="158" outside="0" occluded="0" keyframe="0" xtl="0.00" ytl="218.75" xbr="181.88" ybr="325.00" z_order="0">
      <attribute name="Sex">Juvenile</attribute>
      <attribute name="Adipose Clipped">No</attribute>
      <attribute name="Injury">No</attribute>
      <attribute name="Confidence Level">3</attribute>
      <attribute name="Notes">NA</attribute>
    </box>
    <box frame="159" outside="0" occluded="0" keyframe="1" xtl="0.00" ytl="211.25" xbr="173.75" ybr="317.50" z_order="0">
      <attribute name="Sex">Juvenile</attribute>
      <attribute name="Adipose Clipped">No</attribute>
      <attribute name="Injury">No</attribute>
      <attribute name="Confidence Level">3</attribute>
      <attribute name="Notes">NA</attribute>
    </box>
    <box frame="160" outside="0" occluded="0" keyframe="0" xtl="0.00" ytl="206.25" xbr="169.38" ybr="312.50" z_order="0">
      <attribute name="Sex">Juvenile</attribute>
      <attribute name="Adipose Clipped">No</attribute>
      <attribute name="Injury">No</attribute>
      <attribute name="Confidence Level">3</attribute>
      <attribute name="Notes">NA</attribute>
    </box>
    <box frame="161" outside="0" occluded="0" keyframe="1" xtl="0.00" ytl="201.25" xbr="165.00" ybr="307.50" z_order="0">
      <attribute name="Sex">Juvenile</attribute>
      <attribute name="Adipose Clipped">No</attribute>
      <attribute name="Injury">No</attribute>
      <attribute name="Confidence Level">3</attribute>
      <attribute name="Notes">NA</attribute>
    </box>
    <box frame="162" outside="0" occluded="0" keyframe="0" xtl="0.00" ytl="206.25" xbr="164.38" ybr="312.50" z_order="0">
      <attribute name="Sex">Juvenile</attribute>
      <attribute name="Adipose Clipped">No</attribute>
      <attribute name="Injury">No</attribute>
      <attribute name="Confidence Level">3</attribute>
      <attribute name="Notes">NA</attribute>
    </box>
    <box frame="163" outside="0" occluded="0" keyframe="1" xtl="0.00" ytl="211.25" xbr="163.75" ybr="317.50" z_order="0">
      <attribute name="Sex">Juvenile</attribute>
      <attribute name="Adipose Clipped">No</attribute>
      <attribute name="Injury">No</attribute>
      <attribute name="Confidence Level">3</attribute>
      <attribute name="Notes">NA</attribute>
    </box>
    <box frame="164" outside="0" occluded="0" keyframe="0" xtl="0.00" ytl="215.62" xbr="160.62" ybr="321.88" z_order="0">
      <attribute name="Sex">Juvenile</attribute>
      <attribute name="Adipose Clipped">No</attribute>
      <attribute name="Injury">No</attribute>
      <attribute name="Confidence Level">3</attribute>
      <attribute name="Notes">NA</attribute>
    </box>
    <box frame="165" outside="0" occluded="0" keyframe="0" xtl="0.00" ytl="220.00" xbr="157.50" ybr="326.25" z_order="0">
      <attribute name="Sex">Juvenile</attribute>
      <attribute name="Adipose Clipped">No</attribute>
      <attribute name="Injury">No</attribute>
      <attribute name="Confidence Level">3</attribute>
      <attribute name="Notes">NA</attribute>
    </box>
    <box frame="166" outside="0" occluded="0" keyframe="0" xtl="0.00" ytl="224.38" xbr="154.38" ybr="330.62" z_order="0">
      <attribute name="Sex">Juvenile</attribute>
      <attribute name="Adipose Clipped">No</attribute>
      <attribute name="Injury">No</attribute>
      <attribute name="Confidence Level">3</attribute>
      <attribute name="Notes">NA</attribute>
    </box>
    <box frame="167" outside="0" occluded="0" keyframe="1" xtl="0.00" ytl="228.75" xbr="151.25" ybr="335.00" z_order="0">
      <attribute name="Sex">Juvenile</attribute>
      <attribute name="Adipose Clipped">No</attribute>
      <attribute name="Injury">No</attribute>
      <attribute name="Confidence Level">3</attribute>
      <attribute name="Notes">NA</attribute>
    </box>
    <box frame="168" outside="0" occluded="0" keyframe="0" xtl="0.00" ytl="228.75" xbr="147.92" ybr="335.00" z_order="0">
      <attribute name="Sex">Juvenile</attribute>
      <attribute name="Adipose Clipped">No</attribute>
      <attribute name="Injury">No</attribute>
      <attribute name="Confidence Level">3</attribute>
      <attribute name="Notes">NA</attribute>
    </box>
    <box frame="169" outside="0" occluded="0" keyframe="0" xtl="0.00" ytl="228.75" xbr="144.58" ybr="335.00" z_order="0">
      <attribute name="Sex">Juvenile</attribute>
      <attribute name="Adipose Clipped">No</attribute>
      <attribute name="Injury">No</attribute>
      <attribute name="Confidence Level">3</attribute>
      <attribute name="Notes">NA</attribute>
    </box>
    <box frame="170" outside="0" occluded="0" keyframe="0" xtl="0.00" ytl="228.75" xbr="141.25" ybr="335.00" z_order="0">
      <attribute name="Sex">Juvenile</attribute>
      <attribute name="Adipose Clipped">No</attribute>
      <attribute name="Injury">No</attribute>
      <attribute name="Confidence Level">3</attribute>
      <attribute name="Notes">NA</attribute>
    </box>
    <box frame="171" outside="0" occluded="0" keyframe="0" xtl="0.00" ytl="228.75" xbr="137.92" ybr="335.00" z_order="0">
      <attribute name="Sex">Juvenile</attribute>
      <attribute name="Adipose Clipped">No</attribute>
      <attribute name="Injury">No</attribute>
      <attribute name="Confidence Level">3</attribute>
      <attribute name="Notes">NA</attribute>
    </box>
    <box frame="172" outside="0" occluded="0" keyframe="0" xtl="0.00" ytl="228.75" xbr="134.58" ybr="335.00" z_order="0">
      <attribute name="Sex">Juvenile</attribute>
      <attribute name="Adipose Clipped">No</attribute>
      <attribute name="Injury">No</attribute>
      <attribute name="Confidence Level">3</attribute>
      <attribute name="Notes">NA</attribute>
    </box>
    <box frame="173" outside="0" occluded="0" keyframe="1" xtl="0.00" ytl="228.75" xbr="131.25" ybr="335.00" z_order="0">
      <attribute name="Sex">Juvenile</attribute>
      <attribute name="Adipose Clipped">No</attribute>
      <attribute name="Injury">No</attribute>
      <attribute name="Confidence Level">3</attribute>
      <attribute name="Notes">NA</attribute>
    </box>
    <box frame="174" outside="0" occluded="0" keyframe="0" xtl="0.00" ytl="228.75" xbr="136.24" ybr="334.24" z_order="0">
      <attribute name="Sex">Juvenile</attribute>
      <attribute name="Adipose Clipped">No</attribute>
      <attribute name="Injury">No</attribute>
      <attribute name="Confidence Level">3</attribute>
      <attribute name="Notes">NA</attribute>
    </box>
    <box frame="175" outside="0" occluded="0" keyframe="0" xtl="0.00" ytl="228.75" xbr="141.23" ybr="333.48" z_order="0">
      <attribute name="Sex">Juvenile</attribute>
      <attribute name="Adipose Clipped">No</attribute>
      <attribute name="Injury">No</attribute>
      <attribute name="Confidence Level">3</attribute>
      <attribute name="Notes">NA</attribute>
    </box>
    <box frame="176" outside="0" occluded="0" keyframe="0" xtl="0.00" ytl="228.75" xbr="146.22" ybr="332.72" z_order="0">
      <attribute name="Sex">Juvenile</attribute>
      <attribute name="Adipose Clipped">No</attribute>
      <attribute name="Injury">No</attribute>
      <attribute name="Confidence Level">3</attribute>
      <attribute name="Notes">NA</attribute>
    </box>
    <box frame="177" outside="0" occluded="0" keyframe="0" xtl="0.00" ytl="228.75" xbr="151.21" ybr="331.96" z_order="0">
      <attribute name="Sex">Juvenile</attribute>
      <attribute name="Adipose Clipped">No</attribute>
      <attribute name="Injury">No</attribute>
      <attribute name="Confidence Level">3</attribute>
      <attribute name="Notes">NA</attribute>
    </box>
    <box frame="178" outside="0" occluded="0" keyframe="1" xtl="0.00" ytl="228.75" xbr="156.20" ybr="331.20" z_order="0">
      <attribute name="Sex">Juvenile</attribute>
      <attribute name="Adipose Clipped">No</attribute>
      <attribute name="Injury">No</attribute>
      <attribute name="Confidence Level">3</attribute>
      <attribute name="Notes">NA</attribute>
    </box>
    <box frame="179" outside="0" occluded="0" keyframe="0" xtl="0.00" ytl="228.75" xbr="162.03" ybr="333.07" z_order="0">
      <attribute name="Sex">Juvenile</attribute>
      <attribute name="Adipose Clipped">No</attribute>
      <attribute name="Injury">No</attribute>
      <attribute name="Confidence Level">3</attribute>
      <attribute name="Notes">NA</attribute>
    </box>
    <box frame="180" outside="0" occluded="0" keyframe="0" xtl="0.00" ytl="228.75" xbr="167.87" ybr="334.93" z_order="0">
      <attribute name="Sex">Juvenile</attribute>
      <attribute name="Adipose Clipped">No</attribute>
      <attribute name="Injury">No</attribute>
      <attribute name="Confidence Level">3</attribute>
      <attribute name="Notes">NA</attribute>
    </box>
    <box frame="181" outside="0" occluded="0" keyframe="0" xtl="0.00" ytl="228.75" xbr="173.70" ybr="336.80" z_order="0">
      <attribute name="Sex">Juvenile</attribute>
      <attribute name="Adipose Clipped">No</attribute>
      <attribute name="Injury">No</attribute>
      <attribute name="Confidence Level">3</attribute>
      <attribute name="Notes">NA</attribute>
    </box>
    <box frame="182" outside="0" occluded="0" keyframe="0" xtl="0.00" ytl="228.75" xbr="179.53" ybr="338.67" z_order="0">
      <attribute name="Sex">Juvenile</attribute>
      <attribute name="Adipose Clipped">No</attribute>
      <attribute name="Injury">No</attribute>
      <attribute name="Confidence Level">3</attribute>
      <attribute name="Notes">NA</attribute>
    </box>
    <box frame="183" outside="0" occluded="0" keyframe="0" xtl="0.00" ytl="228.75" xbr="185.37" ybr="340.53" z_order="0">
      <attribute name="Sex">Juvenile</attribute>
      <attribute name="Adipose Clipped">No</attribute>
      <attribute name="Injury">No</attribute>
      <attribute name="Confidence Level">3</attribute>
      <attribute name="Notes">NA</attribute>
    </box>
    <box frame="184" outside="0" occluded="0" keyframe="1" xtl="0.00" ytl="228.75" xbr="191.20" ybr="342.40" z_order="0">
      <attribute name="Sex">Juvenile</attribute>
      <attribute name="Adipose Clipped">No</attribute>
      <attribute name="Injury">No</attribute>
      <attribute name="Confidence Level">3</attribute>
      <attribute name="Notes">NA</attribute>
    </box>
    <box frame="185" outside="0" occluded="0" keyframe="0" xtl="0.00" ytl="224.38" xbr="199.35" ybr="330.50" z_order="0">
      <attribute name="Sex">Juvenile</attribute>
      <attribute name="Adipose Clipped">No</attribute>
      <attribute name="Injury">No</attribute>
      <attribute name="Confidence Level">3</attribute>
      <attribute name="Notes">NA</attribute>
    </box>
    <box frame="186" outside="0" occluded="0" keyframe="1" xtl="0.00" ytl="220.00" xbr="207.50" ybr="318.60" z_order="0">
      <attribute name="Sex">Juvenile</attribute>
      <attribute name="Adipose Clipped">No</attribute>
      <attribute name="Injury">No</attribute>
      <attribute name="Confidence Level">3</attribute>
      <attribute name="Notes">NA</attribute>
    </box>
    <box frame="187" outside="0" occluded="0" keyframe="0" xtl="0.00" ytl="218.12" xbr="206.04" ybr="316.73" z_order="0">
      <attribute name="Sex">Juvenile</attribute>
      <attribute name="Adipose Clipped">No</attribute>
      <attribute name="Injury">No</attribute>
      <attribute name="Confidence Level">3</attribute>
      <attribute name="Notes">NA</attribute>
    </box>
    <box frame="188" outside="0" occluded="0" keyframe="0" xtl="0.00" ytl="216.25" xbr="204.58" ybr="314.85" z_order="0">
      <attribute name="Sex">Juvenile</attribute>
      <attribute name="Adipose Clipped">No</attribute>
      <attribute name="Injury">No</attribute>
      <attribute name="Confidence Level">3</attribute>
      <attribute name="Notes">NA</attribute>
    </box>
    <box frame="189" outside="0" occluded="0" keyframe="0" xtl="0.00" ytl="214.38" xbr="203.12" ybr="312.98" z_order="0">
      <attribute name="Sex">Juvenile</attribute>
      <attribute name="Adipose Clipped">No</attribute>
      <attribute name="Injury">No</attribute>
      <attribute name="Confidence Level">3</attribute>
      <attribute name="Notes">NA</attribute>
    </box>
    <box frame="190" outside="0" occluded="0" keyframe="0" xtl="0.00" ytl="212.50" xbr="201.67" ybr="311.10" z_order="0">
      <attribute name="Sex">Juvenile</attribute>
      <attribute name="Adipose Clipped">No</attribute>
      <attribute name="Injury">No</attribute>
      <attribute name="Confidence Level">3</attribute>
      <attribute name="Notes">NA</attribute>
    </box>
    <box frame="191" outside="0" occluded="0" keyframe="0" xtl="0.00" ytl="210.62" xbr="200.21" ybr="309.23" z_order="0">
      <attribute name="Sex">Juvenile</attribute>
      <attribute name="Adipose Clipped">No</attribute>
      <attribute name="Injury">No</attribute>
      <attribute name="Confidence Level">3</attribute>
      <attribute name="Notes">NA</attribute>
    </box>
    <box frame="192" outside="0" occluded="0" keyframe="1" xtl="0.00" ytl="208.75" xbr="198.75" ybr="307.35" z_order="0">
      <attribute name="Sex">Juvenile</attribute>
      <attribute name="Adipose Clipped">No</attribute>
      <attribute name="Injury">No</attribute>
      <attribute name="Confidence Level">3</attribute>
      <attribute name="Notes">NA</attribute>
    </box>
    <box frame="193" outside="0" occluded="0" keyframe="0" xtl="0.00" ytl="205.00" xbr="185.42" ybr="303.60" z_order="0">
      <attribute name="Sex">Juvenile</attribute>
      <attribute name="Adipose Clipped">No</attribute>
      <attribute name="Injury">No</attribute>
      <attribute name="Confidence Level">3</attribute>
      <attribute name="Notes">NA</attribute>
    </box>
    <box frame="194" outside="0" occluded="0" keyframe="0" xtl="0.00" ytl="201.25" xbr="172.08" ybr="299.85" z_order="0">
      <attribute name="Sex">Juvenile</attribute>
      <attribute name="Adipose Clipped">No</attribute>
      <attribute name="Injury">No</attribute>
      <attribute name="Confidence Level">3</attribute>
      <attribute name="Notes">NA</attribute>
    </box>
    <box frame="195" outside="0" occluded="0" keyframe="1" xtl="0.00" ytl="197.50" xbr="158.75" ybr="296.10" z_order="0">
      <attribute name="Sex">Juvenile</attribute>
      <attribute name="Adipose Clipped">No</attribute>
      <attribute name="Injury">No</attribute>
      <attribute name="Confidence Level">3</attribute>
      <attribute name="Notes">NA</attribute>
    </box>
    <box frame="196" outside="0" occluded="0" keyframe="0" xtl="0.00" ytl="201.25" xbr="154.06" ybr="299.85" z_order="0">
      <attribute name="Sex">Juvenile</attribute>
      <attribute name="Adipose Clipped">No</attribute>
      <attribute name="Injury">No</attribute>
      <attribute name="Confidence Level">3</attribute>
      <attribute name="Notes">NA</attribute>
    </box>
    <box frame="197" outside="0" occluded="0" keyframe="0" xtl="0.00" ytl="205.00" xbr="149.38" ybr="303.60" z_order="0">
      <attribute name="Sex">Juvenile</attribute>
      <attribute name="Adipose Clipped">No</attribute>
      <attribute name="Injury">No</attribute>
      <attribute name="Confidence Level">3</attribute>
      <attribute name="Notes">NA</attribute>
    </box>
    <box frame="198" outside="0" occluded="0" keyframe="0" xtl="0.00" ytl="208.75" xbr="144.69" ybr="307.35" z_order="0">
      <attribute name="Sex">Juvenile</attribute>
      <attribute name="Adipose Clipped">No</attribute>
      <attribute name="Injury">No</attribute>
      <attribute name="Confidence Level">3</attribute>
      <attribute name="Notes">NA</attribute>
    </box>
    <box frame="199" outside="0" occluded="0" keyframe="1" xtl="0.00" ytl="212.50" xbr="140.00" ybr="311.10" z_order="0">
      <attribute name="Sex">Juvenile</attribute>
      <attribute name="Adipose Clipped">No</attribute>
      <attribute name="Injury">No</attribute>
      <attribute name="Confidence Level">3</attribute>
      <attribute name="Notes">NA</attribute>
    </box>
    <box frame="200" outside="0" occluded="0" keyframe="0" xtl="0.00" ytl="215.42" xbr="122.50" ybr="314.02" z_order="0">
      <attribute name="Sex">Juvenile</attribute>
      <attribute name="Adipose Clipped">No</attribute>
      <attribute name="Injury">No</attribute>
      <attribute name="Confidence Level">3</attribute>
      <attribute name="Notes">NA</attribute>
    </box>
    <box frame="201" outside="0" occluded="0" keyframe="0" xtl="0.00" ytl="218.33" xbr="105.00" ybr="316.93" z_order="0">
      <attribute name="Sex">Juvenile</attribute>
      <attribute name="Adipose Clipped">No</attribute>
      <attribute name="Injury">No</attribute>
      <attribute name="Confidence Level">3</attribute>
      <attribute name="Notes">NA</attribute>
    </box>
    <box frame="202" outside="0" occluded="0" keyframe="1" xtl="0.00" ytl="221.25" xbr="87.50" ybr="319.85" z_order="0">
      <attribute name="Sex">Juvenile</attribute>
      <attribute name="Adipose Clipped">No</attribute>
      <attribute name="Injury">No</attribute>
      <attribute name="Confidence Level">3</attribute>
      <attribute name="Notes">NA</attribute>
    </box>
    <box frame="203" outside="0" occluded="1" keyframe="1" xtl="0.00" ytl="221.25" xbr="76.88" ybr="319.85" z_order="0">
      <attribute name="Sex">Juvenile</attribute>
      <attribute name="Adipose Clipped">No</attribute>
      <attribute name="Injury">No</attribute>
      <attribute name="Confidence Level">3</attribute>
      <attribute name="Notes">NA</attribute>
    </box>
    <box frame="204" outside="0" occluded="1" keyframe="1" xtl="0.00" ytl="221.25" xbr="66.25" ybr="319.85" z_order="0">
      <attribute name="Sex">Juvenile</attribute>
      <attribute name="Adipose Clipped">No</attribute>
      <attribute name="Injury">No</attribute>
      <attribute name="Confidence Level">3</attribute>
      <attribute name="Notes">NA</attribute>
    </box>
    <box frame="205" outside="0" occluded="1" keyframe="0" xtl="0.00" ytl="221.25" xbr="66.25" ybr="319.85" z_order="0">
      <attribute name="Sex">Juvenile</attribute>
      <attribute name="Adipose Clipped">No</attribute>
      <attribute name="Injury">No</attribute>
      <attribute name="Confidence Level">3</attribute>
      <attribute name="Notes">NA</attribute>
    </box>
    <box frame="206" outside="1" occluded="0" keyframe="1" xtl="0.00" ytl="221.25" xbr="66.25" ybr="319.85" z_order="0">
      <attribute name="Sex">Juvenile</attribute>
      <attribute name="Adipose Clipped">No</attribute>
      <attribute name="Injury">No</attribute>
      <attribute name="Confidence Level">3</attribute>
      <attribute name="Notes">NA</attribute>
    </box>
  </track>
</annotations>