<?xml version="1.0" encoding="utf-8"?>
<annotations>
  <version>1.1</version>
  <meta>
    <task>
      <id>144</id>
      <name>Right Bank 2020-07-31_00_48_48_686</name>
      <size>297</size>
      <mode>interpolation</mode>
      <overlap>5</overlap>
      <bugtracker></bugtracker>
      <created>2021-04-09 23:57:30.909958+00:00</created>
      <updated>2021-04-12 19:09:51.001376+00:00</updated>
      <start_frame>0</start_frame>
      <stop_frame>296</stop_frame>
      <frame_filter></frame_filter>
      <labels>
        <label>
          <name>Coho</name>
          <color>#83e070</color>
          <attributes>
            <attribute>
              <name>Injury</name>
              <mutable>False</mutable>
              <input_type>select</input_type>
              <default_value>No</default_value>
              <values>No
Yes
NA</values>
            </attribute>
            <attribute>
              <name>Notes</name>
              <mutable>False</mutable>
              <input_type>text</input_type>
              <default_value>NA</default_value>
              <values>NA</values>
            </attribute>
            <attribute>
              <name>Sex</name>
              <mutable>False</mutable>
              <input_type>select</input_type>
              <default_value>Male</default_value>
              <values>Male
Female
Jack</values>
            </attribute>
            <attribute>
              <name>Adipose Clipped</name>
              <mutable>False</mutable>
              <input_type>select</input_type>
              <default_value>No</default_value>
              <values>No
Yes
NA</values>
            </attribute>
            <attribute>
              <name>Confidence Level</name>
              <mutable>False</mutable>
              <input_type>select</input_type>
              <default_value>3</default_value>
              <values>3
2
1</values>
            </attribute>
          </attributes>
        </label>
        <label>
          <name>Chum</name>
          <color>#b83df5</color>
          <attributes>
            <attribute>
              <name>Adipose Clipped</name>
              <mutable>False</mutable>
              <input_type>select</input_type>
              <default_value>No</default_value>
              <values>No
Yes
NA</values>
            </attribute>
            <attribute>
              <name>Confidence Level</name>
              <mutable>False</mutable>
              <input_type>select</input_type>
              <default_value>3</default_value>
              <values>3
2
1</values>
            </attribute>
            <attribute>
              <name>Injury</name>
              <mutable>False</mutable>
              <input_type>select</input_type>
              <default_value>No</default_value>
              <values>No
Yes
NA</values>
            </attribute>
            <attribute>
              <name>Notes</name>
              <mutable>False</mutable>
              <input_type>text</input_type>
              <default_value>NA</default_value>
              <values>NA</values>
            </attribute>
            <attribute>
              <name>Sex</name>
              <mutable>False</mutable>
              <input_type>select</input_type>
              <default_value>Male</default_value>
              <values>Male
Female</values>
            </attribute>
          </attributes>
        </label>
        <label>
          <name>Whitefish</name>
          <color>#f1f0f5</color>
          <attributes>
            <attribute>
              <name>Injury</name>
              <mutable>False</mutable>
              <input_type>select</input_type>
              <default_value>No</default_value>
              <values>No
Yes
NA</values>
            </attribute>
            <attribute>
              <name>Notes</name>
              <mutable>False</mutable>
              <input_type>text</input_type>
              <default_value>NA</default_value>
              <values>NA</values>
            </attribute>
            <attribute>
              <name>Sex</name>
              <mutable>False</mutable>
              <input_type>select</input_type>
              <default_value>NA</default_value>
              <values>NA</values>
            </attribute>
            <attribute>
              <name>View</name>
              <mutable>False</mutable>
              <input_type>select</input_type>
              <default_value>Top-down</default_value>
              <values>Top-down
Side</values>
            </attribute>
            <attribute>
              <name>Adipose Clipped</name>
              <mutable>False</mutable>
              <input_type>select</input_type>
              <default_value>No</default_value>
              <values>No
Yes
NA</values>
            </attribute>
            <attribute>
              <name>Confidence Level</name>
              <mutable>False</mutable>
              <input_type>select</input_type>
              <default_value>3</default_value>
              <values>3
2
1</values>
            </attribute>
          </attributes>
        </label>
        <label>
          <name>Rainbow</name>
          <color>#fa32b7</color>
          <attributes>
            <attribute>
              <name>Confidence Level</name>
              <mutable>False</mutable>
              <input_type>select</input_type>
              <default_value>3</default_value>
              <values>3
2
1</values>
            </attribute>
            <attribute>
              <name>Injury</name>
              <mutable>False</mutable>
              <input_type>select</input_type>
              <default_value>No</default_value>
              <values>No
Yes
NA</values>
            </attribute>
            <attribute>
              <name>Notes</name>
              <mutable>False</mutable>
              <input_type>text</input_type>
              <default_value>NA</default_value>
              <values>NA</values>
            </attribute>
            <attribute>
              <name>Sex</name>
              <mutable>False</mutable>
              <input_type>select</input_type>
              <default_value>NA</default_value>
              <values>NA
Juvenile</values>
            </attribute>
            <attribute>
              <name>Adipose Clipped</name>
              <mutable>False</mutable>
              <input_type>select</input_type>
              <default_value>No</default_value>
              <values>No
Yes
NA</values>
            </attribute>
            <attribute>
              <name>View</name>
              <mutable>False</mutable>
              <input_type>select</input_type>
              <default_value>Top-down</default_value>
              <values>Top-down
Side</values>
            </attribute>
          </attributes>
        </label>
        <label>
          <name>Bull</name>
          <color>#ff6a4d</color>
          <attributes>
            <attribute>
              <name>Adipose Clipped</name>
              <mutable>False</mutable>
              <input_type>select</input_type>
              <default_value>No</default_value>
              <values>No
NA</values>
            </attribute>
            <attribute>
              <name>Confidence Level</name>
              <mutable>False</mutable>
              <input_type>select</input_type>
              <default_value>3</default_value>
              <values>3
2
1</values>
            </attribute>
            <attribute>
              <name>Injury</name>
              <mutable>False</mutable>
              <input_type>select</input_type>
              <default_value>No</default_value>
              <values>No
Yes
NA</values>
            </attribute>
            <attribute>
              <name>Notes</name>
              <mutable>False</mutable>
              <input_type>text</input_type>
              <default_value>NA</default_value>
              <values>NA</values>
            </attribute>
            <attribute>
              <name>Sex</name>
              <mutable>False</mutable>
              <input_type>select</input_type>
              <default_value>NA</default_value>
              <values>NA
Juvenile</values>
            </attribute>
            <attribute>
              <name>View</name>
              <mutable>False</mutable>
              <input_type>select</input_type>
              <default_value>Top-down</default_value>
              <values>Top-down
Side</values>
            </attribute>
          </attributes>
        </label>
        <label>
          <name>Pink</name>
          <color>#fa7dbb</color>
          <attributes>
            <attribute>
              <name>Notes</name>
              <mutable>False</mutable>
              <input_type>text</input_type>
              <default_value>NA</default_value>
              <values>NA</values>
            </attribute>
            <attribute>
              <name>Sex</name>
              <mutable>False</mutable>
              <input_type>select</input_type>
              <default_value>Male</default_value>
              <values>Male
Female</values>
            </attribute>
            <attribute>
              <name>Adipose Clipped</name>
              <mutable>False</mutable>
              <input_type>select</input_type>
              <default_value>No</default_value>
              <values>No
Yes
NA</values>
            </attribute>
            <attribute>
              <name>Confidence Level</name>
              <mutable>False</mutable>
              <input_type>select</input_type>
              <default_value>3</default_value>
              <values>3
2
1</values>
            </attribute>
            <attribute>
              <name>Injury</name>
              <mutable>False</mutable>
              <input_type>select</input_type>
              <default_value>No</default_value>
              <values>No
Yes
NA</values>
            </attribute>
          </attributes>
        </label>
        <label>
          <name>Steelhead</name>
          <color>#66ff66</color>
          <attributes>
            <attribute>
              <name>Adipose Clipped</name>
              <mutable>False</mutable>
              <input_type>select</input_type>
              <default_value>No</default_value>
              <values>No
Yes
NA</values>
            </attribute>
            <attribute>
              <name>Confidence Level</name>
              <mutable>False</mutable>
              <input_type>select</input_type>
              <default_value>3</default_value>
              <values>3
2
1</values>
            </attribute>
            <attribute>
              <name>Injury</name>
              <mutable>False</mutable>
              <input_type>select</input_type>
              <default_value>No</default_value>
              <values>No
Yes
NA</values>
            </attribute>
            <attribute>
              <name>Notes</name>
              <mutable>False</mutable>
              <input_type>text</input_type>
              <default_value>NA</default_value>
              <values>NA</values>
            </attribute>
            <attribute>
              <name>Sex</name>
              <mutable>False</mutable>
              <input_type>select</input_type>
              <default_value>Male</default_value>
              <values>Male
Female</values>
            </attribute>
          </attributes>
        </label>
        <label>
          <name>Chinook</name>
          <color>#cc3366</color>
          <attributes>
            <attribute>
              <name>Adipose Clipped</name>
              <mutable>False</mutable>
              <input_type>select</input_type>
              <default_value>No</default_value>
              <values>No
Yes
NA</values>
            </attribute>
            <attribute>
              <name>Confidence Level</name>
              <mutable>False</mutable>
              <input_type>select</input_type>
              <default_value>3</default_value>
              <values>3
2
1</values>
            </attribute>
            <attribute>
              <name>Injury</name>
              <mutable>False</mutable>
              <input_type>select</input_type>
              <default_value>No</default_value>
              <values>No
Yes
NA</values>
            </attribute>
            <attribute>
              <name>Notes</name>
              <mutable>False</mutable>
              <input_type>text</input_type>
              <default_value>NA</default_value>
              <values>NA</values>
            </attribute>
            <attribute>
              <name>Sex</name>
              <mutable>False</mutable>
              <input_type>select</input_type>
              <default_value>Male</default_value>
              <values>Male
Female
Jack</values>
            </attribute>
            <attribute>
              <name>View</name>
              <mutable>False</mutable>
              <input_type>select</input_type>
              <default_value>Top-down</default_value>
              <values>Top-down
Side</values>
            </attribute>
          </attributes>
        </label>
        <label>
          <name>Sockeye</name>
          <color>#fa3253</color>
          <attributes>
            <attribute>
              <name>Injury</name>
              <mutable>False</mutable>
              <input_type>select</input_type>
              <default_value>No</default_value>
              <values>No
Yes
NA</values>
            </attribute>
            <attribute>
              <name>Notes</name>
              <mutable>False</mutable>
              <input_type>text</input_type>
              <default_value>NA</default_value>
              <values>NA</values>
            </attribute>
            <attribute>
              <name>Sex</name>
              <mutable>False</mutable>
              <input_type>select</input_type>
              <default_value>Male</default_value>
              <values>Male
Female</values>
            </attribute>
            <attribute>
              <name>View</name>
              <mutable>False</mutable>
              <input_type>select</input_type>
              <default_value>Top-down</default_value>
              <values>Top-down
Side</values>
            </attribute>
            <attribute>
              <name>Adipose Clipped</name>
              <mutable>False</mutable>
              <input_type>select</input_type>
              <default_value>No</default_value>
              <values>No
Yes
NA</values>
            </attribute>
            <attribute>
              <name>Confidence Level</name>
              <mutable>False</mutable>
              <input_type>select</input_type>
              <default_value>3</default_value>
              <values>3
2
1</values>
            </attribute>
          </attributes>
        </label>
      </labels>
      <segments>
        <segment>
          <id>144</id>
          <start>0</start>
          <stop>296</stop>
          <url>httplocalhost:8080/?id=144</url>
        </segment>
      </segments>
      <owner>
        <username>bna19</username>
        <email>bna19@sfu.ca</email>
      </owner>
      <assignee></assignee>
      <original_size>
        <width>1280</width>
        <height>720</height>
      </original_size>
    </task>
    <dumped>2021-04-12 19:10:01.411172+00:00</dumped>
    <source>Right Bank 2020-07-31_00_48_48_686.asf</source>
  </meta>
  <track id="0" label="Whitefish" source="manual">
    <box frame="13" outside="0" occluded="0" keyframe="1" xtl="1188.69" ytl="208.71" xbr="1280.00" ybr="382.08" z_order="0">
      <attribute name="Sex">NA</attribute>
      <attribute name="Adipose Clipped">No</attribute>
      <attribute name="Injury">No</attribute>
      <attribute name="Confidence Level">3</attribute>
      <attribute name="Notes">NA</attribute>
      <attribute name="View">Side</attribute>
    </box>
    <box frame="14" outside="0" occluded="0" keyframe="1" xtl="1158.59" ytl="208.71" xbr="1280.00" ybr="382.08" z_order="0">
      <attribute name="Sex">NA</attribute>
      <attribute name="Adipose Clipped">No</attribute>
      <attribute name="Injury">No</attribute>
      <attribute name="Confidence Level">3</attribute>
      <attribute name="Notes">NA</attribute>
      <attribute name="View">Side</attribute>
    </box>
    <box frame="15" outside="0" occluded="0" keyframe="1" xtl="1129.71" ytl="208.70" xbr="1280.00" ybr="382.08" z_order="0">
      <attribute name="Sex">NA</attribute>
      <attribute name="Adipose Clipped">No</attribute>
      <attribute name="Injury">No</attribute>
      <attribute name="Confidence Level">3</attribute>
      <attribute name="Notes">NA</attribute>
      <attribute name="View">Side</attribute>
    </box>
    <box frame="16" outside="0" occluded="0" keyframe="1" xtl="1101.40" ytl="207.47" xbr="1280.00" ybr="380.86" z_order="0">
      <attribute name="Sex">NA</attribute>
      <attribute name="Adipose Clipped">No</attribute>
      <attribute name="Injury">No</attribute>
      <attribute name="Confidence Level">3</attribute>
      <attribute name="Notes">NA</attribute>
      <attribute name="View">Side</attribute>
    </box>
    <box frame="17" outside="0" occluded="0" keyframe="1" xtl="1065.70" ytl="197.60" xbr="1280.00" ybr="380.86" z_order="0">
      <attribute name="Sex">NA</attribute>
      <attribute name="Adipose Clipped">No</attribute>
      <attribute name="Injury">No</attribute>
      <attribute name="Confidence Level">3</attribute>
      <attribute name="Notes">NA</attribute>
      <attribute name="View">Side</attribute>
    </box>
    <box frame="18" outside="0" occluded="0" keyframe="1" xtl="926.80" ytl="197.60" xbr="1280.00" ybr="380.85" z_order="0">
      <attribute name="Sex">NA</attribute>
      <attribute name="Adipose Clipped">No</attribute>
      <attribute name="Injury">No</attribute>
      <attribute name="Confidence Level">3</attribute>
      <attribute name="Notes">NA</attribute>
      <attribute name="View">Side</attribute>
    </box>
    <box frame="19" outside="0" occluded="0" keyframe="1" xtl="876.40" ytl="197.60" xbr="1280.00" ybr="364.90" z_order="0">
      <attribute name="Sex">NA</attribute>
      <attribute name="Adipose Clipped">No</attribute>
      <attribute name="Injury">No</attribute>
      <attribute name="Confidence Level">3</attribute>
      <attribute name="Notes">NA</attribute>
      <attribute name="View">Side</attribute>
    </box>
    <box frame="20" outside="0" occluded="0" keyframe="0" xtl="867.37" ytl="197.60" xbr="1280.00" ybr="364.90" z_order="0">
      <attribute name="Sex">NA</attribute>
      <attribute name="Adipose Clipped">No</attribute>
      <attribute name="Injury">No</attribute>
      <attribute name="Confidence Level">3</attribute>
      <attribute name="Notes">NA</attribute>
      <attribute name="View">Side</attribute>
    </box>
    <box frame="21" outside="0" occluded="0" keyframe="0" xtl="858.33" ytl="197.60" xbr="1280.00" ybr="364.90" z_order="0">
      <attribute name="Sex">NA</attribute>
      <attribute name="Adipose Clipped">No</attribute>
      <attribute name="Injury">No</attribute>
      <attribute name="Confidence Level">3</attribute>
      <attribute name="Notes">NA</attribute>
      <attribute name="View">Side</attribute>
    </box>
    <box frame="22" outside="0" occluded="0" keyframe="1" xtl="849.30" ytl="197.60" xbr="1280.00" ybr="364.90" z_order="0">
      <attribute name="Sex">NA</attribute>
      <attribute name="Adipose Clipped">No</attribute>
      <attribute name="Injury">No</attribute>
      <attribute name="Confidence Level">3</attribute>
      <attribute name="Notes">NA</attribute>
      <attribute name="View">Side</attribute>
    </box>
    <box frame="23" outside="0" occluded="0" keyframe="0" xtl="847.31" ytl="197.60" xbr="1280.00" ybr="364.90" z_order="0">
      <attribute name="Sex">NA</attribute>
      <attribute name="Adipose Clipped">No</attribute>
      <attribute name="Injury">No</attribute>
      <attribute name="Confidence Level">3</attribute>
      <attribute name="Notes">NA</attribute>
      <attribute name="View">Side</attribute>
    </box>
    <box frame="24" outside="0" occluded="0" keyframe="0" xtl="845.32" ytl="197.60" xbr="1280.00" ybr="364.90" z_order="0">
      <attribute name="Sex">NA</attribute>
      <attribute name="Adipose Clipped">No</attribute>
      <attribute name="Injury">No</attribute>
      <attribute name="Confidence Level">3</attribute>
      <attribute name="Notes">NA</attribute>
      <attribute name="View">Side</attribute>
    </box>
    <box frame="25" outside="0" occluded="0" keyframe="0" xtl="843.33" ytl="197.60" xbr="1280.00" ybr="364.90" z_order="0">
      <attribute name="Sex">NA</attribute>
      <attribute name="Adipose Clipped">No</attribute>
      <attribute name="Injury">No</attribute>
      <attribute name="Confidence Level">3</attribute>
      <attribute name="Notes">NA</attribute>
      <attribute name="View">Side</attribute>
    </box>
    <box frame="26" outside="0" occluded="0" keyframe="0" xtl="841.34" ytl="197.60" xbr="1280.00" ybr="364.90" z_order="0">
      <attribute name="Sex">NA</attribute>
      <attribute name="Adipose Clipped">No</attribute>
      <attribute name="Injury">No</attribute>
      <attribute name="Confidence Level">3</attribute>
      <attribute name="Notes">NA</attribute>
      <attribute name="View">Side</attribute>
    </box>
    <box frame="27" outside="0" occluded="0" keyframe="0" xtl="839.35" ytl="197.60" xbr="1280.00" ybr="364.90" z_order="0">
      <attribute name="Sex">NA</attribute>
      <attribute name="Adipose Clipped">No</attribute>
      <attribute name="Injury">No</attribute>
      <attribute name="Confidence Level">3</attribute>
      <attribute name="Notes">NA</attribute>
      <attribute name="View">Side</attribute>
    </box>
    <box frame="28" outside="0" occluded="0" keyframe="0" xtl="837.36" ytl="197.60" xbr="1280.00" ybr="364.90" z_order="0">
      <attribute name="Sex">NA</attribute>
      <attribute name="Adipose Clipped">No</attribute>
      <attribute name="Injury">No</attribute>
      <attribute name="Confidence Level">3</attribute>
      <attribute name="Notes">NA</attribute>
      <attribute name="View">Side</attribute>
    </box>
    <box frame="29" outside="0" occluded="0" keyframe="0" xtl="835.37" ytl="197.60" xbr="1280.00" ybr="364.90" z_order="0">
      <attribute name="Sex">NA</attribute>
      <attribute name="Adipose Clipped">No</attribute>
      <attribute name="Injury">No</attribute>
      <attribute name="Confidence Level">3</attribute>
      <attribute name="Notes">NA</attribute>
      <attribute name="View">Side</attribute>
    </box>
    <box frame="30" outside="0" occluded="0" keyframe="0" xtl="833.38" ytl="197.60" xbr="1280.00" ybr="364.90" z_order="0">
      <attribute name="Sex">NA</attribute>
      <attribute name="Adipose Clipped">No</attribute>
      <attribute name="Injury">No</attribute>
      <attribute name="Confidence Level">3</attribute>
      <attribute name="Notes">NA</attribute>
      <attribute name="View">Side</attribute>
    </box>
    <box frame="31" outside="0" occluded="0" keyframe="0" xtl="831.39" ytl="197.60" xbr="1280.00" ybr="364.90" z_order="0">
      <attribute name="Sex">NA</attribute>
      <attribute name="Adipose Clipped">No</attribute>
      <attribute name="Injury">No</attribute>
      <attribute name="Confidence Level">3</attribute>
      <attribute name="Notes">NA</attribute>
      <attribute name="View">Side</attribute>
    </box>
    <box frame="32" outside="0" occluded="0" keyframe="0" xtl="829.40" ytl="197.60" xbr="1280.00" ybr="364.90" z_order="0">
      <attribute name="Sex">NA</attribute>
      <attribute name="Adipose Clipped">No</attribute>
      <attribute name="Injury">No</attribute>
      <attribute name="Confidence Level">3</attribute>
      <attribute name="Notes">NA</attribute>
      <attribute name="View">Side</attribute>
    </box>
    <box frame="33" outside="0" occluded="0" keyframe="0" xtl="827.40" ytl="197.60" xbr="1280.00" ybr="364.90" z_order="0">
      <attribute name="Sex">NA</attribute>
      <attribute name="Adipose Clipped">No</attribute>
      <attribute name="Injury">No</attribute>
      <attribute name="Confidence Level">3</attribute>
      <attribute name="Notes">NA</attribute>
      <attribute name="View">Side</attribute>
    </box>
    <box frame="34" outside="0" occluded="0" keyframe="0" xtl="825.41" ytl="197.60" xbr="1280.00" ybr="364.90" z_order="0">
      <attribute name="Sex">NA</attribute>
      <attribute name="Adipose Clipped">No</attribute>
      <attribute name="Injury">No</attribute>
      <attribute name="Confidence Level">3</attribute>
      <attribute name="Notes">NA</attribute>
      <attribute name="View">Side</attribute>
    </box>
    <box frame="35" outside="0" occluded="0" keyframe="0" xtl="823.42" ytl="197.60" xbr="1280.00" ybr="364.90" z_order="0">
      <attribute name="Sex">NA</attribute>
      <attribute name="Adipose Clipped">No</attribute>
      <attribute name="Injury">No</attribute>
      <attribute name="Confidence Level">3</attribute>
      <attribute name="Notes">NA</attribute>
      <attribute name="View">Side</attribute>
    </box>
    <box frame="36" outside="0" occluded="0" keyframe="0" xtl="821.43" ytl="197.60" xbr="1280.00" ybr="364.90" z_order="0">
      <attribute name="Sex">NA</attribute>
      <attribute name="Adipose Clipped">No</attribute>
      <attribute name="Injury">No</attribute>
      <attribute name="Confidence Level">3</attribute>
      <attribute name="Notes">NA</attribute>
      <attribute name="View">Side</attribute>
    </box>
    <box frame="37" outside="0" occluded="0" keyframe="0" xtl="819.44" ytl="197.60" xbr="1280.00" ybr="364.90" z_order="0">
      <attribute name="Sex">NA</attribute>
      <attribute name="Adipose Clipped">No</attribute>
      <attribute name="Injury">No</attribute>
      <attribute name="Confidence Level">3</attribute>
      <attribute name="Notes">NA</attribute>
      <attribute name="View">Side</attribute>
    </box>
    <box frame="38" outside="0" occluded="0" keyframe="0" xtl="817.45" ytl="197.60" xbr="1280.00" ybr="364.90" z_order="0">
      <attribute name="Sex">NA</attribute>
      <attribute name="Adipose Clipped">No</attribute>
      <attribute name="Injury">No</attribute>
      <attribute name="Confidence Level">3</attribute>
      <attribute name="Notes">NA</attribute>
      <attribute name="View">Side</attribute>
    </box>
    <box frame="39" outside="0" occluded="0" keyframe="0" xtl="815.46" ytl="197.60" xbr="1280.00" ybr="364.90" z_order="0">
      <attribute name="Sex">NA</attribute>
      <attribute name="Adipose Clipped">No</attribute>
      <attribute name="Injury">No</attribute>
      <attribute name="Confidence Level">3</attribute>
      <attribute name="Notes">NA</attribute>
      <attribute name="View">Side</attribute>
    </box>
    <box frame="40" outside="0" occluded="0" keyframe="0" xtl="813.47" ytl="197.60" xbr="1280.00" ybr="364.90" z_order="0">
      <attribute name="Sex">NA</attribute>
      <attribute name="Adipose Clipped">No</attribute>
      <attribute name="Injury">No</attribute>
      <attribute name="Confidence Level">3</attribute>
      <attribute name="Notes">NA</attribute>
      <attribute name="View">Side</attribute>
    </box>
    <box frame="41" outside="0" occluded="0" keyframe="0" xtl="811.48" ytl="197.60" xbr="1280.00" ybr="364.90" z_order="0">
      <attribute name="Sex">NA</attribute>
      <attribute name="Adipose Clipped">No</attribute>
      <attribute name="Injury">No</attribute>
      <attribute name="Confidence Level">3</attribute>
      <attribute name="Notes">NA</attribute>
      <attribute name="View">Side</attribute>
    </box>
    <box frame="42" outside="0" occluded="0" keyframe="0" xtl="809.49" ytl="197.60" xbr="1280.00" ybr="364.90" z_order="0">
      <attribute name="Sex">NA</attribute>
      <attribute name="Adipose Clipped">No</attribute>
      <attribute name="Injury">No</attribute>
      <attribute name="Confidence Level">3</attribute>
      <attribute name="Notes">NA</attribute>
      <attribute name="View">Side</attribute>
    </box>
    <box frame="43" outside="0" occluded="0" keyframe="1" xtl="807.50" ytl="197.60" xbr="1280.00" ybr="364.90" z_order="0">
      <attribute name="Sex">NA</attribute>
      <attribute name="Adipose Clipped">No</attribute>
      <attribute name="Injury">No</attribute>
      <attribute name="Confidence Level">3</attribute>
      <attribute name="Notes">NA</attribute>
      <attribute name="View">Side</attribute>
    </box>
    <box frame="44" outside="0" occluded="0" keyframe="0" xtl="805.79" ytl="197.69" xbr="1279.47" ybr="364.99" z_order="0">
      <attribute name="Sex">NA</attribute>
      <attribute name="Adipose Clipped">No</attribute>
      <attribute name="Injury">No</attribute>
      <attribute name="Confidence Level">3</attribute>
      <attribute name="Notes">NA</attribute>
      <attribute name="View">Side</attribute>
    </box>
    <box frame="45" outside="0" occluded="0" keyframe="0" xtl="804.07" ytl="197.78" xbr="1278.95" ybr="365.08" z_order="0">
      <attribute name="Sex">NA</attribute>
      <attribute name="Adipose Clipped">No</attribute>
      <attribute name="Injury">No</attribute>
      <attribute name="Confidence Level">3</attribute>
      <attribute name="Notes">NA</attribute>
      <attribute name="View">Side</attribute>
    </box>
    <box frame="46" outside="0" occluded="0" keyframe="0" xtl="802.36" ytl="197.86" xbr="1278.42" ybr="365.16" z_order="0">
      <attribute name="Sex">NA</attribute>
      <attribute name="Adipose Clipped">No</attribute>
      <attribute name="Injury">No</attribute>
      <attribute name="Confidence Level">3</attribute>
      <attribute name="Notes">NA</attribute>
      <attribute name="View">Side</attribute>
    </box>
    <box frame="47" outside="0" occluded="0" keyframe="0" xtl="800.64" ytl="197.95" xbr="1277.89" ybr="365.25" z_order="0">
      <attribute name="Sex">NA</attribute>
      <attribute name="Adipose Clipped">No</attribute>
      <attribute name="Injury">No</attribute>
      <attribute name="Confidence Level">3</attribute>
      <attribute name="Notes">NA</attribute>
      <attribute name="View">Side</attribute>
    </box>
    <box frame="48" outside="0" occluded="0" keyframe="0" xtl="798.93" ytl="198.04" xbr="1277.37" ybr="365.34" z_order="0">
      <attribute name="Sex">NA</attribute>
      <attribute name="Adipose Clipped">No</attribute>
      <attribute name="Injury">No</attribute>
      <attribute name="Confidence Level">3</attribute>
      <attribute name="Notes">NA</attribute>
      <attribute name="View">Side</attribute>
    </box>
    <box frame="49" outside="0" occluded="0" keyframe="0" xtl="797.21" ytl="198.13" xbr="1276.84" ybr="365.43" z_order="0">
      <attribute name="Sex">NA</attribute>
      <attribute name="Adipose Clipped">No</attribute>
      <attribute name="Injury">No</attribute>
      <attribute name="Confidence Level">3</attribute>
      <attribute name="Notes">NA</attribute>
      <attribute name="View">Side</attribute>
    </box>
    <box frame="50" outside="0" occluded="0" keyframe="0" xtl="795.50" ytl="198.21" xbr="1276.31" ybr="365.51" z_order="0">
      <attribute name="Sex">NA</attribute>
      <attribute name="Adipose Clipped">No</attribute>
      <attribute name="Injury">No</attribute>
      <attribute name="Confidence Level">3</attribute>
      <attribute name="Notes">NA</attribute>
      <attribute name="View">Side</attribute>
    </box>
    <box frame="51" outside="0" occluded="0" keyframe="0" xtl="793.79" ytl="198.30" xbr="1275.78" ybr="365.60" z_order="0">
      <attribute name="Sex">NA</attribute>
      <attribute name="Adipose Clipped">No</attribute>
      <attribute name="Injury">No</attribute>
      <attribute name="Confidence Level">3</attribute>
      <attribute name="Notes">NA</attribute>
      <attribute name="View">Side</attribute>
    </box>
    <box frame="52" outside="0" occluded="0" keyframe="0" xtl="792.07" ytl="198.39" xbr="1275.26" ybr="365.69" z_order="0">
      <attribute name="Sex">NA</attribute>
      <attribute name="Adipose Clipped">No</attribute>
      <attribute name="Injury">No</attribute>
      <attribute name="Confidence Level">3</attribute>
      <attribute name="Notes">NA</attribute>
      <attribute name="View">Side</attribute>
    </box>
    <box frame="53" outside="0" occluded="0" keyframe="0" xtl="790.36" ytl="198.48" xbr="1274.73" ybr="365.78" z_order="0">
      <attribute name="Sex">NA</attribute>
      <attribute name="Adipose Clipped">No</attribute>
      <attribute name="Injury">No</attribute>
      <attribute name="Confidence Level">3</attribute>
      <attribute name="Notes">NA</attribute>
      <attribute name="View">Side</attribute>
    </box>
    <box frame="54" outside="0" occluded="0" keyframe="0" xtl="788.64" ytl="198.57" xbr="1274.20" ybr="365.87" z_order="0">
      <attribute name="Sex">NA</attribute>
      <attribute name="Adipose Clipped">No</attribute>
      <attribute name="Injury">No</attribute>
      <attribute name="Confidence Level">3</attribute>
      <attribute name="Notes">NA</attribute>
      <attribute name="View">Side</attribute>
    </box>
    <box frame="55" outside="0" occluded="0" keyframe="0" xtl="786.93" ytl="198.65" xbr="1273.68" ybr="365.95" z_order="0">
      <attribute name="Sex">NA</attribute>
      <attribute name="Adipose Clipped">No</attribute>
      <attribute name="Injury">No</attribute>
      <attribute name="Confidence Level">3</attribute>
      <attribute name="Notes">NA</attribute>
      <attribute name="View">Side</attribute>
    </box>
    <box frame="56" outside="0" occluded="0" keyframe="0" xtl="785.21" ytl="198.74" xbr="1273.15" ybr="366.04" z_order="0">
      <attribute name="Sex">NA</attribute>
      <attribute name="Adipose Clipped">No</attribute>
      <attribute name="Injury">No</attribute>
      <attribute name="Confidence Level">3</attribute>
      <attribute name="Notes">NA</attribute>
      <attribute name="View">Side</attribute>
    </box>
    <box frame="57" outside="0" occluded="0" keyframe="0" xtl="783.50" ytl="198.83" xbr="1272.62" ybr="366.13" z_order="0">
      <attribute name="Sex">NA</attribute>
      <attribute name="Adipose Clipped">No</attribute>
      <attribute name="Injury">No</attribute>
      <attribute name="Confidence Level">3</attribute>
      <attribute name="Notes">NA</attribute>
      <attribute name="View">Side</attribute>
    </box>
    <box frame="58" outside="0" occluded="0" keyframe="0" xtl="781.79" ytl="198.92" xbr="1272.10" ybr="366.22" z_order="0">
      <attribute name="Sex">NA</attribute>
      <attribute name="Adipose Clipped">No</attribute>
      <attribute name="Injury">No</attribute>
      <attribute name="Confidence Level">3</attribute>
      <attribute name="Notes">NA</attribute>
      <attribute name="View">Side</attribute>
    </box>
    <box frame="59" outside="0" occluded="0" keyframe="0" xtl="780.07" ytl="199.00" xbr="1271.57" ybr="366.31" z_order="0">
      <attribute name="Sex">NA</attribute>
      <attribute name="Adipose Clipped">No</attribute>
      <attribute name="Injury">No</attribute>
      <attribute name="Confidence Level">3</attribute>
      <attribute name="Notes">NA</attribute>
      <attribute name="View">Side</attribute>
    </box>
    <box frame="60" outside="0" occluded="0" keyframe="0" xtl="778.36" ytl="199.09" xbr="1271.04" ybr="366.39" z_order="0">
      <attribute name="Sex">NA</attribute>
      <attribute name="Adipose Clipped">No</attribute>
      <attribute name="Injury">No</attribute>
      <attribute name="Confidence Level">3</attribute>
      <attribute name="Notes">NA</attribute>
      <attribute name="View">Side</attribute>
    </box>
    <box frame="61" outside="0" occluded="0" keyframe="0" xtl="776.64" ytl="199.18" xbr="1270.51" ybr="366.48" z_order="0">
      <attribute name="Sex">NA</attribute>
      <attribute name="Adipose Clipped">No</attribute>
      <attribute name="Injury">No</attribute>
      <attribute name="Confidence Level">3</attribute>
      <attribute name="Notes">NA</attribute>
      <attribute name="View">Side</attribute>
    </box>
    <box frame="62" outside="0" occluded="0" keyframe="0" xtl="774.93" ytl="199.27" xbr="1269.99" ybr="366.57" z_order="0">
      <attribute name="Sex">NA</attribute>
      <attribute name="Adipose Clipped">No</attribute>
      <attribute name="Injury">No</attribute>
      <attribute name="Confidence Level">3</attribute>
      <attribute name="Notes">NA</attribute>
      <attribute name="View">Side</attribute>
    </box>
    <box frame="63" outside="0" occluded="0" keyframe="0" xtl="773.21" ytl="199.36" xbr="1269.46" ybr="366.66" z_order="0">
      <attribute name="Sex">NA</attribute>
      <attribute name="Adipose Clipped">No</attribute>
      <attribute name="Injury">No</attribute>
      <attribute name="Confidence Level">3</attribute>
      <attribute name="Notes">NA</attribute>
      <attribute name="View">Side</attribute>
    </box>
    <box frame="64" outside="0" occluded="0" keyframe="0" xtl="771.50" ytl="199.44" xbr="1268.93" ybr="366.74" z_order="0">
      <attribute name="Sex">NA</attribute>
      <attribute name="Adipose Clipped">No</attribute>
      <attribute name="Injury">No</attribute>
      <attribute name="Confidence Level">3</attribute>
      <attribute name="Notes">NA</attribute>
      <attribute name="View">Side</attribute>
    </box>
    <box frame="65" outside="0" occluded="0" keyframe="0" xtl="769.79" ytl="199.53" xbr="1268.41" ybr="366.83" z_order="0">
      <attribute name="Sex">NA</attribute>
      <attribute name="Adipose Clipped">No</attribute>
      <attribute name="Injury">No</attribute>
      <attribute name="Confidence Level">3</attribute>
      <attribute name="Notes">NA</attribute>
      <attribute name="View">Side</attribute>
    </box>
    <box frame="66" outside="0" occluded="0" keyframe="0" xtl="768.07" ytl="199.62" xbr="1267.88" ybr="366.92" z_order="0">
      <attribute name="Sex">NA</attribute>
      <attribute name="Adipose Clipped">No</attribute>
      <attribute name="Injury">No</attribute>
      <attribute name="Confidence Level">3</attribute>
      <attribute name="Notes">NA</attribute>
      <attribute name="View">Side</attribute>
    </box>
    <box frame="67" outside="0" occluded="0" keyframe="0" xtl="766.36" ytl="199.71" xbr="1267.35" ybr="367.01" z_order="0">
      <attribute name="Sex">NA</attribute>
      <attribute name="Adipose Clipped">No</attribute>
      <attribute name="Injury">No</attribute>
      <attribute name="Confidence Level">3</attribute>
      <attribute name="Notes">NA</attribute>
      <attribute name="View">Side</attribute>
    </box>
    <box frame="68" outside="0" occluded="0" keyframe="0" xtl="764.64" ytl="199.80" xbr="1266.83" ybr="367.10" z_order="0">
      <attribute name="Sex">NA</attribute>
      <attribute name="Adipose Clipped">No</attribute>
      <attribute name="Injury">No</attribute>
      <attribute name="Confidence Level">3</attribute>
      <attribute name="Notes">NA</attribute>
      <attribute name="View">Side</attribute>
    </box>
    <box frame="69" outside="0" occluded="0" keyframe="0" xtl="762.93" ytl="199.88" xbr="1266.30" ybr="367.18" z_order="0">
      <attribute name="Sex">NA</attribute>
      <attribute name="Adipose Clipped">No</attribute>
      <attribute name="Injury">No</attribute>
      <attribute name="Confidence Level">3</attribute>
      <attribute name="Notes">NA</attribute>
      <attribute name="View">Side</attribute>
    </box>
    <box frame="70" outside="0" occluded="0" keyframe="0" xtl="761.21" ytl="199.97" xbr="1265.77" ybr="367.27" z_order="0">
      <attribute name="Sex">NA</attribute>
      <attribute name="Adipose Clipped">No</attribute>
      <attribute name="Injury">No</attribute>
      <attribute name="Confidence Level">3</attribute>
      <attribute name="Notes">NA</attribute>
      <attribute name="View">Side</attribute>
    </box>
    <box frame="71" outside="0" occluded="0" keyframe="1" xtl="759.50" ytl="200.06" xbr="1265.24" ybr="367.36" z_order="0">
      <attribute name="Sex">NA</attribute>
      <attribute name="Adipose Clipped">No</attribute>
      <attribute name="Injury">No</attribute>
      <attribute name="Confidence Level">3</attribute>
      <attribute name="Notes">NA</attribute>
      <attribute name="View">Side</attribute>
    </box>
    <box frame="72" outside="0" occluded="0" keyframe="0" xtl="742.90" ytl="203.75" xbr="1248.65" ybr="371.05" z_order="0">
      <attribute name="Sex">NA</attribute>
      <attribute name="Adipose Clipped">No</attribute>
      <attribute name="Injury">No</attribute>
      <attribute name="Confidence Level">3</attribute>
      <attribute name="Notes">NA</attribute>
      <attribute name="View">Side</attribute>
    </box>
    <box frame="73" outside="0" occluded="0" keyframe="1" xtl="726.30" ytl="207.44" xbr="1232.05" ybr="374.74" z_order="0">
      <attribute name="Sex">NA</attribute>
      <attribute name="Adipose Clipped">No</attribute>
      <attribute name="Injury">No</attribute>
      <attribute name="Confidence Level">3</attribute>
      <attribute name="Notes">NA</attribute>
      <attribute name="View">Side</attribute>
    </box>
    <box frame="74" outside="0" occluded="0" keyframe="0" xtl="720.97" ytl="211.52" xbr="1211.56" ybr="375.56" z_order="0">
      <attribute name="Sex">NA</attribute>
      <attribute name="Adipose Clipped">No</attribute>
      <attribute name="Injury">No</attribute>
      <attribute name="Confidence Level">3</attribute>
      <attribute name="Notes">NA</attribute>
      <attribute name="View">Side</attribute>
    </box>
    <box frame="75" outside="0" occluded="0" keyframe="0" xtl="715.65" ytl="215.61" xbr="1191.08" ybr="376.38" z_order="0">
      <attribute name="Sex">NA</attribute>
      <attribute name="Adipose Clipped">No</attribute>
      <attribute name="Injury">No</attribute>
      <attribute name="Confidence Level">3</attribute>
      <attribute name="Notes">NA</attribute>
      <attribute name="View">Side</attribute>
    </box>
    <box frame="76" outside="0" occluded="0" keyframe="1" xtl="710.32" ytl="219.70" xbr="1170.60" ybr="377.20" z_order="0">
      <attribute name="Sex">NA</attribute>
      <attribute name="Adipose Clipped">No</attribute>
      <attribute name="Injury">No</attribute>
      <attribute name="Confidence Level">3</attribute>
      <attribute name="Notes">NA</attribute>
      <attribute name="View">Side</attribute>
    </box>
    <box frame="77" outside="0" occluded="0" keyframe="0" xtl="679.58" ytl="227.70" xbr="1139.86" ybr="377.20" z_order="0">
      <attribute name="Sex">NA</attribute>
      <attribute name="Adipose Clipped">No</attribute>
      <attribute name="Injury">No</attribute>
      <attribute name="Confidence Level">3</attribute>
      <attribute name="Notes">NA</attribute>
      <attribute name="View">Side</attribute>
    </box>
    <box frame="78" outside="0" occluded="0" keyframe="1" xtl="648.84" ytl="235.70" xbr="1109.12" ybr="377.20" z_order="0">
      <attribute name="Sex">NA</attribute>
      <attribute name="Adipose Clipped">No</attribute>
      <attribute name="Injury">No</attribute>
      <attribute name="Confidence Level">3</attribute>
      <attribute name="Notes">NA</attribute>
      <attribute name="View">Side</attribute>
    </box>
    <box frame="79" outside="0" occluded="0" keyframe="0" xtl="613.79" ytl="243.70" xbr="1074.08" ybr="377.20" z_order="0">
      <attribute name="Sex">NA</attribute>
      <attribute name="Adipose Clipped">No</attribute>
      <attribute name="Injury">No</attribute>
      <attribute name="Confidence Level">3</attribute>
      <attribute name="Notes">NA</attribute>
      <attribute name="View">Side</attribute>
    </box>
    <box frame="80" outside="0" occluded="0" keyframe="1" xtl="578.75" ytl="251.70" xbr="1039.03" ybr="377.20" z_order="0">
      <attribute name="Sex">NA</attribute>
      <attribute name="Adipose Clipped">No</attribute>
      <attribute name="Injury">No</attribute>
      <attribute name="Confidence Level">3</attribute>
      <attribute name="Notes">NA</attribute>
      <attribute name="View">Side</attribute>
    </box>
    <box frame="81" outside="0" occluded="0" keyframe="0" xtl="555.39" ytl="251.70" xbr="1015.67" ybr="377.20" z_order="0">
      <attribute name="Sex">NA</attribute>
      <attribute name="Adipose Clipped">No</attribute>
      <attribute name="Injury">No</attribute>
      <attribute name="Confidence Level">3</attribute>
      <attribute name="Notes">NA</attribute>
      <attribute name="View">Side</attribute>
    </box>
    <box frame="82" outside="0" occluded="0" keyframe="1" xtl="532.03" ytl="251.70" xbr="992.31" ybr="377.20" z_order="0">
      <attribute name="Sex">NA</attribute>
      <attribute name="Adipose Clipped">No</attribute>
      <attribute name="Injury">No</attribute>
      <attribute name="Confidence Level">3</attribute>
      <attribute name="Notes">NA</attribute>
      <attribute name="View">Side</attribute>
    </box>
    <box frame="83" outside="0" occluded="0" keyframe="1" xtl="473.01" ytl="251.70" xbr="933.29" ybr="377.20" z_order="0">
      <attribute name="Sex">NA</attribute>
      <attribute name="Adipose Clipped">No</attribute>
      <attribute name="Injury">No</attribute>
      <attribute name="Confidence Level">3</attribute>
      <attribute name="Notes">NA</attribute>
      <attribute name="View">Side</attribute>
    </box>
    <box frame="84" outside="0" occluded="0" keyframe="1" xtl="439.81" ytl="251.70" xbr="900.09" ybr="377.20" z_order="0">
      <attribute name="Sex">NA</attribute>
      <attribute name="Adipose Clipped">No</attribute>
      <attribute name="Injury">No</attribute>
      <attribute name="Confidence Level">3</attribute>
      <attribute name="Notes">NA</attribute>
      <attribute name="View">Side</attribute>
    </box>
    <box frame="85" outside="0" occluded="0" keyframe="0" xtl="439.81" ytl="246.80" xbr="877.95" ybr="377.20" z_order="0">
      <attribute name="Sex">NA</attribute>
      <attribute name="Adipose Clipped">No</attribute>
      <attribute name="Injury">No</attribute>
      <attribute name="Confidence Level">3</attribute>
      <attribute name="Notes">NA</attribute>
      <attribute name="View">Side</attribute>
    </box>
    <box frame="86" outside="0" occluded="0" keyframe="1" xtl="439.81" ytl="241.90" xbr="855.80" ybr="377.20" z_order="0">
      <attribute name="Sex">NA</attribute>
      <attribute name="Adipose Clipped">No</attribute>
      <attribute name="Injury">No</attribute>
      <attribute name="Confidence Level">3</attribute>
      <attribute name="Notes">NA</attribute>
      <attribute name="View">Side</attribute>
    </box>
    <box frame="87" outside="0" occluded="0" keyframe="1" xtl="412.76" ytl="241.90" xbr="828.75" ybr="377.20" z_order="0">
      <attribute name="Sex">NA</attribute>
      <attribute name="Adipose Clipped">No</attribute>
      <attribute name="Injury">No</attribute>
      <attribute name="Confidence Level">3</attribute>
      <attribute name="Notes">NA</attribute>
      <attribute name="View">Side</attribute>
    </box>
    <box frame="88" outside="0" occluded="0" keyframe="1" xtl="372.18" ytl="228.40" xbr="789.40" ybr="377.20" z_order="0">
      <attribute name="Sex">NA</attribute>
      <attribute name="Adipose Clipped">No</attribute>
      <attribute name="Injury">No</attribute>
      <attribute name="Confidence Level">3</attribute>
      <attribute name="Notes">NA</attribute>
      <attribute name="View">Side</attribute>
    </box>
    <box frame="89" outside="0" occluded="0" keyframe="1" xtl="338.98" ytl="228.40" xbr="756.20" ybr="377.20" z_order="0">
      <attribute name="Sex">NA</attribute>
      <attribute name="Adipose Clipped">No</attribute>
      <attribute name="Injury">No</attribute>
      <attribute name="Confidence Level">3</attribute>
      <attribute name="Notes">NA</attribute>
      <attribute name="View">Side</attribute>
    </box>
    <box frame="90" outside="0" occluded="0" keyframe="0" xtl="327.30" ytl="224.71" xbr="744.52" ybr="373.51" z_order="0">
      <attribute name="Sex">NA</attribute>
      <attribute name="Adipose Clipped">No</attribute>
      <attribute name="Injury">No</attribute>
      <attribute name="Confidence Level">3</attribute>
      <attribute name="Notes">NA</attribute>
      <attribute name="View">Side</attribute>
    </box>
    <box frame="91" outside="0" occluded="0" keyframe="1" xtl="315.62" ytl="221.02" xbr="732.84" ybr="369.82" z_order="0">
      <attribute name="Sex">NA</attribute>
      <attribute name="Adipose Clipped">No</attribute>
      <attribute name="Injury">No</attribute>
      <attribute name="Confidence Level">3</attribute>
      <attribute name="Notes">NA</attribute>
      <attribute name="View">Side</attribute>
    </box>
    <box frame="92" outside="0" occluded="0" keyframe="1" xtl="293.49" ytl="221.02" xbr="710.71" ybr="369.82" z_order="0">
      <attribute name="Sex">NA</attribute>
      <attribute name="Adipose Clipped">No</attribute>
      <attribute name="Injury">No</attribute>
      <attribute name="Confidence Level">3</attribute>
      <attribute name="Notes">NA</attribute>
      <attribute name="View">Side</attribute>
    </box>
    <box frame="93" outside="0" occluded="0" keyframe="1" xtl="234.50" ytl="221.02" xbr="667.67" ybr="369.82" z_order="0">
      <attribute name="Sex">NA</attribute>
      <attribute name="Adipose Clipped">No</attribute>
      <attribute name="Injury">No</attribute>
      <attribute name="Confidence Level">3</attribute>
      <attribute name="Notes">NA</attribute>
      <attribute name="View">Side</attribute>
    </box>
    <box frame="94" outside="0" occluded="0" keyframe="1" xtl="207.45" ytl="222.25" xbr="640.62" ybr="371.05" z_order="0">
      <attribute name="Sex">NA</attribute>
      <attribute name="Adipose Clipped">No</attribute>
      <attribute name="Injury">No</attribute>
      <attribute name="Confidence Level">3</attribute>
      <attribute name="Notes">NA</attribute>
      <attribute name="View">Side</attribute>
    </box>
    <box frame="95" outside="0" occluded="0" keyframe="1" xtl="185.32" ytl="222.25" xbr="618.49" ybr="371.05" z_order="0">
      <attribute name="Sex">NA</attribute>
      <attribute name="Adipose Clipped">No</attribute>
      <attribute name="Injury">No</attribute>
      <attribute name="Confidence Level">3</attribute>
      <attribute name="Notes">NA</attribute>
      <attribute name="View">Side</attribute>
    </box>
    <box frame="96" outside="0" occluded="0" keyframe="1" xtl="185.32" ytl="222.30" xbr="570.50" ybr="371.05" z_order="0">
      <attribute name="Sex">NA</attribute>
      <attribute name="Adipose Clipped">No</attribute>
      <attribute name="Injury">No</attribute>
      <attribute name="Confidence Level">3</attribute>
      <attribute name="Notes">NA</attribute>
      <attribute name="View">Side</attribute>
    </box>
    <box frame="97" outside="0" occluded="0" keyframe="1" xtl="154.58" ytl="222.30" xbr="539.76" ybr="371.05" z_order="0">
      <attribute name="Sex">NA</attribute>
      <attribute name="Adipose Clipped">No</attribute>
      <attribute name="Injury">No</attribute>
      <attribute name="Confidence Level">3</attribute>
      <attribute name="Notes">NA</attribute>
      <attribute name="View">Side</attribute>
    </box>
    <box frame="98" outside="0" occluded="0" keyframe="1" xtl="84.49" ytl="222.30" xbr="469.67" ybr="371.05" z_order="0">
      <attribute name="Sex">NA</attribute>
      <attribute name="Adipose Clipped">No</attribute>
      <attribute name="Injury">No</attribute>
      <attribute name="Confidence Level">3</attribute>
      <attribute name="Notes">NA</attribute>
      <attribute name="View">Side</attribute>
    </box>
    <box frame="99" outside="0" occluded="0" keyframe="0" xtl="74.65" ytl="222.30" xbr="459.84" ybr="371.05" z_order="0">
      <attribute name="Sex">NA</attribute>
      <attribute name="Adipose Clipped">No</attribute>
      <attribute name="Injury">No</attribute>
      <attribute name="Confidence Level">3</attribute>
      <attribute name="Notes">NA</attribute>
      <attribute name="View">Side</attribute>
    </box>
    <box frame="100" outside="0" occluded="0" keyframe="1" xtl="64.82" ytl="222.30" xbr="450.00" ybr="371.05" z_order="0">
      <attribute name="Sex">NA</attribute>
      <attribute name="Adipose Clipped">No</attribute>
      <attribute name="Injury">No</attribute>
      <attribute name="Confidence Level">3</attribute>
      <attribute name="Notes">NA</attribute>
      <attribute name="View">Side</attribute>
    </box>
    <box frame="101" outside="0" occluded="0" keyframe="0" xtl="37.77" ytl="222.30" xbr="422.95" ybr="371.05" z_order="0">
      <attribute name="Sex">NA</attribute>
      <attribute name="Adipose Clipped">No</attribute>
      <attribute name="Injury">No</attribute>
      <attribute name="Confidence Level">3</attribute>
      <attribute name="Notes">NA</attribute>
      <attribute name="View">Side</attribute>
    </box>
    <box frame="102" outside="0" occluded="0" keyframe="1" xtl="10.72" ytl="222.30" xbr="395.90" ybr="371.05" z_order="0">
      <attribute name="Sex">NA</attribute>
      <attribute name="Adipose Clipped">No</attribute>
      <attribute name="Injury">No</attribute>
      <attribute name="Confidence Level">3</attribute>
      <attribute name="Notes">NA</attribute>
      <attribute name="View">Side</attribute>
    </box>
    <box frame="103" outside="0" occluded="0" keyframe="1" xtl="0.00" ytl="222.30" xbr="345.49" ybr="371.05" z_order="0">
      <attribute name="Sex">NA</attribute>
      <attribute name="Adipose Clipped">No</attribute>
      <attribute name="Injury">No</attribute>
      <attribute name="Confidence Level">3</attribute>
      <attribute name="Notes">NA</attribute>
      <attribute name="View">Side</attribute>
    </box>
    <box frame="104" outside="0" occluded="0" keyframe="1" xtl="0.00" ytl="228.45" xbr="318.44" ybr="377.20" z_order="0">
      <attribute name="Sex">NA</attribute>
      <attribute name="Adipose Clipped">No</attribute>
      <attribute name="Injury">No</attribute>
      <attribute name="Confidence Level">3</attribute>
      <attribute name="Notes">NA</attribute>
      <attribute name="View">Side</attribute>
    </box>
    <box frame="105" outside="0" occluded="0" keyframe="1" xtl="0.00" ytl="228.45" xbr="274.17" ybr="377.20" z_order="0">
      <attribute name="Sex">NA</attribute>
      <attribute name="Adipose Clipped">No</attribute>
      <attribute name="Injury">No</attribute>
      <attribute name="Confidence Level">3</attribute>
      <attribute name="Notes">NA</attribute>
      <attribute name="View">Side</attribute>
    </box>
    <box frame="106" outside="0" occluded="0" keyframe="0" xtl="0.00" ytl="233.37" xbr="256.96" ybr="382.11" z_order="0">
      <attribute name="Sex">NA</attribute>
      <attribute name="Adipose Clipped">No</attribute>
      <attribute name="Injury">No</attribute>
      <attribute name="Confidence Level">3</attribute>
      <attribute name="Notes">NA</attribute>
      <attribute name="View">Side</attribute>
    </box>
    <box frame="107" outside="0" occluded="0" keyframe="1" xtl="0.00" ytl="238.28" xbr="239.74" ybr="387.03" z_order="0">
      <attribute name="Sex">NA</attribute>
      <attribute name="Adipose Clipped">No</attribute>
      <attribute name="Injury">No</attribute>
      <attribute name="Confidence Level">3</attribute>
      <attribute name="Notes">NA</attribute>
      <attribute name="View">Side</attribute>
    </box>
    <box frame="108" outside="0" occluded="0" keyframe="1" xtl="0.00" ytl="238.29" xbr="170.88" ybr="387.03" z_order="0">
      <attribute name="Sex">NA</attribute>
      <attribute name="Adipose Clipped">No</attribute>
      <attribute name="Injury">No</attribute>
      <attribute name="Confidence Level">3</attribute>
      <attribute name="Notes">NA</attribute>
      <attribute name="View">Side</attribute>
    </box>
    <box frame="109" outside="0" occluded="0" keyframe="0" xtl="0.00" ytl="256.74" xbr="146.29" ybr="387.03" z_order="0">
      <attribute name="Sex">NA</attribute>
      <attribute name="Adipose Clipped">No</attribute>
      <attribute name="Injury">No</attribute>
      <attribute name="Confidence Level">3</attribute>
      <attribute name="Notes">NA</attribute>
      <attribute name="View">Side</attribute>
    </box>
    <box frame="110" outside="0" occluded="0" keyframe="1" xtl="0.00" ytl="275.20" xbr="121.70" ybr="387.03" z_order="0">
      <attribute name="Sex">NA</attribute>
      <attribute name="Adipose Clipped">No</attribute>
      <attribute name="Injury">No</attribute>
      <attribute name="Confidence Level">3</attribute>
      <attribute name="Notes">NA</attribute>
      <attribute name="View">Side</attribute>
    </box>
    <box frame="111" outside="0" occluded="0" keyframe="1" xtl="0.00" ytl="276.43" xbr="84.81" ybr="388.26" z_order="0">
      <attribute name="Sex">NA</attribute>
      <attribute name="Adipose Clipped">No</attribute>
      <attribute name="Injury">No</attribute>
      <attribute name="Confidence Level">3</attribute>
      <attribute name="Notes">NA</attribute>
      <attribute name="View">Side</attribute>
    </box>
    <box frame="112" outside="0" occluded="1" keyframe="1" xtl="0.00" ytl="276.43" xbr="84.81" ybr="388.26" z_order="0">
      <attribute name="Sex">NA</attribute>
      <attribute name="Adipose Clipped">No</attribute>
      <attribute name="Injury">No</attribute>
      <attribute name="Confidence Level">3</attribute>
      <attribute name="Notes">NA</attribute>
      <attribute name="View">Side</attribute>
    </box>
    <box frame="113" outside="1" occluded="1" keyframe="1" xtl="0.00" ytl="276.43" xbr="84.81" ybr="388.26" z_order="0">
      <attribute name="Sex">NA</attribute>
      <attribute name="Adipose Clipped">No</attribute>
      <attribute name="Injury">No</attribute>
      <attribute name="Confidence Level">3</attribute>
      <attribute name="Notes">NA</attribute>
      <attribute name="View">Side</attribute>
    </box>
  </track>
  <track id="1" label="Whitefish" source="manual">
    <box frame="16" outside="0" occluded="0" keyframe="1" xtl="1166.56" ytl="453.40" xbr="1280.00" ybr="690.71" z_order="0">
      <attribute name="Sex">NA</attribute>
      <attribute name="Adipose Clipped">No</attribute>
      <attribute name="Injury">No</attribute>
      <attribute name="Confidence Level">3</attribute>
      <attribute name="Notes">NA</attribute>
      <attribute name="View">Top-down</attribute>
    </box>
    <box frame="17" outside="0" occluded="0" keyframe="1" xtl="1130.90" ytl="453.40" xbr="1280.00" ybr="690.71" z_order="0">
      <attribute name="Sex">NA</attribute>
      <attribute name="Adipose Clipped">No</attribute>
      <attribute name="Injury">No</attribute>
      <attribute name="Confidence Level">3</attribute>
      <attribute name="Notes">NA</attribute>
      <attribute name="View">Top-down</attribute>
    </box>
    <box frame="18" outside="0" occluded="0" keyframe="1" xtl="966.10" ytl="478.00" xbr="1280.00" ybr="690.71" z_order="0">
      <attribute name="Sex">NA</attribute>
      <attribute name="Adipose Clipped">No</attribute>
      <attribute name="Injury">No</attribute>
      <attribute name="Confidence Level">3</attribute>
      <attribute name="Notes">NA</attribute>
      <attribute name="View">Top-down</attribute>
    </box>
    <box frame="19" outside="0" occluded="0" keyframe="1" xtl="902.20" ytl="538.20" xbr="1280.00" ybr="690.71" z_order="0">
      <attribute name="Sex">NA</attribute>
      <attribute name="Adipose Clipped">No</attribute>
      <attribute name="Injury">No</attribute>
      <attribute name="Confidence Level">3</attribute>
      <attribute name="Notes">NA</attribute>
      <attribute name="View">Top-down</attribute>
    </box>
    <box frame="20" outside="0" occluded="0" keyframe="1" xtl="902.20" ytl="576.30" xbr="1280.00" ybr="690.71" z_order="0">
      <attribute name="Sex">NA</attribute>
      <attribute name="Adipose Clipped">No</attribute>
      <attribute name="Injury">No</attribute>
      <attribute name="Confidence Level">3</attribute>
      <attribute name="Notes">NA</attribute>
      <attribute name="View">Top-down</attribute>
    </box>
    <box frame="21" outside="0" occluded="0" keyframe="0" xtl="900.22" ytl="575.71" xbr="1280.00" ybr="690.71" z_order="0">
      <attribute name="Sex">NA</attribute>
      <attribute name="Adipose Clipped">No</attribute>
      <attribute name="Injury">No</attribute>
      <attribute name="Confidence Level">3</attribute>
      <attribute name="Notes">NA</attribute>
      <attribute name="View">Top-down</attribute>
    </box>
    <box frame="22" outside="0" occluded="0" keyframe="0" xtl="898.24" ytl="575.13" xbr="1280.00" ybr="690.71" z_order="0">
      <attribute name="Sex">NA</attribute>
      <attribute name="Adipose Clipped">No</attribute>
      <attribute name="Injury">No</attribute>
      <attribute name="Confidence Level">3</attribute>
      <attribute name="Notes">NA</attribute>
      <attribute name="View">Top-down</attribute>
    </box>
    <box frame="23" outside="0" occluded="0" keyframe="0" xtl="896.27" ytl="574.54" xbr="1280.00" ybr="690.71" z_order="0">
      <attribute name="Sex">NA</attribute>
      <attribute name="Adipose Clipped">No</attribute>
      <attribute name="Injury">No</attribute>
      <attribute name="Confidence Level">3</attribute>
      <attribute name="Notes">NA</attribute>
      <attribute name="View">Top-down</attribute>
    </box>
    <box frame="24" outside="0" occluded="0" keyframe="0" xtl="894.29" ytl="573.95" xbr="1280.00" ybr="690.71" z_order="0">
      <attribute name="Sex">NA</attribute>
      <attribute name="Adipose Clipped">No</attribute>
      <attribute name="Injury">No</attribute>
      <attribute name="Confidence Level">3</attribute>
      <attribute name="Notes">NA</attribute>
      <attribute name="View">Top-down</attribute>
    </box>
    <box frame="25" outside="0" occluded="0" keyframe="0" xtl="892.31" ytl="573.37" xbr="1280.00" ybr="690.71" z_order="0">
      <attribute name="Sex">NA</attribute>
      <attribute name="Adipose Clipped">No</attribute>
      <attribute name="Injury">No</attribute>
      <attribute name="Confidence Level">3</attribute>
      <attribute name="Notes">NA</attribute>
      <attribute name="View">Top-down</attribute>
    </box>
    <box frame="26" outside="0" occluded="0" keyframe="0" xtl="890.33" ytl="572.78" xbr="1280.00" ybr="690.71" z_order="0">
      <attribute name="Sex">NA</attribute>
      <attribute name="Adipose Clipped">No</attribute>
      <attribute name="Injury">No</attribute>
      <attribute name="Confidence Level">3</attribute>
      <attribute name="Notes">NA</attribute>
      <attribute name="View">Top-down</attribute>
    </box>
    <box frame="27" outside="0" occluded="0" keyframe="0" xtl="888.35" ytl="572.19" xbr="1280.00" ybr="690.71" z_order="0">
      <attribute name="Sex">NA</attribute>
      <attribute name="Adipose Clipped">No</attribute>
      <attribute name="Injury">No</attribute>
      <attribute name="Confidence Level">3</attribute>
      <attribute name="Notes">NA</attribute>
      <attribute name="View">Top-down</attribute>
    </box>
    <box frame="28" outside="0" occluded="0" keyframe="0" xtl="886.37" ytl="571.60" xbr="1280.00" ybr="690.71" z_order="0">
      <attribute name="Sex">NA</attribute>
      <attribute name="Adipose Clipped">No</attribute>
      <attribute name="Injury">No</attribute>
      <attribute name="Confidence Level">3</attribute>
      <attribute name="Notes">NA</attribute>
      <attribute name="View">Top-down</attribute>
    </box>
    <box frame="29" outside="0" occluded="0" keyframe="0" xtl="884.40" ytl="571.02" xbr="1280.00" ybr="690.71" z_order="0">
      <attribute name="Sex">NA</attribute>
      <attribute name="Adipose Clipped">No</attribute>
      <attribute name="Injury">No</attribute>
      <attribute name="Confidence Level">3</attribute>
      <attribute name="Notes">NA</attribute>
      <attribute name="View">Top-down</attribute>
    </box>
    <box frame="30" outside="0" occluded="0" keyframe="0" xtl="882.42" ytl="570.43" xbr="1280.00" ybr="690.71" z_order="0">
      <attribute name="Sex">NA</attribute>
      <attribute name="Adipose Clipped">No</attribute>
      <attribute name="Injury">No</attribute>
      <attribute name="Confidence Level">3</attribute>
      <attribute name="Notes">NA</attribute>
      <attribute name="View">Top-down</attribute>
    </box>
    <box frame="31" outside="0" occluded="0" keyframe="0" xtl="880.44" ytl="569.84" xbr="1280.00" ybr="690.71" z_order="0">
      <attribute name="Sex">NA</attribute>
      <attribute name="Adipose Clipped">No</attribute>
      <attribute name="Injury">No</attribute>
      <attribute name="Confidence Level">3</attribute>
      <attribute name="Notes">NA</attribute>
      <attribute name="View">Top-down</attribute>
    </box>
    <box frame="32" outside="0" occluded="0" keyframe="0" xtl="878.46" ytl="569.26" xbr="1280.00" ybr="690.71" z_order="0">
      <attribute name="Sex">NA</attribute>
      <attribute name="Adipose Clipped">No</attribute>
      <attribute name="Injury">No</attribute>
      <attribute name="Confidence Level">3</attribute>
      <attribute name="Notes">NA</attribute>
      <attribute name="View">Top-down</attribute>
    </box>
    <box frame="33" outside="0" occluded="0" keyframe="0" xtl="876.48" ytl="568.67" xbr="1280.00" ybr="690.71" z_order="0">
      <attribute name="Sex">NA</attribute>
      <attribute name="Adipose Clipped">No</attribute>
      <attribute name="Injury">No</attribute>
      <attribute name="Confidence Level">3</attribute>
      <attribute name="Notes">NA</attribute>
      <attribute name="View">Top-down</attribute>
    </box>
    <box frame="34" outside="0" occluded="0" keyframe="0" xtl="874.50" ytl="568.08" xbr="1280.00" ybr="690.71" z_order="0">
      <attribute name="Sex">NA</attribute>
      <attribute name="Adipose Clipped">No</attribute>
      <attribute name="Injury">No</attribute>
      <attribute name="Confidence Level">3</attribute>
      <attribute name="Notes">NA</attribute>
      <attribute name="View">Top-down</attribute>
    </box>
    <box frame="35" outside="0" occluded="0" keyframe="0" xtl="872.53" ytl="567.50" xbr="1280.00" ybr="690.71" z_order="0">
      <attribute name="Sex">NA</attribute>
      <attribute name="Adipose Clipped">No</attribute>
      <attribute name="Injury">No</attribute>
      <attribute name="Confidence Level">3</attribute>
      <attribute name="Notes">NA</attribute>
      <attribute name="View">Top-down</attribute>
    </box>
    <box frame="36" outside="0" occluded="0" keyframe="0" xtl="870.55" ytl="566.91" xbr="1280.00" ybr="690.71" z_order="0">
      <attribute name="Sex">NA</attribute>
      <attribute name="Adipose Clipped">No</attribute>
      <attribute name="Injury">No</attribute>
      <attribute name="Confidence Level">3</attribute>
      <attribute name="Notes">NA</attribute>
      <attribute name="View">Top-down</attribute>
    </box>
    <box frame="37" outside="0" occluded="0" keyframe="0" xtl="868.57" ytl="566.32" xbr="1280.00" ybr="690.71" z_order="0">
      <attribute name="Sex">NA</attribute>
      <attribute name="Adipose Clipped">No</attribute>
      <attribute name="Injury">No</attribute>
      <attribute name="Confidence Level">3</attribute>
      <attribute name="Notes">NA</attribute>
      <attribute name="View">Top-down</attribute>
    </box>
    <box frame="38" outside="0" occluded="0" keyframe="0" xtl="866.59" ytl="565.73" xbr="1280.00" ybr="690.71" z_order="0">
      <attribute name="Sex">NA</attribute>
      <attribute name="Adipose Clipped">No</attribute>
      <attribute name="Injury">No</attribute>
      <attribute name="Confidence Level">3</attribute>
      <attribute name="Notes">NA</attribute>
      <attribute name="View">Top-down</attribute>
    </box>
    <box frame="39" outside="0" occluded="0" keyframe="0" xtl="864.61" ytl="565.15" xbr="1280.00" ybr="690.71" z_order="0">
      <attribute name="Sex">NA</attribute>
      <attribute name="Adipose Clipped">No</attribute>
      <attribute name="Injury">No</attribute>
      <attribute name="Confidence Level">3</attribute>
      <attribute name="Notes">NA</attribute>
      <attribute name="View">Top-down</attribute>
    </box>
    <box frame="40" outside="0" occluded="0" keyframe="0" xtl="862.63" ytl="564.56" xbr="1280.00" ybr="690.71" z_order="0">
      <attribute name="Sex">NA</attribute>
      <attribute name="Adipose Clipped">No</attribute>
      <attribute name="Injury">No</attribute>
      <attribute name="Confidence Level">3</attribute>
      <attribute name="Notes">NA</attribute>
      <attribute name="View">Top-down</attribute>
    </box>
    <box frame="41" outside="0" occluded="0" keyframe="0" xtl="860.66" ytl="563.97" xbr="1280.00" ybr="690.71" z_order="0">
      <attribute name="Sex">NA</attribute>
      <attribute name="Adipose Clipped">No</attribute>
      <attribute name="Injury">No</attribute>
      <attribute name="Confidence Level">3</attribute>
      <attribute name="Notes">NA</attribute>
      <attribute name="View">Top-down</attribute>
    </box>
    <box frame="42" outside="0" occluded="0" keyframe="0" xtl="858.68" ytl="563.39" xbr="1280.00" ybr="690.71" z_order="0">
      <attribute name="Sex">NA</attribute>
      <attribute name="Adipose Clipped">No</attribute>
      <attribute name="Injury">No</attribute>
      <attribute name="Confidence Level">3</attribute>
      <attribute name="Notes">NA</attribute>
      <attribute name="View">Top-down</attribute>
    </box>
    <box frame="43" outside="0" occluded="0" keyframe="1" xtl="856.70" ytl="562.80" xbr="1280.00" ybr="690.71" z_order="0">
      <attribute name="Sex">NA</attribute>
      <attribute name="Adipose Clipped">No</attribute>
      <attribute name="Injury">No</attribute>
      <attribute name="Confidence Level">3</attribute>
      <attribute name="Notes">NA</attribute>
      <attribute name="View">Top-down</attribute>
    </box>
    <box frame="44" outside="0" occluded="0" keyframe="0" xtl="854.88" ytl="561.57" xbr="1280.00" ybr="691.05" z_order="0">
      <attribute name="Sex">NA</attribute>
      <attribute name="Adipose Clipped">No</attribute>
      <attribute name="Injury">No</attribute>
      <attribute name="Confidence Level">3</attribute>
      <attribute name="Notes">NA</attribute>
      <attribute name="View">Top-down</attribute>
    </box>
    <box frame="45" outside="0" occluded="0" keyframe="0" xtl="853.06" ytl="560.34" xbr="1280.00" ybr="691.40" z_order="0">
      <attribute name="Sex">NA</attribute>
      <attribute name="Adipose Clipped">No</attribute>
      <attribute name="Injury">No</attribute>
      <attribute name="Confidence Level">3</attribute>
      <attribute name="Notes">NA</attribute>
      <attribute name="View">Top-down</attribute>
    </box>
    <box frame="46" outside="0" occluded="0" keyframe="0" xtl="851.24" ytl="559.12" xbr="1280.00" ybr="691.74" z_order="0">
      <attribute name="Sex">NA</attribute>
      <attribute name="Adipose Clipped">No</attribute>
      <attribute name="Injury">No</attribute>
      <attribute name="Confidence Level">3</attribute>
      <attribute name="Notes">NA</attribute>
      <attribute name="View">Top-down</attribute>
    </box>
    <box frame="47" outside="0" occluded="0" keyframe="0" xtl="849.42" ytl="557.89" xbr="1280.00" ybr="692.08" z_order="0">
      <attribute name="Sex">NA</attribute>
      <attribute name="Adipose Clipped">No</attribute>
      <attribute name="Injury">No</attribute>
      <attribute name="Confidence Level">3</attribute>
      <attribute name="Notes">NA</attribute>
      <attribute name="View">Top-down</attribute>
    </box>
    <box frame="48" outside="0" occluded="0" keyframe="0" xtl="847.60" ytl="556.66" xbr="1280.00" ybr="692.43" z_order="0">
      <attribute name="Sex">NA</attribute>
      <attribute name="Adipose Clipped">No</attribute>
      <attribute name="Injury">No</attribute>
      <attribute name="Confidence Level">3</attribute>
      <attribute name="Notes">NA</attribute>
      <attribute name="View">Top-down</attribute>
    </box>
    <box frame="49" outside="0" occluded="0" keyframe="0" xtl="845.78" ytl="555.43" xbr="1280.00" ybr="692.77" z_order="0">
      <attribute name="Sex">NA</attribute>
      <attribute name="Adipose Clipped">No</attribute>
      <attribute name="Injury">No</attribute>
      <attribute name="Confidence Level">3</attribute>
      <attribute name="Notes">NA</attribute>
      <attribute name="View">Top-down</attribute>
    </box>
    <box frame="50" outside="0" occluded="0" keyframe="0" xtl="843.96" ytl="554.20" xbr="1280.00" ybr="693.12" z_order="0">
      <attribute name="Sex">NA</attribute>
      <attribute name="Adipose Clipped">No</attribute>
      <attribute name="Injury">No</attribute>
      <attribute name="Confidence Level">3</attribute>
      <attribute name="Notes">NA</attribute>
      <attribute name="View">Top-down</attribute>
    </box>
    <box frame="51" outside="0" occluded="0" keyframe="0" xtl="842.14" ytl="552.98" xbr="1280.00" ybr="693.46" z_order="0">
      <attribute name="Sex">NA</attribute>
      <attribute name="Adipose Clipped">No</attribute>
      <attribute name="Injury">No</attribute>
      <attribute name="Confidence Level">3</attribute>
      <attribute name="Notes">NA</attribute>
      <attribute name="View">Top-down</attribute>
    </box>
    <box frame="52" outside="0" occluded="0" keyframe="0" xtl="840.32" ytl="551.75" xbr="1280.00" ybr="693.80" z_order="0">
      <attribute name="Sex">NA</attribute>
      <attribute name="Adipose Clipped">No</attribute>
      <attribute name="Injury">No</attribute>
      <attribute name="Confidence Level">3</attribute>
      <attribute name="Notes">NA</attribute>
      <attribute name="View">Top-down</attribute>
    </box>
    <box frame="53" outside="0" occluded="0" keyframe="0" xtl="838.50" ytl="550.52" xbr="1280.00" ybr="694.15" z_order="0">
      <attribute name="Sex">NA</attribute>
      <attribute name="Adipose Clipped">No</attribute>
      <attribute name="Injury">No</attribute>
      <attribute name="Confidence Level">3</attribute>
      <attribute name="Notes">NA</attribute>
      <attribute name="View">Top-down</attribute>
    </box>
    <box frame="54" outside="0" occluded="0" keyframe="0" xtl="836.68" ytl="549.29" xbr="1280.00" ybr="694.49" z_order="0">
      <attribute name="Sex">NA</attribute>
      <attribute name="Adipose Clipped">No</attribute>
      <attribute name="Injury">No</attribute>
      <attribute name="Confidence Level">3</attribute>
      <attribute name="Notes">NA</attribute>
      <attribute name="View">Top-down</attribute>
    </box>
    <box frame="55" outside="0" occluded="0" keyframe="0" xtl="834.86" ytl="548.06" xbr="1280.00" ybr="694.83" z_order="0">
      <attribute name="Sex">NA</attribute>
      <attribute name="Adipose Clipped">No</attribute>
      <attribute name="Injury">No</attribute>
      <attribute name="Confidence Level">3</attribute>
      <attribute name="Notes">NA</attribute>
      <attribute name="View">Top-down</attribute>
    </box>
    <box frame="56" outside="0" occluded="0" keyframe="0" xtl="833.04" ytl="546.84" xbr="1280.00" ybr="695.18" z_order="0">
      <attribute name="Sex">NA</attribute>
      <attribute name="Adipose Clipped">No</attribute>
      <attribute name="Injury">No</attribute>
      <attribute name="Confidence Level">3</attribute>
      <attribute name="Notes">NA</attribute>
      <attribute name="View">Top-down</attribute>
    </box>
    <box frame="57" outside="0" occluded="0" keyframe="0" xtl="831.22" ytl="545.61" xbr="1280.00" ybr="695.52" z_order="0">
      <attribute name="Sex">NA</attribute>
      <attribute name="Adipose Clipped">No</attribute>
      <attribute name="Injury">No</attribute>
      <attribute name="Confidence Level">3</attribute>
      <attribute name="Notes">NA</attribute>
      <attribute name="View">Top-down</attribute>
    </box>
    <box frame="58" outside="0" occluded="0" keyframe="0" xtl="829.40" ytl="544.38" xbr="1280.00" ybr="695.86" z_order="0">
      <attribute name="Sex">NA</attribute>
      <attribute name="Adipose Clipped">No</attribute>
      <attribute name="Injury">No</attribute>
      <attribute name="Confidence Level">3</attribute>
      <attribute name="Notes">NA</attribute>
      <attribute name="View">Top-down</attribute>
    </box>
    <box frame="59" outside="0" occluded="0" keyframe="0" xtl="827.58" ytl="543.15" xbr="1280.00" ybr="696.21" z_order="0">
      <attribute name="Sex">NA</attribute>
      <attribute name="Adipose Clipped">No</attribute>
      <attribute name="Injury">No</attribute>
      <attribute name="Confidence Level">3</attribute>
      <attribute name="Notes">NA</attribute>
      <attribute name="View">Top-down</attribute>
    </box>
    <box frame="60" outside="0" occluded="0" keyframe="0" xtl="825.76" ytl="541.92" xbr="1280.00" ybr="696.55" z_order="0">
      <attribute name="Sex">NA</attribute>
      <attribute name="Adipose Clipped">No</attribute>
      <attribute name="Injury">No</attribute>
      <attribute name="Confidence Level">3</attribute>
      <attribute name="Notes">NA</attribute>
      <attribute name="View">Top-down</attribute>
    </box>
    <box frame="61" outside="0" occluded="0" keyframe="0" xtl="823.94" ytl="540.70" xbr="1280.00" ybr="696.89" z_order="0">
      <attribute name="Sex">NA</attribute>
      <attribute name="Adipose Clipped">No</attribute>
      <attribute name="Injury">No</attribute>
      <attribute name="Confidence Level">3</attribute>
      <attribute name="Notes">NA</attribute>
      <attribute name="View">Top-down</attribute>
    </box>
    <box frame="62" outside="0" occluded="0" keyframe="0" xtl="822.12" ytl="539.47" xbr="1280.00" ybr="697.24" z_order="0">
      <attribute name="Sex">NA</attribute>
      <attribute name="Adipose Clipped">No</attribute>
      <attribute name="Injury">No</attribute>
      <attribute name="Confidence Level">3</attribute>
      <attribute name="Notes">NA</attribute>
      <attribute name="View">Top-down</attribute>
    </box>
    <box frame="63" outside="0" occluded="0" keyframe="0" xtl="820.30" ytl="538.24" xbr="1280.00" ybr="697.58" z_order="0">
      <attribute name="Sex">NA</attribute>
      <attribute name="Adipose Clipped">No</attribute>
      <attribute name="Injury">No</attribute>
      <attribute name="Confidence Level">3</attribute>
      <attribute name="Notes">NA</attribute>
      <attribute name="View">Top-down</attribute>
    </box>
    <box frame="64" outside="0" occluded="0" keyframe="0" xtl="818.48" ytl="537.01" xbr="1280.00" ybr="697.93" z_order="0">
      <attribute name="Sex">NA</attribute>
      <attribute name="Adipose Clipped">No</attribute>
      <attribute name="Injury">No</attribute>
      <attribute name="Confidence Level">3</attribute>
      <attribute name="Notes">NA</attribute>
      <attribute name="View">Top-down</attribute>
    </box>
    <box frame="65" outside="0" occluded="0" keyframe="0" xtl="816.66" ytl="535.78" xbr="1280.00" ybr="698.27" z_order="0">
      <attribute name="Sex">NA</attribute>
      <attribute name="Adipose Clipped">No</attribute>
      <attribute name="Injury">No</attribute>
      <attribute name="Confidence Level">3</attribute>
      <attribute name="Notes">NA</attribute>
      <attribute name="View">Top-down</attribute>
    </box>
    <box frame="66" outside="0" occluded="0" keyframe="0" xtl="814.84" ytl="534.56" xbr="1280.00" ybr="698.61" z_order="0">
      <attribute name="Sex">NA</attribute>
      <attribute name="Adipose Clipped">No</attribute>
      <attribute name="Injury">No</attribute>
      <attribute name="Confidence Level">3</attribute>
      <attribute name="Notes">NA</attribute>
      <attribute name="View">Top-down</attribute>
    </box>
    <box frame="67" outside="0" occluded="0" keyframe="0" xtl="813.02" ytl="533.33" xbr="1280.00" ybr="698.96" z_order="0">
      <attribute name="Sex">NA</attribute>
      <attribute name="Adipose Clipped">No</attribute>
      <attribute name="Injury">No</attribute>
      <attribute name="Confidence Level">3</attribute>
      <attribute name="Notes">NA</attribute>
      <attribute name="View">Top-down</attribute>
    </box>
    <box frame="68" outside="0" occluded="0" keyframe="1" xtl="811.20" ytl="532.10" xbr="1280.00" ybr="699.30" z_order="0">
      <attribute name="Sex">NA</attribute>
      <attribute name="Adipose Clipped">No</attribute>
      <attribute name="Injury">No</attribute>
      <attribute name="Confidence Level">3</attribute>
      <attribute name="Notes">NA</attribute>
      <attribute name="View">Top-down</attribute>
    </box>
    <box frame="69" outside="0" occluded="0" keyframe="0" xtl="811.20" ytl="521.03" xbr="1280.00" ybr="699.30" z_order="0">
      <attribute name="Sex">NA</attribute>
      <attribute name="Adipose Clipped">No</attribute>
      <attribute name="Injury">No</attribute>
      <attribute name="Confidence Level">3</attribute>
      <attribute name="Notes">NA</attribute>
      <attribute name="View">Top-down</attribute>
    </box>
    <box frame="70" outside="0" occluded="0" keyframe="0" xtl="811.20" ytl="509.97" xbr="1280.00" ybr="699.30" z_order="0">
      <attribute name="Sex">NA</attribute>
      <attribute name="Adipose Clipped">No</attribute>
      <attribute name="Injury">No</attribute>
      <attribute name="Confidence Level">3</attribute>
      <attribute name="Notes">NA</attribute>
      <attribute name="View">Top-down</attribute>
    </box>
    <box frame="71" outside="0" occluded="0" keyframe="1" xtl="811.20" ytl="498.90" xbr="1280.00" ybr="699.30" z_order="0">
      <attribute name="Sex">NA</attribute>
      <attribute name="Adipose Clipped">No</attribute>
      <attribute name="Injury">No</attribute>
      <attribute name="Confidence Level">3</attribute>
      <attribute name="Notes">NA</attribute>
      <attribute name="View">Top-down</attribute>
    </box>
    <box frame="72" outside="0" occluded="0" keyframe="1" xtl="794.00" ytl="485.40" xbr="1280.00" ybr="699.30" z_order="0">
      <attribute name="Sex">NA</attribute>
      <attribute name="Adipose Clipped">No</attribute>
      <attribute name="Injury">No</attribute>
      <attribute name="Confidence Level">3</attribute>
      <attribute name="Notes">NA</attribute>
      <attribute name="View">Top-down</attribute>
    </box>
    <box frame="73" outside="0" occluded="0" keyframe="1" xtl="794.00" ytl="455.90" xbr="1280.00" ybr="699.30" z_order="0">
      <attribute name="Sex">NA</attribute>
      <attribute name="Adipose Clipped">No</attribute>
      <attribute name="Injury">No</attribute>
      <attribute name="Confidence Level">3</attribute>
      <attribute name="Notes">NA</attribute>
      <attribute name="View">Top-down</attribute>
    </box>
    <box frame="74" outside="0" occluded="0" keyframe="1" xtl="757.10" ytl="455.90" xbr="1280.00" ybr="696.80" z_order="0">
      <attribute name="Sex">NA</attribute>
      <attribute name="Adipose Clipped">No</attribute>
      <attribute name="Injury">No</attribute>
      <attribute name="Confidence Level">3</attribute>
      <attribute name="Notes">NA</attribute>
      <attribute name="View">Top-down</attribute>
    </box>
    <box frame="75" outside="0" occluded="0" keyframe="0" xtl="738.04" ytl="454.06" xbr="1244.95" ybr="694.96" z_order="0">
      <attribute name="Sex">NA</attribute>
      <attribute name="Adipose Clipped">No</attribute>
      <attribute name="Injury">No</attribute>
      <attribute name="Confidence Level">3</attribute>
      <attribute name="Notes">NA</attribute>
      <attribute name="View">Top-down</attribute>
    </box>
    <box frame="76" outside="0" occluded="0" keyframe="1" xtl="718.98" ytl="452.21" xbr="1209.90" ybr="693.11" z_order="0">
      <attribute name="Sex">NA</attribute>
      <attribute name="Adipose Clipped">No</attribute>
      <attribute name="Injury">No</attribute>
      <attribute name="Confidence Level">3</attribute>
      <attribute name="Notes">NA</attribute>
      <attribute name="View">Top-down</attribute>
    </box>
    <box frame="77" outside="0" occluded="0" keyframe="1" xtl="718.98" ytl="452.21" xbr="1186.50" ybr="691.90" z_order="0">
      <attribute name="Sex">NA</attribute>
      <attribute name="Adipose Clipped">No</attribute>
      <attribute name="Injury">No</attribute>
      <attribute name="Confidence Level">3</attribute>
      <attribute name="Notes">NA</attribute>
      <attribute name="View">Top-down</attribute>
    </box>
    <box frame="78" outside="0" occluded="0" keyframe="1" xtl="632.90" ytl="452.21" xbr="1152.10" ybr="631.70" z_order="0">
      <attribute name="Sex">NA</attribute>
      <attribute name="Adipose Clipped">No</attribute>
      <attribute name="Injury">No</attribute>
      <attribute name="Confidence Level">3</attribute>
      <attribute name="Notes">NA</attribute>
      <attribute name="View">Top-down</attribute>
    </box>
    <box frame="79" outside="0" occluded="0" keyframe="0" xtl="596.65" ytl="447.91" xbr="1122.59" ybr="607.70" z_order="0">
      <attribute name="Sex">NA</attribute>
      <attribute name="Adipose Clipped">No</attribute>
      <attribute name="Injury">No</attribute>
      <attribute name="Confidence Level">3</attribute>
      <attribute name="Notes">NA</attribute>
      <attribute name="View">Top-down</attribute>
    </box>
    <box frame="80" outside="0" occluded="0" keyframe="1" xtl="560.40" ytl="443.60" xbr="1093.08" ybr="583.70" z_order="0">
      <attribute name="Sex">NA</attribute>
      <attribute name="Adipose Clipped">No</attribute>
      <attribute name="Injury">No</attribute>
      <attribute name="Confidence Level">3</attribute>
      <attribute name="Notes">NA</attribute>
      <attribute name="View">Top-down</attribute>
    </box>
    <box frame="81" outside="0" occluded="0" keyframe="0" xtl="541.34" ytl="443.60" xbr="1069.74" ybr="604.00" z_order="0">
      <attribute name="Sex">NA</attribute>
      <attribute name="Adipose Clipped">No</attribute>
      <attribute name="Injury">No</attribute>
      <attribute name="Confidence Level">3</attribute>
      <attribute name="Notes">NA</attribute>
      <attribute name="View">Top-down</attribute>
    </box>
    <box frame="82" outside="0" occluded="0" keyframe="1" xtl="522.28" ytl="443.60" xbr="1046.40" ybr="624.30" z_order="0">
      <attribute name="Sex">NA</attribute>
      <attribute name="Adipose Clipped">No</attribute>
      <attribute name="Injury">No</attribute>
      <attribute name="Confidence Level">3</attribute>
      <attribute name="Notes">NA</attribute>
      <attribute name="View">Top-down</attribute>
    </box>
    <box frame="83" outside="0" occluded="0" keyframe="1" xtl="482.94" ytl="443.60" xbr="959.10" ybr="667.30" z_order="0">
      <attribute name="Sex">NA</attribute>
      <attribute name="Adipose Clipped">No</attribute>
      <attribute name="Injury">No</attribute>
      <attribute name="Confidence Level">3</attribute>
      <attribute name="Notes">NA</attribute>
      <attribute name="View">Top-down</attribute>
    </box>
    <box frame="84" outside="0" occluded="0" keyframe="0" xtl="457.12" ytl="443.60" xbr="935.75" ybr="681.45" z_order="0">
      <attribute name="Sex">NA</attribute>
      <attribute name="Adipose Clipped">No</attribute>
      <attribute name="Injury">No</attribute>
      <attribute name="Confidence Level">3</attribute>
      <attribute name="Notes">NA</attribute>
      <attribute name="View">Top-down</attribute>
    </box>
    <box frame="85" outside="0" occluded="0" keyframe="1" xtl="431.30" ytl="443.60" xbr="912.40" ybr="695.60" z_order="0">
      <attribute name="Sex">NA</attribute>
      <attribute name="Adipose Clipped">No</attribute>
      <attribute name="Injury">No</attribute>
      <attribute name="Confidence Level">3</attribute>
      <attribute name="Notes">NA</attribute>
      <attribute name="View">Top-down</attribute>
    </box>
    <box frame="86" outside="0" occluded="0" keyframe="1" xtl="412.85" ytl="443.60" xbr="893.96" ybr="695.60" z_order="0">
      <attribute name="Sex">NA</attribute>
      <attribute name="Adipose Clipped">No</attribute>
      <attribute name="Injury">No</attribute>
      <attribute name="Confidence Level">3</attribute>
      <attribute name="Notes">NA</attribute>
      <attribute name="View">Top-down</attribute>
    </box>
    <box frame="87" outside="0" occluded="0" keyframe="0" xtl="380.88" ytl="443.60" xbr="861.99" ybr="695.60" z_order="0">
      <attribute name="Sex">NA</attribute>
      <attribute name="Adipose Clipped">No</attribute>
      <attribute name="Injury">No</attribute>
      <attribute name="Confidence Level">3</attribute>
      <attribute name="Notes">NA</attribute>
      <attribute name="View">Top-down</attribute>
    </box>
    <box frame="88" outside="0" occluded="0" keyframe="1" xtl="348.91" ytl="443.60" xbr="830.02" ybr="695.60" z_order="0">
      <attribute name="Sex">NA</attribute>
      <attribute name="Adipose Clipped">No</attribute>
      <attribute name="Injury">No</attribute>
      <attribute name="Confidence Level">3</attribute>
      <attribute name="Notes">NA</attribute>
      <attribute name="View">Top-down</attribute>
    </box>
    <box frame="89" outside="0" occluded="0" keyframe="1" xtl="302.19" ytl="439.92" xbr="783.29" ybr="691.91" z_order="0">
      <attribute name="Sex">NA</attribute>
      <attribute name="Adipose Clipped">No</attribute>
      <attribute name="Injury">No</attribute>
      <attribute name="Confidence Level">3</attribute>
      <attribute name="Notes">NA</attribute>
      <attribute name="View">Top-down</attribute>
    </box>
    <box frame="90" outside="0" occluded="0" keyframe="0" xtl="277.59" ytl="452.21" xbr="783.29" ybr="691.91" z_order="0">
      <attribute name="Sex">NA</attribute>
      <attribute name="Adipose Clipped">No</attribute>
      <attribute name="Injury">No</attribute>
      <attribute name="Confidence Level">3</attribute>
      <attribute name="Notes">NA</attribute>
      <attribute name="View">Top-down</attribute>
    </box>
    <box frame="91" outside="0" occluded="0" keyframe="1" xtl="253.00" ytl="464.50" xbr="783.29" ybr="691.91" z_order="0">
      <attribute name="Sex">NA</attribute>
      <attribute name="Adipose Clipped">No</attribute>
      <attribute name="Injury">No</attribute>
      <attribute name="Confidence Level">3</attribute>
      <attribute name="Notes">NA</attribute>
      <attribute name="View">Top-down</attribute>
    </box>
    <box frame="92" outside="0" occluded="0" keyframe="1" xtl="211.20" ytl="489.10" xbr="726.70" ybr="691.91" z_order="0">
      <attribute name="Sex">NA</attribute>
      <attribute name="Adipose Clipped">No</attribute>
      <attribute name="Injury">No</attribute>
      <attribute name="Confidence Level">3</attribute>
      <attribute name="Notes">NA</attribute>
      <attribute name="View">Top-down</attribute>
    </box>
    <box frame="93" outside="0" occluded="0" keyframe="1" xtl="110.38" ytl="490.30" xbr="682.47" ybr="691.91" z_order="0">
      <attribute name="Sex">NA</attribute>
      <attribute name="Adipose Clipped">No</attribute>
      <attribute name="Injury">No</attribute>
      <attribute name="Confidence Level">3</attribute>
      <attribute name="Notes">NA</attribute>
      <attribute name="View">Top-down</attribute>
    </box>
    <box frame="94" outside="0" occluded="0" keyframe="1" xtl="110.38" ytl="484.20" xbr="639.40" ybr="691.91" z_order="0">
      <attribute name="Sex">NA</attribute>
      <attribute name="Adipose Clipped">No</attribute>
      <attribute name="Injury">No</attribute>
      <attribute name="Confidence Level">3</attribute>
      <attribute name="Notes">NA</attribute>
      <attribute name="View">Top-down</attribute>
    </box>
    <box frame="95" outside="0" occluded="0" keyframe="1" xtl="80.86" ytl="460.80" xbr="570.50" ybr="691.91" z_order="0">
      <attribute name="Sex">NA</attribute>
      <attribute name="Adipose Clipped">No</attribute>
      <attribute name="Injury">No</attribute>
      <attribute name="Confidence Level">3</attribute>
      <attribute name="Notes">NA</attribute>
      <attribute name="View">Top-down</attribute>
    </box>
    <box frame="96" outside="0" occluded="0" keyframe="1" xtl="80.86" ytl="439.90" xbr="552.10" ybr="691.91" z_order="0">
      <attribute name="Sex">NA</attribute>
      <attribute name="Adipose Clipped">No</attribute>
      <attribute name="Injury">No</attribute>
      <attribute name="Confidence Level">3</attribute>
      <attribute name="Notes">NA</attribute>
      <attribute name="View">Top-down</attribute>
    </box>
    <box frame="97" outside="0" occluded="0" keyframe="1" xtl="32.91" ytl="439.90" xbr="504.15" ybr="691.91" z_order="0">
      <attribute name="Sex">NA</attribute>
      <attribute name="Adipose Clipped">No</attribute>
      <attribute name="Injury">No</attribute>
      <attribute name="Confidence Level">3</attribute>
      <attribute name="Notes">NA</attribute>
      <attribute name="View">Top-down</attribute>
    </box>
    <box frame="98" outside="0" occluded="0" keyframe="1" xtl="0.00" ytl="442.36" xbr="457.42" ybr="694.37" z_order="0">
      <attribute name="Sex">NA</attribute>
      <attribute name="Adipose Clipped">No</attribute>
      <attribute name="Injury">No</attribute>
      <attribute name="Confidence Level">3</attribute>
      <attribute name="Notes">NA</attribute>
      <attribute name="View">Top-down</attribute>
    </box>
    <box frame="99" outside="0" occluded="0" keyframe="1" xtl="0.00" ytl="442.36" xbr="437.75" ybr="694.37" z_order="0">
      <attribute name="Sex">NA</attribute>
      <attribute name="Adipose Clipped">No</attribute>
      <attribute name="Injury">No</attribute>
      <attribute name="Confidence Level">3</attribute>
      <attribute name="Notes">NA</attribute>
      <attribute name="View">Top-down</attribute>
    </box>
    <box frame="100" outside="0" occluded="0" keyframe="0" xtl="0.00" ytl="441.74" xbr="410.08" ybr="693.76" z_order="0">
      <attribute name="Sex">NA</attribute>
      <attribute name="Adipose Clipped">No</attribute>
      <attribute name="Injury">No</attribute>
      <attribute name="Confidence Level">3</attribute>
      <attribute name="Notes">NA</attribute>
      <attribute name="View">Top-down</attribute>
    </box>
    <box frame="101" outside="0" occluded="0" keyframe="1" xtl="0.00" ytl="441.13" xbr="382.42" ybr="693.14" z_order="0">
      <attribute name="Sex">NA</attribute>
      <attribute name="Adipose Clipped">No</attribute>
      <attribute name="Injury">No</attribute>
      <attribute name="Confidence Level">3</attribute>
      <attribute name="Notes">NA</attribute>
      <attribute name="View">Top-down</attribute>
    </box>
    <box frame="102" outside="0" occluded="0" keyframe="0" xtl="0.00" ytl="439.90" xbr="341.23" ybr="691.91" z_order="0">
      <attribute name="Sex">NA</attribute>
      <attribute name="Adipose Clipped">No</attribute>
      <attribute name="Injury">No</attribute>
      <attribute name="Confidence Level">3</attribute>
      <attribute name="Notes">NA</attribute>
      <attribute name="View">Top-down</attribute>
    </box>
    <box frame="103" outside="0" occluded="0" keyframe="1" xtl="0.00" ytl="438.67" xbr="300.04" ybr="690.68" z_order="0">
      <attribute name="Sex">NA</attribute>
      <attribute name="Adipose Clipped">No</attribute>
      <attribute name="Injury">No</attribute>
      <attribute name="Confidence Level">3</attribute>
      <attribute name="Notes">NA</attribute>
      <attribute name="View">Top-down</attribute>
    </box>
    <box frame="104" outside="0" occluded="0" keyframe="1" xtl="1.23" ytl="438.67" xbr="276.70" ybr="620.60" z_order="0">
      <attribute name="Sex">NA</attribute>
      <attribute name="Adipose Clipped">No</attribute>
      <attribute name="Injury">No</attribute>
      <attribute name="Confidence Level">3</attribute>
      <attribute name="Notes">NA</attribute>
      <attribute name="View">Top-down</attribute>
    </box>
    <box frame="105" outside="0" occluded="0" keyframe="0" xtl="1.23" ytl="438.67" xbr="250.90" ybr="604.00" z_order="0">
      <attribute name="Sex">NA</attribute>
      <attribute name="Adipose Clipped">No</attribute>
      <attribute name="Injury">No</attribute>
      <attribute name="Confidence Level">3</attribute>
      <attribute name="Notes">NA</attribute>
      <attribute name="View">Top-down</attribute>
    </box>
    <box frame="106" outside="0" occluded="0" keyframe="1" xtl="1.23" ytl="438.67" xbr="225.10" ybr="587.40" z_order="0">
      <attribute name="Sex">NA</attribute>
      <attribute name="Adipose Clipped">No</attribute>
      <attribute name="Injury">No</attribute>
      <attribute name="Confidence Level">3</attribute>
      <attribute name="Notes">NA</attribute>
      <attribute name="View">Top-down</attribute>
    </box>
    <box frame="107" outside="0" occluded="0" keyframe="1" xtl="1.23" ytl="438.67" xbr="189.40" ybr="582.50" z_order="0">
      <attribute name="Sex">NA</attribute>
      <attribute name="Adipose Clipped">No</attribute>
      <attribute name="Injury">No</attribute>
      <attribute name="Confidence Level">3</attribute>
      <attribute name="Notes">NA</attribute>
      <attribute name="View">Top-down</attribute>
    </box>
    <box frame="108" outside="0" occluded="0" keyframe="1" xtl="0.00" ytl="441.13" xbr="136.53" ybr="584.96" z_order="0">
      <attribute name="Sex">NA</attribute>
      <attribute name="Adipose Clipped">No</attribute>
      <attribute name="Injury">No</attribute>
      <attribute name="Confidence Level">3</attribute>
      <attribute name="Notes">NA</attribute>
      <attribute name="View">Top-down</attribute>
    </box>
    <box frame="109" outside="0" occluded="0" keyframe="0" xtl="0.00" ytl="439.90" xbr="99.01" ybr="566.53" z_order="0">
      <attribute name="Sex">NA</attribute>
      <attribute name="Adipose Clipped">No</attribute>
      <attribute name="Injury">No</attribute>
      <attribute name="Confidence Level">3</attribute>
      <attribute name="Notes">NA</attribute>
      <attribute name="View">Top-down</attribute>
    </box>
    <box frame="110" outside="0" occluded="0" keyframe="1" xtl="0.00" ytl="438.67" xbr="61.50" ybr="548.10" z_order="0">
      <attribute name="Sex">NA</attribute>
      <attribute name="Adipose Clipped">No</attribute>
      <attribute name="Injury">No</attribute>
      <attribute name="Confidence Level">3</attribute>
      <attribute name="Notes">NA</attribute>
      <attribute name="View">Top-down</attribute>
    </box>
    <box frame="111" outside="1" occluded="0" keyframe="1" xtl="0.00" ytl="438.67" xbr="61.50" ybr="548.10" z_order="0">
      <attribute name="Sex">NA</attribute>
      <attribute name="Adipose Clipped">No</attribute>
      <attribute name="Injury">No</attribute>
      <attribute name="Confidence Level">3</attribute>
      <attribute name="Notes">NA</attribute>
      <attribute name="View">Top-down</attribute>
    </box>
  </track>
</annotations>