<?xml version="1.0" encoding="utf-8"?>
<annotations>
  <version>1.1</version>
  <meta>
    <task>
      <id>452</id>
      <name>09-23-2020 17-18-51 M Salmon Camera</name>
      <size>660</size>
      <mode>interpolation</mode>
      <overlap>5</overlap>
      <bugtracker></bugtracker>
      <created>2022-01-12 21:57:41.502053+00:00</created>
      <updated>2022-01-12 22:27:13.315950+00:00</updated>
      <subset>default</subset>
      <start_frame>0</start_frame>
      <stop_frame>659</stop_frame>
      <frame_filter></frame_filter>
      <segments>
        <segment>
          <id>441</id>
          <start>0</start>
          <stop>659</stop>
          <url>httplocalhost:8080/?id=441</url>
        </segment>
      </segments>
      <owner>
        <username>scurfield</username>
        <email>dan.scurfield@gmail.com</email>
      </owner>
      <assignee></assignee>
      <labels>
        <label>
          <name>Coho</name>
          <color>#83e070</color>
          <attributes>
            <attribute>
              <name>Adipose Clipped</name>
              <mutable>False</mutable>
              <input_type>select</input_type>
              <default_value>No</default_value>
              <values>No
Yes
NA</values>
            </attribute>
            <attribute>
              <name>confidence level</name>
              <mutable>False</mutable>
              <input_type>select</input_type>
              <default_value>3</default_value>
              <values>3
2
1</values>
            </attribute>
            <attribute>
              <name>injury</name>
              <mutable>False</mutable>
              <input_type>select</input_type>
              <default_value>No</default_value>
              <values>No
Yes
NA</values>
            </attribute>
            <attribute>
              <name>notes</name>
              <mutable>False</mutable>
              <input_type>text</input_type>
              <default_value>NA</default_value>
              <values>NA</values>
            </attribute>
            <attribute>
              <name>sex</name>
              <mutable>False</mutable>
              <input_type>select</input_type>
              <default_value>Male</default_value>
              <values>Male
Female
Jack</values>
            </attribute>
            <attribute>
              <name>view</name>
              <mutable>False</mutable>
              <input_type>select</input_type>
              <default_value>Side</default_value>
              <values>Side
Top-down</values>
            </attribute>
          </attributes>
        </label>
        <label>
          <name>Bull</name>
          <color>#20c000</color>
          <attributes>
            <attribute>
              <name>adipose clipped</name>
              <mutable>False</mutable>
              <input_type>select</input_type>
              <default_value>No</default_value>
              <values>No
NA</values>
            </attribute>
            <attribute>
              <name>confidence level</name>
              <mutable>False</mutable>
              <input_type>select</input_type>
              <default_value>3</default_value>
              <values>3
2
1</values>
            </attribute>
            <attribute>
              <name>injury</name>
              <mutable>False</mutable>
              <input_type>select</input_type>
              <default_value>No</default_value>
              <values>No
Yes
NA</values>
            </attribute>
            <attribute>
              <name>notes</name>
              <mutable>False</mutable>
              <input_type>text</input_type>
              <default_value>NA</default_value>
              <values>NA</values>
            </attribute>
            <attribute>
              <name>sex</name>
              <mutable>False</mutable>
              <input_type>select</input_type>
              <default_value>NA</default_value>
              <values>NA</values>
            </attribute>
            <attribute>
              <name>view</name>
              <mutable>False</mutable>
              <input_type>select</input_type>
              <default_value>Side</default_value>
              <values>Side
Top-down</values>
            </attribute>
          </attributes>
        </label>
        <label>
          <name>Chum</name>
          <color>#b83df5</color>
          <attributes>
            <attribute>
              <name>view</name>
              <mutable>False</mutable>
              <input_type>select</input_type>
              <default_value>Side</default_value>
              <values>Side
Top-down</values>
            </attribute>
            <attribute>
              <name>injury</name>
              <mutable>False</mutable>
              <input_type>select</input_type>
              <default_value>No</default_value>
              <values>No
Yes
NA</values>
            </attribute>
            <attribute>
              <name>adipose clipped</name>
              <mutable>False</mutable>
              <input_type>select</input_type>
              <default_value>No</default_value>
              <values>No
Yes
NA</values>
            </attribute>
            <attribute>
              <name>notes</name>
              <mutable>False</mutable>
              <input_type>text</input_type>
              <default_value>NA</default_value>
              <values>NA</values>
            </attribute>
            <attribute>
              <name>sex</name>
              <mutable>False</mutable>
              <input_type>select</input_type>
              <default_value>Male</default_value>
              <values>Male
Female</values>
            </attribute>
            <attribute>
              <name>confidence level</name>
              <mutable>False</mutable>
              <input_type>select</input_type>
              <default_value>3</default_value>
              <values>3
2
1</values>
            </attribute>
          </attributes>
        </label>
        <label>
          <name>Whitefish</name>
          <color>#e5e3ee</color>
          <attributes>
            <attribute>
              <name>adipose clipped</name>
              <mutable>False</mutable>
              <input_type>select</input_type>
              <default_value>No</default_value>
              <values>No
Yes
NA</values>
            </attribute>
            <attribute>
              <name>confidence level</name>
              <mutable>False</mutable>
              <input_type>select</input_type>
              <default_value>3</default_value>
              <values>3
2
1</values>
            </attribute>
            <attribute>
              <name>injury</name>
              <mutable>False</mutable>
              <input_type>select</input_type>
              <default_value>No</default_value>
              <values>No
Yes
NA</values>
            </attribute>
            <attribute>
              <name>notes</name>
              <mutable>False</mutable>
              <input_type>text</input_type>
              <default_value>NA</default_value>
              <values>NA</values>
            </attribute>
            <attribute>
              <name>sex</name>
              <mutable>False</mutable>
              <input_type>select</input_type>
              <default_value>NA</default_value>
              <values>NA</values>
            </attribute>
            <attribute>
              <name>view</name>
              <mutable>False</mutable>
              <input_type>select</input_type>
              <default_value>Side</default_value>
              <values>Side
Top-down</values>
            </attribute>
          </attributes>
        </label>
        <label>
          <name>Pink</name>
          <color>#fa7dbb</color>
          <attributes>
            <attribute>
              <name>confidence level</name>
              <mutable>False</mutable>
              <input_type>select</input_type>
              <default_value>3</default_value>
              <values>3
2
1</values>
            </attribute>
            <attribute>
              <name>injury</name>
              <mutable>False</mutable>
              <input_type>select</input_type>
              <default_value>No</default_value>
              <values>No
Yes
NA</values>
            </attribute>
            <attribute>
              <name>notes</name>
              <mutable>False</mutable>
              <input_type>text</input_type>
              <default_value>NA</default_value>
              <values>NA</values>
            </attribute>
            <attribute>
              <name>sex</name>
              <mutable>False</mutable>
              <input_type>select</input_type>
              <default_value>Male</default_value>
              <values>Male
Female</values>
            </attribute>
            <attribute>
              <name>view</name>
              <mutable>False</mutable>
              <input_type>select</input_type>
              <default_value>Side</default_value>
              <values>Side
Top-down</values>
            </attribute>
            <attribute>
              <name>adipose clipped</name>
              <mutable>False</mutable>
              <input_type>select</input_type>
              <default_value>No</default_value>
              <values>No
Yes
NA</values>
            </attribute>
          </attributes>
        </label>
        <label>
          <name>Sockeye</name>
          <color>#fa3253</color>
          <attributes>
            <attribute>
              <name>sex</name>
              <mutable>False</mutable>
              <input_type>select</input_type>
              <default_value>Male</default_value>
              <values>Male
Female
Jack</values>
            </attribute>
            <attribute>
              <name>view</name>
              <mutable>False</mutable>
              <input_type>select</input_type>
              <default_value>Side</default_value>
              <values>Side
Top-down</values>
            </attribute>
            <attribute>
              <name>adipose clipped</name>
              <mutable>False</mutable>
              <input_type>select</input_type>
              <default_value>No</default_value>
              <values>No
Yes
NA</values>
            </attribute>
            <attribute>
              <name>confidence level</name>
              <mutable>False</mutable>
              <input_type>select</input_type>
              <default_value>3</default_value>
              <values>3
2
1</values>
            </attribute>
            <attribute>
              <name>injury</name>
              <mutable>False</mutable>
              <input_type>select</input_type>
              <default_value>No</default_value>
              <values>No
Yes
NA</values>
            </attribute>
            <attribute>
              <name>notes</name>
              <mutable>False</mutable>
              <input_type>text</input_type>
              <default_value>NA</default_value>
              <values>NA</values>
            </attribute>
          </attributes>
        </label>
        <label>
          <name>Steelhead</name>
          <color>#32b7fa</color>
          <attributes>
            <attribute>
              <name>confidence level</name>
              <mutable>False</mutable>
              <input_type>select</input_type>
              <default_value>3</default_value>
              <values>3
2
1</values>
            </attribute>
            <attribute>
              <name>injury</name>
              <mutable>False</mutable>
              <input_type>select</input_type>
              <default_value>No</default_value>
              <values>No
Yes
NA</values>
            </attribute>
            <attribute>
              <name>notes</name>
              <mutable>False</mutable>
              <input_type>text</input_type>
              <default_value>NA</default_value>
              <values>NA</values>
            </attribute>
            <attribute>
              <name>sex</name>
              <mutable>False</mutable>
              <input_type>select</input_type>
              <default_value>Male</default_value>
              <values>Male
Female</values>
            </attribute>
            <attribute>
              <name>view</name>
              <mutable>False</mutable>
              <input_type>select</input_type>
              <default_value>Side</default_value>
              <values>Side
Top-down</values>
            </attribute>
            <attribute>
              <name>adipose clipped</name>
              <mutable>False</mutable>
              <input_type>select</input_type>
              <default_value>No</default_value>
              <values>No
Yes
NA</values>
            </attribute>
          </attributes>
        </label>
        <label>
          <name>Rainbow</name>
          <color>#f1c6e3</color>
          <attributes>
            <attribute>
              <name>injury</name>
              <mutable>False</mutable>
              <input_type>select</input_type>
              <default_value>No</default_value>
              <values>No
Yes
NA</values>
            </attribute>
            <attribute>
              <name>notes</name>
              <mutable>False</mutable>
              <input_type>text</input_type>
              <default_value>NA</default_value>
              <values>NA</values>
            </attribute>
            <attribute>
              <name>view</name>
              <mutable>False</mutable>
              <input_type>select</input_type>
              <default_value>Side</default_value>
              <values>Side
Top-down</values>
            </attribute>
            <attribute>
              <name>sex</name>
              <mutable>False</mutable>
              <input_type>select</input_type>
              <default_value>NA</default_value>
              <values>NA
Juvenile</values>
            </attribute>
            <attribute>
              <name>adipose clipped</name>
              <mutable>False</mutable>
              <input_type>select</input_type>
              <default_value>No</default_value>
              <values>No
Yes
NA</values>
            </attribute>
            <attribute>
              <name>confidence level</name>
              <mutable>False</mutable>
              <input_type>select</input_type>
              <default_value>3</default_value>
              <values>3
2
1</values>
            </attribute>
          </attributes>
        </label>
        <label>
          <name>Chinook</name>
          <color>#2a7dd1</color>
          <attributes>
            <attribute>
              <name>adipose clipped</name>
              <mutable>False</mutable>
              <input_type>select</input_type>
              <default_value>No</default_value>
              <values>No
Yes
NA</values>
            </attribute>
            <attribute>
              <name>confidence level</name>
              <mutable>False</mutable>
              <input_type>select</input_type>
              <default_value>3</default_value>
              <values>3
2
1</values>
            </attribute>
            <attribute>
              <name>injury</name>
              <mutable>False</mutable>
              <input_type>select</input_type>
              <default_value>No</default_value>
              <values>No
Yes
NA</values>
            </attribute>
            <attribute>
              <name>notes</name>
              <mutable>False</mutable>
              <input_type>text</input_type>
              <default_value>NA</default_value>
              <values>NA</values>
            </attribute>
            <attribute>
              <name>sex</name>
              <mutable>False</mutable>
              <input_type>select</input_type>
              <default_value>Male</default_value>
              <values>Male
Female
Jack</values>
            </attribute>
            <attribute>
              <name>view</name>
              <mutable>False</mutable>
              <input_type>select</input_type>
              <default_value>Side</default_value>
              <values>Side
Top-down</values>
            </attribute>
          </attributes>
        </label>
        <label>
          <name>Pikeminnow</name>
          <color>#ecc49c</color>
          <attributes>
            <attribute>
              <name>confidence level</name>
              <mutable>False</mutable>
              <input_type>select</input_type>
              <default_value>3</default_value>
              <values>3
2
1</values>
            </attribute>
            <attribute>
              <name>notes</name>
              <mutable>False</mutable>
              <input_type>text</input_type>
              <default_value>NA</default_value>
              <values>NA</values>
            </attribute>
          </attributes>
        </label>
        <label>
          <name>Shiner</name>
          <color>#8c78f0</color>
          <attributes>
            <attribute>
              <name>confidence level</name>
              <mutable>False</mutable>
              <input_type>select</input_type>
              <default_value>3</default_value>
              <values>3
2
1</values>
            </attribute>
            <attribute>
              <name>notes</name>
              <mutable>False</mutable>
              <input_type>text</input_type>
              <default_value>NA</default_value>
              <values>NA</values>
            </attribute>
          </attributes>
        </label>
        <label>
          <name>Lampray</name>
          <color>#2e2930</color>
          <attributes>
            <attribute>
              <name>confidence level</name>
              <mutable>False</mutable>
              <input_type>select</input_type>
              <default_value>3</default_value>
              <values>3
2
1</values>
            </attribute>
            <attribute>
              <name>notes</name>
              <mutable>False</mutable>
              <input_type>text</input_type>
              <default_value>NA</default_value>
              <values>NA</values>
            </attribute>
          </attributes>
        </label>
        <label>
          <name>Cutthroat</name>
          <color>#cc9933</color>
          <attributes>
            <attribute>
              <name>adipose clipped</name>
              <mutable>False</mutable>
              <input_type>select</input_type>
              <default_value>No</default_value>
              <values>No
Yes
NA</values>
            </attribute>
            <attribute>
              <name>confidence level</name>
              <mutable>False</mutable>
              <input_type>select</input_type>
              <default_value>3</default_value>
              <values>3
2
1</values>
            </attribute>
            <attribute>
              <name>injury</name>
              <mutable>False</mutable>
              <input_type>select</input_type>
              <default_value>No</default_value>
              <values>No
Yes
NA</values>
            </attribute>
            <attribute>
              <name>notes</name>
              <mutable>False</mutable>
              <input_type>text</input_type>
              <default_value>NA</default_value>
              <values>NA</values>
            </attribute>
            <attribute>
              <name>sex</name>
              <mutable>False</mutable>
              <input_type>select</input_type>
              <default_value>NA</default_value>
              <values>NA
Juvenile</values>
            </attribute>
            <attribute>
              <name>view</name>
              <mutable>False</mutable>
              <input_type>select</input_type>
              <default_value>Side</default_value>
              <values>Side
Top-down</values>
            </attribute>
          </attributes>
        </label>
      </labels>
      <original_size>
        <width>1920</width>
        <height>1080</height>
      </original_size>
    </task>
    <dumped>2022-01-12 22:27:30.835149+00:00</dumped>
    <source>09-23-2020 17-18-51 M Salmon Camera(1).m4v</source>
  </meta>
  <track id="0" label="Rainbow" source="manual">
    <box frame="125" outside="0" occluded="1" keyframe="1" xtl="0.00" ytl="656.94" xbr="60.07" ybr="830.57" z_order="0">
      <attribute name="notes">NA</attribute>
      <attribute name="sex">NA</attribute>
      <attribute name="view">Side</attribute>
      <attribute name="adipose clipped">No</attribute>
      <attribute name="confidence level">1</attribute>
      <attribute name="injury">No</attribute>
    </box>
    <box frame="126" outside="0" occluded="1" keyframe="0" xtl="0.00" ytl="656.94" xbr="90.29" ybr="838.26" z_order="0">
      <attribute name="notes">NA</attribute>
      <attribute name="sex">NA</attribute>
      <attribute name="view">Side</attribute>
      <attribute name="adipose clipped">No</attribute>
      <attribute name="confidence level">1</attribute>
      <attribute name="injury">No</attribute>
    </box>
    <box frame="127" outside="0" occluded="1" keyframe="0" xtl="0.00" ytl="656.94" xbr="120.51" ybr="845.94" z_order="0">
      <attribute name="notes">NA</attribute>
      <attribute name="sex">NA</attribute>
      <attribute name="view">Side</attribute>
      <attribute name="adipose clipped">No</attribute>
      <attribute name="confidence level">1</attribute>
      <attribute name="injury">No</attribute>
    </box>
    <box frame="128" outside="0" occluded="1" keyframe="0" xtl="0.00" ytl="656.94" xbr="150.74" ybr="853.62" z_order="0">
      <attribute name="notes">NA</attribute>
      <attribute name="sex">NA</attribute>
      <attribute name="view">Side</attribute>
      <attribute name="adipose clipped">No</attribute>
      <attribute name="confidence level">1</attribute>
      <attribute name="injury">No</attribute>
    </box>
    <box frame="129" outside="0" occluded="1" keyframe="0" xtl="0.00" ytl="656.94" xbr="180.96" ybr="861.30" z_order="0">
      <attribute name="notes">NA</attribute>
      <attribute name="sex">NA</attribute>
      <attribute name="view">Side</attribute>
      <attribute name="adipose clipped">No</attribute>
      <attribute name="confidence level">1</attribute>
      <attribute name="injury">No</attribute>
    </box>
    <box frame="130" outside="0" occluded="1" keyframe="0" xtl="0.00" ytl="656.94" xbr="211.18" ybr="868.99" z_order="0">
      <attribute name="notes">NA</attribute>
      <attribute name="sex">NA</attribute>
      <attribute name="view">Side</attribute>
      <attribute name="adipose clipped">No</attribute>
      <attribute name="confidence level">1</attribute>
      <attribute name="injury">No</attribute>
    </box>
    <box frame="131" outside="0" occluded="1" keyframe="0" xtl="0.00" ytl="656.94" xbr="241.41" ybr="876.67" z_order="0">
      <attribute name="notes">NA</attribute>
      <attribute name="sex">NA</attribute>
      <attribute name="view">Side</attribute>
      <attribute name="adipose clipped">No</attribute>
      <attribute name="confidence level">1</attribute>
      <attribute name="injury">No</attribute>
    </box>
    <box frame="132" outside="0" occluded="1" keyframe="0" xtl="0.00" ytl="656.94" xbr="271.63" ybr="884.35" z_order="0">
      <attribute name="notes">NA</attribute>
      <attribute name="sex">NA</attribute>
      <attribute name="view">Side</attribute>
      <attribute name="adipose clipped">No</attribute>
      <attribute name="confidence level">1</attribute>
      <attribute name="injury">No</attribute>
    </box>
    <box frame="133" outside="0" occluded="1" keyframe="0" xtl="0.00" ytl="656.94" xbr="301.85" ybr="892.03" z_order="0">
      <attribute name="notes">NA</attribute>
      <attribute name="sex">NA</attribute>
      <attribute name="view">Side</attribute>
      <attribute name="adipose clipped">No</attribute>
      <attribute name="confidence level">1</attribute>
      <attribute name="injury">No</attribute>
    </box>
    <box frame="134" outside="0" occluded="1" keyframe="0" xtl="0.00" ytl="656.94" xbr="332.08" ybr="899.72" z_order="0">
      <attribute name="notes">NA</attribute>
      <attribute name="sex">NA</attribute>
      <attribute name="view">Side</attribute>
      <attribute name="adipose clipped">No</attribute>
      <attribute name="confidence level">1</attribute>
      <attribute name="injury">No</attribute>
    </box>
    <box frame="135" outside="0" occluded="0" keyframe="1" xtl="0.00" ytl="656.94" xbr="362.30" ybr="907.40" z_order="0">
      <attribute name="notes">NA</attribute>
      <attribute name="sex">NA</attribute>
      <attribute name="view">Side</attribute>
      <attribute name="adipose clipped">No</attribute>
      <attribute name="confidence level">1</attribute>
      <attribute name="injury">No</attribute>
    </box>
    <box frame="136" outside="0" occluded="0" keyframe="0" xtl="0.00" ytl="640.24" xbr="390.01" ybr="907.40" z_order="0">
      <attribute name="notes">NA</attribute>
      <attribute name="sex">NA</attribute>
      <attribute name="view">Side</attribute>
      <attribute name="adipose clipped">No</attribute>
      <attribute name="confidence level">1</attribute>
      <attribute name="injury">No</attribute>
    </box>
    <box frame="137" outside="0" occluded="0" keyframe="0" xtl="0.00" ytl="623.55" xbr="417.72" ybr="907.40" z_order="0">
      <attribute name="notes">NA</attribute>
      <attribute name="sex">NA</attribute>
      <attribute name="view">Side</attribute>
      <attribute name="adipose clipped">No</attribute>
      <attribute name="confidence level">1</attribute>
      <attribute name="injury">No</attribute>
    </box>
    <box frame="138" outside="0" occluded="0" keyframe="0" xtl="0.00" ytl="606.86" xbr="445.43" ybr="907.40" z_order="0">
      <attribute name="notes">NA</attribute>
      <attribute name="sex">NA</attribute>
      <attribute name="view">Side</attribute>
      <attribute name="adipose clipped">No</attribute>
      <attribute name="confidence level">1</attribute>
      <attribute name="injury">No</attribute>
    </box>
    <box frame="139" outside="0" occluded="0" keyframe="0" xtl="0.00" ytl="590.16" xbr="473.14" ybr="907.40" z_order="0">
      <attribute name="notes">NA</attribute>
      <attribute name="sex">NA</attribute>
      <attribute name="view">Side</attribute>
      <attribute name="adipose clipped">No</attribute>
      <attribute name="confidence level">1</attribute>
      <attribute name="injury">No</attribute>
    </box>
    <box frame="140" outside="0" occluded="0" keyframe="0" xtl="0.00" ytl="573.47" xbr="500.85" ybr="907.40" z_order="0">
      <attribute name="notes">NA</attribute>
      <attribute name="sex">NA</attribute>
      <attribute name="view">Side</attribute>
      <attribute name="adipose clipped">No</attribute>
      <attribute name="confidence level">1</attribute>
      <attribute name="injury">No</attribute>
    </box>
    <box frame="141" outside="0" occluded="0" keyframe="0" xtl="0.00" ytl="556.78" xbr="528.56" ybr="907.40" z_order="0">
      <attribute name="notes">NA</attribute>
      <attribute name="sex">NA</attribute>
      <attribute name="view">Side</attribute>
      <attribute name="adipose clipped">No</attribute>
      <attribute name="confidence level">1</attribute>
      <attribute name="injury">No</attribute>
    </box>
    <box frame="142" outside="0" occluded="0" keyframe="0" xtl="0.00" ytl="540.08" xbr="556.27" ybr="907.40" z_order="0">
      <attribute name="notes">NA</attribute>
      <attribute name="sex">NA</attribute>
      <attribute name="view">Side</attribute>
      <attribute name="adipose clipped">No</attribute>
      <attribute name="confidence level">1</attribute>
      <attribute name="injury">No</attribute>
    </box>
    <box frame="143" outside="0" occluded="0" keyframe="0" xtl="0.00" ytl="523.39" xbr="583.98" ybr="907.40" z_order="0">
      <attribute name="notes">NA</attribute>
      <attribute name="sex">NA</attribute>
      <attribute name="view">Side</attribute>
      <attribute name="adipose clipped">No</attribute>
      <attribute name="confidence level">1</attribute>
      <attribute name="injury">No</attribute>
    </box>
    <box frame="144" outside="0" occluded="0" keyframe="0" xtl="0.00" ytl="506.69" xbr="611.69" ybr="907.40" z_order="0">
      <attribute name="notes">NA</attribute>
      <attribute name="sex">NA</attribute>
      <attribute name="view">Side</attribute>
      <attribute name="adipose clipped">No</attribute>
      <attribute name="confidence level">1</attribute>
      <attribute name="injury">No</attribute>
    </box>
    <box frame="145" outside="0" occluded="0" keyframe="1" xtl="0.00" ytl="490.00" xbr="639.40" ybr="907.40" z_order="0">
      <attribute name="notes">NA</attribute>
      <attribute name="sex">NA</attribute>
      <attribute name="view">Side</attribute>
      <attribute name="adipose clipped">No</attribute>
      <attribute name="confidence level">1</attribute>
      <attribute name="injury">No</attribute>
    </box>
    <box frame="146" outside="0" occluded="0" keyframe="0" xtl="0.00" ytl="469.30" xbr="677.13" ybr="890.83" z_order="0">
      <attribute name="notes">NA</attribute>
      <attribute name="sex">NA</attribute>
      <attribute name="view">Side</attribute>
      <attribute name="adipose clipped">No</attribute>
      <attribute name="confidence level">1</attribute>
      <attribute name="injury">No</attribute>
    </box>
    <box frame="147" outside="0" occluded="0" keyframe="0" xtl="0.00" ytl="448.60" xbr="714.86" ybr="874.26" z_order="0">
      <attribute name="notes">NA</attribute>
      <attribute name="sex">NA</attribute>
      <attribute name="view">Side</attribute>
      <attribute name="adipose clipped">No</attribute>
      <attribute name="confidence level">1</attribute>
      <attribute name="injury">No</attribute>
    </box>
    <box frame="148" outside="0" occluded="0" keyframe="0" xtl="0.00" ytl="427.90" xbr="752.59" ybr="857.69" z_order="0">
      <attribute name="notes">NA</attribute>
      <attribute name="sex">NA</attribute>
      <attribute name="view">Side</attribute>
      <attribute name="adipose clipped">No</attribute>
      <attribute name="confidence level">1</attribute>
      <attribute name="injury">No</attribute>
    </box>
    <box frame="149" outside="0" occluded="0" keyframe="0" xtl="0.00" ytl="407.20" xbr="790.32" ybr="841.11" z_order="0">
      <attribute name="notes">NA</attribute>
      <attribute name="sex">NA</attribute>
      <attribute name="view">Side</attribute>
      <attribute name="adipose clipped">No</attribute>
      <attribute name="confidence level">1</attribute>
      <attribute name="injury">No</attribute>
    </box>
    <box frame="150" outside="0" occluded="0" keyframe="0" xtl="0.00" ytl="386.50" xbr="828.05" ybr="824.54" z_order="0">
      <attribute name="notes">NA</attribute>
      <attribute name="sex">NA</attribute>
      <attribute name="view">Side</attribute>
      <attribute name="adipose clipped">No</attribute>
      <attribute name="confidence level">1</attribute>
      <attribute name="injury">No</attribute>
    </box>
    <box frame="151" outside="0" occluded="0" keyframe="0" xtl="0.00" ytl="365.80" xbr="865.78" ybr="807.97" z_order="0">
      <attribute name="notes">NA</attribute>
      <attribute name="sex">NA</attribute>
      <attribute name="view">Side</attribute>
      <attribute name="adipose clipped">No</attribute>
      <attribute name="confidence level">1</attribute>
      <attribute name="injury">No</attribute>
    </box>
    <box frame="152" outside="0" occluded="0" keyframe="1" xtl="0.00" ytl="345.10" xbr="903.51" ybr="791.40" z_order="0">
      <attribute name="notes">NA</attribute>
      <attribute name="sex">NA</attribute>
      <attribute name="view">Side</attribute>
      <attribute name="adipose clipped">No</attribute>
      <attribute name="confidence level">1</attribute>
      <attribute name="injury">No</attribute>
    </box>
    <box frame="153" outside="0" occluded="0" keyframe="0" xtl="20.03" ytl="324.40" xbr="941.24" ybr="777.20" z_order="0">
      <attribute name="notes">NA</attribute>
      <attribute name="sex">NA</attribute>
      <attribute name="view">Side</attribute>
      <attribute name="adipose clipped">No</attribute>
      <attribute name="confidence level">1</attribute>
      <attribute name="injury">No</attribute>
    </box>
    <box frame="154" outside="0" occluded="0" keyframe="0" xtl="40.07" ytl="303.70" xbr="978.97" ybr="762.99" z_order="0">
      <attribute name="notes">NA</attribute>
      <attribute name="sex">NA</attribute>
      <attribute name="view">Side</attribute>
      <attribute name="adipose clipped">No</attribute>
      <attribute name="confidence level">1</attribute>
      <attribute name="injury">No</attribute>
    </box>
    <box frame="155" outside="0" occluded="0" keyframe="1" xtl="60.10" ytl="283.00" xbr="1016.70" ybr="748.79" z_order="0">
      <attribute name="notes">NA</attribute>
      <attribute name="sex">NA</attribute>
      <attribute name="view">Side</attribute>
      <attribute name="adipose clipped">No</attribute>
      <attribute name="confidence level">1</attribute>
      <attribute name="injury">No</attribute>
    </box>
    <box frame="156" outside="0" occluded="0" keyframe="0" xtl="72.13" ytl="259.88" xbr="1046.58" ybr="733.09" z_order="0">
      <attribute name="notes">NA</attribute>
      <attribute name="sex">NA</attribute>
      <attribute name="view">Side</attribute>
      <attribute name="adipose clipped">No</attribute>
      <attribute name="confidence level">1</attribute>
      <attribute name="injury">No</attribute>
    </box>
    <box frame="157" outside="0" occluded="0" keyframe="0" xtl="84.15" ytl="236.75" xbr="1076.46" ybr="717.40" z_order="0">
      <attribute name="notes">NA</attribute>
      <attribute name="sex">NA</attribute>
      <attribute name="view">Side</attribute>
      <attribute name="adipose clipped">No</attribute>
      <attribute name="confidence level">1</attribute>
      <attribute name="injury">No</attribute>
    </box>
    <box frame="158" outside="0" occluded="0" keyframe="0" xtl="96.18" ytl="213.63" xbr="1106.34" ybr="701.70" z_order="0">
      <attribute name="notes">NA</attribute>
      <attribute name="sex">NA</attribute>
      <attribute name="view">Side</attribute>
      <attribute name="adipose clipped">No</attribute>
      <attribute name="confidence level">1</attribute>
      <attribute name="injury">No</attribute>
    </box>
    <box frame="159" outside="0" occluded="0" keyframe="1" xtl="108.20" ytl="190.50" xbr="1136.22" ybr="686.00" z_order="0">
      <attribute name="notes">NA</attribute>
      <attribute name="sex">NA</attribute>
      <attribute name="view">Side</attribute>
      <attribute name="adipose clipped">No</attribute>
      <attribute name="confidence level">1</attribute>
      <attribute name="injury">No</attribute>
    </box>
    <box frame="160" outside="0" occluded="0" keyframe="0" xtl="129.96" ytl="161.12" xbr="1168.88" ybr="641.08" z_order="0">
      <attribute name="notes">NA</attribute>
      <attribute name="sex">NA</attribute>
      <attribute name="view">Side</attribute>
      <attribute name="adipose clipped">No</attribute>
      <attribute name="confidence level">1</attribute>
      <attribute name="injury">No</attribute>
    </box>
    <box frame="161" outside="0" occluded="0" keyframe="0" xtl="151.72" ytl="131.74" xbr="1201.55" ybr="596.17" z_order="0">
      <attribute name="notes">NA</attribute>
      <attribute name="sex">NA</attribute>
      <attribute name="view">Side</attribute>
      <attribute name="adipose clipped">No</attribute>
      <attribute name="confidence level">1</attribute>
      <attribute name="injury">No</attribute>
    </box>
    <box frame="162" outside="0" occluded="0" keyframe="0" xtl="173.47" ytl="102.35" xbr="1234.21" ybr="551.25" z_order="0">
      <attribute name="notes">NA</attribute>
      <attribute name="sex">NA</attribute>
      <attribute name="view">Side</attribute>
      <attribute name="adipose clipped">No</attribute>
      <attribute name="confidence level">1</attribute>
      <attribute name="injury">No</attribute>
    </box>
    <box frame="163" outside="0" occluded="0" keyframe="0" xtl="195.23" ytl="72.97" xbr="1266.87" ybr="506.33" z_order="0">
      <attribute name="notes">NA</attribute>
      <attribute name="sex">NA</attribute>
      <attribute name="view">Side</attribute>
      <attribute name="adipose clipped">No</attribute>
      <attribute name="confidence level">1</attribute>
      <attribute name="injury">No</attribute>
    </box>
    <box frame="164" outside="0" occluded="0" keyframe="0" xtl="216.99" ytl="43.58" xbr="1299.54" ybr="461.42" z_order="0">
      <attribute name="notes">NA</attribute>
      <attribute name="sex">NA</attribute>
      <attribute name="view">Side</attribute>
      <attribute name="adipose clipped">No</attribute>
      <attribute name="confidence level">1</attribute>
      <attribute name="injury">No</attribute>
    </box>
    <box frame="165" outside="0" occluded="0" keyframe="1" xtl="238.75" ytl="14.20" xbr="1332.20" ybr="416.50" z_order="0">
      <attribute name="notes">NA</attribute>
      <attribute name="sex">NA</attribute>
      <attribute name="view">Side</attribute>
      <attribute name="adipose clipped">No</attribute>
      <attribute name="confidence level">1</attribute>
      <attribute name="injury">No</attribute>
    </box>
    <box frame="166" outside="0" occluded="0" keyframe="0" xtl="261.62" ytl="14.03" xbr="1355.07" ybr="416.33" z_order="0">
      <attribute name="notes">NA</attribute>
      <attribute name="sex">NA</attribute>
      <attribute name="view">Side</attribute>
      <attribute name="adipose clipped">No</attribute>
      <attribute name="confidence level">1</attribute>
      <attribute name="injury">No</attribute>
    </box>
    <box frame="167" outside="0" occluded="0" keyframe="0" xtl="284.49" ytl="13.87" xbr="1377.95" ybr="416.17" z_order="0">
      <attribute name="notes">NA</attribute>
      <attribute name="sex">NA</attribute>
      <attribute name="view">Side</attribute>
      <attribute name="adipose clipped">No</attribute>
      <attribute name="confidence level">1</attribute>
      <attribute name="injury">No</attribute>
    </box>
    <box frame="168" outside="0" occluded="0" keyframe="0" xtl="307.37" ytl="13.70" xbr="1400.82" ybr="416.00" z_order="0">
      <attribute name="notes">NA</attribute>
      <attribute name="sex">NA</attribute>
      <attribute name="view">Side</attribute>
      <attribute name="adipose clipped">No</attribute>
      <attribute name="confidence level">1</attribute>
      <attribute name="injury">No</attribute>
    </box>
    <box frame="169" outside="0" occluded="0" keyframe="0" xtl="330.24" ytl="13.53" xbr="1423.69" ybr="415.83" z_order="0">
      <attribute name="notes">NA</attribute>
      <attribute name="sex">NA</attribute>
      <attribute name="view">Side</attribute>
      <attribute name="adipose clipped">No</attribute>
      <attribute name="confidence level">1</attribute>
      <attribute name="injury">No</attribute>
    </box>
    <box frame="170" outside="0" occluded="0" keyframe="0" xtl="353.11" ytl="13.37" xbr="1446.57" ybr="415.67" z_order="0">
      <attribute name="notes">NA</attribute>
      <attribute name="sex">NA</attribute>
      <attribute name="view">Side</attribute>
      <attribute name="adipose clipped">No</attribute>
      <attribute name="confidence level">1</attribute>
      <attribute name="injury">No</attribute>
    </box>
    <box frame="171" outside="0" occluded="0" keyframe="0" xtl="375.99" ytl="13.20" xbr="1469.44" ybr="415.50" z_order="0">
      <attribute name="notes">NA</attribute>
      <attribute name="sex">NA</attribute>
      <attribute name="view">Side</attribute>
      <attribute name="adipose clipped">No</attribute>
      <attribute name="confidence level">1</attribute>
      <attribute name="injury">No</attribute>
    </box>
    <box frame="172" outside="0" occluded="0" keyframe="0" xtl="398.86" ytl="13.03" xbr="1492.31" ybr="415.33" z_order="0">
      <attribute name="notes">NA</attribute>
      <attribute name="sex">NA</attribute>
      <attribute name="view">Side</attribute>
      <attribute name="adipose clipped">No</attribute>
      <attribute name="confidence level">1</attribute>
      <attribute name="injury">No</attribute>
    </box>
    <box frame="173" outside="0" occluded="0" keyframe="0" xtl="421.73" ytl="12.86" xbr="1515.18" ybr="415.16" z_order="0">
      <attribute name="notes">NA</attribute>
      <attribute name="sex">NA</attribute>
      <attribute name="view">Side</attribute>
      <attribute name="adipose clipped">No</attribute>
      <attribute name="confidence level">1</attribute>
      <attribute name="injury">No</attribute>
    </box>
    <box frame="174" outside="0" occluded="0" keyframe="0" xtl="444.60" ytl="12.70" xbr="1538.06" ybr="415.00" z_order="0">
      <attribute name="notes">NA</attribute>
      <attribute name="sex">NA</attribute>
      <attribute name="view">Side</attribute>
      <attribute name="adipose clipped">No</attribute>
      <attribute name="confidence level">1</attribute>
      <attribute name="injury">No</attribute>
    </box>
    <box frame="175" outside="0" occluded="0" keyframe="1" xtl="467.48" ytl="12.53" xbr="1560.93" ybr="414.83" z_order="0">
      <attribute name="notes">NA</attribute>
      <attribute name="sex">NA</attribute>
      <attribute name="view">Side</attribute>
      <attribute name="adipose clipped">No</attribute>
      <attribute name="confidence level">1</attribute>
      <attribute name="injury">No</attribute>
    </box>
    <box frame="176" outside="0" occluded="0" keyframe="0" xtl="487.18" ytl="11.28" xbr="1574.12" ybr="397.63" z_order="0">
      <attribute name="notes">NA</attribute>
      <attribute name="sex">NA</attribute>
      <attribute name="view">Side</attribute>
      <attribute name="adipose clipped">No</attribute>
      <attribute name="confidence level">1</attribute>
      <attribute name="injury">No</attribute>
    </box>
    <box frame="177" outside="0" occluded="0" keyframe="0" xtl="506.88" ytl="10.02" xbr="1587.30" ybr="380.44" z_order="0">
      <attribute name="notes">NA</attribute>
      <attribute name="sex">NA</attribute>
      <attribute name="view">Side</attribute>
      <attribute name="adipose clipped">No</attribute>
      <attribute name="confidence level">1</attribute>
      <attribute name="injury">No</attribute>
    </box>
    <box frame="178" outside="0" occluded="0" keyframe="0" xtl="526.58" ytl="8.77" xbr="1600.49" ybr="363.24" z_order="0">
      <attribute name="notes">NA</attribute>
      <attribute name="sex">NA</attribute>
      <attribute name="view">Side</attribute>
      <attribute name="adipose clipped">No</attribute>
      <attribute name="confidence level">1</attribute>
      <attribute name="injury">No</attribute>
    </box>
    <box frame="179" outside="0" occluded="0" keyframe="0" xtl="546.28" ytl="7.52" xbr="1613.68" ybr="346.04" z_order="0">
      <attribute name="notes">NA</attribute>
      <attribute name="sex">NA</attribute>
      <attribute name="view">Side</attribute>
      <attribute name="adipose clipped">No</attribute>
      <attribute name="confidence level">1</attribute>
      <attribute name="injury">No</attribute>
    </box>
    <box frame="180" outside="0" occluded="0" keyframe="0" xtl="565.98" ytl="6.27" xbr="1626.87" ybr="328.85" z_order="0">
      <attribute name="notes">NA</attribute>
      <attribute name="sex">NA</attribute>
      <attribute name="view">Side</attribute>
      <attribute name="adipose clipped">No</attribute>
      <attribute name="confidence level">1</attribute>
      <attribute name="injury">No</attribute>
    </box>
    <box frame="181" outside="0" occluded="0" keyframe="0" xtl="585.68" ytl="5.01" xbr="1640.05" ybr="311.65" z_order="0">
      <attribute name="notes">NA</attribute>
      <attribute name="sex">NA</attribute>
      <attribute name="view">Side</attribute>
      <attribute name="adipose clipped">No</attribute>
      <attribute name="confidence level">1</attribute>
      <attribute name="injury">No</attribute>
    </box>
    <box frame="182" outside="0" occluded="0" keyframe="0" xtl="605.38" ytl="3.76" xbr="1653.24" ybr="294.45" z_order="0">
      <attribute name="notes">NA</attribute>
      <attribute name="sex">NA</attribute>
      <attribute name="view">Side</attribute>
      <attribute name="adipose clipped">No</attribute>
      <attribute name="confidence level">1</attribute>
      <attribute name="injury">No</attribute>
    </box>
    <box frame="183" outside="0" occluded="0" keyframe="0" xtl="625.08" ytl="2.51" xbr="1666.43" ybr="277.26" z_order="0">
      <attribute name="notes">NA</attribute>
      <attribute name="sex">NA</attribute>
      <attribute name="view">Side</attribute>
      <attribute name="adipose clipped">No</attribute>
      <attribute name="confidence level">1</attribute>
      <attribute name="injury">No</attribute>
    </box>
    <box frame="184" outside="0" occluded="0" keyframe="0" xtl="644.78" ytl="1.25" xbr="1679.61" ybr="260.06" z_order="0">
      <attribute name="notes">NA</attribute>
      <attribute name="sex">NA</attribute>
      <attribute name="view">Side</attribute>
      <attribute name="adipose clipped">No</attribute>
      <attribute name="confidence level">1</attribute>
      <attribute name="injury">No</attribute>
    </box>
    <box frame="185" outside="0" occluded="0" keyframe="1" xtl="664.49" ytl="0.00" xbr="1692.80" ybr="242.86" z_order="0">
      <attribute name="notes">NA</attribute>
      <attribute name="sex">NA</attribute>
      <attribute name="view">Side</attribute>
      <attribute name="adipose clipped">No</attribute>
      <attribute name="confidence level">1</attribute>
      <attribute name="injury">No</attribute>
    </box>
    <box frame="186" outside="0" occluded="0" keyframe="0" xtl="681.68" ytl="0.00" xbr="1710.00" ybr="237.35" z_order="0">
      <attribute name="notes">NA</attribute>
      <attribute name="sex">NA</attribute>
      <attribute name="view">Side</attribute>
      <attribute name="adipose clipped">No</attribute>
      <attribute name="confidence level">1</attribute>
      <attribute name="injury">No</attribute>
    </box>
    <box frame="187" outside="0" occluded="0" keyframe="0" xtl="698.88" ytl="0.00" xbr="1727.19" ybr="231.85" z_order="0">
      <attribute name="notes">NA</attribute>
      <attribute name="sex">NA</attribute>
      <attribute name="view">Side</attribute>
      <attribute name="adipose clipped">No</attribute>
      <attribute name="confidence level">1</attribute>
      <attribute name="injury">No</attribute>
    </box>
    <box frame="188" outside="0" occluded="0" keyframe="0" xtl="716.07" ytl="0.00" xbr="1744.39" ybr="226.34" z_order="0">
      <attribute name="notes">NA</attribute>
      <attribute name="sex">NA</attribute>
      <attribute name="view">Side</attribute>
      <attribute name="adipose clipped">No</attribute>
      <attribute name="confidence level">1</attribute>
      <attribute name="injury">No</attribute>
    </box>
    <box frame="189" outside="0" occluded="0" keyframe="0" xtl="733.27" ytl="0.00" xbr="1761.59" ybr="220.83" z_order="0">
      <attribute name="notes">NA</attribute>
      <attribute name="sex">NA</attribute>
      <attribute name="view">Side</attribute>
      <attribute name="adipose clipped">No</attribute>
      <attribute name="confidence level">1</attribute>
      <attribute name="injury">No</attribute>
    </box>
    <box frame="190" outside="0" occluded="0" keyframe="0" xtl="750.47" ytl="0.00" xbr="1778.78" ybr="215.32" z_order="0">
      <attribute name="notes">NA</attribute>
      <attribute name="sex">NA</attribute>
      <attribute name="view">Side</attribute>
      <attribute name="adipose clipped">No</attribute>
      <attribute name="confidence level">1</attribute>
      <attribute name="injury">No</attribute>
    </box>
    <box frame="191" outside="0" occluded="0" keyframe="0" xtl="767.66" ytl="0.00" xbr="1795.98" ybr="209.81" z_order="0">
      <attribute name="notes">NA</attribute>
      <attribute name="sex">NA</attribute>
      <attribute name="view">Side</attribute>
      <attribute name="adipose clipped">No</attribute>
      <attribute name="confidence level">1</attribute>
      <attribute name="injury">No</attribute>
    </box>
    <box frame="192" outside="0" occluded="0" keyframe="0" xtl="784.86" ytl="0.00" xbr="1813.18" ybr="204.30" z_order="0">
      <attribute name="notes">NA</attribute>
      <attribute name="sex">NA</attribute>
      <attribute name="view">Side</attribute>
      <attribute name="adipose clipped">No</attribute>
      <attribute name="confidence level">1</attribute>
      <attribute name="injury">No</attribute>
    </box>
    <box frame="193" outside="0" occluded="0" keyframe="0" xtl="802.06" ytl="0.00" xbr="1830.37" ybr="198.79" z_order="0">
      <attribute name="notes">NA</attribute>
      <attribute name="sex">NA</attribute>
      <attribute name="view">Side</attribute>
      <attribute name="adipose clipped">No</attribute>
      <attribute name="confidence level">1</attribute>
      <attribute name="injury">No</attribute>
    </box>
    <box frame="194" outside="0" occluded="0" keyframe="0" xtl="819.25" ytl="0.00" xbr="1847.57" ybr="193.28" z_order="0">
      <attribute name="notes">NA</attribute>
      <attribute name="sex">NA</attribute>
      <attribute name="view">Side</attribute>
      <attribute name="adipose clipped">No</attribute>
      <attribute name="confidence level">1</attribute>
      <attribute name="injury">No</attribute>
    </box>
    <box frame="195" outside="0" occluded="0" keyframe="1" xtl="836.45" ytl="0.00" xbr="1864.76" ybr="187.77" z_order="0">
      <attribute name="notes">NA</attribute>
      <attribute name="sex">NA</attribute>
      <attribute name="view">Side</attribute>
      <attribute name="adipose clipped">No</attribute>
      <attribute name="confidence level">1</attribute>
      <attribute name="injury">No</attribute>
    </box>
    <box frame="196" outside="0" occluded="0" keyframe="0" xtl="868.17" ytl="0.00" xbr="1870.29" ybr="187.27" z_order="0">
      <attribute name="notes">NA</attribute>
      <attribute name="sex">NA</attribute>
      <attribute name="view">Side</attribute>
      <attribute name="adipose clipped">No</attribute>
      <attribute name="confidence level">1</attribute>
      <attribute name="injury">No</attribute>
    </box>
    <box frame="197" outside="0" occluded="0" keyframe="0" xtl="899.89" ytl="0.00" xbr="1875.81" ybr="186.77" z_order="0">
      <attribute name="notes">NA</attribute>
      <attribute name="sex">NA</attribute>
      <attribute name="view">Side</attribute>
      <attribute name="adipose clipped">No</attribute>
      <attribute name="confidence level">1</attribute>
      <attribute name="injury">No</attribute>
    </box>
    <box frame="198" outside="0" occluded="0" keyframe="0" xtl="931.62" ytl="0.00" xbr="1881.34" ybr="186.27" z_order="0">
      <attribute name="notes">NA</attribute>
      <attribute name="sex">NA</attribute>
      <attribute name="view">Side</attribute>
      <attribute name="adipose clipped">No</attribute>
      <attribute name="confidence level">1</attribute>
      <attribute name="injury">No</attribute>
    </box>
    <box frame="199" outside="0" occluded="0" keyframe="0" xtl="963.34" ytl="0.00" xbr="1886.86" ybr="185.77" z_order="0">
      <attribute name="notes">NA</attribute>
      <attribute name="sex">NA</attribute>
      <attribute name="view">Side</attribute>
      <attribute name="adipose clipped">No</attribute>
      <attribute name="confidence level">1</attribute>
      <attribute name="injury">No</attribute>
    </box>
    <box frame="200" outside="0" occluded="0" keyframe="0" xtl="995.06" ytl="0.00" xbr="1892.38" ybr="185.26" z_order="0">
      <attribute name="notes">NA</attribute>
      <attribute name="sex">NA</attribute>
      <attribute name="view">Side</attribute>
      <attribute name="adipose clipped">No</attribute>
      <attribute name="confidence level">1</attribute>
      <attribute name="injury">No</attribute>
    </box>
    <box frame="201" outside="0" occluded="0" keyframe="0" xtl="1026.78" ytl="0.00" xbr="1897.91" ybr="184.76" z_order="0">
      <attribute name="notes">NA</attribute>
      <attribute name="sex">NA</attribute>
      <attribute name="view">Side</attribute>
      <attribute name="adipose clipped">No</attribute>
      <attribute name="confidence level">1</attribute>
      <attribute name="injury">No</attribute>
    </box>
    <box frame="202" outside="0" occluded="0" keyframe="0" xtl="1058.50" ytl="0.00" xbr="1903.43" ybr="184.26" z_order="0">
      <attribute name="notes">NA</attribute>
      <attribute name="sex">NA</attribute>
      <attribute name="view">Side</attribute>
      <attribute name="adipose clipped">No</attribute>
      <attribute name="confidence level">1</attribute>
      <attribute name="injury">No</attribute>
    </box>
    <box frame="203" outside="0" occluded="0" keyframe="0" xtl="1090.22" ytl="0.00" xbr="1908.95" ybr="183.76" z_order="0">
      <attribute name="notes">NA</attribute>
      <attribute name="sex">NA</attribute>
      <attribute name="view">Side</attribute>
      <attribute name="adipose clipped">No</attribute>
      <attribute name="confidence level">1</attribute>
      <attribute name="injury">No</attribute>
    </box>
    <box frame="204" outside="0" occluded="0" keyframe="0" xtl="1121.95" ytl="0.00" xbr="1914.48" ybr="183.26" z_order="0">
      <attribute name="notes">NA</attribute>
      <attribute name="sex">NA</attribute>
      <attribute name="view">Side</attribute>
      <attribute name="adipose clipped">No</attribute>
      <attribute name="confidence level">1</attribute>
      <attribute name="injury">No</attribute>
    </box>
    <box frame="205" outside="0" occluded="0" keyframe="1" xtl="1153.67" ytl="0.00" xbr="1920.00" ybr="182.76" z_order="0">
      <attribute name="notes">NA</attribute>
      <attribute name="sex">NA</attribute>
      <attribute name="view">Side</attribute>
      <attribute name="adipose clipped">No</attribute>
      <attribute name="confidence level">1</attribute>
      <attribute name="injury">No</attribute>
    </box>
    <box frame="206" outside="0" occluded="0" keyframe="0" xtl="1190.06" ytl="0.00" xbr="1920.00" ybr="196.12" z_order="0">
      <attribute name="notes">NA</attribute>
      <attribute name="sex">NA</attribute>
      <attribute name="view">Side</attribute>
      <attribute name="adipose clipped">No</attribute>
      <attribute name="confidence level">1</attribute>
      <attribute name="injury">No</attribute>
    </box>
    <box frame="207" outside="0" occluded="0" keyframe="0" xtl="1226.46" ytl="0.00" xbr="1920.00" ybr="209.48" z_order="0">
      <attribute name="notes">NA</attribute>
      <attribute name="sex">NA</attribute>
      <attribute name="view">Side</attribute>
      <attribute name="adipose clipped">No</attribute>
      <attribute name="confidence level">1</attribute>
      <attribute name="injury">No</attribute>
    </box>
    <box frame="208" outside="0" occluded="0" keyframe="0" xtl="1262.86" ytl="0.00" xbr="1920.00" ybr="222.83" z_order="0">
      <attribute name="notes">NA</attribute>
      <attribute name="sex">NA</attribute>
      <attribute name="view">Side</attribute>
      <attribute name="adipose clipped">No</attribute>
      <attribute name="confidence level">1</attribute>
      <attribute name="injury">No</attribute>
    </box>
    <box frame="209" outside="0" occluded="0" keyframe="0" xtl="1299.25" ytl="0.00" xbr="1920.00" ybr="236.19" z_order="0">
      <attribute name="notes">NA</attribute>
      <attribute name="sex">NA</attribute>
      <attribute name="view">Side</attribute>
      <attribute name="adipose clipped">No</attribute>
      <attribute name="confidence level">1</attribute>
      <attribute name="injury">No</attribute>
    </box>
    <box frame="210" outside="0" occluded="0" keyframe="0" xtl="1335.65" ytl="0.00" xbr="1920.00" ybr="249.55" z_order="0">
      <attribute name="notes">NA</attribute>
      <attribute name="sex">NA</attribute>
      <attribute name="view">Side</attribute>
      <attribute name="adipose clipped">No</attribute>
      <attribute name="confidence level">1</attribute>
      <attribute name="injury">No</attribute>
    </box>
    <box frame="211" outside="0" occluded="0" keyframe="0" xtl="1372.05" ytl="0.00" xbr="1920.00" ybr="262.91" z_order="0">
      <attribute name="notes">NA</attribute>
      <attribute name="sex">NA</attribute>
      <attribute name="view">Side</attribute>
      <attribute name="adipose clipped">No</attribute>
      <attribute name="confidence level">1</attribute>
      <attribute name="injury">No</attribute>
    </box>
    <box frame="212" outside="0" occluded="0" keyframe="0" xtl="1408.44" ytl="0.00" xbr="1920.00" ybr="276.27" z_order="0">
      <attribute name="notes">NA</attribute>
      <attribute name="sex">NA</attribute>
      <attribute name="view">Side</attribute>
      <attribute name="adipose clipped">No</attribute>
      <attribute name="confidence level">1</attribute>
      <attribute name="injury">No</attribute>
    </box>
    <box frame="213" outside="0" occluded="0" keyframe="0" xtl="1444.84" ytl="0.00" xbr="1920.00" ybr="289.63" z_order="0">
      <attribute name="notes">NA</attribute>
      <attribute name="sex">NA</attribute>
      <attribute name="view">Side</attribute>
      <attribute name="adipose clipped">No</attribute>
      <attribute name="confidence level">1</attribute>
      <attribute name="injury">No</attribute>
    </box>
    <box frame="214" outside="0" occluded="0" keyframe="0" xtl="1481.24" ytl="0.00" xbr="1920.00" ybr="302.99" z_order="0">
      <attribute name="notes">NA</attribute>
      <attribute name="sex">NA</attribute>
      <attribute name="view">Side</attribute>
      <attribute name="adipose clipped">No</attribute>
      <attribute name="confidence level">1</attribute>
      <attribute name="injury">No</attribute>
    </box>
    <box frame="215" outside="0" occluded="1" keyframe="1" xtl="1517.63" ytl="0.00" xbr="1920.00" ybr="316.34" z_order="0">
      <attribute name="notes">NA</attribute>
      <attribute name="sex">NA</attribute>
      <attribute name="view">Side</attribute>
      <attribute name="adipose clipped">No</attribute>
      <attribute name="confidence level">1</attribute>
      <attribute name="injury">No</attribute>
    </box>
    <box frame="216" outside="0" occluded="1" keyframe="0" xtl="1474.89" ytl="3.50" xbr="1920.00" ybr="332.54" z_order="0">
      <attribute name="notes">NA</attribute>
      <attribute name="sex">NA</attribute>
      <attribute name="view">Side</attribute>
      <attribute name="adipose clipped">No</attribute>
      <attribute name="confidence level">1</attribute>
      <attribute name="injury">No</attribute>
    </box>
    <box frame="217" outside="0" occluded="1" keyframe="0" xtl="1432.14" ytl="7.00" xbr="1920.00" ybr="348.73" z_order="0">
      <attribute name="notes">NA</attribute>
      <attribute name="sex">NA</attribute>
      <attribute name="view">Side</attribute>
      <attribute name="adipose clipped">No</attribute>
      <attribute name="confidence level">1</attribute>
      <attribute name="injury">No</attribute>
    </box>
    <box frame="218" outside="0" occluded="1" keyframe="1" xtl="1389.40" ytl="10.50" xbr="1920.00" ybr="364.93" z_order="0">
      <attribute name="notes">NA</attribute>
      <attribute name="sex">NA</attribute>
      <attribute name="view">Side</attribute>
      <attribute name="adipose clipped">No</attribute>
      <attribute name="confidence level">1</attribute>
      <attribute name="injury">No</attribute>
    </box>
    <box frame="219" outside="0" occluded="1" keyframe="0" xtl="1394.53" ytl="17.37" xbr="1920.00" ybr="381.13" z_order="0">
      <attribute name="notes">NA</attribute>
      <attribute name="sex">NA</attribute>
      <attribute name="view">Side</attribute>
      <attribute name="adipose clipped">No</attribute>
      <attribute name="confidence level">1</attribute>
      <attribute name="injury">No</attribute>
    </box>
    <box frame="220" outside="0" occluded="1" keyframe="0" xtl="1399.67" ytl="24.23" xbr="1920.00" ybr="397.32" z_order="0">
      <attribute name="notes">NA</attribute>
      <attribute name="sex">NA</attribute>
      <attribute name="view">Side</attribute>
      <attribute name="adipose clipped">No</attribute>
      <attribute name="confidence level">1</attribute>
      <attribute name="injury">No</attribute>
    </box>
    <box frame="221" outside="0" occluded="1" keyframe="1" xtl="1404.80" ytl="31.10" xbr="1920.00" ybr="413.52" z_order="0">
      <attribute name="notes">NA</attribute>
      <attribute name="sex">NA</attribute>
      <attribute name="view">Side</attribute>
      <attribute name="adipose clipped">No</attribute>
      <attribute name="confidence level">1</attribute>
      <attribute name="injury">No</attribute>
    </box>
    <box frame="222" outside="0" occluded="1" keyframe="0" xtl="1415.47" ytl="48.79" xbr="1920.00" ybr="429.71" z_order="0">
      <attribute name="notes">NA</attribute>
      <attribute name="sex">NA</attribute>
      <attribute name="view">Side</attribute>
      <attribute name="adipose clipped">No</attribute>
      <attribute name="confidence level">1</attribute>
      <attribute name="injury">No</attribute>
    </box>
    <box frame="223" outside="0" occluded="1" keyframe="0" xtl="1426.13" ytl="66.47" xbr="1920.00" ybr="445.91" z_order="0">
      <attribute name="notes">NA</attribute>
      <attribute name="sex">NA</attribute>
      <attribute name="view">Side</attribute>
      <attribute name="adipose clipped">No</attribute>
      <attribute name="confidence level">1</attribute>
      <attribute name="injury">No</attribute>
    </box>
    <box frame="224" outside="0" occluded="1" keyframe="1" xtl="1436.80" ytl="84.16" xbr="1920.00" ybr="462.10" z_order="0">
      <attribute name="notes">NA</attribute>
      <attribute name="sex">NA</attribute>
      <attribute name="view">Side</attribute>
      <attribute name="adipose clipped">No</attribute>
      <attribute name="confidence level">1</attribute>
      <attribute name="injury">No</attribute>
    </box>
    <box frame="225" outside="0" occluded="1" keyframe="1" xtl="1474.22" ytl="101.84" xbr="1920.00" ybr="478.30" z_order="0">
      <attribute name="notes">NA</attribute>
      <attribute name="sex">NA</attribute>
      <attribute name="view">Side</attribute>
      <attribute name="adipose clipped">No</attribute>
      <attribute name="confidence level">1</attribute>
      <attribute name="injury">No</attribute>
    </box>
    <box frame="226" outside="0" occluded="1" keyframe="0" xtl="1456.86" ytl="136.22" xbr="1920.00" ybr="496.66" z_order="0">
      <attribute name="notes">NA</attribute>
      <attribute name="sex">NA</attribute>
      <attribute name="view">Side</attribute>
      <attribute name="adipose clipped">No</attribute>
      <attribute name="confidence level">1</attribute>
      <attribute name="injury">No</attribute>
    </box>
    <box frame="227" outside="0" occluded="1" keyframe="1" xtl="1439.50" ytl="170.60" xbr="1920.00" ybr="515.03" z_order="0">
      <attribute name="notes">NA</attribute>
      <attribute name="sex">NA</attribute>
      <attribute name="view">Side</attribute>
      <attribute name="adipose clipped">No</attribute>
      <attribute name="confidence level">1</attribute>
      <attribute name="injury">No</attribute>
    </box>
    <box frame="228" outside="0" occluded="1" keyframe="0" xtl="1465.96" ytl="196.65" xbr="1920.00" ybr="533.39" z_order="0">
      <attribute name="notes">NA</attribute>
      <attribute name="sex">NA</attribute>
      <attribute name="view">Side</attribute>
      <attribute name="adipose clipped">No</attribute>
      <attribute name="confidence level">1</attribute>
      <attribute name="injury">No</attribute>
    </box>
    <box frame="229" outside="0" occluded="1" keyframe="0" xtl="1492.42" ytl="222.70" xbr="1920.00" ybr="551.76" z_order="0">
      <attribute name="notes">NA</attribute>
      <attribute name="sex">NA</attribute>
      <attribute name="view">Side</attribute>
      <attribute name="adipose clipped">No</attribute>
      <attribute name="confidence level">1</attribute>
      <attribute name="injury">No</attribute>
    </box>
    <box frame="230" outside="0" occluded="1" keyframe="0" xtl="1518.89" ytl="248.75" xbr="1920.00" ybr="570.13" z_order="0">
      <attribute name="notes">NA</attribute>
      <attribute name="sex">NA</attribute>
      <attribute name="view">Side</attribute>
      <attribute name="adipose clipped">No</attribute>
      <attribute name="confidence level">1</attribute>
      <attribute name="injury">No</attribute>
    </box>
    <box frame="231" outside="0" occluded="1" keyframe="0" xtl="1545.35" ytl="274.80" xbr="1920.00" ybr="588.49" z_order="0">
      <attribute name="notes">NA</attribute>
      <attribute name="sex">NA</attribute>
      <attribute name="view">Side</attribute>
      <attribute name="adipose clipped">No</attribute>
      <attribute name="confidence level">1</attribute>
      <attribute name="injury">No</attribute>
    </box>
    <box frame="232" outside="0" occluded="1" keyframe="0" xtl="1571.81" ytl="300.85" xbr="1920.00" ybr="606.86" z_order="0">
      <attribute name="notes">NA</attribute>
      <attribute name="sex">NA</attribute>
      <attribute name="view">Side</attribute>
      <attribute name="adipose clipped">No</attribute>
      <attribute name="confidence level">1</attribute>
      <attribute name="injury">No</attribute>
    </box>
    <box frame="233" outside="0" occluded="1" keyframe="0" xtl="1598.27" ytl="326.90" xbr="1920.00" ybr="625.22" z_order="0">
      <attribute name="notes">NA</attribute>
      <attribute name="sex">NA</attribute>
      <attribute name="view">Side</attribute>
      <attribute name="adipose clipped">No</attribute>
      <attribute name="confidence level">1</attribute>
      <attribute name="injury">No</attribute>
    </box>
    <box frame="234" outside="0" occluded="1" keyframe="0" xtl="1624.74" ytl="352.95" xbr="1920.00" ybr="643.59" z_order="0">
      <attribute name="notes">NA</attribute>
      <attribute name="sex">NA</attribute>
      <attribute name="view">Side</attribute>
      <attribute name="adipose clipped">No</attribute>
      <attribute name="confidence level">1</attribute>
      <attribute name="injury">No</attribute>
    </box>
    <box frame="235" outside="0" occluded="1" keyframe="1" xtl="1651.20" ytl="379.00" xbr="1920.00" ybr="661.95" z_order="0">
      <attribute name="notes">NA</attribute>
      <attribute name="sex">NA</attribute>
      <attribute name="view">Side</attribute>
      <attribute name="adipose clipped">No</attribute>
      <attribute name="confidence level">1</attribute>
      <attribute name="injury">No</attribute>
    </box>
    <box frame="236" outside="0" occluded="1" keyframe="0" xtl="1684.59" ytl="419.05" xbr="1920.00" ybr="678.65" z_order="0">
      <attribute name="notes">NA</attribute>
      <attribute name="sex">NA</attribute>
      <attribute name="view">Side</attribute>
      <attribute name="adipose clipped">No</attribute>
      <attribute name="confidence level">1</attribute>
      <attribute name="injury">No</attribute>
    </box>
    <box frame="237" outside="0" occluded="1" keyframe="1" xtl="1717.98" ytl="459.10" xbr="1920.00" ybr="695.34" z_order="0">
      <attribute name="notes">NA</attribute>
      <attribute name="sex">NA</attribute>
      <attribute name="view">Side</attribute>
      <attribute name="adipose clipped">No</attribute>
      <attribute name="confidence level">1</attribute>
      <attribute name="injury">No</attribute>
    </box>
    <box frame="238" outside="0" occluded="1" keyframe="0" xtl="1753.89" ytl="467.88" xbr="1920.00" ybr="699.10" z_order="0">
      <attribute name="notes">NA</attribute>
      <attribute name="sex">NA</attribute>
      <attribute name="view">Side</attribute>
      <attribute name="adipose clipped">No</attribute>
      <attribute name="confidence level">1</attribute>
      <attribute name="injury">No</attribute>
    </box>
    <box frame="239" outside="0" occluded="1" keyframe="0" xtl="1789.79" ytl="476.65" xbr="1920.00" ybr="702.86" z_order="0">
      <attribute name="notes">NA</attribute>
      <attribute name="sex">NA</attribute>
      <attribute name="view">Side</attribute>
      <attribute name="adipose clipped">No</attribute>
      <attribute name="confidence level">1</attribute>
      <attribute name="injury">No</attribute>
    </box>
    <box frame="240" outside="0" occluded="1" keyframe="0" xtl="1825.70" ytl="485.43" xbr="1920.00" ybr="706.61" z_order="0">
      <attribute name="notes">NA</attribute>
      <attribute name="sex">NA</attribute>
      <attribute name="view">Side</attribute>
      <attribute name="adipose clipped">No</attribute>
      <attribute name="confidence level">1</attribute>
      <attribute name="injury">No</attribute>
    </box>
    <box frame="241" outside="0" occluded="1" keyframe="1" xtl="1861.60" ytl="494.20" xbr="1920.00" ybr="710.37" z_order="0">
      <attribute name="notes">NA</attribute>
      <attribute name="sex">NA</attribute>
      <attribute name="view">Side</attribute>
      <attribute name="adipose clipped">No</attribute>
      <attribute name="confidence level">1</attribute>
      <attribute name="injury">No</attribute>
    </box>
    <box frame="242" outside="1" occluded="1" keyframe="1" xtl="1861.60" ytl="494.20" xbr="1920.00" ybr="710.37" z_order="0">
      <attribute name="notes">NA</attribute>
      <attribute name="sex">NA</attribute>
      <attribute name="view">Side</attribute>
      <attribute name="adipose clipped">No</attribute>
      <attribute name="confidence level">1</attribute>
      <attribute name="injury">No</attribute>
    </box>
  </track>
</annotations>
