<?xml version="1.0" encoding="utf-8"?>
<annotations>
  <version>1.1</version>
  <meta>
    <task>
      <id>455</id>
      <name>09-03-2020 06-08-21 M Salmon Camera</name>
      <size>650</size>
      <mode>interpolation</mode>
      <overlap>5</overlap>
      <bugtracker></bugtracker>
      <created>2021-08-12 19:47:34.443430+00:00</created>
      <updated>2021-08-12 20:28:38.170006+00:00</updated>
      <start_frame>0</start_frame>
      <stop_frame>649</stop_frame>
      <frame_filter></frame_filter>
      <labels>
        <label>
          <name>Chinook</name>
          <color>#38794c</color>
          <attributes>
            <attribute>
              <name>Adipose Clipped</name>
              <mutable>False</mutable>
              <input_type>select</input_type>
              <default_value>No</default_value>
              <values>No
Yes
NA</values>
            </attribute>
            <attribute>
              <name>Confidence Level</name>
              <mutable>False</mutable>
              <input_type>select</input_type>
              <default_value>3</default_value>
              <values>3
2
1</values>
            </attribute>
            <attribute>
              <name>Injury</name>
              <mutable>False</mutable>
              <input_type>select</input_type>
              <default_value>No</default_value>
              <values>No
Yes
NA</values>
            </attribute>
            <attribute>
              <name>Notes</name>
              <mutable>False</mutable>
              <input_type>text</input_type>
              <default_value></default_value>
              <values></values>
            </attribute>
            <attribute>
              <name>Sex</name>
              <mutable>False</mutable>
              <input_type>select</input_type>
              <default_value>Male</default_value>
              <values>Male
Female
Jack</values>
            </attribute>
            <attribute>
              <name>View</name>
              <mutable>False</mutable>
              <input_type>select</input_type>
              <default_value>Top-down</default_value>
              <values>Top-down
Side</values>
            </attribute>
          </attributes>
        </label>
        <label>
          <name>Steelhead</name>
          <color>#888888</color>
          <attributes>
            <attribute>
              <name>Adipose Clipped</name>
              <mutable>False</mutable>
              <input_type>select</input_type>
              <default_value>No</default_value>
              <values>No
Yes
NA</values>
            </attribute>
            <attribute>
              <name>Confidence Level</name>
              <mutable>False</mutable>
              <input_type>select</input_type>
              <default_value>3</default_value>
              <values>3
2
1</values>
            </attribute>
            <attribute>
              <name>Injury</name>
              <mutable>False</mutable>
              <input_type>select</input_type>
              <default_value>No</default_value>
              <values>No
Yes
NA</values>
            </attribute>
            <attribute>
              <name>Notes</name>
              <mutable>False</mutable>
              <input_type>text</input_type>
              <default_value></default_value>
              <values></values>
            </attribute>
            <attribute>
              <name>Sex</name>
              <mutable>False</mutable>
              <input_type>select</input_type>
              <default_value>Male</default_value>
              <values>Male
Female</values>
            </attribute>
            <attribute>
              <name>View</name>
              <mutable>False</mutable>
              <input_type>select</input_type>
              <default_value>Top-down</default_value>
              <values>Top-down
Side</values>
            </attribute>
          </attributes>
        </label>
        <label>
          <name>Sockeye</name>
          <color>#f00026</color>
          <attributes>
            <attribute>
              <name>Adipose Clipped</name>
              <mutable>False</mutable>
              <input_type>select</input_type>
              <default_value>No</default_value>
              <values>No
Yes
NA</values>
            </attribute>
            <attribute>
              <name>Confidence Level</name>
              <mutable>False</mutable>
              <input_type>select</input_type>
              <default_value>3</default_value>
              <values>3
2
1</values>
            </attribute>
            <attribute>
              <name>Injury</name>
              <mutable>False</mutable>
              <input_type>select</input_type>
              <default_value>No</default_value>
              <values>No
Yes
NA</values>
            </attribute>
            <attribute>
              <name>Notes</name>
              <mutable>False</mutable>
              <input_type>text</input_type>
              <default_value></default_value>
              <values></values>
            </attribute>
            <attribute>
              <name>Sex</name>
              <mutable>False</mutable>
              <input_type>select</input_type>
              <default_value>Male</default_value>
              <values>Male
Female</values>
            </attribute>
            <attribute>
              <name>View</name>
              <mutable>False</mutable>
              <input_type>select</input_type>
              <default_value>Top-down</default_value>
              <values>Top-down
Side</values>
            </attribute>
          </attributes>
        </label>
        <label>
          <name>Pink</name>
          <color>#fa7dbb</color>
          <attributes>
            <attribute>
              <name>Adipose Clipped</name>
              <mutable>False</mutable>
              <input_type>select</input_type>
              <default_value>No</default_value>
              <values>No
Yes
NA</values>
            </attribute>
            <attribute>
              <name>Confidence Level</name>
              <mutable>False</mutable>
              <input_type>select</input_type>
              <default_value>3</default_value>
              <values>3
2
1</values>
            </attribute>
            <attribute>
              <name>Injury</name>
              <mutable>False</mutable>
              <input_type>select</input_type>
              <default_value>No</default_value>
              <values>No
Yes
NA</values>
            </attribute>
            <attribute>
              <name>Notes</name>
              <mutable>False</mutable>
              <input_type>text</input_type>
              <default_value></default_value>
              <values></values>
            </attribute>
            <attribute>
              <name>Sex</name>
              <mutable>False</mutable>
              <input_type>select</input_type>
              <default_value>Male</default_value>
              <values>Male
Female</values>
            </attribute>
            <attribute>
              <name>View</name>
              <mutable>False</mutable>
              <input_type>select</input_type>
              <default_value>Top-down</default_value>
              <values>Top-down
Side</values>
            </attribute>
          </attributes>
        </label>
        <label>
          <name>Whitefish</name>
          <color>#d8d8db</color>
          <attributes>
            <attribute>
              <name>Adipose Clipped</name>
              <mutable>False</mutable>
              <input_type>select</input_type>
              <default_value>No</default_value>
              <values>No
Yes
NA</values>
            </attribute>
            <attribute>
              <name>Confidence Level</name>
              <mutable>False</mutable>
              <input_type>select</input_type>
              <default_value>3</default_value>
              <values>3
2
1</values>
            </attribute>
            <attribute>
              <name>Injury</name>
              <mutable>False</mutable>
              <input_type>select</input_type>
              <default_value>No</default_value>
              <values>No
Yes
NA</values>
            </attribute>
            <attribute>
              <name>Notes</name>
              <mutable>False</mutable>
              <input_type>text</input_type>
              <default_value></default_value>
              <values></values>
            </attribute>
            <attribute>
              <name>Sex</name>
              <mutable>False</mutable>
              <input_type>select</input_type>
              <default_value>NA</default_value>
              <values>NA</values>
            </attribute>
            <attribute>
              <name>View</name>
              <mutable>False</mutable>
              <input_type>select</input_type>
              <default_value>Top-down</default_value>
              <values>Top-down
Side</values>
            </attribute>
          </attributes>
        </label>
        <label>
          <name>Chum</name>
          <color>#ffcc33</color>
          <attributes>
            <attribute>
              <name>Adipose Clipped</name>
              <mutable>False</mutable>
              <input_type>select</input_type>
              <default_value>No</default_value>
              <values>No
Yes
NA</values>
            </attribute>
            <attribute>
              <name>Confidence Level</name>
              <mutable>False</mutable>
              <input_type>select</input_type>
              <default_value>3</default_value>
              <values>3
2
1</values>
            </attribute>
            <attribute>
              <name>Injury</name>
              <mutable>False</mutable>
              <input_type>select</input_type>
              <default_value>No</default_value>
              <values>No
Yes
NA</values>
            </attribute>
            <attribute>
              <name>Notes</name>
              <mutable>False</mutable>
              <input_type>text</input_type>
              <default_value></default_value>
              <values></values>
            </attribute>
            <attribute>
              <name>Sex</name>
              <mutable>False</mutable>
              <input_type>select</input_type>
              <default_value>Male</default_value>
              <values>Male
Female</values>
            </attribute>
            <attribute>
              <name>View</name>
              <mutable>False</mutable>
              <input_type>select</input_type>
              <default_value>Top-down</default_value>
              <values>Top-down
Side</values>
            </attribute>
          </attributes>
        </label>
        <label>
          <name>Bull</name>
          <color>#3d3df5</color>
          <attributes>
            <attribute>
              <name>Adipose Clipped</name>
              <mutable>False</mutable>
              <input_type>select</input_type>
              <default_value>No</default_value>
              <values>No
NA</values>
            </attribute>
            <attribute>
              <name>Confidence Level</name>
              <mutable>False</mutable>
              <input_type>select</input_type>
              <default_value>3</default_value>
              <values>3
2
1</values>
            </attribute>
            <attribute>
              <name>Injury</name>
              <mutable>False</mutable>
              <input_type>select</input_type>
              <default_value>No</default_value>
              <values>No
Yes
NA</values>
            </attribute>
            <attribute>
              <name>Notes</name>
              <mutable>False</mutable>
              <input_type>text</input_type>
              <default_value>NA</default_value>
              <values>NA</values>
            </attribute>
            <attribute>
              <name>Sex</name>
              <mutable>False</mutable>
              <input_type>select</input_type>
              <default_value>NA</default_value>
              <values>NA</values>
            </attribute>
            <attribute>
              <name>View</name>
              <mutable>False</mutable>
              <input_type>select</input_type>
              <default_value>Top-down</default_value>
              <values>Top-down
Side</values>
            </attribute>
          </attributes>
        </label>
        <label>
          <name>Coho</name>
          <color>#32b7fa</color>
          <attributes>
            <attribute>
              <name>View</name>
              <mutable>False</mutable>
              <input_type>select</input_type>
              <default_value>Top-down</default_value>
              <values>Top-down
Side</values>
            </attribute>
            <attribute>
              <name>Adipose Clipped</name>
              <mutable>False</mutable>
              <input_type>select</input_type>
              <default_value>No</default_value>
              <values>No
Yes
NA</values>
            </attribute>
            <attribute>
              <name>Confidence Level</name>
              <mutable>False</mutable>
              <input_type>select</input_type>
              <default_value>3</default_value>
              <values>3
2
1</values>
            </attribute>
            <attribute>
              <name>Injury</name>
              <mutable>False</mutable>
              <input_type>select</input_type>
              <default_value>No</default_value>
              <values>No
Yes
NA</values>
            </attribute>
            <attribute>
              <name>Notes</name>
              <mutable>False</mutable>
              <input_type>text</input_type>
              <default_value></default_value>
              <values></values>
            </attribute>
            <attribute>
              <name>Sex</name>
              <mutable>False</mutable>
              <input_type>select</input_type>
              <default_value>Male</default_value>
              <values>Male
Female
Jack</values>
            </attribute>
          </attributes>
        </label>
        <label>
          <name>Rainbow</name>
          <color>#ff914d</color>
          <attributes>
            <attribute>
              <name>Adipose Clipped</name>
              <mutable>False</mutable>
              <input_type>select</input_type>
              <default_value>No</default_value>
              <values>No
Yes
NA</values>
            </attribute>
            <attribute>
              <name>Confidence Level</name>
              <mutable>False</mutable>
              <input_type>select</input_type>
              <default_value>3</default_value>
              <values>3
2
1</values>
            </attribute>
            <attribute>
              <name>Injury</name>
              <mutable>False</mutable>
              <input_type>select</input_type>
              <default_value>No</default_value>
              <values>No
Yes
NA</values>
            </attribute>
            <attribute>
              <name>Notes</name>
              <mutable>False</mutable>
              <input_type>text</input_type>
              <default_value></default_value>
              <values></values>
            </attribute>
            <attribute>
              <name>Sex</name>
              <mutable>False</mutable>
              <input_type>select</input_type>
              <default_value>NA</default_value>
              <values>NA
Juvenile</values>
            </attribute>
            <attribute>
              <name>View</name>
              <mutable>False</mutable>
              <input_type>select</input_type>
              <default_value>Top-down</default_value>
              <values>Top-down
Side</values>
            </attribute>
          </attributes>
        </label>
        <label>
          <name>Pikeminnow</name>
          <color>#a16b00</color>
          <attributes>
            <attribute>
              <name>Confidence Level</name>
              <mutable>False</mutable>
              <input_type>select</input_type>
              <default_value>3</default_value>
              <values>3
2
1</values>
            </attribute>
            <attribute>
              <name>Notes</name>
              <mutable>False</mutable>
              <input_type>text</input_type>
              <default_value>NA</default_value>
              <values>NA</values>
            </attribute>
          </attributes>
        </label>
      </labels>
      <segments>
        <segment>
          <id>455</id>
          <start>0</start>
          <stop>649</stop>
          <url>httplocalhost:8080/?id=455</url>
        </segment>
      </segments>
      <owner>
        <username>jtravers</username>
        <email>jtravers@uoregon.edu</email>
      </owner>
      <assignee></assignee>
      <original_size>
        <width>1920</width>
        <height>1080</height>
      </original_size>
    </task>
    <dumped>2021-08-12 20:29:45.443890+00:00</dumped>
    <source>09-03-2020 06-08-21 M Salmon Camera.m4v</source>
  </meta>
  <track id="0" label="Sockeye" source="manual">
    <box frame="98" outside="0" occluded="1" keyframe="1" xtl="0.00" ytl="608.51" xbr="172.05" ybr="828.29" z_order="0">
      <attribute name="Adipose Clipped">No</attribute>
      <attribute name="Confidence Level">3</attribute>
      <attribute name="Injury">No</attribute>
      <attribute name="Notes"></attribute>
      <attribute name="Sex">Male</attribute>
      <attribute name="View">Side</attribute>
    </box>
    <box frame="99" outside="0" occluded="1" keyframe="0" xtl="0.00" ytl="597.52" xbr="208.13" ybr="832.44" z_order="0">
      <attribute name="Adipose Clipped">No</attribute>
      <attribute name="Confidence Level">3</attribute>
      <attribute name="Injury">No</attribute>
      <attribute name="Notes"></attribute>
      <attribute name="Sex">Male</attribute>
      <attribute name="View">Side</attribute>
    </box>
    <box frame="100" outside="0" occluded="1" keyframe="0" xtl="0.00" ytl="586.53" xbr="244.20" ybr="836.60" z_order="0">
      <attribute name="Adipose Clipped">No</attribute>
      <attribute name="Confidence Level">3</attribute>
      <attribute name="Injury">No</attribute>
      <attribute name="Notes"></attribute>
      <attribute name="Sex">Male</attribute>
      <attribute name="View">Side</attribute>
    </box>
    <box frame="101" outside="0" occluded="1" keyframe="0" xtl="0.00" ytl="575.54" xbr="280.28" ybr="840.75" z_order="0">
      <attribute name="Adipose Clipped">No</attribute>
      <attribute name="Confidence Level">3</attribute>
      <attribute name="Injury">No</attribute>
      <attribute name="Notes"></attribute>
      <attribute name="Sex">Male</attribute>
      <attribute name="View">Side</attribute>
    </box>
    <box frame="102" outside="0" occluded="1" keyframe="0" xtl="0.00" ytl="564.55" xbr="316.35" ybr="844.90" z_order="0">
      <attribute name="Adipose Clipped">No</attribute>
      <attribute name="Confidence Level">3</attribute>
      <attribute name="Injury">No</attribute>
      <attribute name="Notes"></attribute>
      <attribute name="Sex">Male</attribute>
      <attribute name="View">Side</attribute>
    </box>
    <box frame="103" outside="0" occluded="1" keyframe="0" xtl="0.00" ytl="553.55" xbr="352.43" ybr="849.05" z_order="0">
      <attribute name="Adipose Clipped">No</attribute>
      <attribute name="Confidence Level">3</attribute>
      <attribute name="Injury">No</attribute>
      <attribute name="Notes"></attribute>
      <attribute name="Sex">Male</attribute>
      <attribute name="View">Side</attribute>
    </box>
    <box frame="104" outside="0" occluded="1" keyframe="0" xtl="0.00" ytl="542.56" xbr="388.50" ybr="853.20" z_order="0">
      <attribute name="Adipose Clipped">No</attribute>
      <attribute name="Confidence Level">3</attribute>
      <attribute name="Injury">No</attribute>
      <attribute name="Notes"></attribute>
      <attribute name="Sex">Male</attribute>
      <attribute name="View">Side</attribute>
    </box>
    <box frame="105" outside="0" occluded="1" keyframe="0" xtl="0.00" ytl="531.57" xbr="424.58" ybr="857.35" z_order="0">
      <attribute name="Adipose Clipped">No</attribute>
      <attribute name="Confidence Level">3</attribute>
      <attribute name="Injury">No</attribute>
      <attribute name="Notes"></attribute>
      <attribute name="Sex">Male</attribute>
      <attribute name="View">Side</attribute>
    </box>
    <box frame="106" outside="0" occluded="1" keyframe="0" xtl="0.00" ytl="520.58" xbr="460.65" ybr="861.50" z_order="0">
      <attribute name="Adipose Clipped">No</attribute>
      <attribute name="Confidence Level">3</attribute>
      <attribute name="Injury">No</attribute>
      <attribute name="Notes"></attribute>
      <attribute name="Sex">Male</attribute>
      <attribute name="View">Side</attribute>
    </box>
    <box frame="107" outside="0" occluded="1" keyframe="0" xtl="0.00" ytl="509.59" xbr="496.73" ybr="865.65" z_order="0">
      <attribute name="Adipose Clipped">No</attribute>
      <attribute name="Confidence Level">3</attribute>
      <attribute name="Injury">No</attribute>
      <attribute name="Notes"></attribute>
      <attribute name="Sex">Male</attribute>
      <attribute name="View">Side</attribute>
    </box>
    <box frame="108" outside="0" occluded="0" keyframe="1" xtl="0.00" ytl="498.60" xbr="532.80" ybr="869.80" z_order="0">
      <attribute name="Adipose Clipped">No</attribute>
      <attribute name="Confidence Level">3</attribute>
      <attribute name="Injury">No</attribute>
      <attribute name="Notes"></attribute>
      <attribute name="Sex">Male</attribute>
      <attribute name="View">Side</attribute>
    </box>
    <box frame="109" outside="0" occluded="0" keyframe="0" xtl="0.00" ytl="491.96" xbr="572.61" ybr="869.80" z_order="0">
      <attribute name="Adipose Clipped">No</attribute>
      <attribute name="Confidence Level">3</attribute>
      <attribute name="Injury">No</attribute>
      <attribute name="Notes"></attribute>
      <attribute name="Sex">Male</attribute>
      <attribute name="View">Side</attribute>
    </box>
    <box frame="110" outside="0" occluded="0" keyframe="0" xtl="0.00" ytl="485.32" xbr="612.42" ybr="869.80" z_order="0">
      <attribute name="Adipose Clipped">No</attribute>
      <attribute name="Confidence Level">3</attribute>
      <attribute name="Injury">No</attribute>
      <attribute name="Notes"></attribute>
      <attribute name="Sex">Male</attribute>
      <attribute name="View">Side</attribute>
    </box>
    <box frame="111" outside="0" occluded="0" keyframe="0" xtl="0.00" ytl="478.68" xbr="652.23" ybr="869.80" z_order="0">
      <attribute name="Adipose Clipped">No</attribute>
      <attribute name="Confidence Level">3</attribute>
      <attribute name="Injury">No</attribute>
      <attribute name="Notes"></attribute>
      <attribute name="Sex">Male</attribute>
      <attribute name="View">Side</attribute>
    </box>
    <box frame="112" outside="0" occluded="0" keyframe="0" xtl="0.00" ytl="472.04" xbr="692.04" ybr="869.80" z_order="0">
      <attribute name="Adipose Clipped">No</attribute>
      <attribute name="Confidence Level">3</attribute>
      <attribute name="Injury">No</attribute>
      <attribute name="Notes"></attribute>
      <attribute name="Sex">Male</attribute>
      <attribute name="View">Side</attribute>
    </box>
    <box frame="113" outside="0" occluded="0" keyframe="0" xtl="0.00" ytl="465.40" xbr="731.85" ybr="869.80" z_order="0">
      <attribute name="Adipose Clipped">No</attribute>
      <attribute name="Confidence Level">3</attribute>
      <attribute name="Injury">No</attribute>
      <attribute name="Notes"></attribute>
      <attribute name="Sex">Male</attribute>
      <attribute name="View">Side</attribute>
    </box>
    <box frame="114" outside="0" occluded="0" keyframe="0" xtl="0.00" ytl="458.76" xbr="771.66" ybr="869.80" z_order="0">
      <attribute name="Adipose Clipped">No</attribute>
      <attribute name="Confidence Level">3</attribute>
      <attribute name="Injury">No</attribute>
      <attribute name="Notes"></attribute>
      <attribute name="Sex">Male</attribute>
      <attribute name="View">Side</attribute>
    </box>
    <box frame="115" outside="0" occluded="0" keyframe="0" xtl="0.00" ytl="452.12" xbr="811.47" ybr="869.80" z_order="0">
      <attribute name="Adipose Clipped">No</attribute>
      <attribute name="Confidence Level">3</attribute>
      <attribute name="Injury">No</attribute>
      <attribute name="Notes"></attribute>
      <attribute name="Sex">Male</attribute>
      <attribute name="View">Side</attribute>
    </box>
    <box frame="116" outside="0" occluded="0" keyframe="0" xtl="0.00" ytl="445.48" xbr="851.28" ybr="869.80" z_order="0">
      <attribute name="Adipose Clipped">No</attribute>
      <attribute name="Confidence Level">3</attribute>
      <attribute name="Injury">No</attribute>
      <attribute name="Notes"></attribute>
      <attribute name="Sex">Male</attribute>
      <attribute name="View">Side</attribute>
    </box>
    <box frame="117" outside="0" occluded="0" keyframe="0" xtl="0.00" ytl="438.84" xbr="891.09" ybr="869.80" z_order="0">
      <attribute name="Adipose Clipped">No</attribute>
      <attribute name="Confidence Level">3</attribute>
      <attribute name="Injury">No</attribute>
      <attribute name="Notes"></attribute>
      <attribute name="Sex">Male</attribute>
      <attribute name="View">Side</attribute>
    </box>
    <box frame="118" outside="0" occluded="0" keyframe="1" xtl="0.00" ytl="432.20" xbr="930.90" ybr="869.80" z_order="0">
      <attribute name="Adipose Clipped">No</attribute>
      <attribute name="Confidence Level">3</attribute>
      <attribute name="Injury">No</attribute>
      <attribute name="Notes"></attribute>
      <attribute name="Sex">Male</attribute>
      <attribute name="View">Side</attribute>
    </box>
    <box frame="119" outside="0" occluded="0" keyframe="0" xtl="0.00" ytl="430.71" xbr="979.77" ybr="875.13" z_order="0">
      <attribute name="Adipose Clipped">No</attribute>
      <attribute name="Confidence Level">3</attribute>
      <attribute name="Injury">No</attribute>
      <attribute name="Notes"></attribute>
      <attribute name="Sex">Male</attribute>
      <attribute name="View">Side</attribute>
    </box>
    <box frame="120" outside="0" occluded="0" keyframe="0" xtl="0.00" ytl="429.23" xbr="1028.64" ybr="880.46" z_order="0">
      <attribute name="Adipose Clipped">No</attribute>
      <attribute name="Confidence Level">3</attribute>
      <attribute name="Injury">No</attribute>
      <attribute name="Notes"></attribute>
      <attribute name="Sex">Male</attribute>
      <attribute name="View">Side</attribute>
    </box>
    <box frame="121" outside="0" occluded="0" keyframe="0" xtl="0.00" ytl="427.74" xbr="1077.51" ybr="885.79" z_order="0">
      <attribute name="Adipose Clipped">No</attribute>
      <attribute name="Confidence Level">3</attribute>
      <attribute name="Injury">No</attribute>
      <attribute name="Notes"></attribute>
      <attribute name="Sex">Male</attribute>
      <attribute name="View">Side</attribute>
    </box>
    <box frame="122" outside="0" occluded="0" keyframe="0" xtl="0.00" ytl="426.26" xbr="1126.39" ybr="891.11" z_order="0">
      <attribute name="Adipose Clipped">No</attribute>
      <attribute name="Confidence Level">3</attribute>
      <attribute name="Injury">No</attribute>
      <attribute name="Notes"></attribute>
      <attribute name="Sex">Male</attribute>
      <attribute name="View">Side</attribute>
    </box>
    <box frame="123" outside="0" occluded="0" keyframe="0" xtl="0.00" ytl="424.77" xbr="1175.26" ybr="896.44" z_order="0">
      <attribute name="Adipose Clipped">No</attribute>
      <attribute name="Confidence Level">3</attribute>
      <attribute name="Injury">No</attribute>
      <attribute name="Notes"></attribute>
      <attribute name="Sex">Male</attribute>
      <attribute name="View">Side</attribute>
    </box>
    <box frame="124" outside="0" occluded="0" keyframe="0" xtl="0.00" ytl="423.29" xbr="1224.13" ybr="901.77" z_order="0">
      <attribute name="Adipose Clipped">No</attribute>
      <attribute name="Confidence Level">3</attribute>
      <attribute name="Injury">No</attribute>
      <attribute name="Notes"></attribute>
      <attribute name="Sex">Male</attribute>
      <attribute name="View">Side</attribute>
    </box>
    <box frame="125" outside="0" occluded="0" keyframe="1" xtl="0.00" ytl="421.80" xbr="1273.00" ybr="907.10" z_order="0">
      <attribute name="Adipose Clipped">No</attribute>
      <attribute name="Confidence Level">3</attribute>
      <attribute name="Injury">No</attribute>
      <attribute name="Notes"></attribute>
      <attribute name="Sex">Male</attribute>
      <attribute name="View">Side</attribute>
    </box>
    <box frame="126" outside="0" occluded="0" keyframe="0" xtl="33.17" ytl="419.10" xbr="1318.20" ybr="904.40" z_order="0">
      <attribute name="Adipose Clipped">No</attribute>
      <attribute name="Confidence Level">3</attribute>
      <attribute name="Injury">No</attribute>
      <attribute name="Notes"></attribute>
      <attribute name="Sex">Male</attribute>
      <attribute name="View">Side</attribute>
    </box>
    <box frame="127" outside="0" occluded="0" keyframe="0" xtl="66.35" ytl="416.41" xbr="1363.40" ybr="901.71" z_order="0">
      <attribute name="Adipose Clipped">No</attribute>
      <attribute name="Confidence Level">3</attribute>
      <attribute name="Injury">No</attribute>
      <attribute name="Notes"></attribute>
      <attribute name="Sex">Male</attribute>
      <attribute name="View">Side</attribute>
    </box>
    <box frame="128" outside="0" occluded="0" keyframe="0" xtl="99.52" ytl="413.71" xbr="1408.60" ybr="899.01" z_order="0">
      <attribute name="Adipose Clipped">No</attribute>
      <attribute name="Confidence Level">3</attribute>
      <attribute name="Injury">No</attribute>
      <attribute name="Notes"></attribute>
      <attribute name="Sex">Male</attribute>
      <attribute name="View">Side</attribute>
    </box>
    <box frame="129" outside="0" occluded="0" keyframe="0" xtl="132.70" ytl="411.02" xbr="1453.80" ybr="896.32" z_order="0">
      <attribute name="Adipose Clipped">No</attribute>
      <attribute name="Confidence Level">3</attribute>
      <attribute name="Injury">No</attribute>
      <attribute name="Notes"></attribute>
      <attribute name="Sex">Male</attribute>
      <attribute name="View">Side</attribute>
    </box>
    <box frame="130" outside="0" occluded="0" keyframe="0" xtl="165.87" ytl="408.32" xbr="1499.00" ybr="893.62" z_order="0">
      <attribute name="Adipose Clipped">No</attribute>
      <attribute name="Confidence Level">3</attribute>
      <attribute name="Injury">No</attribute>
      <attribute name="Notes"></attribute>
      <attribute name="Sex">Male</attribute>
      <attribute name="View">Side</attribute>
    </box>
    <box frame="131" outside="0" occluded="0" keyframe="0" xtl="199.05" ytl="405.63" xbr="1544.20" ybr="890.93" z_order="0">
      <attribute name="Adipose Clipped">No</attribute>
      <attribute name="Confidence Level">3</attribute>
      <attribute name="Injury">No</attribute>
      <attribute name="Notes"></attribute>
      <attribute name="Sex">Male</attribute>
      <attribute name="View">Side</attribute>
    </box>
    <box frame="132" outside="0" occluded="0" keyframe="0" xtl="232.22" ytl="402.93" xbr="1589.40" ybr="888.23" z_order="0">
      <attribute name="Adipose Clipped">No</attribute>
      <attribute name="Confidence Level">3</attribute>
      <attribute name="Injury">No</attribute>
      <attribute name="Notes"></attribute>
      <attribute name="Sex">Male</attribute>
      <attribute name="View">Side</attribute>
    </box>
    <box frame="133" outside="0" occluded="0" keyframe="0" xtl="265.40" ytl="400.24" xbr="1634.60" ybr="885.54" z_order="0">
      <attribute name="Adipose Clipped">No</attribute>
      <attribute name="Confidence Level">3</attribute>
      <attribute name="Injury">No</attribute>
      <attribute name="Notes"></attribute>
      <attribute name="Sex">Male</attribute>
      <attribute name="View">Side</attribute>
    </box>
    <box frame="134" outside="0" occluded="0" keyframe="0" xtl="298.57" ytl="397.54" xbr="1679.80" ybr="882.84" z_order="0">
      <attribute name="Adipose Clipped">No</attribute>
      <attribute name="Confidence Level">3</attribute>
      <attribute name="Injury">No</attribute>
      <attribute name="Notes"></attribute>
      <attribute name="Sex">Male</attribute>
      <attribute name="View">Side</attribute>
    </box>
    <box frame="135" outside="0" occluded="0" keyframe="1" xtl="331.75" ytl="394.84" xbr="1725.00" ybr="880.14" z_order="0">
      <attribute name="Adipose Clipped">No</attribute>
      <attribute name="Confidence Level">3</attribute>
      <attribute name="Injury">No</attribute>
      <attribute name="Notes"></attribute>
      <attribute name="Sex">Male</attribute>
      <attribute name="View">Side</attribute>
    </box>
    <box frame="136" outside="0" occluded="0" keyframe="0" xtl="377.36" ytl="382.40" xbr="1757.50" ybr="881.19" z_order="0">
      <attribute name="Adipose Clipped">No</attribute>
      <attribute name="Confidence Level">3</attribute>
      <attribute name="Injury">No</attribute>
      <attribute name="Notes"></attribute>
      <attribute name="Sex">Male</attribute>
      <attribute name="View">Side</attribute>
    </box>
    <box frame="137" outside="0" occluded="0" keyframe="0" xtl="422.98" ytl="369.96" xbr="1790.00" ybr="882.23" z_order="0">
      <attribute name="Adipose Clipped">No</attribute>
      <attribute name="Confidence Level">3</attribute>
      <attribute name="Injury">No</attribute>
      <attribute name="Notes"></attribute>
      <attribute name="Sex">Male</attribute>
      <attribute name="View">Side</attribute>
    </box>
    <box frame="138" outside="0" occluded="0" keyframe="0" xtl="468.60" ytl="357.52" xbr="1822.50" ybr="883.27" z_order="0">
      <attribute name="Adipose Clipped">No</attribute>
      <attribute name="Confidence Level">3</attribute>
      <attribute name="Injury">No</attribute>
      <attribute name="Notes"></attribute>
      <attribute name="Sex">Male</attribute>
      <attribute name="View">Side</attribute>
    </box>
    <box frame="139" outside="0" occluded="0" keyframe="0" xtl="514.21" ytl="345.08" xbr="1855.00" ybr="884.31" z_order="0">
      <attribute name="Adipose Clipped">No</attribute>
      <attribute name="Confidence Level">3</attribute>
      <attribute name="Injury">No</attribute>
      <attribute name="Notes"></attribute>
      <attribute name="Sex">Male</attribute>
      <attribute name="View">Side</attribute>
    </box>
    <box frame="140" outside="0" occluded="0" keyframe="0" xtl="559.83" ytl="332.64" xbr="1887.50" ybr="885.36" z_order="0">
      <attribute name="Adipose Clipped">No</attribute>
      <attribute name="Confidence Level">3</attribute>
      <attribute name="Injury">No</attribute>
      <attribute name="Notes"></attribute>
      <attribute name="Sex">Male</attribute>
      <attribute name="View">Side</attribute>
    </box>
    <box frame="141" outside="0" occluded="0" keyframe="1" xtl="605.44" ytl="320.20" xbr="1920.00" ybr="886.40" z_order="0">
      <attribute name="Adipose Clipped">No</attribute>
      <attribute name="Confidence Level">3</attribute>
      <attribute name="Injury">No</attribute>
      <attribute name="Notes"></attribute>
      <attribute name="Sex">Male</attribute>
      <attribute name="View">Side</attribute>
    </box>
    <box frame="142" outside="0" occluded="0" keyframe="0" xtl="645.15" ytl="327.54" xbr="1920.00" ybr="883.05" z_order="0">
      <attribute name="Adipose Clipped">No</attribute>
      <attribute name="Confidence Level">3</attribute>
      <attribute name="Injury">No</attribute>
      <attribute name="Notes"></attribute>
      <attribute name="Sex">Male</attribute>
      <attribute name="View">Side</attribute>
    </box>
    <box frame="143" outside="0" occluded="0" keyframe="0" xtl="684.87" ytl="334.88" xbr="1920.00" ybr="879.70" z_order="0">
      <attribute name="Adipose Clipped">No</attribute>
      <attribute name="Confidence Level">3</attribute>
      <attribute name="Injury">No</attribute>
      <attribute name="Notes"></attribute>
      <attribute name="Sex">Male</attribute>
      <attribute name="View">Side</attribute>
    </box>
    <box frame="144" outside="0" occluded="0" keyframe="0" xtl="724.58" ytl="342.22" xbr="1920.00" ybr="876.35" z_order="0">
      <attribute name="Adipose Clipped">No</attribute>
      <attribute name="Confidence Level">3</attribute>
      <attribute name="Injury">No</attribute>
      <attribute name="Notes"></attribute>
      <attribute name="Sex">Male</attribute>
      <attribute name="View">Side</attribute>
    </box>
    <box frame="145" outside="0" occluded="0" keyframe="0" xtl="764.29" ytl="349.55" xbr="1920.00" ybr="873.00" z_order="0">
      <attribute name="Adipose Clipped">No</attribute>
      <attribute name="Confidence Level">3</attribute>
      <attribute name="Injury">No</attribute>
      <attribute name="Notes"></attribute>
      <attribute name="Sex">Male</attribute>
      <attribute name="View">Side</attribute>
    </box>
    <box frame="146" outside="0" occluded="0" keyframe="0" xtl="804.00" ytl="356.89" xbr="1920.00" ybr="869.65" z_order="0">
      <attribute name="Adipose Clipped">No</attribute>
      <attribute name="Confidence Level">3</attribute>
      <attribute name="Injury">No</attribute>
      <attribute name="Notes"></attribute>
      <attribute name="Sex">Male</attribute>
      <attribute name="View">Side</attribute>
    </box>
    <box frame="147" outside="0" occluded="0" keyframe="0" xtl="843.72" ytl="364.23" xbr="1920.00" ybr="866.30" z_order="0">
      <attribute name="Adipose Clipped">No</attribute>
      <attribute name="Confidence Level">3</attribute>
      <attribute name="Injury">No</attribute>
      <attribute name="Notes"></attribute>
      <attribute name="Sex">Male</attribute>
      <attribute name="View">Side</attribute>
    </box>
    <box frame="148" outside="0" occluded="0" keyframe="0" xtl="883.43" ytl="371.57" xbr="1920.00" ybr="862.95" z_order="0">
      <attribute name="Adipose Clipped">No</attribute>
      <attribute name="Confidence Level">3</attribute>
      <attribute name="Injury">No</attribute>
      <attribute name="Notes"></attribute>
      <attribute name="Sex">Male</attribute>
      <attribute name="View">Side</attribute>
    </box>
    <box frame="149" outside="0" occluded="0" keyframe="0" xtl="923.14" ytl="378.91" xbr="1920.00" ybr="859.60" z_order="0">
      <attribute name="Adipose Clipped">No</attribute>
      <attribute name="Confidence Level">3</attribute>
      <attribute name="Injury">No</attribute>
      <attribute name="Notes"></attribute>
      <attribute name="Sex">Male</attribute>
      <attribute name="View">Side</attribute>
    </box>
    <box frame="150" outside="0" occluded="0" keyframe="0" xtl="962.85" ytl="386.25" xbr="1920.00" ybr="856.26" z_order="0">
      <attribute name="Adipose Clipped">No</attribute>
      <attribute name="Confidence Level">3</attribute>
      <attribute name="Injury">No</attribute>
      <attribute name="Notes"></attribute>
      <attribute name="Sex">Male</attribute>
      <attribute name="View">Side</attribute>
    </box>
    <box frame="151" outside="0" occluded="0" keyframe="0" xtl="1002.56" ytl="393.58" xbr="1920.00" ybr="852.91" z_order="0">
      <attribute name="Adipose Clipped">No</attribute>
      <attribute name="Confidence Level">3</attribute>
      <attribute name="Injury">No</attribute>
      <attribute name="Notes"></attribute>
      <attribute name="Sex">Male</attribute>
      <attribute name="View">Side</attribute>
    </box>
    <box frame="152" outside="0" occluded="0" keyframe="0" xtl="1042.28" ytl="400.92" xbr="1920.00" ybr="849.56" z_order="0">
      <attribute name="Adipose Clipped">No</attribute>
      <attribute name="Confidence Level">3</attribute>
      <attribute name="Injury">No</attribute>
      <attribute name="Notes"></attribute>
      <attribute name="Sex">Male</attribute>
      <attribute name="View">Side</attribute>
    </box>
    <box frame="153" outside="0" occluded="0" keyframe="0" xtl="1081.99" ytl="408.26" xbr="1920.00" ybr="846.21" z_order="0">
      <attribute name="Adipose Clipped">No</attribute>
      <attribute name="Confidence Level">3</attribute>
      <attribute name="Injury">No</attribute>
      <attribute name="Notes"></attribute>
      <attribute name="Sex">Male</attribute>
      <attribute name="View">Side</attribute>
    </box>
    <box frame="154" outside="0" occluded="0" keyframe="1" xtl="1121.70" ytl="415.60" xbr="1920.00" ybr="842.86" z_order="0">
      <attribute name="Adipose Clipped">No</attribute>
      <attribute name="Confidence Level">3</attribute>
      <attribute name="Injury">No</attribute>
      <attribute name="Notes"></attribute>
      <attribute name="Sex">Male</attribute>
      <attribute name="View">Side</attribute>
    </box>
    <box frame="155" outside="0" occluded="0" keyframe="0" xtl="1153.22" ytl="416.22" xbr="1920.00" ybr="843.48" z_order="0">
      <attribute name="Adipose Clipped">No</attribute>
      <attribute name="Confidence Level">3</attribute>
      <attribute name="Injury">No</attribute>
      <attribute name="Notes"></attribute>
      <attribute name="Sex">Male</attribute>
      <attribute name="View">Side</attribute>
    </box>
    <box frame="156" outside="0" occluded="0" keyframe="0" xtl="1184.73" ytl="416.84" xbr="1920.00" ybr="844.10" z_order="0">
      <attribute name="Adipose Clipped">No</attribute>
      <attribute name="Confidence Level">3</attribute>
      <attribute name="Injury">No</attribute>
      <attribute name="Notes"></attribute>
      <attribute name="Sex">Male</attribute>
      <attribute name="View">Side</attribute>
    </box>
    <box frame="157" outside="0" occluded="0" keyframe="0" xtl="1216.25" ytl="417.47" xbr="1920.00" ybr="844.72" z_order="0">
      <attribute name="Adipose Clipped">No</attribute>
      <attribute name="Confidence Level">3</attribute>
      <attribute name="Injury">No</attribute>
      <attribute name="Notes"></attribute>
      <attribute name="Sex">Male</attribute>
      <attribute name="View">Side</attribute>
    </box>
    <box frame="158" outside="0" occluded="0" keyframe="0" xtl="1247.76" ytl="418.09" xbr="1920.00" ybr="845.35" z_order="0">
      <attribute name="Adipose Clipped">No</attribute>
      <attribute name="Confidence Level">3</attribute>
      <attribute name="Injury">No</attribute>
      <attribute name="Notes"></attribute>
      <attribute name="Sex">Male</attribute>
      <attribute name="View">Side</attribute>
    </box>
    <box frame="159" outside="0" occluded="0" keyframe="0" xtl="1279.28" ytl="418.71" xbr="1920.00" ybr="845.97" z_order="0">
      <attribute name="Adipose Clipped">No</attribute>
      <attribute name="Confidence Level">3</attribute>
      <attribute name="Injury">No</attribute>
      <attribute name="Notes"></attribute>
      <attribute name="Sex">Male</attribute>
      <attribute name="View">Side</attribute>
    </box>
    <box frame="160" outside="0" occluded="0" keyframe="0" xtl="1310.80" ytl="419.33" xbr="1920.00" ybr="846.59" z_order="0">
      <attribute name="Adipose Clipped">No</attribute>
      <attribute name="Confidence Level">3</attribute>
      <attribute name="Injury">No</attribute>
      <attribute name="Notes"></attribute>
      <attribute name="Sex">Male</attribute>
      <attribute name="View">Side</attribute>
    </box>
    <box frame="161" outside="0" occluded="0" keyframe="0" xtl="1342.31" ytl="419.95" xbr="1920.00" ybr="847.21" z_order="0">
      <attribute name="Adipose Clipped">No</attribute>
      <attribute name="Confidence Level">3</attribute>
      <attribute name="Injury">No</attribute>
      <attribute name="Notes"></attribute>
      <attribute name="Sex">Male</attribute>
      <attribute name="View">Side</attribute>
    </box>
    <box frame="162" outside="0" occluded="0" keyframe="0" xtl="1373.83" ytl="420.58" xbr="1920.00" ybr="847.83" z_order="0">
      <attribute name="Adipose Clipped">No</attribute>
      <attribute name="Confidence Level">3</attribute>
      <attribute name="Injury">No</attribute>
      <attribute name="Notes"></attribute>
      <attribute name="Sex">Male</attribute>
      <attribute name="View">Side</attribute>
    </box>
    <box frame="163" outside="0" occluded="0" keyframe="0" xtl="1405.35" ytl="421.20" xbr="1920.00" ybr="848.46" z_order="0">
      <attribute name="Adipose Clipped">No</attribute>
      <attribute name="Confidence Level">3</attribute>
      <attribute name="Injury">No</attribute>
      <attribute name="Notes"></attribute>
      <attribute name="Sex">Male</attribute>
      <attribute name="View">Side</attribute>
    </box>
    <box frame="164" outside="0" occluded="1" keyframe="1" xtl="1436.86" ytl="421.82" xbr="1920.00" ybr="849.08" z_order="0">
      <attribute name="Adipose Clipped">No</attribute>
      <attribute name="Confidence Level">3</attribute>
      <attribute name="Injury">No</attribute>
      <attribute name="Notes"></attribute>
      <attribute name="Sex">Male</attribute>
      <attribute name="View">Side</attribute>
    </box>
    <box frame="165" outside="0" occluded="1" keyframe="0" xtl="1472.11" ytl="416.78" xbr="1920.00" ybr="844.04" z_order="0">
      <attribute name="Adipose Clipped">No</attribute>
      <attribute name="Confidence Level">3</attribute>
      <attribute name="Injury">No</attribute>
      <attribute name="Notes"></attribute>
      <attribute name="Sex">Male</attribute>
      <attribute name="View">Side</attribute>
    </box>
    <box frame="166" outside="0" occluded="1" keyframe="0" xtl="1507.36" ytl="411.75" xbr="1920.00" ybr="839.01" z_order="0">
      <attribute name="Adipose Clipped">No</attribute>
      <attribute name="Confidence Level">3</attribute>
      <attribute name="Injury">No</attribute>
      <attribute name="Notes"></attribute>
      <attribute name="Sex">Male</attribute>
      <attribute name="View">Side</attribute>
    </box>
    <box frame="167" outside="0" occluded="1" keyframe="0" xtl="1542.61" ytl="406.71" xbr="1920.00" ybr="833.97" z_order="0">
      <attribute name="Adipose Clipped">No</attribute>
      <attribute name="Confidence Level">3</attribute>
      <attribute name="Injury">No</attribute>
      <attribute name="Notes"></attribute>
      <attribute name="Sex">Male</attribute>
      <attribute name="View">Side</attribute>
    </box>
    <box frame="168" outside="0" occluded="1" keyframe="0" xtl="1577.86" ytl="401.68" xbr="1920.00" ybr="828.94" z_order="0">
      <attribute name="Adipose Clipped">No</attribute>
      <attribute name="Confidence Level">3</attribute>
      <attribute name="Injury">No</attribute>
      <attribute name="Notes"></attribute>
      <attribute name="Sex">Male</attribute>
      <attribute name="View">Side</attribute>
    </box>
    <box frame="169" outside="0" occluded="1" keyframe="0" xtl="1613.10" ytl="396.64" xbr="1920.00" ybr="823.90" z_order="0">
      <attribute name="Adipose Clipped">No</attribute>
      <attribute name="Confidence Level">3</attribute>
      <attribute name="Injury">No</attribute>
      <attribute name="Notes"></attribute>
      <attribute name="Sex">Male</attribute>
      <attribute name="View">Side</attribute>
    </box>
    <box frame="170" outside="0" occluded="1" keyframe="0" xtl="1648.35" ytl="391.61" xbr="1920.00" ybr="818.86" z_order="0">
      <attribute name="Adipose Clipped">No</attribute>
      <attribute name="Confidence Level">3</attribute>
      <attribute name="Injury">No</attribute>
      <attribute name="Notes"></attribute>
      <attribute name="Sex">Male</attribute>
      <attribute name="View">Side</attribute>
    </box>
    <box frame="171" outside="0" occluded="1" keyframe="1" xtl="1683.60" ytl="386.57" xbr="1920.00" ybr="813.83" z_order="0">
      <attribute name="Adipose Clipped">No</attribute>
      <attribute name="Confidence Level">3</attribute>
      <attribute name="Injury">No</attribute>
      <attribute name="Notes"></attribute>
      <attribute name="Sex">Male</attribute>
      <attribute name="View">Side</attribute>
    </box>
    <box frame="172" outside="0" occluded="1" keyframe="0" xtl="1696.93" ytl="392.49" xbr="1920.00" ybr="813.24" z_order="0">
      <attribute name="Adipose Clipped">No</attribute>
      <attribute name="Confidence Level">3</attribute>
      <attribute name="Injury">No</attribute>
      <attribute name="Notes"></attribute>
      <attribute name="Sex">Male</attribute>
      <attribute name="View">Side</attribute>
    </box>
    <box frame="173" outside="0" occluded="1" keyframe="0" xtl="1710.26" ytl="398.41" xbr="1920.00" ybr="812.64" z_order="0">
      <attribute name="Adipose Clipped">No</attribute>
      <attribute name="Confidence Level">3</attribute>
      <attribute name="Injury">No</attribute>
      <attribute name="Notes"></attribute>
      <attribute name="Sex">Male</attribute>
      <attribute name="View">Side</attribute>
    </box>
    <box frame="174" outside="0" occluded="1" keyframe="0" xtl="1723.59" ytl="404.33" xbr="1920.00" ybr="812.05" z_order="0">
      <attribute name="Adipose Clipped">No</attribute>
      <attribute name="Confidence Level">3</attribute>
      <attribute name="Injury">No</attribute>
      <attribute name="Notes"></attribute>
      <attribute name="Sex">Male</attribute>
      <attribute name="View">Side</attribute>
    </box>
    <box frame="175" outside="0" occluded="1" keyframe="0" xtl="1736.91" ytl="410.24" xbr="1920.00" ybr="811.46" z_order="0">
      <attribute name="Adipose Clipped">No</attribute>
      <attribute name="Confidence Level">3</attribute>
      <attribute name="Injury">No</attribute>
      <attribute name="Notes"></attribute>
      <attribute name="Sex">Male</attribute>
      <attribute name="View">Side</attribute>
    </box>
    <box frame="176" outside="0" occluded="1" keyframe="0" xtl="1750.24" ytl="416.16" xbr="1920.00" ybr="810.87" z_order="0">
      <attribute name="Adipose Clipped">No</attribute>
      <attribute name="Confidence Level">3</attribute>
      <attribute name="Injury">No</attribute>
      <attribute name="Notes"></attribute>
      <attribute name="Sex">Male</attribute>
      <attribute name="View">Side</attribute>
    </box>
    <box frame="177" outside="0" occluded="1" keyframe="0" xtl="1763.57" ytl="422.08" xbr="1920.00" ybr="810.28" z_order="0">
      <attribute name="Adipose Clipped">No</attribute>
      <attribute name="Confidence Level">3</attribute>
      <attribute name="Injury">No</attribute>
      <attribute name="Notes"></attribute>
      <attribute name="Sex">Male</attribute>
      <attribute name="View">Side</attribute>
    </box>
    <box frame="178" outside="0" occluded="1" keyframe="1" xtl="1776.90" ytl="428.00" xbr="1920.00" ybr="809.68" z_order="0">
      <attribute name="Adipose Clipped">No</attribute>
      <attribute name="Confidence Level">3</attribute>
      <attribute name="Injury">No</attribute>
      <attribute name="Notes"></attribute>
      <attribute name="Sex">Male</attribute>
      <attribute name="View">Side</attribute>
    </box>
    <box frame="179" outside="0" occluded="1" keyframe="0" xtl="1776.90" ytl="428.00" xbr="1920.00" ybr="809.68" z_order="0">
      <attribute name="Adipose Clipped">No</attribute>
      <attribute name="Confidence Level">3</attribute>
      <attribute name="Injury">No</attribute>
      <attribute name="Notes"></attribute>
      <attribute name="Sex">Male</attribute>
      <attribute name="View">Side</attribute>
    </box>
    <box frame="180" outside="1" occluded="1" keyframe="1" xtl="1776.90" ytl="428.00" xbr="1920.00" ybr="809.68" z_order="0">
      <attribute name="Adipose Clipped">No</attribute>
      <attribute name="Confidence Level">3</attribute>
      <attribute name="Injury">No</attribute>
      <attribute name="Notes"></attribute>
      <attribute name="Sex">Male</attribute>
      <attribute name="View">Side</attribute>
    </box>
  </track>
</annotations>