<?xml version="1.0" encoding="utf-8"?>
<annotations>
  <version>1.1</version>
  <meta>
    <task>
      <id>335</id>
      <name>09-12-2019 15-05-06 C Right Bank Underwater</name>
      <size>239</size>
      <mode>interpolation</mode>
      <overlap>5</overlap>
      <bugtracker></bugtracker>
      <created>2021-03-02 00:15:15.156723+00:00</created>
      <updated>2021-03-02 00:36:43.625012+00:00</updated>
      <start_frame>0</start_frame>
      <stop_frame>238</stop_frame>
      <frame_filter></frame_filter>
      <labels>
        <label>
          <name>Coho</name>
          <color>#66c893</color>
          <attributes>
            <attribute>
              <name>Adipose Clipped</name>
              <mutable>False</mutable>
              <input_type>select</input_type>
              <default_value>No</default_value>
              <values>No
Yes
NA</values>
            </attribute>
            <attribute>
              <name>Confidence Level</name>
              <mutable>False</mutable>
              <input_type>select</input_type>
              <default_value>3</default_value>
              <values>3
2
1</values>
            </attribute>
            <attribute>
              <name>Injury</name>
              <mutable>False</mutable>
              <input_type>select</input_type>
              <default_value>No</default_value>
              <values>No
Yes
NA</values>
            </attribute>
            <attribute>
              <name>Notes</name>
              <mutable>False</mutable>
              <input_type>text</input_type>
              <default_value>NA</default_value>
              <values>NA</values>
            </attribute>
            <attribute>
              <name>Sex</name>
              <mutable>False</mutable>
              <input_type>select</input_type>
              <default_value>Male</default_value>
              <values>Male
Female
Jack</values>
            </attribute>
          </attributes>
        </label>
        <label>
          <name>Pink</name>
          <color>#fa7dbb</color>
          <attributes>
            <attribute>
              <name>Adipose Clipped</name>
              <mutable>False</mutable>
              <input_type>select</input_type>
              <default_value>No</default_value>
              <values>No
Yes
NA</values>
            </attribute>
            <attribute>
              <name>Confidence Level</name>
              <mutable>False</mutable>
              <input_type>select</input_type>
              <default_value>3</default_value>
              <values>3
2
1</values>
            </attribute>
            <attribute>
              <name>Injury</name>
              <mutable>False</mutable>
              <input_type>select</input_type>
              <default_value>No</default_value>
              <values>No
Yes
NA</values>
            </attribute>
            <attribute>
              <name>Notes</name>
              <mutable>False</mutable>
              <input_type>text</input_type>
              <default_value>NA</default_value>
              <values>NA</values>
            </attribute>
            <attribute>
              <name>Sex</name>
              <mutable>False</mutable>
              <input_type>select</input_type>
              <default_value>Male</default_value>
              <values>Male
Female</values>
            </attribute>
          </attributes>
        </label>
        <label>
          <name>Bull</name>
          <color>#ff6037</color>
          <attributes>
            <attribute>
              <name>Sex</name>
              <mutable>False</mutable>
              <input_type>select</input_type>
              <default_value>NA</default_value>
              <values>NA</values>
            </attribute>
            <attribute>
              <name>Adipose Clipped</name>
              <mutable>False</mutable>
              <input_type>select</input_type>
              <default_value>No</default_value>
              <values>No
NA</values>
            </attribute>
            <attribute>
              <name>Confidence Level</name>
              <mutable>False</mutable>
              <input_type>select</input_type>
              <default_value>3</default_value>
              <values>3
2
1</values>
            </attribute>
            <attribute>
              <name>Injury</name>
              <mutable>False</mutable>
              <input_type>select</input_type>
              <default_value>No</default_value>
              <values>No
Yes
NA</values>
            </attribute>
            <attribute>
              <name>Notes</name>
              <mutable>False</mutable>
              <input_type>text</input_type>
              <default_value>NA</default_value>
              <values>NA</values>
            </attribute>
          </attributes>
        </label>
        <label>
          <name>Chum</name>
          <color>#b83df5</color>
          <attributes>
            <attribute>
              <name>Sex</name>
              <mutable>False</mutable>
              <input_type>select</input_type>
              <default_value>Male</default_value>
              <values>Male
Female</values>
            </attribute>
            <attribute>
              <name>Adipose Clipped</name>
              <mutable>False</mutable>
              <input_type>select</input_type>
              <default_value>No</default_value>
              <values>No
Yes
NA</values>
            </attribute>
            <attribute>
              <name>Injury</name>
              <mutable>False</mutable>
              <input_type>select</input_type>
              <default_value>No</default_value>
              <values>No
Yes
NA</values>
            </attribute>
            <attribute>
              <name>Confidence Level</name>
              <mutable>False</mutable>
              <input_type>select</input_type>
              <default_value>3</default_value>
              <values>3
2
1</values>
            </attribute>
            <attribute>
              <name>Notes</name>
              <mutable>False</mutable>
              <input_type>text</input_type>
              <default_value>NA</default_value>
              <values>NA</values>
            </attribute>
          </attributes>
        </label>
        <label>
          <name>Whitefish</name>
          <color>#e2f1ee</color>
          <attributes>
            <attribute>
              <name>Sex</name>
              <mutable>False</mutable>
              <input_type>select</input_type>
              <default_value>NA</default_value>
              <values>NA</values>
            </attribute>
            <attribute>
              <name>Adipose Clipped</name>
              <mutable>False</mutable>
              <input_type>select</input_type>
              <default_value>No</default_value>
              <values>No
Yes
NA</values>
            </attribute>
            <attribute>
              <name>Injury</name>
              <mutable>False</mutable>
              <input_type>select</input_type>
              <default_value>No</default_value>
              <values>No
Yes
NA</values>
            </attribute>
            <attribute>
              <name>Confidence Level</name>
              <mutable>False</mutable>
              <input_type>select</input_type>
              <default_value>3</default_value>
              <values>3
2
1</values>
            </attribute>
            <attribute>
              <name>Notes</name>
              <mutable>False</mutable>
              <input_type>text</input_type>
              <default_value>NA</default_value>
              <values>NA</values>
            </attribute>
          </attributes>
        </label>
        <label>
          <name>Sockeye</name>
          <color>#fa3253</color>
          <attributes>
            <attribute>
              <name>Sex</name>
              <mutable>False</mutable>
              <input_type>select</input_type>
              <default_value>Male</default_value>
              <values>Male
Female</values>
            </attribute>
            <attribute>
              <name>Adipose Clipped</name>
              <mutable>False</mutable>
              <input_type>select</input_type>
              <default_value>No</default_value>
              <values>No
Yes
NA</values>
            </attribute>
            <attribute>
              <name>Injury</name>
              <mutable>False</mutable>
              <input_type>select</input_type>
              <default_value>No</default_value>
              <values>No
Yes
NA</values>
            </attribute>
            <attribute>
              <name>Confidence Level</name>
              <mutable>False</mutable>
              <input_type>select</input_type>
              <default_value>3</default_value>
              <values>3
2
1</values>
            </attribute>
            <attribute>
              <name>Notes</name>
              <mutable>False</mutable>
              <input_type>text</input_type>
              <default_value>NA</default_value>
              <values>NA</values>
            </attribute>
          </attributes>
        </label>
        <label>
          <name>Steelhead</name>
          <color>#66ff66</color>
          <attributes>
            <attribute>
              <name>Sex</name>
              <mutable>False</mutable>
              <input_type>select</input_type>
              <default_value>Male</default_value>
              <values>Male
Female</values>
            </attribute>
            <attribute>
              <name>Adipose Clipped</name>
              <mutable>False</mutable>
              <input_type>select</input_type>
              <default_value>No</default_value>
              <values>No
Yes
NA</values>
            </attribute>
            <attribute>
              <name>Injury</name>
              <mutable>False</mutable>
              <input_type>select</input_type>
              <default_value>No</default_value>
              <values>No
Yes
NA</values>
            </attribute>
            <attribute>
              <name>Confidence Level</name>
              <mutable>False</mutable>
              <input_type>select</input_type>
              <default_value>3</default_value>
              <values>3
2
1</values>
            </attribute>
            <attribute>
              <name>Notes</name>
              <mutable>False</mutable>
              <input_type>text</input_type>
              <default_value>NA</default_value>
              <values>NA</values>
            </attribute>
          </attributes>
        </label>
        <label>
          <name>Rainbow</name>
          <color>#ff00cc</color>
          <attributes>
            <attribute>
              <name>Sex</name>
              <mutable>False</mutable>
              <input_type>select</input_type>
              <default_value>NA</default_value>
              <values>NA
Juvenile</values>
            </attribute>
            <attribute>
              <name>Adipose Clipped</name>
              <mutable>False</mutable>
              <input_type>select</input_type>
              <default_value>No</default_value>
              <values>No
Yes
NA</values>
            </attribute>
            <attribute>
              <name>Injury</name>
              <mutable>False</mutable>
              <input_type>select</input_type>
              <default_value>No</default_value>
              <values>No
Yes
NA</values>
            </attribute>
            <attribute>
              <name>Confidence Level</name>
              <mutable>False</mutable>
              <input_type>select</input_type>
              <default_value>3</default_value>
              <values>3
2
1</values>
            </attribute>
            <attribute>
              <name>Notes</name>
              <mutable>False</mutable>
              <input_type>text</input_type>
              <default_value>NA</default_value>
              <values>NA</values>
            </attribute>
          </attributes>
        </label>
        <label>
          <name>Chinook</name>
          <color>#cc3366</color>
          <attributes>
            <attribute>
              <name>Sex</name>
              <mutable>False</mutable>
              <input_type>select</input_type>
              <default_value>Male</default_value>
              <values>Male
Female
NA</values>
            </attribute>
            <attribute>
              <name>Adipose Clipped</name>
              <mutable>False</mutable>
              <input_type>select</input_type>
              <default_value>No</default_value>
              <values>No
Yes
NA</values>
            </attribute>
            <attribute>
              <name>Injury</name>
              <mutable>False</mutable>
              <input_type>select</input_type>
              <default_value>No</default_value>
              <values>No
Yes
NA</values>
            </attribute>
            <attribute>
              <name>Confidence Level</name>
              <mutable>False</mutable>
              <input_type>select</input_type>
              <default_value>3</default_value>
              <values>3
2
1</values>
            </attribute>
            <attribute>
              <name>Notes</name>
              <mutable>False</mutable>
              <input_type>text</input_type>
              <default_value>NA</default_value>
              <values>NA</values>
            </attribute>
          </attributes>
        </label>
      </labels>
      <segments>
        <segment>
          <id>327</id>
          <start>0</start>
          <stop>238</stop>
          <url>httplocalhost:8080/?id=327</url>
        </segment>
      </segments>
      <owner>
        <username>bna19</username>
        <email>bna19@sfu.ca</email>
      </owner>
      <assignee></assignee>
      <original_size>
        <width>1920</width>
        <height>1080</height>
      </original_size>
    </task>
    <dumped>2021-03-02 00:36:55.652312+00:00</dumped>
    <source>09-12-2019 15-05-06 C Right Bank Underwater.mp4</source>
  </meta>
  <track id="0" label="Pink" source="manual">
    <box frame="172" outside="0" occluded="0" keyframe="1" xtl="0.09" ytl="483.31" xbr="1082.16" ybr="971.61" z_order="0">
      <attribute name="Sex">Female</attribute>
      <attribute name="Adipose Clipped">No</attribute>
      <attribute name="Injury">No</attribute>
      <attribute name="Confidence Level">3</attribute>
      <attribute name="Notes">NA</attribute>
    </box>
    <box frame="173" outside="0" occluded="0" keyframe="0" xtl="0.08" ytl="484.50" xbr="1078.91" ybr="972.81" z_order="0">
      <attribute name="Sex">Female</attribute>
      <attribute name="Adipose Clipped">No</attribute>
      <attribute name="Injury">No</attribute>
      <attribute name="Confidence Level">3</attribute>
      <attribute name="Notes">NA</attribute>
    </box>
    <box frame="174" outside="0" occluded="0" keyframe="0" xtl="0.08" ytl="485.70" xbr="1075.65" ybr="974.00" z_order="0">
      <attribute name="Sex">Female</attribute>
      <attribute name="Adipose Clipped">No</attribute>
      <attribute name="Injury">No</attribute>
      <attribute name="Confidence Level">3</attribute>
      <attribute name="Notes">NA</attribute>
    </box>
    <box frame="175" outside="0" occluded="0" keyframe="0" xtl="0.07" ytl="486.89" xbr="1072.40" ybr="975.19" z_order="0">
      <attribute name="Sex">Female</attribute>
      <attribute name="Adipose Clipped">No</attribute>
      <attribute name="Injury">No</attribute>
      <attribute name="Confidence Level">3</attribute>
      <attribute name="Notes">NA</attribute>
    </box>
    <box frame="176" outside="0" occluded="0" keyframe="0" xtl="0.07" ytl="488.09" xbr="1069.14" ybr="976.39" z_order="0">
      <attribute name="Sex">Female</attribute>
      <attribute name="Adipose Clipped">No</attribute>
      <attribute name="Injury">No</attribute>
      <attribute name="Confidence Level">3</attribute>
      <attribute name="Notes">NA</attribute>
    </box>
    <box frame="177" outside="0" occluded="0" keyframe="0" xtl="0.06" ytl="489.28" xbr="1065.89" ybr="977.58" z_order="0">
      <attribute name="Sex">Female</attribute>
      <attribute name="Adipose Clipped">No</attribute>
      <attribute name="Injury">No</attribute>
      <attribute name="Confidence Level">3</attribute>
      <attribute name="Notes">NA</attribute>
    </box>
    <box frame="178" outside="0" occluded="0" keyframe="0" xtl="0.06" ytl="490.47" xbr="1062.63" ybr="978.77" z_order="0">
      <attribute name="Sex">Female</attribute>
      <attribute name="Adipose Clipped">No</attribute>
      <attribute name="Injury">No</attribute>
      <attribute name="Confidence Level">3</attribute>
      <attribute name="Notes">NA</attribute>
    </box>
    <box frame="179" outside="0" occluded="0" keyframe="0" xtl="0.05" ytl="491.67" xbr="1059.38" ybr="979.97" z_order="0">
      <attribute name="Sex">Female</attribute>
      <attribute name="Adipose Clipped">No</attribute>
      <attribute name="Injury">No</attribute>
      <attribute name="Confidence Level">3</attribute>
      <attribute name="Notes">NA</attribute>
    </box>
    <box frame="180" outside="0" occluded="0" keyframe="0" xtl="0.05" ytl="492.86" xbr="1056.12" ybr="981.16" z_order="0">
      <attribute name="Sex">Female</attribute>
      <attribute name="Adipose Clipped">No</attribute>
      <attribute name="Injury">No</attribute>
      <attribute name="Confidence Level">3</attribute>
      <attribute name="Notes">NA</attribute>
    </box>
    <box frame="181" outside="0" occluded="0" keyframe="0" xtl="0.04" ytl="494.05" xbr="1052.87" ybr="982.35" z_order="0">
      <attribute name="Sex">Female</attribute>
      <attribute name="Adipose Clipped">No</attribute>
      <attribute name="Injury">No</attribute>
      <attribute name="Confidence Level">3</attribute>
      <attribute name="Notes">NA</attribute>
    </box>
    <box frame="182" outside="0" occluded="0" keyframe="0" xtl="0.04" ytl="495.25" xbr="1049.61" ybr="983.55" z_order="0">
      <attribute name="Sex">Female</attribute>
      <attribute name="Adipose Clipped">No</attribute>
      <attribute name="Injury">No</attribute>
      <attribute name="Confidence Level">3</attribute>
      <attribute name="Notes">NA</attribute>
    </box>
    <box frame="183" outside="0" occluded="0" keyframe="0" xtl="0.03" ytl="496.44" xbr="1046.35" ybr="984.74" z_order="0">
      <attribute name="Sex">Female</attribute>
      <attribute name="Adipose Clipped">No</attribute>
      <attribute name="Injury">No</attribute>
      <attribute name="Confidence Level">3</attribute>
      <attribute name="Notes">NA</attribute>
    </box>
    <box frame="184" outside="0" occluded="0" keyframe="0" xtl="0.03" ytl="497.63" xbr="1043.10" ybr="985.94" z_order="0">
      <attribute name="Sex">Female</attribute>
      <attribute name="Adipose Clipped">No</attribute>
      <attribute name="Injury">No</attribute>
      <attribute name="Confidence Level">3</attribute>
      <attribute name="Notes">NA</attribute>
    </box>
    <box frame="185" outside="0" occluded="0" keyframe="0" xtl="0.02" ytl="498.83" xbr="1039.84" ybr="987.13" z_order="0">
      <attribute name="Sex">Female</attribute>
      <attribute name="Adipose Clipped">No</attribute>
      <attribute name="Injury">No</attribute>
      <attribute name="Confidence Level">3</attribute>
      <attribute name="Notes">NA</attribute>
    </box>
    <box frame="186" outside="0" occluded="0" keyframe="0" xtl="0.02" ytl="500.02" xbr="1036.59" ybr="988.32" z_order="0">
      <attribute name="Sex">Female</attribute>
      <attribute name="Adipose Clipped">No</attribute>
      <attribute name="Injury">No</attribute>
      <attribute name="Confidence Level">3</attribute>
      <attribute name="Notes">NA</attribute>
    </box>
    <box frame="187" outside="0" occluded="0" keyframe="0" xtl="0.01" ytl="501.22" xbr="1033.33" ybr="989.52" z_order="0">
      <attribute name="Sex">Female</attribute>
      <attribute name="Adipose Clipped">No</attribute>
      <attribute name="Injury">No</attribute>
      <attribute name="Confidence Level">3</attribute>
      <attribute name="Notes">NA</attribute>
    </box>
    <box frame="188" outside="0" occluded="0" keyframe="0" xtl="0.01" ytl="502.41" xbr="1030.08" ybr="990.71" z_order="0">
      <attribute name="Sex">Female</attribute>
      <attribute name="Adipose Clipped">No</attribute>
      <attribute name="Injury">No</attribute>
      <attribute name="Confidence Level">3</attribute>
      <attribute name="Notes">NA</attribute>
    </box>
    <box frame="189" outside="0" occluded="0" keyframe="0" xtl="0.00" ytl="503.60" xbr="1026.82" ybr="991.90" z_order="0">
      <attribute name="Sex">Female</attribute>
      <attribute name="Adipose Clipped">No</attribute>
      <attribute name="Injury">No</attribute>
      <attribute name="Confidence Level">3</attribute>
      <attribute name="Notes">NA</attribute>
    </box>
    <box frame="190" outside="0" occluded="0" keyframe="1" xtl="0.00" ytl="504.80" xbr="1023.57" ybr="993.10" z_order="0">
      <attribute name="Sex">Female</attribute>
      <attribute name="Adipose Clipped">No</attribute>
      <attribute name="Injury">No</attribute>
      <attribute name="Confidence Level">3</attribute>
      <attribute name="Notes">NA</attribute>
    </box>
    <box frame="191" outside="0" occluded="0" keyframe="0" xtl="0.00" ytl="503.77" xbr="1019.19" ybr="995.40" z_order="0">
      <attribute name="Sex">Female</attribute>
      <attribute name="Adipose Clipped">No</attribute>
      <attribute name="Injury">No</attribute>
      <attribute name="Confidence Level">3</attribute>
      <attribute name="Notes">NA</attribute>
    </box>
    <box frame="192" outside="0" occluded="0" keyframe="0" xtl="0.00" ytl="502.74" xbr="1014.82" ybr="997.71" z_order="0">
      <attribute name="Sex">Female</attribute>
      <attribute name="Adipose Clipped">No</attribute>
      <attribute name="Injury">No</attribute>
      <attribute name="Confidence Level">3</attribute>
      <attribute name="Notes">NA</attribute>
    </box>
    <box frame="193" outside="0" occluded="0" keyframe="0" xtl="0.00" ytl="501.71" xbr="1010.45" ybr="1000.02" z_order="0">
      <attribute name="Sex">Female</attribute>
      <attribute name="Adipose Clipped">No</attribute>
      <attribute name="Injury">No</attribute>
      <attribute name="Confidence Level">3</attribute>
      <attribute name="Notes">NA</attribute>
    </box>
    <box frame="194" outside="0" occluded="0" keyframe="0" xtl="0.00" ytl="500.68" xbr="1006.08" ybr="1002.32" z_order="0">
      <attribute name="Sex">Female</attribute>
      <attribute name="Adipose Clipped">No</attribute>
      <attribute name="Injury">No</attribute>
      <attribute name="Confidence Level">3</attribute>
      <attribute name="Notes">NA</attribute>
    </box>
    <box frame="195" outside="0" occluded="0" keyframe="0" xtl="0.00" ytl="499.66" xbr="1001.70" ybr="1004.63" z_order="0">
      <attribute name="Sex">Female</attribute>
      <attribute name="Adipose Clipped">No</attribute>
      <attribute name="Injury">No</attribute>
      <attribute name="Confidence Level">3</attribute>
      <attribute name="Notes">NA</attribute>
    </box>
    <box frame="196" outside="0" occluded="0" keyframe="0" xtl="0.00" ytl="498.63" xbr="997.33" ybr="1006.94" z_order="0">
      <attribute name="Sex">Female</attribute>
      <attribute name="Adipose Clipped">No</attribute>
      <attribute name="Injury">No</attribute>
      <attribute name="Confidence Level">3</attribute>
      <attribute name="Notes">NA</attribute>
    </box>
    <box frame="197" outside="0" occluded="0" keyframe="0" xtl="0.00" ytl="497.60" xbr="992.96" ybr="1009.24" z_order="0">
      <attribute name="Sex">Female</attribute>
      <attribute name="Adipose Clipped">No</attribute>
      <attribute name="Injury">No</attribute>
      <attribute name="Confidence Level">3</attribute>
      <attribute name="Notes">NA</attribute>
    </box>
    <box frame="198" outside="0" occluded="0" keyframe="0" xtl="0.00" ytl="496.57" xbr="988.58" ybr="1011.55" z_order="0">
      <attribute name="Sex">Female</attribute>
      <attribute name="Adipose Clipped">No</attribute>
      <attribute name="Injury">No</attribute>
      <attribute name="Confidence Level">3</attribute>
      <attribute name="Notes">NA</attribute>
    </box>
    <box frame="199" outside="0" occluded="0" keyframe="0" xtl="0.00" ytl="495.54" xbr="984.21" ybr="1013.85" z_order="0">
      <attribute name="Sex">Female</attribute>
      <attribute name="Adipose Clipped">No</attribute>
      <attribute name="Injury">No</attribute>
      <attribute name="Confidence Level">3</attribute>
      <attribute name="Notes">NA</attribute>
    </box>
    <box frame="200" outside="0" occluded="0" keyframe="0" xtl="0.00" ytl="494.52" xbr="979.84" ybr="1016.16" z_order="0">
      <attribute name="Sex">Female</attribute>
      <attribute name="Adipose Clipped">No</attribute>
      <attribute name="Injury">No</attribute>
      <attribute name="Confidence Level">3</attribute>
      <attribute name="Notes">NA</attribute>
    </box>
    <box frame="201" outside="0" occluded="0" keyframe="0" xtl="0.00" ytl="493.49" xbr="975.46" ybr="1018.47" z_order="0">
      <attribute name="Sex">Female</attribute>
      <attribute name="Adipose Clipped">No</attribute>
      <attribute name="Injury">No</attribute>
      <attribute name="Confidence Level">3</attribute>
      <attribute name="Notes">NA</attribute>
    </box>
    <box frame="202" outside="0" occluded="0" keyframe="0" xtl="0.00" ytl="492.46" xbr="971.09" ybr="1020.77" z_order="0">
      <attribute name="Sex">Female</attribute>
      <attribute name="Adipose Clipped">No</attribute>
      <attribute name="Injury">No</attribute>
      <attribute name="Confidence Level">3</attribute>
      <attribute name="Notes">NA</attribute>
    </box>
    <box frame="203" outside="0" occluded="0" keyframe="0" xtl="0.00" ytl="491.43" xbr="966.72" ybr="1023.08" z_order="0">
      <attribute name="Sex">Female</attribute>
      <attribute name="Adipose Clipped">No</attribute>
      <attribute name="Injury">No</attribute>
      <attribute name="Confidence Level">3</attribute>
      <attribute name="Notes">NA</attribute>
    </box>
    <box frame="204" outside="0" occluded="0" keyframe="0" xtl="0.00" ytl="490.40" xbr="962.35" ybr="1025.39" z_order="0">
      <attribute name="Sex">Female</attribute>
      <attribute name="Adipose Clipped">No</attribute>
      <attribute name="Injury">No</attribute>
      <attribute name="Confidence Level">3</attribute>
      <attribute name="Notes">NA</attribute>
    </box>
    <box frame="205" outside="0" occluded="0" keyframe="0" xtl="0.00" ytl="489.38" xbr="957.97" ybr="1027.69" z_order="0">
      <attribute name="Sex">Female</attribute>
      <attribute name="Adipose Clipped">No</attribute>
      <attribute name="Injury">No</attribute>
      <attribute name="Confidence Level">3</attribute>
      <attribute name="Notes">NA</attribute>
    </box>
    <box frame="206" outside="0" occluded="0" keyframe="1" xtl="0.00" ytl="488.35" xbr="953.60" ybr="1030.00" z_order="0">
      <attribute name="Sex">Female</attribute>
      <attribute name="Adipose Clipped">No</attribute>
      <attribute name="Injury">No</attribute>
      <attribute name="Confidence Level">3</attribute>
      <attribute name="Notes">NA</attribute>
    </box>
    <box frame="207" outside="0" occluded="0" keyframe="0" xtl="0.00" ytl="487.32" xbr="1042.01" ybr="1022.26" z_order="0">
      <attribute name="Sex">Female</attribute>
      <attribute name="Adipose Clipped">No</attribute>
      <attribute name="Injury">No</attribute>
      <attribute name="Confidence Level">3</attribute>
      <attribute name="Notes">NA</attribute>
    </box>
    <box frame="208" outside="0" occluded="0" keyframe="0" xtl="0.00" ytl="486.29" xbr="1130.43" ybr="1014.51" z_order="0">
      <attribute name="Sex">Female</attribute>
      <attribute name="Adipose Clipped">No</attribute>
      <attribute name="Injury">No</attribute>
      <attribute name="Confidence Level">3</attribute>
      <attribute name="Notes">NA</attribute>
    </box>
    <box frame="209" outside="0" occluded="0" keyframe="1" xtl="0.00" ytl="485.26" xbr="1218.84" ybr="1006.77" z_order="0">
      <attribute name="Sex">Female</attribute>
      <attribute name="Adipose Clipped">No</attribute>
      <attribute name="Injury">No</attribute>
      <attribute name="Confidence Level">3</attribute>
      <attribute name="Notes">NA</attribute>
    </box>
    <box frame="210" outside="0" occluded="0" keyframe="1" xtl="0.00" ytl="491.61" xbr="1329.69" ybr="1013.12" z_order="0">
      <attribute name="Sex">Female</attribute>
      <attribute name="Adipose Clipped">No</attribute>
      <attribute name="Injury">No</attribute>
      <attribute name="Confidence Level">3</attribute>
      <attribute name="Notes">NA</attribute>
    </box>
    <box frame="211" outside="0" occluded="0" keyframe="1" xtl="24.40" ytl="490.15" xbr="1491.32" ybr="1011.65" z_order="0">
      <attribute name="Sex">Female</attribute>
      <attribute name="Adipose Clipped">No</attribute>
      <attribute name="Injury">No</attribute>
      <attribute name="Confidence Level">3</attribute>
      <attribute name="Notes">NA</attribute>
    </box>
    <box frame="212" outside="0" occluded="0" keyframe="0" xtl="116.70" ytl="492.59" xbr="1627.56" ybr="1014.09" z_order="0">
      <attribute name="Sex">Female</attribute>
      <attribute name="Adipose Clipped">No</attribute>
      <attribute name="Injury">No</attribute>
      <attribute name="Confidence Level">3</attribute>
      <attribute name="Notes">NA</attribute>
    </box>
    <box frame="213" outside="0" occluded="0" keyframe="1" xtl="208.99" ytl="495.03" xbr="1763.80" ybr="1016.53" z_order="0">
      <attribute name="Sex">Female</attribute>
      <attribute name="Adipose Clipped">No</attribute>
      <attribute name="Injury">No</attribute>
      <attribute name="Confidence Level">3</attribute>
      <attribute name="Notes">NA</attribute>
    </box>
    <box frame="214" outside="0" occluded="0" keyframe="0" xtl="304.70" ytl="495.03" xbr="1772.59" ybr="1016.53" z_order="0">
      <attribute name="Sex">Female</attribute>
      <attribute name="Adipose Clipped">No</attribute>
      <attribute name="Injury">No</attribute>
      <attribute name="Confidence Level">3</attribute>
      <attribute name="Notes">NA</attribute>
    </box>
    <box frame="215" outside="0" occluded="0" keyframe="1" xtl="400.40" ytl="495.03" xbr="1781.38" ybr="1016.53" z_order="0">
      <attribute name="Sex">Female</attribute>
      <attribute name="Adipose Clipped">No</attribute>
      <attribute name="Injury">No</attribute>
      <attribute name="Confidence Level">3</attribute>
      <attribute name="Notes">NA</attribute>
    </box>
    <box frame="216" outside="0" occluded="0" keyframe="1" xtl="584.00" ytl="467.69" xbr="1832.16" ybr="989.19" z_order="0">
      <attribute name="Sex">Female</attribute>
      <attribute name="Adipose Clipped">No</attribute>
      <attribute name="Injury">No</attribute>
      <attribute name="Confidence Level">3</attribute>
      <attribute name="Notes">NA</attribute>
    </box>
    <box frame="217" outside="0" occluded="0" keyframe="1" xtl="736.40" ytl="391.50" xbr="1898.57" ybr="973.56" z_order="0">
      <attribute name="Sex">Female</attribute>
      <attribute name="Adipose Clipped">No</attribute>
      <attribute name="Injury">No</attribute>
      <attribute name="Confidence Level">3</attribute>
      <attribute name="Notes">NA</attribute>
    </box>
    <box frame="218" outside="0" occluded="0" keyframe="0" xtl="825.27" ytl="416.89" xbr="1909.29" ybr="998.96" z_order="0">
      <attribute name="Sex">Female</attribute>
      <attribute name="Adipose Clipped">No</attribute>
      <attribute name="Injury">No</attribute>
      <attribute name="Confidence Level">3</attribute>
      <attribute name="Notes">NA</attribute>
    </box>
    <box frame="219" outside="0" occluded="0" keyframe="1" xtl="914.14" ytl="442.28" xbr="1920.00" ybr="1024.35" z_order="0">
      <attribute name="Sex">Female</attribute>
      <attribute name="Adipose Clipped">No</attribute>
      <attribute name="Injury">No</attribute>
      <attribute name="Confidence Level">3</attribute>
      <attribute name="Notes">NA</attribute>
    </box>
    <box frame="220" outside="0" occluded="0" keyframe="0" xtl="966.23" ytl="460.52" xbr="1920.00" ybr="1006.13" z_order="0">
      <attribute name="Sex">Female</attribute>
      <attribute name="Adipose Clipped">No</attribute>
      <attribute name="Injury">No</attribute>
      <attribute name="Confidence Level">3</attribute>
      <attribute name="Notes">NA</attribute>
    </box>
    <box frame="221" outside="0" occluded="0" keyframe="0" xtl="1018.31" ytl="478.76" xbr="1920.00" ybr="987.92" z_order="0">
      <attribute name="Sex">Female</attribute>
      <attribute name="Adipose Clipped">No</attribute>
      <attribute name="Injury">No</attribute>
      <attribute name="Confidence Level">3</attribute>
      <attribute name="Notes">NA</attribute>
    </box>
    <box frame="222" outside="0" occluded="1" keyframe="1" xtl="1070.40" ytl="497.00" xbr="1920.00" ybr="969.70" z_order="0">
      <attribute name="Sex">Female</attribute>
      <attribute name="Adipose Clipped">No</attribute>
      <attribute name="Injury">No</attribute>
      <attribute name="Confidence Level">3</attribute>
      <attribute name="Notes">NA</attribute>
    </box>
    <box frame="223" outside="0" occluded="1" keyframe="0" xtl="1129.00" ytl="496.02" xbr="1920.00" ybr="968.72" z_order="0">
      <attribute name="Sex">Female</attribute>
      <attribute name="Adipose Clipped">No</attribute>
      <attribute name="Injury">No</attribute>
      <attribute name="Confidence Level">3</attribute>
      <attribute name="Notes">NA</attribute>
    </box>
    <box frame="224" outside="0" occluded="1" keyframe="1" xtl="1187.59" ytl="495.05" xbr="1920.00" ybr="967.75" z_order="0">
      <attribute name="Sex">Female</attribute>
      <attribute name="Adipose Clipped">No</attribute>
      <attribute name="Injury">No</attribute>
      <attribute name="Confidence Level">3</attribute>
      <attribute name="Notes">NA</attribute>
    </box>
    <box frame="225" outside="0" occluded="1" keyframe="0" xtl="1242.93" ytl="496.35" xbr="1920.00" ybr="969.05" z_order="0">
      <attribute name="Sex">Female</attribute>
      <attribute name="Adipose Clipped">No</attribute>
      <attribute name="Injury">No</attribute>
      <attribute name="Confidence Level">3</attribute>
      <attribute name="Notes">NA</attribute>
    </box>
    <box frame="226" outside="0" occluded="1" keyframe="0" xtl="1298.27" ytl="497.65" xbr="1920.00" ybr="970.35" z_order="0">
      <attribute name="Sex">Female</attribute>
      <attribute name="Adipose Clipped">No</attribute>
      <attribute name="Injury">No</attribute>
      <attribute name="Confidence Level">3</attribute>
      <attribute name="Notes">NA</attribute>
    </box>
    <box frame="227" outside="0" occluded="1" keyframe="1" xtl="1353.62" ytl="498.95" xbr="1920.00" ybr="971.65" z_order="0">
      <attribute name="Sex">Female</attribute>
      <attribute name="Adipose Clipped">No</attribute>
      <attribute name="Injury">No</attribute>
      <attribute name="Confidence Level">3</attribute>
      <attribute name="Notes">NA</attribute>
    </box>
    <box frame="228" outside="0" occluded="1" keyframe="0" xtl="1418.07" ytl="494.07" xbr="1920.00" ybr="966.77" z_order="0">
      <attribute name="Sex">Female</attribute>
      <attribute name="Adipose Clipped">No</attribute>
      <attribute name="Injury">No</attribute>
      <attribute name="Confidence Level">3</attribute>
      <attribute name="Notes">NA</attribute>
    </box>
    <box frame="229" outside="0" occluded="1" keyframe="1" xtl="1482.53" ytl="489.19" xbr="1920.00" ybr="961.89" z_order="0">
      <attribute name="Sex">Female</attribute>
      <attribute name="Adipose Clipped">No</attribute>
      <attribute name="Injury">No</attribute>
      <attribute name="Confidence Level">3</attribute>
      <attribute name="Notes">NA</attribute>
    </box>
    <box frame="230" outside="0" occluded="1" keyframe="0" xtl="1565.54" ytl="487.23" xbr="1920.00" ybr="959.93" z_order="0">
      <attribute name="Sex">Female</attribute>
      <attribute name="Adipose Clipped">No</attribute>
      <attribute name="Injury">No</attribute>
      <attribute name="Confidence Level">3</attribute>
      <attribute name="Notes">NA</attribute>
    </box>
    <box frame="231" outside="0" occluded="1" keyframe="1" xtl="1648.55" ytl="485.28" xbr="1920.00" ybr="957.98" z_order="0">
      <attribute name="Sex">Female</attribute>
      <attribute name="Adipose Clipped">No</attribute>
      <attribute name="Injury">No</attribute>
      <attribute name="Confidence Level">3</attribute>
      <attribute name="Notes">NA</attribute>
    </box>
    <box frame="232" outside="0" occluded="1" keyframe="0" xtl="1648.55" ytl="485.28" xbr="1920.00" ybr="957.98" z_order="0">
      <attribute name="Sex">Female</attribute>
      <attribute name="Adipose Clipped">No</attribute>
      <attribute name="Injury">No</attribute>
      <attribute name="Confidence Level">3</attribute>
      <attribute name="Notes">NA</attribute>
    </box>
    <box frame="233" outside="1" occluded="1" keyframe="1" xtl="1648.55" ytl="485.28" xbr="1920.00" ybr="957.98" z_order="0">
      <attribute name="Sex">Female</attribute>
      <attribute name="Adipose Clipped">No</attribute>
      <attribute name="Injury">No</attribute>
      <attribute name="Confidence Level">3</attribute>
      <attribute name="Notes">NA</attribute>
    </box>
  </track>
</annotations>