<?xml version="1.0" encoding="utf-8"?>
<annotations>
  <version>1.1</version>
  <meta>
    <task>
      <id>237</id>
      <name>09-25-2019 02-58-27 M Right Bank Underwater</name>
      <size>135</size>
      <mode>interpolation</mode>
      <overlap>5</overlap>
      <bugtracker></bugtracker>
      <created>2021-03-18 21:44:30.611617+00:00</created>
      <updated>2021-03-18 22:05:40.074686+00:00</updated>
      <start_frame>0</start_frame>
      <stop_frame>134</stop_frame>
      <frame_filter></frame_filter>
      <labels>
        <label>
          <name>Coho</name>
          <color>#24b353</color>
          <attributes>
            <attribute>
              <name>Adipose Clipped</name>
              <mutable>False</mutable>
              <input_type>select</input_type>
              <default_value>No</default_value>
              <values>No
Yes
NA</values>
            </attribute>
            <attribute>
              <name>Confidence Level</name>
              <mutable>False</mutable>
              <input_type>select</input_type>
              <default_value>3</default_value>
              <values>3
2
1</values>
            </attribute>
            <attribute>
              <name>Injury</name>
              <mutable>False</mutable>
              <input_type>select</input_type>
              <default_value>No</default_value>
              <values>No
Yes
NA</values>
            </attribute>
            <attribute>
              <name>Notes</name>
              <mutable>False</mutable>
              <input_type>text</input_type>
              <default_value>NA</default_value>
              <values>NA</values>
            </attribute>
            <attribute>
              <name>Sex</name>
              <mutable>False</mutable>
              <input_type>select</input_type>
              <default_value>Male</default_value>
              <values>Male
Female
Jack</values>
            </attribute>
          </attributes>
        </label>
        <label>
          <name>Bull</name>
          <color>#ff6037</color>
          <attributes>
            <attribute>
              <name>Adipose Clipped</name>
              <mutable>False</mutable>
              <input_type>select</input_type>
              <default_value>No</default_value>
              <values>No
NA</values>
            </attribute>
            <attribute>
              <name>Confidence Level</name>
              <mutable>False</mutable>
              <input_type>select</input_type>
              <default_value>3</default_value>
              <values>3
2
1</values>
            </attribute>
            <attribute>
              <name>Injury</name>
              <mutable>False</mutable>
              <input_type>select</input_type>
              <default_value>No</default_value>
              <values>No
Yes
NA</values>
            </attribute>
            <attribute>
              <name>Notes</name>
              <mutable>False</mutable>
              <input_type>text</input_type>
              <default_value>NA</default_value>
              <values>NA</values>
            </attribute>
            <attribute>
              <name>Sex</name>
              <mutable>False</mutable>
              <input_type>select</input_type>
              <default_value>NA</default_value>
              <values>NA</values>
            </attribute>
          </attributes>
        </label>
        <label>
          <name>Chum</name>
          <color>#b83df5</color>
          <attributes>
            <attribute>
              <name>Adipose Clipped</name>
              <mutable>False</mutable>
              <input_type>select</input_type>
              <default_value>No</default_value>
              <values>No
Yes
NA</values>
            </attribute>
            <attribute>
              <name>Confidence Level</name>
              <mutable>False</mutable>
              <input_type>select</input_type>
              <default_value>3</default_value>
              <values>3
2
1</values>
            </attribute>
            <attribute>
              <name>Injury</name>
              <mutable>False</mutable>
              <input_type>select</input_type>
              <default_value>No</default_value>
              <values>No
Yes
NA</values>
            </attribute>
            <attribute>
              <name>Notes</name>
              <mutable>False</mutable>
              <input_type>text</input_type>
              <default_value>NA</default_value>
              <values>NA</values>
            </attribute>
            <attribute>
              <name>Sex</name>
              <mutable>False</mutable>
              <input_type>select</input_type>
              <default_value>Male</default_value>
              <values>Male
Female</values>
            </attribute>
          </attributes>
        </label>
        <label>
          <name>Whitefish</name>
          <color>#e5e5f3</color>
          <attributes>
            <attribute>
              <name>Adipose Clipped</name>
              <mutable>False</mutable>
              <input_type>select</input_type>
              <default_value>No</default_value>
              <values>No
Yes
NA</values>
            </attribute>
            <attribute>
              <name>Confidence Level</name>
              <mutable>False</mutable>
              <input_type>select</input_type>
              <default_value>3</default_value>
              <values>3
2
1</values>
            </attribute>
            <attribute>
              <name>Injury</name>
              <mutable>False</mutable>
              <input_type>select</input_type>
              <default_value>No</default_value>
              <values>No
Yes
NA</values>
            </attribute>
            <attribute>
              <name>Notes</name>
              <mutable>False</mutable>
              <input_type>text</input_type>
              <default_value>NA</default_value>
              <values>NA</values>
            </attribute>
            <attribute>
              <name>Sex</name>
              <mutable>False</mutable>
              <input_type>select</input_type>
              <default_value>NA</default_value>
              <values>NA</values>
            </attribute>
          </attributes>
        </label>
        <label>
          <name>Pink</name>
          <color>#fa7dbb</color>
          <attributes>
            <attribute>
              <name>Adipose Clipped</name>
              <mutable>False</mutable>
              <input_type>select</input_type>
              <default_value>No</default_value>
              <values>No
Yes
NA</values>
            </attribute>
            <attribute>
              <name>Confidence Level</name>
              <mutable>False</mutable>
              <input_type>select</input_type>
              <default_value>3</default_value>
              <values>3
2
1</values>
            </attribute>
            <attribute>
              <name>Injury</name>
              <mutable>False</mutable>
              <input_type>select</input_type>
              <default_value>No</default_value>
              <values>No
Yes
NA</values>
            </attribute>
            <attribute>
              <name>Notes</name>
              <mutable>False</mutable>
              <input_type>text</input_type>
              <default_value>NA</default_value>
              <values>NA</values>
            </attribute>
            <attribute>
              <name>Sex</name>
              <mutable>False</mutable>
              <input_type>select</input_type>
              <default_value>Male</default_value>
              <values>Male
Female
NA</values>
            </attribute>
          </attributes>
        </label>
        <label>
          <name>Sockeye</name>
          <color>#fa3253</color>
          <attributes>
            <attribute>
              <name>Adipose Clipped</name>
              <mutable>False</mutable>
              <input_type>select</input_type>
              <default_value>No</default_value>
              <values>No
Yes
NA</values>
            </attribute>
            <attribute>
              <name>Confidence Level</name>
              <mutable>False</mutable>
              <input_type>select</input_type>
              <default_value>3</default_value>
              <values>3
2
1</values>
            </attribute>
            <attribute>
              <name>Injury</name>
              <mutable>False</mutable>
              <input_type>select</input_type>
              <default_value>No</default_value>
              <values>No
Yes
NA</values>
            </attribute>
            <attribute>
              <name>Notes</name>
              <mutable>False</mutable>
              <input_type>text</input_type>
              <default_value>NA</default_value>
              <values>NA</values>
            </attribute>
            <attribute>
              <name>Sex</name>
              <mutable>False</mutable>
              <input_type>select</input_type>
              <default_value>Male</default_value>
              <values>Male
Female</values>
            </attribute>
          </attributes>
        </label>
        <label>
          <name>Rainbow</name>
          <color>#ff00cc</color>
          <attributes>
            <attribute>
              <name>Adipose Clipped</name>
              <mutable>False</mutable>
              <input_type>select</input_type>
              <default_value>No</default_value>
              <values>No
Yes
NA</values>
            </attribute>
            <attribute>
              <name>Confidence Level</name>
              <mutable>False</mutable>
              <input_type>select</input_type>
              <default_value>3</default_value>
              <values>3
2
1</values>
            </attribute>
            <attribute>
              <name>Injury</name>
              <mutable>False</mutable>
              <input_type>select</input_type>
              <default_value>No</default_value>
              <values>No
Yes
NA</values>
            </attribute>
            <attribute>
              <name>Notes</name>
              <mutable>False</mutable>
              <input_type>text</input_type>
              <default_value>NA</default_value>
              <values>NA</values>
            </attribute>
            <attribute>
              <name>Sex</name>
              <mutable>False</mutable>
              <input_type>select</input_type>
              <default_value>NA</default_value>
              <values>NA
Juvenile</values>
            </attribute>
          </attributes>
        </label>
        <label>
          <name>Steelhead</name>
          <color>#66ff66</color>
          <attributes>
            <attribute>
              <name>Adipose Clipped</name>
              <mutable>False</mutable>
              <input_type>select</input_type>
              <default_value>No</default_value>
              <values>No
Yes
NA</values>
            </attribute>
            <attribute>
              <name>Confidence Level</name>
              <mutable>False</mutable>
              <input_type>select</input_type>
              <default_value>3</default_value>
              <values>3
2
1</values>
            </attribute>
            <attribute>
              <name>Injury</name>
              <mutable>False</mutable>
              <input_type>select</input_type>
              <default_value>No</default_value>
              <values>No
Yes
NA</values>
            </attribute>
            <attribute>
              <name>Notes</name>
              <mutable>False</mutable>
              <input_type>select</input_type>
              <default_value>NA</default_value>
              <values>NA</values>
            </attribute>
            <attribute>
              <name>Sex</name>
              <mutable>False</mutable>
              <input_type>select</input_type>
              <default_value>Male</default_value>
              <values>Male
Female</values>
            </attribute>
          </attributes>
        </label>
        <label>
          <name>Chinook</name>
          <color>#cc3366</color>
          <attributes>
            <attribute>
              <name>Adipose Clipped</name>
              <mutable>False</mutable>
              <input_type>select</input_type>
              <default_value>No</default_value>
              <values>No
Yes
NA</values>
            </attribute>
            <attribute>
              <name>Confidence Level</name>
              <mutable>False</mutable>
              <input_type>select</input_type>
              <default_value>3</default_value>
              <values>3
2
1</values>
            </attribute>
            <attribute>
              <name>Injury</name>
              <mutable>False</mutable>
              <input_type>select</input_type>
              <default_value>No</default_value>
              <values>No
Yes
NA</values>
            </attribute>
            <attribute>
              <name>Notes</name>
              <mutable>False</mutable>
              <input_type>text</input_type>
              <default_value>NA</default_value>
              <values>NA</values>
            </attribute>
            <attribute>
              <name>Sex</name>
              <mutable>False</mutable>
              <input_type>select</input_type>
              <default_value>Male</default_value>
              <values>Male
Female</values>
            </attribute>
          </attributes>
        </label>
        <label>
          <name>Pikeminnow</name>
          <color>#cc9933</color>
          <attributes>
          </attributes>
        </label>
      </labels>
      <segments>
        <segment>
          <id>236</id>
          <start>0</start>
          <stop>134</stop>
          <url>httplocalhost:8080/?id=236</url>
        </segment>
      </segments>
      <owner>
        <username>bna19</username>
        <email>bna19@sfu.ca</email>
      </owner>
      <assignee></assignee>
      <original_size>
        <width>1920</width>
        <height>1080</height>
      </original_size>
    </task>
    <dumped>2021-03-18 22:05:52.819261+00:00</dumped>
    <source>09-25-2019 02-58-27 M Right Bank Underwater.mp4</source>
  </meta>
  <track id="0" label="Pink" source="manual">
    <box frame="8" outside="0" occluded="0" keyframe="1" xtl="1.25" ytl="432.50" xbr="351.88" ybr="728.75" z_order="0">
      <attribute name="Notes">NA</attribute>
      <attribute name="Sex">Female</attribute>
      <attribute name="Adipose Clipped">No</attribute>
      <attribute name="Injury">No</attribute>
      <attribute name="Confidence Level">3</attribute>
    </box>
    <box frame="9" outside="0" occluded="0" keyframe="0" xtl="1.25" ytl="432.50" xbr="395.94" ybr="737.18" z_order="0">
      <attribute name="Notes">NA</attribute>
      <attribute name="Sex">Female</attribute>
      <attribute name="Adipose Clipped">No</attribute>
      <attribute name="Injury">No</attribute>
      <attribute name="Confidence Level">3</attribute>
    </box>
    <box frame="10" outside="0" occluded="0" keyframe="1" xtl="1.25" ytl="432.50" xbr="440.00" ybr="745.60" z_order="0">
      <attribute name="Notes">NA</attribute>
      <attribute name="Sex">Female</attribute>
      <attribute name="Adipose Clipped">No</attribute>
      <attribute name="Injury">No</attribute>
      <attribute name="Confidence Level">3</attribute>
    </box>
    <box frame="11" outside="0" occluded="0" keyframe="0" xtl="1.25" ytl="432.50" xbr="461.55" ybr="749.35" z_order="0">
      <attribute name="Notes">NA</attribute>
      <attribute name="Sex">Female</attribute>
      <attribute name="Adipose Clipped">No</attribute>
      <attribute name="Injury">No</attribute>
      <attribute name="Confidence Level">3</attribute>
    </box>
    <box frame="12" outside="0" occluded="0" keyframe="0" xtl="1.25" ytl="432.50" xbr="483.10" ybr="753.10" z_order="0">
      <attribute name="Notes">NA</attribute>
      <attribute name="Sex">Female</attribute>
      <attribute name="Adipose Clipped">No</attribute>
      <attribute name="Injury">No</attribute>
      <attribute name="Confidence Level">3</attribute>
    </box>
    <box frame="13" outside="0" occluded="0" keyframe="0" xtl="1.25" ytl="432.50" xbr="504.65" ybr="756.85" z_order="0">
      <attribute name="Notes">NA</attribute>
      <attribute name="Sex">Female</attribute>
      <attribute name="Adipose Clipped">No</attribute>
      <attribute name="Injury">No</attribute>
      <attribute name="Confidence Level">3</attribute>
    </box>
    <box frame="14" outside="0" occluded="0" keyframe="1" xtl="1.25" ytl="432.50" xbr="526.20" ybr="760.60" z_order="0">
      <attribute name="Notes">NA</attribute>
      <attribute name="Sex">Female</attribute>
      <attribute name="Adipose Clipped">No</attribute>
      <attribute name="Injury">No</attribute>
      <attribute name="Confidence Level">3</attribute>
    </box>
    <box frame="15" outside="0" occluded="0" keyframe="0" xtl="1.25" ytl="436.73" xbr="533.23" ybr="760.60" z_order="0">
      <attribute name="Notes">NA</attribute>
      <attribute name="Sex">Female</attribute>
      <attribute name="Adipose Clipped">No</attribute>
      <attribute name="Injury">No</attribute>
      <attribute name="Confidence Level">3</attribute>
    </box>
    <box frame="16" outside="0" occluded="0" keyframe="0" xtl="1.25" ytl="440.95" xbr="540.25" ybr="760.60" z_order="0">
      <attribute name="Notes">NA</attribute>
      <attribute name="Sex">Female</attribute>
      <attribute name="Adipose Clipped">No</attribute>
      <attribute name="Injury">No</attribute>
      <attribute name="Confidence Level">3</attribute>
    </box>
    <box frame="17" outside="0" occluded="0" keyframe="0" xtl="1.25" ytl="445.18" xbr="547.28" ybr="760.60" z_order="0">
      <attribute name="Notes">NA</attribute>
      <attribute name="Sex">Female</attribute>
      <attribute name="Adipose Clipped">No</attribute>
      <attribute name="Injury">No</attribute>
      <attribute name="Confidence Level">3</attribute>
    </box>
    <box frame="18" outside="0" occluded="0" keyframe="1" xtl="1.25" ytl="449.40" xbr="554.30" ybr="760.60" z_order="0">
      <attribute name="Notes">NA</attribute>
      <attribute name="Sex">Female</attribute>
      <attribute name="Adipose Clipped">No</attribute>
      <attribute name="Injury">No</attribute>
      <attribute name="Confidence Level">3</attribute>
    </box>
    <box frame="19" outside="0" occluded="0" keyframe="0" xtl="1.25" ytl="449.40" xbr="568.92" ybr="762.86" z_order="0">
      <attribute name="Notes">NA</attribute>
      <attribute name="Sex">Female</attribute>
      <attribute name="Adipose Clipped">No</attribute>
      <attribute name="Injury">No</attribute>
      <attribute name="Confidence Level">3</attribute>
    </box>
    <box frame="20" outside="0" occluded="0" keyframe="0" xtl="1.25" ytl="449.40" xbr="583.54" ybr="765.12" z_order="0">
      <attribute name="Notes">NA</attribute>
      <attribute name="Sex">Female</attribute>
      <attribute name="Adipose Clipped">No</attribute>
      <attribute name="Injury">No</attribute>
      <attribute name="Confidence Level">3</attribute>
    </box>
    <box frame="21" outside="0" occluded="0" keyframe="0" xtl="1.25" ytl="449.40" xbr="598.16" ybr="767.38" z_order="0">
      <attribute name="Notes">NA</attribute>
      <attribute name="Sex">Female</attribute>
      <attribute name="Adipose Clipped">No</attribute>
      <attribute name="Injury">No</attribute>
      <attribute name="Confidence Level">3</attribute>
    </box>
    <box frame="22" outside="0" occluded="0" keyframe="0" xtl="1.25" ytl="449.40" xbr="612.78" ybr="769.64" z_order="0">
      <attribute name="Notes">NA</attribute>
      <attribute name="Sex">Female</attribute>
      <attribute name="Adipose Clipped">No</attribute>
      <attribute name="Injury">No</attribute>
      <attribute name="Confidence Level">3</attribute>
    </box>
    <box frame="23" outside="0" occluded="0" keyframe="1" xtl="1.25" ytl="449.40" xbr="627.40" ybr="771.90" z_order="0">
      <attribute name="Notes">NA</attribute>
      <attribute name="Sex">Female</attribute>
      <attribute name="Adipose Clipped">No</attribute>
      <attribute name="Injury">No</attribute>
      <attribute name="Confidence Level">3</attribute>
    </box>
    <box frame="24" outside="0" occluded="0" keyframe="0" xtl="1.25" ytl="449.40" xbr="639.19" ybr="773.50" z_order="0">
      <attribute name="Notes">NA</attribute>
      <attribute name="Sex">Female</attribute>
      <attribute name="Adipose Clipped">No</attribute>
      <attribute name="Injury">No</attribute>
      <attribute name="Confidence Level">3</attribute>
    </box>
    <box frame="25" outside="0" occluded="0" keyframe="0" xtl="1.25" ytl="449.40" xbr="650.97" ybr="775.10" z_order="0">
      <attribute name="Notes">NA</attribute>
      <attribute name="Sex">Female</attribute>
      <attribute name="Adipose Clipped">No</attribute>
      <attribute name="Injury">No</attribute>
      <attribute name="Confidence Level">3</attribute>
    </box>
    <box frame="26" outside="0" occluded="0" keyframe="0" xtl="1.25" ytl="449.40" xbr="662.76" ybr="776.70" z_order="0">
      <attribute name="Notes">NA</attribute>
      <attribute name="Sex">Female</attribute>
      <attribute name="Adipose Clipped">No</attribute>
      <attribute name="Injury">No</attribute>
      <attribute name="Confidence Level">3</attribute>
    </box>
    <box frame="27" outside="0" occluded="0" keyframe="0" xtl="1.25" ytl="449.40" xbr="674.54" ybr="778.30" z_order="0">
      <attribute name="Notes">NA</attribute>
      <attribute name="Sex">Female</attribute>
      <attribute name="Adipose Clipped">No</attribute>
      <attribute name="Injury">No</attribute>
      <attribute name="Confidence Level">3</attribute>
    </box>
    <box frame="28" outside="0" occluded="0" keyframe="0" xtl="1.25" ytl="449.40" xbr="686.33" ybr="779.90" z_order="0">
      <attribute name="Notes">NA</attribute>
      <attribute name="Sex">Female</attribute>
      <attribute name="Adipose Clipped">No</attribute>
      <attribute name="Injury">No</attribute>
      <attribute name="Confidence Level">3</attribute>
    </box>
    <box frame="29" outside="0" occluded="0" keyframe="0" xtl="1.25" ytl="449.40" xbr="698.11" ybr="781.50" z_order="0">
      <attribute name="Notes">NA</attribute>
      <attribute name="Sex">Female</attribute>
      <attribute name="Adipose Clipped">No</attribute>
      <attribute name="Injury">No</attribute>
      <attribute name="Confidence Level">3</attribute>
    </box>
    <box frame="30" outside="0" occluded="0" keyframe="1" xtl="1.25" ytl="449.40" xbr="709.90" ybr="783.10" z_order="0">
      <attribute name="Notes">NA</attribute>
      <attribute name="Sex">Female</attribute>
      <attribute name="Adipose Clipped">No</attribute>
      <attribute name="Injury">No</attribute>
      <attribute name="Confidence Level">3</attribute>
    </box>
    <box frame="31" outside="0" occluded="0" keyframe="0" xtl="1.25" ytl="449.40" xbr="726.24" ybr="784.17" z_order="0">
      <attribute name="Notes">NA</attribute>
      <attribute name="Sex">Female</attribute>
      <attribute name="Adipose Clipped">No</attribute>
      <attribute name="Injury">No</attribute>
      <attribute name="Confidence Level">3</attribute>
    </box>
    <box frame="32" outside="0" occluded="0" keyframe="0" xtl="1.25" ytl="449.40" xbr="742.59" ybr="785.24" z_order="0">
      <attribute name="Notes">NA</attribute>
      <attribute name="Sex">Female</attribute>
      <attribute name="Adipose Clipped">No</attribute>
      <attribute name="Injury">No</attribute>
      <attribute name="Confidence Level">3</attribute>
    </box>
    <box frame="33" outside="0" occluded="0" keyframe="0" xtl="1.25" ytl="449.40" xbr="758.93" ybr="786.31" z_order="0">
      <attribute name="Notes">NA</attribute>
      <attribute name="Sex">Female</attribute>
      <attribute name="Adipose Clipped">No</attribute>
      <attribute name="Injury">No</attribute>
      <attribute name="Confidence Level">3</attribute>
    </box>
    <box frame="34" outside="0" occluded="0" keyframe="0" xtl="1.25" ytl="449.40" xbr="775.27" ybr="787.39" z_order="0">
      <attribute name="Notes">NA</attribute>
      <attribute name="Sex">Female</attribute>
      <attribute name="Adipose Clipped">No</attribute>
      <attribute name="Injury">No</attribute>
      <attribute name="Confidence Level">3</attribute>
    </box>
    <box frame="35" outside="0" occluded="0" keyframe="0" xtl="1.25" ytl="449.40" xbr="791.61" ybr="788.46" z_order="0">
      <attribute name="Notes">NA</attribute>
      <attribute name="Sex">Female</attribute>
      <attribute name="Adipose Clipped">No</attribute>
      <attribute name="Injury">No</attribute>
      <attribute name="Confidence Level">3</attribute>
    </box>
    <box frame="36" outside="0" occluded="0" keyframe="0" xtl="1.25" ytl="449.40" xbr="807.96" ybr="789.53" z_order="0">
      <attribute name="Notes">NA</attribute>
      <attribute name="Sex">Female</attribute>
      <attribute name="Adipose Clipped">No</attribute>
      <attribute name="Injury">No</attribute>
      <attribute name="Confidence Level">3</attribute>
    </box>
    <box frame="37" outside="0" occluded="0" keyframe="1" xtl="1.25" ytl="449.40" xbr="824.30" ybr="790.60" z_order="0">
      <attribute name="Notes">NA</attribute>
      <attribute name="Sex">Female</attribute>
      <attribute name="Adipose Clipped">No</attribute>
      <attribute name="Injury">No</attribute>
      <attribute name="Confidence Level">3</attribute>
    </box>
    <box frame="38" outside="0" occluded="0" keyframe="0" xtl="1.25" ytl="449.40" xbr="838.05" ybr="793.42" z_order="0">
      <attribute name="Notes">NA</attribute>
      <attribute name="Sex">Female</attribute>
      <attribute name="Adipose Clipped">No</attribute>
      <attribute name="Injury">No</attribute>
      <attribute name="Confidence Level">3</attribute>
    </box>
    <box frame="39" outside="0" occluded="0" keyframe="0" xtl="1.25" ytl="449.40" xbr="851.80" ybr="796.23" z_order="0">
      <attribute name="Notes">NA</attribute>
      <attribute name="Sex">Female</attribute>
      <attribute name="Adipose Clipped">No</attribute>
      <attribute name="Injury">No</attribute>
      <attribute name="Confidence Level">3</attribute>
    </box>
    <box frame="40" outside="0" occluded="0" keyframe="0" xtl="1.25" ytl="449.40" xbr="865.55" ybr="799.05" z_order="0">
      <attribute name="Notes">NA</attribute>
      <attribute name="Sex">Female</attribute>
      <attribute name="Adipose Clipped">No</attribute>
      <attribute name="Injury">No</attribute>
      <attribute name="Confidence Level">3</attribute>
    </box>
    <box frame="41" outside="0" occluded="0" keyframe="0" xtl="1.25" ytl="449.40" xbr="879.30" ybr="801.87" z_order="0">
      <attribute name="Notes">NA</attribute>
      <attribute name="Sex">Female</attribute>
      <attribute name="Adipose Clipped">No</attribute>
      <attribute name="Injury">No</attribute>
      <attribute name="Confidence Level">3</attribute>
    </box>
    <box frame="42" outside="0" occluded="0" keyframe="0" xtl="1.25" ytl="449.40" xbr="893.05" ybr="804.68" z_order="0">
      <attribute name="Notes">NA</attribute>
      <attribute name="Sex">Female</attribute>
      <attribute name="Adipose Clipped">No</attribute>
      <attribute name="Injury">No</attribute>
      <attribute name="Confidence Level">3</attribute>
    </box>
    <box frame="43" outside="0" occluded="0" keyframe="1" xtl="1.25" ytl="449.40" xbr="906.80" ybr="807.50" z_order="0">
      <attribute name="Notes">NA</attribute>
      <attribute name="Sex">Female</attribute>
      <attribute name="Adipose Clipped">No</attribute>
      <attribute name="Injury">No</attribute>
      <attribute name="Confidence Level">3</attribute>
    </box>
    <box frame="44" outside="0" occluded="0" keyframe="0" xtl="1.25" ytl="449.40" xbr="937.28" ybr="807.98" z_order="0">
      <attribute name="Notes">NA</attribute>
      <attribute name="Sex">Female</attribute>
      <attribute name="Adipose Clipped">No</attribute>
      <attribute name="Injury">No</attribute>
      <attribute name="Confidence Level">3</attribute>
    </box>
    <box frame="45" outside="0" occluded="0" keyframe="0" xtl="1.25" ytl="449.40" xbr="967.75" ybr="808.45" z_order="0">
      <attribute name="Notes">NA</attribute>
      <attribute name="Sex">Female</attribute>
      <attribute name="Adipose Clipped">No</attribute>
      <attribute name="Injury">No</attribute>
      <attribute name="Confidence Level">3</attribute>
    </box>
    <box frame="46" outside="0" occluded="0" keyframe="0" xtl="1.25" ytl="449.40" xbr="998.23" ybr="808.93" z_order="0">
      <attribute name="Notes">NA</attribute>
      <attribute name="Sex">Female</attribute>
      <attribute name="Adipose Clipped">No</attribute>
      <attribute name="Injury">No</attribute>
      <attribute name="Confidence Level">3</attribute>
    </box>
    <box frame="47" outside="0" occluded="0" keyframe="1" xtl="1.25" ytl="449.40" xbr="1028.70" ybr="809.40" z_order="0">
      <attribute name="Notes">NA</attribute>
      <attribute name="Sex">Female</attribute>
      <attribute name="Adipose Clipped">No</attribute>
      <attribute name="Injury">No</attribute>
      <attribute name="Confidence Level">3</attribute>
    </box>
    <box frame="48" outside="0" occluded="0" keyframe="0" xtl="35.94" ytl="448.46" xbr="1063.39" ybr="808.46" z_order="0">
      <attribute name="Notes">NA</attribute>
      <attribute name="Sex">Female</attribute>
      <attribute name="Adipose Clipped">No</attribute>
      <attribute name="Injury">No</attribute>
      <attribute name="Confidence Level">3</attribute>
    </box>
    <box frame="49" outside="0" occluded="0" keyframe="1" xtl="70.62" ytl="447.53" xbr="1098.08" ybr="807.53" z_order="0">
      <attribute name="Notes">NA</attribute>
      <attribute name="Sex">Female</attribute>
      <attribute name="Adipose Clipped">No</attribute>
      <attribute name="Injury">No</attribute>
      <attribute name="Confidence Level">3</attribute>
    </box>
    <box frame="50" outside="0" occluded="0" keyframe="0" xtl="100.62" ytl="447.53" xbr="1128.08" ybr="807.53" z_order="0">
      <attribute name="Notes">NA</attribute>
      <attribute name="Sex">Female</attribute>
      <attribute name="Adipose Clipped">No</attribute>
      <attribute name="Injury">No</attribute>
      <attribute name="Confidence Level">3</attribute>
    </box>
    <box frame="51" outside="0" occluded="0" keyframe="0" xtl="130.62" ytl="447.53" xbr="1158.08" ybr="807.53" z_order="0">
      <attribute name="Notes">NA</attribute>
      <attribute name="Sex">Female</attribute>
      <attribute name="Adipose Clipped">No</attribute>
      <attribute name="Injury">No</attribute>
      <attribute name="Confidence Level">3</attribute>
    </box>
    <box frame="52" outside="0" occluded="0" keyframe="1" xtl="160.62" ytl="447.53" xbr="1188.08" ybr="807.53" z_order="0">
      <attribute name="Notes">NA</attribute>
      <attribute name="Sex">Female</attribute>
      <attribute name="Adipose Clipped">No</attribute>
      <attribute name="Injury">No</attribute>
      <attribute name="Confidence Level">3</attribute>
    </box>
    <box frame="53" outside="0" occluded="0" keyframe="0" xtl="192.50" ytl="447.53" xbr="1219.95" ybr="807.53" z_order="0">
      <attribute name="Notes">NA</attribute>
      <attribute name="Sex">Female</attribute>
      <attribute name="Adipose Clipped">No</attribute>
      <attribute name="Injury">No</attribute>
      <attribute name="Confidence Level">3</attribute>
    </box>
    <box frame="54" outside="0" occluded="0" keyframe="1" xtl="224.38" ytl="447.53" xbr="1251.83" ybr="807.53" z_order="0">
      <attribute name="Notes">NA</attribute>
      <attribute name="Sex">Female</attribute>
      <attribute name="Adipose Clipped">No</attribute>
      <attribute name="Injury">No</attribute>
      <attribute name="Confidence Level">3</attribute>
    </box>
    <box frame="55" outside="0" occluded="0" keyframe="0" xtl="268.12" ytl="448.15" xbr="1295.58" ybr="808.15" z_order="0">
      <attribute name="Notes">NA</attribute>
      <attribute name="Sex">Female</attribute>
      <attribute name="Adipose Clipped">No</attribute>
      <attribute name="Injury">No</attribute>
      <attribute name="Confidence Level">3</attribute>
    </box>
    <box frame="56" outside="0" occluded="0" keyframe="0" xtl="311.88" ytl="448.78" xbr="1339.33" ybr="808.78" z_order="0">
      <attribute name="Notes">NA</attribute>
      <attribute name="Sex">Female</attribute>
      <attribute name="Adipose Clipped">No</attribute>
      <attribute name="Injury">No</attribute>
      <attribute name="Confidence Level">3</attribute>
    </box>
    <box frame="57" outside="0" occluded="0" keyframe="1" xtl="355.62" ytl="449.40" xbr="1383.08" ybr="809.40" z_order="0">
      <attribute name="Notes">NA</attribute>
      <attribute name="Sex">Female</attribute>
      <attribute name="Adipose Clipped">No</attribute>
      <attribute name="Injury">No</attribute>
      <attribute name="Confidence Level">3</attribute>
    </box>
    <box frame="58" outside="0" occluded="0" keyframe="0" xtl="370.62" ytl="449.40" xbr="1398.08" ybr="809.40" z_order="0">
      <attribute name="Notes">NA</attribute>
      <attribute name="Sex">Female</attribute>
      <attribute name="Adipose Clipped">No</attribute>
      <attribute name="Injury">No</attribute>
      <attribute name="Confidence Level">3</attribute>
    </box>
    <box frame="59" outside="0" occluded="0" keyframe="1" xtl="385.62" ytl="449.40" xbr="1413.08" ybr="809.40" z_order="0">
      <attribute name="Notes">NA</attribute>
      <attribute name="Sex">Female</attribute>
      <attribute name="Adipose Clipped">No</attribute>
      <attribute name="Injury">No</attribute>
      <attribute name="Confidence Level">3</attribute>
    </box>
    <box frame="60" outside="0" occluded="0" keyframe="0" xtl="420.31" ytl="449.40" xbr="1447.76" ybr="809.40" z_order="0">
      <attribute name="Notes">NA</attribute>
      <attribute name="Sex">Female</attribute>
      <attribute name="Adipose Clipped">No</attribute>
      <attribute name="Injury">No</attribute>
      <attribute name="Confidence Level">3</attribute>
    </box>
    <box frame="61" outside="0" occluded="0" keyframe="1" xtl="455.00" ytl="449.40" xbr="1482.45" ybr="809.40" z_order="0">
      <attribute name="Notes">NA</attribute>
      <attribute name="Sex">Female</attribute>
      <attribute name="Adipose Clipped">No</attribute>
      <attribute name="Injury">No</attribute>
      <attribute name="Confidence Level">3</attribute>
    </box>
    <box frame="62" outside="0" occluded="0" keyframe="0" xtl="494.38" ytl="448.15" xbr="1521.83" ybr="808.15" z_order="0">
      <attribute name="Notes">NA</attribute>
      <attribute name="Sex">Female</attribute>
      <attribute name="Adipose Clipped">No</attribute>
      <attribute name="Injury">No</attribute>
      <attribute name="Confidence Level">3</attribute>
    </box>
    <box frame="63" outside="0" occluded="0" keyframe="0" xtl="533.75" ytl="446.90" xbr="1561.20" ybr="806.90" z_order="0">
      <attribute name="Notes">NA</attribute>
      <attribute name="Sex">Female</attribute>
      <attribute name="Adipose Clipped">No</attribute>
      <attribute name="Injury">No</attribute>
      <attribute name="Confidence Level">3</attribute>
    </box>
    <box frame="64" outside="0" occluded="0" keyframe="1" xtl="573.12" ytl="445.65" xbr="1600.58" ybr="805.65" z_order="0">
      <attribute name="Notes">NA</attribute>
      <attribute name="Sex">Female</attribute>
      <attribute name="Adipose Clipped">No</attribute>
      <attribute name="Injury">No</attribute>
      <attribute name="Confidence Level">3</attribute>
    </box>
    <box frame="65" outside="0" occluded="0" keyframe="0" xtl="608.75" ytl="446.28" xbr="1636.20" ybr="806.28" z_order="0">
      <attribute name="Notes">NA</attribute>
      <attribute name="Sex">Female</attribute>
      <attribute name="Adipose Clipped">No</attribute>
      <attribute name="Injury">No</attribute>
      <attribute name="Confidence Level">3</attribute>
    </box>
    <box frame="66" outside="0" occluded="0" keyframe="0" xtl="644.38" ytl="446.90" xbr="1671.83" ybr="806.90" z_order="0">
      <attribute name="Notes">NA</attribute>
      <attribute name="Sex">Female</attribute>
      <attribute name="Adipose Clipped">No</attribute>
      <attribute name="Injury">No</attribute>
      <attribute name="Confidence Level">3</attribute>
    </box>
    <box frame="67" outside="0" occluded="0" keyframe="1" xtl="680.00" ytl="447.53" xbr="1707.45" ybr="807.53" z_order="0">
      <attribute name="Notes">NA</attribute>
      <attribute name="Sex">Female</attribute>
      <attribute name="Adipose Clipped">No</attribute>
      <attribute name="Injury">No</attribute>
      <attribute name="Confidence Level">3</attribute>
    </box>
    <box frame="68" outside="0" occluded="0" keyframe="0" xtl="704.38" ytl="447.53" xbr="1731.83" ybr="807.53" z_order="0">
      <attribute name="Notes">NA</attribute>
      <attribute name="Sex">Female</attribute>
      <attribute name="Adipose Clipped">No</attribute>
      <attribute name="Injury">No</attribute>
      <attribute name="Confidence Level">3</attribute>
    </box>
    <box frame="69" outside="0" occluded="0" keyframe="0" xtl="728.75" ytl="447.53" xbr="1756.20" ybr="807.53" z_order="0">
      <attribute name="Notes">NA</attribute>
      <attribute name="Sex">Female</attribute>
      <attribute name="Adipose Clipped">No</attribute>
      <attribute name="Injury">No</attribute>
      <attribute name="Confidence Level">3</attribute>
    </box>
    <box frame="70" outside="0" occluded="0" keyframe="1" xtl="753.12" ytl="447.53" xbr="1780.58" ybr="807.53" z_order="0">
      <attribute name="Notes">NA</attribute>
      <attribute name="Sex">Female</attribute>
      <attribute name="Adipose Clipped">No</attribute>
      <attribute name="Injury">No</attribute>
      <attribute name="Confidence Level">3</attribute>
    </box>
    <box frame="71" outside="0" occluded="0" keyframe="0" xtl="792.97" ytl="448.46" xbr="1815.43" ybr="808.46" z_order="0">
      <attribute name="Notes">NA</attribute>
      <attribute name="Sex">Female</attribute>
      <attribute name="Adipose Clipped">No</attribute>
      <attribute name="Injury">No</attribute>
      <attribute name="Confidence Level">3</attribute>
    </box>
    <box frame="72" outside="0" occluded="0" keyframe="0" xtl="832.81" ytl="449.40" xbr="1850.29" ybr="809.40" z_order="0">
      <attribute name="Notes">NA</attribute>
      <attribute name="Sex">Female</attribute>
      <attribute name="Adipose Clipped">No</attribute>
      <attribute name="Injury">No</attribute>
      <attribute name="Confidence Level">3</attribute>
    </box>
    <box frame="73" outside="0" occluded="0" keyframe="0" xtl="872.66" ytl="450.34" xbr="1885.14" ybr="810.34" z_order="0">
      <attribute name="Notes">NA</attribute>
      <attribute name="Sex">Female</attribute>
      <attribute name="Adipose Clipped">No</attribute>
      <attribute name="Injury">No</attribute>
      <attribute name="Confidence Level">3</attribute>
    </box>
    <box frame="74" outside="0" occluded="0" keyframe="1" xtl="912.50" ytl="451.28" xbr="1920.00" ybr="811.28" z_order="0">
      <attribute name="Notes">NA</attribute>
      <attribute name="Sex">Female</attribute>
      <attribute name="Adipose Clipped">No</attribute>
      <attribute name="Injury">No</attribute>
      <attribute name="Confidence Level">3</attribute>
    </box>
    <box frame="75" outside="0" occluded="0" keyframe="0" xtl="940.63" ytl="451.28" xbr="1920.00" ybr="806.28" z_order="0">
      <attribute name="Notes">NA</attribute>
      <attribute name="Sex">Female</attribute>
      <attribute name="Adipose Clipped">No</attribute>
      <attribute name="Injury">No</attribute>
      <attribute name="Confidence Level">3</attribute>
    </box>
    <box frame="76" outside="0" occluded="0" keyframe="0" xtl="968.77" ytl="451.28" xbr="1920.00" ybr="801.29" z_order="0">
      <attribute name="Notes">NA</attribute>
      <attribute name="Sex">Female</attribute>
      <attribute name="Adipose Clipped">No</attribute>
      <attribute name="Injury">No</attribute>
      <attribute name="Confidence Level">3</attribute>
    </box>
    <box frame="77" outside="0" occluded="0" keyframe="1" xtl="996.90" ytl="451.28" xbr="1920.00" ybr="796.30" z_order="0">
      <attribute name="Notes">NA</attribute>
      <attribute name="Sex">Female</attribute>
      <attribute name="Adipose Clipped">No</attribute>
      <attribute name="Injury">No</attribute>
      <attribute name="Confidence Level">3</attribute>
    </box>
    <box frame="78" outside="0" occluded="0" keyframe="0" xtl="1022.21" ytl="455.96" xbr="1920.00" ybr="800.99" z_order="0">
      <attribute name="Notes">NA</attribute>
      <attribute name="Sex">Female</attribute>
      <attribute name="Adipose Clipped">No</attribute>
      <attribute name="Injury">No</attribute>
      <attribute name="Confidence Level">3</attribute>
    </box>
    <box frame="79" outside="0" occluded="0" keyframe="0" xtl="1047.53" ytl="460.65" xbr="1920.00" ybr="805.68" z_order="0">
      <attribute name="Notes">NA</attribute>
      <attribute name="Sex">Female</attribute>
      <attribute name="Adipose Clipped">No</attribute>
      <attribute name="Injury">No</attribute>
      <attribute name="Confidence Level">3</attribute>
    </box>
    <box frame="80" outside="0" occluded="0" keyframe="0" xtl="1072.84" ytl="465.34" xbr="1920.00" ybr="810.36" z_order="0">
      <attribute name="Notes">NA</attribute>
      <attribute name="Sex">Female</attribute>
      <attribute name="Adipose Clipped">No</attribute>
      <attribute name="Injury">No</attribute>
      <attribute name="Confidence Level">3</attribute>
    </box>
    <box frame="81" outside="0" occluded="0" keyframe="1" xtl="1098.15" ytl="470.03" xbr="1920.00" ybr="815.05" z_order="0">
      <attribute name="Notes">NA</attribute>
      <attribute name="Sex">Female</attribute>
      <attribute name="Adipose Clipped">No</attribute>
      <attribute name="Injury">No</attribute>
      <attribute name="Confidence Level">3</attribute>
    </box>
    <box frame="82" outside="0" occluded="0" keyframe="0" xtl="1111.74" ytl="470.03" xbr="1920.00" ybr="815.05" z_order="0">
      <attribute name="Notes">NA</attribute>
      <attribute name="Sex">Female</attribute>
      <attribute name="Adipose Clipped">No</attribute>
      <attribute name="Injury">No</attribute>
      <attribute name="Confidence Level">3</attribute>
    </box>
    <box frame="83" outside="0" occluded="0" keyframe="0" xtl="1125.34" ytl="470.03" xbr="1920.00" ybr="815.05" z_order="0">
      <attribute name="Notes">NA</attribute>
      <attribute name="Sex">Female</attribute>
      <attribute name="Adipose Clipped">No</attribute>
      <attribute name="Injury">No</attribute>
      <attribute name="Confidence Level">3</attribute>
    </box>
    <box frame="84" outside="0" occluded="0" keyframe="0" xtl="1138.93" ytl="470.03" xbr="1920.00" ybr="815.05" z_order="0">
      <attribute name="Notes">NA</attribute>
      <attribute name="Sex">Female</attribute>
      <attribute name="Adipose Clipped">No</attribute>
      <attribute name="Injury">No</attribute>
      <attribute name="Confidence Level">3</attribute>
    </box>
    <box frame="85" outside="0" occluded="0" keyframe="1" xtl="1152.53" ytl="470.03" xbr="1920.00" ybr="815.05" z_order="0">
      <attribute name="Notes">NA</attribute>
      <attribute name="Sex">Female</attribute>
      <attribute name="Adipose Clipped">No</attribute>
      <attribute name="Injury">No</attribute>
      <attribute name="Confidence Level">3</attribute>
    </box>
    <box frame="86" outside="0" occluded="0" keyframe="0" xtl="1173.90" ytl="470.03" xbr="1920.00" ybr="815.05" z_order="0">
      <attribute name="Notes">NA</attribute>
      <attribute name="Sex">Female</attribute>
      <attribute name="Adipose Clipped">No</attribute>
      <attribute name="Injury">No</attribute>
      <attribute name="Confidence Level">3</attribute>
    </box>
    <box frame="87" outside="0" occluded="0" keyframe="0" xtl="1195.28" ytl="470.03" xbr="1920.00" ybr="815.05" z_order="0">
      <attribute name="Notes">NA</attribute>
      <attribute name="Sex">Female</attribute>
      <attribute name="Adipose Clipped">No</attribute>
      <attribute name="Injury">No</attribute>
      <attribute name="Confidence Level">3</attribute>
    </box>
    <box frame="88" outside="0" occluded="0" keyframe="0" xtl="1216.65" ytl="470.03" xbr="1920.00" ybr="815.05" z_order="0">
      <attribute name="Notes">NA</attribute>
      <attribute name="Sex">Female</attribute>
      <attribute name="Adipose Clipped">No</attribute>
      <attribute name="Injury">No</attribute>
      <attribute name="Confidence Level">3</attribute>
    </box>
    <box frame="89" outside="0" occluded="0" keyframe="0" xtl="1238.03" ytl="470.03" xbr="1920.00" ybr="815.05" z_order="0">
      <attribute name="Notes">NA</attribute>
      <attribute name="Sex">Female</attribute>
      <attribute name="Adipose Clipped">No</attribute>
      <attribute name="Injury">No</attribute>
      <attribute name="Confidence Level">3</attribute>
    </box>
    <box frame="90" outside="0" occluded="0" keyframe="1" xtl="1259.40" ytl="470.03" xbr="1920.00" ybr="815.05" z_order="0">
      <attribute name="Notes">NA</attribute>
      <attribute name="Sex">Female</attribute>
      <attribute name="Adipose Clipped">No</attribute>
      <attribute name="Injury">No</attribute>
      <attribute name="Confidence Level">3</attribute>
    </box>
    <box frame="91" outside="0" occluded="0" keyframe="0" xtl="1281.53" ytl="473.40" xbr="1920.00" ybr="818.43" z_order="0">
      <attribute name="Notes">NA</attribute>
      <attribute name="Sex">Female</attribute>
      <attribute name="Adipose Clipped">No</attribute>
      <attribute name="Injury">No</attribute>
      <attribute name="Confidence Level">3</attribute>
    </box>
    <box frame="92" outside="0" occluded="0" keyframe="0" xtl="1303.65" ytl="476.78" xbr="1920.00" ybr="821.80" z_order="0">
      <attribute name="Notes">NA</attribute>
      <attribute name="Sex">Female</attribute>
      <attribute name="Adipose Clipped">No</attribute>
      <attribute name="Injury">No</attribute>
      <attribute name="Confidence Level">3</attribute>
    </box>
    <box frame="93" outside="0" occluded="0" keyframe="0" xtl="1325.78" ytl="480.15" xbr="1920.00" ybr="825.18" z_order="0">
      <attribute name="Notes">NA</attribute>
      <attribute name="Sex">Female</attribute>
      <attribute name="Adipose Clipped">No</attribute>
      <attribute name="Injury">No</attribute>
      <attribute name="Confidence Level">3</attribute>
    </box>
    <box frame="94" outside="0" occluded="0" keyframe="0" xtl="1347.90" ytl="483.53" xbr="1920.00" ybr="828.55" z_order="0">
      <attribute name="Notes">NA</attribute>
      <attribute name="Sex">Female</attribute>
      <attribute name="Adipose Clipped">No</attribute>
      <attribute name="Injury">No</attribute>
      <attribute name="Confidence Level">3</attribute>
    </box>
    <box frame="95" outside="0" occluded="0" keyframe="1" xtl="1370.03" ytl="486.90" xbr="1920.00" ybr="831.93" z_order="0">
      <attribute name="Notes">NA</attribute>
      <attribute name="Sex">Female</attribute>
      <attribute name="Adipose Clipped">No</attribute>
      <attribute name="Injury">No</attribute>
      <attribute name="Confidence Level">3</attribute>
    </box>
    <box frame="96" outside="0" occluded="0" keyframe="0" xtl="1377.31" ytl="487.55" xbr="1920.00" ybr="833.28" z_order="0">
      <attribute name="Notes">NA</attribute>
      <attribute name="Sex">Female</attribute>
      <attribute name="Adipose Clipped">No</attribute>
      <attribute name="Injury">No</attribute>
      <attribute name="Confidence Level">3</attribute>
    </box>
    <box frame="97" outside="0" occluded="0" keyframe="0" xtl="1384.58" ytl="488.20" xbr="1920.00" ybr="834.63" z_order="0">
      <attribute name="Notes">NA</attribute>
      <attribute name="Sex">Female</attribute>
      <attribute name="Adipose Clipped">No</attribute>
      <attribute name="Injury">No</attribute>
      <attribute name="Confidence Level">3</attribute>
    </box>
    <box frame="98" outside="0" occluded="0" keyframe="0" xtl="1391.86" ytl="488.85" xbr="1920.00" ybr="835.99" z_order="0">
      <attribute name="Notes">NA</attribute>
      <attribute name="Sex">Female</attribute>
      <attribute name="Adipose Clipped">No</attribute>
      <attribute name="Injury">No</attribute>
      <attribute name="Confidence Level">3</attribute>
    </box>
    <box frame="99" outside="0" occluded="0" keyframe="0" xtl="1399.14" ytl="489.50" xbr="1920.00" ybr="837.34" z_order="0">
      <attribute name="Notes">NA</attribute>
      <attribute name="Sex">Female</attribute>
      <attribute name="Adipose Clipped">No</attribute>
      <attribute name="Injury">No</attribute>
      <attribute name="Confidence Level">3</attribute>
    </box>
    <box frame="100" outside="0" occluded="0" keyframe="0" xtl="1406.42" ytl="490.15" xbr="1920.00" ybr="838.70" z_order="0">
      <attribute name="Notes">NA</attribute>
      <attribute name="Sex">Female</attribute>
      <attribute name="Adipose Clipped">No</attribute>
      <attribute name="Injury">No</attribute>
      <attribute name="Confidence Level">3</attribute>
    </box>
    <box frame="101" outside="0" occluded="0" keyframe="0" xtl="1413.70" ytl="490.80" xbr="1920.00" ybr="840.05" z_order="0">
      <attribute name="Notes">NA</attribute>
      <attribute name="Sex">Female</attribute>
      <attribute name="Adipose Clipped">No</attribute>
      <attribute name="Injury">No</attribute>
      <attribute name="Confidence Level">3</attribute>
    </box>
    <box frame="102" outside="0" occluded="0" keyframe="0" xtl="1420.98" ytl="491.45" xbr="1920.00" ybr="841.40" z_order="0">
      <attribute name="Notes">NA</attribute>
      <attribute name="Sex">Female</attribute>
      <attribute name="Adipose Clipped">No</attribute>
      <attribute name="Injury">No</attribute>
      <attribute name="Confidence Level">3</attribute>
    </box>
    <box frame="103" outside="0" occluded="0" keyframe="0" xtl="1428.26" ytl="492.10" xbr="1920.00" ybr="842.76" z_order="0">
      <attribute name="Notes">NA</attribute>
      <attribute name="Sex">Female</attribute>
      <attribute name="Adipose Clipped">No</attribute>
      <attribute name="Injury">No</attribute>
      <attribute name="Confidence Level">3</attribute>
    </box>
    <box frame="104" outside="0" occluded="0" keyframe="0" xtl="1435.54" ytl="492.75" xbr="1920.00" ybr="844.11" z_order="0">
      <attribute name="Notes">NA</attribute>
      <attribute name="Sex">Female</attribute>
      <attribute name="Adipose Clipped">No</attribute>
      <attribute name="Injury">No</attribute>
      <attribute name="Confidence Level">3</attribute>
    </box>
    <box frame="105" outside="0" occluded="0" keyframe="0" xtl="1442.82" ytl="493.40" xbr="1920.00" ybr="845.47" z_order="0">
      <attribute name="Notes">NA</attribute>
      <attribute name="Sex">Female</attribute>
      <attribute name="Adipose Clipped">No</attribute>
      <attribute name="Injury">No</attribute>
      <attribute name="Confidence Level">3</attribute>
    </box>
    <box frame="106" outside="0" occluded="0" keyframe="0" xtl="1450.10" ytl="494.05" xbr="1920.00" ybr="846.82" z_order="0">
      <attribute name="Notes">NA</attribute>
      <attribute name="Sex">Female</attribute>
      <attribute name="Adipose Clipped">No</attribute>
      <attribute name="Injury">No</attribute>
      <attribute name="Confidence Level">3</attribute>
    </box>
    <box frame="107" outside="0" occluded="0" keyframe="0" xtl="1457.38" ytl="494.70" xbr="1920.00" ybr="848.17" z_order="0">
      <attribute name="Notes">NA</attribute>
      <attribute name="Sex">Female</attribute>
      <attribute name="Adipose Clipped">No</attribute>
      <attribute name="Injury">No</attribute>
      <attribute name="Confidence Level">3</attribute>
    </box>
    <box frame="108" outside="0" occluded="0" keyframe="0" xtl="1464.66" ytl="495.35" xbr="1920.00" ybr="849.53" z_order="0">
      <attribute name="Notes">NA</attribute>
      <attribute name="Sex">Female</attribute>
      <attribute name="Adipose Clipped">No</attribute>
      <attribute name="Injury">No</attribute>
      <attribute name="Confidence Level">3</attribute>
    </box>
    <box frame="109" outside="0" occluded="0" keyframe="0" xtl="1471.94" ytl="496.00" xbr="1920.00" ybr="850.88" z_order="0">
      <attribute name="Notes">NA</attribute>
      <attribute name="Sex">Female</attribute>
      <attribute name="Adipose Clipped">No</attribute>
      <attribute name="Injury">No</attribute>
      <attribute name="Confidence Level">3</attribute>
    </box>
    <box frame="110" outside="0" occluded="0" keyframe="0" xtl="1479.22" ytl="496.65" xbr="1920.00" ybr="852.24" z_order="0">
      <attribute name="Notes">NA</attribute>
      <attribute name="Sex">Female</attribute>
      <attribute name="Adipose Clipped">No</attribute>
      <attribute name="Injury">No</attribute>
      <attribute name="Confidence Level">3</attribute>
    </box>
    <box frame="111" outside="0" occluded="0" keyframe="1" xtl="1486.50" ytl="497.30" xbr="1920.00" ybr="853.59" z_order="0">
      <attribute name="Notes">NA</attribute>
      <attribute name="Sex">Female</attribute>
      <attribute name="Adipose Clipped">No</attribute>
      <attribute name="Injury">No</attribute>
      <attribute name="Confidence Level">3</attribute>
    </box>
    <box frame="112" outside="0" occluded="0" keyframe="0" xtl="1537.01" ytl="504.29" xbr="1920.00" ybr="854.95" z_order="0">
      <attribute name="Notes">NA</attribute>
      <attribute name="Sex">Female</attribute>
      <attribute name="Adipose Clipped">No</attribute>
      <attribute name="Injury">No</attribute>
      <attribute name="Confidence Level">3</attribute>
    </box>
    <box frame="113" outside="0" occluded="0" keyframe="1" xtl="1587.53" ytl="511.28" xbr="1920.00" ybr="856.30" z_order="0">
      <attribute name="Notes">NA</attribute>
      <attribute name="Sex">Female</attribute>
      <attribute name="Adipose Clipped">No</attribute>
      <attribute name="Injury">No</attribute>
      <attribute name="Confidence Level">3</attribute>
    </box>
    <box frame="114" outside="0" occluded="0" keyframe="0" xtl="1587.53" ytl="511.28" xbr="1920.00" ybr="856.30" z_order="0">
      <attribute name="Notes">NA</attribute>
      <attribute name="Sex">Female</attribute>
      <attribute name="Adipose Clipped">No</attribute>
      <attribute name="Injury">No</attribute>
      <attribute name="Confidence Level">3</attribute>
    </box>
    <box frame="115" outside="0" occluded="1" keyframe="1" xtl="1587.53" ytl="511.28" xbr="1920.00" ybr="856.30" z_order="0">
      <attribute name="Notes">NA</attribute>
      <attribute name="Sex">Female</attribute>
      <attribute name="Adipose Clipped">No</attribute>
      <attribute name="Injury">No</attribute>
      <attribute name="Confidence Level">3</attribute>
    </box>
    <box frame="116" outside="0" occluded="1" keyframe="0" xtl="1587.53" ytl="511.28" xbr="1920.00" ybr="856.30" z_order="0">
      <attribute name="Notes">NA</attribute>
      <attribute name="Sex">Female</attribute>
      <attribute name="Adipose Clipped">No</attribute>
      <attribute name="Injury">No</attribute>
      <attribute name="Confidence Level">3</attribute>
    </box>
    <box frame="117" outside="0" occluded="1" keyframe="0" xtl="1587.53" ytl="511.28" xbr="1920.00" ybr="856.30" z_order="0">
      <attribute name="Notes">NA</attribute>
      <attribute name="Sex">Female</attribute>
      <attribute name="Adipose Clipped">No</attribute>
      <attribute name="Injury">No</attribute>
      <attribute name="Confidence Level">3</attribute>
    </box>
    <box frame="118" outside="1" occluded="1" keyframe="1" xtl="1793.78" ytl="511.28" xbr="1920.00" ybr="856.30" z_order="0">
      <attribute name="Notes">NA</attribute>
      <attribute name="Sex">Female</attribute>
      <attribute name="Adipose Clipped">No</attribute>
      <attribute name="Injury">No</attribute>
      <attribute name="Confidence Level">3</attribute>
    </box>
  </track>
</annotations>