<?xml version="1.0" encoding="utf-8"?>
<annotations>
  <version>1.1</version>
  <meta>
    <task>
      <id>40</id>
      <name>09-26-2019 01-28-45 M Right Bank Underwater</name>
      <size>107</size>
      <mode>interpolation</mode>
      <overlap>5</overlap>
      <bugtracker></bugtracker>
      <created>2021-06-14 19:45:30.684373+00:00</created>
      <updated>2021-06-14 20:15:55.361835+00:00</updated>
      <start_frame>0</start_frame>
      <stop_frame>106</stop_frame>
      <frame_filter></frame_filter>
      <labels>
        <label>
          <name>Chinook</name>
          <color>#38794c</color>
          <attributes>
            <attribute>
              <name>Adipose Clipped</name>
              <mutable>False</mutable>
              <input_type>select</input_type>
              <default_value>No</default_value>
              <values>No
Yes
NA</values>
            </attribute>
            <attribute>
              <name>Confidence Level</name>
              <mutable>False</mutable>
              <input_type>select</input_type>
              <default_value>3</default_value>
              <values>3
2
1</values>
            </attribute>
            <attribute>
              <name>Injury</name>
              <mutable>False</mutable>
              <input_type>select</input_type>
              <default_value>No</default_value>
              <values>No
Yes
NA</values>
            </attribute>
            <attribute>
              <name>Notes</name>
              <mutable>False</mutable>
              <input_type>text</input_type>
              <default_value></default_value>
              <values></values>
            </attribute>
            <attribute>
              <name>Sex</name>
              <mutable>False</mutable>
              <input_type>select</input_type>
              <default_value>Male</default_value>
              <values>Male
Female
Jack</values>
            </attribute>
            <attribute>
              <name>View</name>
              <mutable>False</mutable>
              <input_type>select</input_type>
              <default_value>Top-down</default_value>
              <values>Top-down
Side</values>
            </attribute>
          </attributes>
        </label>
        <label>
          <name>Steelhead</name>
          <color>#888888</color>
          <attributes>
            <attribute>
              <name>Adipose Clipped</name>
              <mutable>False</mutable>
              <input_type>select</input_type>
              <default_value>No</default_value>
              <values>No
Yes
NA</values>
            </attribute>
            <attribute>
              <name>Confidence Level</name>
              <mutable>False</mutable>
              <input_type>select</input_type>
              <default_value>3</default_value>
              <values>3
2
1</values>
            </attribute>
            <attribute>
              <name>Injury</name>
              <mutable>False</mutable>
              <input_type>select</input_type>
              <default_value>No</default_value>
              <values>No
Yes
NA</values>
            </attribute>
            <attribute>
              <name>Notes</name>
              <mutable>False</mutable>
              <input_type>text</input_type>
              <default_value></default_value>
              <values></values>
            </attribute>
            <attribute>
              <name>Sex</name>
              <mutable>False</mutable>
              <input_type>select</input_type>
              <default_value>Male</default_value>
              <values>Male
Female</values>
            </attribute>
            <attribute>
              <name>View</name>
              <mutable>False</mutable>
              <input_type>select</input_type>
              <default_value>Top-down</default_value>
              <values>Top-down
Side</values>
            </attribute>
          </attributes>
        </label>
        <label>
          <name>Sockeye</name>
          <color>#f00026</color>
          <attributes>
            <attribute>
              <name>Adipose Clipped</name>
              <mutable>False</mutable>
              <input_type>select</input_type>
              <default_value>No</default_value>
              <values>No
Yes
NA</values>
            </attribute>
            <attribute>
              <name>Confidence Level</name>
              <mutable>False</mutable>
              <input_type>select</input_type>
              <default_value>3</default_value>
              <values>3
2
1</values>
            </attribute>
            <attribute>
              <name>Injury</name>
              <mutable>False</mutable>
              <input_type>select</input_type>
              <default_value>No</default_value>
              <values>No
Yes
NA</values>
            </attribute>
            <attribute>
              <name>Notes</name>
              <mutable>False</mutable>
              <input_type>text</input_type>
              <default_value></default_value>
              <values></values>
            </attribute>
            <attribute>
              <name>Sex</name>
              <mutable>False</mutable>
              <input_type>select</input_type>
              <default_value>Male</default_value>
              <values>Male
Female</values>
            </attribute>
            <attribute>
              <name>View</name>
              <mutable>False</mutable>
              <input_type>select</input_type>
              <default_value>Top-down</default_value>
              <values>Top-down
Side</values>
            </attribute>
          </attributes>
        </label>
        <label>
          <name>Pink</name>
          <color>#fa7dbb</color>
          <attributes>
            <attribute>
              <name>Adipose Clipped</name>
              <mutable>False</mutable>
              <input_type>select</input_type>
              <default_value>No</default_value>
              <values>No
Yes
NA</values>
            </attribute>
            <attribute>
              <name>Confidence Level</name>
              <mutable>False</mutable>
              <input_type>select</input_type>
              <default_value>3</default_value>
              <values>3
2
1</values>
            </attribute>
            <attribute>
              <name>Injury</name>
              <mutable>False</mutable>
              <input_type>select</input_type>
              <default_value>No</default_value>
              <values>No
Yes
NA</values>
            </attribute>
            <attribute>
              <name>Notes</name>
              <mutable>False</mutable>
              <input_type>text</input_type>
              <default_value></default_value>
              <values></values>
            </attribute>
            <attribute>
              <name>Sex</name>
              <mutable>False</mutable>
              <input_type>select</input_type>
              <default_value>Male</default_value>
              <values>Male
Female</values>
            </attribute>
            <attribute>
              <name>View</name>
              <mutable>False</mutable>
              <input_type>select</input_type>
              <default_value>Top-down</default_value>
              <values>Top-down
Side</values>
            </attribute>
          </attributes>
        </label>
        <label>
          <name>Whitefish</name>
          <color>#d8d8db</color>
          <attributes>
            <attribute>
              <name>Adipose Clipped</name>
              <mutable>False</mutable>
              <input_type>select</input_type>
              <default_value>No</default_value>
              <values>No
Yes
NA</values>
            </attribute>
            <attribute>
              <name>Confidence Level</name>
              <mutable>False</mutable>
              <input_type>select</input_type>
              <default_value>3</default_value>
              <values>3
2
1</values>
            </attribute>
            <attribute>
              <name>Injury</name>
              <mutable>False</mutable>
              <input_type>select</input_type>
              <default_value>No</default_value>
              <values>No
Yes
NA</values>
            </attribute>
            <attribute>
              <name>Notes</name>
              <mutable>False</mutable>
              <input_type>text</input_type>
              <default_value></default_value>
              <values></values>
            </attribute>
            <attribute>
              <name>Sex</name>
              <mutable>False</mutable>
              <input_type>select</input_type>
              <default_value>NA</default_value>
              <values>NA</values>
            </attribute>
            <attribute>
              <name>View</name>
              <mutable>False</mutable>
              <input_type>select</input_type>
              <default_value>Top-down</default_value>
              <values>Top-down
Side</values>
            </attribute>
          </attributes>
        </label>
        <label>
          <name>Chum</name>
          <color>#ffcc33</color>
          <attributes>
            <attribute>
              <name>Adipose Clipped</name>
              <mutable>False</mutable>
              <input_type>select</input_type>
              <default_value>No</default_value>
              <values>No
Yes
NA</values>
            </attribute>
            <attribute>
              <name>Confidence Level</name>
              <mutable>False</mutable>
              <input_type>select</input_type>
              <default_value>3</default_value>
              <values>3
2
1</values>
            </attribute>
            <attribute>
              <name>Injury</name>
              <mutable>False</mutable>
              <input_type>select</input_type>
              <default_value>No</default_value>
              <values>No
Yes
NA</values>
            </attribute>
            <attribute>
              <name>Notes</name>
              <mutable>False</mutable>
              <input_type>text</input_type>
              <default_value></default_value>
              <values></values>
            </attribute>
            <attribute>
              <name>Sex</name>
              <mutable>False</mutable>
              <input_type>select</input_type>
              <default_value>Male</default_value>
              <values>Male
Female</values>
            </attribute>
            <attribute>
              <name>View</name>
              <mutable>False</mutable>
              <input_type>select</input_type>
              <default_value>Top-down</default_value>
              <values>Top-down
Side</values>
            </attribute>
          </attributes>
        </label>
        <label>
          <name>Bull</name>
          <color>#3d3df5</color>
          <attributes>
            <attribute>
              <name>Adipose Clipped</name>
              <mutable>False</mutable>
              <input_type>select</input_type>
              <default_value>No</default_value>
              <values>No
NA</values>
            </attribute>
            <attribute>
              <name>Confidence Level</name>
              <mutable>False</mutable>
              <input_type>select</input_type>
              <default_value>3</default_value>
              <values>3
2
1</values>
            </attribute>
            <attribute>
              <name>Injury</name>
              <mutable>False</mutable>
              <input_type>select</input_type>
              <default_value>No</default_value>
              <values>No
Yes
NA</values>
            </attribute>
            <attribute>
              <name>Notes</name>
              <mutable>False</mutable>
              <input_type>text</input_type>
              <default_value>NA</default_value>
              <values>NA</values>
            </attribute>
            <attribute>
              <name>Sex</name>
              <mutable>False</mutable>
              <input_type>select</input_type>
              <default_value>NA</default_value>
              <values>NA</values>
            </attribute>
            <attribute>
              <name>View</name>
              <mutable>False</mutable>
              <input_type>select</input_type>
              <default_value>Top-down</default_value>
              <values>Top-down
Side</values>
            </attribute>
          </attributes>
        </label>
        <label>
          <name>Coho</name>
          <color>#32b7fa</color>
          <attributes>
            <attribute>
              <name>Adipose Clipped</name>
              <mutable>False</mutable>
              <input_type>select</input_type>
              <default_value>No</default_value>
              <values>No
Yes
NA</values>
            </attribute>
            <attribute>
              <name>Confidence Level</name>
              <mutable>False</mutable>
              <input_type>select</input_type>
              <default_value>3</default_value>
              <values>3
2
1</values>
            </attribute>
            <attribute>
              <name>Injury</name>
              <mutable>False</mutable>
              <input_type>select</input_type>
              <default_value>No</default_value>
              <values>No
Yes
NA</values>
            </attribute>
            <attribute>
              <name>Notes</name>
              <mutable>False</mutable>
              <input_type>text</input_type>
              <default_value></default_value>
              <values></values>
            </attribute>
            <attribute>
              <name>Sex</name>
              <mutable>False</mutable>
              <input_type>select</input_type>
              <default_value>Male</default_value>
              <values>Male
Female
Jack</values>
            </attribute>
            <attribute>
              <name>View</name>
              <mutable>False</mutable>
              <input_type>select</input_type>
              <default_value>Top-down</default_value>
              <values>Top-down
Side</values>
            </attribute>
          </attributes>
        </label>
        <label>
          <name>Rainbow</name>
          <color>#ff914d</color>
          <attributes>
            <attribute>
              <name>Adipose Clipped</name>
              <mutable>False</mutable>
              <input_type>select</input_type>
              <default_value>No</default_value>
              <values>No
Yes
NA</values>
            </attribute>
            <attribute>
              <name>Confidence Level</name>
              <mutable>False</mutable>
              <input_type>select</input_type>
              <default_value>3</default_value>
              <values>3
2
1</values>
            </attribute>
            <attribute>
              <name>Injury</name>
              <mutable>False</mutable>
              <input_type>select</input_type>
              <default_value>No</default_value>
              <values>No
Yes
NA</values>
            </attribute>
            <attribute>
              <name>Notes</name>
              <mutable>False</mutable>
              <input_type>text</input_type>
              <default_value></default_value>
              <values></values>
            </attribute>
            <attribute>
              <name>Sex</name>
              <mutable>False</mutable>
              <input_type>select</input_type>
              <default_value>NA</default_value>
              <values>NA
Juvenile</values>
            </attribute>
            <attribute>
              <name>View</name>
              <mutable>False</mutable>
              <input_type>select</input_type>
              <default_value>Top-down</default_value>
              <values>Top-down
Side</values>
            </attribute>
          </attributes>
        </label>
      </labels>
      <segments>
        <segment>
          <id>40</id>
          <start>0</start>
          <stop>106</stop>
          <url>httplocalhost:8080/?id=40</url>
        </segment>
      </segments>
      <owner>
        <username>jtravers</username>
        <email>jtravers@uoregon.edu</email>
      </owner>
      <assignee></assignee>
      <original_size>
        <width>1920</width>
        <height>1080</height>
      </original_size>
    </task>
    <dumped>2021-06-14 20:16:07.280793+00:00</dumped>
    <source>09-26-2019 01-28-45 M Right Bank Underwater.mp4</source>
  </meta>
  <track id="0" label="Coho" source="manual">
    <box frame="23" outside="0" occluded="0" keyframe="1" xtl="0.00" ytl="499.67" xbr="409.18" ybr="755.41" z_order="0">
      <attribute name="Confidence Level">3</attribute>
      <attribute name="Injury">No</attribute>
      <attribute name="Notes"></attribute>
      <attribute name="Sex">Male</attribute>
      <attribute name="View">Side</attribute>
      <attribute name="Adipose Clipped">No</attribute>
    </box>
    <box frame="24" outside="0" occluded="0" keyframe="0" xtl="0.00" ytl="492.39" xbr="439.87" ybr="755.41" z_order="0">
      <attribute name="Confidence Level">3</attribute>
      <attribute name="Injury">No</attribute>
      <attribute name="Notes"></attribute>
      <attribute name="Sex">Male</attribute>
      <attribute name="View">Side</attribute>
      <attribute name="Adipose Clipped">No</attribute>
    </box>
    <box frame="25" outside="0" occluded="0" keyframe="0" xtl="0.00" ytl="485.12" xbr="470.56" ybr="755.41" z_order="0">
      <attribute name="Confidence Level">3</attribute>
      <attribute name="Injury">No</attribute>
      <attribute name="Notes"></attribute>
      <attribute name="Sex">Male</attribute>
      <attribute name="View">Side</attribute>
      <attribute name="Adipose Clipped">No</attribute>
    </box>
    <box frame="26" outside="0" occluded="0" keyframe="0" xtl="0.00" ytl="477.84" xbr="501.26" ybr="755.41" z_order="0">
      <attribute name="Confidence Level">3</attribute>
      <attribute name="Injury">No</attribute>
      <attribute name="Notes"></attribute>
      <attribute name="Sex">Male</attribute>
      <attribute name="View">Side</attribute>
      <attribute name="Adipose Clipped">No</attribute>
    </box>
    <box frame="27" outside="0" occluded="0" keyframe="0" xtl="0.00" ytl="470.56" xbr="531.95" ybr="755.41" z_order="0">
      <attribute name="Confidence Level">3</attribute>
      <attribute name="Injury">No</attribute>
      <attribute name="Notes"></attribute>
      <attribute name="Sex">Male</attribute>
      <attribute name="View">Side</attribute>
      <attribute name="Adipose Clipped">No</attribute>
    </box>
    <box frame="28" outside="0" occluded="0" keyframe="0" xtl="0.00" ytl="463.29" xbr="562.64" ybr="755.41" z_order="0">
      <attribute name="Confidence Level">3</attribute>
      <attribute name="Injury">No</attribute>
      <attribute name="Notes"></attribute>
      <attribute name="Sex">Male</attribute>
      <attribute name="View">Side</attribute>
      <attribute name="Adipose Clipped">No</attribute>
    </box>
    <box frame="29" outside="0" occluded="0" keyframe="0" xtl="0.00" ytl="456.01" xbr="593.33" ybr="755.41" z_order="0">
      <attribute name="Confidence Level">3</attribute>
      <attribute name="Injury">No</attribute>
      <attribute name="Notes"></attribute>
      <attribute name="Sex">Male</attribute>
      <attribute name="View">Side</attribute>
      <attribute name="Adipose Clipped">No</attribute>
    </box>
    <box frame="30" outside="0" occluded="0" keyframe="0" xtl="0.00" ytl="448.73" xbr="624.02" ybr="755.41" z_order="0">
      <attribute name="Confidence Level">3</attribute>
      <attribute name="Injury">No</attribute>
      <attribute name="Notes"></attribute>
      <attribute name="Sex">Male</attribute>
      <attribute name="View">Side</attribute>
      <attribute name="Adipose Clipped">No</attribute>
    </box>
    <box frame="31" outside="0" occluded="0" keyframe="0" xtl="0.00" ytl="441.45" xbr="654.72" ybr="755.41" z_order="0">
      <attribute name="Confidence Level">3</attribute>
      <attribute name="Injury">No</attribute>
      <attribute name="Notes"></attribute>
      <attribute name="Sex">Male</attribute>
      <attribute name="View">Side</attribute>
      <attribute name="Adipose Clipped">No</attribute>
    </box>
    <box frame="32" outside="0" occluded="0" keyframe="0" xtl="0.00" ytl="434.18" xbr="685.41" ybr="755.41" z_order="0">
      <attribute name="Confidence Level">3</attribute>
      <attribute name="Injury">No</attribute>
      <attribute name="Notes"></attribute>
      <attribute name="Sex">Male</attribute>
      <attribute name="View">Side</attribute>
      <attribute name="Adipose Clipped">No</attribute>
    </box>
    <box frame="33" outside="0" occluded="0" keyframe="1" xtl="0.00" ytl="426.90" xbr="716.10" ybr="755.41" z_order="0">
      <attribute name="Confidence Level">3</attribute>
      <attribute name="Injury">No</attribute>
      <attribute name="Notes"></attribute>
      <attribute name="Sex">Male</attribute>
      <attribute name="View">Side</attribute>
      <attribute name="Adipose Clipped">No</attribute>
    </box>
    <box frame="34" outside="0" occluded="0" keyframe="0" xtl="0.00" ytl="421.79" xbr="753.48" ybr="757.18" z_order="0">
      <attribute name="Confidence Level">3</attribute>
      <attribute name="Injury">No</attribute>
      <attribute name="Notes"></attribute>
      <attribute name="Sex">Male</attribute>
      <attribute name="View">Side</attribute>
      <attribute name="Adipose Clipped">No</attribute>
    </box>
    <box frame="35" outside="0" occluded="0" keyframe="0" xtl="0.00" ytl="416.68" xbr="790.86" ybr="758.95" z_order="0">
      <attribute name="Confidence Level">3</attribute>
      <attribute name="Injury">No</attribute>
      <attribute name="Notes"></attribute>
      <attribute name="Sex">Male</attribute>
      <attribute name="View">Side</attribute>
      <attribute name="Adipose Clipped">No</attribute>
    </box>
    <box frame="36" outside="0" occluded="0" keyframe="0" xtl="0.00" ytl="411.57" xbr="828.24" ybr="760.72" z_order="0">
      <attribute name="Confidence Level">3</attribute>
      <attribute name="Injury">No</attribute>
      <attribute name="Notes"></attribute>
      <attribute name="Sex">Male</attribute>
      <attribute name="View">Side</attribute>
      <attribute name="Adipose Clipped">No</attribute>
    </box>
    <box frame="37" outside="0" occluded="0" keyframe="0" xtl="0.00" ytl="406.46" xbr="865.62" ybr="762.49" z_order="0">
      <attribute name="Confidence Level">3</attribute>
      <attribute name="Injury">No</attribute>
      <attribute name="Notes"></attribute>
      <attribute name="Sex">Male</attribute>
      <attribute name="View">Side</attribute>
      <attribute name="Adipose Clipped">No</attribute>
    </box>
    <box frame="38" outside="0" occluded="0" keyframe="0" xtl="0.00" ytl="401.35" xbr="903.00" ybr="764.25" z_order="0">
      <attribute name="Confidence Level">3</attribute>
      <attribute name="Injury">No</attribute>
      <attribute name="Notes"></attribute>
      <attribute name="Sex">Male</attribute>
      <attribute name="View">Side</attribute>
      <attribute name="Adipose Clipped">No</attribute>
    </box>
    <box frame="39" outside="0" occluded="0" keyframe="0" xtl="0.00" ytl="396.24" xbr="940.38" ybr="766.02" z_order="0">
      <attribute name="Confidence Level">3</attribute>
      <attribute name="Injury">No</attribute>
      <attribute name="Notes"></attribute>
      <attribute name="Sex">Male</attribute>
      <attribute name="View">Side</attribute>
      <attribute name="Adipose Clipped">No</attribute>
    </box>
    <box frame="40" outside="0" occluded="0" keyframe="0" xtl="0.00" ytl="391.13" xbr="977.76" ybr="767.79" z_order="0">
      <attribute name="Confidence Level">3</attribute>
      <attribute name="Injury">No</attribute>
      <attribute name="Notes"></attribute>
      <attribute name="Sex">Male</attribute>
      <attribute name="View">Side</attribute>
      <attribute name="Adipose Clipped">No</attribute>
    </box>
    <box frame="41" outside="0" occluded="0" keyframe="0" xtl="0.00" ytl="386.02" xbr="1015.14" ybr="769.56" z_order="0">
      <attribute name="Confidence Level">3</attribute>
      <attribute name="Injury">No</attribute>
      <attribute name="Notes"></attribute>
      <attribute name="Sex">Male</attribute>
      <attribute name="View">Side</attribute>
      <attribute name="Adipose Clipped">No</attribute>
    </box>
    <box frame="42" outside="0" occluded="0" keyframe="0" xtl="0.00" ytl="380.91" xbr="1052.52" ybr="771.33" z_order="0">
      <attribute name="Confidence Level">3</attribute>
      <attribute name="Injury">No</attribute>
      <attribute name="Notes"></attribute>
      <attribute name="Sex">Male</attribute>
      <attribute name="View">Side</attribute>
      <attribute name="Adipose Clipped">No</attribute>
    </box>
    <box frame="43" outside="0" occluded="0" keyframe="1" xtl="0.00" ytl="375.80" xbr="1089.90" ybr="773.10" z_order="0">
      <attribute name="Confidence Level">3</attribute>
      <attribute name="Injury">No</attribute>
      <attribute name="Notes"></attribute>
      <attribute name="Sex">Male</attribute>
      <attribute name="View">Side</attribute>
      <attribute name="Adipose Clipped">No</attribute>
    </box>
    <box frame="44" outside="0" occluded="0" keyframe="0" xtl="0.00" ytl="377.77" xbr="1123.74" ybr="777.43" z_order="0">
      <attribute name="Confidence Level">3</attribute>
      <attribute name="Injury">No</attribute>
      <attribute name="Notes"></attribute>
      <attribute name="Sex">Male</attribute>
      <attribute name="View">Side</attribute>
      <attribute name="Adipose Clipped">No</attribute>
    </box>
    <box frame="45" outside="0" occluded="0" keyframe="0" xtl="0.00" ytl="379.73" xbr="1157.58" ybr="781.76" z_order="0">
      <attribute name="Confidence Level">3</attribute>
      <attribute name="Injury">No</attribute>
      <attribute name="Notes"></attribute>
      <attribute name="Sex">Male</attribute>
      <attribute name="View">Side</attribute>
      <attribute name="Adipose Clipped">No</attribute>
    </box>
    <box frame="46" outside="0" occluded="0" keyframe="0" xtl="0.00" ytl="381.70" xbr="1191.42" ybr="786.09" z_order="0">
      <attribute name="Confidence Level">3</attribute>
      <attribute name="Injury">No</attribute>
      <attribute name="Notes"></attribute>
      <attribute name="Sex">Male</attribute>
      <attribute name="View">Side</attribute>
      <attribute name="Adipose Clipped">No</attribute>
    </box>
    <box frame="47" outside="0" occluded="0" keyframe="0" xtl="0.00" ytl="383.67" xbr="1225.26" ybr="790.42" z_order="0">
      <attribute name="Confidence Level">3</attribute>
      <attribute name="Injury">No</attribute>
      <attribute name="Notes"></attribute>
      <attribute name="Sex">Male</attribute>
      <attribute name="View">Side</attribute>
      <attribute name="Adipose Clipped">No</attribute>
    </box>
    <box frame="48" outside="0" occluded="0" keyframe="0" xtl="0.00" ytl="385.64" xbr="1259.10" ybr="794.75" z_order="0">
      <attribute name="Confidence Level">3</attribute>
      <attribute name="Injury">No</attribute>
      <attribute name="Notes"></attribute>
      <attribute name="Sex">Male</attribute>
      <attribute name="View">Side</attribute>
      <attribute name="Adipose Clipped">No</attribute>
    </box>
    <box frame="49" outside="0" occluded="0" keyframe="0" xtl="0.00" ytl="387.60" xbr="1292.94" ybr="799.08" z_order="0">
      <attribute name="Confidence Level">3</attribute>
      <attribute name="Injury">No</attribute>
      <attribute name="Notes"></attribute>
      <attribute name="Sex">Male</attribute>
      <attribute name="View">Side</attribute>
      <attribute name="Adipose Clipped">No</attribute>
    </box>
    <box frame="50" outside="0" occluded="0" keyframe="1" xtl="0.00" ytl="389.57" xbr="1326.78" ybr="803.41" z_order="0">
      <attribute name="Confidence Level">3</attribute>
      <attribute name="Injury">No</attribute>
      <attribute name="Notes"></attribute>
      <attribute name="Sex">Male</attribute>
      <attribute name="View">Side</attribute>
      <attribute name="Adipose Clipped">No</attribute>
    </box>
    <box frame="51" outside="0" occluded="0" keyframe="0" xtl="67.54" ytl="391.54" xbr="1360.62" ybr="807.74" z_order="0">
      <attribute name="Confidence Level">3</attribute>
      <attribute name="Injury">No</attribute>
      <attribute name="Notes"></attribute>
      <attribute name="Sex">Male</attribute>
      <attribute name="View">Side</attribute>
      <attribute name="Adipose Clipped">No</attribute>
    </box>
    <box frame="52" outside="0" occluded="0" keyframe="0" xtl="135.08" ytl="393.50" xbr="1394.46" ybr="812.07" z_order="0">
      <attribute name="Confidence Level">3</attribute>
      <attribute name="Injury">No</attribute>
      <attribute name="Notes"></attribute>
      <attribute name="Sex">Male</attribute>
      <attribute name="View">Side</attribute>
      <attribute name="Adipose Clipped">No</attribute>
    </box>
    <box frame="53" outside="0" occluded="0" keyframe="1" xtl="202.62" ytl="395.47" xbr="1428.30" ybr="816.40" z_order="0">
      <attribute name="Confidence Level">3</attribute>
      <attribute name="Injury">No</attribute>
      <attribute name="Notes"></attribute>
      <attribute name="Sex">Male</attribute>
      <attribute name="View">Side</attribute>
      <attribute name="Adipose Clipped">No</attribute>
    </box>
    <box frame="54" outside="0" occluded="0" keyframe="0" xtl="223.67" ytl="392.12" xbr="1456.04" ybr="816.40" z_order="0">
      <attribute name="Confidence Level">3</attribute>
      <attribute name="Injury">No</attribute>
      <attribute name="Notes"></attribute>
      <attribute name="Sex">Male</attribute>
      <attribute name="View">Side</attribute>
      <attribute name="Adipose Clipped">No</attribute>
    </box>
    <box frame="55" outside="0" occluded="0" keyframe="0" xtl="244.72" ytl="388.78" xbr="1483.78" ybr="816.40" z_order="0">
      <attribute name="Confidence Level">3</attribute>
      <attribute name="Injury">No</attribute>
      <attribute name="Notes"></attribute>
      <attribute name="Sex">Male</attribute>
      <attribute name="View">Side</attribute>
      <attribute name="Adipose Clipped">No</attribute>
    </box>
    <box frame="56" outside="0" occluded="0" keyframe="0" xtl="265.77" ytl="385.43" xbr="1511.52" ybr="816.40" z_order="0">
      <attribute name="Confidence Level">3</attribute>
      <attribute name="Injury">No</attribute>
      <attribute name="Notes"></attribute>
      <attribute name="Sex">Male</attribute>
      <attribute name="View">Side</attribute>
      <attribute name="Adipose Clipped">No</attribute>
    </box>
    <box frame="57" outside="0" occluded="0" keyframe="0" xtl="286.82" ytl="382.08" xbr="1539.26" ybr="816.40" z_order="0">
      <attribute name="Confidence Level">3</attribute>
      <attribute name="Injury">No</attribute>
      <attribute name="Notes"></attribute>
      <attribute name="Sex">Male</attribute>
      <attribute name="View">Side</attribute>
      <attribute name="Adipose Clipped">No</attribute>
    </box>
    <box frame="58" outside="0" occluded="0" keyframe="0" xtl="307.87" ytl="378.74" xbr="1567.00" ybr="816.40" z_order="0">
      <attribute name="Confidence Level">3</attribute>
      <attribute name="Injury">No</attribute>
      <attribute name="Notes"></attribute>
      <attribute name="Sex">Male</attribute>
      <attribute name="View">Side</attribute>
      <attribute name="Adipose Clipped">No</attribute>
    </box>
    <box frame="59" outside="0" occluded="0" keyframe="0" xtl="328.92" ytl="375.39" xbr="1594.74" ybr="816.40" z_order="0">
      <attribute name="Confidence Level">3</attribute>
      <attribute name="Injury">No</attribute>
      <attribute name="Notes"></attribute>
      <attribute name="Sex">Male</attribute>
      <attribute name="View">Side</attribute>
      <attribute name="Adipose Clipped">No</attribute>
    </box>
    <box frame="60" outside="0" occluded="0" keyframe="0" xtl="349.97" ytl="372.04" xbr="1622.48" ybr="816.40" z_order="0">
      <attribute name="Confidence Level">3</attribute>
      <attribute name="Injury">No</attribute>
      <attribute name="Notes"></attribute>
      <attribute name="Sex">Male</attribute>
      <attribute name="View">Side</attribute>
      <attribute name="Adipose Clipped">No</attribute>
    </box>
    <box frame="61" outside="0" occluded="0" keyframe="0" xtl="371.02" ytl="368.69" xbr="1650.22" ybr="816.40" z_order="0">
      <attribute name="Confidence Level">3</attribute>
      <attribute name="Injury">No</attribute>
      <attribute name="Notes"></attribute>
      <attribute name="Sex">Male</attribute>
      <attribute name="View">Side</attribute>
      <attribute name="Adipose Clipped">No</attribute>
    </box>
    <box frame="62" outside="0" occluded="0" keyframe="0" xtl="392.07" ytl="365.35" xbr="1677.96" ybr="816.40" z_order="0">
      <attribute name="Confidence Level">3</attribute>
      <attribute name="Injury">No</attribute>
      <attribute name="Notes"></attribute>
      <attribute name="Sex">Male</attribute>
      <attribute name="View">Side</attribute>
      <attribute name="Adipose Clipped">No</attribute>
    </box>
    <box frame="63" outside="0" occluded="0" keyframe="1" xtl="413.12" ytl="362.00" xbr="1705.70" ybr="816.40" z_order="0">
      <attribute name="Confidence Level">3</attribute>
      <attribute name="Injury">No</attribute>
      <attribute name="Notes"></attribute>
      <attribute name="Sex">Male</attribute>
      <attribute name="View">Side</attribute>
      <attribute name="Adipose Clipped">No</attribute>
    </box>
    <box frame="64" outside="0" occluded="0" keyframe="0" xtl="446.36" ytl="362.00" xbr="1745.22" ybr="816.40" z_order="0">
      <attribute name="Confidence Level">3</attribute>
      <attribute name="Injury">No</attribute>
      <attribute name="Notes"></attribute>
      <attribute name="Sex">Male</attribute>
      <attribute name="View">Side</attribute>
      <attribute name="Adipose Clipped">No</attribute>
    </box>
    <box frame="65" outside="0" occluded="0" keyframe="0" xtl="479.61" ytl="362.00" xbr="1784.74" ybr="816.40" z_order="0">
      <attribute name="Confidence Level">3</attribute>
      <attribute name="Injury">No</attribute>
      <attribute name="Notes"></attribute>
      <attribute name="Sex">Male</attribute>
      <attribute name="View">Side</attribute>
      <attribute name="Adipose Clipped">No</attribute>
    </box>
    <box frame="66" outside="0" occluded="0" keyframe="0" xtl="512.85" ytl="362.00" xbr="1824.26" ybr="816.40" z_order="0">
      <attribute name="Confidence Level">3</attribute>
      <attribute name="Injury">No</attribute>
      <attribute name="Notes"></attribute>
      <attribute name="Sex">Male</attribute>
      <attribute name="View">Side</attribute>
      <attribute name="Adipose Clipped">No</attribute>
    </box>
    <box frame="67" outside="0" occluded="0" keyframe="0" xtl="546.10" ytl="362.00" xbr="1863.78" ybr="816.40" z_order="0">
      <attribute name="Confidence Level">3</attribute>
      <attribute name="Injury">No</attribute>
      <attribute name="Notes"></attribute>
      <attribute name="Sex">Male</attribute>
      <attribute name="View">Side</attribute>
      <attribute name="Adipose Clipped">No</attribute>
    </box>
    <box frame="68" outside="0" occluded="0" keyframe="1" xtl="579.34" ytl="362.00" xbr="1903.30" ybr="816.40" z_order="0">
      <attribute name="Confidence Level">3</attribute>
      <attribute name="Injury">No</attribute>
      <attribute name="Notes"></attribute>
      <attribute name="Sex">Male</attribute>
      <attribute name="View">Side</attribute>
      <attribute name="Adipose Clipped">No</attribute>
    </box>
    <box frame="69" outside="0" occluded="0" keyframe="0" xtl="612.59" ytl="362.00" xbr="1911.65" ybr="816.40" z_order="0">
      <attribute name="Confidence Level">3</attribute>
      <attribute name="Injury">No</attribute>
      <attribute name="Notes"></attribute>
      <attribute name="Sex">Male</attribute>
      <attribute name="View">Side</attribute>
      <attribute name="Adipose Clipped">No</attribute>
    </box>
    <box frame="70" outside="0" occluded="0" keyframe="1" xtl="645.84" ytl="362.00" xbr="1920.00" ybr="816.40" z_order="0">
      <attribute name="Confidence Level">3</attribute>
      <attribute name="Injury">No</attribute>
      <attribute name="Notes"></attribute>
      <attribute name="Sex">Male</attribute>
      <attribute name="View">Side</attribute>
      <attribute name="Adipose Clipped">No</attribute>
    </box>
    <box frame="71" outside="0" occluded="0" keyframe="0" xtl="679.08" ytl="362.00" xbr="1920.00" ybr="816.40" z_order="0">
      <attribute name="Confidence Level">3</attribute>
      <attribute name="Injury">No</attribute>
      <attribute name="Notes"></attribute>
      <attribute name="Sex">Male</attribute>
      <attribute name="View">Side</attribute>
      <attribute name="Adipose Clipped">No</attribute>
    </box>
    <box frame="72" outside="0" occluded="0" keyframe="0" xtl="712.33" ytl="362.00" xbr="1920.00" ybr="816.40" z_order="0">
      <attribute name="Confidence Level">3</attribute>
      <attribute name="Injury">No</attribute>
      <attribute name="Notes"></attribute>
      <attribute name="Sex">Male</attribute>
      <attribute name="View">Side</attribute>
      <attribute name="Adipose Clipped">No</attribute>
    </box>
    <box frame="73" outside="0" occluded="0" keyframe="1" xtl="745.57" ytl="362.00" xbr="1920.00" ybr="816.40" z_order="0">
      <attribute name="Confidence Level">3</attribute>
      <attribute name="Injury">No</attribute>
      <attribute name="Notes"></attribute>
      <attribute name="Sex">Male</attribute>
      <attribute name="View">Side</attribute>
      <attribute name="Adipose Clipped">No</attribute>
    </box>
    <box frame="74" outside="0" occluded="0" keyframe="0" xtl="792.20" ytl="365.54" xbr="1920.00" ybr="816.20" z_order="0">
      <attribute name="Confidence Level">3</attribute>
      <attribute name="Injury">No</attribute>
      <attribute name="Notes"></attribute>
      <attribute name="Sex">Male</attribute>
      <attribute name="View">Side</attribute>
      <attribute name="Adipose Clipped">No</attribute>
    </box>
    <box frame="75" outside="0" occluded="0" keyframe="0" xtl="838.82" ytl="369.08" xbr="1920.00" ybr="816.00" z_order="0">
      <attribute name="Confidence Level">3</attribute>
      <attribute name="Injury">No</attribute>
      <attribute name="Notes"></attribute>
      <attribute name="Sex">Male</attribute>
      <attribute name="View">Side</attribute>
      <attribute name="Adipose Clipped">No</attribute>
    </box>
    <box frame="76" outside="0" occluded="0" keyframe="0" xtl="885.44" ytl="372.62" xbr="1920.00" ybr="815.80" z_order="0">
      <attribute name="Confidence Level">3</attribute>
      <attribute name="Injury">No</attribute>
      <attribute name="Notes"></attribute>
      <attribute name="Sex">Male</attribute>
      <attribute name="View">Side</attribute>
      <attribute name="Adipose Clipped">No</attribute>
    </box>
    <box frame="77" outside="0" occluded="0" keyframe="0" xtl="932.07" ytl="376.16" xbr="1920.00" ybr="815.60" z_order="0">
      <attribute name="Confidence Level">3</attribute>
      <attribute name="Injury">No</attribute>
      <attribute name="Notes"></attribute>
      <attribute name="Sex">Male</attribute>
      <attribute name="View">Side</attribute>
      <attribute name="Adipose Clipped">No</attribute>
    </box>
    <box frame="78" outside="0" occluded="0" keyframe="0" xtl="978.69" ytl="379.71" xbr="1920.00" ybr="815.40" z_order="0">
      <attribute name="Confidence Level">3</attribute>
      <attribute name="Injury">No</attribute>
      <attribute name="Notes"></attribute>
      <attribute name="Sex">Male</attribute>
      <attribute name="View">Side</attribute>
      <attribute name="Adipose Clipped">No</attribute>
    </box>
    <box frame="79" outside="0" occluded="0" keyframe="0" xtl="1025.31" ytl="383.25" xbr="1920.00" ybr="815.20" z_order="0">
      <attribute name="Confidence Level">3</attribute>
      <attribute name="Injury">No</attribute>
      <attribute name="Notes"></attribute>
      <attribute name="Sex">Male</attribute>
      <attribute name="View">Side</attribute>
      <attribute name="Adipose Clipped">No</attribute>
    </box>
    <box frame="80" outside="0" occluded="0" keyframe="0" xtl="1071.93" ytl="386.79" xbr="1920.00" ybr="815.00" z_order="0">
      <attribute name="Confidence Level">3</attribute>
      <attribute name="Injury">No</attribute>
      <attribute name="Notes"></attribute>
      <attribute name="Sex">Male</attribute>
      <attribute name="View">Side</attribute>
      <attribute name="Adipose Clipped">No</attribute>
    </box>
    <box frame="81" outside="0" occluded="0" keyframe="0" xtl="1118.56" ytl="390.33" xbr="1920.00" ybr="814.80" z_order="0">
      <attribute name="Confidence Level">3</attribute>
      <attribute name="Injury">No</attribute>
      <attribute name="Notes"></attribute>
      <attribute name="Sex">Male</attribute>
      <attribute name="View">Side</attribute>
      <attribute name="Adipose Clipped">No</attribute>
    </box>
    <box frame="82" outside="0" occluded="0" keyframe="0" xtl="1165.18" ytl="393.87" xbr="1920.00" ybr="814.60" z_order="0">
      <attribute name="Confidence Level">3</attribute>
      <attribute name="Injury">No</attribute>
      <attribute name="Notes"></attribute>
      <attribute name="Sex">Male</attribute>
      <attribute name="View">Side</attribute>
      <attribute name="Adipose Clipped">No</attribute>
    </box>
    <box frame="83" outside="0" occluded="0" keyframe="1" xtl="1211.80" ytl="397.41" xbr="1920.00" ybr="814.40" z_order="0">
      <attribute name="Confidence Level">3</attribute>
      <attribute name="Injury">No</attribute>
      <attribute name="Notes"></attribute>
      <attribute name="Sex">Male</attribute>
      <attribute name="View">Side</attribute>
      <attribute name="Adipose Clipped">No</attribute>
    </box>
    <box frame="84" outside="0" occluded="0" keyframe="1" xtl="1268.85" ytl="397.41" xbr="1920.00" ybr="814.40" z_order="0">
      <attribute name="Confidence Level">3</attribute>
      <attribute name="Injury">No</attribute>
      <attribute name="Notes"></attribute>
      <attribute name="Sex">Male</attribute>
      <attribute name="View">Side</attribute>
      <attribute name="Adipose Clipped">No</attribute>
    </box>
    <box frame="85" outside="0" occluded="0" keyframe="1" xtl="1282.62" ytl="403.31" xbr="1920.00" ybr="820.30" z_order="0">
      <attribute name="Confidence Level">3</attribute>
      <attribute name="Injury">No</attribute>
      <attribute name="Notes"></attribute>
      <attribute name="Sex">Male</attribute>
      <attribute name="View">Side</attribute>
      <attribute name="Adipose Clipped">No</attribute>
    </box>
    <box frame="86" outside="0" occluded="0" keyframe="1" xtl="1345.57" ytl="403.31" xbr="1920.00" ybr="820.30" z_order="0">
      <attribute name="Confidence Level">3</attribute>
      <attribute name="Injury">No</attribute>
      <attribute name="Notes"></attribute>
      <attribute name="Sex">Male</attribute>
      <attribute name="View">Side</attribute>
      <attribute name="Adipose Clipped">No</attribute>
    </box>
    <box frame="87" outside="0" occluded="0" keyframe="1" xtl="1367.21" ytl="403.31" xbr="1920.00" ybr="820.30" z_order="0">
      <attribute name="Confidence Level">3</attribute>
      <attribute name="Injury">No</attribute>
      <attribute name="Notes"></attribute>
      <attribute name="Sex">Male</attribute>
      <attribute name="View">Side</attribute>
      <attribute name="Adipose Clipped">No</attribute>
    </box>
    <box frame="88" outside="0" occluded="0" keyframe="1" xtl="1406.56" ytl="403.31" xbr="1920.00" ybr="820.30" z_order="0">
      <attribute name="Confidence Level">3</attribute>
      <attribute name="Injury">No</attribute>
      <attribute name="Notes"></attribute>
      <attribute name="Sex">Male</attribute>
      <attribute name="View">Side</attribute>
      <attribute name="Adipose Clipped">No</attribute>
    </box>
    <box frame="89" outside="0" occluded="0" keyframe="1" xtl="1438.03" ytl="403.31" xbr="1920.00" ybr="820.30" z_order="0">
      <attribute name="Confidence Level">3</attribute>
      <attribute name="Injury">No</attribute>
      <attribute name="Notes"></attribute>
      <attribute name="Sex">Male</attribute>
      <attribute name="View">Side</attribute>
      <attribute name="Adipose Clipped">No</attribute>
    </box>
    <box frame="90" outside="0" occluded="0" keyframe="1" xtl="1487.21" ytl="399.38" xbr="1920.00" ybr="816.37" z_order="0">
      <attribute name="Confidence Level">3</attribute>
      <attribute name="Injury">No</attribute>
      <attribute name="Notes"></attribute>
      <attribute name="Sex">Male</attribute>
      <attribute name="View">Side</attribute>
      <attribute name="Adipose Clipped">No</attribute>
    </box>
    <box frame="91" outside="0" occluded="0" keyframe="1" xtl="1522.62" ytl="373.80" xbr="1920.00" ybr="790.79" z_order="0">
      <attribute name="Confidence Level">3</attribute>
      <attribute name="Injury">No</attribute>
      <attribute name="Notes"></attribute>
      <attribute name="Sex">Male</attribute>
      <attribute name="View">Side</attribute>
      <attribute name="Adipose Clipped">No</attribute>
    </box>
    <box frame="92" outside="0" occluded="0" keyframe="1" xtl="1546.23" ytl="395.44" xbr="1920.00" ybr="812.43" z_order="0">
      <attribute name="Confidence Level">3</attribute>
      <attribute name="Injury">No</attribute>
      <attribute name="Notes"></attribute>
      <attribute name="Sex">Male</attribute>
      <attribute name="View">Side</attribute>
      <attribute name="Adipose Clipped">No</attribute>
    </box>
    <box frame="93" outside="0" occluded="0" keyframe="1" xtl="1558.03" ytl="411.18" xbr="1920.00" ybr="828.17" z_order="0">
      <attribute name="Confidence Level">3</attribute>
      <attribute name="Injury">No</attribute>
      <attribute name="Notes"></attribute>
      <attribute name="Sex">Male</attribute>
      <attribute name="View">Side</attribute>
      <attribute name="Adipose Clipped">No</attribute>
    </box>
    <box frame="94" outside="0" occluded="0" keyframe="1" xtl="1581.64" ytl="430.85" xbr="1920.00" ybr="847.84" z_order="0">
      <attribute name="Confidence Level">3</attribute>
      <attribute name="Injury">No</attribute>
      <attribute name="Notes"></attribute>
      <attribute name="Sex">Male</attribute>
      <attribute name="View">Side</attribute>
      <attribute name="Adipose Clipped">No</attribute>
    </box>
    <box frame="95" outside="0" occluded="0" keyframe="1" xtl="1648.52" ytl="446.59" xbr="1920.00" ybr="863.58" z_order="0">
      <attribute name="Confidence Level">3</attribute>
      <attribute name="Injury">No</attribute>
      <attribute name="Notes"></attribute>
      <attribute name="Sex">Male</attribute>
      <attribute name="View">Side</attribute>
      <attribute name="Adipose Clipped">No</attribute>
    </box>
    <box frame="96" outside="0" occluded="0" keyframe="1" xtl="1719.34" ytl="454.46" xbr="1920.00" ybr="871.45" z_order="0">
      <attribute name="Confidence Level">3</attribute>
      <attribute name="Injury">No</attribute>
      <attribute name="Notes"></attribute>
      <attribute name="Sex">Male</attribute>
      <attribute name="View">Side</attribute>
      <attribute name="Adipose Clipped">No</attribute>
    </box>
    <box frame="97" outside="0" occluded="0" keyframe="1" xtl="1670.16" ytl="454.46" xbr="1920.00" ybr="871.45" z_order="0">
      <attribute name="Confidence Level">3</attribute>
      <attribute name="Injury">No</attribute>
      <attribute name="Notes"></attribute>
      <attribute name="Sex">Male</attribute>
      <attribute name="View">Side</attribute>
      <attribute name="Adipose Clipped">No</attribute>
    </box>
    <box frame="98" outside="0" occluded="0" keyframe="1" xtl="1723.28" ytl="452.49" xbr="1920.00" ybr="869.48" z_order="0">
      <attribute name="Confidence Level">3</attribute>
      <attribute name="Injury">No</attribute>
      <attribute name="Notes"></attribute>
      <attribute name="Sex">Male</attribute>
      <attribute name="View">Side</attribute>
      <attribute name="Adipose Clipped">No</attribute>
    </box>
    <box frame="99" outside="1" occluded="0" keyframe="1" xtl="1760.66" ytl="456.43" xbr="1920.00" ybr="873.42" z_order="0">
      <attribute name="Confidence Level">3</attribute>
      <attribute name="Injury">No</attribute>
      <attribute name="Notes"></attribute>
      <attribute name="Sex">Male</attribute>
      <attribute name="View">Side</attribute>
      <attribute name="Adipose Clipped">No</attribute>
    </box>
  </track>
</annotations>