<?xml version="1.0" encoding="utf-8"?>
<annotations>
  <version>1.1</version>
  <meta>
    <task>
      <id>496</id>
      <name>Right Bank 2020-07-31_17_10_56_459</name>
      <size>349</size>
      <mode>interpolation</mode>
      <overlap>5</overlap>
      <bugtracker></bugtracker>
      <created>2021-03-26 07:19:18.481132+00:00</created>
      <updated>2021-03-26 21:49:37.279714+00:00</updated>
      <start_frame>0</start_frame>
      <stop_frame>348</stop_frame>
      <frame_filter></frame_filter>
      <labels>
        <label>
          <name>Coho</name>
          <color>#24b353</color>
          <attributes>
            <attribute>
              <name>Adipose Clipped</name>
              <mutable>False</mutable>
              <input_type>select</input_type>
              <default_value>No</default_value>
              <values>No
Yes
NA</values>
            </attribute>
            <attribute>
              <name>Confidence Level</name>
              <mutable>False</mutable>
              <input_type>select</input_type>
              <default_value>3</default_value>
              <values>3
2
1</values>
            </attribute>
            <attribute>
              <name>Injury</name>
              <mutable>False</mutable>
              <input_type>select</input_type>
              <default_value>No</default_value>
              <values>No
Yes
NA</values>
            </attribute>
            <attribute>
              <name>Notes</name>
              <mutable>False</mutable>
              <input_type>text</input_type>
              <default_value>NA</default_value>
              <values>NA</values>
            </attribute>
            <attribute>
              <name>Sex</name>
              <mutable>False</mutable>
              <input_type>select</input_type>
              <default_value>Male</default_value>
              <values>Male
Female
Jack</values>
            </attribute>
          </attributes>
        </label>
        <label>
          <name>Bull</name>
          <color>#ff6037</color>
          <attributes>
            <attribute>
              <name>Adipose Clipped</name>
              <mutable>False</mutable>
              <input_type>select</input_type>
              <default_value>No</default_value>
              <values>No
NA</values>
            </attribute>
            <attribute>
              <name>Confidence Level</name>
              <mutable>False</mutable>
              <input_type>select</input_type>
              <default_value>3</default_value>
              <values>3
2
1</values>
            </attribute>
            <attribute>
              <name>Injury</name>
              <mutable>False</mutable>
              <input_type>select</input_type>
              <default_value>No</default_value>
              <values>No
Yes
NA</values>
            </attribute>
            <attribute>
              <name>Notes</name>
              <mutable>False</mutable>
              <input_type>text</input_type>
              <default_value>NA</default_value>
              <values>NA</values>
            </attribute>
            <attribute>
              <name>Sex</name>
              <mutable>False</mutable>
              <input_type>select</input_type>
              <default_value>NA</default_value>
              <values>NA</values>
            </attribute>
          </attributes>
        </label>
        <label>
          <name>Chum</name>
          <color>#b83df5</color>
          <attributes>
            <attribute>
              <name>Adipose Clipped</name>
              <mutable>False</mutable>
              <input_type>select</input_type>
              <default_value>No</default_value>
              <values>No
Yes
NA</values>
            </attribute>
            <attribute>
              <name>Confidence Level</name>
              <mutable>False</mutable>
              <input_type>select</input_type>
              <default_value>3</default_value>
              <values>3
2
1</values>
            </attribute>
            <attribute>
              <name>Injury</name>
              <mutable>False</mutable>
              <input_type>select</input_type>
              <default_value>No</default_value>
              <values>No
Yes
NA</values>
            </attribute>
            <attribute>
              <name>Notes</name>
              <mutable>False</mutable>
              <input_type>text</input_type>
              <default_value>NA</default_value>
              <values>NA</values>
            </attribute>
            <attribute>
              <name>Sex</name>
              <mutable>False</mutable>
              <input_type>select</input_type>
              <default_value>Male</default_value>
              <values>Male
Female</values>
            </attribute>
          </attributes>
        </label>
        <label>
          <name>Whitefish</name>
          <color>#e5e5f3</color>
          <attributes>
            <attribute>
              <name>Confidence Level</name>
              <mutable>False</mutable>
              <input_type>select</input_type>
              <default_value>3</default_value>
              <values>3
2
1</values>
            </attribute>
            <attribute>
              <name>Injury</name>
              <mutable>False</mutable>
              <input_type>select</input_type>
              <default_value>No</default_value>
              <values>No
Yes
NA</values>
            </attribute>
            <attribute>
              <name>Notes</name>
              <mutable>False</mutable>
              <input_type>text</input_type>
              <default_value>NA</default_value>
              <values>NA</values>
            </attribute>
            <attribute>
              <name>Sex</name>
              <mutable>False</mutable>
              <input_type>select</input_type>
              <default_value>NA</default_value>
              <values>NA</values>
            </attribute>
            <attribute>
              <name>Adipose Clipped</name>
              <mutable>False</mutable>
              <input_type>select</input_type>
              <default_value>No</default_value>
              <values>No
Yes
NA</values>
            </attribute>
          </attributes>
        </label>
        <label>
          <name>Pink</name>
          <color>#fa7dbb</color>
          <attributes>
            <attribute>
              <name>Adipose Clipped</name>
              <mutable>False</mutable>
              <input_type>select</input_type>
              <default_value>No</default_value>
              <values>No
Yes
NA</values>
            </attribute>
            <attribute>
              <name>Confidence Level</name>
              <mutable>False</mutable>
              <input_type>select</input_type>
              <default_value>3</default_value>
              <values>3
2
1</values>
            </attribute>
            <attribute>
              <name>Injury</name>
              <mutable>False</mutable>
              <input_type>select</input_type>
              <default_value>No</default_value>
              <values>No
Yes
NA</values>
            </attribute>
            <attribute>
              <name>Notes</name>
              <mutable>False</mutable>
              <input_type>text</input_type>
              <default_value>NA</default_value>
              <values>NA</values>
            </attribute>
            <attribute>
              <name>Sex</name>
              <mutable>False</mutable>
              <input_type>select</input_type>
              <default_value>Male</default_value>
              <values>Male
Female
NA</values>
            </attribute>
          </attributes>
        </label>
        <label>
          <name>Sockeye</name>
          <color>#fa3253</color>
          <attributes>
            <attribute>
              <name>Adipose Clipped</name>
              <mutable>False</mutable>
              <input_type>select</input_type>
              <default_value>No</default_value>
              <values>No
Yes
NA</values>
            </attribute>
            <attribute>
              <name>Confidence Level</name>
              <mutable>False</mutable>
              <input_type>select</input_type>
              <default_value>3</default_value>
              <values>3
2
1</values>
            </attribute>
            <attribute>
              <name>Injury</name>
              <mutable>False</mutable>
              <input_type>select</input_type>
              <default_value>No</default_value>
              <values>No
Yes
NA</values>
            </attribute>
            <attribute>
              <name>Notes</name>
              <mutable>False</mutable>
              <input_type>text</input_type>
              <default_value>NA</default_value>
              <values>NA</values>
            </attribute>
            <attribute>
              <name>Sex</name>
              <mutable>False</mutable>
              <input_type>select</input_type>
              <default_value>Male</default_value>
              <values>Male
Female</values>
            </attribute>
          </attributes>
        </label>
        <label>
          <name>Rainbow</name>
          <color>#ff00cc</color>
          <attributes>
            <attribute>
              <name>Adipose Clipped</name>
              <mutable>False</mutable>
              <input_type>select</input_type>
              <default_value>No</default_value>
              <values>No
Yes
NA</values>
            </attribute>
            <attribute>
              <name>Confidence Level</name>
              <mutable>False</mutable>
              <input_type>select</input_type>
              <default_value>3</default_value>
              <values>3
2
1</values>
            </attribute>
            <attribute>
              <name>Injury</name>
              <mutable>False</mutable>
              <input_type>select</input_type>
              <default_value>No</default_value>
              <values>No
Yes
NA</values>
            </attribute>
            <attribute>
              <name>Notes</name>
              <mutable>False</mutable>
              <input_type>text</input_type>
              <default_value>NA</default_value>
              <values>NA</values>
            </attribute>
            <attribute>
              <name>Sex</name>
              <mutable>False</mutable>
              <input_type>select</input_type>
              <default_value>NA</default_value>
              <values>NA
Juvenile</values>
            </attribute>
          </attributes>
        </label>
        <label>
          <name>Steelhead</name>
          <color>#66ff66</color>
          <attributes>
            <attribute>
              <name>Adipose Clipped</name>
              <mutable>False</mutable>
              <input_type>select</input_type>
              <default_value>No</default_value>
              <values>No
Yes
NA</values>
            </attribute>
            <attribute>
              <name>Confidence Level</name>
              <mutable>False</mutable>
              <input_type>select</input_type>
              <default_value>3</default_value>
              <values>3
2
1</values>
            </attribute>
            <attribute>
              <name>Injury</name>
              <mutable>False</mutable>
              <input_type>select</input_type>
              <default_value>No</default_value>
              <values>No
Yes
NA</values>
            </attribute>
            <attribute>
              <name>Notes</name>
              <mutable>False</mutable>
              <input_type>select</input_type>
              <default_value>NA</default_value>
              <values>NA</values>
            </attribute>
            <attribute>
              <name>Sex</name>
              <mutable>False</mutable>
              <input_type>select</input_type>
              <default_value>Male</default_value>
              <values>Male
Female</values>
            </attribute>
          </attributes>
        </label>
        <label>
          <name>Chinook</name>
          <color>#cc3366</color>
          <attributes>
            <attribute>
              <name>Adipose Clipped</name>
              <mutable>False</mutable>
              <input_type>select</input_type>
              <default_value>No</default_value>
              <values>No
Yes
NA</values>
            </attribute>
            <attribute>
              <name>Confidence Level</name>
              <mutable>False</mutable>
              <input_type>select</input_type>
              <default_value>3</default_value>
              <values>3
2
1</values>
            </attribute>
            <attribute>
              <name>Injury</name>
              <mutable>False</mutable>
              <input_type>select</input_type>
              <default_value>No</default_value>
              <values>No
Yes
NA</values>
            </attribute>
            <attribute>
              <name>Notes</name>
              <mutable>False</mutable>
              <input_type>text</input_type>
              <default_value>NA</default_value>
              <values>NA</values>
            </attribute>
            <attribute>
              <name>Sex</name>
              <mutable>False</mutable>
              <input_type>select</input_type>
              <default_value>Male</default_value>
              <values>Male
Female
Jack</values>
            </attribute>
          </attributes>
        </label>
        <label>
          <name>Pikeminnow</name>
          <color>#cc9933</color>
          <attributes>
          </attributes>
        </label>
      </labels>
      <segments>
        <segment>
          <id>452</id>
          <start>0</start>
          <stop>348</stop>
          <url>httplocalhost:8080/?id=452</url>
        </segment>
      </segments>
      <owner>
        <username>bna19</username>
        <email>bna19@sfu.ca</email>
      </owner>
      <assignee></assignee>
      <original_size>
        <width>1280</width>
        <height>720</height>
      </original_size>
    </task>
    <dumped>2021-03-26 21:49:45.190066+00:00</dumped>
    <source>Right Bank 2020-07-31_17_10_56_459.asf</source>
  </meta>
  <track id="0" label="Chinook" source="manual">
    <box frame="68" outside="0" occluded="0" keyframe="1" xtl="0.00" ytl="161.25" xbr="150.00" ybr="342.50" z_order="0">
      <attribute name="Sex">Male</attribute>
      <attribute name="Adipose Clipped">No</attribute>
      <attribute name="Injury">No</attribute>
      <attribute name="Confidence Level">3</attribute>
      <attribute name="Notes">NA</attribute>
    </box>
    <box frame="69" outside="0" occluded="0" keyframe="0" xtl="0.00" ytl="161.25" xbr="166.85" ybr="342.50" z_order="0">
      <attribute name="Sex">Male</attribute>
      <attribute name="Adipose Clipped">No</attribute>
      <attribute name="Injury">No</attribute>
      <attribute name="Confidence Level">3</attribute>
      <attribute name="Notes">NA</attribute>
    </box>
    <box frame="70" outside="0" occluded="0" keyframe="1" xtl="0.00" ytl="161.25" xbr="183.70" ybr="342.50" z_order="0">
      <attribute name="Sex">Male</attribute>
      <attribute name="Adipose Clipped">No</attribute>
      <attribute name="Injury">No</attribute>
      <attribute name="Confidence Level">3</attribute>
      <attribute name="Notes">NA</attribute>
    </box>
    <box frame="71" outside="0" occluded="0" keyframe="0" xtl="0.00" ytl="161.25" xbr="212.03" ybr="346.67" z_order="0">
      <attribute name="Sex">Male</attribute>
      <attribute name="Adipose Clipped">No</attribute>
      <attribute name="Injury">No</attribute>
      <attribute name="Confidence Level">3</attribute>
      <attribute name="Notes">NA</attribute>
    </box>
    <box frame="72" outside="0" occluded="0" keyframe="0" xtl="0.00" ytl="161.25" xbr="240.37" ybr="350.83" z_order="0">
      <attribute name="Sex">Male</attribute>
      <attribute name="Adipose Clipped">No</attribute>
      <attribute name="Injury">No</attribute>
      <attribute name="Confidence Level">3</attribute>
      <attribute name="Notes">NA</attribute>
    </box>
    <box frame="73" outside="0" occluded="0" keyframe="1" xtl="0.00" ytl="161.25" xbr="268.70" ybr="355.00" z_order="0">
      <attribute name="Sex">Male</attribute>
      <attribute name="Adipose Clipped">No</attribute>
      <attribute name="Injury">No</attribute>
      <attribute name="Confidence Level">3</attribute>
      <attribute name="Notes">NA</attribute>
    </box>
    <box frame="74" outside="0" occluded="0" keyframe="0" xtl="0.00" ytl="161.25" xbr="299.95" ybr="355.00" z_order="0">
      <attribute name="Sex">Male</attribute>
      <attribute name="Adipose Clipped">No</attribute>
      <attribute name="Injury">No</attribute>
      <attribute name="Confidence Level">3</attribute>
      <attribute name="Notes">NA</attribute>
    </box>
    <box frame="75" outside="0" occluded="0" keyframe="1" xtl="0.00" ytl="161.25" xbr="331.20" ybr="355.00" z_order="0">
      <attribute name="Sex">Male</attribute>
      <attribute name="Adipose Clipped">No</attribute>
      <attribute name="Injury">No</attribute>
      <attribute name="Confidence Level">3</attribute>
      <attribute name="Notes">NA</attribute>
    </box>
    <box frame="76" outside="0" occluded="0" keyframe="0" xtl="0.00" ytl="161.25" xbr="349.30" ybr="363.10" z_order="0">
      <attribute name="Sex">Male</attribute>
      <attribute name="Adipose Clipped">No</attribute>
      <attribute name="Injury">No</attribute>
      <attribute name="Confidence Level">3</attribute>
      <attribute name="Notes">NA</attribute>
    </box>
    <box frame="77" outside="0" occluded="0" keyframe="1" xtl="0.00" ytl="161.25" xbr="367.40" ybr="371.20" z_order="0">
      <attribute name="Sex">Male</attribute>
      <attribute name="Adipose Clipped">No</attribute>
      <attribute name="Injury">No</attribute>
      <attribute name="Confidence Level">3</attribute>
      <attribute name="Notes">NA</attribute>
    </box>
    <box frame="78" outside="0" occluded="0" keyframe="0" xtl="0.00" ytl="147.48" xbr="418.05" ybr="371.85" z_order="0">
      <attribute name="Sex">Male</attribute>
      <attribute name="Adipose Clipped">No</attribute>
      <attribute name="Injury">No</attribute>
      <attribute name="Confidence Level">3</attribute>
      <attribute name="Notes">NA</attribute>
    </box>
    <box frame="79" outside="0" occluded="0" keyframe="1" xtl="0.00" ytl="133.70" xbr="468.70" ybr="372.50" z_order="0">
      <attribute name="Sex">Male</attribute>
      <attribute name="Adipose Clipped">No</attribute>
      <attribute name="Injury">No</attribute>
      <attribute name="Confidence Level">3</attribute>
      <attribute name="Notes">NA</attribute>
    </box>
    <box frame="80" outside="0" occluded="0" keyframe="1" xtl="0.00" ytl="133.70" xbr="506.20" ybr="372.50" z_order="0">
      <attribute name="Sex">Male</attribute>
      <attribute name="Adipose Clipped">No</attribute>
      <attribute name="Injury">No</attribute>
      <attribute name="Confidence Level">3</attribute>
      <attribute name="Notes">NA</attribute>
    </box>
    <box frame="81" outside="0" occluded="0" keyframe="1" xtl="0.00" ytl="133.70" xbr="559.90" ybr="372.50" z_order="0">
      <attribute name="Sex">Male</attribute>
      <attribute name="Adipose Clipped">No</attribute>
      <attribute name="Injury">No</attribute>
      <attribute name="Confidence Level">3</attribute>
      <attribute name="Notes">NA</attribute>
    </box>
    <box frame="82" outside="0" occluded="0" keyframe="1" xtl="0.00" ytl="133.70" xbr="591.20" ybr="372.50" z_order="0">
      <attribute name="Sex">Male</attribute>
      <attribute name="Adipose Clipped">No</attribute>
      <attribute name="Injury">No</attribute>
      <attribute name="Confidence Level">3</attribute>
      <attribute name="Notes">NA</attribute>
    </box>
    <box frame="83" outside="0" occluded="0" keyframe="1" xtl="0.00" ytl="133.70" xbr="641.20" ybr="372.50" z_order="0">
      <attribute name="Sex">Male</attribute>
      <attribute name="Adipose Clipped">No</attribute>
      <attribute name="Injury">No</attribute>
      <attribute name="Confidence Level">3</attribute>
      <attribute name="Notes">NA</attribute>
    </box>
    <box frame="84" outside="0" occluded="0" keyframe="1" xtl="0.00" ytl="133.70" xbr="662.50" ybr="372.50" z_order="0">
      <attribute name="Sex">Male</attribute>
      <attribute name="Adipose Clipped">No</attribute>
      <attribute name="Injury">No</attribute>
      <attribute name="Confidence Level">3</attribute>
      <attribute name="Notes">NA</attribute>
    </box>
    <box frame="85" outside="0" occluded="0" keyframe="1" xtl="0.00" ytl="133.70" xbr="685.00" ybr="362.50" z_order="0">
      <attribute name="Sex">Male</attribute>
      <attribute name="Adipose Clipped">No</attribute>
      <attribute name="Injury">No</attribute>
      <attribute name="Confidence Level">3</attribute>
      <attribute name="Notes">NA</attribute>
    </box>
    <box frame="86" outside="0" occluded="0" keyframe="1" xtl="0.00" ytl="133.70" xbr="726.20" ybr="361.20" z_order="0">
      <attribute name="Sex">Male</attribute>
      <attribute name="Adipose Clipped">No</attribute>
      <attribute name="Injury">No</attribute>
      <attribute name="Confidence Level">3</attribute>
      <attribute name="Notes">NA</attribute>
    </box>
    <box frame="87" outside="0" occluded="0" keyframe="1" xtl="0.00" ytl="133.70" xbr="761.20" ybr="361.20" z_order="0">
      <attribute name="Sex">Male</attribute>
      <attribute name="Adipose Clipped">No</attribute>
      <attribute name="Injury">No</attribute>
      <attribute name="Confidence Level">3</attribute>
      <attribute name="Notes">NA</attribute>
    </box>
    <box frame="88" outside="0" occluded="0" keyframe="1" xtl="3.75" ytl="114.95" xbr="811.20" ybr="347.40" z_order="0">
      <attribute name="Sex">Male</attribute>
      <attribute name="Adipose Clipped">No</attribute>
      <attribute name="Injury">No</attribute>
      <attribute name="Confidence Level">3</attribute>
      <attribute name="Notes">NA</attribute>
    </box>
    <box frame="89" outside="0" occluded="0" keyframe="1" xtl="35.00" ytl="114.95" xbr="842.45" ybr="347.40" z_order="0">
      <attribute name="Sex">Male</attribute>
      <attribute name="Adipose Clipped">No</attribute>
      <attribute name="Injury">No</attribute>
      <attribute name="Confidence Level">3</attribute>
      <attribute name="Notes">NA</attribute>
    </box>
    <box frame="90" outside="0" occluded="0" keyframe="1" xtl="65.00" ytl="116.20" xbr="872.45" ybr="348.65" z_order="0">
      <attribute name="Sex">Male</attribute>
      <attribute name="Adipose Clipped">No</attribute>
      <attribute name="Injury">No</attribute>
      <attribute name="Confidence Level">3</attribute>
      <attribute name="Notes">NA</attribute>
    </box>
    <box frame="91" outside="0" occluded="0" keyframe="1" xtl="85.00" ytl="116.20" xbr="892.45" ybr="348.65" z_order="0">
      <attribute name="Sex">Male</attribute>
      <attribute name="Adipose Clipped">No</attribute>
      <attribute name="Injury">No</attribute>
      <attribute name="Confidence Level">3</attribute>
      <attribute name="Notes">NA</attribute>
    </box>
    <box frame="92" outside="0" occluded="0" keyframe="1" xtl="128.75" ytl="124.95" xbr="936.20" ybr="357.40" z_order="0">
      <attribute name="Sex">Male</attribute>
      <attribute name="Adipose Clipped">No</attribute>
      <attribute name="Injury">No</attribute>
      <attribute name="Confidence Level">3</attribute>
      <attribute name="Notes">NA</attribute>
    </box>
    <box frame="93" outside="0" occluded="0" keyframe="1" xtl="180.00" ytl="132.45" xbr="987.45" ybr="364.90" z_order="0">
      <attribute name="Sex">Male</attribute>
      <attribute name="Adipose Clipped">No</attribute>
      <attribute name="Injury">No</attribute>
      <attribute name="Confidence Level">3</attribute>
      <attribute name="Notes">NA</attribute>
    </box>
    <box frame="94" outside="0" occluded="0" keyframe="1" xtl="212.50" ytl="132.45" xbr="1019.95" ybr="364.90" z_order="0">
      <attribute name="Sex">Male</attribute>
      <attribute name="Adipose Clipped">No</attribute>
      <attribute name="Injury">No</attribute>
      <attribute name="Confidence Level">3</attribute>
      <attribute name="Notes">NA</attribute>
    </box>
    <box frame="95" outside="0" occluded="0" keyframe="1" xtl="217.50" ytl="138.70" xbr="1024.95" ybr="371.15" z_order="0">
      <attribute name="Sex">Male</attribute>
      <attribute name="Adipose Clipped">No</attribute>
      <attribute name="Injury">No</attribute>
      <attribute name="Confidence Level">3</attribute>
      <attribute name="Notes">NA</attribute>
    </box>
    <box frame="96" outside="0" occluded="0" keyframe="1" xtl="241.25" ytl="138.70" xbr="1048.70" ybr="371.15" z_order="0">
      <attribute name="Sex">Male</attribute>
      <attribute name="Adipose Clipped">No</attribute>
      <attribute name="Injury">No</attribute>
      <attribute name="Confidence Level">3</attribute>
      <attribute name="Notes">NA</attribute>
    </box>
    <box frame="97" outside="0" occluded="0" keyframe="1" xtl="250.00" ytl="134.95" xbr="1057.45" ybr="367.40" z_order="0">
      <attribute name="Sex">Male</attribute>
      <attribute name="Adipose Clipped">No</attribute>
      <attribute name="Injury">No</attribute>
      <attribute name="Confidence Level">3</attribute>
      <attribute name="Notes">NA</attribute>
    </box>
    <box frame="98" outside="0" occluded="0" keyframe="1" xtl="282.50" ytl="129.95" xbr="1089.95" ybr="362.40" z_order="0">
      <attribute name="Sex">Male</attribute>
      <attribute name="Adipose Clipped">No</attribute>
      <attribute name="Injury">No</attribute>
      <attribute name="Confidence Level">3</attribute>
      <attribute name="Notes">NA</attribute>
    </box>
    <box frame="99" outside="0" occluded="0" keyframe="1" xtl="316.25" ytl="132.45" xbr="1123.70" ybr="364.90" z_order="0">
      <attribute name="Sex">Male</attribute>
      <attribute name="Adipose Clipped">No</attribute>
      <attribute name="Injury">No</attribute>
      <attribute name="Confidence Level">3</attribute>
      <attribute name="Notes">NA</attribute>
    </box>
    <box frame="100" outside="0" occluded="0" keyframe="1" xtl="328.75" ytl="132.45" xbr="1136.20" ybr="364.90" z_order="0">
      <attribute name="Sex">Male</attribute>
      <attribute name="Adipose Clipped">No</attribute>
      <attribute name="Injury">No</attribute>
      <attribute name="Confidence Level">3</attribute>
      <attribute name="Notes">NA</attribute>
    </box>
    <box frame="101" outside="0" occluded="0" keyframe="1" xtl="336.25" ytl="132.45" xbr="1143.70" ybr="364.90" z_order="0">
      <attribute name="Sex">Male</attribute>
      <attribute name="Adipose Clipped">No</attribute>
      <attribute name="Injury">No</attribute>
      <attribute name="Confidence Level">3</attribute>
      <attribute name="Notes">NA</attribute>
    </box>
    <box frame="102" outside="0" occluded="0" keyframe="1" xtl="357.50" ytl="132.45" xbr="1164.95" ybr="364.90" z_order="0">
      <attribute name="Sex">Male</attribute>
      <attribute name="Adipose Clipped">No</attribute>
      <attribute name="Injury">No</attribute>
      <attribute name="Confidence Level">3</attribute>
      <attribute name="Notes">NA</attribute>
    </box>
    <box frame="103" outside="0" occluded="0" keyframe="1" xtl="392.50" ytl="132.45" xbr="1199.95" ybr="364.90" z_order="0">
      <attribute name="Sex">Male</attribute>
      <attribute name="Adipose Clipped">No</attribute>
      <attribute name="Injury">No</attribute>
      <attribute name="Confidence Level">3</attribute>
      <attribute name="Notes">NA</attribute>
    </box>
    <box frame="104" outside="0" occluded="0" keyframe="1" xtl="411.25" ytl="132.45" xbr="1218.70" ybr="364.90" z_order="0">
      <attribute name="Sex">Male</attribute>
      <attribute name="Adipose Clipped">No</attribute>
      <attribute name="Injury">No</attribute>
      <attribute name="Confidence Level">3</attribute>
      <attribute name="Notes">NA</attribute>
    </box>
    <box frame="105" outside="0" occluded="0" keyframe="1" xtl="435.00" ytl="132.45" xbr="1242.45" ybr="364.90" z_order="0">
      <attribute name="Sex">Male</attribute>
      <attribute name="Adipose Clipped">No</attribute>
      <attribute name="Injury">No</attribute>
      <attribute name="Confidence Level">3</attribute>
      <attribute name="Notes">NA</attribute>
    </box>
    <box frame="106" outside="0" occluded="0" keyframe="1" xtl="457.50" ytl="132.45" xbr="1264.95" ybr="364.90" z_order="0">
      <attribute name="Sex">Male</attribute>
      <attribute name="Adipose Clipped">No</attribute>
      <attribute name="Injury">No</attribute>
      <attribute name="Confidence Level">3</attribute>
      <attribute name="Notes">NA</attribute>
    </box>
    <box frame="107" outside="0" occluded="0" keyframe="1" xtl="458.75" ytl="132.45" xbr="1266.20" ybr="364.90" z_order="0">
      <attribute name="Sex">Male</attribute>
      <attribute name="Adipose Clipped">No</attribute>
      <attribute name="Injury">No</attribute>
      <attribute name="Confidence Level">3</attribute>
      <attribute name="Notes">NA</attribute>
    </box>
    <box frame="108" outside="0" occluded="0" keyframe="1" xtl="502.50" ytl="132.45" xbr="1280.00" ybr="364.90" z_order="0">
      <attribute name="Sex">Male</attribute>
      <attribute name="Adipose Clipped">No</attribute>
      <attribute name="Injury">No</attribute>
      <attribute name="Confidence Level">3</attribute>
      <attribute name="Notes">NA</attribute>
    </box>
    <box frame="109" outside="0" occluded="0" keyframe="0" xtl="508.75" ytl="136.62" xbr="1280.00" ybr="369.07" z_order="0">
      <attribute name="Sex">Male</attribute>
      <attribute name="Adipose Clipped">No</attribute>
      <attribute name="Injury">No</attribute>
      <attribute name="Confidence Level">3</attribute>
      <attribute name="Notes">NA</attribute>
    </box>
    <box frame="110" outside="0" occluded="0" keyframe="0" xtl="515.00" ytl="140.78" xbr="1280.00" ybr="373.23" z_order="0">
      <attribute name="Sex">Male</attribute>
      <attribute name="Adipose Clipped">No</attribute>
      <attribute name="Injury">No</attribute>
      <attribute name="Confidence Level">3</attribute>
      <attribute name="Notes">NA</attribute>
    </box>
    <box frame="111" outside="0" occluded="0" keyframe="1" xtl="521.25" ytl="144.95" xbr="1280.00" ybr="377.40" z_order="0">
      <attribute name="Sex">Male</attribute>
      <attribute name="Adipose Clipped">No</attribute>
      <attribute name="Injury">No</attribute>
      <attribute name="Confidence Level">3</attribute>
      <attribute name="Notes">NA</attribute>
    </box>
    <box frame="112" outside="0" occluded="0" keyframe="0" xtl="526.88" ytl="144.95" xbr="1280.00" ybr="377.40" z_order="0">
      <attribute name="Sex">Male</attribute>
      <attribute name="Adipose Clipped">No</attribute>
      <attribute name="Injury">No</attribute>
      <attribute name="Confidence Level">3</attribute>
      <attribute name="Notes">NA</attribute>
    </box>
    <box frame="113" outside="0" occluded="0" keyframe="1" xtl="532.50" ytl="144.95" xbr="1280.00" ybr="377.40" z_order="0">
      <attribute name="Sex">Male</attribute>
      <attribute name="Adipose Clipped">No</attribute>
      <attribute name="Injury">No</attribute>
      <attribute name="Confidence Level">3</attribute>
      <attribute name="Notes">NA</attribute>
    </box>
    <box frame="114" outside="0" occluded="0" keyframe="1" xtl="546.25" ytl="144.95" xbr="1280.00" ybr="377.40" z_order="0">
      <attribute name="Sex">Male</attribute>
      <attribute name="Adipose Clipped">No</attribute>
      <attribute name="Injury">No</attribute>
      <attribute name="Confidence Level">3</attribute>
      <attribute name="Notes">NA</attribute>
    </box>
    <box frame="115" outside="0" occluded="0" keyframe="1" xtl="577.50" ytl="144.95" xbr="1280.00" ybr="377.40" z_order="0">
      <attribute name="Sex">Male</attribute>
      <attribute name="Adipose Clipped">No</attribute>
      <attribute name="Injury">No</attribute>
      <attribute name="Confidence Level">3</attribute>
      <attribute name="Notes">NA</attribute>
    </box>
    <box frame="116" outside="0" occluded="0" keyframe="1" xtl="593.75" ytl="144.95" xbr="1280.00" ybr="377.40" z_order="0">
      <attribute name="Sex">Male</attribute>
      <attribute name="Adipose Clipped">No</attribute>
      <attribute name="Injury">No</attribute>
      <attribute name="Confidence Level">3</attribute>
      <attribute name="Notes">NA</attribute>
    </box>
    <box frame="117" outside="0" occluded="0" keyframe="0" xtl="605.42" ytl="144.95" xbr="1280.00" ybr="377.40" z_order="0">
      <attribute name="Sex">Male</attribute>
      <attribute name="Adipose Clipped">No</attribute>
      <attribute name="Injury">No</attribute>
      <attribute name="Confidence Level">3</attribute>
      <attribute name="Notes">NA</attribute>
    </box>
    <box frame="118" outside="0" occluded="0" keyframe="0" xtl="617.08" ytl="144.95" xbr="1280.00" ybr="377.40" z_order="0">
      <attribute name="Sex">Male</attribute>
      <attribute name="Adipose Clipped">No</attribute>
      <attribute name="Injury">No</attribute>
      <attribute name="Confidence Level">3</attribute>
      <attribute name="Notes">NA</attribute>
    </box>
    <box frame="119" outside="0" occluded="0" keyframe="1" xtl="628.75" ytl="144.95" xbr="1280.00" ybr="377.40" z_order="0">
      <attribute name="Sex">Male</attribute>
      <attribute name="Adipose Clipped">No</attribute>
      <attribute name="Injury">No</attribute>
      <attribute name="Confidence Level">3</attribute>
      <attribute name="Notes">NA</attribute>
    </box>
    <box frame="120" outside="0" occluded="0" keyframe="1" xtl="650.00" ytl="144.95" xbr="1280.00" ybr="377.40" z_order="0">
      <attribute name="Sex">Male</attribute>
      <attribute name="Adipose Clipped">No</attribute>
      <attribute name="Injury">No</attribute>
      <attribute name="Confidence Level">3</attribute>
      <attribute name="Notes">NA</attribute>
    </box>
    <box frame="121" outside="0" occluded="0" keyframe="1" xtl="671.25" ytl="144.95" xbr="1280.00" ybr="377.40" z_order="0">
      <attribute name="Sex">Male</attribute>
      <attribute name="Adipose Clipped">No</attribute>
      <attribute name="Injury">No</attribute>
      <attribute name="Confidence Level">3</attribute>
      <attribute name="Notes">NA</attribute>
    </box>
    <box frame="122" outside="0" occluded="0" keyframe="1" xtl="720.00" ytl="144.95" xbr="1280.00" ybr="377.40" z_order="0">
      <attribute name="Sex">Male</attribute>
      <attribute name="Adipose Clipped">No</attribute>
      <attribute name="Injury">No</attribute>
      <attribute name="Confidence Level">3</attribute>
      <attribute name="Notes">NA</attribute>
    </box>
    <box frame="123" outside="0" occluded="0" keyframe="1" xtl="805.00" ytl="134.95" xbr="1280.00" ybr="367.40" z_order="0">
      <attribute name="Sex">Male</attribute>
      <attribute name="Adipose Clipped">No</attribute>
      <attribute name="Injury">No</attribute>
      <attribute name="Confidence Level">3</attribute>
      <attribute name="Notes">NA</attribute>
    </box>
    <box frame="124" outside="0" occluded="0" keyframe="1" xtl="805.00" ytl="120.00" xbr="1280.00" ybr="367.40" z_order="0">
      <attribute name="Sex">Male</attribute>
      <attribute name="Adipose Clipped">No</attribute>
      <attribute name="Injury">No</attribute>
      <attribute name="Confidence Level">3</attribute>
      <attribute name="Notes">NA</attribute>
    </box>
    <box frame="125" outside="0" occluded="0" keyframe="1" xtl="867.50" ytl="108.70" xbr="1280.00" ybr="373.65" z_order="0">
      <attribute name="Sex">Male</attribute>
      <attribute name="Adipose Clipped">No</attribute>
      <attribute name="Injury">No</attribute>
      <attribute name="Confidence Level">3</attribute>
      <attribute name="Notes">NA</attribute>
    </box>
    <box frame="126" outside="0" occluded="0" keyframe="1" xtl="897.50" ytl="108.70" xbr="1280.00" ybr="373.65" z_order="0">
      <attribute name="Sex">Male</attribute>
      <attribute name="Adipose Clipped">No</attribute>
      <attribute name="Injury">No</attribute>
      <attribute name="Confidence Level">3</attribute>
      <attribute name="Notes">NA</attribute>
    </box>
    <box frame="127" outside="0" occluded="0" keyframe="1" xtl="917.50" ytl="108.70" xbr="1280.00" ybr="373.65" z_order="0">
      <attribute name="Sex">Male</attribute>
      <attribute name="Adipose Clipped">No</attribute>
      <attribute name="Injury">No</attribute>
      <attribute name="Confidence Level">3</attribute>
      <attribute name="Notes">NA</attribute>
    </box>
    <box frame="128" outside="0" occluded="1" keyframe="1" xtl="992.50" ytl="102.45" xbr="1280.00" ybr="329.90" z_order="0">
      <attribute name="Sex">Male</attribute>
      <attribute name="Adipose Clipped">No</attribute>
      <attribute name="Injury">No</attribute>
      <attribute name="Confidence Level">3</attribute>
      <attribute name="Notes">NA</attribute>
    </box>
    <box frame="129" outside="0" occluded="1" keyframe="1" xtl="1046.25" ytl="102.45" xbr="1280.00" ybr="329.90" z_order="0">
      <attribute name="Sex">Male</attribute>
      <attribute name="Adipose Clipped">No</attribute>
      <attribute name="Injury">No</attribute>
      <attribute name="Confidence Level">3</attribute>
      <attribute name="Notes">NA</attribute>
    </box>
    <box frame="130" outside="0" occluded="1" keyframe="1" xtl="1060.00" ytl="102.45" xbr="1280.00" ybr="329.90" z_order="0">
      <attribute name="Sex">Male</attribute>
      <attribute name="Adipose Clipped">No</attribute>
      <attribute name="Injury">No</attribute>
      <attribute name="Confidence Level">3</attribute>
      <attribute name="Notes">NA</attribute>
    </box>
    <box frame="131" outside="0" occluded="1" keyframe="1" xtl="1082.50" ytl="102.45" xbr="1280.00" ybr="329.90" z_order="0">
      <attribute name="Sex">Male</attribute>
      <attribute name="Adipose Clipped">No</attribute>
      <attribute name="Injury">No</attribute>
      <attribute name="Confidence Level">3</attribute>
      <attribute name="Notes">NA</attribute>
    </box>
    <box frame="132" outside="0" occluded="1" keyframe="1" xtl="1157.50" ytl="113.70" xbr="1280.00" ybr="341.15" z_order="0">
      <attribute name="Sex">Male</attribute>
      <attribute name="Adipose Clipped">No</attribute>
      <attribute name="Injury">No</attribute>
      <attribute name="Confidence Level">3</attribute>
      <attribute name="Notes">NA</attribute>
    </box>
    <box frame="133" outside="1" occluded="1" keyframe="1" xtl="1157.50" ytl="113.70" xbr="1280.00" ybr="341.15" z_order="0">
      <attribute name="Sex">Male</attribute>
      <attribute name="Adipose Clipped">No</attribute>
      <attribute name="Injury">No</attribute>
      <attribute name="Confidence Level">3</attribute>
      <attribute name="Notes">NA</attribute>
    </box>
  </track>
</annotations>