<?xml version="1.0" encoding="utf-8"?>
<annotations>
  <version>1.1</version>
  <meta>
    <task>
      <id>163</id>
      <name>2019-10-17 01-06-29 M Left Bank Underwater</name>
      <size>155</size>
      <mode>interpolation</mode>
      <overlap>5</overlap>
      <bugtracker></bugtracker>
      <created>2021-07-01 14:31:00.260075+00:00</created>
      <updated>2021-07-01 15:47:34.144679+00:00</updated>
      <start_frame>0</start_frame>
      <stop_frame>154</stop_frame>
      <frame_filter></frame_filter>
      <labels>
        <label>
          <name>Chinook</name>
          <color>#38794c</color>
          <attributes>
            <attribute>
              <name>Adipose Clipped</name>
              <mutable>False</mutable>
              <input_type>select</input_type>
              <default_value>No</default_value>
              <values>No
Yes
NA</values>
            </attribute>
            <attribute>
              <name>Confidence Level</name>
              <mutable>False</mutable>
              <input_type>select</input_type>
              <default_value>3</default_value>
              <values>3
2
1</values>
            </attribute>
            <attribute>
              <name>Injury</name>
              <mutable>False</mutable>
              <input_type>select</input_type>
              <default_value>No</default_value>
              <values>No
Yes
NA</values>
            </attribute>
            <attribute>
              <name>Notes</name>
              <mutable>False</mutable>
              <input_type>text</input_type>
              <default_value></default_value>
              <values></values>
            </attribute>
            <attribute>
              <name>Sex</name>
              <mutable>False</mutable>
              <input_type>select</input_type>
              <default_value>Male</default_value>
              <values>Male
Female
Jack</values>
            </attribute>
            <attribute>
              <name>View</name>
              <mutable>False</mutable>
              <input_type>select</input_type>
              <default_value>Top-down</default_value>
              <values>Top-down
Side</values>
            </attribute>
          </attributes>
        </label>
        <label>
          <name>Steelhead</name>
          <color>#888888</color>
          <attributes>
            <attribute>
              <name>Adipose Clipped</name>
              <mutable>False</mutable>
              <input_type>select</input_type>
              <default_value>No</default_value>
              <values>No
Yes
NA</values>
            </attribute>
            <attribute>
              <name>Confidence Level</name>
              <mutable>False</mutable>
              <input_type>select</input_type>
              <default_value>3</default_value>
              <values>3
2
1</values>
            </attribute>
            <attribute>
              <name>Injury</name>
              <mutable>False</mutable>
              <input_type>select</input_type>
              <default_value>No</default_value>
              <values>No
Yes
NA</values>
            </attribute>
            <attribute>
              <name>Notes</name>
              <mutable>False</mutable>
              <input_type>text</input_type>
              <default_value></default_value>
              <values></values>
            </attribute>
            <attribute>
              <name>Sex</name>
              <mutable>False</mutable>
              <input_type>select</input_type>
              <default_value>Male</default_value>
              <values>Male
Female</values>
            </attribute>
            <attribute>
              <name>View</name>
              <mutable>False</mutable>
              <input_type>select</input_type>
              <default_value>Top-down</default_value>
              <values>Top-down
Side</values>
            </attribute>
          </attributes>
        </label>
        <label>
          <name>Sockeye</name>
          <color>#f00026</color>
          <attributes>
            <attribute>
              <name>Adipose Clipped</name>
              <mutable>False</mutable>
              <input_type>select</input_type>
              <default_value>No</default_value>
              <values>No
Yes
NA</values>
            </attribute>
            <attribute>
              <name>Confidence Level</name>
              <mutable>False</mutable>
              <input_type>select</input_type>
              <default_value>3</default_value>
              <values>3
2
1</values>
            </attribute>
            <attribute>
              <name>Injury</name>
              <mutable>False</mutable>
              <input_type>select</input_type>
              <default_value>No</default_value>
              <values>No
Yes
NA</values>
            </attribute>
            <attribute>
              <name>Notes</name>
              <mutable>False</mutable>
              <input_type>text</input_type>
              <default_value></default_value>
              <values></values>
            </attribute>
            <attribute>
              <name>Sex</name>
              <mutable>False</mutable>
              <input_type>select</input_type>
              <default_value>Male</default_value>
              <values>Male
Female</values>
            </attribute>
            <attribute>
              <name>View</name>
              <mutable>False</mutable>
              <input_type>select</input_type>
              <default_value>Top-down</default_value>
              <values>Top-down
Side</values>
            </attribute>
          </attributes>
        </label>
        <label>
          <name>Pink</name>
          <color>#fa7dbb</color>
          <attributes>
            <attribute>
              <name>Adipose Clipped</name>
              <mutable>False</mutable>
              <input_type>select</input_type>
              <default_value>No</default_value>
              <values>No
Yes
NA</values>
            </attribute>
            <attribute>
              <name>Confidence Level</name>
              <mutable>False</mutable>
              <input_type>select</input_type>
              <default_value>3</default_value>
              <values>3
2
1</values>
            </attribute>
            <attribute>
              <name>Injury</name>
              <mutable>False</mutable>
              <input_type>select</input_type>
              <default_value>No</default_value>
              <values>No
Yes
NA</values>
            </attribute>
            <attribute>
              <name>Notes</name>
              <mutable>False</mutable>
              <input_type>text</input_type>
              <default_value></default_value>
              <values></values>
            </attribute>
            <attribute>
              <name>Sex</name>
              <mutable>False</mutable>
              <input_type>select</input_type>
              <default_value>Male</default_value>
              <values>Male
Female</values>
            </attribute>
            <attribute>
              <name>View</name>
              <mutable>False</mutable>
              <input_type>select</input_type>
              <default_value>Top-down</default_value>
              <values>Top-down
Side</values>
            </attribute>
          </attributes>
        </label>
        <label>
          <name>Whitefish</name>
          <color>#d8d8db</color>
          <attributes>
            <attribute>
              <name>Adipose Clipped</name>
              <mutable>False</mutable>
              <input_type>select</input_type>
              <default_value>No</default_value>
              <values>No
Yes
NA</values>
            </attribute>
            <attribute>
              <name>Confidence Level</name>
              <mutable>False</mutable>
              <input_type>select</input_type>
              <default_value>3</default_value>
              <values>3
2
1</values>
            </attribute>
            <attribute>
              <name>Injury</name>
              <mutable>False</mutable>
              <input_type>select</input_type>
              <default_value>No</default_value>
              <values>No
Yes
NA</values>
            </attribute>
            <attribute>
              <name>Notes</name>
              <mutable>False</mutable>
              <input_type>text</input_type>
              <default_value></default_value>
              <values></values>
            </attribute>
            <attribute>
              <name>Sex</name>
              <mutable>False</mutable>
              <input_type>select</input_type>
              <default_value>NA</default_value>
              <values>NA</values>
            </attribute>
            <attribute>
              <name>View</name>
              <mutable>False</mutable>
              <input_type>select</input_type>
              <default_value>Top-down</default_value>
              <values>Top-down
Side</values>
            </attribute>
          </attributes>
        </label>
        <label>
          <name>Chum</name>
          <color>#ffcc33</color>
          <attributes>
            <attribute>
              <name>Adipose Clipped</name>
              <mutable>False</mutable>
              <input_type>select</input_type>
              <default_value>No</default_value>
              <values>No
Yes
NA</values>
            </attribute>
            <attribute>
              <name>Confidence Level</name>
              <mutable>False</mutable>
              <input_type>select</input_type>
              <default_value>3</default_value>
              <values>3
2
1</values>
            </attribute>
            <attribute>
              <name>Injury</name>
              <mutable>False</mutable>
              <input_type>select</input_type>
              <default_value>No</default_value>
              <values>No
Yes
NA</values>
            </attribute>
            <attribute>
              <name>Notes</name>
              <mutable>False</mutable>
              <input_type>text</input_type>
              <default_value></default_value>
              <values></values>
            </attribute>
            <attribute>
              <name>Sex</name>
              <mutable>False</mutable>
              <input_type>select</input_type>
              <default_value>Male</default_value>
              <values>Male
Female</values>
            </attribute>
            <attribute>
              <name>View</name>
              <mutable>False</mutable>
              <input_type>select</input_type>
              <default_value>Top-down</default_value>
              <values>Top-down
Side</values>
            </attribute>
          </attributes>
        </label>
        <label>
          <name>Bull</name>
          <color>#3d3df5</color>
          <attributes>
            <attribute>
              <name>Adipose Clipped</name>
              <mutable>False</mutable>
              <input_type>select</input_type>
              <default_value>No</default_value>
              <values>No
NA</values>
            </attribute>
            <attribute>
              <name>Confidence Level</name>
              <mutable>False</mutable>
              <input_type>select</input_type>
              <default_value>3</default_value>
              <values>3
2
1</values>
            </attribute>
            <attribute>
              <name>Injury</name>
              <mutable>False</mutable>
              <input_type>select</input_type>
              <default_value>No</default_value>
              <values>No
Yes
NA</values>
            </attribute>
            <attribute>
              <name>Notes</name>
              <mutable>False</mutable>
              <input_type>text</input_type>
              <default_value>NA</default_value>
              <values>NA</values>
            </attribute>
            <attribute>
              <name>Sex</name>
              <mutable>False</mutable>
              <input_type>select</input_type>
              <default_value>NA</default_value>
              <values>NA</values>
            </attribute>
            <attribute>
              <name>View</name>
              <mutable>False</mutable>
              <input_type>select</input_type>
              <default_value>Top-down</default_value>
              <values>Top-down
Side</values>
            </attribute>
          </attributes>
        </label>
        <label>
          <name>Coho</name>
          <color>#32b7fa</color>
          <attributes>
            <attribute>
              <name>Adipose Clipped</name>
              <mutable>False</mutable>
              <input_type>select</input_type>
              <default_value>No</default_value>
              <values>No
Yes
NA</values>
            </attribute>
            <attribute>
              <name>Confidence Level</name>
              <mutable>False</mutable>
              <input_type>select</input_type>
              <default_value>3</default_value>
              <values>3
2
1</values>
            </attribute>
            <attribute>
              <name>Injury</name>
              <mutable>False</mutable>
              <input_type>select</input_type>
              <default_value>No</default_value>
              <values>No
Yes
NA</values>
            </attribute>
            <attribute>
              <name>Notes</name>
              <mutable>False</mutable>
              <input_type>text</input_type>
              <default_value></default_value>
              <values></values>
            </attribute>
            <attribute>
              <name>Sex</name>
              <mutable>False</mutable>
              <input_type>select</input_type>
              <default_value>Male</default_value>
              <values>Male
Female
Jack</values>
            </attribute>
            <attribute>
              <name>View</name>
              <mutable>False</mutable>
              <input_type>select</input_type>
              <default_value>Top-down</default_value>
              <values>Top-down
Side</values>
            </attribute>
          </attributes>
        </label>
        <label>
          <name>Rainbow</name>
          <color>#ff914d</color>
          <attributes>
            <attribute>
              <name>Adipose Clipped</name>
              <mutable>False</mutable>
              <input_type>select</input_type>
              <default_value>No</default_value>
              <values>No
Yes
NA</values>
            </attribute>
            <attribute>
              <name>Confidence Level</name>
              <mutable>False</mutable>
              <input_type>select</input_type>
              <default_value>3</default_value>
              <values>3
2
1</values>
            </attribute>
            <attribute>
              <name>Injury</name>
              <mutable>False</mutable>
              <input_type>select</input_type>
              <default_value>No</default_value>
              <values>No
Yes
NA</values>
            </attribute>
            <attribute>
              <name>Notes</name>
              <mutable>False</mutable>
              <input_type>text</input_type>
              <default_value></default_value>
              <values></values>
            </attribute>
            <attribute>
              <name>Sex</name>
              <mutable>False</mutable>
              <input_type>select</input_type>
              <default_value>NA</default_value>
              <values>NA
Juvenile</values>
            </attribute>
            <attribute>
              <name>View</name>
              <mutable>False</mutable>
              <input_type>select</input_type>
              <default_value>Top-down</default_value>
              <values>Top-down
Side</values>
            </attribute>
          </attributes>
        </label>
      </labels>
      <segments>
        <segment>
          <id>163</id>
          <start>0</start>
          <stop>154</stop>
          <url>httplocalhost:8080/?id=163</url>
        </segment>
      </segments>
      <owner>
        <username>jtravers</username>
        <email>jtravers@uoregon.edu</email>
      </owner>
      <assignee></assignee>
      <original_size>
        <width>1920</width>
        <height>1080</height>
      </original_size>
    </task>
    <dumped>2021-07-01 15:47:43.623898+00:00</dumped>
    <source>2019-10-17 01-06-29 M Left Bank Underwater.mp4</source>
  </meta>
  <track id="0" label="Coho" source="manual">
    <box frame="7" outside="0" occluded="1" keyframe="1" xtl="0.00" ytl="11.36" xbr="176.20" ybr="247.73" z_order="0">
      <attribute name="Adipose Clipped">No</attribute>
      <attribute name="Confidence Level">3</attribute>
      <attribute name="Injury">No</attribute>
      <attribute name="Notes"></attribute>
      <attribute name="Sex">Female</attribute>
      <attribute name="View">Side</attribute>
    </box>
    <box frame="8" outside="0" occluded="1" keyframe="0" xtl="0.00" ytl="24.99" xbr="191.01" ybr="270.84" z_order="0">
      <attribute name="Adipose Clipped">No</attribute>
      <attribute name="Confidence Level">3</attribute>
      <attribute name="Injury">No</attribute>
      <attribute name="Notes"></attribute>
      <attribute name="Sex">Female</attribute>
      <attribute name="View">Side</attribute>
    </box>
    <box frame="9" outside="0" occluded="1" keyframe="0" xtl="0.00" ytl="38.61" xbr="205.83" ybr="293.95" z_order="0">
      <attribute name="Adipose Clipped">No</attribute>
      <attribute name="Confidence Level">3</attribute>
      <attribute name="Injury">No</attribute>
      <attribute name="Notes"></attribute>
      <attribute name="Sex">Female</attribute>
      <attribute name="View">Side</attribute>
    </box>
    <box frame="10" outside="0" occluded="1" keyframe="0" xtl="0.00" ytl="52.24" xbr="220.64" ybr="317.06" z_order="0">
      <attribute name="Adipose Clipped">No</attribute>
      <attribute name="Confidence Level">3</attribute>
      <attribute name="Injury">No</attribute>
      <attribute name="Notes"></attribute>
      <attribute name="Sex">Female</attribute>
      <attribute name="View">Side</attribute>
    </box>
    <box frame="11" outside="0" occluded="1" keyframe="0" xtl="0.00" ytl="65.86" xbr="235.46" ybr="340.17" z_order="0">
      <attribute name="Adipose Clipped">No</attribute>
      <attribute name="Confidence Level">3</attribute>
      <attribute name="Injury">No</attribute>
      <attribute name="Notes"></attribute>
      <attribute name="Sex">Female</attribute>
      <attribute name="View">Side</attribute>
    </box>
    <box frame="12" outside="0" occluded="1" keyframe="0" xtl="0.00" ytl="79.49" xbr="250.27" ybr="363.28" z_order="0">
      <attribute name="Adipose Clipped">No</attribute>
      <attribute name="Confidence Level">3</attribute>
      <attribute name="Injury">No</attribute>
      <attribute name="Notes"></attribute>
      <attribute name="Sex">Female</attribute>
      <attribute name="View">Side</attribute>
    </box>
    <box frame="13" outside="0" occluded="1" keyframe="0" xtl="0.00" ytl="93.11" xbr="265.09" ybr="386.39" z_order="0">
      <attribute name="Adipose Clipped">No</attribute>
      <attribute name="Confidence Level">3</attribute>
      <attribute name="Injury">No</attribute>
      <attribute name="Notes"></attribute>
      <attribute name="Sex">Female</attribute>
      <attribute name="View">Side</attribute>
    </box>
    <box frame="14" outside="0" occluded="1" keyframe="1" xtl="0.00" ytl="106.74" xbr="279.90" ybr="409.50" z_order="0">
      <attribute name="Adipose Clipped">No</attribute>
      <attribute name="Confidence Level">3</attribute>
      <attribute name="Injury">No</attribute>
      <attribute name="Notes"></attribute>
      <attribute name="Sex">Female</attribute>
      <attribute name="View">Side</attribute>
    </box>
    <box frame="15" outside="0" occluded="1" keyframe="0" xtl="0.00" ytl="89.46" xbr="304.08" ybr="445.78" z_order="0">
      <attribute name="Adipose Clipped">No</attribute>
      <attribute name="Confidence Level">3</attribute>
      <attribute name="Injury">No</attribute>
      <attribute name="Notes"></attribute>
      <attribute name="Sex">Female</attribute>
      <attribute name="View">Side</attribute>
    </box>
    <box frame="16" outside="0" occluded="1" keyframe="0" xtl="0.00" ytl="72.18" xbr="328.27" ybr="482.07" z_order="0">
      <attribute name="Adipose Clipped">No</attribute>
      <attribute name="Confidence Level">3</attribute>
      <attribute name="Injury">No</attribute>
      <attribute name="Notes"></attribute>
      <attribute name="Sex">Female</attribute>
      <attribute name="View">Side</attribute>
    </box>
    <box frame="17" outside="0" occluded="1" keyframe="1" xtl="0.00" ytl="54.90" xbr="352.45" ybr="518.35" z_order="0">
      <attribute name="Adipose Clipped">No</attribute>
      <attribute name="Confidence Level">3</attribute>
      <attribute name="Injury">No</attribute>
      <attribute name="Notes"></attribute>
      <attribute name="Sex">Female</attribute>
      <attribute name="View">Side</attribute>
    </box>
    <box frame="18" outside="0" occluded="1" keyframe="0" xtl="0.00" ytl="95.68" xbr="376.63" ybr="554.63" z_order="0">
      <attribute name="Adipose Clipped">No</attribute>
      <attribute name="Confidence Level">3</attribute>
      <attribute name="Injury">No</attribute>
      <attribute name="Notes"></attribute>
      <attribute name="Sex">Female</attribute>
      <attribute name="View">Side</attribute>
    </box>
    <box frame="19" outside="0" occluded="1" keyframe="0" xtl="0.00" ytl="136.46" xbr="400.82" ybr="590.92" z_order="0">
      <attribute name="Adipose Clipped">No</attribute>
      <attribute name="Confidence Level">3</attribute>
      <attribute name="Injury">No</attribute>
      <attribute name="Notes"></attribute>
      <attribute name="Sex">Female</attribute>
      <attribute name="View">Side</attribute>
    </box>
    <box frame="20" outside="0" occluded="0" keyframe="1" xtl="0.00" ytl="177.24" xbr="425.00" ybr="627.20" z_order="0">
      <attribute name="Adipose Clipped">No</attribute>
      <attribute name="Confidence Level">3</attribute>
      <attribute name="Injury">No</attribute>
      <attribute name="Notes"></attribute>
      <attribute name="Sex">Female</attribute>
      <attribute name="View">Side</attribute>
    </box>
    <box frame="21" outside="0" occluded="0" keyframe="0" xtl="0.00" ytl="197.14" xbr="440.34" ybr="656.64" z_order="0">
      <attribute name="Adipose Clipped">No</attribute>
      <attribute name="Confidence Level">3</attribute>
      <attribute name="Injury">No</attribute>
      <attribute name="Notes"></attribute>
      <attribute name="Sex">Female</attribute>
      <attribute name="View">Side</attribute>
    </box>
    <box frame="22" outside="0" occluded="0" keyframe="0" xtl="0.00" ytl="217.05" xbr="455.68" ybr="686.08" z_order="0">
      <attribute name="Adipose Clipped">No</attribute>
      <attribute name="Confidence Level">3</attribute>
      <attribute name="Injury">No</attribute>
      <attribute name="Notes"></attribute>
      <attribute name="Sex">Female</attribute>
      <attribute name="View">Side</attribute>
    </box>
    <box frame="23" outside="0" occluded="0" keyframe="0" xtl="0.00" ytl="236.95" xbr="471.02" ybr="715.52" z_order="0">
      <attribute name="Adipose Clipped">No</attribute>
      <attribute name="Confidence Level">3</attribute>
      <attribute name="Injury">No</attribute>
      <attribute name="Notes"></attribute>
      <attribute name="Sex">Female</attribute>
      <attribute name="View">Side</attribute>
    </box>
    <box frame="24" outside="0" occluded="0" keyframe="0" xtl="0.00" ytl="256.85" xbr="486.36" ybr="744.96" z_order="0">
      <attribute name="Adipose Clipped">No</attribute>
      <attribute name="Confidence Level">3</attribute>
      <attribute name="Injury">No</attribute>
      <attribute name="Notes"></attribute>
      <attribute name="Sex">Female</attribute>
      <attribute name="View">Side</attribute>
    </box>
    <box frame="25" outside="0" occluded="0" keyframe="1" xtl="0.00" ytl="276.76" xbr="501.70" ybr="774.40" z_order="0">
      <attribute name="Adipose Clipped">No</attribute>
      <attribute name="Confidence Level">3</attribute>
      <attribute name="Injury">No</attribute>
      <attribute name="Notes"></attribute>
      <attribute name="Sex">Female</attribute>
      <attribute name="View">Side</attribute>
    </box>
    <box frame="26" outside="0" occluded="0" keyframe="0" xtl="0.00" ytl="299.36" xbr="490.30" ybr="797.00" z_order="0">
      <attribute name="Adipose Clipped">No</attribute>
      <attribute name="Confidence Level">3</attribute>
      <attribute name="Injury">No</attribute>
      <attribute name="Notes"></attribute>
      <attribute name="Sex">Female</attribute>
      <attribute name="View">Side</attribute>
    </box>
    <box frame="27" outside="0" occluded="0" keyframe="0" xtl="0.00" ytl="321.96" xbr="478.89" ybr="819.60" z_order="0">
      <attribute name="Adipose Clipped">No</attribute>
      <attribute name="Confidence Level">3</attribute>
      <attribute name="Injury">No</attribute>
      <attribute name="Notes"></attribute>
      <attribute name="Sex">Female</attribute>
      <attribute name="View">Side</attribute>
    </box>
    <box frame="28" outside="0" occluded="0" keyframe="0" xtl="0.00" ytl="344.56" xbr="467.49" ybr="842.20" z_order="0">
      <attribute name="Adipose Clipped">No</attribute>
      <attribute name="Confidence Level">3</attribute>
      <attribute name="Injury">No</attribute>
      <attribute name="Notes"></attribute>
      <attribute name="Sex">Female</attribute>
      <attribute name="View">Side</attribute>
    </box>
    <box frame="29" outside="0" occluded="0" keyframe="0" xtl="0.00" ytl="367.16" xbr="456.08" ybr="864.80" z_order="0">
      <attribute name="Adipose Clipped">No</attribute>
      <attribute name="Confidence Level">3</attribute>
      <attribute name="Injury">No</attribute>
      <attribute name="Notes"></attribute>
      <attribute name="Sex">Female</attribute>
      <attribute name="View">Side</attribute>
    </box>
    <box frame="30" outside="0" occluded="0" keyframe="0" xtl="0.00" ytl="389.76" xbr="444.68" ybr="887.40" z_order="0">
      <attribute name="Adipose Clipped">No</attribute>
      <attribute name="Confidence Level">3</attribute>
      <attribute name="Injury">No</attribute>
      <attribute name="Notes"></attribute>
      <attribute name="Sex">Female</attribute>
      <attribute name="View">Side</attribute>
    </box>
    <box frame="31" outside="0" occluded="0" keyframe="0" xtl="0.00" ytl="412.36" xbr="433.28" ybr="910.00" z_order="0">
      <attribute name="Adipose Clipped">No</attribute>
      <attribute name="Confidence Level">3</attribute>
      <attribute name="Injury">No</attribute>
      <attribute name="Notes"></attribute>
      <attribute name="Sex">Female</attribute>
      <attribute name="View">Side</attribute>
    </box>
    <box frame="32" outside="0" occluded="0" keyframe="0" xtl="0.00" ytl="434.96" xbr="421.87" ybr="932.60" z_order="0">
      <attribute name="Adipose Clipped">No</attribute>
      <attribute name="Confidence Level">3</attribute>
      <attribute name="Injury">No</attribute>
      <attribute name="Notes"></attribute>
      <attribute name="Sex">Female</attribute>
      <attribute name="View">Side</attribute>
    </box>
    <box frame="33" outside="0" occluded="0" keyframe="0" xtl="0.00" ytl="457.56" xbr="410.47" ybr="955.20" z_order="0">
      <attribute name="Adipose Clipped">No</attribute>
      <attribute name="Confidence Level">3</attribute>
      <attribute name="Injury">No</attribute>
      <attribute name="Notes"></attribute>
      <attribute name="Sex">Female</attribute>
      <attribute name="View">Side</attribute>
    </box>
    <box frame="34" outside="0" occluded="0" keyframe="0" xtl="0.00" ytl="480.16" xbr="399.06" ybr="977.80" z_order="0">
      <attribute name="Adipose Clipped">No</attribute>
      <attribute name="Confidence Level">3</attribute>
      <attribute name="Injury">No</attribute>
      <attribute name="Notes"></attribute>
      <attribute name="Sex">Female</attribute>
      <attribute name="View">Side</attribute>
    </box>
    <box frame="35" outside="0" occluded="0" keyframe="1" xtl="0.00" ytl="502.76" xbr="387.66" ybr="1000.40" z_order="0">
      <attribute name="Adipose Clipped">No</attribute>
      <attribute name="Confidence Level">3</attribute>
      <attribute name="Injury">No</attribute>
      <attribute name="Notes"></attribute>
      <attribute name="Sex">Female</attribute>
      <attribute name="View">Side</attribute>
    </box>
    <box frame="36" outside="0" occluded="0" keyframe="0" xtl="0.00" ytl="494.68" xbr="416.69" ybr="1002.48" z_order="0">
      <attribute name="Adipose Clipped">No</attribute>
      <attribute name="Confidence Level">3</attribute>
      <attribute name="Injury">No</attribute>
      <attribute name="Notes"></attribute>
      <attribute name="Sex">Female</attribute>
      <attribute name="View">Side</attribute>
    </box>
    <box frame="37" outside="0" occluded="0" keyframe="0" xtl="0.00" ytl="486.60" xbr="445.73" ybr="1004.55" z_order="0">
      <attribute name="Adipose Clipped">No</attribute>
      <attribute name="Confidence Level">3</attribute>
      <attribute name="Injury">No</attribute>
      <attribute name="Notes"></attribute>
      <attribute name="Sex">Female</attribute>
      <attribute name="View">Side</attribute>
    </box>
    <box frame="38" outside="0" occluded="0" keyframe="0" xtl="0.00" ytl="478.52" xbr="474.76" ybr="1006.63" z_order="0">
      <attribute name="Adipose Clipped">No</attribute>
      <attribute name="Confidence Level">3</attribute>
      <attribute name="Injury">No</attribute>
      <attribute name="Notes"></attribute>
      <attribute name="Sex">Female</attribute>
      <attribute name="View">Side</attribute>
    </box>
    <box frame="39" outside="0" occluded="0" keyframe="0" xtl="0.00" ytl="470.43" xbr="503.79" ybr="1008.70" z_order="0">
      <attribute name="Adipose Clipped">No</attribute>
      <attribute name="Confidence Level">3</attribute>
      <attribute name="Injury">No</attribute>
      <attribute name="Notes"></attribute>
      <attribute name="Sex">Female</attribute>
      <attribute name="View">Side</attribute>
    </box>
    <box frame="40" outside="0" occluded="0" keyframe="0" xtl="0.00" ytl="462.35" xbr="532.82" ybr="1010.77" z_order="0">
      <attribute name="Adipose Clipped">No</attribute>
      <attribute name="Confidence Level">3</attribute>
      <attribute name="Injury">No</attribute>
      <attribute name="Notes"></attribute>
      <attribute name="Sex">Female</attribute>
      <attribute name="View">Side</attribute>
    </box>
    <box frame="41" outside="0" occluded="0" keyframe="0" xtl="0.00" ytl="454.27" xbr="561.86" ybr="1012.85" z_order="0">
      <attribute name="Adipose Clipped">No</attribute>
      <attribute name="Confidence Level">3</attribute>
      <attribute name="Injury">No</attribute>
      <attribute name="Notes"></attribute>
      <attribute name="Sex">Female</attribute>
      <attribute name="View">Side</attribute>
    </box>
    <box frame="42" outside="0" occluded="0" keyframe="0" xtl="0.00" ytl="446.18" xbr="590.89" ybr="1014.92" z_order="0">
      <attribute name="Adipose Clipped">No</attribute>
      <attribute name="Confidence Level">3</attribute>
      <attribute name="Injury">No</attribute>
      <attribute name="Notes"></attribute>
      <attribute name="Sex">Female</attribute>
      <attribute name="View">Side</attribute>
    </box>
    <box frame="43" outside="0" occluded="0" keyframe="0" xtl="0.00" ytl="438.10" xbr="619.92" ybr="1016.99" z_order="0">
      <attribute name="Adipose Clipped">No</attribute>
      <attribute name="Confidence Level">3</attribute>
      <attribute name="Injury">No</attribute>
      <attribute name="Notes"></attribute>
      <attribute name="Sex">Female</attribute>
      <attribute name="View">Side</attribute>
    </box>
    <box frame="44" outside="0" occluded="0" keyframe="0" xtl="0.00" ytl="430.02" xbr="648.95" ybr="1019.07" z_order="0">
      <attribute name="Adipose Clipped">No</attribute>
      <attribute name="Confidence Level">3</attribute>
      <attribute name="Injury">No</attribute>
      <attribute name="Notes"></attribute>
      <attribute name="Sex">Female</attribute>
      <attribute name="View">Side</attribute>
    </box>
    <box frame="45" outside="0" occluded="0" keyframe="1" xtl="0.00" ytl="421.93" xbr="677.99" ybr="1021.14" z_order="0">
      <attribute name="Adipose Clipped">No</attribute>
      <attribute name="Confidence Level">3</attribute>
      <attribute name="Injury">No</attribute>
      <attribute name="Notes"></attribute>
      <attribute name="Sex">Female</attribute>
      <attribute name="View">Side</attribute>
    </box>
    <box frame="46" outside="0" occluded="0" keyframe="0" xtl="0.00" ytl="414.88" xbr="715.31" ybr="1023.63" z_order="0">
      <attribute name="Adipose Clipped">No</attribute>
      <attribute name="Confidence Level">3</attribute>
      <attribute name="Injury">No</attribute>
      <attribute name="Notes"></attribute>
      <attribute name="Sex">Female</attribute>
      <attribute name="View">Side</attribute>
    </box>
    <box frame="47" outside="0" occluded="0" keyframe="0" xtl="0.00" ytl="407.83" xbr="752.63" ybr="1026.11" z_order="0">
      <attribute name="Adipose Clipped">No</attribute>
      <attribute name="Confidence Level">3</attribute>
      <attribute name="Injury">No</attribute>
      <attribute name="Notes"></attribute>
      <attribute name="Sex">Female</attribute>
      <attribute name="View">Side</attribute>
    </box>
    <box frame="48" outside="0" occluded="0" keyframe="0" xtl="0.00" ytl="400.77" xbr="789.95" ybr="1028.60" z_order="0">
      <attribute name="Adipose Clipped">No</attribute>
      <attribute name="Confidence Level">3</attribute>
      <attribute name="Injury">No</attribute>
      <attribute name="Notes"></attribute>
      <attribute name="Sex">Female</attribute>
      <attribute name="View">Side</attribute>
    </box>
    <box frame="49" outside="0" occluded="0" keyframe="0" xtl="0.00" ytl="393.72" xbr="827.27" ybr="1031.08" z_order="0">
      <attribute name="Adipose Clipped">No</attribute>
      <attribute name="Confidence Level">3</attribute>
      <attribute name="Injury">No</attribute>
      <attribute name="Notes"></attribute>
      <attribute name="Sex">Female</attribute>
      <attribute name="View">Side</attribute>
    </box>
    <box frame="50" outside="0" occluded="0" keyframe="0" xtl="0.00" ytl="386.67" xbr="864.59" ybr="1033.57" z_order="0">
      <attribute name="Adipose Clipped">No</attribute>
      <attribute name="Confidence Level">3</attribute>
      <attribute name="Injury">No</attribute>
      <attribute name="Notes"></attribute>
      <attribute name="Sex">Female</attribute>
      <attribute name="View">Side</attribute>
    </box>
    <box frame="51" outside="0" occluded="0" keyframe="0" xtl="0.00" ytl="379.61" xbr="901.91" ybr="1036.06" z_order="0">
      <attribute name="Adipose Clipped">No</attribute>
      <attribute name="Confidence Level">3</attribute>
      <attribute name="Injury">No</attribute>
      <attribute name="Notes"></attribute>
      <attribute name="Sex">Female</attribute>
      <attribute name="View">Side</attribute>
    </box>
    <box frame="52" outside="0" occluded="0" keyframe="0" xtl="0.00" ytl="372.56" xbr="939.24" ybr="1038.54" z_order="0">
      <attribute name="Adipose Clipped">No</attribute>
      <attribute name="Confidence Level">3</attribute>
      <attribute name="Injury">No</attribute>
      <attribute name="Notes"></attribute>
      <attribute name="Sex">Female</attribute>
      <attribute name="View">Side</attribute>
    </box>
    <box frame="53" outside="0" occluded="0" keyframe="0" xtl="0.00" ytl="365.51" xbr="976.56" ybr="1041.03" z_order="0">
      <attribute name="Adipose Clipped">No</attribute>
      <attribute name="Confidence Level">3</attribute>
      <attribute name="Injury">No</attribute>
      <attribute name="Notes"></attribute>
      <attribute name="Sex">Female</attribute>
      <attribute name="View">Side</attribute>
    </box>
    <box frame="54" outside="0" occluded="0" keyframe="0" xtl="0.00" ytl="358.45" xbr="1013.88" ybr="1043.51" z_order="0">
      <attribute name="Adipose Clipped">No</attribute>
      <attribute name="Confidence Level">3</attribute>
      <attribute name="Injury">No</attribute>
      <attribute name="Notes"></attribute>
      <attribute name="Sex">Female</attribute>
      <attribute name="View">Side</attribute>
    </box>
    <box frame="55" outside="0" occluded="0" keyframe="1" xtl="0.00" ytl="351.40" xbr="1051.20" ybr="1046.00" z_order="0">
      <attribute name="Adipose Clipped">No</attribute>
      <attribute name="Confidence Level">3</attribute>
      <attribute name="Injury">No</attribute>
      <attribute name="Notes"></attribute>
      <attribute name="Sex">Female</attribute>
      <attribute name="View">Side</attribute>
    </box>
    <box frame="56" outside="0" occluded="0" keyframe="0" xtl="0.00" ytl="351.40" xbr="1077.12" ybr="1049.32" z_order="0">
      <attribute name="Adipose Clipped">No</attribute>
      <attribute name="Confidence Level">3</attribute>
      <attribute name="Injury">No</attribute>
      <attribute name="Notes"></attribute>
      <attribute name="Sex">Female</attribute>
      <attribute name="View">Side</attribute>
    </box>
    <box frame="57" outside="0" occluded="0" keyframe="0" xtl="0.00" ytl="351.40" xbr="1103.04" ybr="1052.64" z_order="0">
      <attribute name="Adipose Clipped">No</attribute>
      <attribute name="Confidence Level">3</attribute>
      <attribute name="Injury">No</attribute>
      <attribute name="Notes"></attribute>
      <attribute name="Sex">Female</attribute>
      <attribute name="View">Side</attribute>
    </box>
    <box frame="58" outside="0" occluded="0" keyframe="0" xtl="0.00" ytl="351.40" xbr="1128.96" ybr="1055.96" z_order="0">
      <attribute name="Adipose Clipped">No</attribute>
      <attribute name="Confidence Level">3</attribute>
      <attribute name="Injury">No</attribute>
      <attribute name="Notes"></attribute>
      <attribute name="Sex">Female</attribute>
      <attribute name="View">Side</attribute>
    </box>
    <box frame="59" outside="0" occluded="0" keyframe="0" xtl="0.00" ytl="351.40" xbr="1154.88" ybr="1059.28" z_order="0">
      <attribute name="Adipose Clipped">No</attribute>
      <attribute name="Confidence Level">3</attribute>
      <attribute name="Injury">No</attribute>
      <attribute name="Notes"></attribute>
      <attribute name="Sex">Female</attribute>
      <attribute name="View">Side</attribute>
    </box>
    <box frame="60" outside="0" occluded="0" keyframe="0" xtl="0.00" ytl="351.40" xbr="1180.80" ybr="1062.60" z_order="0">
      <attribute name="Adipose Clipped">No</attribute>
      <attribute name="Confidence Level">3</attribute>
      <attribute name="Injury">No</attribute>
      <attribute name="Notes"></attribute>
      <attribute name="Sex">Female</attribute>
      <attribute name="View">Side</attribute>
    </box>
    <box frame="61" outside="0" occluded="0" keyframe="0" xtl="0.00" ytl="351.40" xbr="1206.72" ybr="1065.92" z_order="0">
      <attribute name="Adipose Clipped">No</attribute>
      <attribute name="Confidence Level">3</attribute>
      <attribute name="Injury">No</attribute>
      <attribute name="Notes"></attribute>
      <attribute name="Sex">Female</attribute>
      <attribute name="View">Side</attribute>
    </box>
    <box frame="62" outside="0" occluded="0" keyframe="0" xtl="0.00" ytl="351.40" xbr="1232.64" ybr="1069.24" z_order="0">
      <attribute name="Adipose Clipped">No</attribute>
      <attribute name="Confidence Level">3</attribute>
      <attribute name="Injury">No</attribute>
      <attribute name="Notes"></attribute>
      <attribute name="Sex">Female</attribute>
      <attribute name="View">Side</attribute>
    </box>
    <box frame="63" outside="0" occluded="0" keyframe="0" xtl="0.00" ytl="351.40" xbr="1258.56" ybr="1072.56" z_order="0">
      <attribute name="Adipose Clipped">No</attribute>
      <attribute name="Confidence Level">3</attribute>
      <attribute name="Injury">No</attribute>
      <attribute name="Notes"></attribute>
      <attribute name="Sex">Female</attribute>
      <attribute name="View">Side</attribute>
    </box>
    <box frame="64" outside="0" occluded="0" keyframe="0" xtl="0.00" ytl="351.40" xbr="1284.48" ybr="1075.88" z_order="0">
      <attribute name="Adipose Clipped">No</attribute>
      <attribute name="Confidence Level">3</attribute>
      <attribute name="Injury">No</attribute>
      <attribute name="Notes"></attribute>
      <attribute name="Sex">Female</attribute>
      <attribute name="View">Side</attribute>
    </box>
    <box frame="65" outside="0" occluded="0" keyframe="1" xtl="0.00" ytl="351.40" xbr="1310.40" ybr="1079.20" z_order="0">
      <attribute name="Adipose Clipped">No</attribute>
      <attribute name="Confidence Level">3</attribute>
      <attribute name="Injury">No</attribute>
      <attribute name="Notes"></attribute>
      <attribute name="Sex">Female</attribute>
      <attribute name="View">Side</attribute>
    </box>
    <box frame="66" outside="0" occluded="0" keyframe="0" xtl="0.00" ytl="346.42" xbr="1337.77" ybr="1079.20" z_order="0">
      <attribute name="Adipose Clipped">No</attribute>
      <attribute name="Confidence Level">3</attribute>
      <attribute name="Injury">No</attribute>
      <attribute name="Notes"></attribute>
      <attribute name="Sex">Female</attribute>
      <attribute name="View">Side</attribute>
    </box>
    <box frame="67" outside="0" occluded="0" keyframe="0" xtl="0.00" ytl="341.44" xbr="1365.14" ybr="1079.20" z_order="0">
      <attribute name="Adipose Clipped">No</attribute>
      <attribute name="Confidence Level">3</attribute>
      <attribute name="Injury">No</attribute>
      <attribute name="Notes"></attribute>
      <attribute name="Sex">Female</attribute>
      <attribute name="View">Side</attribute>
    </box>
    <box frame="68" outside="0" occluded="0" keyframe="0" xtl="0.00" ytl="336.46" xbr="1392.51" ybr="1079.20" z_order="0">
      <attribute name="Adipose Clipped">No</attribute>
      <attribute name="Confidence Level">3</attribute>
      <attribute name="Injury">No</attribute>
      <attribute name="Notes"></attribute>
      <attribute name="Sex">Female</attribute>
      <attribute name="View">Side</attribute>
    </box>
    <box frame="69" outside="0" occluded="0" keyframe="0" xtl="0.00" ytl="331.48" xbr="1419.88" ybr="1079.20" z_order="0">
      <attribute name="Adipose Clipped">No</attribute>
      <attribute name="Confidence Level">3</attribute>
      <attribute name="Injury">No</attribute>
      <attribute name="Notes"></attribute>
      <attribute name="Sex">Female</attribute>
      <attribute name="View">Side</attribute>
    </box>
    <box frame="70" outside="0" occluded="0" keyframe="0" xtl="0.00" ytl="326.50" xbr="1447.25" ybr="1079.20" z_order="0">
      <attribute name="Adipose Clipped">No</attribute>
      <attribute name="Confidence Level">3</attribute>
      <attribute name="Injury">No</attribute>
      <attribute name="Notes"></attribute>
      <attribute name="Sex">Female</attribute>
      <attribute name="View">Side</attribute>
    </box>
    <box frame="71" outside="0" occluded="0" keyframe="0" xtl="0.00" ytl="321.52" xbr="1474.62" ybr="1079.20" z_order="0">
      <attribute name="Adipose Clipped">No</attribute>
      <attribute name="Confidence Level">3</attribute>
      <attribute name="Injury">No</attribute>
      <attribute name="Notes"></attribute>
      <attribute name="Sex">Female</attribute>
      <attribute name="View">Side</attribute>
    </box>
    <box frame="72" outside="0" occluded="0" keyframe="0" xtl="0.00" ytl="316.54" xbr="1501.99" ybr="1079.20" z_order="0">
      <attribute name="Adipose Clipped">No</attribute>
      <attribute name="Confidence Level">3</attribute>
      <attribute name="Injury">No</attribute>
      <attribute name="Notes"></attribute>
      <attribute name="Sex">Female</attribute>
      <attribute name="View">Side</attribute>
    </box>
    <box frame="73" outside="0" occluded="0" keyframe="0" xtl="0.00" ytl="311.56" xbr="1529.36" ybr="1079.20" z_order="0">
      <attribute name="Adipose Clipped">No</attribute>
      <attribute name="Confidence Level">3</attribute>
      <attribute name="Injury">No</attribute>
      <attribute name="Notes"></attribute>
      <attribute name="Sex">Female</attribute>
      <attribute name="View">Side</attribute>
    </box>
    <box frame="74" outside="0" occluded="0" keyframe="0" xtl="0.00" ytl="306.58" xbr="1556.73" ybr="1079.20" z_order="0">
      <attribute name="Adipose Clipped">No</attribute>
      <attribute name="Confidence Level">3</attribute>
      <attribute name="Injury">No</attribute>
      <attribute name="Notes"></attribute>
      <attribute name="Sex">Female</attribute>
      <attribute name="View">Side</attribute>
    </box>
    <box frame="75" outside="0" occluded="0" keyframe="1" xtl="0.00" ytl="301.60" xbr="1584.10" ybr="1079.20" z_order="0">
      <attribute name="Adipose Clipped">No</attribute>
      <attribute name="Confidence Level">3</attribute>
      <attribute name="Injury">No</attribute>
      <attribute name="Notes"></attribute>
      <attribute name="Sex">Female</attribute>
      <attribute name="View">Side</attribute>
    </box>
    <box frame="76" outside="0" occluded="0" keyframe="0" xtl="0.00" ytl="298.90" xbr="1617.69" ybr="1079.28" z_order="0">
      <attribute name="Adipose Clipped">No</attribute>
      <attribute name="Confidence Level">3</attribute>
      <attribute name="Injury">No</attribute>
      <attribute name="Notes"></attribute>
      <attribute name="Sex">Female</attribute>
      <attribute name="View">Side</attribute>
    </box>
    <box frame="77" outside="0" occluded="0" keyframe="0" xtl="0.00" ytl="296.20" xbr="1651.28" ybr="1079.36" z_order="0">
      <attribute name="Adipose Clipped">No</attribute>
      <attribute name="Confidence Level">3</attribute>
      <attribute name="Injury">No</attribute>
      <attribute name="Notes"></attribute>
      <attribute name="Sex">Female</attribute>
      <attribute name="View">Side</attribute>
    </box>
    <box frame="78" outside="0" occluded="0" keyframe="0" xtl="0.00" ytl="293.50" xbr="1684.87" ybr="1079.44" z_order="0">
      <attribute name="Adipose Clipped">No</attribute>
      <attribute name="Confidence Level">3</attribute>
      <attribute name="Injury">No</attribute>
      <attribute name="Notes"></attribute>
      <attribute name="Sex">Female</attribute>
      <attribute name="View">Side</attribute>
    </box>
    <box frame="79" outside="0" occluded="0" keyframe="0" xtl="0.00" ytl="290.80" xbr="1718.46" ybr="1079.52" z_order="0">
      <attribute name="Adipose Clipped">No</attribute>
      <attribute name="Confidence Level">3</attribute>
      <attribute name="Injury">No</attribute>
      <attribute name="Notes"></attribute>
      <attribute name="Sex">Female</attribute>
      <attribute name="View">Side</attribute>
    </box>
    <box frame="80" outside="0" occluded="0" keyframe="0" xtl="0.00" ytl="288.10" xbr="1752.05" ybr="1079.60" z_order="0">
      <attribute name="Adipose Clipped">No</attribute>
      <attribute name="Confidence Level">3</attribute>
      <attribute name="Injury">No</attribute>
      <attribute name="Notes"></attribute>
      <attribute name="Sex">Female</attribute>
      <attribute name="View">Side</attribute>
    </box>
    <box frame="81" outside="0" occluded="0" keyframe="0" xtl="0.00" ytl="285.40" xbr="1785.64" ybr="1079.68" z_order="0">
      <attribute name="Adipose Clipped">No</attribute>
      <attribute name="Confidence Level">3</attribute>
      <attribute name="Injury">No</attribute>
      <attribute name="Notes"></attribute>
      <attribute name="Sex">Female</attribute>
      <attribute name="View">Side</attribute>
    </box>
    <box frame="82" outside="0" occluded="0" keyframe="0" xtl="0.00" ytl="282.70" xbr="1819.23" ybr="1079.76" z_order="0">
      <attribute name="Adipose Clipped">No</attribute>
      <attribute name="Confidence Level">3</attribute>
      <attribute name="Injury">No</attribute>
      <attribute name="Notes"></attribute>
      <attribute name="Sex">Female</attribute>
      <attribute name="View">Side</attribute>
    </box>
    <box frame="83" outside="0" occluded="0" keyframe="0" xtl="0.00" ytl="280.00" xbr="1852.82" ybr="1079.84" z_order="0">
      <attribute name="Adipose Clipped">No</attribute>
      <attribute name="Confidence Level">3</attribute>
      <attribute name="Injury">No</attribute>
      <attribute name="Notes"></attribute>
      <attribute name="Sex">Female</attribute>
      <attribute name="View">Side</attribute>
    </box>
    <box frame="84" outside="0" occluded="0" keyframe="0" xtl="0.00" ytl="277.30" xbr="1886.41" ybr="1079.92" z_order="0">
      <attribute name="Adipose Clipped">No</attribute>
      <attribute name="Confidence Level">3</attribute>
      <attribute name="Injury">No</attribute>
      <attribute name="Notes"></attribute>
      <attribute name="Sex">Female</attribute>
      <attribute name="View">Side</attribute>
    </box>
    <box frame="85" outside="0" occluded="0" keyframe="1" xtl="0.00" ytl="274.60" xbr="1920.00" ybr="1080.00" z_order="0">
      <attribute name="Adipose Clipped">No</attribute>
      <attribute name="Confidence Level">3</attribute>
      <attribute name="Injury">No</attribute>
      <attribute name="Notes"></attribute>
      <attribute name="Sex">Female</attribute>
      <attribute name="View">Side</attribute>
    </box>
    <box frame="86" outside="0" occluded="0" keyframe="0" xtl="0.00" ytl="275.52" xbr="1920.00" ybr="1080.00" z_order="0">
      <attribute name="Adipose Clipped">No</attribute>
      <attribute name="Confidence Level">3</attribute>
      <attribute name="Injury">No</attribute>
      <attribute name="Notes"></attribute>
      <attribute name="Sex">Female</attribute>
      <attribute name="View">Side</attribute>
    </box>
    <box frame="87" outside="0" occluded="0" keyframe="0" xtl="0.00" ytl="276.44" xbr="1920.00" ybr="1080.00" z_order="0">
      <attribute name="Adipose Clipped">No</attribute>
      <attribute name="Confidence Level">3</attribute>
      <attribute name="Injury">No</attribute>
      <attribute name="Notes"></attribute>
      <attribute name="Sex">Female</attribute>
      <attribute name="View">Side</attribute>
    </box>
    <box frame="88" outside="0" occluded="0" keyframe="0" xtl="0.00" ytl="277.37" xbr="1920.00" ybr="1080.00" z_order="0">
      <attribute name="Adipose Clipped">No</attribute>
      <attribute name="Confidence Level">3</attribute>
      <attribute name="Injury">No</attribute>
      <attribute name="Notes"></attribute>
      <attribute name="Sex">Female</attribute>
      <attribute name="View">Side</attribute>
    </box>
    <box frame="89" outside="0" occluded="0" keyframe="0" xtl="0.00" ytl="278.29" xbr="1920.00" ybr="1080.00" z_order="0">
      <attribute name="Adipose Clipped">No</attribute>
      <attribute name="Confidence Level">3</attribute>
      <attribute name="Injury">No</attribute>
      <attribute name="Notes"></attribute>
      <attribute name="Sex">Female</attribute>
      <attribute name="View">Side</attribute>
    </box>
    <box frame="90" outside="0" occluded="0" keyframe="0" xtl="0.00" ytl="279.21" xbr="1920.00" ybr="1080.00" z_order="0">
      <attribute name="Adipose Clipped">No</attribute>
      <attribute name="Confidence Level">3</attribute>
      <attribute name="Injury">No</attribute>
      <attribute name="Notes"></attribute>
      <attribute name="Sex">Female</attribute>
      <attribute name="View">Side</attribute>
    </box>
    <box frame="91" outside="0" occluded="0" keyframe="0" xtl="0.00" ytl="280.13" xbr="1920.00" ybr="1080.00" z_order="0">
      <attribute name="Adipose Clipped">No</attribute>
      <attribute name="Confidence Level">3</attribute>
      <attribute name="Injury">No</attribute>
      <attribute name="Notes"></attribute>
      <attribute name="Sex">Female</attribute>
      <attribute name="View">Side</attribute>
    </box>
    <box frame="92" outside="0" occluded="0" keyframe="0" xtl="0.00" ytl="281.06" xbr="1920.00" ybr="1080.00" z_order="0">
      <attribute name="Adipose Clipped">No</attribute>
      <attribute name="Confidence Level">3</attribute>
      <attribute name="Injury">No</attribute>
      <attribute name="Notes"></attribute>
      <attribute name="Sex">Female</attribute>
      <attribute name="View">Side</attribute>
    </box>
    <box frame="93" outside="0" occluded="0" keyframe="0" xtl="0.00" ytl="281.98" xbr="1920.00" ybr="1080.00" z_order="0">
      <attribute name="Adipose Clipped">No</attribute>
      <attribute name="Confidence Level">3</attribute>
      <attribute name="Injury">No</attribute>
      <attribute name="Notes"></attribute>
      <attribute name="Sex">Female</attribute>
      <attribute name="View">Side</attribute>
    </box>
    <box frame="94" outside="0" occluded="0" keyframe="1" xtl="0.00" ytl="282.90" xbr="1920.00" ybr="1080.00" z_order="0">
      <attribute name="Adipose Clipped">No</attribute>
      <attribute name="Confidence Level">3</attribute>
      <attribute name="Injury">No</attribute>
      <attribute name="Notes"></attribute>
      <attribute name="Sex">Female</attribute>
      <attribute name="View">Side</attribute>
    </box>
    <box frame="95" outside="0" occluded="0" keyframe="0" xtl="0.00" ytl="286.46" xbr="1920.00" ybr="1080.00" z_order="0">
      <attribute name="Adipose Clipped">No</attribute>
      <attribute name="Confidence Level">3</attribute>
      <attribute name="Injury">No</attribute>
      <attribute name="Notes"></attribute>
      <attribute name="Sex">Female</attribute>
      <attribute name="View">Side</attribute>
    </box>
    <box frame="96" outside="0" occluded="0" keyframe="0" xtl="0.00" ytl="290.01" xbr="1920.00" ybr="1080.00" z_order="0">
      <attribute name="Adipose Clipped">No</attribute>
      <attribute name="Confidence Level">3</attribute>
      <attribute name="Injury">No</attribute>
      <attribute name="Notes"></attribute>
      <attribute name="Sex">Female</attribute>
      <attribute name="View">Side</attribute>
    </box>
    <box frame="97" outside="0" occluded="0" keyframe="0" xtl="0.00" ytl="293.57" xbr="1920.00" ybr="1080.00" z_order="0">
      <attribute name="Adipose Clipped">No</attribute>
      <attribute name="Confidence Level">3</attribute>
      <attribute name="Injury">No</attribute>
      <attribute name="Notes"></attribute>
      <attribute name="Sex">Female</attribute>
      <attribute name="View">Side</attribute>
    </box>
    <box frame="98" outside="0" occluded="0" keyframe="0" xtl="0.00" ytl="297.13" xbr="1920.00" ybr="1080.00" z_order="0">
      <attribute name="Adipose Clipped">No</attribute>
      <attribute name="Confidence Level">3</attribute>
      <attribute name="Injury">No</attribute>
      <attribute name="Notes"></attribute>
      <attribute name="Sex">Female</attribute>
      <attribute name="View">Side</attribute>
    </box>
    <box frame="99" outside="0" occluded="0" keyframe="0" xtl="0.00" ytl="300.69" xbr="1920.00" ybr="1080.00" z_order="0">
      <attribute name="Adipose Clipped">No</attribute>
      <attribute name="Confidence Level">3</attribute>
      <attribute name="Injury">No</attribute>
      <attribute name="Notes"></attribute>
      <attribute name="Sex">Female</attribute>
      <attribute name="View">Side</attribute>
    </box>
    <box frame="100" outside="0" occluded="0" keyframe="0" xtl="0.00" ytl="304.24" xbr="1920.00" ybr="1080.00" z_order="0">
      <attribute name="Adipose Clipped">No</attribute>
      <attribute name="Confidence Level">3</attribute>
      <attribute name="Injury">No</attribute>
      <attribute name="Notes"></attribute>
      <attribute name="Sex">Female</attribute>
      <attribute name="View">Side</attribute>
    </box>
    <box frame="101" outside="0" occluded="0" keyframe="1" xtl="0.00" ytl="307.80" xbr="1920.00" ybr="1080.00" z_order="0">
      <attribute name="Adipose Clipped">No</attribute>
      <attribute name="Confidence Level">3</attribute>
      <attribute name="Injury">No</attribute>
      <attribute name="Notes"></attribute>
      <attribute name="Sex">Female</attribute>
      <attribute name="View">Side</attribute>
    </box>
    <box frame="102" outside="0" occluded="0" keyframe="0" xtl="62.20" ytl="311.43" xbr="1920.00" ybr="1080.00" z_order="0">
      <attribute name="Adipose Clipped">No</attribute>
      <attribute name="Confidence Level">3</attribute>
      <attribute name="Injury">No</attribute>
      <attribute name="Notes"></attribute>
      <attribute name="Sex">Female</attribute>
      <attribute name="View">Side</attribute>
    </box>
    <box frame="103" outside="0" occluded="0" keyframe="0" xtl="124.40" ytl="315.05" xbr="1920.00" ybr="1080.00" z_order="0">
      <attribute name="Adipose Clipped">No</attribute>
      <attribute name="Confidence Level">3</attribute>
      <attribute name="Injury">No</attribute>
      <attribute name="Notes"></attribute>
      <attribute name="Sex">Female</attribute>
      <attribute name="View">Side</attribute>
    </box>
    <box frame="104" outside="0" occluded="0" keyframe="0" xtl="186.60" ytl="318.68" xbr="1920.00" ybr="1080.00" z_order="0">
      <attribute name="Adipose Clipped">No</attribute>
      <attribute name="Confidence Level">3</attribute>
      <attribute name="Injury">No</attribute>
      <attribute name="Notes"></attribute>
      <attribute name="Sex">Female</attribute>
      <attribute name="View">Side</attribute>
    </box>
    <box frame="105" outside="0" occluded="0" keyframe="1" xtl="248.80" ytl="322.30" xbr="1920.00" ybr="1080.00" z_order="0">
      <attribute name="Adipose Clipped">No</attribute>
      <attribute name="Confidence Level">3</attribute>
      <attribute name="Injury">No</attribute>
      <attribute name="Notes"></attribute>
      <attribute name="Sex">Female</attribute>
      <attribute name="View">Side</attribute>
    </box>
    <box frame="106" outside="0" occluded="0" keyframe="0" xtl="264.14" ytl="296.18" xbr="1920.00" ybr="1080.00" z_order="0">
      <attribute name="Adipose Clipped">No</attribute>
      <attribute name="Confidence Level">3</attribute>
      <attribute name="Injury">No</attribute>
      <attribute name="Notes"></attribute>
      <attribute name="Sex">Female</attribute>
      <attribute name="View">Side</attribute>
    </box>
    <box frame="107" outside="0" occluded="0" keyframe="0" xtl="279.48" ytl="270.06" xbr="1920.00" ybr="1080.00" z_order="0">
      <attribute name="Adipose Clipped">No</attribute>
      <attribute name="Confidence Level">3</attribute>
      <attribute name="Injury">No</attribute>
      <attribute name="Notes"></attribute>
      <attribute name="Sex">Female</attribute>
      <attribute name="View">Side</attribute>
    </box>
    <box frame="108" outside="0" occluded="0" keyframe="0" xtl="294.82" ytl="243.94" xbr="1920.00" ybr="1080.00" z_order="0">
      <attribute name="Adipose Clipped">No</attribute>
      <attribute name="Confidence Level">3</attribute>
      <attribute name="Injury">No</attribute>
      <attribute name="Notes"></attribute>
      <attribute name="Sex">Female</attribute>
      <attribute name="View">Side</attribute>
    </box>
    <box frame="109" outside="0" occluded="0" keyframe="0" xtl="310.16" ytl="217.82" xbr="1920.00" ybr="1080.00" z_order="0">
      <attribute name="Adipose Clipped">No</attribute>
      <attribute name="Confidence Level">3</attribute>
      <attribute name="Injury">No</attribute>
      <attribute name="Notes"></attribute>
      <attribute name="Sex">Female</attribute>
      <attribute name="View">Side</attribute>
    </box>
    <box frame="110" outside="0" occluded="0" keyframe="1" xtl="325.50" ytl="191.70" xbr="1920.00" ybr="1080.00" z_order="0">
      <attribute name="Adipose Clipped">No</attribute>
      <attribute name="Confidence Level">3</attribute>
      <attribute name="Injury">No</attribute>
      <attribute name="Notes"></attribute>
      <attribute name="Sex">Female</attribute>
      <attribute name="View">Side</attribute>
    </box>
    <box frame="111" outside="0" occluded="0" keyframe="0" xtl="386.23" ytl="223.10" xbr="1920.00" ybr="1080.00" z_order="0">
      <attribute name="Adipose Clipped">No</attribute>
      <attribute name="Confidence Level">3</attribute>
      <attribute name="Injury">No</attribute>
      <attribute name="Notes"></attribute>
      <attribute name="Sex">Female</attribute>
      <attribute name="View">Side</attribute>
    </box>
    <box frame="112" outside="0" occluded="0" keyframe="0" xtl="446.96" ytl="254.50" xbr="1920.00" ybr="1080.00" z_order="0">
      <attribute name="Adipose Clipped">No</attribute>
      <attribute name="Confidence Level">3</attribute>
      <attribute name="Injury">No</attribute>
      <attribute name="Notes"></attribute>
      <attribute name="Sex">Female</attribute>
      <attribute name="View">Side</attribute>
    </box>
    <box frame="113" outside="0" occluded="0" keyframe="0" xtl="507.69" ytl="285.90" xbr="1920.00" ybr="1080.00" z_order="0">
      <attribute name="Adipose Clipped">No</attribute>
      <attribute name="Confidence Level">3</attribute>
      <attribute name="Injury">No</attribute>
      <attribute name="Notes"></attribute>
      <attribute name="Sex">Female</attribute>
      <attribute name="View">Side</attribute>
    </box>
    <box frame="114" outside="0" occluded="0" keyframe="0" xtl="568.41" ytl="317.30" xbr="1920.00" ybr="1080.00" z_order="0">
      <attribute name="Adipose Clipped">No</attribute>
      <attribute name="Confidence Level">3</attribute>
      <attribute name="Injury">No</attribute>
      <attribute name="Notes"></attribute>
      <attribute name="Sex">Female</attribute>
      <attribute name="View">Side</attribute>
    </box>
    <box frame="115" outside="0" occluded="0" keyframe="0" xtl="629.14" ytl="348.70" xbr="1920.00" ybr="1080.00" z_order="0">
      <attribute name="Adipose Clipped">No</attribute>
      <attribute name="Confidence Level">3</attribute>
      <attribute name="Injury">No</attribute>
      <attribute name="Notes"></attribute>
      <attribute name="Sex">Female</attribute>
      <attribute name="View">Side</attribute>
    </box>
    <box frame="116" outside="0" occluded="0" keyframe="0" xtl="689.87" ytl="380.10" xbr="1920.00" ybr="1080.00" z_order="0">
      <attribute name="Adipose Clipped">No</attribute>
      <attribute name="Confidence Level">3</attribute>
      <attribute name="Injury">No</attribute>
      <attribute name="Notes"></attribute>
      <attribute name="Sex">Female</attribute>
      <attribute name="View">Side</attribute>
    </box>
    <box frame="117" outside="0" occluded="0" keyframe="1" xtl="750.60" ytl="411.50" xbr="1920.00" ybr="1080.00" z_order="0">
      <attribute name="Adipose Clipped">No</attribute>
      <attribute name="Confidence Level">3</attribute>
      <attribute name="Injury">No</attribute>
      <attribute name="Notes"></attribute>
      <attribute name="Sex">Female</attribute>
      <attribute name="View">Side</attribute>
    </box>
    <box frame="118" outside="0" occluded="0" keyframe="0" xtl="749.55" ytl="343.10" xbr="1920.00" ybr="1080.00" z_order="0">
      <attribute name="Adipose Clipped">No</attribute>
      <attribute name="Confidence Level">3</attribute>
      <attribute name="Injury">No</attribute>
      <attribute name="Notes"></attribute>
      <attribute name="Sex">Female</attribute>
      <attribute name="View">Side</attribute>
    </box>
    <box frame="119" outside="0" occluded="0" keyframe="1" xtl="748.50" ytl="274.70" xbr="1920.00" ybr="1080.00" z_order="0">
      <attribute name="Adipose Clipped">No</attribute>
      <attribute name="Confidence Level">3</attribute>
      <attribute name="Injury">No</attribute>
      <attribute name="Notes"></attribute>
      <attribute name="Sex">Female</attribute>
      <attribute name="View">Side</attribute>
    </box>
    <box frame="120" outside="0" occluded="0" keyframe="0" xtl="798.95" ytl="296.82" xbr="1920.00" ybr="1080.00" z_order="0">
      <attribute name="Adipose Clipped">No</attribute>
      <attribute name="Confidence Level">3</attribute>
      <attribute name="Injury">No</attribute>
      <attribute name="Notes"></attribute>
      <attribute name="Sex">Female</attribute>
      <attribute name="View">Side</attribute>
    </box>
    <box frame="121" outside="0" occluded="0" keyframe="0" xtl="849.40" ytl="318.93" xbr="1920.00" ybr="1080.00" z_order="0">
      <attribute name="Adipose Clipped">No</attribute>
      <attribute name="Confidence Level">3</attribute>
      <attribute name="Injury">No</attribute>
      <attribute name="Notes"></attribute>
      <attribute name="Sex">Female</attribute>
      <attribute name="View">Side</attribute>
    </box>
    <box frame="122" outside="0" occluded="0" keyframe="0" xtl="899.85" ytl="341.05" xbr="1920.00" ybr="1080.00" z_order="0">
      <attribute name="Adipose Clipped">No</attribute>
      <attribute name="Confidence Level">3</attribute>
      <attribute name="Injury">No</attribute>
      <attribute name="Notes"></attribute>
      <attribute name="Sex">Female</attribute>
      <attribute name="View">Side</attribute>
    </box>
    <box frame="123" outside="0" occluded="0" keyframe="0" xtl="950.30" ytl="363.17" xbr="1920.00" ybr="1080.00" z_order="0">
      <attribute name="Adipose Clipped">No</attribute>
      <attribute name="Confidence Level">3</attribute>
      <attribute name="Injury">No</attribute>
      <attribute name="Notes"></attribute>
      <attribute name="Sex">Female</attribute>
      <attribute name="View">Side</attribute>
    </box>
    <box frame="124" outside="0" occluded="0" keyframe="0" xtl="1000.75" ytl="385.28" xbr="1920.00" ybr="1080.00" z_order="0">
      <attribute name="Adipose Clipped">No</attribute>
      <attribute name="Confidence Level">3</attribute>
      <attribute name="Injury">No</attribute>
      <attribute name="Notes"></attribute>
      <attribute name="Sex">Female</attribute>
      <attribute name="View">Side</attribute>
    </box>
    <box frame="125" outside="0" occluded="0" keyframe="1" xtl="1051.20" ytl="407.40" xbr="1920.00" ybr="1080.00" z_order="0">
      <attribute name="Adipose Clipped">No</attribute>
      <attribute name="Confidence Level">3</attribute>
      <attribute name="Injury">No</attribute>
      <attribute name="Notes"></attribute>
      <attribute name="Sex">Female</attribute>
      <attribute name="View">Side</attribute>
    </box>
    <box frame="126" outside="0" occluded="0" keyframe="0" xtl="1085.27" ytl="418.36" xbr="1920.00" ybr="1072.00" z_order="0">
      <attribute name="Adipose Clipped">No</attribute>
      <attribute name="Confidence Level">3</attribute>
      <attribute name="Injury">No</attribute>
      <attribute name="Notes"></attribute>
      <attribute name="Sex">Female</attribute>
      <attribute name="View">Side</attribute>
    </box>
    <box frame="127" outside="0" occluded="0" keyframe="0" xtl="1119.34" ytl="429.31" xbr="1920.00" ybr="1064.00" z_order="0">
      <attribute name="Adipose Clipped">No</attribute>
      <attribute name="Confidence Level">3</attribute>
      <attribute name="Injury">No</attribute>
      <attribute name="Notes"></attribute>
      <attribute name="Sex">Female</attribute>
      <attribute name="View">Side</attribute>
    </box>
    <box frame="128" outside="0" occluded="0" keyframe="0" xtl="1153.41" ytl="440.27" xbr="1920.00" ybr="1056.00" z_order="0">
      <attribute name="Adipose Clipped">No</attribute>
      <attribute name="Confidence Level">3</attribute>
      <attribute name="Injury">No</attribute>
      <attribute name="Notes"></attribute>
      <attribute name="Sex">Female</attribute>
      <attribute name="View">Side</attribute>
    </box>
    <box frame="129" outside="0" occluded="0" keyframe="0" xtl="1187.49" ytl="451.23" xbr="1920.00" ybr="1048.00" z_order="0">
      <attribute name="Adipose Clipped">No</attribute>
      <attribute name="Confidence Level">3</attribute>
      <attribute name="Injury">No</attribute>
      <attribute name="Notes"></attribute>
      <attribute name="Sex">Female</attribute>
      <attribute name="View">Side</attribute>
    </box>
    <box frame="130" outside="0" occluded="0" keyframe="0" xtl="1221.56" ytl="462.19" xbr="1920.00" ybr="1040.00" z_order="0">
      <attribute name="Adipose Clipped">No</attribute>
      <attribute name="Confidence Level">3</attribute>
      <attribute name="Injury">No</attribute>
      <attribute name="Notes"></attribute>
      <attribute name="Sex">Female</attribute>
      <attribute name="View">Side</attribute>
    </box>
    <box frame="131" outside="0" occluded="0" keyframe="0" xtl="1255.63" ytl="473.14" xbr="1920.00" ybr="1032.00" z_order="0">
      <attribute name="Adipose Clipped">No</attribute>
      <attribute name="Confidence Level">3</attribute>
      <attribute name="Injury">No</attribute>
      <attribute name="Notes"></attribute>
      <attribute name="Sex">Female</attribute>
      <attribute name="View">Side</attribute>
    </box>
    <box frame="132" outside="0" occluded="1" keyframe="1" xtl="1289.70" ytl="484.10" xbr="1920.00" ybr="1024.00" z_order="0">
      <attribute name="Adipose Clipped">No</attribute>
      <attribute name="Confidence Level">3</attribute>
      <attribute name="Injury">No</attribute>
      <attribute name="Notes"></attribute>
      <attribute name="Sex">Female</attribute>
      <attribute name="View">Side</attribute>
    </box>
    <box frame="133" outside="0" occluded="1" keyframe="0" xtl="1330.48" ytl="485.83" xbr="1920.00" ybr="1016.74" z_order="0">
      <attribute name="Adipose Clipped">No</attribute>
      <attribute name="Confidence Level">3</attribute>
      <attribute name="Injury">No</attribute>
      <attribute name="Notes"></attribute>
      <attribute name="Sex">Female</attribute>
      <attribute name="View">Side</attribute>
    </box>
    <box frame="134" outside="0" occluded="1" keyframe="0" xtl="1371.27" ytl="487.57" xbr="1920.00" ybr="1009.49" z_order="0">
      <attribute name="Adipose Clipped">No</attribute>
      <attribute name="Confidence Level">3</attribute>
      <attribute name="Injury">No</attribute>
      <attribute name="Notes"></attribute>
      <attribute name="Sex">Female</attribute>
      <attribute name="View">Side</attribute>
    </box>
    <box frame="135" outside="0" occluded="1" keyframe="0" xtl="1412.05" ytl="489.30" xbr="1920.00" ybr="1002.23" z_order="0">
      <attribute name="Adipose Clipped">No</attribute>
      <attribute name="Confidence Level">3</attribute>
      <attribute name="Injury">No</attribute>
      <attribute name="Notes"></attribute>
      <attribute name="Sex">Female</attribute>
      <attribute name="View">Side</attribute>
    </box>
    <box frame="136" outside="0" occluded="1" keyframe="0" xtl="1452.83" ytl="491.03" xbr="1920.00" ybr="994.97" z_order="0">
      <attribute name="Adipose Clipped">No</attribute>
      <attribute name="Confidence Level">3</attribute>
      <attribute name="Injury">No</attribute>
      <attribute name="Notes"></attribute>
      <attribute name="Sex">Female</attribute>
      <attribute name="View">Side</attribute>
    </box>
    <box frame="137" outside="0" occluded="1" keyframe="0" xtl="1493.62" ytl="492.77" xbr="1920.00" ybr="987.71" z_order="0">
      <attribute name="Adipose Clipped">No</attribute>
      <attribute name="Confidence Level">3</attribute>
      <attribute name="Injury">No</attribute>
      <attribute name="Notes"></attribute>
      <attribute name="Sex">Female</attribute>
      <attribute name="View">Side</attribute>
    </box>
    <box frame="138" outside="0" occluded="1" keyframe="1" xtl="1534.40" ytl="494.50" xbr="1920.00" ybr="980.46" z_order="0">
      <attribute name="Adipose Clipped">No</attribute>
      <attribute name="Confidence Level">3</attribute>
      <attribute name="Injury">No</attribute>
      <attribute name="Notes"></attribute>
      <attribute name="Sex">Female</attribute>
      <attribute name="View">Side</attribute>
    </box>
    <box frame="139" outside="0" occluded="1" keyframe="0" xtl="1596.60" ytl="487.24" xbr="1920.00" ybr="973.20" z_order="0">
      <attribute name="Adipose Clipped">No</attribute>
      <attribute name="Confidence Level">3</attribute>
      <attribute name="Injury">No</attribute>
      <attribute name="Notes"></attribute>
      <attribute name="Sex">Female</attribute>
      <attribute name="View">Side</attribute>
    </box>
    <box frame="140" outside="0" occluded="1" keyframe="1" xtl="1658.81" ytl="479.99" xbr="1920.00" ybr="965.94" z_order="0">
      <attribute name="Adipose Clipped">No</attribute>
      <attribute name="Confidence Level">3</attribute>
      <attribute name="Injury">No</attribute>
      <attribute name="Notes"></attribute>
      <attribute name="Sex">Female</attribute>
      <attribute name="View">Side</attribute>
    </box>
    <box frame="141" outside="0" occluded="1" keyframe="1" xtl="1876.55" ytl="500.68" xbr="1920.00" ybr="756.53" z_order="0">
      <attribute name="Adipose Clipped">No</attribute>
      <attribute name="Confidence Level">3</attribute>
      <attribute name="Injury">No</attribute>
      <attribute name="Notes"></attribute>
      <attribute name="Sex">Female</attribute>
      <attribute name="View">Side</attribute>
    </box>
    <box frame="142" outside="0" occluded="1" keyframe="0" xtl="1876.55" ytl="500.68" xbr="1920.00" ybr="756.53" z_order="0">
      <attribute name="Adipose Clipped">No</attribute>
      <attribute name="Confidence Level">3</attribute>
      <attribute name="Injury">No</attribute>
      <attribute name="Notes"></attribute>
      <attribute name="Sex">Female</attribute>
      <attribute name="View">Side</attribute>
    </box>
    <box frame="143" outside="1" occluded="1" keyframe="1" xtl="1876.55" ytl="500.68" xbr="1920.00" ybr="756.53" z_order="0">
      <attribute name="Adipose Clipped">No</attribute>
      <attribute name="Confidence Level">3</attribute>
      <attribute name="Injury">No</attribute>
      <attribute name="Notes"></attribute>
      <attribute name="Sex">Female</attribute>
      <attribute name="View">Side</attribute>
    </box>
  </track>
</annotations>