<?xml version="1.0" encoding="utf-8"?>
<annotations>
  <version>1.1</version>
  <meta>
    <task>
      <id>253</id>
      <name>09-15-2020 05-55-20 M Salmon Camera</name>
      <size>644</size>
      <mode>interpolation</mode>
      <overlap>5</overlap>
      <bugtracker></bugtracker>
      <created>2021-12-21 21:43:13.422637+00:00</created>
      <updated>2021-12-21 21:49:43.210183+00:00</updated>
      <subset>default</subset>
      <start_frame>0</start_frame>
      <stop_frame>643</stop_frame>
      <frame_filter></frame_filter>
      <segments>
        <segment>
          <id>250</id>
          <start>0</start>
          <stop>643</stop>
          <url>httplocalhost:8080/?id=250</url>
        </segment>
      </segments>
      <owner>
        <username>scurfield</username>
        <email>dan.scurfield@gmail.com</email>
      </owner>
      <assignee></assignee>
      <labels>
        <label>
          <name>Coho</name>
          <color>#83e070</color>
          <attributes>
            <attribute>
              <name>notes</name>
              <mutable>False</mutable>
              <input_type>text</input_type>
              <default_value>NA</default_value>
              <values>NA</values>
            </attribute>
            <attribute>
              <name>sex</name>
              <mutable>False</mutable>
              <input_type>select</input_type>
              <default_value>Male</default_value>
              <values>Male
Female
Jack</values>
            </attribute>
            <attribute>
              <name>view</name>
              <mutable>False</mutable>
              <input_type>select</input_type>
              <default_value>Side</default_value>
              <values>Side
Top-down</values>
            </attribute>
            <attribute>
              <name>Adipose Clipped</name>
              <mutable>False</mutable>
              <input_type>select</input_type>
              <default_value>No</default_value>
              <values>No
Yes
NA</values>
            </attribute>
            <attribute>
              <name>confidence level</name>
              <mutable>False</mutable>
              <input_type>select</input_type>
              <default_value>3</default_value>
              <values>3
2
1</values>
            </attribute>
            <attribute>
              <name>injury</name>
              <mutable>False</mutable>
              <input_type>select</input_type>
              <default_value>No</default_value>
              <values>No
Yes
NA</values>
            </attribute>
          </attributes>
        </label>
        <label>
          <name>Bull</name>
          <color>#20c000</color>
          <attributes>
            <attribute>
              <name>adipose clipped</name>
              <mutable>False</mutable>
              <input_type>select</input_type>
              <default_value>No</default_value>
              <values>No
NA</values>
            </attribute>
            <attribute>
              <name>confidence level</name>
              <mutable>False</mutable>
              <input_type>select</input_type>
              <default_value>3</default_value>
              <values>3
2
1</values>
            </attribute>
            <attribute>
              <name>injury</name>
              <mutable>False</mutable>
              <input_type>select</input_type>
              <default_value>No</default_value>
              <values>No
Yes
NA</values>
            </attribute>
            <attribute>
              <name>notes</name>
              <mutable>False</mutable>
              <input_type>text</input_type>
              <default_value>NA</default_value>
              <values>NA</values>
            </attribute>
            <attribute>
              <name>sex</name>
              <mutable>False</mutable>
              <input_type>select</input_type>
              <default_value>NA</default_value>
              <values>NA</values>
            </attribute>
            <attribute>
              <name>view</name>
              <mutable>False</mutable>
              <input_type>select</input_type>
              <default_value>Side</default_value>
              <values>Side
Top-down</values>
            </attribute>
          </attributes>
        </label>
        <label>
          <name>Chum</name>
          <color>#b83df5</color>
          <attributes>
            <attribute>
              <name>confidence level</name>
              <mutable>False</mutable>
              <input_type>select</input_type>
              <default_value>3</default_value>
              <values>3
2
1</values>
            </attribute>
            <attribute>
              <name>injury</name>
              <mutable>False</mutable>
              <input_type>select</input_type>
              <default_value>No</default_value>
              <values>No
Yes
NA</values>
            </attribute>
            <attribute>
              <name>adipose clipped</name>
              <mutable>False</mutable>
              <input_type>select</input_type>
              <default_value>No</default_value>
              <values>No
Yes
NA</values>
            </attribute>
            <attribute>
              <name>notes</name>
              <mutable>False</mutable>
              <input_type>text</input_type>
              <default_value>NA</default_value>
              <values>NA</values>
            </attribute>
            <attribute>
              <name>sex</name>
              <mutable>False</mutable>
              <input_type>select</input_type>
              <default_value>Male</default_value>
              <values>Male
Female</values>
            </attribute>
            <attribute>
              <name>view</name>
              <mutable>False</mutable>
              <input_type>select</input_type>
              <default_value>Side</default_value>
              <values>Side
Top-down</values>
            </attribute>
          </attributes>
        </label>
        <label>
          <name>Whitefish</name>
          <color>#e5e3ee</color>
          <attributes>
            <attribute>
              <name>adipose clipped</name>
              <mutable>False</mutable>
              <input_type>select</input_type>
              <default_value>No</default_value>
              <values>No
Yes
NA</values>
            </attribute>
            <attribute>
              <name>confidence level</name>
              <mutable>False</mutable>
              <input_type>select</input_type>
              <default_value>3</default_value>
              <values>3
2
1</values>
            </attribute>
            <attribute>
              <name>injury</name>
              <mutable>False</mutable>
              <input_type>select</input_type>
              <default_value>No</default_value>
              <values>No
Yes
NA</values>
            </attribute>
            <attribute>
              <name>notes</name>
              <mutable>False</mutable>
              <input_type>text</input_type>
              <default_value>NA</default_value>
              <values>NA</values>
            </attribute>
            <attribute>
              <name>sex</name>
              <mutable>False</mutable>
              <input_type>select</input_type>
              <default_value>NA</default_value>
              <values>NA</values>
            </attribute>
            <attribute>
              <name>view</name>
              <mutable>False</mutable>
              <input_type>select</input_type>
              <default_value>Side</default_value>
              <values>Side
Top-down</values>
            </attribute>
          </attributes>
        </label>
        <label>
          <name>Pink</name>
          <color>#fa7dbb</color>
          <attributes>
            <attribute>
              <name>sex</name>
              <mutable>False</mutable>
              <input_type>select</input_type>
              <default_value>Male</default_value>
              <values>Male
Female</values>
            </attribute>
            <attribute>
              <name>view</name>
              <mutable>False</mutable>
              <input_type>select</input_type>
              <default_value>Side</default_value>
              <values>Side
Top-down</values>
            </attribute>
            <attribute>
              <name>adipose clipped</name>
              <mutable>False</mutable>
              <input_type>select</input_type>
              <default_value>No</default_value>
              <values>No
Yes
NA</values>
            </attribute>
            <attribute>
              <name>confidence level</name>
              <mutable>False</mutable>
              <input_type>select</input_type>
              <default_value>3</default_value>
              <values>3
2
1</values>
            </attribute>
            <attribute>
              <name>injury</name>
              <mutable>False</mutable>
              <input_type>select</input_type>
              <default_value>No</default_value>
              <values>No
Yes
NA</values>
            </attribute>
            <attribute>
              <name>notes</name>
              <mutable>False</mutable>
              <input_type>text</input_type>
              <default_value>NA</default_value>
              <values>NA</values>
            </attribute>
          </attributes>
        </label>
        <label>
          <name>Sockeye</name>
          <color>#fa3253</color>
          <attributes>
            <attribute>
              <name>adipose clipped</name>
              <mutable>False</mutable>
              <input_type>select</input_type>
              <default_value>No</default_value>
              <values>No
Yes
NA</values>
            </attribute>
            <attribute>
              <name>confidence level</name>
              <mutable>False</mutable>
              <input_type>select</input_type>
              <default_value>3</default_value>
              <values>3
2
1</values>
            </attribute>
            <attribute>
              <name>injury</name>
              <mutable>False</mutable>
              <input_type>select</input_type>
              <default_value>No</default_value>
              <values>No
Yes
NA</values>
            </attribute>
            <attribute>
              <name>notes</name>
              <mutable>False</mutable>
              <input_type>text</input_type>
              <default_value>NA</default_value>
              <values>NA</values>
            </attribute>
            <attribute>
              <name>sex</name>
              <mutable>False</mutable>
              <input_type>select</input_type>
              <default_value>Male</default_value>
              <values>Male
Female
Jack</values>
            </attribute>
            <attribute>
              <name>view</name>
              <mutable>False</mutable>
              <input_type>select</input_type>
              <default_value>Side</default_value>
              <values>Side
Top-down</values>
            </attribute>
          </attributes>
        </label>
        <label>
          <name>Steelhead</name>
          <color>#32b7fa</color>
          <attributes>
            <attribute>
              <name>adipose clipped</name>
              <mutable>False</mutable>
              <input_type>select</input_type>
              <default_value>No</default_value>
              <values>No
Yes
NA</values>
            </attribute>
            <attribute>
              <name>confidence level</name>
              <mutable>False</mutable>
              <input_type>select</input_type>
              <default_value>3</default_value>
              <values>3
2
1</values>
            </attribute>
            <attribute>
              <name>injury</name>
              <mutable>False</mutable>
              <input_type>select</input_type>
              <default_value>No</default_value>
              <values>No
Yes
NA</values>
            </attribute>
            <attribute>
              <name>notes</name>
              <mutable>False</mutable>
              <input_type>text</input_type>
              <default_value>NA</default_value>
              <values>NA</values>
            </attribute>
            <attribute>
              <name>sex</name>
              <mutable>False</mutable>
              <input_type>select</input_type>
              <default_value>Male</default_value>
              <values>Male
Female</values>
            </attribute>
            <attribute>
              <name>view</name>
              <mutable>False</mutable>
              <input_type>select</input_type>
              <default_value>Side</default_value>
              <values>Side
Top-down</values>
            </attribute>
          </attributes>
        </label>
        <label>
          <name>Rainbow</name>
          <color>#f1c6e3</color>
          <attributes>
            <attribute>
              <name>adipose clipped</name>
              <mutable>False</mutable>
              <input_type>select</input_type>
              <default_value>No</default_value>
              <values>No
Yes
NA</values>
            </attribute>
            <attribute>
              <name>confidence level</name>
              <mutable>False</mutable>
              <input_type>select</input_type>
              <default_value>3</default_value>
              <values>3
2
1</values>
            </attribute>
            <attribute>
              <name>injury</name>
              <mutable>False</mutable>
              <input_type>select</input_type>
              <default_value>No</default_value>
              <values>No
Yes
NA</values>
            </attribute>
            <attribute>
              <name>notes</name>
              <mutable>False</mutable>
              <input_type>text</input_type>
              <default_value>NA</default_value>
              <values>NA</values>
            </attribute>
            <attribute>
              <name>view</name>
              <mutable>False</mutable>
              <input_type>select</input_type>
              <default_value>Side</default_value>
              <values>Side
Top-down</values>
            </attribute>
            <attribute>
              <name>sex</name>
              <mutable>False</mutable>
              <input_type>select</input_type>
              <default_value>NA</default_value>
              <values>NA
Juvenile</values>
            </attribute>
          </attributes>
        </label>
        <label>
          <name>Chinook</name>
          <color>#2a7dd1</color>
          <attributes>
            <attribute>
              <name>adipose clipped</name>
              <mutable>False</mutable>
              <input_type>select</input_type>
              <default_value>No</default_value>
              <values>No
Yes
NA</values>
            </attribute>
            <attribute>
              <name>confidence level</name>
              <mutable>False</mutable>
              <input_type>select</input_type>
              <default_value>3</default_value>
              <values>3
2
1</values>
            </attribute>
            <attribute>
              <name>injury</name>
              <mutable>False</mutable>
              <input_type>select</input_type>
              <default_value>No</default_value>
              <values>No
Yes
NA</values>
            </attribute>
            <attribute>
              <name>notes</name>
              <mutable>False</mutable>
              <input_type>text</input_type>
              <default_value>NA</default_value>
              <values>NA</values>
            </attribute>
            <attribute>
              <name>sex</name>
              <mutable>False</mutable>
              <input_type>select</input_type>
              <default_value>Male</default_value>
              <values>Male
Female
Jack</values>
            </attribute>
            <attribute>
              <name>view</name>
              <mutable>False</mutable>
              <input_type>select</input_type>
              <default_value>Side</default_value>
              <values>Side
Top-down</values>
            </attribute>
          </attributes>
        </label>
        <label>
          <name>Pikeminnow</name>
          <color>#ecc49c</color>
          <attributes>
            <attribute>
              <name>confidence level</name>
              <mutable>False</mutable>
              <input_type>select</input_type>
              <default_value>3</default_value>
              <values>3
2
1</values>
            </attribute>
            <attribute>
              <name>notes</name>
              <mutable>False</mutable>
              <input_type>text</input_type>
              <default_value>NA</default_value>
              <values>NA</values>
            </attribute>
          </attributes>
        </label>
        <label>
          <name>Shiner</name>
          <color>#8c78f0</color>
          <attributes>
            <attribute>
              <name>confidence level</name>
              <mutable>False</mutable>
              <input_type>select</input_type>
              <default_value>3</default_value>
              <values>3
2
1</values>
            </attribute>
            <attribute>
              <name>notes</name>
              <mutable>False</mutable>
              <input_type>text</input_type>
              <default_value>NA</default_value>
              <values>NA</values>
            </attribute>
          </attributes>
        </label>
        <label>
          <name>Lampray</name>
          <color>#2e2930</color>
          <attributes>
            <attribute>
              <name>confidence level</name>
              <mutable>False</mutable>
              <input_type>select</input_type>
              <default_value>3</default_value>
              <values>3
2
1</values>
            </attribute>
            <attribute>
              <name>notes</name>
              <mutable>False</mutable>
              <input_type>text</input_type>
              <default_value>NA</default_value>
              <values>NA</values>
            </attribute>
          </attributes>
        </label>
      </labels>
      <original_size>
        <width>1920</width>
        <height>1080</height>
      </original_size>
    </task>
    <dumped>2021-12-21 21:49:59.270282+00:00</dumped>
    <source>09-15-2020 05-55-20 M Salmon Camera.m4v</source>
  </meta>
  <track id="0" label="Sockeye" source="manual">
    <box frame="81" outside="0" occluded="1" keyframe="1" xtl="0.00" ytl="585.15" xbr="115.17" ybr="793.84" z_order="0">
      <attribute name="adipose clipped">No</attribute>
      <attribute name="confidence level">3</attribute>
      <attribute name="injury">No</attribute>
      <attribute name="notes">NA</attribute>
      <attribute name="sex">Male</attribute>
      <attribute name="view">Side</attribute>
    </box>
    <box frame="82" outside="0" occluded="1" keyframe="0" xtl="0.00" ytl="572.96" xbr="162.08" ybr="802.19" z_order="0">
      <attribute name="adipose clipped">No</attribute>
      <attribute name="confidence level">3</attribute>
      <attribute name="injury">No</attribute>
      <attribute name="notes">NA</attribute>
      <attribute name="sex">Male</attribute>
      <attribute name="view">Side</attribute>
    </box>
    <box frame="83" outside="0" occluded="1" keyframe="0" xtl="0.00" ytl="560.77" xbr="209.00" ybr="810.54" z_order="0">
      <attribute name="adipose clipped">No</attribute>
      <attribute name="confidence level">3</attribute>
      <attribute name="injury">No</attribute>
      <attribute name="notes">NA</attribute>
      <attribute name="sex">Male</attribute>
      <attribute name="view">Side</attribute>
    </box>
    <box frame="84" outside="0" occluded="1" keyframe="0" xtl="0.00" ytl="548.59" xbr="255.91" ybr="818.89" z_order="0">
      <attribute name="adipose clipped">No</attribute>
      <attribute name="confidence level">3</attribute>
      <attribute name="injury">No</attribute>
      <attribute name="notes">NA</attribute>
      <attribute name="sex">Male</attribute>
      <attribute name="view">Side</attribute>
    </box>
    <box frame="85" outside="0" occluded="1" keyframe="0" xtl="0.00" ytl="536.40" xbr="302.83" ybr="827.23" z_order="0">
      <attribute name="adipose clipped">No</attribute>
      <attribute name="confidence level">3</attribute>
      <attribute name="injury">No</attribute>
      <attribute name="notes">NA</attribute>
      <attribute name="sex">Male</attribute>
      <attribute name="view">Side</attribute>
    </box>
    <box frame="86" outside="0" occluded="1" keyframe="0" xtl="0.00" ytl="524.21" xbr="349.75" ybr="835.58" z_order="0">
      <attribute name="adipose clipped">No</attribute>
      <attribute name="confidence level">3</attribute>
      <attribute name="injury">No</attribute>
      <attribute name="notes">NA</attribute>
      <attribute name="sex">Male</attribute>
      <attribute name="view">Side</attribute>
    </box>
    <box frame="87" outside="0" occluded="1" keyframe="0" xtl="0.00" ytl="512.03" xbr="396.66" ybr="843.93" z_order="0">
      <attribute name="adipose clipped">No</attribute>
      <attribute name="confidence level">3</attribute>
      <attribute name="injury">No</attribute>
      <attribute name="notes">NA</attribute>
      <attribute name="sex">Male</attribute>
      <attribute name="view">Side</attribute>
    </box>
    <box frame="88" outside="0" occluded="1" keyframe="0" xtl="0.00" ytl="499.84" xbr="443.58" ybr="852.28" z_order="0">
      <attribute name="adipose clipped">No</attribute>
      <attribute name="confidence level">3</attribute>
      <attribute name="injury">No</attribute>
      <attribute name="notes">NA</attribute>
      <attribute name="sex">Male</attribute>
      <attribute name="view">Side</attribute>
    </box>
    <box frame="89" outside="0" occluded="1" keyframe="0" xtl="0.00" ytl="487.65" xbr="490.49" ybr="860.63" z_order="0">
      <attribute name="adipose clipped">No</attribute>
      <attribute name="confidence level">3</attribute>
      <attribute name="injury">No</attribute>
      <attribute name="notes">NA</attribute>
      <attribute name="sex">Male</attribute>
      <attribute name="view">Side</attribute>
    </box>
    <box frame="90" outside="0" occluded="1" keyframe="0" xtl="0.00" ytl="475.47" xbr="537.41" ybr="868.97" z_order="0">
      <attribute name="adipose clipped">No</attribute>
      <attribute name="confidence level">3</attribute>
      <attribute name="injury">No</attribute>
      <attribute name="notes">NA</attribute>
      <attribute name="sex">Male</attribute>
      <attribute name="view">Side</attribute>
    </box>
    <box frame="91" outside="0" occluded="0" keyframe="1" xtl="0.00" ytl="463.28" xbr="584.33" ybr="877.32" z_order="0">
      <attribute name="adipose clipped">No</attribute>
      <attribute name="confidence level">3</attribute>
      <attribute name="injury">No</attribute>
      <attribute name="notes">NA</attribute>
      <attribute name="sex">Male</attribute>
      <attribute name="view">Side</attribute>
    </box>
    <box frame="92" outside="0" occluded="0" keyframe="0" xtl="0.00" ytl="455.93" xbr="648.10" ybr="881.33" z_order="0">
      <attribute name="adipose clipped">No</attribute>
      <attribute name="confidence level">3</attribute>
      <attribute name="injury">No</attribute>
      <attribute name="notes">NA</attribute>
      <attribute name="sex">Male</attribute>
      <attribute name="view">Side</attribute>
    </box>
    <box frame="93" outside="0" occluded="0" keyframe="0" xtl="0.00" ytl="448.58" xbr="711.88" ybr="885.34" z_order="0">
      <attribute name="adipose clipped">No</attribute>
      <attribute name="confidence level">3</attribute>
      <attribute name="injury">No</attribute>
      <attribute name="notes">NA</attribute>
      <attribute name="sex">Male</attribute>
      <attribute name="view">Side</attribute>
    </box>
    <box frame="94" outside="0" occluded="0" keyframe="0" xtl="0.00" ytl="441.23" xbr="775.65" ybr="889.34" z_order="0">
      <attribute name="adipose clipped">No</attribute>
      <attribute name="confidence level">3</attribute>
      <attribute name="injury">No</attribute>
      <attribute name="notes">NA</attribute>
      <attribute name="sex">Male</attribute>
      <attribute name="view">Side</attribute>
    </box>
    <box frame="95" outside="0" occluded="0" keyframe="0" xtl="0.00" ytl="433.87" xbr="839.43" ybr="893.35" z_order="0">
      <attribute name="adipose clipped">No</attribute>
      <attribute name="confidence level">3</attribute>
      <attribute name="injury">No</attribute>
      <attribute name="notes">NA</attribute>
      <attribute name="sex">Male</attribute>
      <attribute name="view">Side</attribute>
    </box>
    <box frame="96" outside="0" occluded="0" keyframe="0" xtl="0.00" ytl="426.52" xbr="903.20" ybr="897.36" z_order="0">
      <attribute name="adipose clipped">No</attribute>
      <attribute name="confidence level">3</attribute>
      <attribute name="injury">No</attribute>
      <attribute name="notes">NA</attribute>
      <attribute name="sex">Male</attribute>
      <attribute name="view">Side</attribute>
    </box>
    <box frame="97" outside="0" occluded="0" keyframe="0" xtl="0.00" ytl="419.17" xbr="966.98" ybr="901.36" z_order="0">
      <attribute name="adipose clipped">No</attribute>
      <attribute name="confidence level">3</attribute>
      <attribute name="injury">No</attribute>
      <attribute name="notes">NA</attribute>
      <attribute name="sex">Male</attribute>
      <attribute name="view">Side</attribute>
    </box>
    <box frame="98" outside="0" occluded="0" keyframe="0" xtl="0.00" ytl="411.82" xbr="1030.75" ybr="905.37" z_order="0">
      <attribute name="adipose clipped">No</attribute>
      <attribute name="confidence level">3</attribute>
      <attribute name="injury">No</attribute>
      <attribute name="notes">NA</attribute>
      <attribute name="sex">Male</attribute>
      <attribute name="view">Side</attribute>
    </box>
    <box frame="99" outside="0" occluded="0" keyframe="0" xtl="0.00" ytl="404.47" xbr="1094.53" ybr="909.38" z_order="0">
      <attribute name="adipose clipped">No</attribute>
      <attribute name="confidence level">3</attribute>
      <attribute name="injury">No</attribute>
      <attribute name="notes">NA</attribute>
      <attribute name="sex">Male</attribute>
      <attribute name="view">Side</attribute>
    </box>
    <box frame="100" outside="0" occluded="0" keyframe="0" xtl="0.00" ytl="397.12" xbr="1158.30" ybr="913.38" z_order="0">
      <attribute name="adipose clipped">No</attribute>
      <attribute name="confidence level">3</attribute>
      <attribute name="injury">No</attribute>
      <attribute name="notes">NA</attribute>
      <attribute name="sex">Male</attribute>
      <attribute name="view">Side</attribute>
    </box>
    <box frame="101" outside="0" occluded="0" keyframe="1" xtl="0.00" ytl="389.77" xbr="1222.08" ybr="917.39" z_order="0">
      <attribute name="adipose clipped">No</attribute>
      <attribute name="confidence level">3</attribute>
      <attribute name="injury">No</attribute>
      <attribute name="notes">NA</attribute>
      <attribute name="sex">Male</attribute>
      <attribute name="view">Side</attribute>
    </box>
    <box frame="102" outside="0" occluded="0" keyframe="0" xtl="0.00" ytl="388.60" xbr="1275.00" ybr="917.39" z_order="0">
      <attribute name="adipose clipped">No</attribute>
      <attribute name="confidence level">3</attribute>
      <attribute name="injury">No</attribute>
      <attribute name="notes">NA</attribute>
      <attribute name="sex">Male</attribute>
      <attribute name="view">Side</attribute>
    </box>
    <box frame="103" outside="0" occluded="0" keyframe="0" xtl="0.00" ytl="387.44" xbr="1327.92" ybr="917.39" z_order="0">
      <attribute name="adipose clipped">No</attribute>
      <attribute name="confidence level">3</attribute>
      <attribute name="injury">No</attribute>
      <attribute name="notes">NA</attribute>
      <attribute name="sex">Male</attribute>
      <attribute name="view">Side</attribute>
    </box>
    <box frame="104" outside="0" occluded="0" keyframe="0" xtl="0.00" ytl="386.27" xbr="1380.85" ybr="917.39" z_order="0">
      <attribute name="adipose clipped">No</attribute>
      <attribute name="confidence level">3</attribute>
      <attribute name="injury">No</attribute>
      <attribute name="notes">NA</attribute>
      <attribute name="sex">Male</attribute>
      <attribute name="view">Side</attribute>
    </box>
    <box frame="105" outside="0" occluded="0" keyframe="0" xtl="0.00" ytl="385.10" xbr="1433.77" ybr="917.39" z_order="0">
      <attribute name="adipose clipped">No</attribute>
      <attribute name="confidence level">3</attribute>
      <attribute name="injury">No</attribute>
      <attribute name="notes">NA</attribute>
      <attribute name="sex">Male</attribute>
      <attribute name="view">Side</attribute>
    </box>
    <box frame="106" outside="0" occluded="0" keyframe="0" xtl="0.00" ytl="383.93" xbr="1486.69" ybr="917.39" z_order="0">
      <attribute name="adipose clipped">No</attribute>
      <attribute name="confidence level">3</attribute>
      <attribute name="injury">No</attribute>
      <attribute name="notes">NA</attribute>
      <attribute name="sex">Male</attribute>
      <attribute name="view">Side</attribute>
    </box>
    <box frame="107" outside="0" occluded="0" keyframe="0" xtl="0.00" ytl="382.77" xbr="1539.61" ybr="917.39" z_order="0">
      <attribute name="adipose clipped">No</attribute>
      <attribute name="confidence level">3</attribute>
      <attribute name="injury">No</attribute>
      <attribute name="notes">NA</attribute>
      <attribute name="sex">Male</attribute>
      <attribute name="view">Side</attribute>
    </box>
    <box frame="108" outside="0" occluded="0" keyframe="0" xtl="0.00" ytl="381.60" xbr="1592.53" ybr="917.39" z_order="0">
      <attribute name="adipose clipped">No</attribute>
      <attribute name="confidence level">3</attribute>
      <attribute name="injury">No</attribute>
      <attribute name="notes">NA</attribute>
      <attribute name="sex">Male</attribute>
      <attribute name="view">Side</attribute>
    </box>
    <box frame="109" outside="0" occluded="0" keyframe="0" xtl="0.00" ytl="380.43" xbr="1645.46" ybr="917.39" z_order="0">
      <attribute name="adipose clipped">No</attribute>
      <attribute name="confidence level">3</attribute>
      <attribute name="injury">No</attribute>
      <attribute name="notes">NA</attribute>
      <attribute name="sex">Male</attribute>
      <attribute name="view">Side</attribute>
    </box>
    <box frame="110" outside="0" occluded="0" keyframe="0" xtl="0.00" ytl="379.27" xbr="1698.38" ybr="917.39" z_order="0">
      <attribute name="adipose clipped">No</attribute>
      <attribute name="confidence level">3</attribute>
      <attribute name="injury">No</attribute>
      <attribute name="notes">NA</attribute>
      <attribute name="sex">Male</attribute>
      <attribute name="view">Side</attribute>
    </box>
    <box frame="111" outside="0" occluded="0" keyframe="1" xtl="0.00" ytl="378.10" xbr="1751.30" ybr="917.39" z_order="0">
      <attribute name="adipose clipped">No</attribute>
      <attribute name="confidence level">3</attribute>
      <attribute name="injury">No</attribute>
      <attribute name="notes">NA</attribute>
      <attribute name="sex">Male</attribute>
      <attribute name="view">Side</attribute>
    </box>
    <box frame="112" outside="0" occluded="0" keyframe="0" xtl="32.76" ytl="375.76" xbr="1768.17" ybr="915.05" z_order="0">
      <attribute name="adipose clipped">No</attribute>
      <attribute name="confidence level">3</attribute>
      <attribute name="injury">No</attribute>
      <attribute name="notes">NA</attribute>
      <attribute name="sex">Male</attribute>
      <attribute name="view">Side</attribute>
    </box>
    <box frame="113" outside="0" occluded="0" keyframe="0" xtl="65.51" ytl="373.43" xbr="1785.04" ybr="912.72" z_order="0">
      <attribute name="adipose clipped">No</attribute>
      <attribute name="confidence level">3</attribute>
      <attribute name="injury">No</attribute>
      <attribute name="notes">NA</attribute>
      <attribute name="sex">Male</attribute>
      <attribute name="view">Side</attribute>
    </box>
    <box frame="114" outside="0" occluded="0" keyframe="0" xtl="98.27" ytl="371.09" xbr="1801.91" ybr="910.38" z_order="0">
      <attribute name="adipose clipped">No</attribute>
      <attribute name="confidence level">3</attribute>
      <attribute name="injury">No</attribute>
      <attribute name="notes">NA</attribute>
      <attribute name="sex">Male</attribute>
      <attribute name="view">Side</attribute>
    </box>
    <box frame="115" outside="0" occluded="0" keyframe="0" xtl="131.02" ytl="368.75" xbr="1818.78" ybr="908.04" z_order="0">
      <attribute name="adipose clipped">No</attribute>
      <attribute name="confidence level">3</attribute>
      <attribute name="injury">No</attribute>
      <attribute name="notes">NA</attribute>
      <attribute name="sex">Male</attribute>
      <attribute name="view">Side</attribute>
    </box>
    <box frame="116" outside="0" occluded="0" keyframe="0" xtl="163.78" ytl="366.41" xbr="1835.65" ybr="905.70" z_order="0">
      <attribute name="adipose clipped">No</attribute>
      <attribute name="confidence level">3</attribute>
      <attribute name="injury">No</attribute>
      <attribute name="notes">NA</attribute>
      <attribute name="sex">Male</attribute>
      <attribute name="view">Side</attribute>
    </box>
    <box frame="117" outside="0" occluded="0" keyframe="0" xtl="196.53" ytl="364.08" xbr="1852.52" ybr="903.37" z_order="0">
      <attribute name="adipose clipped">No</attribute>
      <attribute name="confidence level">3</attribute>
      <attribute name="injury">No</attribute>
      <attribute name="notes">NA</attribute>
      <attribute name="sex">Male</attribute>
      <attribute name="view">Side</attribute>
    </box>
    <box frame="118" outside="0" occluded="0" keyframe="0" xtl="229.29" ytl="361.74" xbr="1869.39" ybr="901.03" z_order="0">
      <attribute name="adipose clipped">No</attribute>
      <attribute name="confidence level">3</attribute>
      <attribute name="injury">No</attribute>
      <attribute name="notes">NA</attribute>
      <attribute name="sex">Male</attribute>
      <attribute name="view">Side</attribute>
    </box>
    <box frame="119" outside="0" occluded="0" keyframe="0" xtl="262.04" ytl="359.40" xbr="1886.26" ybr="898.69" z_order="0">
      <attribute name="adipose clipped">No</attribute>
      <attribute name="confidence level">3</attribute>
      <attribute name="injury">No</attribute>
      <attribute name="notes">NA</attribute>
      <attribute name="sex">Male</attribute>
      <attribute name="view">Side</attribute>
    </box>
    <box frame="120" outside="0" occluded="0" keyframe="1" xtl="294.80" ytl="357.06" xbr="1903.13" ybr="896.35" z_order="0">
      <attribute name="adipose clipped">No</attribute>
      <attribute name="confidence level">3</attribute>
      <attribute name="injury">No</attribute>
      <attribute name="notes">NA</attribute>
      <attribute name="sex">Male</attribute>
      <attribute name="view">Side</attribute>
    </box>
    <box frame="121" outside="0" occluded="1" keyframe="1" xtl="407.37" ytl="354.73" xbr="1920.00" ybr="894.02" z_order="0">
      <attribute name="adipose clipped">No</attribute>
      <attribute name="confidence level">3</attribute>
      <attribute name="injury">No</attribute>
      <attribute name="notes">NA</attribute>
      <attribute name="sex">Male</attribute>
      <attribute name="view">Side</attribute>
    </box>
    <box frame="122" outside="0" occluded="1" keyframe="0" xtl="448.62" ytl="346.88" xbr="1920.00" ybr="894.02" z_order="0">
      <attribute name="adipose clipped">No</attribute>
      <attribute name="confidence level">3</attribute>
      <attribute name="injury">No</attribute>
      <attribute name="notes">NA</attribute>
      <attribute name="sex">Male</attribute>
      <attribute name="view">Side</attribute>
    </box>
    <box frame="123" outside="0" occluded="1" keyframe="0" xtl="489.86" ytl="339.04" xbr="1920.00" ybr="894.02" z_order="0">
      <attribute name="adipose clipped">No</attribute>
      <attribute name="confidence level">3</attribute>
      <attribute name="injury">No</attribute>
      <attribute name="notes">NA</attribute>
      <attribute name="sex">Male</attribute>
      <attribute name="view">Side</attribute>
    </box>
    <box frame="124" outside="0" occluded="1" keyframe="0" xtl="531.11" ytl="331.20" xbr="1920.00" ybr="894.02" z_order="0">
      <attribute name="adipose clipped">No</attribute>
      <attribute name="confidence level">3</attribute>
      <attribute name="injury">No</attribute>
      <attribute name="notes">NA</attribute>
      <attribute name="sex">Male</attribute>
      <attribute name="view">Side</attribute>
    </box>
    <box frame="125" outside="0" occluded="1" keyframe="0" xtl="572.35" ytl="323.36" xbr="1920.00" ybr="894.02" z_order="0">
      <attribute name="adipose clipped">No</attribute>
      <attribute name="confidence level">3</attribute>
      <attribute name="injury">No</attribute>
      <attribute name="notes">NA</attribute>
      <attribute name="sex">Male</attribute>
      <attribute name="view">Side</attribute>
    </box>
    <box frame="126" outside="0" occluded="1" keyframe="1" xtl="613.60" ytl="315.51" xbr="1920.00" ybr="894.02" z_order="0">
      <attribute name="adipose clipped">No</attribute>
      <attribute name="confidence level">3</attribute>
      <attribute name="injury">No</attribute>
      <attribute name="notes">NA</attribute>
      <attribute name="sex">Male</attribute>
      <attribute name="view">Side</attribute>
    </box>
    <box frame="127" outside="0" occluded="1" keyframe="0" xtl="664.86" ytl="307.67" xbr="1920.00" ybr="894.02" z_order="0">
      <attribute name="adipose clipped">No</attribute>
      <attribute name="confidence level">3</attribute>
      <attribute name="injury">No</attribute>
      <attribute name="notes">NA</attribute>
      <attribute name="sex">Male</attribute>
      <attribute name="view">Side</attribute>
    </box>
    <box frame="128" outside="0" occluded="1" keyframe="0" xtl="716.12" ytl="299.83" xbr="1920.00" ybr="894.02" z_order="0">
      <attribute name="adipose clipped">No</attribute>
      <attribute name="confidence level">3</attribute>
      <attribute name="injury">No</attribute>
      <attribute name="notes">NA</attribute>
      <attribute name="sex">Male</attribute>
      <attribute name="view">Side</attribute>
    </box>
    <box frame="129" outside="0" occluded="1" keyframe="0" xtl="767.38" ytl="291.98" xbr="1920.00" ybr="894.02" z_order="0">
      <attribute name="adipose clipped">No</attribute>
      <attribute name="confidence level">3</attribute>
      <attribute name="injury">No</attribute>
      <attribute name="notes">NA</attribute>
      <attribute name="sex">Male</attribute>
      <attribute name="view">Side</attribute>
    </box>
    <box frame="130" outside="0" occluded="1" keyframe="0" xtl="818.64" ytl="284.14" xbr="1920.00" ybr="894.02" z_order="0">
      <attribute name="adipose clipped">No</attribute>
      <attribute name="confidence level">3</attribute>
      <attribute name="injury">No</attribute>
      <attribute name="notes">NA</attribute>
      <attribute name="sex">Male</attribute>
      <attribute name="view">Side</attribute>
    </box>
    <box frame="131" outside="0" occluded="1" keyframe="1" xtl="869.90" ytl="276.30" xbr="1920.00" ybr="894.02" z_order="0">
      <attribute name="adipose clipped">No</attribute>
      <attribute name="confidence level">3</attribute>
      <attribute name="injury">No</attribute>
      <attribute name="notes">NA</attribute>
      <attribute name="sex">Male</attribute>
      <attribute name="view">Side</attribute>
    </box>
    <box frame="132" outside="0" occluded="1" keyframe="0" xtl="921.15" ytl="271.12" xbr="1920.00" ybr="897.86" z_order="0">
      <attribute name="adipose clipped">No</attribute>
      <attribute name="confidence level">3</attribute>
      <attribute name="injury">No</attribute>
      <attribute name="notes">NA</attribute>
      <attribute name="sex">Male</attribute>
      <attribute name="view">Side</attribute>
    </box>
    <box frame="133" outside="0" occluded="1" keyframe="0" xtl="972.40" ytl="265.94" xbr="1920.00" ybr="901.70" z_order="0">
      <attribute name="adipose clipped">No</attribute>
      <attribute name="confidence level">3</attribute>
      <attribute name="injury">No</attribute>
      <attribute name="notes">NA</attribute>
      <attribute name="sex">Male</attribute>
      <attribute name="view">Side</attribute>
    </box>
    <box frame="134" outside="0" occluded="1" keyframe="0" xtl="1023.65" ytl="260.76" xbr="1920.00" ybr="905.54" z_order="0">
      <attribute name="adipose clipped">No</attribute>
      <attribute name="confidence level">3</attribute>
      <attribute name="injury">No</attribute>
      <attribute name="notes">NA</attribute>
      <attribute name="sex">Male</attribute>
      <attribute name="view">Side</attribute>
    </box>
    <box frame="135" outside="0" occluded="1" keyframe="0" xtl="1074.90" ytl="255.58" xbr="1920.00" ybr="909.38" z_order="0">
      <attribute name="adipose clipped">No</attribute>
      <attribute name="confidence level">3</attribute>
      <attribute name="injury">No</attribute>
      <attribute name="notes">NA</attribute>
      <attribute name="sex">Male</attribute>
      <attribute name="view">Side</attribute>
    </box>
    <box frame="136" outside="0" occluded="1" keyframe="0" xtl="1126.15" ytl="250.40" xbr="1920.00" ybr="913.22" z_order="0">
      <attribute name="adipose clipped">No</attribute>
      <attribute name="confidence level">3</attribute>
      <attribute name="injury">No</attribute>
      <attribute name="notes">NA</attribute>
      <attribute name="sex">Male</attribute>
      <attribute name="view">Side</attribute>
    </box>
    <box frame="137" outside="0" occluded="1" keyframe="1" xtl="1177.40" ytl="245.22" xbr="1920.00" ybr="917.06" z_order="0">
      <attribute name="adipose clipped">No</attribute>
      <attribute name="confidence level">3</attribute>
      <attribute name="injury">No</attribute>
      <attribute name="notes">NA</attribute>
      <attribute name="sex">Male</attribute>
      <attribute name="view">Side</attribute>
    </box>
    <box frame="138" outside="0" occluded="1" keyframe="0" xtl="1246.19" ytl="240.04" xbr="1920.00" ybr="920.90" z_order="0">
      <attribute name="adipose clipped">No</attribute>
      <attribute name="confidence level">3</attribute>
      <attribute name="injury">No</attribute>
      <attribute name="notes">NA</attribute>
      <attribute name="sex">Male</attribute>
      <attribute name="view">Side</attribute>
    </box>
    <box frame="139" outside="0" occluded="1" keyframe="0" xtl="1314.97" ytl="234.86" xbr="1920.00" ybr="924.74" z_order="0">
      <attribute name="adipose clipped">No</attribute>
      <attribute name="confidence level">3</attribute>
      <attribute name="injury">No</attribute>
      <attribute name="notes">NA</attribute>
      <attribute name="sex">Male</attribute>
      <attribute name="view">Side</attribute>
    </box>
    <box frame="140" outside="0" occluded="1" keyframe="0" xtl="1383.76" ytl="229.68" xbr="1920.00" ybr="928.58" z_order="0">
      <attribute name="adipose clipped">No</attribute>
      <attribute name="confidence level">3</attribute>
      <attribute name="injury">No</attribute>
      <attribute name="notes">NA</attribute>
      <attribute name="sex">Male</attribute>
      <attribute name="view">Side</attribute>
    </box>
    <box frame="141" outside="0" occluded="1" keyframe="1" xtl="1452.54" ytl="224.50" xbr="1920.00" ybr="932.42" z_order="0">
      <attribute name="adipose clipped">No</attribute>
      <attribute name="confidence level">3</attribute>
      <attribute name="injury">No</attribute>
      <attribute name="notes">NA</attribute>
      <attribute name="sex">Male</attribute>
      <attribute name="view">Side</attribute>
    </box>
    <box frame="142" outside="0" occluded="1" keyframe="0" xtl="1461.08" ytl="237.30" xbr="1920.00" ybr="934.66" z_order="0">
      <attribute name="adipose clipped">No</attribute>
      <attribute name="confidence level">3</attribute>
      <attribute name="injury">No</attribute>
      <attribute name="notes">NA</attribute>
      <attribute name="sex">Male</attribute>
      <attribute name="view">Side</attribute>
    </box>
    <box frame="143" outside="0" occluded="1" keyframe="1" xtl="1469.62" ytl="250.10" xbr="1920.00" ybr="936.90" z_order="0">
      <attribute name="adipose clipped">No</attribute>
      <attribute name="confidence level">3</attribute>
      <attribute name="injury">No</attribute>
      <attribute name="notes">NA</attribute>
      <attribute name="sex">Male</attribute>
      <attribute name="view">Side</attribute>
    </box>
    <box frame="144" outside="0" occluded="1" keyframe="1" xtl="1478.16" ytl="262.90" xbr="1920.00" ybr="979.90" z_order="0">
      <attribute name="adipose clipped">No</attribute>
      <attribute name="confidence level">3</attribute>
      <attribute name="injury">No</attribute>
      <attribute name="notes">NA</attribute>
      <attribute name="sex">Male</attribute>
      <attribute name="view">Side</attribute>
    </box>
    <box frame="145" outside="0" occluded="1" keyframe="0" xtl="1486.69" ytl="275.70" xbr="1920.00" ybr="952.79" z_order="0">
      <attribute name="adipose clipped">No</attribute>
      <attribute name="confidence level">3</attribute>
      <attribute name="injury">No</attribute>
      <attribute name="notes">NA</attribute>
      <attribute name="sex">Male</attribute>
      <attribute name="view">Side</attribute>
    </box>
    <box frame="146" outside="0" occluded="1" keyframe="0" xtl="1495.23" ytl="288.50" xbr="1920.00" ybr="925.67" z_order="0">
      <attribute name="adipose clipped">No</attribute>
      <attribute name="confidence level">3</attribute>
      <attribute name="injury">No</attribute>
      <attribute name="notes">NA</attribute>
      <attribute name="sex">Male</attribute>
      <attribute name="view">Side</attribute>
    </box>
    <box frame="147" outside="0" occluded="1" keyframe="0" xtl="1503.77" ytl="301.30" xbr="1920.00" ybr="898.56" z_order="0">
      <attribute name="adipose clipped">No</attribute>
      <attribute name="confidence level">3</attribute>
      <attribute name="injury">No</attribute>
      <attribute name="notes">NA</attribute>
      <attribute name="sex">Male</attribute>
      <attribute name="view">Side</attribute>
    </box>
    <box frame="148" outside="0" occluded="1" keyframe="0" xtl="1512.30" ytl="314.10" xbr="1920.00" ybr="871.44" z_order="0">
      <attribute name="adipose clipped">No</attribute>
      <attribute name="confidence level">3</attribute>
      <attribute name="injury">No</attribute>
      <attribute name="notes">NA</attribute>
      <attribute name="sex">Male</attribute>
      <attribute name="view">Side</attribute>
    </box>
    <box frame="149" outside="0" occluded="1" keyframe="0" xtl="1520.84" ytl="326.90" xbr="1920.00" ybr="844.33" z_order="0">
      <attribute name="adipose clipped">No</attribute>
      <attribute name="confidence level">3</attribute>
      <attribute name="injury">No</attribute>
      <attribute name="notes">NA</attribute>
      <attribute name="sex">Male</attribute>
      <attribute name="view">Side</attribute>
    </box>
    <box frame="150" outside="0" occluded="1" keyframe="1" xtl="1529.38" ytl="339.70" xbr="1920.00" ybr="817.22" z_order="0">
      <attribute name="adipose clipped">No</attribute>
      <attribute name="confidence level">3</attribute>
      <attribute name="injury">No</attribute>
      <attribute name="notes">NA</attribute>
      <attribute name="sex">Male</attribute>
      <attribute name="view">Side</attribute>
    </box>
    <box frame="151" outside="0" occluded="1" keyframe="0" xtl="1552.23" ytl="342.27" xbr="1920.00" ybr="812.85" z_order="0">
      <attribute name="adipose clipped">No</attribute>
      <attribute name="confidence level">3</attribute>
      <attribute name="injury">No</attribute>
      <attribute name="notes">NA</attribute>
      <attribute name="sex">Male</attribute>
      <attribute name="view">Side</attribute>
    </box>
    <box frame="152" outside="0" occluded="1" keyframe="0" xtl="1575.09" ytl="344.84" xbr="1920.00" ybr="808.49" z_order="0">
      <attribute name="adipose clipped">No</attribute>
      <attribute name="confidence level">3</attribute>
      <attribute name="injury">No</attribute>
      <attribute name="notes">NA</attribute>
      <attribute name="sex">Male</attribute>
      <attribute name="view">Side</attribute>
    </box>
    <box frame="153" outside="0" occluded="1" keyframe="0" xtl="1597.94" ytl="347.41" xbr="1920.00" ybr="804.13" z_order="0">
      <attribute name="adipose clipped">No</attribute>
      <attribute name="confidence level">3</attribute>
      <attribute name="injury">No</attribute>
      <attribute name="notes">NA</attribute>
      <attribute name="sex">Male</attribute>
      <attribute name="view">Side</attribute>
    </box>
    <box frame="154" outside="0" occluded="1" keyframe="0" xtl="1620.80" ytl="349.98" xbr="1920.00" ybr="799.77" z_order="0">
      <attribute name="adipose clipped">No</attribute>
      <attribute name="confidence level">3</attribute>
      <attribute name="injury">No</attribute>
      <attribute name="notes">NA</attribute>
      <attribute name="sex">Male</attribute>
      <attribute name="view">Side</attribute>
    </box>
    <box frame="155" outside="0" occluded="1" keyframe="0" xtl="1643.66" ytl="352.55" xbr="1920.00" ybr="795.40" z_order="0">
      <attribute name="adipose clipped">No</attribute>
      <attribute name="confidence level">3</attribute>
      <attribute name="injury">No</attribute>
      <attribute name="notes">NA</attribute>
      <attribute name="sex">Male</attribute>
      <attribute name="view">Side</attribute>
    </box>
    <box frame="156" outside="0" occluded="1" keyframe="0" xtl="1666.51" ytl="355.12" xbr="1920.00" ybr="791.04" z_order="0">
      <attribute name="adipose clipped">No</attribute>
      <attribute name="confidence level">3</attribute>
      <attribute name="injury">No</attribute>
      <attribute name="notes">NA</attribute>
      <attribute name="sex">Male</attribute>
      <attribute name="view">Side</attribute>
    </box>
    <box frame="157" outside="0" occluded="1" keyframe="0" xtl="1689.37" ytl="357.68" xbr="1920.00" ybr="786.68" z_order="0">
      <attribute name="adipose clipped">No</attribute>
      <attribute name="confidence level">3</attribute>
      <attribute name="injury">No</attribute>
      <attribute name="notes">NA</attribute>
      <attribute name="sex">Male</attribute>
      <attribute name="view">Side</attribute>
    </box>
    <box frame="158" outside="0" occluded="1" keyframe="0" xtl="1712.22" ytl="360.25" xbr="1920.00" ybr="782.31" z_order="0">
      <attribute name="adipose clipped">No</attribute>
      <attribute name="confidence level">3</attribute>
      <attribute name="injury">No</attribute>
      <attribute name="notes">NA</attribute>
      <attribute name="sex">Male</attribute>
      <attribute name="view">Side</attribute>
    </box>
    <box frame="159" outside="0" occluded="1" keyframe="0" xtl="1735.08" ytl="362.82" xbr="1920.00" ybr="777.95" z_order="0">
      <attribute name="adipose clipped">No</attribute>
      <attribute name="confidence level">3</attribute>
      <attribute name="injury">No</attribute>
      <attribute name="notes">NA</attribute>
      <attribute name="sex">Male</attribute>
      <attribute name="view">Side</attribute>
    </box>
    <box frame="160" outside="0" occluded="1" keyframe="0" xtl="1757.93" ytl="365.39" xbr="1920.00" ybr="773.59" z_order="0">
      <attribute name="adipose clipped">No</attribute>
      <attribute name="confidence level">3</attribute>
      <attribute name="injury">No</attribute>
      <attribute name="notes">NA</attribute>
      <attribute name="sex">Male</attribute>
      <attribute name="view">Side</attribute>
    </box>
    <box frame="161" outside="0" occluded="1" keyframe="0" xtl="1780.79" ytl="367.96" xbr="1920.00" ybr="769.23" z_order="0">
      <attribute name="adipose clipped">No</attribute>
      <attribute name="confidence level">3</attribute>
      <attribute name="injury">No</attribute>
      <attribute name="notes">NA</attribute>
      <attribute name="sex">Male</attribute>
      <attribute name="view">Side</attribute>
    </box>
    <box frame="162" outside="0" occluded="1" keyframe="0" xtl="1803.64" ytl="370.53" xbr="1920.00" ybr="764.86" z_order="0">
      <attribute name="adipose clipped">No</attribute>
      <attribute name="confidence level">3</attribute>
      <attribute name="injury">No</attribute>
      <attribute name="notes">NA</attribute>
      <attribute name="sex">Male</attribute>
      <attribute name="view">Side</attribute>
    </box>
    <box frame="163" outside="0" occluded="1" keyframe="1" xtl="1826.50" ytl="373.10" xbr="1920.00" ybr="760.50" z_order="0">
      <attribute name="adipose clipped">No</attribute>
      <attribute name="confidence level">3</attribute>
      <attribute name="injury">No</attribute>
      <attribute name="notes">NA</attribute>
      <attribute name="sex">Male</attribute>
      <attribute name="view">Side</attribute>
    </box>
    <box frame="164" outside="0" occluded="1" keyframe="0" xtl="1826.50" ytl="373.10" xbr="1920.00" ybr="760.50" z_order="0">
      <attribute name="adipose clipped">No</attribute>
      <attribute name="confidence level">3</attribute>
      <attribute name="injury">No</attribute>
      <attribute name="notes">NA</attribute>
      <attribute name="sex">Male</attribute>
      <attribute name="view">Side</attribute>
    </box>
    <box frame="165" outside="0" occluded="1" keyframe="0" xtl="1826.50" ytl="373.10" xbr="1920.00" ybr="760.50" z_order="0">
      <attribute name="adipose clipped">No</attribute>
      <attribute name="confidence level">3</attribute>
      <attribute name="injury">No</attribute>
      <attribute name="notes">NA</attribute>
      <attribute name="sex">Male</attribute>
      <attribute name="view">Side</attribute>
    </box>
    <box frame="166" outside="1" occluded="1" keyframe="1" xtl="1826.50" ytl="373.10" xbr="1920.00" ybr="760.50" z_order="0">
      <attribute name="adipose clipped">No</attribute>
      <attribute name="confidence level">3</attribute>
      <attribute name="injury">No</attribute>
      <attribute name="notes">NA</attribute>
      <attribute name="sex">Male</attribute>
      <attribute name="view">Side</attribute>
    </box>
  </track>
</annotations>
