<?xml version="1.0" encoding="utf-8"?>
<annotations>
  <version>1.1</version>
  <meta>
    <task>
      <id>131</id>
      <name>09-09-2020 00-47-51 M Salmon Camera</name>
      <size>665</size>
      <mode>interpolation</mode>
      <overlap>5</overlap>
      <bugtracker></bugtracker>
      <created>2021-12-08 17:49:56.024263+00:00</created>
      <updated>2021-12-08 17:55:11.106679+00:00</updated>
      <subset>default</subset>
      <start_frame>0</start_frame>
      <stop_frame>664</stop_frame>
      <frame_filter></frame_filter>
      <segments>
        <segment>
          <id>131</id>
          <start>0</start>
          <stop>664</stop>
          <url>httplocalhost:8080/?id=131</url>
        </segment>
      </segments>
      <owner>
        <username>scurfield</username>
        <email>dan.scurfield@gmail.com</email>
      </owner>
      <assignee></assignee>
      <labels>
        <label>
          <name>Coho</name>
          <color>#83e070</color>
          <attributes>
            <attribute>
              <name>Adipose Clipped</name>
              <mutable>False</mutable>
              <input_type>select</input_type>
              <default_value>No</default_value>
              <values>No
Yes
NA</values>
            </attribute>
            <attribute>
              <name>confidence level</name>
              <mutable>False</mutable>
              <input_type>select</input_type>
              <default_value>3</default_value>
              <values>3
2
1</values>
            </attribute>
            <attribute>
              <name>injury</name>
              <mutable>False</mutable>
              <input_type>select</input_type>
              <default_value>No</default_value>
              <values>No
Yes
NA</values>
            </attribute>
            <attribute>
              <name>notes</name>
              <mutable>False</mutable>
              <input_type>text</input_type>
              <default_value>NA</default_value>
              <values>NA</values>
            </attribute>
            <attribute>
              <name>sex</name>
              <mutable>False</mutable>
              <input_type>select</input_type>
              <default_value>Male</default_value>
              <values>Male
Female
Jack</values>
            </attribute>
            <attribute>
              <name>view</name>
              <mutable>False</mutable>
              <input_type>select</input_type>
              <default_value>Side</default_value>
              <values>Side
Top-down</values>
            </attribute>
          </attributes>
        </label>
        <label>
          <name>Bull</name>
          <color>#20c000</color>
          <attributes>
            <attribute>
              <name>adipose clipped</name>
              <mutable>False</mutable>
              <input_type>select</input_type>
              <default_value>No</default_value>
              <values>No
NA</values>
            </attribute>
            <attribute>
              <name>confidence level</name>
              <mutable>False</mutable>
              <input_type>select</input_type>
              <default_value>3</default_value>
              <values>3
2
1</values>
            </attribute>
            <attribute>
              <name>injury</name>
              <mutable>False</mutable>
              <input_type>select</input_type>
              <default_value>No</default_value>
              <values>No
Yes
NA</values>
            </attribute>
            <attribute>
              <name>notes</name>
              <mutable>False</mutable>
              <input_type>text</input_type>
              <default_value>NA</default_value>
              <values>NA</values>
            </attribute>
            <attribute>
              <name>sex</name>
              <mutable>False</mutable>
              <input_type>select</input_type>
              <default_value>NA</default_value>
              <values>NA</values>
            </attribute>
            <attribute>
              <name>view</name>
              <mutable>False</mutable>
              <input_type>select</input_type>
              <default_value>Side</default_value>
              <values>Side
Top-down</values>
            </attribute>
          </attributes>
        </label>
        <label>
          <name>Chum</name>
          <color>#b83df5</color>
          <attributes>
            <attribute>
              <name>adipose clipped</name>
              <mutable>False</mutable>
              <input_type>select</input_type>
              <default_value>No</default_value>
              <values>No
Yes
NA</values>
            </attribute>
            <attribute>
              <name>confidence level</name>
              <mutable>False</mutable>
              <input_type>select</input_type>
              <default_value>3</default_value>
              <values>3
2
1</values>
            </attribute>
            <attribute>
              <name>injury</name>
              <mutable>False</mutable>
              <input_type>select</input_type>
              <default_value>No</default_value>
              <values>No
Yes
NA</values>
            </attribute>
            <attribute>
              <name>notes</name>
              <mutable>False</mutable>
              <input_type>text</input_type>
              <default_value>NA</default_value>
              <values>NA</values>
            </attribute>
            <attribute>
              <name>sex</name>
              <mutable>False</mutable>
              <input_type>select</input_type>
              <default_value>Male</default_value>
              <values>Male
Female</values>
            </attribute>
            <attribute>
              <name>view</name>
              <mutable>False</mutable>
              <input_type>select</input_type>
              <default_value>Side</default_value>
              <values>Side
Top-down</values>
            </attribute>
          </attributes>
        </label>
        <label>
          <name>Whitefish</name>
          <color>#e5e3ee</color>
          <attributes>
            <attribute>
              <name>adipose clipped</name>
              <mutable>False</mutable>
              <input_type>select</input_type>
              <default_value>No</default_value>
              <values>No
Yes
NA</values>
            </attribute>
            <attribute>
              <name>confidence level</name>
              <mutable>False</mutable>
              <input_type>select</input_type>
              <default_value>3</default_value>
              <values>3
2
1</values>
            </attribute>
            <attribute>
              <name>injury</name>
              <mutable>False</mutable>
              <input_type>select</input_type>
              <default_value>No</default_value>
              <values>No
Yes
NA</values>
            </attribute>
            <attribute>
              <name>notes</name>
              <mutable>False</mutable>
              <input_type>text</input_type>
              <default_value>NA</default_value>
              <values>NA</values>
            </attribute>
            <attribute>
              <name>sex</name>
              <mutable>False</mutable>
              <input_type>select</input_type>
              <default_value>NA</default_value>
              <values>NA</values>
            </attribute>
            <attribute>
              <name>view</name>
              <mutable>False</mutable>
              <input_type>select</input_type>
              <default_value>Side</default_value>
              <values>Side
Top-down</values>
            </attribute>
          </attributes>
        </label>
        <label>
          <name>Pink</name>
          <color>#fa7dbb</color>
          <attributes>
            <attribute>
              <name>adipose clipped</name>
              <mutable>False</mutable>
              <input_type>select</input_type>
              <default_value>No</default_value>
              <values>No
Yes
NA</values>
            </attribute>
            <attribute>
              <name>confidence level</name>
              <mutable>False</mutable>
              <input_type>select</input_type>
              <default_value>3</default_value>
              <values>3
2
1</values>
            </attribute>
            <attribute>
              <name>injury</name>
              <mutable>False</mutable>
              <input_type>select</input_type>
              <default_value>No</default_value>
              <values>No
Yes
NA</values>
            </attribute>
            <attribute>
              <name>notes</name>
              <mutable>False</mutable>
              <input_type>text</input_type>
              <default_value>NA</default_value>
              <values>NA</values>
            </attribute>
            <attribute>
              <name>sex</name>
              <mutable>False</mutable>
              <input_type>select</input_type>
              <default_value>Male</default_value>
              <values>Male
Female</values>
            </attribute>
            <attribute>
              <name>view</name>
              <mutable>False</mutable>
              <input_type>select</input_type>
              <default_value>Side</default_value>
              <values>Side
Top-down</values>
            </attribute>
          </attributes>
        </label>
        <label>
          <name>Sockeye</name>
          <color>#fa3253</color>
          <attributes>
            <attribute>
              <name>adipose clipped</name>
              <mutable>False</mutable>
              <input_type>select</input_type>
              <default_value>No</default_value>
              <values>No
Yes
NA</values>
            </attribute>
            <attribute>
              <name>confidence level</name>
              <mutable>False</mutable>
              <input_type>select</input_type>
              <default_value>3</default_value>
              <values>3
2
1</values>
            </attribute>
            <attribute>
              <name>injury</name>
              <mutable>False</mutable>
              <input_type>select</input_type>
              <default_value>No</default_value>
              <values>No
Yes
NA</values>
            </attribute>
            <attribute>
              <name>notes</name>
              <mutable>False</mutable>
              <input_type>text</input_type>
              <default_value>NA</default_value>
              <values>NA</values>
            </attribute>
            <attribute>
              <name>sex</name>
              <mutable>False</mutable>
              <input_type>select</input_type>
              <default_value>Male</default_value>
              <values>Male
Female
Jack</values>
            </attribute>
            <attribute>
              <name>view</name>
              <mutable>False</mutable>
              <input_type>select</input_type>
              <default_value>Side</default_value>
              <values>Side
Top-down</values>
            </attribute>
          </attributes>
        </label>
        <label>
          <name>Steelhead</name>
          <color>#32b7fa</color>
          <attributes>
            <attribute>
              <name>adipose clipped</name>
              <mutable>False</mutable>
              <input_type>select</input_type>
              <default_value>No</default_value>
              <values>No
Yes
NA</values>
            </attribute>
            <attribute>
              <name>confidence level</name>
              <mutable>False</mutable>
              <input_type>select</input_type>
              <default_value>3</default_value>
              <values>3
2
1</values>
            </attribute>
            <attribute>
              <name>injury</name>
              <mutable>False</mutable>
              <input_type>select</input_type>
              <default_value>No</default_value>
              <values>No
Yes
NA</values>
            </attribute>
            <attribute>
              <name>notes</name>
              <mutable>False</mutable>
              <input_type>text</input_type>
              <default_value>NA</default_value>
              <values>NA</values>
            </attribute>
            <attribute>
              <name>sex</name>
              <mutable>False</mutable>
              <input_type>select</input_type>
              <default_value>Male</default_value>
              <values>Male
Female</values>
            </attribute>
            <attribute>
              <name>view</name>
              <mutable>False</mutable>
              <input_type>select</input_type>
              <default_value>Side</default_value>
              <values>Side
Top-down</values>
            </attribute>
          </attributes>
        </label>
        <label>
          <name>Rainbow</name>
          <color>#f1c6e3</color>
          <attributes>
            <attribute>
              <name>adipose clipped</name>
              <mutable>False</mutable>
              <input_type>select</input_type>
              <default_value>No</default_value>
              <values>No
Yes
NA</values>
            </attribute>
            <attribute>
              <name>confidence level</name>
              <mutable>False</mutable>
              <input_type>select</input_type>
              <default_value>3</default_value>
              <values>3
2
1</values>
            </attribute>
            <attribute>
              <name>injury</name>
              <mutable>False</mutable>
              <input_type>select</input_type>
              <default_value>No</default_value>
              <values>No
Yes
NA</values>
            </attribute>
            <attribute>
              <name>notes</name>
              <mutable>False</mutable>
              <input_type>text</input_type>
              <default_value>NA</default_value>
              <values>NA</values>
            </attribute>
            <attribute>
              <name>sex</name>
              <mutable>False</mutable>
              <input_type>select</input_type>
              <default_value>NA</default_value>
              <values>NA
Juvenile</values>
            </attribute>
            <attribute>
              <name>view</name>
              <mutable>False</mutable>
              <input_type>select</input_type>
              <default_value>Side</default_value>
              <values>Side
Top-down</values>
            </attribute>
          </attributes>
        </label>
        <label>
          <name>Chinook</name>
          <color>#2a7dd1</color>
          <attributes>
            <attribute>
              <name>adipose clipped</name>
              <mutable>False</mutable>
              <input_type>select</input_type>
              <default_value>No</default_value>
              <values>No
Yes
NA</values>
            </attribute>
            <attribute>
              <name>confidence level</name>
              <mutable>False</mutable>
              <input_type>select</input_type>
              <default_value>3</default_value>
              <values>3
2
1</values>
            </attribute>
            <attribute>
              <name>injury</name>
              <mutable>False</mutable>
              <input_type>select</input_type>
              <default_value>No</default_value>
              <values>No
Yes
NA</values>
            </attribute>
            <attribute>
              <name>notes</name>
              <mutable>False</mutable>
              <input_type>text</input_type>
              <default_value>NA</default_value>
              <values>NA</values>
            </attribute>
            <attribute>
              <name>sex</name>
              <mutable>False</mutable>
              <input_type>select</input_type>
              <default_value>Male</default_value>
              <values>Male
Female
Jack</values>
            </attribute>
            <attribute>
              <name>view</name>
              <mutable>False</mutable>
              <input_type>select</input_type>
              <default_value>Side</default_value>
              <values>Side
Top-down</values>
            </attribute>
          </attributes>
        </label>
        <label>
          <name>Pikeminnow</name>
          <color>#ecc49c</color>
          <attributes>
            <attribute>
              <name>confidence level</name>
              <mutable>False</mutable>
              <input_type>select</input_type>
              <default_value>3</default_value>
              <values>3
2
1</values>
            </attribute>
            <attribute>
              <name>notes</name>
              <mutable>False</mutable>
              <input_type>text</input_type>
              <default_value>NA</default_value>
              <values>NA</values>
            </attribute>
          </attributes>
        </label>
        <label>
          <name>Shiner</name>
          <color>#8c78f0</color>
          <attributes>
            <attribute>
              <name>confidence level</name>
              <mutable>False</mutable>
              <input_type>select</input_type>
              <default_value>3</default_value>
              <values>3
2
1</values>
            </attribute>
            <attribute>
              <name>notes</name>
              <mutable>False</mutable>
              <input_type>text</input_type>
              <default_value>NA</default_value>
              <values>NA</values>
            </attribute>
          </attributes>
        </label>
      </labels>
      <original_size>
        <width>1920</width>
        <height>1080</height>
      </original_size>
    </task>
    <dumped>2021-12-08 17:55:19.802315+00:00</dumped>
    <source>09-09-2020 00-47-51 M Salmon Camera.m4v</source>
  </meta>
  <track id="0" label="Coho" source="manual">
    <box frame="97" outside="0" occluded="1" keyframe="1" xtl="0.00" ytl="254.57" xbr="115.17" ybr="504.98" z_order="0">
      <attribute name="Adipose Clipped">No</attribute>
      <attribute name="confidence level">3</attribute>
      <attribute name="injury">No</attribute>
      <attribute name="notes">NA</attribute>
      <attribute name="sex">Female</attribute>
      <attribute name="view">Side</attribute>
    </box>
    <box frame="98" outside="0" occluded="1" keyframe="0" xtl="0.00" ytl="252.30" xbr="151.90" ybr="523.96" z_order="0">
      <attribute name="Adipose Clipped">No</attribute>
      <attribute name="confidence level">3</attribute>
      <attribute name="injury">No</attribute>
      <attribute name="notes">NA</attribute>
      <attribute name="sex">Female</attribute>
      <attribute name="view">Side</attribute>
    </box>
    <box frame="99" outside="0" occluded="1" keyframe="0" xtl="0.00" ytl="250.02" xbr="188.63" ybr="542.93" z_order="0">
      <attribute name="Adipose Clipped">No</attribute>
      <attribute name="confidence level">3</attribute>
      <attribute name="injury">No</attribute>
      <attribute name="notes">NA</attribute>
      <attribute name="sex">Female</attribute>
      <attribute name="view">Side</attribute>
    </box>
    <box frame="100" outside="0" occluded="1" keyframe="0" xtl="0.00" ytl="247.74" xbr="225.36" ybr="561.90" z_order="0">
      <attribute name="Adipose Clipped">No</attribute>
      <attribute name="confidence level">3</attribute>
      <attribute name="injury">No</attribute>
      <attribute name="notes">NA</attribute>
      <attribute name="sex">Female</attribute>
      <attribute name="view">Side</attribute>
    </box>
    <box frame="101" outside="0" occluded="1" keyframe="0" xtl="0.00" ytl="245.47" xbr="262.09" ybr="580.88" z_order="0">
      <attribute name="Adipose Clipped">No</attribute>
      <attribute name="confidence level">3</attribute>
      <attribute name="injury">No</attribute>
      <attribute name="notes">NA</attribute>
      <attribute name="sex">Female</attribute>
      <attribute name="view">Side</attribute>
    </box>
    <box frame="102" outside="0" occluded="1" keyframe="0" xtl="0.00" ytl="243.19" xbr="298.82" ybr="599.85" z_order="0">
      <attribute name="Adipose Clipped">No</attribute>
      <attribute name="confidence level">3</attribute>
      <attribute name="injury">No</attribute>
      <attribute name="notes">NA</attribute>
      <attribute name="sex">Female</attribute>
      <attribute name="view">Side</attribute>
    </box>
    <box frame="103" outside="0" occluded="1" keyframe="0" xtl="0.00" ytl="240.91" xbr="335.55" ybr="618.83" z_order="0">
      <attribute name="Adipose Clipped">No</attribute>
      <attribute name="confidence level">3</attribute>
      <attribute name="injury">No</attribute>
      <attribute name="notes">NA</attribute>
      <attribute name="sex">Female</attribute>
      <attribute name="view">Side</attribute>
    </box>
    <box frame="104" outside="0" occluded="1" keyframe="0" xtl="0.00" ytl="238.64" xbr="372.28" ybr="637.80" z_order="0">
      <attribute name="Adipose Clipped">No</attribute>
      <attribute name="confidence level">3</attribute>
      <attribute name="injury">No</attribute>
      <attribute name="notes">NA</attribute>
      <attribute name="sex">Female</attribute>
      <attribute name="view">Side</attribute>
    </box>
    <box frame="105" outside="0" occluded="1" keyframe="0" xtl="0.00" ytl="236.36" xbr="409.01" ybr="656.78" z_order="0">
      <attribute name="Adipose Clipped">No</attribute>
      <attribute name="confidence level">3</attribute>
      <attribute name="injury">No</attribute>
      <attribute name="notes">NA</attribute>
      <attribute name="sex">Female</attribute>
      <attribute name="view">Side</attribute>
    </box>
    <box frame="106" outside="0" occluded="1" keyframe="0" xtl="0.00" ytl="234.08" xbr="445.74" ybr="675.75" z_order="0">
      <attribute name="Adipose Clipped">No</attribute>
      <attribute name="confidence level">3</attribute>
      <attribute name="injury">No</attribute>
      <attribute name="notes">NA</attribute>
      <attribute name="sex">Female</attribute>
      <attribute name="view">Side</attribute>
    </box>
    <box frame="107" outside="0" occluded="1" keyframe="0" xtl="0.00" ytl="231.81" xbr="482.47" ybr="694.73" z_order="0">
      <attribute name="Adipose Clipped">No</attribute>
      <attribute name="confidence level">3</attribute>
      <attribute name="injury">No</attribute>
      <attribute name="notes">NA</attribute>
      <attribute name="sex">Female</attribute>
      <attribute name="view">Side</attribute>
    </box>
    <box frame="108" outside="0" occluded="0" keyframe="1" xtl="0.00" ytl="229.53" xbr="519.20" ybr="713.70" z_order="0">
      <attribute name="Adipose Clipped">No</attribute>
      <attribute name="confidence level">3</attribute>
      <attribute name="injury">No</attribute>
      <attribute name="notes">NA</attribute>
      <attribute name="sex">Female</attribute>
      <attribute name="view">Side</attribute>
    </box>
    <box frame="109" outside="0" occluded="0" keyframe="0" xtl="0.00" ytl="232.53" xbr="554.59" ybr="734.07" z_order="0">
      <attribute name="Adipose Clipped">No</attribute>
      <attribute name="confidence level">3</attribute>
      <attribute name="injury">No</attribute>
      <attribute name="notes">NA</attribute>
      <attribute name="sex">Female</attribute>
      <attribute name="view">Side</attribute>
    </box>
    <box frame="110" outside="0" occluded="0" keyframe="0" xtl="0.00" ytl="235.54" xbr="589.98" ybr="754.44" z_order="0">
      <attribute name="Adipose Clipped">No</attribute>
      <attribute name="confidence level">3</attribute>
      <attribute name="injury">No</attribute>
      <attribute name="notes">NA</attribute>
      <attribute name="sex">Female</attribute>
      <attribute name="view">Side</attribute>
    </box>
    <box frame="111" outside="0" occluded="0" keyframe="0" xtl="0.00" ytl="238.54" xbr="625.37" ybr="774.81" z_order="0">
      <attribute name="Adipose Clipped">No</attribute>
      <attribute name="confidence level">3</attribute>
      <attribute name="injury">No</attribute>
      <attribute name="notes">NA</attribute>
      <attribute name="sex">Female</attribute>
      <attribute name="view">Side</attribute>
    </box>
    <box frame="112" outside="0" occluded="0" keyframe="0" xtl="0.00" ytl="241.55" xbr="660.76" ybr="795.18" z_order="0">
      <attribute name="Adipose Clipped">No</attribute>
      <attribute name="confidence level">3</attribute>
      <attribute name="injury">No</attribute>
      <attribute name="notes">NA</attribute>
      <attribute name="sex">Female</attribute>
      <attribute name="view">Side</attribute>
    </box>
    <box frame="113" outside="0" occluded="0" keyframe="0" xtl="0.00" ytl="244.55" xbr="696.15" ybr="815.55" z_order="0">
      <attribute name="Adipose Clipped">No</attribute>
      <attribute name="confidence level">3</attribute>
      <attribute name="injury">No</attribute>
      <attribute name="notes">NA</attribute>
      <attribute name="sex">Female</attribute>
      <attribute name="view">Side</attribute>
    </box>
    <box frame="114" outside="0" occluded="0" keyframe="0" xtl="0.00" ytl="247.56" xbr="731.54" ybr="835.92" z_order="0">
      <attribute name="Adipose Clipped">No</attribute>
      <attribute name="confidence level">3</attribute>
      <attribute name="injury">No</attribute>
      <attribute name="notes">NA</attribute>
      <attribute name="sex">Female</attribute>
      <attribute name="view">Side</attribute>
    </box>
    <box frame="115" outside="0" occluded="0" keyframe="0" xtl="0.00" ytl="250.57" xbr="766.93" ybr="856.29" z_order="0">
      <attribute name="Adipose Clipped">No</attribute>
      <attribute name="confidence level">3</attribute>
      <attribute name="injury">No</attribute>
      <attribute name="notes">NA</attribute>
      <attribute name="sex">Female</attribute>
      <attribute name="view">Side</attribute>
    </box>
    <box frame="116" outside="0" occluded="0" keyframe="0" xtl="0.00" ytl="253.57" xbr="802.32" ybr="876.66" z_order="0">
      <attribute name="Adipose Clipped">No</attribute>
      <attribute name="confidence level">3</attribute>
      <attribute name="injury">No</attribute>
      <attribute name="notes">NA</attribute>
      <attribute name="sex">Female</attribute>
      <attribute name="view">Side</attribute>
    </box>
    <box frame="117" outside="0" occluded="0" keyframe="0" xtl="0.00" ytl="256.58" xbr="837.71" ybr="897.03" z_order="0">
      <attribute name="Adipose Clipped">No</attribute>
      <attribute name="confidence level">3</attribute>
      <attribute name="injury">No</attribute>
      <attribute name="notes">NA</attribute>
      <attribute name="sex">Female</attribute>
      <attribute name="view">Side</attribute>
    </box>
    <box frame="118" outside="0" occluded="0" keyframe="1" xtl="0.00" ytl="259.58" xbr="873.10" ybr="917.40" z_order="0">
      <attribute name="Adipose Clipped">No</attribute>
      <attribute name="confidence level">3</attribute>
      <attribute name="injury">No</attribute>
      <attribute name="notes">NA</attribute>
      <attribute name="sex">Female</attribute>
      <attribute name="view">Side</attribute>
    </box>
    <box frame="119" outside="0" occluded="0" keyframe="0" xtl="0.00" ytl="257.74" xbr="909.16" ybr="915.56" z_order="0">
      <attribute name="Adipose Clipped">No</attribute>
      <attribute name="confidence level">3</attribute>
      <attribute name="injury">No</attribute>
      <attribute name="notes">NA</attribute>
      <attribute name="sex">Female</attribute>
      <attribute name="view">Side</attribute>
    </box>
    <box frame="120" outside="0" occluded="0" keyframe="0" xtl="0.00" ytl="255.91" xbr="945.22" ybr="913.73" z_order="0">
      <attribute name="Adipose Clipped">No</attribute>
      <attribute name="confidence level">3</attribute>
      <attribute name="injury">No</attribute>
      <attribute name="notes">NA</attribute>
      <attribute name="sex">Female</attribute>
      <attribute name="view">Side</attribute>
    </box>
    <box frame="121" outside="0" occluded="0" keyframe="0" xtl="0.00" ytl="254.07" xbr="981.28" ybr="911.89" z_order="0">
      <attribute name="Adipose Clipped">No</attribute>
      <attribute name="confidence level">3</attribute>
      <attribute name="injury">No</attribute>
      <attribute name="notes">NA</attribute>
      <attribute name="sex">Female</attribute>
      <attribute name="view">Side</attribute>
    </box>
    <box frame="122" outside="0" occluded="0" keyframe="0" xtl="0.00" ytl="252.23" xbr="1017.34" ybr="910.05" z_order="0">
      <attribute name="Adipose Clipped">No</attribute>
      <attribute name="confidence level">3</attribute>
      <attribute name="injury">No</attribute>
      <attribute name="notes">NA</attribute>
      <attribute name="sex">Female</attribute>
      <attribute name="view">Side</attribute>
    </box>
    <box frame="123" outside="0" occluded="0" keyframe="0" xtl="0.00" ytl="250.40" xbr="1053.40" ybr="908.22" z_order="0">
      <attribute name="Adipose Clipped">No</attribute>
      <attribute name="confidence level">3</attribute>
      <attribute name="injury">No</attribute>
      <attribute name="notes">NA</attribute>
      <attribute name="sex">Female</attribute>
      <attribute name="view">Side</attribute>
    </box>
    <box frame="124" outside="0" occluded="0" keyframe="0" xtl="0.00" ytl="248.56" xbr="1089.45" ybr="906.38" z_order="0">
      <attribute name="Adipose Clipped">No</attribute>
      <attribute name="confidence level">3</attribute>
      <attribute name="injury">No</attribute>
      <attribute name="notes">NA</attribute>
      <attribute name="sex">Female</attribute>
      <attribute name="view">Side</attribute>
    </box>
    <box frame="125" outside="0" occluded="0" keyframe="0" xtl="0.00" ytl="246.73" xbr="1125.51" ybr="904.54" z_order="0">
      <attribute name="Adipose Clipped">No</attribute>
      <attribute name="confidence level">3</attribute>
      <attribute name="injury">No</attribute>
      <attribute name="notes">NA</attribute>
      <attribute name="sex">Female</attribute>
      <attribute name="view">Side</attribute>
    </box>
    <box frame="126" outside="0" occluded="0" keyframe="0" xtl="0.00" ytl="244.89" xbr="1161.57" ybr="902.71" z_order="0">
      <attribute name="Adipose Clipped">No</attribute>
      <attribute name="confidence level">3</attribute>
      <attribute name="injury">No</attribute>
      <attribute name="notes">NA</attribute>
      <attribute name="sex">Female</attribute>
      <attribute name="view">Side</attribute>
    </box>
    <box frame="127" outside="0" occluded="0" keyframe="0" xtl="0.00" ytl="243.05" xbr="1197.63" ybr="900.87" z_order="0">
      <attribute name="Adipose Clipped">No</attribute>
      <attribute name="confidence level">3</attribute>
      <attribute name="injury">No</attribute>
      <attribute name="notes">NA</attribute>
      <attribute name="sex">Female</attribute>
      <attribute name="view">Side</attribute>
    </box>
    <box frame="128" outside="0" occluded="0" keyframe="1" xtl="0.00" ytl="241.22" xbr="1233.69" ybr="899.03" z_order="0">
      <attribute name="Adipose Clipped">No</attribute>
      <attribute name="confidence level">3</attribute>
      <attribute name="injury">No</attribute>
      <attribute name="notes">NA</attribute>
      <attribute name="sex">Female</attribute>
      <attribute name="view">Side</attribute>
    </box>
    <box frame="129" outside="0" occluded="0" keyframe="0" xtl="0.00" ytl="239.21" xbr="1282.44" ybr="901.87" z_order="0">
      <attribute name="Adipose Clipped">No</attribute>
      <attribute name="confidence level">3</attribute>
      <attribute name="injury">No</attribute>
      <attribute name="notes">NA</attribute>
      <attribute name="sex">Female</attribute>
      <attribute name="view">Side</attribute>
    </box>
    <box frame="130" outside="0" occluded="0" keyframe="0" xtl="0.00" ytl="237.21" xbr="1331.19" ybr="904.71" z_order="0">
      <attribute name="Adipose Clipped">No</attribute>
      <attribute name="confidence level">3</attribute>
      <attribute name="injury">No</attribute>
      <attribute name="notes">NA</attribute>
      <attribute name="sex">Female</attribute>
      <attribute name="view">Side</attribute>
    </box>
    <box frame="131" outside="0" occluded="0" keyframe="0" xtl="0.00" ytl="235.21" xbr="1379.95" ybr="907.55" z_order="0">
      <attribute name="Adipose Clipped">No</attribute>
      <attribute name="confidence level">3</attribute>
      <attribute name="injury">No</attribute>
      <attribute name="notes">NA</attribute>
      <attribute name="sex">Female</attribute>
      <attribute name="view">Side</attribute>
    </box>
    <box frame="132" outside="0" occluded="0" keyframe="0" xtl="0.00" ytl="233.21" xbr="1428.70" ybr="910.39" z_order="0">
      <attribute name="Adipose Clipped">No</attribute>
      <attribute name="confidence level">3</attribute>
      <attribute name="injury">No</attribute>
      <attribute name="notes">NA</attribute>
      <attribute name="sex">Female</attribute>
      <attribute name="view">Side</attribute>
    </box>
    <box frame="133" outside="0" occluded="0" keyframe="0" xtl="0.00" ytl="231.21" xbr="1477.45" ybr="913.23" z_order="0">
      <attribute name="Adipose Clipped">No</attribute>
      <attribute name="confidence level">3</attribute>
      <attribute name="injury">No</attribute>
      <attribute name="notes">NA</attribute>
      <attribute name="sex">Female</attribute>
      <attribute name="view">Side</attribute>
    </box>
    <box frame="134" outside="0" occluded="0" keyframe="0" xtl="0.00" ytl="229.21" xbr="1526.20" ybr="916.06" z_order="0">
      <attribute name="Adipose Clipped">No</attribute>
      <attribute name="confidence level">3</attribute>
      <attribute name="injury">No</attribute>
      <attribute name="notes">NA</attribute>
      <attribute name="sex">Female</attribute>
      <attribute name="view">Side</attribute>
    </box>
    <box frame="135" outside="0" occluded="0" keyframe="0" xtl="0.00" ytl="227.20" xbr="1574.95" ybr="918.90" z_order="0">
      <attribute name="Adipose Clipped">No</attribute>
      <attribute name="confidence level">3</attribute>
      <attribute name="injury">No</attribute>
      <attribute name="notes">NA</attribute>
      <attribute name="sex">Female</attribute>
      <attribute name="view">Side</attribute>
    </box>
    <box frame="136" outside="0" occluded="0" keyframe="0" xtl="0.00" ytl="225.20" xbr="1623.70" ybr="921.74" z_order="0">
      <attribute name="Adipose Clipped">No</attribute>
      <attribute name="confidence level">3</attribute>
      <attribute name="injury">No</attribute>
      <attribute name="notes">NA</attribute>
      <attribute name="sex">Female</attribute>
      <attribute name="view">Side</attribute>
    </box>
    <box frame="137" outside="0" occluded="0" keyframe="0" xtl="0.00" ytl="223.20" xbr="1672.45" ybr="924.58" z_order="0">
      <attribute name="Adipose Clipped">No</attribute>
      <attribute name="confidence level">3</attribute>
      <attribute name="injury">No</attribute>
      <attribute name="notes">NA</attribute>
      <attribute name="sex">Female</attribute>
      <attribute name="view">Side</attribute>
    </box>
    <box frame="138" outside="0" occluded="0" keyframe="1" xtl="0.00" ytl="221.20" xbr="1721.20" ybr="927.42" z_order="0">
      <attribute name="Adipose Clipped">No</attribute>
      <attribute name="confidence level">3</attribute>
      <attribute name="injury">No</attribute>
      <attribute name="notes">NA</attribute>
      <attribute name="sex">Female</attribute>
      <attribute name="view">Side</attribute>
    </box>
    <box frame="139" outside="0" occluded="0" keyframe="0" xtl="0.00" ytl="213.19" xbr="1766.55" ybr="924.75" z_order="0">
      <attribute name="Adipose Clipped">No</attribute>
      <attribute name="confidence level">3</attribute>
      <attribute name="injury">No</attribute>
      <attribute name="notes">NA</attribute>
      <attribute name="sex">Female</attribute>
      <attribute name="view">Side</attribute>
    </box>
    <box frame="140" outside="0" occluded="0" keyframe="0" xtl="0.00" ytl="205.18" xbr="1811.90" ybr="922.07" z_order="0">
      <attribute name="Adipose Clipped">No</attribute>
      <attribute name="confidence level">3</attribute>
      <attribute name="injury">No</attribute>
      <attribute name="notes">NA</attribute>
      <attribute name="sex">Female</attribute>
      <attribute name="view">Side</attribute>
    </box>
    <box frame="141" outside="0" occluded="0" keyframe="0" xtl="0.00" ytl="197.17" xbr="1857.25" ybr="919.40" z_order="0">
      <attribute name="Adipose Clipped">No</attribute>
      <attribute name="confidence level">3</attribute>
      <attribute name="injury">No</attribute>
      <attribute name="notes">NA</attribute>
      <attribute name="sex">Female</attribute>
      <attribute name="view">Side</attribute>
    </box>
    <box frame="142" outside="0" occluded="0" keyframe="1" xtl="0.00" ytl="189.16" xbr="1902.60" ybr="916.73" z_order="0">
      <attribute name="Adipose Clipped">No</attribute>
      <attribute name="confidence level">3</attribute>
      <attribute name="injury">No</attribute>
      <attribute name="notes">NA</attribute>
      <attribute name="sex">Female</attribute>
      <attribute name="view">Side</attribute>
    </box>
    <box frame="143" outside="0" occluded="0" keyframe="0" xtl="0.00" ytl="181.15" xbr="1905.50" ybr="914.06" z_order="0">
      <attribute name="Adipose Clipped">No</attribute>
      <attribute name="confidence level">3</attribute>
      <attribute name="injury">No</attribute>
      <attribute name="notes">NA</attribute>
      <attribute name="sex">Female</attribute>
      <attribute name="view">Side</attribute>
    </box>
    <box frame="144" outside="0" occluded="0" keyframe="0" xtl="0.00" ytl="173.14" xbr="1908.40" ybr="911.39" z_order="0">
      <attribute name="Adipose Clipped">No</attribute>
      <attribute name="confidence level">3</attribute>
      <attribute name="injury">No</attribute>
      <attribute name="notes">NA</attribute>
      <attribute name="sex">Female</attribute>
      <attribute name="view">Side</attribute>
    </box>
    <box frame="145" outside="0" occluded="0" keyframe="0" xtl="0.00" ytl="165.13" xbr="1911.30" ybr="908.72" z_order="0">
      <attribute name="Adipose Clipped">No</attribute>
      <attribute name="confidence level">3</attribute>
      <attribute name="injury">No</attribute>
      <attribute name="notes">NA</attribute>
      <attribute name="sex">Female</attribute>
      <attribute name="view">Side</attribute>
    </box>
    <box frame="146" outside="0" occluded="0" keyframe="0" xtl="0.00" ytl="157.12" xbr="1914.20" ybr="906.05" z_order="0">
      <attribute name="Adipose Clipped">No</attribute>
      <attribute name="confidence level">3</attribute>
      <attribute name="injury">No</attribute>
      <attribute name="notes">NA</attribute>
      <attribute name="sex">Female</attribute>
      <attribute name="view">Side</attribute>
    </box>
    <box frame="147" outside="0" occluded="0" keyframe="0" xtl="0.00" ytl="149.11" xbr="1917.10" ybr="903.38" z_order="0">
      <attribute name="Adipose Clipped">No</attribute>
      <attribute name="confidence level">3</attribute>
      <attribute name="injury">No</attribute>
      <attribute name="notes">NA</attribute>
      <attribute name="sex">Female</attribute>
      <attribute name="view">Side</attribute>
    </box>
    <box frame="148" outside="0" occluded="1" keyframe="1" xtl="0.00" ytl="141.10" xbr="1920.00" ybr="900.70" z_order="0">
      <attribute name="Adipose Clipped">No</attribute>
      <attribute name="confidence level">3</attribute>
      <attribute name="injury">No</attribute>
      <attribute name="notes">NA</attribute>
      <attribute name="sex">Female</attribute>
      <attribute name="view">Side</attribute>
    </box>
    <box frame="149" outside="0" occluded="1" keyframe="0" xtl="20.03" ytl="141.60" xbr="1920.00" ybr="901.20" z_order="0">
      <attribute name="Adipose Clipped">No</attribute>
      <attribute name="confidence level">3</attribute>
      <attribute name="injury">No</attribute>
      <attribute name="notes">NA</attribute>
      <attribute name="sex">Female</attribute>
      <attribute name="view">Side</attribute>
    </box>
    <box frame="150" outside="0" occluded="1" keyframe="0" xtl="40.07" ytl="142.10" xbr="1920.00" ybr="901.71" z_order="0">
      <attribute name="Adipose Clipped">No</attribute>
      <attribute name="confidence level">3</attribute>
      <attribute name="injury">No</attribute>
      <attribute name="notes">NA</attribute>
      <attribute name="sex">Female</attribute>
      <attribute name="view">Side</attribute>
    </box>
    <box frame="151" outside="0" occluded="1" keyframe="0" xtl="60.10" ytl="142.60" xbr="1920.00" ybr="902.21" z_order="0">
      <attribute name="Adipose Clipped">No</attribute>
      <attribute name="confidence level">3</attribute>
      <attribute name="injury">No</attribute>
      <attribute name="notes">NA</attribute>
      <attribute name="sex">Female</attribute>
      <attribute name="view">Side</attribute>
    </box>
    <box frame="152" outside="0" occluded="1" keyframe="0" xtl="80.14" ytl="143.10" xbr="1920.00" ybr="902.71" z_order="0">
      <attribute name="Adipose Clipped">No</attribute>
      <attribute name="confidence level">3</attribute>
      <attribute name="injury">No</attribute>
      <attribute name="notes">NA</attribute>
      <attribute name="sex">Female</attribute>
      <attribute name="view">Side</attribute>
    </box>
    <box frame="153" outside="0" occluded="1" keyframe="0" xtl="100.17" ytl="143.60" xbr="1920.00" ybr="903.21" z_order="0">
      <attribute name="Adipose Clipped">No</attribute>
      <attribute name="confidence level">3</attribute>
      <attribute name="injury">No</attribute>
      <attribute name="notes">NA</attribute>
      <attribute name="sex">Female</attribute>
      <attribute name="view">Side</attribute>
    </box>
    <box frame="154" outside="0" occluded="1" keyframe="0" xtl="120.21" ytl="144.11" xbr="1920.00" ybr="903.71" z_order="0">
      <attribute name="Adipose Clipped">No</attribute>
      <attribute name="confidence level">3</attribute>
      <attribute name="injury">No</attribute>
      <attribute name="notes">NA</attribute>
      <attribute name="sex">Female</attribute>
      <attribute name="view">Side</attribute>
    </box>
    <box frame="155" outside="0" occluded="1" keyframe="0" xtl="140.24" ytl="144.61" xbr="1920.00" ybr="904.21" z_order="0">
      <attribute name="Adipose Clipped">No</attribute>
      <attribute name="confidence level">3</attribute>
      <attribute name="injury">No</attribute>
      <attribute name="notes">NA</attribute>
      <attribute name="sex">Female</attribute>
      <attribute name="view">Side</attribute>
    </box>
    <box frame="156" outside="0" occluded="1" keyframe="0" xtl="160.28" ytl="145.11" xbr="1920.00" ybr="904.71" z_order="0">
      <attribute name="Adipose Clipped">No</attribute>
      <attribute name="confidence level">3</attribute>
      <attribute name="injury">No</attribute>
      <attribute name="notes">NA</attribute>
      <attribute name="sex">Female</attribute>
      <attribute name="view">Side</attribute>
    </box>
    <box frame="157" outside="0" occluded="1" keyframe="0" xtl="180.31" ytl="145.61" xbr="1920.00" ybr="905.21" z_order="0">
      <attribute name="Adipose Clipped">No</attribute>
      <attribute name="confidence level">3</attribute>
      <attribute name="injury">No</attribute>
      <attribute name="notes">NA</attribute>
      <attribute name="sex">Female</attribute>
      <attribute name="view">Side</attribute>
    </box>
    <box frame="158" outside="0" occluded="1" keyframe="1" xtl="200.35" ytl="146.11" xbr="1920.00" ybr="905.71" z_order="0">
      <attribute name="Adipose Clipped">No</attribute>
      <attribute name="confidence level">3</attribute>
      <attribute name="injury">No</attribute>
      <attribute name="notes">NA</attribute>
      <attribute name="sex">Female</attribute>
      <attribute name="view">Side</attribute>
    </box>
    <box frame="159" outside="0" occluded="1" keyframe="0" xtl="253.61" ytl="148.28" xbr="1920.00" ybr="907.88" z_order="0">
      <attribute name="Adipose Clipped">No</attribute>
      <attribute name="confidence level">3</attribute>
      <attribute name="injury">No</attribute>
      <attribute name="notes">NA</attribute>
      <attribute name="sex">Female</attribute>
      <attribute name="view">Side</attribute>
    </box>
    <box frame="160" outside="0" occluded="1" keyframe="0" xtl="306.87" ytl="150.45" xbr="1920.00" ybr="910.05" z_order="0">
      <attribute name="Adipose Clipped">No</attribute>
      <attribute name="confidence level">3</attribute>
      <attribute name="injury">No</attribute>
      <attribute name="notes">NA</attribute>
      <attribute name="sex">Female</attribute>
      <attribute name="view">Side</attribute>
    </box>
    <box frame="161" outside="0" occluded="1" keyframe="0" xtl="360.13" ytl="152.62" xbr="1920.00" ybr="912.22" z_order="0">
      <attribute name="Adipose Clipped">No</attribute>
      <attribute name="confidence level">3</attribute>
      <attribute name="injury">No</attribute>
      <attribute name="notes">NA</attribute>
      <attribute name="sex">Female</attribute>
      <attribute name="view">Side</attribute>
    </box>
    <box frame="162" outside="0" occluded="1" keyframe="0" xtl="413.38" ytl="154.79" xbr="1920.00" ybr="914.39" z_order="0">
      <attribute name="Adipose Clipped">No</attribute>
      <attribute name="confidence level">3</attribute>
      <attribute name="injury">No</attribute>
      <attribute name="notes">NA</attribute>
      <attribute name="sex">Female</attribute>
      <attribute name="view">Side</attribute>
    </box>
    <box frame="163" outside="0" occluded="1" keyframe="0" xtl="466.64" ytl="156.96" xbr="1920.00" ybr="916.57" z_order="0">
      <attribute name="Adipose Clipped">No</attribute>
      <attribute name="confidence level">3</attribute>
      <attribute name="injury">No</attribute>
      <attribute name="notes">NA</attribute>
      <attribute name="sex">Female</attribute>
      <attribute name="view">Side</attribute>
    </box>
    <box frame="164" outside="0" occluded="1" keyframe="0" xtl="519.90" ytl="159.13" xbr="1920.00" ybr="918.74" z_order="0">
      <attribute name="Adipose Clipped">No</attribute>
      <attribute name="confidence level">3</attribute>
      <attribute name="injury">No</attribute>
      <attribute name="notes">NA</attribute>
      <attribute name="sex">Female</attribute>
      <attribute name="view">Side</attribute>
    </box>
    <box frame="165" outside="0" occluded="1" keyframe="0" xtl="573.16" ytl="161.30" xbr="1920.00" ybr="920.91" z_order="0">
      <attribute name="Adipose Clipped">No</attribute>
      <attribute name="confidence level">3</attribute>
      <attribute name="injury">No</attribute>
      <attribute name="notes">NA</attribute>
      <attribute name="sex">Female</attribute>
      <attribute name="view">Side</attribute>
    </box>
    <box frame="166" outside="0" occluded="1" keyframe="0" xtl="626.42" ytl="163.47" xbr="1920.00" ybr="923.08" z_order="0">
      <attribute name="Adipose Clipped">No</attribute>
      <attribute name="confidence level">3</attribute>
      <attribute name="injury">No</attribute>
      <attribute name="notes">NA</attribute>
      <attribute name="sex">Female</attribute>
      <attribute name="view">Side</attribute>
    </box>
    <box frame="167" outside="0" occluded="1" keyframe="0" xtl="679.68" ytl="165.64" xbr="1920.00" ybr="925.25" z_order="0">
      <attribute name="Adipose Clipped">No</attribute>
      <attribute name="confidence level">3</attribute>
      <attribute name="injury">No</attribute>
      <attribute name="notes">NA</attribute>
      <attribute name="sex">Female</attribute>
      <attribute name="view">Side</attribute>
    </box>
    <box frame="168" outside="0" occluded="1" keyframe="1" xtl="732.94" ytl="167.81" xbr="1920.00" ybr="927.42" z_order="0">
      <attribute name="Adipose Clipped">No</attribute>
      <attribute name="confidence level">3</attribute>
      <attribute name="injury">No</attribute>
      <attribute name="notes">NA</attribute>
      <attribute name="sex">Female</attribute>
      <attribute name="view">Side</attribute>
    </box>
    <box frame="169" outside="0" occluded="1" keyframe="0" xtl="765.83" ytl="180.17" xbr="1920.00" ybr="921.74" z_order="0">
      <attribute name="Adipose Clipped">No</attribute>
      <attribute name="confidence level">3</attribute>
      <attribute name="injury">No</attribute>
      <attribute name="notes">NA</attribute>
      <attribute name="sex">Female</attribute>
      <attribute name="view">Side</attribute>
    </box>
    <box frame="170" outside="0" occluded="1" keyframe="0" xtl="798.71" ytl="192.53" xbr="1920.00" ybr="916.06" z_order="0">
      <attribute name="Adipose Clipped">No</attribute>
      <attribute name="confidence level">3</attribute>
      <attribute name="injury">No</attribute>
      <attribute name="notes">NA</attribute>
      <attribute name="sex">Female</attribute>
      <attribute name="view">Side</attribute>
    </box>
    <box frame="171" outside="0" occluded="1" keyframe="0" xtl="831.60" ytl="204.89" xbr="1920.00" ybr="910.39" z_order="0">
      <attribute name="Adipose Clipped">No</attribute>
      <attribute name="confidence level">3</attribute>
      <attribute name="injury">No</attribute>
      <attribute name="notes">NA</attribute>
      <attribute name="sex">Female</attribute>
      <attribute name="view">Side</attribute>
    </box>
    <box frame="172" outside="0" occluded="1" keyframe="0" xtl="864.48" ytl="217.25" xbr="1920.00" ybr="904.71" z_order="0">
      <attribute name="Adipose Clipped">No</attribute>
      <attribute name="confidence level">3</attribute>
      <attribute name="injury">No</attribute>
      <attribute name="notes">NA</attribute>
      <attribute name="sex">Female</attribute>
      <attribute name="view">Side</attribute>
    </box>
    <box frame="173" outside="0" occluded="1" keyframe="0" xtl="897.37" ytl="229.61" xbr="1920.00" ybr="899.04" z_order="0">
      <attribute name="Adipose Clipped">No</attribute>
      <attribute name="confidence level">3</attribute>
      <attribute name="injury">No</attribute>
      <attribute name="notes">NA</attribute>
      <attribute name="sex">Female</attribute>
      <attribute name="view">Side</attribute>
    </box>
    <box frame="174" outside="0" occluded="1" keyframe="0" xtl="930.26" ytl="241.97" xbr="1920.00" ybr="893.36" z_order="0">
      <attribute name="Adipose Clipped">No</attribute>
      <attribute name="confidence level">3</attribute>
      <attribute name="injury">No</attribute>
      <attribute name="notes">NA</attribute>
      <attribute name="sex">Female</attribute>
      <attribute name="view">Side</attribute>
    </box>
    <box frame="175" outside="0" occluded="1" keyframe="0" xtl="963.14" ytl="254.32" xbr="1920.00" ybr="887.68" z_order="0">
      <attribute name="Adipose Clipped">No</attribute>
      <attribute name="confidence level">3</attribute>
      <attribute name="injury">No</attribute>
      <attribute name="notes">NA</attribute>
      <attribute name="sex">Female</attribute>
      <attribute name="view">Side</attribute>
    </box>
    <box frame="176" outside="0" occluded="1" keyframe="0" xtl="996.03" ytl="266.68" xbr="1920.00" ybr="882.01" z_order="0">
      <attribute name="Adipose Clipped">No</attribute>
      <attribute name="confidence level">3</attribute>
      <attribute name="injury">No</attribute>
      <attribute name="notes">NA</attribute>
      <attribute name="sex">Female</attribute>
      <attribute name="view">Side</attribute>
    </box>
    <box frame="177" outside="0" occluded="1" keyframe="0" xtl="1028.91" ytl="279.04" xbr="1920.00" ybr="876.33" z_order="0">
      <attribute name="Adipose Clipped">No</attribute>
      <attribute name="confidence level">3</attribute>
      <attribute name="injury">No</attribute>
      <attribute name="notes">NA</attribute>
      <attribute name="sex">Female</attribute>
      <attribute name="view">Side</attribute>
    </box>
    <box frame="178" outside="0" occluded="1" keyframe="1" xtl="1061.80" ytl="291.40" xbr="1920.00" ybr="870.65" z_order="0">
      <attribute name="Adipose Clipped">No</attribute>
      <attribute name="confidence level">3</attribute>
      <attribute name="injury">No</attribute>
      <attribute name="notes">NA</attribute>
      <attribute name="sex">Female</attribute>
      <attribute name="view">Side</attribute>
    </box>
    <box frame="179" outside="0" occluded="1" keyframe="0" xtl="1089.85" ytl="287.06" xbr="1920.00" ybr="854.29" z_order="0">
      <attribute name="Adipose Clipped">No</attribute>
      <attribute name="confidence level">3</attribute>
      <attribute name="injury">No</attribute>
      <attribute name="notes">NA</attribute>
      <attribute name="sex">Female</attribute>
      <attribute name="view">Side</attribute>
    </box>
    <box frame="180" outside="0" occluded="1" keyframe="0" xtl="1117.90" ytl="282.72" xbr="1920.00" ybr="837.93" z_order="0">
      <attribute name="Adipose Clipped">No</attribute>
      <attribute name="confidence level">3</attribute>
      <attribute name="injury">No</attribute>
      <attribute name="notes">NA</attribute>
      <attribute name="sex">Female</attribute>
      <attribute name="view">Side</attribute>
    </box>
    <box frame="181" outside="0" occluded="1" keyframe="0" xtl="1145.95" ytl="278.38" xbr="1920.00" ybr="821.57" z_order="0">
      <attribute name="Adipose Clipped">No</attribute>
      <attribute name="confidence level">3</attribute>
      <attribute name="injury">No</attribute>
      <attribute name="notes">NA</attribute>
      <attribute name="sex">Female</attribute>
      <attribute name="view">Side</attribute>
    </box>
    <box frame="182" outside="0" occluded="1" keyframe="0" xtl="1174.00" ytl="274.04" xbr="1920.00" ybr="805.21" z_order="0">
      <attribute name="Adipose Clipped">No</attribute>
      <attribute name="confidence level">3</attribute>
      <attribute name="injury">No</attribute>
      <attribute name="notes">NA</attribute>
      <attribute name="sex">Female</attribute>
      <attribute name="view">Side</attribute>
    </box>
    <box frame="183" outside="0" occluded="1" keyframe="0" xtl="1202.05" ytl="269.70" xbr="1920.00" ybr="788.84" z_order="0">
      <attribute name="Adipose Clipped">No</attribute>
      <attribute name="confidence level">3</attribute>
      <attribute name="injury">No</attribute>
      <attribute name="notes">NA</attribute>
      <attribute name="sex">Female</attribute>
      <attribute name="view">Side</attribute>
    </box>
    <box frame="184" outside="0" occluded="1" keyframe="0" xtl="1230.10" ytl="265.36" xbr="1920.00" ybr="772.48" z_order="0">
      <attribute name="Adipose Clipped">No</attribute>
      <attribute name="confidence level">3</attribute>
      <attribute name="injury">No</attribute>
      <attribute name="notes">NA</attribute>
      <attribute name="sex">Female</attribute>
      <attribute name="view">Side</attribute>
    </box>
    <box frame="185" outside="0" occluded="1" keyframe="0" xtl="1258.15" ytl="261.02" xbr="1920.00" ybr="756.12" z_order="0">
      <attribute name="Adipose Clipped">No</attribute>
      <attribute name="confidence level">3</attribute>
      <attribute name="injury">No</attribute>
      <attribute name="notes">NA</attribute>
      <attribute name="sex">Female</attribute>
      <attribute name="view">Side</attribute>
    </box>
    <box frame="186" outside="0" occluded="1" keyframe="0" xtl="1286.20" ytl="256.68" xbr="1920.00" ybr="739.76" z_order="0">
      <attribute name="Adipose Clipped">No</attribute>
      <attribute name="confidence level">3</attribute>
      <attribute name="injury">No</attribute>
      <attribute name="notes">NA</attribute>
      <attribute name="sex">Female</attribute>
      <attribute name="view">Side</attribute>
    </box>
    <box frame="187" outside="0" occluded="1" keyframe="0" xtl="1314.25" ytl="252.34" xbr="1920.00" ybr="723.40" z_order="0">
      <attribute name="Adipose Clipped">No</attribute>
      <attribute name="confidence level">3</attribute>
      <attribute name="injury">No</attribute>
      <attribute name="notes">NA</attribute>
      <attribute name="sex">Female</attribute>
      <attribute name="view">Side</attribute>
    </box>
    <box frame="188" outside="0" occluded="1" keyframe="1" xtl="1342.30" ytl="248.00" xbr="1920.00" ybr="707.03" z_order="0">
      <attribute name="Adipose Clipped">No</attribute>
      <attribute name="confidence level">3</attribute>
      <attribute name="injury">No</attribute>
      <attribute name="notes">NA</attribute>
      <attribute name="sex">Female</attribute>
      <attribute name="view">Side</attribute>
    </box>
    <box frame="189" outside="0" occluded="1" keyframe="0" xtl="1350.65" ytl="258.30" xbr="1920.00" ybr="717.33" z_order="0">
      <attribute name="Adipose Clipped">No</attribute>
      <attribute name="confidence level">3</attribute>
      <attribute name="injury">No</attribute>
      <attribute name="notes">NA</attribute>
      <attribute name="sex">Female</attribute>
      <attribute name="view">Side</attribute>
    </box>
    <box frame="190" outside="0" occluded="1" keyframe="0" xtl="1359.00" ytl="268.59" xbr="1920.00" ybr="727.63" z_order="0">
      <attribute name="Adipose Clipped">No</attribute>
      <attribute name="confidence level">3</attribute>
      <attribute name="injury">No</attribute>
      <attribute name="notes">NA</attribute>
      <attribute name="sex">Female</attribute>
      <attribute name="view">Side</attribute>
    </box>
    <box frame="191" outside="0" occluded="1" keyframe="0" xtl="1367.34" ytl="278.89" xbr="1920.00" ybr="737.92" z_order="0">
      <attribute name="Adipose Clipped">No</attribute>
      <attribute name="confidence level">3</attribute>
      <attribute name="injury">No</attribute>
      <attribute name="notes">NA</attribute>
      <attribute name="sex">Female</attribute>
      <attribute name="view">Side</attribute>
    </box>
    <box frame="192" outside="0" occluded="1" keyframe="0" xtl="1375.69" ytl="289.18" xbr="1920.00" ybr="748.22" z_order="0">
      <attribute name="Adipose Clipped">No</attribute>
      <attribute name="confidence level">3</attribute>
      <attribute name="injury">No</attribute>
      <attribute name="notes">NA</attribute>
      <attribute name="sex">Female</attribute>
      <attribute name="view">Side</attribute>
    </box>
    <box frame="193" outside="0" occluded="1" keyframe="0" xtl="1384.04" ytl="299.48" xbr="1920.00" ybr="758.51" z_order="0">
      <attribute name="Adipose Clipped">No</attribute>
      <attribute name="confidence level">3</attribute>
      <attribute name="injury">No</attribute>
      <attribute name="notes">NA</attribute>
      <attribute name="sex">Female</attribute>
      <attribute name="view">Side</attribute>
    </box>
    <box frame="194" outside="0" occluded="1" keyframe="1" xtl="1392.39" ytl="309.77" xbr="1920.00" ybr="768.81" z_order="0">
      <attribute name="Adipose Clipped">No</attribute>
      <attribute name="confidence level">3</attribute>
      <attribute name="injury">No</attribute>
      <attribute name="notes">NA</attribute>
      <attribute name="sex">Female</attribute>
      <attribute name="view">Side</attribute>
    </box>
    <box frame="195" outside="0" occluded="1" keyframe="0" xtl="1425.36" ytl="288.07" xbr="1920.00" ybr="747.10" z_order="0">
      <attribute name="Adipose Clipped">No</attribute>
      <attribute name="confidence level">3</attribute>
      <attribute name="injury">No</attribute>
      <attribute name="notes">NA</attribute>
      <attribute name="sex">Female</attribute>
      <attribute name="view">Side</attribute>
    </box>
    <box frame="196" outside="0" occluded="1" keyframe="0" xtl="1458.33" ytl="266.37" xbr="1920.00" ybr="725.40" z_order="0">
      <attribute name="Adipose Clipped">No</attribute>
      <attribute name="confidence level">3</attribute>
      <attribute name="injury">No</attribute>
      <attribute name="notes">NA</attribute>
      <attribute name="sex">Female</attribute>
      <attribute name="view">Side</attribute>
    </box>
    <box frame="197" outside="0" occluded="1" keyframe="0" xtl="1491.31" ytl="244.66" xbr="1920.00" ybr="703.70" z_order="0">
      <attribute name="Adipose Clipped">No</attribute>
      <attribute name="confidence level">3</attribute>
      <attribute name="injury">No</attribute>
      <attribute name="notes">NA</attribute>
      <attribute name="sex">Female</attribute>
      <attribute name="view">Side</attribute>
    </box>
    <box frame="198" outside="0" occluded="1" keyframe="1" xtl="1524.28" ytl="222.96" xbr="1920.00" ybr="681.99" z_order="0">
      <attribute name="Adipose Clipped">No</attribute>
      <attribute name="confidence level">3</attribute>
      <attribute name="injury">No</attribute>
      <attribute name="notes">NA</attribute>
      <attribute name="sex">Female</attribute>
      <attribute name="view">Side</attribute>
    </box>
    <box frame="199" outside="0" occluded="1" keyframe="0" xtl="1545.71" ytl="222.96" xbr="1920.00" ybr="681.99" z_order="0">
      <attribute name="Adipose Clipped">No</attribute>
      <attribute name="confidence level">3</attribute>
      <attribute name="injury">No</attribute>
      <attribute name="notes">NA</attribute>
      <attribute name="sex">Female</attribute>
      <attribute name="view">Side</attribute>
    </box>
    <box frame="200" outside="0" occluded="1" keyframe="0" xtl="1567.13" ytl="222.96" xbr="1920.00" ybr="681.99" z_order="0">
      <attribute name="Adipose Clipped">No</attribute>
      <attribute name="confidence level">3</attribute>
      <attribute name="injury">No</attribute>
      <attribute name="notes">NA</attribute>
      <attribute name="sex">Female</attribute>
      <attribute name="view">Side</attribute>
    </box>
    <box frame="201" outside="0" occluded="1" keyframe="0" xtl="1588.56" ytl="222.96" xbr="1920.00" ybr="681.99" z_order="0">
      <attribute name="Adipose Clipped">No</attribute>
      <attribute name="confidence level">3</attribute>
      <attribute name="injury">No</attribute>
      <attribute name="notes">NA</attribute>
      <attribute name="sex">Female</attribute>
      <attribute name="view">Side</attribute>
    </box>
    <box frame="202" outside="0" occluded="1" keyframe="0" xtl="1609.99" ytl="222.96" xbr="1920.00" ybr="681.99" z_order="0">
      <attribute name="Adipose Clipped">No</attribute>
      <attribute name="confidence level">3</attribute>
      <attribute name="injury">No</attribute>
      <attribute name="notes">NA</attribute>
      <attribute name="sex">Female</attribute>
      <attribute name="view">Side</attribute>
    </box>
    <box frame="203" outside="0" occluded="1" keyframe="0" xtl="1631.41" ytl="222.96" xbr="1920.00" ybr="681.99" z_order="0">
      <attribute name="Adipose Clipped">No</attribute>
      <attribute name="confidence level">3</attribute>
      <attribute name="injury">No</attribute>
      <attribute name="notes">NA</attribute>
      <attribute name="sex">Female</attribute>
      <attribute name="view">Side</attribute>
    </box>
    <box frame="204" outside="0" occluded="1" keyframe="1" xtl="1652.84" ytl="222.96" xbr="1920.00" ybr="681.99" z_order="0">
      <attribute name="Adipose Clipped">No</attribute>
      <attribute name="confidence level">3</attribute>
      <attribute name="injury">No</attribute>
      <attribute name="notes">NA</attribute>
      <attribute name="sex">Female</attribute>
      <attribute name="view">Side</attribute>
    </box>
    <box frame="205" outside="0" occluded="1" keyframe="0" xtl="1729.64" ytl="227.13" xbr="1920.00" ybr="686.17" z_order="0">
      <attribute name="Adipose Clipped">No</attribute>
      <attribute name="confidence level">3</attribute>
      <attribute name="injury">No</attribute>
      <attribute name="notes">NA</attribute>
      <attribute name="sex">Female</attribute>
      <attribute name="view">Side</attribute>
    </box>
    <box frame="206" outside="0" occluded="1" keyframe="1" xtl="1806.44" ytl="231.30" xbr="1920.00" ybr="690.34" z_order="0">
      <attribute name="Adipose Clipped">No</attribute>
      <attribute name="confidence level">3</attribute>
      <attribute name="injury">No</attribute>
      <attribute name="notes">NA</attribute>
      <attribute name="sex">Female</attribute>
      <attribute name="view">Side</attribute>
    </box>
    <box frame="207" outside="1" occluded="1" keyframe="1" xtl="1806.44" ytl="231.30" xbr="1920.00" ybr="690.34" z_order="0">
      <attribute name="Adipose Clipped">No</attribute>
      <attribute name="confidence level">3</attribute>
      <attribute name="injury">No</attribute>
      <attribute name="notes">NA</attribute>
      <attribute name="sex">Female</attribute>
      <attribute name="view">Side</attribute>
    </box>
  </track>
</annotations>
