<?xml version="1.0" encoding="utf-8"?>
<annotations>
  <version>1.1</version>
  <meta>
    <task>
      <id>168</id>
      <name>10-23-2019 20-27-16 M Right Bank Underwater</name>
      <size>360</size>
      <mode>interpolation</mode>
      <overlap>5</overlap>
      <bugtracker></bugtracker>
      <created>2021-02-09 02:03:01.554377+00:00</created>
      <updated>2021-02-09 04:58:28.963312+00:00</updated>
      <start_frame>0</start_frame>
      <stop_frame>359</stop_frame>
      <frame_filter></frame_filter>
      <labels>
        <label>
          <name>Coho</name>
          <color>#66c893</color>
          <attributes>
            <attribute>
              <name>Adipose Clipped</name>
              <mutable>False</mutable>
              <input_type>select</input_type>
              <default_value>No</default_value>
              <values>No
Yes
NA</values>
            </attribute>
            <attribute>
              <name>Confidence Level</name>
              <mutable>False</mutable>
              <input_type>select</input_type>
              <default_value>3</default_value>
              <values>3
2
1</values>
            </attribute>
            <attribute>
              <name>Injury</name>
              <mutable>False</mutable>
              <input_type>select</input_type>
              <default_value>No</default_value>
              <values>No
Yes
NA</values>
            </attribute>
            <attribute>
              <name>Notes</name>
              <mutable>False</mutable>
              <input_type>text</input_type>
              <default_value>NA</default_value>
              <values>NA</values>
            </attribute>
            <attribute>
              <name>Sex</name>
              <mutable>False</mutable>
              <input_type>select</input_type>
              <default_value>Male</default_value>
              <values>Male
Female
Jack</values>
            </attribute>
          </attributes>
        </label>
        <label>
          <name>Pink</name>
          <color>#fa7dbb</color>
          <attributes>
            <attribute>
              <name>Adipose Clipped</name>
              <mutable>False</mutable>
              <input_type>select</input_type>
              <default_value>No</default_value>
              <values>No
Yes
NA</values>
            </attribute>
            <attribute>
              <name>Confidence Level</name>
              <mutable>False</mutable>
              <input_type>select</input_type>
              <default_value>3</default_value>
              <values>3
2
1</values>
            </attribute>
            <attribute>
              <name>Injury</name>
              <mutable>False</mutable>
              <input_type>select</input_type>
              <default_value>No</default_value>
              <values>No
Yes
NA</values>
            </attribute>
            <attribute>
              <name>Notes</name>
              <mutable>False</mutable>
              <input_type>text</input_type>
              <default_value>NA</default_value>
              <values>NA</values>
            </attribute>
            <attribute>
              <name>Sex</name>
              <mutable>False</mutable>
              <input_type>select</input_type>
              <default_value>Male</default_value>
              <values>Male
Female</values>
            </attribute>
          </attributes>
        </label>
        <label>
          <name>Bull</name>
          <color>#ff6037</color>
          <attributes>
            <attribute>
              <name>Adipose Clipped</name>
              <mutable>False</mutable>
              <input_type>select</input_type>
              <default_value>No</default_value>
              <values>No
NA</values>
            </attribute>
            <attribute>
              <name>Confidence Level</name>
              <mutable>False</mutable>
              <input_type>select</input_type>
              <default_value>3</default_value>
              <values>3
2
1</values>
            </attribute>
            <attribute>
              <name>Injury</name>
              <mutable>False</mutable>
              <input_type>select</input_type>
              <default_value>No</default_value>
              <values>No
Yes
NA</values>
            </attribute>
            <attribute>
              <name>Notes</name>
              <mutable>False</mutable>
              <input_type>text</input_type>
              <default_value>NA</default_value>
              <values>NA</values>
            </attribute>
            <attribute>
              <name>Sex</name>
              <mutable>False</mutable>
              <input_type>select</input_type>
              <default_value>NA</default_value>
              <values>NA</values>
            </attribute>
          </attributes>
        </label>
        <label>
          <name>Chum</name>
          <color>#b83df5</color>
          <attributes>
            <attribute>
              <name>Sex</name>
              <mutable>False</mutable>
              <input_type>select</input_type>
              <default_value>Male</default_value>
              <values>Male
Female</values>
            </attribute>
            <attribute>
              <name>Adipose Clipped</name>
              <mutable>False</mutable>
              <input_type>select</input_type>
              <default_value>No</default_value>
              <values>No
Yes
NA</values>
            </attribute>
            <attribute>
              <name>Injury</name>
              <mutable>False</mutable>
              <input_type>select</input_type>
              <default_value>No</default_value>
              <values>No
Yes
NA</values>
            </attribute>
            <attribute>
              <name>Confidence Level</name>
              <mutable>False</mutable>
              <input_type>select</input_type>
              <default_value>3</default_value>
              <values>3
2
1</values>
            </attribute>
            <attribute>
              <name>Notes</name>
              <mutable>False</mutable>
              <input_type>text</input_type>
              <default_value>NA</default_value>
              <values>NA</values>
            </attribute>
          </attributes>
        </label>
        <label>
          <name>Whitefish</name>
          <color>#e2f1ee</color>
          <attributes>
            <attribute>
              <name>Sex</name>
              <mutable>False</mutable>
              <input_type>select</input_type>
              <default_value>NA</default_value>
              <values>NA</values>
            </attribute>
            <attribute>
              <name>Adipose Clipped</name>
              <mutable>False</mutable>
              <input_type>select</input_type>
              <default_value>No</default_value>
              <values>No
Yes
NA</values>
            </attribute>
            <attribute>
              <name>Injury</name>
              <mutable>False</mutable>
              <input_type>select</input_type>
              <default_value>No</default_value>
              <values>No
Yes
NA</values>
            </attribute>
            <attribute>
              <name>Confidence Level</name>
              <mutable>False</mutable>
              <input_type>select</input_type>
              <default_value>3</default_value>
              <values>3
2
1</values>
            </attribute>
            <attribute>
              <name>Notes</name>
              <mutable>False</mutable>
              <input_type>text</input_type>
              <default_value>NA</default_value>
              <values>NA</values>
            </attribute>
          </attributes>
        </label>
        <label>
          <name>Sockeye</name>
          <color>#fa3253</color>
          <attributes>
            <attribute>
              <name>Sex</name>
              <mutable>False</mutable>
              <input_type>select</input_type>
              <default_value>Male</default_value>
              <values>Male
Female</values>
            </attribute>
            <attribute>
              <name>Adipose Clipped</name>
              <mutable>False</mutable>
              <input_type>select</input_type>
              <default_value>No</default_value>
              <values>No
Yes
NA</values>
            </attribute>
            <attribute>
              <name>Injury</name>
              <mutable>False</mutable>
              <input_type>select</input_type>
              <default_value>No</default_value>
              <values>No
Yes
NA</values>
            </attribute>
            <attribute>
              <name>Confidence Level</name>
              <mutable>False</mutable>
              <input_type>select</input_type>
              <default_value>3</default_value>
              <values>3
2
1</values>
            </attribute>
            <attribute>
              <name>Notes</name>
              <mutable>False</mutable>
              <input_type>text</input_type>
              <default_value>NA</default_value>
              <values>NA</values>
            </attribute>
          </attributes>
        </label>
        <label>
          <name>Steelhead</name>
          <color>#66ff66</color>
          <attributes>
            <attribute>
              <name>Sex</name>
              <mutable>False</mutable>
              <input_type>select</input_type>
              <default_value>Male</default_value>
              <values>Male
Female</values>
            </attribute>
            <attribute>
              <name>Adipose Clipped</name>
              <mutable>False</mutable>
              <input_type>select</input_type>
              <default_value>No</default_value>
              <values>No
Yes
NA</values>
            </attribute>
            <attribute>
              <name>Injury</name>
              <mutable>False</mutable>
              <input_type>select</input_type>
              <default_value>No</default_value>
              <values>No
Yes
NA</values>
            </attribute>
            <attribute>
              <name>Confidence Level</name>
              <mutable>False</mutable>
              <input_type>select</input_type>
              <default_value>3</default_value>
              <values>3
2
1</values>
            </attribute>
            <attribute>
              <name>Notes</name>
              <mutable>False</mutable>
              <input_type>text</input_type>
              <default_value>NA</default_value>
              <values>NA</values>
            </attribute>
          </attributes>
        </label>
        <label>
          <name>Rainbow</name>
          <color>#ff00cc</color>
          <attributes>
            <attribute>
              <name>Sex</name>
              <mutable>False</mutable>
              <input_type>select</input_type>
              <default_value>NA</default_value>
              <values>NA</values>
            </attribute>
            <attribute>
              <name>Adipose Clipped</name>
              <mutable>False</mutable>
              <input_type>select</input_type>
              <default_value>No</default_value>
              <values>No
Yes
NA</values>
            </attribute>
            <attribute>
              <name>Injury</name>
              <mutable>False</mutable>
              <input_type>select</input_type>
              <default_value>No</default_value>
              <values>No
Yes
NA</values>
            </attribute>
            <attribute>
              <name>Confidence Level</name>
              <mutable>False</mutable>
              <input_type>select</input_type>
              <default_value>3</default_value>
              <values>3
2
1</values>
            </attribute>
            <attribute>
              <name>Notes</name>
              <mutable>False</mutable>
              <input_type>text</input_type>
              <default_value>NA</default_value>
              <values>NA</values>
            </attribute>
          </attributes>
        </label>
      </labels>
      <segments>
        <segment>
          <id>165</id>
          <start>0</start>
          <stop>359</stop>
          <url>httplocalhost:8080/?id=165</url>
        </segment>
      </segments>
      <owner>
        <username>bna19</username>
        <email>bna19@sfu.ca</email>
      </owner>
      <assignee></assignee>
      <original_size>
        <width>1920</width>
        <height>1080</height>
      </original_size>
    </task>
    <dumped>2021-02-09 04:59:47.463274+00:00</dumped>
    <source>10-23-2019 20-27-16 M Right Bank Underwater.m4v</source>
  </meta>
  <track id="0" label="Bull" source="manual">
    <box frame="67" outside="0" occluded="0" keyframe="1" xtl="0.00" ytl="499.92" xbr="938.23" ybr="922.91" z_order="0">
      <attribute name="Sex">NA</attribute>
      <attribute name="Adipose Clipped">No</attribute>
      <attribute name="Injury">No</attribute>
      <attribute name="Confidence Level">3</attribute>
      <attribute name="Notes">NA</attribute>
    </box>
    <box frame="68" outside="0" occluded="0" keyframe="0" xtl="0.00" ytl="499.92" xbr="986.45" ybr="922.91" z_order="0">
      <attribute name="Sex">NA</attribute>
      <attribute name="Adipose Clipped">No</attribute>
      <attribute name="Injury">No</attribute>
      <attribute name="Confidence Level">3</attribute>
      <attribute name="Notes">NA</attribute>
    </box>
    <box frame="69" outside="0" occluded="0" keyframe="0" xtl="0.00" ytl="499.92" xbr="1034.67" ybr="922.91" z_order="0">
      <attribute name="Sex">NA</attribute>
      <attribute name="Adipose Clipped">No</attribute>
      <attribute name="Injury">No</attribute>
      <attribute name="Confidence Level">3</attribute>
      <attribute name="Notes">NA</attribute>
    </box>
    <box frame="70" outside="0" occluded="0" keyframe="0" xtl="0.00" ytl="499.92" xbr="1082.88" ybr="922.91" z_order="0">
      <attribute name="Sex">NA</attribute>
      <attribute name="Adipose Clipped">No</attribute>
      <attribute name="Injury">No</attribute>
      <attribute name="Confidence Level">3</attribute>
      <attribute name="Notes">NA</attribute>
    </box>
    <box frame="71" outside="0" occluded="0" keyframe="0" xtl="0.00" ytl="499.92" xbr="1131.10" ybr="922.91" z_order="0">
      <attribute name="Sex">NA</attribute>
      <attribute name="Adipose Clipped">No</attribute>
      <attribute name="Injury">No</attribute>
      <attribute name="Confidence Level">3</attribute>
      <attribute name="Notes">NA</attribute>
    </box>
    <box frame="72" outside="0" occluded="0" keyframe="0" xtl="0.00" ytl="499.92" xbr="1179.32" ybr="922.91" z_order="0">
      <attribute name="Sex">NA</attribute>
      <attribute name="Adipose Clipped">No</attribute>
      <attribute name="Injury">No</attribute>
      <attribute name="Confidence Level">3</attribute>
      <attribute name="Notes">NA</attribute>
    </box>
    <box frame="73" outside="0" occluded="0" keyframe="0" xtl="0.00" ytl="499.92" xbr="1227.53" ybr="922.91" z_order="0">
      <attribute name="Sex">NA</attribute>
      <attribute name="Adipose Clipped">No</attribute>
      <attribute name="Injury">No</attribute>
      <attribute name="Confidence Level">3</attribute>
      <attribute name="Notes">NA</attribute>
    </box>
    <box frame="74" outside="0" occluded="0" keyframe="0" xtl="0.00" ytl="499.92" xbr="1275.75" ybr="922.91" z_order="0">
      <attribute name="Sex">NA</attribute>
      <attribute name="Adipose Clipped">No</attribute>
      <attribute name="Injury">No</attribute>
      <attribute name="Confidence Level">3</attribute>
      <attribute name="Notes">NA</attribute>
    </box>
    <box frame="75" outside="0" occluded="0" keyframe="0" xtl="0.00" ytl="499.92" xbr="1323.97" ybr="922.91" z_order="0">
      <attribute name="Sex">NA</attribute>
      <attribute name="Adipose Clipped">No</attribute>
      <attribute name="Injury">No</attribute>
      <attribute name="Confidence Level">3</attribute>
      <attribute name="Notes">NA</attribute>
    </box>
    <box frame="76" outside="0" occluded="0" keyframe="0" xtl="0.00" ytl="499.92" xbr="1372.18" ybr="922.91" z_order="0">
      <attribute name="Sex">NA</attribute>
      <attribute name="Adipose Clipped">No</attribute>
      <attribute name="Injury">No</attribute>
      <attribute name="Confidence Level">3</attribute>
      <attribute name="Notes">NA</attribute>
    </box>
    <box frame="77" outside="0" occluded="0" keyframe="1" xtl="0.00" ytl="499.92" xbr="1420.40" ybr="922.91" z_order="0">
      <attribute name="Sex">NA</attribute>
      <attribute name="Adipose Clipped">No</attribute>
      <attribute name="Injury">No</attribute>
      <attribute name="Confidence Level">3</attribute>
      <attribute name="Notes">NA</attribute>
    </box>
    <box frame="78" outside="0" occluded="0" keyframe="0" xtl="0.00" ytl="499.92" xbr="1444.18" ybr="922.91" z_order="0">
      <attribute name="Sex">NA</attribute>
      <attribute name="Adipose Clipped">No</attribute>
      <attribute name="Injury">No</attribute>
      <attribute name="Confidence Level">3</attribute>
      <attribute name="Notes">NA</attribute>
    </box>
    <box frame="79" outside="0" occluded="0" keyframe="0" xtl="0.00" ytl="499.92" xbr="1467.97" ybr="922.91" z_order="0">
      <attribute name="Sex">NA</attribute>
      <attribute name="Adipose Clipped">No</attribute>
      <attribute name="Injury">No</attribute>
      <attribute name="Confidence Level">3</attribute>
      <attribute name="Notes">NA</attribute>
    </box>
    <box frame="80" outside="0" occluded="0" keyframe="0" xtl="0.00" ytl="499.92" xbr="1491.75" ybr="922.91" z_order="0">
      <attribute name="Sex">NA</attribute>
      <attribute name="Adipose Clipped">No</attribute>
      <attribute name="Injury">No</attribute>
      <attribute name="Confidence Level">3</attribute>
      <attribute name="Notes">NA</attribute>
    </box>
    <box frame="81" outside="0" occluded="0" keyframe="0" xtl="0.00" ytl="499.92" xbr="1515.53" ybr="922.91" z_order="0">
      <attribute name="Sex">NA</attribute>
      <attribute name="Adipose Clipped">No</attribute>
      <attribute name="Injury">No</attribute>
      <attribute name="Confidence Level">3</attribute>
      <attribute name="Notes">NA</attribute>
    </box>
    <box frame="82" outside="0" occluded="0" keyframe="0" xtl="0.00" ytl="499.92" xbr="1539.32" ybr="922.91" z_order="0">
      <attribute name="Sex">NA</attribute>
      <attribute name="Adipose Clipped">No</attribute>
      <attribute name="Injury">No</attribute>
      <attribute name="Confidence Level">3</attribute>
      <attribute name="Notes">NA</attribute>
    </box>
    <box frame="83" outside="0" occluded="0" keyframe="1" xtl="0.00" ytl="499.92" xbr="1563.10" ybr="922.91" z_order="0">
      <attribute name="Sex">NA</attribute>
      <attribute name="Adipose Clipped">No</attribute>
      <attribute name="Injury">No</attribute>
      <attribute name="Confidence Level">3</attribute>
      <attribute name="Notes">NA</attribute>
    </box>
    <box frame="84" outside="0" occluded="0" keyframe="0" xtl="13.95" ytl="491.64" xbr="1532.64" ybr="912.90" z_order="0">
      <attribute name="Sex">NA</attribute>
      <attribute name="Adipose Clipped">No</attribute>
      <attribute name="Injury">No</attribute>
      <attribute name="Confidence Level">3</attribute>
      <attribute name="Notes">NA</attribute>
    </box>
    <box frame="85" outside="0" occluded="0" keyframe="0" xtl="27.90" ytl="483.36" xbr="1502.18" ybr="902.90" z_order="0">
      <attribute name="Sex">NA</attribute>
      <attribute name="Adipose Clipped">No</attribute>
      <attribute name="Injury">No</attribute>
      <attribute name="Confidence Level">3</attribute>
      <attribute name="Notes">NA</attribute>
    </box>
    <box frame="86" outside="0" occluded="0" keyframe="0" xtl="41.85" ytl="475.08" xbr="1471.71" ybr="892.89" z_order="0">
      <attribute name="Sex">NA</attribute>
      <attribute name="Adipose Clipped">No</attribute>
      <attribute name="Injury">No</attribute>
      <attribute name="Confidence Level">3</attribute>
      <attribute name="Notes">NA</attribute>
    </box>
    <box frame="87" outside="0" occluded="0" keyframe="1" xtl="55.80" ytl="466.80" xbr="1441.25" ybr="882.88" z_order="0">
      <attribute name="Sex">NA</attribute>
      <attribute name="Adipose Clipped">No</attribute>
      <attribute name="Injury">No</attribute>
      <attribute name="Confidence Level">3</attribute>
      <attribute name="Notes">NA</attribute>
    </box>
    <box frame="88" outside="0" occluded="0" keyframe="0" xtl="37.20" ytl="460.42" xbr="1386.13" ybr="876.50" z_order="0">
      <attribute name="Sex">NA</attribute>
      <attribute name="Adipose Clipped">No</attribute>
      <attribute name="Injury">No</attribute>
      <attribute name="Confidence Level">3</attribute>
      <attribute name="Notes">NA</attribute>
    </box>
    <box frame="89" outside="0" occluded="0" keyframe="0" xtl="18.60" ytl="454.04" xbr="1331.01" ybr="870.11" z_order="0">
      <attribute name="Sex">NA</attribute>
      <attribute name="Adipose Clipped">No</attribute>
      <attribute name="Injury">No</attribute>
      <attribute name="Confidence Level">3</attribute>
      <attribute name="Notes">NA</attribute>
    </box>
    <box frame="90" outside="0" occluded="0" keyframe="1" xtl="0.00" ytl="447.65" xbr="1275.88" ybr="863.73" z_order="0">
      <attribute name="Sex">NA</attribute>
      <attribute name="Adipose Clipped">No</attribute>
      <attribute name="Injury">No</attribute>
      <attribute name="Confidence Level">3</attribute>
      <attribute name="Notes">NA</attribute>
    </box>
    <box frame="91" outside="0" occluded="0" keyframe="0" xtl="0.00" ytl="436.63" xbr="1227.14" ybr="852.71" z_order="0">
      <attribute name="Sex">NA</attribute>
      <attribute name="Adipose Clipped">No</attribute>
      <attribute name="Injury">No</attribute>
      <attribute name="Confidence Level">3</attribute>
      <attribute name="Notes">NA</attribute>
    </box>
    <box frame="92" outside="0" occluded="0" keyframe="0" xtl="0.00" ytl="425.60" xbr="1178.40" ybr="841.68" z_order="0">
      <attribute name="Sex">NA</attribute>
      <attribute name="Adipose Clipped">No</attribute>
      <attribute name="Injury">No</attribute>
      <attribute name="Confidence Level">3</attribute>
      <attribute name="Notes">NA</attribute>
    </box>
    <box frame="93" outside="0" occluded="0" keyframe="1" xtl="0.00" ytl="414.58" xbr="1129.66" ybr="830.66" z_order="0">
      <attribute name="Sex">NA</attribute>
      <attribute name="Adipose Clipped">No</attribute>
      <attribute name="Injury">No</attribute>
      <attribute name="Confidence Level">3</attribute>
      <attribute name="Notes">NA</attribute>
    </box>
    <box frame="94" outside="0" occluded="0" keyframe="0" xtl="0.00" ytl="415.74" xbr="1045.53" ybr="831.82" z_order="0">
      <attribute name="Sex">NA</attribute>
      <attribute name="Adipose Clipped">No</attribute>
      <attribute name="Injury">No</attribute>
      <attribute name="Confidence Level">3</attribute>
      <attribute name="Notes">NA</attribute>
    </box>
    <box frame="95" outside="0" occluded="0" keyframe="0" xtl="0.00" ytl="416.90" xbr="961.39" ybr="832.98" z_order="0">
      <attribute name="Sex">NA</attribute>
      <attribute name="Adipose Clipped">No</attribute>
      <attribute name="Injury">No</attribute>
      <attribute name="Confidence Level">3</attribute>
      <attribute name="Notes">NA</attribute>
    </box>
    <box frame="96" outside="0" occluded="0" keyframe="1" xtl="0.00" ytl="418.06" xbr="877.26" ybr="834.14" z_order="0">
      <attribute name="Sex">NA</attribute>
      <attribute name="Adipose Clipped">No</attribute>
      <attribute name="Injury">No</attribute>
      <attribute name="Confidence Level">3</attribute>
      <attribute name="Notes">NA</attribute>
    </box>
    <box frame="97" outside="0" occluded="0" keyframe="0" xtl="0.00" ytl="418.06" xbr="832.57" ybr="866.63" z_order="0">
      <attribute name="Sex">NA</attribute>
      <attribute name="Adipose Clipped">No</attribute>
      <attribute name="Injury">No</attribute>
      <attribute name="Confidence Level">3</attribute>
      <attribute name="Notes">NA</attribute>
    </box>
    <box frame="98" outside="0" occluded="0" keyframe="0" xtl="0.00" ytl="418.06" xbr="787.89" ybr="899.11" z_order="0">
      <attribute name="Sex">NA</attribute>
      <attribute name="Adipose Clipped">No</attribute>
      <attribute name="Injury">No</attribute>
      <attribute name="Confidence Level">3</attribute>
      <attribute name="Notes">NA</attribute>
    </box>
    <box frame="99" outside="0" occluded="0" keyframe="1" xtl="0.00" ytl="418.06" xbr="743.20" ybr="931.60" z_order="0">
      <attribute name="Sex">NA</attribute>
      <attribute name="Adipose Clipped">No</attribute>
      <attribute name="Injury">No</attribute>
      <attribute name="Confidence Level">3</attribute>
      <attribute name="Notes">NA</attribute>
    </box>
    <box frame="100" outside="0" occluded="0" keyframe="0" xtl="0.00" ytl="418.06" xbr="670.67" ybr="928.70" z_order="0">
      <attribute name="Sex">NA</attribute>
      <attribute name="Adipose Clipped">No</attribute>
      <attribute name="Injury">No</attribute>
      <attribute name="Confidence Level">3</attribute>
      <attribute name="Notes">NA</attribute>
    </box>
    <box frame="101" outside="0" occluded="0" keyframe="0" xtl="0.00" ytl="418.06" xbr="598.13" ybr="925.80" z_order="0">
      <attribute name="Sex">NA</attribute>
      <attribute name="Adipose Clipped">No</attribute>
      <attribute name="Injury">No</attribute>
      <attribute name="Confidence Level">3</attribute>
      <attribute name="Notes">NA</attribute>
    </box>
    <box frame="102" outside="0" occluded="0" keyframe="1" xtl="0.00" ytl="418.06" xbr="525.60" ybr="922.90" z_order="0">
      <attribute name="Sex">NA</attribute>
      <attribute name="Adipose Clipped">No</attribute>
      <attribute name="Injury">No</attribute>
      <attribute name="Confidence Level">3</attribute>
      <attribute name="Notes">NA</attribute>
    </box>
    <box frame="103" outside="0" occluded="0" keyframe="0" xtl="0.00" ytl="441.03" xbr="513.42" ybr="922.90" z_order="0">
      <attribute name="Sex">NA</attribute>
      <attribute name="Adipose Clipped">No</attribute>
      <attribute name="Injury">No</attribute>
      <attribute name="Confidence Level">3</attribute>
      <attribute name="Notes">NA</attribute>
    </box>
    <box frame="104" outside="0" occluded="0" keyframe="0" xtl="0.00" ytl="464.00" xbr="501.24" ybr="922.90" z_order="0">
      <attribute name="Sex">NA</attribute>
      <attribute name="Adipose Clipped">No</attribute>
      <attribute name="Injury">No</attribute>
      <attribute name="Confidence Level">3</attribute>
      <attribute name="Notes">NA</attribute>
    </box>
    <box frame="105" outside="0" occluded="0" keyframe="0" xtl="0.00" ytl="486.96" xbr="489.06" ybr="922.90" z_order="0">
      <attribute name="Sex">NA</attribute>
      <attribute name="Adipose Clipped">No</attribute>
      <attribute name="Injury">No</attribute>
      <attribute name="Confidence Level">3</attribute>
      <attribute name="Notes">NA</attribute>
    </box>
    <box frame="106" outside="0" occluded="0" keyframe="0" xtl="0.00" ytl="509.93" xbr="476.88" ybr="922.90" z_order="0">
      <attribute name="Sex">NA</attribute>
      <attribute name="Adipose Clipped">No</attribute>
      <attribute name="Injury">No</attribute>
      <attribute name="Confidence Level">3</attribute>
      <attribute name="Notes">NA</attribute>
    </box>
    <box frame="107" outside="0" occluded="0" keyframe="1" xtl="0.00" ytl="532.90" xbr="464.70" ybr="922.90" z_order="0">
      <attribute name="Sex">NA</attribute>
      <attribute name="Adipose Clipped">No</attribute>
      <attribute name="Injury">No</attribute>
      <attribute name="Confidence Level">3</attribute>
      <attribute name="Notes">NA</attribute>
    </box>
    <box frame="108" outside="0" occluded="0" keyframe="0" xtl="0.00" ytl="532.90" xbr="433.38" ybr="911.57" z_order="0">
      <attribute name="Sex">NA</attribute>
      <attribute name="Adipose Clipped">No</attribute>
      <attribute name="Injury">No</attribute>
      <attribute name="Confidence Level">3</attribute>
      <attribute name="Notes">NA</attribute>
    </box>
    <box frame="109" outside="0" occluded="0" keyframe="0" xtl="0.00" ytl="532.90" xbr="402.05" ybr="900.25" z_order="0">
      <attribute name="Sex">NA</attribute>
      <attribute name="Adipose Clipped">No</attribute>
      <attribute name="Injury">No</attribute>
      <attribute name="Confidence Level">3</attribute>
      <attribute name="Notes">NA</attribute>
    </box>
    <box frame="110" outside="0" occluded="0" keyframe="0" xtl="0.00" ytl="532.90" xbr="370.73" ybr="888.92" z_order="0">
      <attribute name="Sex">NA</attribute>
      <attribute name="Adipose Clipped">No</attribute>
      <attribute name="Injury">No</attribute>
      <attribute name="Confidence Level">3</attribute>
      <attribute name="Notes">NA</attribute>
    </box>
    <box frame="111" outside="0" occluded="0" keyframe="1" xtl="0.00" ytl="532.90" xbr="339.40" ybr="877.60" z_order="0">
      <attribute name="Sex">NA</attribute>
      <attribute name="Adipose Clipped">No</attribute>
      <attribute name="Injury">No</attribute>
      <attribute name="Confidence Level">3</attribute>
      <attribute name="Notes">NA</attribute>
    </box>
    <box frame="112" outside="0" occluded="0" keyframe="0" xtl="0.00" ytl="532.90" xbr="318.16" ybr="870.64" z_order="0">
      <attribute name="Sex">NA</attribute>
      <attribute name="Adipose Clipped">No</attribute>
      <attribute name="Injury">No</attribute>
      <attribute name="Confidence Level">3</attribute>
      <attribute name="Notes">NA</attribute>
    </box>
    <box frame="113" outside="0" occluded="0" keyframe="0" xtl="0.00" ytl="532.90" xbr="296.92" ybr="863.68" z_order="0">
      <attribute name="Sex">NA</attribute>
      <attribute name="Adipose Clipped">No</attribute>
      <attribute name="Injury">No</attribute>
      <attribute name="Confidence Level">3</attribute>
      <attribute name="Notes">NA</attribute>
    </box>
    <box frame="114" outside="0" occluded="0" keyframe="0" xtl="0.00" ytl="532.90" xbr="275.68" ybr="856.72" z_order="0">
      <attribute name="Sex">NA</attribute>
      <attribute name="Adipose Clipped">No</attribute>
      <attribute name="Injury">No</attribute>
      <attribute name="Confidence Level">3</attribute>
      <attribute name="Notes">NA</attribute>
    </box>
    <box frame="115" outside="0" occluded="0" keyframe="0" xtl="0.00" ytl="532.90" xbr="254.44" ybr="849.76" z_order="0">
      <attribute name="Sex">NA</attribute>
      <attribute name="Adipose Clipped">No</attribute>
      <attribute name="Injury">No</attribute>
      <attribute name="Confidence Level">3</attribute>
      <attribute name="Notes">NA</attribute>
    </box>
    <box frame="116" outside="0" occluded="0" keyframe="1" xtl="0.00" ytl="532.90" xbr="233.20" ybr="842.80" z_order="0">
      <attribute name="Sex">NA</attribute>
      <attribute name="Adipose Clipped">No</attribute>
      <attribute name="Injury">No</attribute>
      <attribute name="Confidence Level">3</attribute>
      <attribute name="Notes">NA</attribute>
    </box>
    <box frame="117" outside="0" occluded="0" keyframe="0" xtl="0.00" ytl="532.90" xbr="219.28" ybr="835.40" z_order="0">
      <attribute name="Sex">NA</attribute>
      <attribute name="Adipose Clipped">No</attribute>
      <attribute name="Injury">No</attribute>
      <attribute name="Confidence Level">3</attribute>
      <attribute name="Notes">NA</attribute>
    </box>
    <box frame="118" outside="0" occluded="0" keyframe="0" xtl="0.00" ytl="532.90" xbr="205.35" ybr="828.00" z_order="0">
      <attribute name="Sex">NA</attribute>
      <attribute name="Adipose Clipped">No</attribute>
      <attribute name="Injury">No</attribute>
      <attribute name="Confidence Level">3</attribute>
      <attribute name="Notes">NA</attribute>
    </box>
    <box frame="119" outside="0" occluded="0" keyframe="0" xtl="0.00" ytl="532.90" xbr="191.43" ybr="820.60" z_order="0">
      <attribute name="Sex">NA</attribute>
      <attribute name="Adipose Clipped">No</attribute>
      <attribute name="Injury">No</attribute>
      <attribute name="Confidence Level">3</attribute>
      <attribute name="Notes">NA</attribute>
    </box>
    <box frame="120" outside="0" occluded="0" keyframe="0" xtl="0.00" ytl="532.90" xbr="177.50" ybr="813.20" z_order="0">
      <attribute name="Sex">NA</attribute>
      <attribute name="Adipose Clipped">No</attribute>
      <attribute name="Injury">No</attribute>
      <attribute name="Confidence Level">3</attribute>
      <attribute name="Notes">NA</attribute>
    </box>
    <box frame="121" outside="0" occluded="0" keyframe="0" xtl="0.00" ytl="532.90" xbr="163.58" ybr="805.80" z_order="0">
      <attribute name="Sex">NA</attribute>
      <attribute name="Adipose Clipped">No</attribute>
      <attribute name="Injury">No</attribute>
      <attribute name="Confidence Level">3</attribute>
      <attribute name="Notes">NA</attribute>
    </box>
    <box frame="122" outside="0" occluded="0" keyframe="0" xtl="0.00" ytl="532.90" xbr="149.65" ybr="798.40" z_order="0">
      <attribute name="Sex">NA</attribute>
      <attribute name="Adipose Clipped">No</attribute>
      <attribute name="Injury">No</attribute>
      <attribute name="Confidence Level">3</attribute>
      <attribute name="Notes">NA</attribute>
    </box>
    <box frame="123" outside="0" occluded="0" keyframe="0" xtl="0.00" ytl="532.90" xbr="135.73" ybr="791.00" z_order="0">
      <attribute name="Sex">NA</attribute>
      <attribute name="Adipose Clipped">No</attribute>
      <attribute name="Injury">No</attribute>
      <attribute name="Confidence Level">3</attribute>
      <attribute name="Notes">NA</attribute>
    </box>
    <box frame="124" outside="0" occluded="0" keyframe="1" xtl="0.00" ytl="532.90" xbr="121.80" ybr="783.60" z_order="0">
      <attribute name="Sex">NA</attribute>
      <attribute name="Adipose Clipped">No</attribute>
      <attribute name="Injury">No</attribute>
      <attribute name="Confidence Level">3</attribute>
      <attribute name="Notes">NA</attribute>
    </box>
    <box frame="125" outside="0" occluded="0" keyframe="0" xtl="0.00" ytl="532.90" xbr="121.80" ybr="783.60" z_order="0">
      <attribute name="Sex">NA</attribute>
      <attribute name="Adipose Clipped">No</attribute>
      <attribute name="Injury">No</attribute>
      <attribute name="Confidence Level">3</attribute>
      <attribute name="Notes">NA</attribute>
    </box>
    <box frame="126" outside="0" occluded="0" keyframe="0" xtl="0.00" ytl="532.90" xbr="121.80" ybr="783.60" z_order="0">
      <attribute name="Sex">NA</attribute>
      <attribute name="Adipose Clipped">No</attribute>
      <attribute name="Injury">No</attribute>
      <attribute name="Confidence Level">3</attribute>
      <attribute name="Notes">NA</attribute>
    </box>
    <box frame="127" outside="0" occluded="0" keyframe="0" xtl="0.00" ytl="532.90" xbr="121.80" ybr="783.60" z_order="0">
      <attribute name="Sex">NA</attribute>
      <attribute name="Adipose Clipped">No</attribute>
      <attribute name="Injury">No</attribute>
      <attribute name="Confidence Level">3</attribute>
      <attribute name="Notes">NA</attribute>
    </box>
    <box frame="128" outside="1" occluded="0" keyframe="1" xtl="0.00" ytl="532.90" xbr="121.80" ybr="783.60" z_order="0">
      <attribute name="Sex">NA</attribute>
      <attribute name="Adipose Clipped">No</attribute>
      <attribute name="Injury">No</attribute>
      <attribute name="Confidence Level">3</attribute>
      <attribute name="Notes">NA</attribute>
    </box>
  </track>
  <track id="1" label="Bull" source="manual">
    <box frame="183" outside="0" occluded="0" keyframe="1" xtl="83.54" ytl="517.33" xbr="1018.30" ybr="814.99" z_order="0">
      <attribute name="Sex">NA</attribute>
      <attribute name="Adipose Clipped">No</attribute>
      <attribute name="Injury">No</attribute>
      <attribute name="Confidence Level">1</attribute>
      <attribute name="Notes">Low visibility - orange pectoral fin at frame 184</attribute>
    </box>
    <box frame="184" outside="0" occluded="0" keyframe="0" xtl="106.17" ytl="518.20" xbr="1040.93" ybr="815.86" z_order="0">
      <attribute name="Sex">NA</attribute>
      <attribute name="Adipose Clipped">No</attribute>
      <attribute name="Injury">No</attribute>
      <attribute name="Confidence Level">1</attribute>
      <attribute name="Notes">Low visibility - orange pectoral fin at frame 184</attribute>
    </box>
    <box frame="185" outside="0" occluded="0" keyframe="0" xtl="128.80" ytl="519.07" xbr="1063.56" ybr="816.73" z_order="0">
      <attribute name="Sex">NA</attribute>
      <attribute name="Adipose Clipped">No</attribute>
      <attribute name="Injury">No</attribute>
      <attribute name="Confidence Level">1</attribute>
      <attribute name="Notes">Low visibility - orange pectoral fin at frame 184</attribute>
    </box>
    <box frame="186" outside="0" occluded="0" keyframe="0" xtl="151.43" ytl="519.94" xbr="1086.19" ybr="817.60" z_order="0">
      <attribute name="Sex">NA</attribute>
      <attribute name="Adipose Clipped">No</attribute>
      <attribute name="Injury">No</attribute>
      <attribute name="Confidence Level">1</attribute>
      <attribute name="Notes">Low visibility - orange pectoral fin at frame 184</attribute>
    </box>
    <box frame="187" outside="0" occluded="0" keyframe="0" xtl="174.06" ytl="520.81" xbr="1108.82" ybr="818.47" z_order="0">
      <attribute name="Sex">NA</attribute>
      <attribute name="Adipose Clipped">No</attribute>
      <attribute name="Injury">No</attribute>
      <attribute name="Confidence Level">1</attribute>
      <attribute name="Notes">Low visibility - orange pectoral fin at frame 184</attribute>
    </box>
    <box frame="188" outside="0" occluded="0" keyframe="0" xtl="196.69" ytl="521.68" xbr="1131.45" ybr="819.34" z_order="0">
      <attribute name="Sex">NA</attribute>
      <attribute name="Adipose Clipped">No</attribute>
      <attribute name="Injury">No</attribute>
      <attribute name="Confidence Level">1</attribute>
      <attribute name="Notes">Low visibility - orange pectoral fin at frame 184</attribute>
    </box>
    <box frame="189" outside="0" occluded="0" keyframe="1" xtl="219.32" ytl="522.55" xbr="1154.08" ybr="820.21" z_order="0">
      <attribute name="Sex">NA</attribute>
      <attribute name="Adipose Clipped">No</attribute>
      <attribute name="Injury">No</attribute>
      <attribute name="Confidence Level">1</attribute>
      <attribute name="Notes">Low visibility - orange pectoral fin at frame 184</attribute>
    </box>
    <box frame="190" outside="0" occluded="0" keyframe="0" xtl="242.82" ytl="522.55" xbr="1177.58" ybr="820.21" z_order="0">
      <attribute name="Sex">NA</attribute>
      <attribute name="Adipose Clipped">No</attribute>
      <attribute name="Injury">No</attribute>
      <attribute name="Confidence Level">1</attribute>
      <attribute name="Notes">Low visibility - orange pectoral fin at frame 184</attribute>
    </box>
    <box frame="191" outside="0" occluded="0" keyframe="0" xtl="266.32" ytl="522.55" xbr="1201.08" ybr="820.21" z_order="0">
      <attribute name="Sex">NA</attribute>
      <attribute name="Adipose Clipped">No</attribute>
      <attribute name="Injury">No</attribute>
      <attribute name="Confidence Level">1</attribute>
      <attribute name="Notes">Low visibility - orange pectoral fin at frame 184</attribute>
    </box>
    <box frame="192" outside="0" occluded="0" keyframe="0" xtl="289.82" ytl="522.55" xbr="1224.58" ybr="820.21" z_order="0">
      <attribute name="Sex">NA</attribute>
      <attribute name="Adipose Clipped">No</attribute>
      <attribute name="Injury">No</attribute>
      <attribute name="Confidence Level">1</attribute>
      <attribute name="Notes">Low visibility - orange pectoral fin at frame 184</attribute>
    </box>
    <box frame="193" outside="0" occluded="0" keyframe="1" xtl="313.32" ytl="522.55" xbr="1248.08" ybr="820.21" z_order="0">
      <attribute name="Sex">NA</attribute>
      <attribute name="Adipose Clipped">No</attribute>
      <attribute name="Injury">No</attribute>
      <attribute name="Confidence Level">1</attribute>
      <attribute name="Notes">Low visibility - orange pectoral fin at frame 184</attribute>
    </box>
    <box frame="194" outside="0" occluded="0" keyframe="0" xtl="338.85" ytl="522.55" xbr="1273.61" ybr="820.21" z_order="0">
      <attribute name="Sex">NA</attribute>
      <attribute name="Adipose Clipped">No</attribute>
      <attribute name="Injury">No</attribute>
      <attribute name="Confidence Level">1</attribute>
      <attribute name="Notes">Low visibility - orange pectoral fin at frame 184</attribute>
    </box>
    <box frame="195" outside="0" occluded="0" keyframe="0" xtl="364.38" ytl="522.55" xbr="1299.14" ybr="820.21" z_order="0">
      <attribute name="Sex">NA</attribute>
      <attribute name="Adipose Clipped">No</attribute>
      <attribute name="Injury">No</attribute>
      <attribute name="Confidence Level">1</attribute>
      <attribute name="Notes">Low visibility - orange pectoral fin at frame 184</attribute>
    </box>
    <box frame="196" outside="0" occluded="0" keyframe="1" xtl="389.91" ytl="522.55" xbr="1324.67" ybr="820.21" z_order="0">
      <attribute name="Sex">NA</attribute>
      <attribute name="Adipose Clipped">No</attribute>
      <attribute name="Injury">No</attribute>
      <attribute name="Confidence Level">1</attribute>
      <attribute name="Notes">Low visibility - orange pectoral fin at frame 184</attribute>
    </box>
    <box frame="197" outside="0" occluded="0" keyframe="0" xtl="432.56" ytl="522.55" xbr="1367.32" ybr="820.21" z_order="0">
      <attribute name="Sex">NA</attribute>
      <attribute name="Adipose Clipped">No</attribute>
      <attribute name="Injury">No</attribute>
      <attribute name="Confidence Level">1</attribute>
      <attribute name="Notes">Low visibility - orange pectoral fin at frame 184</attribute>
    </box>
    <box frame="198" outside="0" occluded="0" keyframe="1" xtl="475.21" ytl="522.55" xbr="1409.97" ybr="820.21" z_order="0">
      <attribute name="Sex">NA</attribute>
      <attribute name="Adipose Clipped">No</attribute>
      <attribute name="Injury">No</attribute>
      <attribute name="Confidence Level">1</attribute>
      <attribute name="Notes">Low visibility - orange pectoral fin at frame 184</attribute>
    </box>
    <box frame="199" outside="0" occluded="0" keyframe="0" xtl="507.70" ytl="523.13" xbr="1442.46" ybr="820.79" z_order="0">
      <attribute name="Sex">NA</attribute>
      <attribute name="Adipose Clipped">No</attribute>
      <attribute name="Injury">No</attribute>
      <attribute name="Confidence Level">1</attribute>
      <attribute name="Notes">Low visibility - orange pectoral fin at frame 184</attribute>
    </box>
    <box frame="200" outside="0" occluded="0" keyframe="0" xtl="540.19" ytl="523.71" xbr="1474.95" ybr="821.37" z_order="0">
      <attribute name="Sex">NA</attribute>
      <attribute name="Adipose Clipped">No</attribute>
      <attribute name="Injury">No</attribute>
      <attribute name="Confidence Level">1</attribute>
      <attribute name="Notes">Low visibility - orange pectoral fin at frame 184</attribute>
    </box>
    <box frame="201" outside="0" occluded="0" keyframe="1" xtl="572.69" ytl="524.29" xbr="1507.45" ybr="821.95" z_order="0">
      <attribute name="Sex">NA</attribute>
      <attribute name="Adipose Clipped">No</attribute>
      <attribute name="Injury">No</attribute>
      <attribute name="Confidence Level">1</attribute>
      <attribute name="Notes">Low visibility - orange pectoral fin at frame 184</attribute>
    </box>
    <box frame="202" outside="0" occluded="0" keyframe="0" xtl="584.87" ytl="524.29" xbr="1519.63" ybr="821.95" z_order="0">
      <attribute name="Sex">NA</attribute>
      <attribute name="Adipose Clipped">No</attribute>
      <attribute name="Injury">No</attribute>
      <attribute name="Confidence Level">1</attribute>
      <attribute name="Notes">Low visibility - orange pectoral fin at frame 184</attribute>
    </box>
    <box frame="203" outside="0" occluded="0" keyframe="1" xtl="597.06" ytl="524.29" xbr="1531.82" ybr="821.95" z_order="0">
      <attribute name="Sex">NA</attribute>
      <attribute name="Adipose Clipped">No</attribute>
      <attribute name="Injury">No</attribute>
      <attribute name="Confidence Level">1</attribute>
      <attribute name="Notes">Low visibility - orange pectoral fin at frame 184</attribute>
    </box>
    <box frame="204" outside="0" occluded="0" keyframe="0" xtl="625.49" ytl="524.29" xbr="1560.25" ybr="821.95" z_order="0">
      <attribute name="Sex">NA</attribute>
      <attribute name="Adipose Clipped">No</attribute>
      <attribute name="Injury">No</attribute>
      <attribute name="Confidence Level">1</attribute>
      <attribute name="Notes">Low visibility - orange pectoral fin at frame 184</attribute>
    </box>
    <box frame="205" outside="0" occluded="0" keyframe="0" xtl="653.92" ytl="524.29" xbr="1588.68" ybr="821.95" z_order="0">
      <attribute name="Sex">NA</attribute>
      <attribute name="Adipose Clipped">No</attribute>
      <attribute name="Injury">No</attribute>
      <attribute name="Confidence Level">1</attribute>
      <attribute name="Notes">Low visibility - orange pectoral fin at frame 184</attribute>
    </box>
    <box frame="206" outside="0" occluded="0" keyframe="1" xtl="682.35" ytl="524.29" xbr="1617.11" ybr="821.95" z_order="0">
      <attribute name="Sex">NA</attribute>
      <attribute name="Adipose Clipped">No</attribute>
      <attribute name="Injury">No</attribute>
      <attribute name="Confidence Level">1</attribute>
      <attribute name="Notes">Low visibility - orange pectoral fin at frame 184</attribute>
    </box>
    <box frame="207" outside="0" occluded="0" keyframe="0" xtl="708.46" ytl="523.13" xbr="1643.22" ybr="820.79" z_order="0">
      <attribute name="Sex">NA</attribute>
      <attribute name="Adipose Clipped">No</attribute>
      <attribute name="Injury">No</attribute>
      <attribute name="Confidence Level">1</attribute>
      <attribute name="Notes">Low visibility - orange pectoral fin at frame 184</attribute>
    </box>
    <box frame="208" outside="0" occluded="0" keyframe="0" xtl="734.57" ytl="521.97" xbr="1669.33" ybr="819.63" z_order="0">
      <attribute name="Sex">NA</attribute>
      <attribute name="Adipose Clipped">No</attribute>
      <attribute name="Injury">No</attribute>
      <attribute name="Confidence Level">1</attribute>
      <attribute name="Notes">Low visibility - orange pectoral fin at frame 184</attribute>
    </box>
    <box frame="209" outside="0" occluded="0" keyframe="1" xtl="760.68" ytl="520.81" xbr="1695.44" ybr="818.47" z_order="0">
      <attribute name="Sex">NA</attribute>
      <attribute name="Adipose Clipped">No</attribute>
      <attribute name="Injury">No</attribute>
      <attribute name="Confidence Level">1</attribute>
      <attribute name="Notes">Low visibility - orange pectoral fin at frame 184</attribute>
    </box>
    <box frame="210" outside="0" occluded="0" keyframe="0" xtl="775.65" ytl="521.16" xbr="1710.41" ybr="818.82" z_order="0">
      <attribute name="Sex">NA</attribute>
      <attribute name="Adipose Clipped">No</attribute>
      <attribute name="Injury">No</attribute>
      <attribute name="Confidence Level">1</attribute>
      <attribute name="Notes">Low visibility - orange pectoral fin at frame 184</attribute>
    </box>
    <box frame="211" outside="0" occluded="0" keyframe="0" xtl="790.62" ytl="521.51" xbr="1725.38" ybr="819.17" z_order="0">
      <attribute name="Sex">NA</attribute>
      <attribute name="Adipose Clipped">No</attribute>
      <attribute name="Injury">No</attribute>
      <attribute name="Confidence Level">1</attribute>
      <attribute name="Notes">Low visibility - orange pectoral fin at frame 184</attribute>
    </box>
    <box frame="212" outside="0" occluded="0" keyframe="0" xtl="805.59" ytl="521.85" xbr="1740.35" ybr="819.52" z_order="0">
      <attribute name="Sex">NA</attribute>
      <attribute name="Adipose Clipped">No</attribute>
      <attribute name="Injury">No</attribute>
      <attribute name="Confidence Level">1</attribute>
      <attribute name="Notes">Low visibility - orange pectoral fin at frame 184</attribute>
    </box>
    <box frame="213" outside="0" occluded="0" keyframe="0" xtl="820.56" ytl="522.20" xbr="1755.32" ybr="819.86" z_order="0">
      <attribute name="Sex">NA</attribute>
      <attribute name="Adipose Clipped">No</attribute>
      <attribute name="Injury">No</attribute>
      <attribute name="Confidence Level">1</attribute>
      <attribute name="Notes">Low visibility - orange pectoral fin at frame 184</attribute>
    </box>
    <box frame="214" outside="0" occluded="0" keyframe="1" xtl="835.53" ytl="522.55" xbr="1770.29" ybr="820.21" z_order="0">
      <attribute name="Sex">NA</attribute>
      <attribute name="Adipose Clipped">No</attribute>
      <attribute name="Injury">No</attribute>
      <attribute name="Confidence Level">1</attribute>
      <attribute name="Notes">Low visibility - orange pectoral fin at frame 184</attribute>
    </box>
    <box frame="215" outside="0" occluded="0" keyframe="0" xtl="868.95" ytl="522.55" xbr="1800.23" ybr="820.21" z_order="0">
      <attribute name="Sex">NA</attribute>
      <attribute name="Adipose Clipped">No</attribute>
      <attribute name="Injury">No</attribute>
      <attribute name="Confidence Level">1</attribute>
      <attribute name="Notes">Low visibility - orange pectoral fin at frame 184</attribute>
    </box>
    <box frame="216" outside="0" occluded="0" keyframe="0" xtl="902.38" ytl="522.55" xbr="1830.18" ybr="820.21" z_order="0">
      <attribute name="Sex">NA</attribute>
      <attribute name="Adipose Clipped">No</attribute>
      <attribute name="Injury">No</attribute>
      <attribute name="Confidence Level">1</attribute>
      <attribute name="Notes">Low visibility - orange pectoral fin at frame 184</attribute>
    </box>
    <box frame="217" outside="0" occluded="0" keyframe="0" xtl="935.80" ytl="522.55" xbr="1860.12" ybr="820.21" z_order="0">
      <attribute name="Sex">NA</attribute>
      <attribute name="Adipose Clipped">No</attribute>
      <attribute name="Injury">No</attribute>
      <attribute name="Confidence Level">1</attribute>
      <attribute name="Notes">Low visibility - orange pectoral fin at frame 184</attribute>
    </box>
    <box frame="218" outside="0" occluded="0" keyframe="0" xtl="969.22" ytl="522.55" xbr="1890.06" ybr="820.21" z_order="0">
      <attribute name="Sex">NA</attribute>
      <attribute name="Adipose Clipped">No</attribute>
      <attribute name="Injury">No</attribute>
      <attribute name="Confidence Level">1</attribute>
      <attribute name="Notes">Low visibility - orange pectoral fin at frame 184</attribute>
    </box>
    <box frame="219" outside="0" occluded="0" keyframe="1" xtl="1002.64" ytl="522.55" xbr="1920.00" ybr="820.21" z_order="0">
      <attribute name="Sex">NA</attribute>
      <attribute name="Adipose Clipped">No</attribute>
      <attribute name="Injury">No</attribute>
      <attribute name="Confidence Level">1</attribute>
      <attribute name="Notes">Low visibility - orange pectoral fin at frame 184</attribute>
    </box>
    <box frame="220" outside="0" occluded="0" keyframe="0" xtl="1021.12" ytl="522.55" xbr="1920.00" ybr="820.21" z_order="0">
      <attribute name="Sex">NA</attribute>
      <attribute name="Adipose Clipped">No</attribute>
      <attribute name="Injury">No</attribute>
      <attribute name="Confidence Level">1</attribute>
      <attribute name="Notes">Low visibility - orange pectoral fin at frame 184</attribute>
    </box>
    <box frame="221" outside="0" occluded="0" keyframe="0" xtl="1039.60" ytl="522.55" xbr="1920.00" ybr="820.21" z_order="0">
      <attribute name="Sex">NA</attribute>
      <attribute name="Adipose Clipped">No</attribute>
      <attribute name="Injury">No</attribute>
      <attribute name="Confidence Level">1</attribute>
      <attribute name="Notes">Low visibility - orange pectoral fin at frame 184</attribute>
    </box>
    <box frame="222" outside="0" occluded="0" keyframe="0" xtl="1058.09" ytl="522.55" xbr="1920.00" ybr="820.21" z_order="0">
      <attribute name="Sex">NA</attribute>
      <attribute name="Adipose Clipped">No</attribute>
      <attribute name="Injury">No</attribute>
      <attribute name="Confidence Level">1</attribute>
      <attribute name="Notes">Low visibility - orange pectoral fin at frame 184</attribute>
    </box>
    <box frame="223" outside="0" occluded="0" keyframe="0" xtl="1076.57" ytl="522.55" xbr="1920.00" ybr="820.21" z_order="0">
      <attribute name="Sex">NA</attribute>
      <attribute name="Adipose Clipped">No</attribute>
      <attribute name="Injury">No</attribute>
      <attribute name="Confidence Level">1</attribute>
      <attribute name="Notes">Low visibility - orange pectoral fin at frame 184</attribute>
    </box>
    <box frame="224" outside="0" occluded="0" keyframe="0" xtl="1095.05" ytl="522.55" xbr="1920.00" ybr="820.21" z_order="0">
      <attribute name="Sex">NA</attribute>
      <attribute name="Adipose Clipped">No</attribute>
      <attribute name="Injury">No</attribute>
      <attribute name="Confidence Level">1</attribute>
      <attribute name="Notes">Low visibility - orange pectoral fin at frame 184</attribute>
    </box>
    <box frame="225" outside="0" occluded="0" keyframe="0" xtl="1113.53" ytl="522.55" xbr="1920.00" ybr="820.21" z_order="0">
      <attribute name="Sex">NA</attribute>
      <attribute name="Adipose Clipped">No</attribute>
      <attribute name="Injury">No</attribute>
      <attribute name="Confidence Level">1</attribute>
      <attribute name="Notes">Low visibility - orange pectoral fin at frame 184</attribute>
    </box>
    <box frame="226" outside="0" occluded="0" keyframe="0" xtl="1132.01" ytl="522.55" xbr="1920.00" ybr="820.21" z_order="0">
      <attribute name="Sex">NA</attribute>
      <attribute name="Adipose Clipped">No</attribute>
      <attribute name="Injury">No</attribute>
      <attribute name="Confidence Level">1</attribute>
      <attribute name="Notes">Low visibility - orange pectoral fin at frame 184</attribute>
    </box>
    <box frame="227" outside="0" occluded="0" keyframe="0" xtl="1150.49" ytl="522.55" xbr="1920.00" ybr="820.21" z_order="0">
      <attribute name="Sex">NA</attribute>
      <attribute name="Adipose Clipped">No</attribute>
      <attribute name="Injury">No</attribute>
      <attribute name="Confidence Level">1</attribute>
      <attribute name="Notes">Low visibility - orange pectoral fin at frame 184</attribute>
    </box>
    <box frame="228" outside="0" occluded="0" keyframe="0" xtl="1168.97" ytl="522.55" xbr="1920.00" ybr="820.21" z_order="0">
      <attribute name="Sex">NA</attribute>
      <attribute name="Adipose Clipped">No</attribute>
      <attribute name="Injury">No</attribute>
      <attribute name="Confidence Level">1</attribute>
      <attribute name="Notes">Low visibility - orange pectoral fin at frame 184</attribute>
    </box>
    <box frame="229" outside="0" occluded="0" keyframe="0" xtl="1187.46" ytl="522.55" xbr="1920.00" ybr="820.21" z_order="0">
      <attribute name="Sex">NA</attribute>
      <attribute name="Adipose Clipped">No</attribute>
      <attribute name="Injury">No</attribute>
      <attribute name="Confidence Level">1</attribute>
      <attribute name="Notes">Low visibility - orange pectoral fin at frame 184</attribute>
    </box>
    <box frame="230" outside="0" occluded="0" keyframe="0" xtl="1205.94" ytl="522.55" xbr="1920.00" ybr="820.21" z_order="0">
      <attribute name="Sex">NA</attribute>
      <attribute name="Adipose Clipped">No</attribute>
      <attribute name="Injury">No</attribute>
      <attribute name="Confidence Level">1</attribute>
      <attribute name="Notes">Low visibility - orange pectoral fin at frame 184</attribute>
    </box>
    <box frame="231" outside="0" occluded="0" keyframe="0" xtl="1224.42" ytl="522.55" xbr="1920.00" ybr="820.21" z_order="0">
      <attribute name="Sex">NA</attribute>
      <attribute name="Adipose Clipped">No</attribute>
      <attribute name="Injury">No</attribute>
      <attribute name="Confidence Level">1</attribute>
      <attribute name="Notes">Low visibility - orange pectoral fin at frame 184</attribute>
    </box>
    <box frame="232" outside="0" occluded="0" keyframe="1" xtl="1242.90" ytl="522.55" xbr="1920.00" ybr="820.21" z_order="0">
      <attribute name="Sex">NA</attribute>
      <attribute name="Adipose Clipped">No</attribute>
      <attribute name="Injury">No</attribute>
      <attribute name="Confidence Level">1</attribute>
      <attribute name="Notes">Low visibility - orange pectoral fin at frame 184</attribute>
    </box>
    <box frame="233" outside="0" occluded="0" keyframe="0" xtl="1242.90" ytl="522.55" xbr="1920.00" ybr="820.21" z_order="0">
      <attribute name="Sex">NA</attribute>
      <attribute name="Adipose Clipped">No</attribute>
      <attribute name="Injury">No</attribute>
      <attribute name="Confidence Level">1</attribute>
      <attribute name="Notes">Low visibility - orange pectoral fin at frame 184</attribute>
    </box>
    <box frame="234" outside="0" occluded="0" keyframe="0" xtl="1242.90" ytl="522.55" xbr="1920.00" ybr="820.21" z_order="0">
      <attribute name="Sex">NA</attribute>
      <attribute name="Adipose Clipped">No</attribute>
      <attribute name="Injury">No</attribute>
      <attribute name="Confidence Level">1</attribute>
      <attribute name="Notes">Low visibility - orange pectoral fin at frame 184</attribute>
    </box>
    <box frame="235" outside="0" occluded="0" keyframe="0" xtl="1242.90" ytl="522.55" xbr="1920.00" ybr="820.21" z_order="0">
      <attribute name="Sex">NA</attribute>
      <attribute name="Adipose Clipped">No</attribute>
      <attribute name="Injury">No</attribute>
      <attribute name="Confidence Level">1</attribute>
      <attribute name="Notes">Low visibility - orange pectoral fin at frame 184</attribute>
    </box>
    <box frame="236" outside="0" occluded="0" keyframe="0" xtl="1242.90" ytl="522.55" xbr="1920.00" ybr="820.21" z_order="0">
      <attribute name="Sex">NA</attribute>
      <attribute name="Adipose Clipped">No</attribute>
      <attribute name="Injury">No</attribute>
      <attribute name="Confidence Level">1</attribute>
      <attribute name="Notes">Low visibility - orange pectoral fin at frame 184</attribute>
    </box>
    <box frame="237" outside="0" occluded="0" keyframe="0" xtl="1242.90" ytl="522.55" xbr="1920.00" ybr="820.21" z_order="0">
      <attribute name="Sex">NA</attribute>
      <attribute name="Adipose Clipped">No</attribute>
      <attribute name="Injury">No</attribute>
      <attribute name="Confidence Level">1</attribute>
      <attribute name="Notes">Low visibility - orange pectoral fin at frame 184</attribute>
    </box>
    <box frame="238" outside="0" occluded="0" keyframe="0" xtl="1242.90" ytl="522.55" xbr="1920.00" ybr="820.21" z_order="0">
      <attribute name="Sex">NA</attribute>
      <attribute name="Adipose Clipped">No</attribute>
      <attribute name="Injury">No</attribute>
      <attribute name="Confidence Level">1</attribute>
      <attribute name="Notes">Low visibility - orange pectoral fin at frame 184</attribute>
    </box>
    <box frame="239" outside="0" occluded="0" keyframe="0" xtl="1242.90" ytl="522.55" xbr="1920.00" ybr="820.21" z_order="0">
      <attribute name="Sex">NA</attribute>
      <attribute name="Adipose Clipped">No</attribute>
      <attribute name="Injury">No</attribute>
      <attribute name="Confidence Level">1</attribute>
      <attribute name="Notes">Low visibility - orange pectoral fin at frame 184</attribute>
    </box>
    <box frame="240" outside="0" occluded="0" keyframe="0" xtl="1242.90" ytl="522.55" xbr="1920.00" ybr="820.21" z_order="0">
      <attribute name="Sex">NA</attribute>
      <attribute name="Adipose Clipped">No</attribute>
      <attribute name="Injury">No</attribute>
      <attribute name="Confidence Level">1</attribute>
      <attribute name="Notes">Low visibility - orange pectoral fin at frame 184</attribute>
    </box>
    <box frame="241" outside="0" occluded="0" keyframe="0" xtl="1242.90" ytl="522.55" xbr="1920.00" ybr="820.21" z_order="0">
      <attribute name="Sex">NA</attribute>
      <attribute name="Adipose Clipped">No</attribute>
      <attribute name="Injury">No</attribute>
      <attribute name="Confidence Level">1</attribute>
      <attribute name="Notes">Low visibility - orange pectoral fin at frame 184</attribute>
    </box>
    <box frame="242" outside="1" occluded="0" keyframe="1" xtl="1242.90" ytl="522.55" xbr="1920.00" ybr="820.21" z_order="0">
      <attribute name="Sex">NA</attribute>
      <attribute name="Adipose Clipped">No</attribute>
      <attribute name="Injury">No</attribute>
      <attribute name="Confidence Level">1</attribute>
      <attribute name="Notes">Low visibility - orange pectoral fin at frame 184</attribute>
    </box>
  </track>
</annotations>