<?xml version="1.0" encoding="utf-8"?>
<annotations>
  <version>1.1</version>
  <meta>
    <task>
      <id>378</id>
      <name>08-12-2019 14-29-00 C Right Bank Underwater</name>
      <size>120</size>
      <mode>interpolation</mode>
      <overlap>5</overlap>
      <bugtracker></bugtracker>
      <created>2021-03-04 19:47:58.677571+00:00</created>
      <updated>2021-03-04 21:18:39.004840+00:00</updated>
      <start_frame>0</start_frame>
      <stop_frame>119</stop_frame>
      <frame_filter></frame_filter>
      <labels>
        <label>
          <name>Coho</name>
          <color>#66c893</color>
          <attributes>
            <attribute>
              <name>Adipose Clipped</name>
              <mutable>False</mutable>
              <input_type>select</input_type>
              <default_value>No</default_value>
              <values>No
Yes
NA</values>
            </attribute>
            <attribute>
              <name>Confidence Level</name>
              <mutable>False</mutable>
              <input_type>select</input_type>
              <default_value>3</default_value>
              <values>3
2
1</values>
            </attribute>
            <attribute>
              <name>Injury</name>
              <mutable>False</mutable>
              <input_type>select</input_type>
              <default_value>No</default_value>
              <values>No
Yes
NA</values>
            </attribute>
            <attribute>
              <name>Notes</name>
              <mutable>False</mutable>
              <input_type>text</input_type>
              <default_value>NA</default_value>
              <values>NA</values>
            </attribute>
            <attribute>
              <name>Sex</name>
              <mutable>False</mutable>
              <input_type>select</input_type>
              <default_value>Male</default_value>
              <values>Male
Female
Jack</values>
            </attribute>
          </attributes>
        </label>
        <label>
          <name>Pink</name>
          <color>#fa7dbb</color>
          <attributes>
            <attribute>
              <name>Adipose Clipped</name>
              <mutable>False</mutable>
              <input_type>select</input_type>
              <default_value>No</default_value>
              <values>No
Yes
NA</values>
            </attribute>
            <attribute>
              <name>Confidence Level</name>
              <mutable>False</mutable>
              <input_type>select</input_type>
              <default_value>3</default_value>
              <values>3
2
1</values>
            </attribute>
            <attribute>
              <name>Injury</name>
              <mutable>False</mutable>
              <input_type>select</input_type>
              <default_value>No</default_value>
              <values>No
Yes
NA</values>
            </attribute>
            <attribute>
              <name>Notes</name>
              <mutable>False</mutable>
              <input_type>text</input_type>
              <default_value>NA</default_value>
              <values>NA</values>
            </attribute>
            <attribute>
              <name>Sex</name>
              <mutable>False</mutable>
              <input_type>select</input_type>
              <default_value>Male</default_value>
              <values>Male
Female</values>
            </attribute>
          </attributes>
        </label>
        <label>
          <name>Bull</name>
          <color>#ff6037</color>
          <attributes>
            <attribute>
              <name>Sex</name>
              <mutable>False</mutable>
              <input_type>select</input_type>
              <default_value>NA</default_value>
              <values>NA</values>
            </attribute>
            <attribute>
              <name>Adipose Clipped</name>
              <mutable>False</mutable>
              <input_type>select</input_type>
              <default_value>No</default_value>
              <values>No
NA</values>
            </attribute>
            <attribute>
              <name>Confidence Level</name>
              <mutable>False</mutable>
              <input_type>select</input_type>
              <default_value>3</default_value>
              <values>3
2
1</values>
            </attribute>
            <attribute>
              <name>Injury</name>
              <mutable>False</mutable>
              <input_type>select</input_type>
              <default_value>No</default_value>
              <values>No
Yes
NA</values>
            </attribute>
            <attribute>
              <name>Notes</name>
              <mutable>False</mutable>
              <input_type>text</input_type>
              <default_value>NA</default_value>
              <values>NA</values>
            </attribute>
          </attributes>
        </label>
        <label>
          <name>Chum</name>
          <color>#b83df5</color>
          <attributes>
            <attribute>
              <name>Sex</name>
              <mutable>False</mutable>
              <input_type>select</input_type>
              <default_value>Male</default_value>
              <values>Male
Female</values>
            </attribute>
            <attribute>
              <name>Adipose Clipped</name>
              <mutable>False</mutable>
              <input_type>select</input_type>
              <default_value>No</default_value>
              <values>No
Yes
NA</values>
            </attribute>
            <attribute>
              <name>Injury</name>
              <mutable>False</mutable>
              <input_type>select</input_type>
              <default_value>No</default_value>
              <values>No
Yes
NA</values>
            </attribute>
            <attribute>
              <name>Confidence Level</name>
              <mutable>False</mutable>
              <input_type>select</input_type>
              <default_value>3</default_value>
              <values>3
2
1</values>
            </attribute>
            <attribute>
              <name>Notes</name>
              <mutable>False</mutable>
              <input_type>text</input_type>
              <default_value>NA</default_value>
              <values>NA</values>
            </attribute>
          </attributes>
        </label>
        <label>
          <name>Whitefish</name>
          <color>#e2f1ee</color>
          <attributes>
            <attribute>
              <name>Sex</name>
              <mutable>False</mutable>
              <input_type>select</input_type>
              <default_value>NA</default_value>
              <values>NA</values>
            </attribute>
            <attribute>
              <name>Adipose Clipped</name>
              <mutable>False</mutable>
              <input_type>select</input_type>
              <default_value>No</default_value>
              <values>No
Yes
NA</values>
            </attribute>
            <attribute>
              <name>Injury</name>
              <mutable>False</mutable>
              <input_type>select</input_type>
              <default_value>No</default_value>
              <values>No
Yes
NA</values>
            </attribute>
            <attribute>
              <name>Confidence Level</name>
              <mutable>False</mutable>
              <input_type>select</input_type>
              <default_value>3</default_value>
              <values>3
2
1</values>
            </attribute>
            <attribute>
              <name>Notes</name>
              <mutable>False</mutable>
              <input_type>text</input_type>
              <default_value>NA</default_value>
              <values>NA</values>
            </attribute>
          </attributes>
        </label>
        <label>
          <name>Sockeye</name>
          <color>#fa3253</color>
          <attributes>
            <attribute>
              <name>Sex</name>
              <mutable>False</mutable>
              <input_type>select</input_type>
              <default_value>Male</default_value>
              <values>Male
Female</values>
            </attribute>
            <attribute>
              <name>Adipose Clipped</name>
              <mutable>False</mutable>
              <input_type>select</input_type>
              <default_value>No</default_value>
              <values>No
Yes
NA</values>
            </attribute>
            <attribute>
              <name>Injury</name>
              <mutable>False</mutable>
              <input_type>select</input_type>
              <default_value>No</default_value>
              <values>No
Yes
NA</values>
            </attribute>
            <attribute>
              <name>Confidence Level</name>
              <mutable>False</mutable>
              <input_type>select</input_type>
              <default_value>3</default_value>
              <values>3
2
1</values>
            </attribute>
            <attribute>
              <name>Notes</name>
              <mutable>False</mutable>
              <input_type>text</input_type>
              <default_value>NA</default_value>
              <values>NA</values>
            </attribute>
          </attributes>
        </label>
        <label>
          <name>Steelhead</name>
          <color>#66ff66</color>
          <attributes>
            <attribute>
              <name>Sex</name>
              <mutable>False</mutable>
              <input_type>select</input_type>
              <default_value>Male</default_value>
              <values>Male
Female</values>
            </attribute>
            <attribute>
              <name>Adipose Clipped</name>
              <mutable>False</mutable>
              <input_type>select</input_type>
              <default_value>No</default_value>
              <values>No
Yes
NA</values>
            </attribute>
            <attribute>
              <name>Injury</name>
              <mutable>False</mutable>
              <input_type>select</input_type>
              <default_value>No</default_value>
              <values>No
Yes
NA</values>
            </attribute>
            <attribute>
              <name>Confidence Level</name>
              <mutable>False</mutable>
              <input_type>select</input_type>
              <default_value>3</default_value>
              <values>3
2
1</values>
            </attribute>
            <attribute>
              <name>Notes</name>
              <mutable>False</mutable>
              <input_type>text</input_type>
              <default_value>NA</default_value>
              <values>NA</values>
            </attribute>
          </attributes>
        </label>
        <label>
          <name>Rainbow</name>
          <color>#ff00cc</color>
          <attributes>
            <attribute>
              <name>Sex</name>
              <mutable>False</mutable>
              <input_type>select</input_type>
              <default_value>NA</default_value>
              <values>NA
Juvenile</values>
            </attribute>
            <attribute>
              <name>Adipose Clipped</name>
              <mutable>False</mutable>
              <input_type>select</input_type>
              <default_value>No</default_value>
              <values>No
Yes
NA</values>
            </attribute>
            <attribute>
              <name>Injury</name>
              <mutable>False</mutable>
              <input_type>select</input_type>
              <default_value>No</default_value>
              <values>No
Yes
NA</values>
            </attribute>
            <attribute>
              <name>Confidence Level</name>
              <mutable>False</mutable>
              <input_type>select</input_type>
              <default_value>3</default_value>
              <values>3
2
1</values>
            </attribute>
            <attribute>
              <name>Notes</name>
              <mutable>False</mutable>
              <input_type>text</input_type>
              <default_value>NA</default_value>
              <values>NA</values>
            </attribute>
          </attributes>
        </label>
        <label>
          <name>Chinook</name>
          <color>#cc3366</color>
          <attributes>
            <attribute>
              <name>Sex</name>
              <mutable>False</mutable>
              <input_type>select</input_type>
              <default_value>Male</default_value>
              <values>Male
Female
NA</values>
            </attribute>
            <attribute>
              <name>Adipose Clipped</name>
              <mutable>False</mutable>
              <input_type>select</input_type>
              <default_value>No</default_value>
              <values>No
Yes
NA</values>
            </attribute>
            <attribute>
              <name>Injury</name>
              <mutable>False</mutable>
              <input_type>select</input_type>
              <default_value>No</default_value>
              <values>No
Yes
NA</values>
            </attribute>
            <attribute>
              <name>Confidence Level</name>
              <mutable>False</mutable>
              <input_type>select</input_type>
              <default_value>3</default_value>
              <values>3
2
1</values>
            </attribute>
            <attribute>
              <name>Notes</name>
              <mutable>False</mutable>
              <input_type>text</input_type>
              <default_value>NA</default_value>
              <values>NA</values>
            </attribute>
          </attributes>
        </label>
      </labels>
      <segments>
        <segment>
          <id>365</id>
          <start>0</start>
          <stop>119</stop>
          <url>httplocalhost:8080/?id=365</url>
        </segment>
      </segments>
      <owner>
        <username>bna19</username>
        <email>bna19@sfu.ca</email>
      </owner>
      <assignee></assignee>
      <original_size>
        <width>1920</width>
        <height>1080</height>
      </original_size>
    </task>
    <dumped>2021-03-04 21:18:49.167760+00:00</dumped>
    <source>08-12-2019 14-29-00 C Right Bank Underwater.mp4</source>
  </meta>
  <track id="0" label="Pink" source="manual">
    <box frame="11" outside="0" occluded="0" keyframe="1" xtl="0.00" ytl="530.19" xbr="431.75" ybr="1041.93" z_order="0">
      <attribute name="Sex">Male</attribute>
      <attribute name="Adipose Clipped">No</attribute>
      <attribute name="Injury">Yes</attribute>
      <attribute name="Confidence Level">3</attribute>
      <attribute name="Notes">Dorsal fin is torn</attribute>
    </box>
    <box frame="12" outside="0" occluded="0" keyframe="1" xtl="0.00" ytl="456.00" xbr="578.20" ybr="1041.93" z_order="0">
      <attribute name="Sex">Male</attribute>
      <attribute name="Adipose Clipped">No</attribute>
      <attribute name="Injury">Yes</attribute>
      <attribute name="Confidence Level">3</attribute>
      <attribute name="Notes">Dorsal fin is torn</attribute>
    </box>
    <box frame="13" outside="0" occluded="0" keyframe="0" xtl="0.00" ytl="451.10" xbr="699.30" ybr="1060.96" z_order="0">
      <attribute name="Sex">Male</attribute>
      <attribute name="Adipose Clipped">No</attribute>
      <attribute name="Injury">Yes</attribute>
      <attribute name="Confidence Level">3</attribute>
      <attribute name="Notes">Dorsal fin is torn</attribute>
    </box>
    <box frame="14" outside="0" occluded="0" keyframe="1" xtl="0.00" ytl="446.20" xbr="820.40" ybr="1080.00" z_order="0">
      <attribute name="Sex">Male</attribute>
      <attribute name="Adipose Clipped">No</attribute>
      <attribute name="Injury">Yes</attribute>
      <attribute name="Confidence Level">3</attribute>
      <attribute name="Notes">Dorsal fin is torn</attribute>
    </box>
    <box frame="15" outside="0" occluded="0" keyframe="1" xtl="0.00" ytl="418.90" xbr="968.80" ybr="1080.00" z_order="0">
      <attribute name="Sex">Male</attribute>
      <attribute name="Adipose Clipped">No</attribute>
      <attribute name="Injury">Yes</attribute>
      <attribute name="Confidence Level">3</attribute>
      <attribute name="Notes">Dorsal fin is torn</attribute>
    </box>
    <box frame="16" outside="0" occluded="0" keyframe="0" xtl="0.00" ytl="407.20" xbr="1056.70" ybr="1080.00" z_order="0">
      <attribute name="Sex">Male</attribute>
      <attribute name="Adipose Clipped">No</attribute>
      <attribute name="Injury">Yes</attribute>
      <attribute name="Confidence Level">3</attribute>
      <attribute name="Notes">Dorsal fin is torn</attribute>
    </box>
    <box frame="17" outside="0" occluded="0" keyframe="1" xtl="0.00" ytl="395.50" xbr="1144.60" ybr="1080.00" z_order="0">
      <attribute name="Sex">Male</attribute>
      <attribute name="Adipose Clipped">No</attribute>
      <attribute name="Injury">Yes</attribute>
      <attribute name="Confidence Level">3</attribute>
      <attribute name="Notes">Dorsal fin is torn</attribute>
    </box>
    <box frame="18" outside="0" occluded="0" keyframe="1" xtl="0.00" ytl="377.90" xbr="1232.50" ybr="1080.00" z_order="0">
      <attribute name="Sex">Male</attribute>
      <attribute name="Adipose Clipped">No</attribute>
      <attribute name="Injury">Yes</attribute>
      <attribute name="Confidence Level">3</attribute>
      <attribute name="Notes">Dorsal fin is torn</attribute>
    </box>
    <box frame="19" outside="0" occluded="0" keyframe="0" xtl="0.00" ytl="317.35" xbr="1327.25" ybr="1080.00" z_order="0">
      <attribute name="Sex">Male</attribute>
      <attribute name="Adipose Clipped">No</attribute>
      <attribute name="Injury">Yes</attribute>
      <attribute name="Confidence Level">3</attribute>
      <attribute name="Notes">Dorsal fin is torn</attribute>
    </box>
    <box frame="20" outside="0" occluded="0" keyframe="1" xtl="0.00" ytl="256.80" xbr="1422.00" ybr="1080.00" z_order="0">
      <attribute name="Sex">Male</attribute>
      <attribute name="Adipose Clipped">No</attribute>
      <attribute name="Injury">Yes</attribute>
      <attribute name="Confidence Level">3</attribute>
      <attribute name="Notes">Dorsal fin is torn</attribute>
    </box>
    <box frame="21" outside="0" occluded="0" keyframe="1" xtl="0.00" ytl="256.80" xbr="1511.80" ybr="1080.00" z_order="0">
      <attribute name="Sex">Male</attribute>
      <attribute name="Adipose Clipped">No</attribute>
      <attribute name="Injury">Yes</attribute>
      <attribute name="Confidence Level">3</attribute>
      <attribute name="Notes">Dorsal fin is torn</attribute>
    </box>
    <box frame="22" outside="0" occluded="0" keyframe="0" xtl="0.00" ytl="252.90" xbr="1580.15" ybr="1080.00" z_order="0">
      <attribute name="Sex">Male</attribute>
      <attribute name="Adipose Clipped">No</attribute>
      <attribute name="Injury">Yes</attribute>
      <attribute name="Confidence Level">3</attribute>
      <attribute name="Notes">Dorsal fin is torn</attribute>
    </box>
    <box frame="23" outside="0" occluded="0" keyframe="1" xtl="0.00" ytl="249.00" xbr="1648.50" ybr="1080.00" z_order="0">
      <attribute name="Sex">Male</attribute>
      <attribute name="Adipose Clipped">No</attribute>
      <attribute name="Injury">Yes</attribute>
      <attribute name="Confidence Level">3</attribute>
      <attribute name="Notes">Dorsal fin is torn</attribute>
    </box>
    <box frame="24" outside="0" occluded="0" keyframe="1" xtl="0.00" ytl="249.00" xbr="1697.30" ybr="1080.00" z_order="0">
      <attribute name="Sex">Male</attribute>
      <attribute name="Adipose Clipped">No</attribute>
      <attribute name="Injury">Yes</attribute>
      <attribute name="Confidence Level">3</attribute>
      <attribute name="Notes">Dorsal fin is torn</attribute>
    </box>
    <box frame="25" outside="0" occluded="0" keyframe="0" xtl="0.00" ytl="278.30" xbr="1736.35" ybr="1080.00" z_order="0">
      <attribute name="Sex">Male</attribute>
      <attribute name="Adipose Clipped">No</attribute>
      <attribute name="Injury">Yes</attribute>
      <attribute name="Confidence Level">3</attribute>
      <attribute name="Notes">Dorsal fin is torn</attribute>
    </box>
    <box frame="26" outside="0" occluded="0" keyframe="1" xtl="0.00" ytl="307.60" xbr="1775.40" ybr="1080.00" z_order="0">
      <attribute name="Sex">Male</attribute>
      <attribute name="Adipose Clipped">No</attribute>
      <attribute name="Injury">Yes</attribute>
      <attribute name="Confidence Level">3</attribute>
      <attribute name="Notes">Dorsal fin is torn</attribute>
    </box>
    <box frame="27" outside="0" occluded="0" keyframe="1" xtl="0.00" ytl="336.90" xbr="1789.10" ybr="1080.00" z_order="0">
      <attribute name="Sex">Male</attribute>
      <attribute name="Adipose Clipped">No</attribute>
      <attribute name="Injury">Yes</attribute>
      <attribute name="Confidence Level">3</attribute>
      <attribute name="Notes">Dorsal fin is torn</attribute>
    </box>
    <box frame="28" outside="0" occluded="0" keyframe="0" xtl="0.00" ytl="355.45" xbr="1814.50" ybr="1080.00" z_order="0">
      <attribute name="Sex">Male</attribute>
      <attribute name="Adipose Clipped">No</attribute>
      <attribute name="Injury">Yes</attribute>
      <attribute name="Confidence Level">3</attribute>
      <attribute name="Notes">Dorsal fin is torn</attribute>
    </box>
    <box frame="29" outside="0" occluded="0" keyframe="1" xtl="0.00" ytl="374.00" xbr="1839.90" ybr="1080.00" z_order="0">
      <attribute name="Sex">Male</attribute>
      <attribute name="Adipose Clipped">No</attribute>
      <attribute name="Injury">Yes</attribute>
      <attribute name="Confidence Level">3</attribute>
      <attribute name="Notes">Dorsal fin is torn</attribute>
    </box>
    <box frame="30" outside="0" occluded="0" keyframe="1" xtl="0.00" ytl="372.00" xbr="1859.40" ybr="1080.00" z_order="0">
      <attribute name="Sex">Male</attribute>
      <attribute name="Adipose Clipped">No</attribute>
      <attribute name="Injury">Yes</attribute>
      <attribute name="Confidence Level">3</attribute>
      <attribute name="Notes">Dorsal fin is torn</attribute>
    </box>
    <box frame="31" outside="0" occluded="0" keyframe="0" xtl="0.00" ytl="372.00" xbr="1887.70" ybr="1080.00" z_order="0">
      <attribute name="Sex">Male</attribute>
      <attribute name="Adipose Clipped">No</attribute>
      <attribute name="Injury">Yes</attribute>
      <attribute name="Confidence Level">3</attribute>
      <attribute name="Notes">Dorsal fin is torn</attribute>
    </box>
    <box frame="32" outside="0" occluded="0" keyframe="1" xtl="0.00" ytl="372.00" xbr="1916.00" ybr="1080.00" z_order="0">
      <attribute name="Sex">Male</attribute>
      <attribute name="Adipose Clipped">No</attribute>
      <attribute name="Injury">Yes</attribute>
      <attribute name="Confidence Level">3</attribute>
      <attribute name="Notes">Dorsal fin is torn</attribute>
    </box>
    <box frame="33" outside="0" occluded="0" keyframe="0" xtl="0.00" ytl="372.83" xbr="1916.00" ybr="1080.00" z_order="0">
      <attribute name="Sex">Male</attribute>
      <attribute name="Adipose Clipped">No</attribute>
      <attribute name="Injury">Yes</attribute>
      <attribute name="Confidence Level">3</attribute>
      <attribute name="Notes">Dorsal fin is torn</attribute>
    </box>
    <box frame="34" outside="0" occluded="0" keyframe="0" xtl="0.00" ytl="373.67" xbr="1916.00" ybr="1080.00" z_order="0">
      <attribute name="Sex">Male</attribute>
      <attribute name="Adipose Clipped">No</attribute>
      <attribute name="Injury">Yes</attribute>
      <attribute name="Confidence Level">3</attribute>
      <attribute name="Notes">Dorsal fin is torn</attribute>
    </box>
    <box frame="35" outside="0" occluded="0" keyframe="1" xtl="0.00" ytl="374.50" xbr="1916.00" ybr="1080.00" z_order="0">
      <attribute name="Sex">Male</attribute>
      <attribute name="Adipose Clipped">No</attribute>
      <attribute name="Injury">Yes</attribute>
      <attribute name="Confidence Level">3</attribute>
      <attribute name="Notes">Dorsal fin is torn</attribute>
    </box>
    <box frame="36" outside="0" occluded="0" keyframe="0" xtl="4.45" ytl="375.35" xbr="1916.00" ybr="1080.00" z_order="0">
      <attribute name="Sex">Male</attribute>
      <attribute name="Adipose Clipped">No</attribute>
      <attribute name="Injury">Yes</attribute>
      <attribute name="Confidence Level">3</attribute>
      <attribute name="Notes">Dorsal fin is torn</attribute>
    </box>
    <box frame="37" outside="0" occluded="0" keyframe="1" xtl="8.90" ytl="376.20" xbr="1916.00" ybr="1080.00" z_order="0">
      <attribute name="Sex">Male</attribute>
      <attribute name="Adipose Clipped">No</attribute>
      <attribute name="Injury">Yes</attribute>
      <attribute name="Confidence Level">3</attribute>
      <attribute name="Notes">Dorsal fin is torn</attribute>
    </box>
    <box frame="38" outside="0" occluded="0" keyframe="1" xtl="179.24" ytl="371.19" xbr="1920.00" ybr="1074.14" z_order="0">
      <attribute name="Sex">Male</attribute>
      <attribute name="Adipose Clipped">No</attribute>
      <attribute name="Injury">Yes</attribute>
      <attribute name="Confidence Level">3</attribute>
      <attribute name="Notes">Dorsal fin is torn</attribute>
    </box>
    <box frame="39" outside="0" occluded="0" keyframe="1" xtl="261.70" ytl="375.90" xbr="1916.00" ybr="1080.00" z_order="0">
      <attribute name="Sex">Male</attribute>
      <attribute name="Adipose Clipped">No</attribute>
      <attribute name="Injury">Yes</attribute>
      <attribute name="Confidence Level">3</attribute>
      <attribute name="Notes">Dorsal fin is torn</attribute>
    </box>
    <box frame="40" outside="0" occluded="0" keyframe="1" xtl="249.97" ytl="379.85" xbr="1920.00" ybr="1080.00" z_order="0">
      <attribute name="Sex">Male</attribute>
      <attribute name="Adipose Clipped">No</attribute>
      <attribute name="Injury">Yes</attribute>
      <attribute name="Confidence Level">3</attribute>
      <attribute name="Notes">Dorsal fin is torn</attribute>
    </box>
    <box frame="41" outside="0" occluded="0" keyframe="0" xtl="258.76" ytl="390.11" xbr="1920.00" ybr="1080.00" z_order="0">
      <attribute name="Sex">Male</attribute>
      <attribute name="Adipose Clipped">No</attribute>
      <attribute name="Injury">Yes</attribute>
      <attribute name="Confidence Level">3</attribute>
      <attribute name="Notes">Dorsal fin is torn</attribute>
    </box>
    <box frame="42" outside="0" occluded="0" keyframe="0" xtl="267.55" ytl="400.36" xbr="1920.00" ybr="1080.00" z_order="0">
      <attribute name="Sex">Male</attribute>
      <attribute name="Adipose Clipped">No</attribute>
      <attribute name="Injury">Yes</attribute>
      <attribute name="Confidence Level">3</attribute>
      <attribute name="Notes">Dorsal fin is torn</attribute>
    </box>
    <box frame="43" outside="0" occluded="0" keyframe="0" xtl="276.34" ytl="410.62" xbr="1920.00" ybr="1080.00" z_order="0">
      <attribute name="Sex">Male</attribute>
      <attribute name="Adipose Clipped">No</attribute>
      <attribute name="Injury">Yes</attribute>
      <attribute name="Confidence Level">3</attribute>
      <attribute name="Notes">Dorsal fin is torn</attribute>
    </box>
    <box frame="44" outside="0" occluded="0" keyframe="1" xtl="285.13" ytl="420.87" xbr="1920.00" ybr="1080.00" z_order="0">
      <attribute name="Sex">Male</attribute>
      <attribute name="Adipose Clipped">No</attribute>
      <attribute name="Injury">Yes</attribute>
      <attribute name="Confidence Level">3</attribute>
      <attribute name="Notes">Dorsal fin is torn</attribute>
    </box>
    <box frame="45" outside="0" occluded="0" keyframe="0" xtl="341.78" ytl="423.48" xbr="1920.00" ybr="1080.00" z_order="0">
      <attribute name="Sex">Male</attribute>
      <attribute name="Adipose Clipped">No</attribute>
      <attribute name="Injury">Yes</attribute>
      <attribute name="Confidence Level">3</attribute>
      <attribute name="Notes">Dorsal fin is torn</attribute>
    </box>
    <box frame="46" outside="0" occluded="0" keyframe="0" xtl="398.42" ytl="426.08" xbr="1920.00" ybr="1080.00" z_order="0">
      <attribute name="Sex">Male</attribute>
      <attribute name="Adipose Clipped">No</attribute>
      <attribute name="Injury">Yes</attribute>
      <attribute name="Confidence Level">3</attribute>
      <attribute name="Notes">Dorsal fin is torn</attribute>
    </box>
    <box frame="47" outside="0" occluded="0" keyframe="1" xtl="455.06" ytl="428.69" xbr="1920.00" ybr="1080.00" z_order="0">
      <attribute name="Sex">Male</attribute>
      <attribute name="Adipose Clipped">No</attribute>
      <attribute name="Injury">Yes</attribute>
      <attribute name="Confidence Level">3</attribute>
      <attribute name="Notes">Dorsal fin is torn</attribute>
    </box>
    <box frame="48" outside="0" occluded="0" keyframe="0" xtl="492.17" ytl="427.38" xbr="1920.00" ybr="1078.70" z_order="0">
      <attribute name="Sex">Male</attribute>
      <attribute name="Adipose Clipped">No</attribute>
      <attribute name="Injury">Yes</attribute>
      <attribute name="Confidence Level">3</attribute>
      <attribute name="Notes">Dorsal fin is torn</attribute>
    </box>
    <box frame="49" outside="0" occluded="0" keyframe="0" xtl="529.28" ytl="426.08" xbr="1920.00" ybr="1077.40" z_order="0">
      <attribute name="Sex">Male</attribute>
      <attribute name="Adipose Clipped">No</attribute>
      <attribute name="Injury">Yes</attribute>
      <attribute name="Confidence Level">3</attribute>
      <attribute name="Notes">Dorsal fin is torn</attribute>
    </box>
    <box frame="50" outside="0" occluded="0" keyframe="1" xtl="566.40" ytl="424.78" xbr="1920.00" ybr="1076.09" z_order="0">
      <attribute name="Sex">Male</attribute>
      <attribute name="Adipose Clipped">No</attribute>
      <attribute name="Injury">Yes</attribute>
      <attribute name="Confidence Level">3</attribute>
      <attribute name="Notes">Dorsal fin is torn</attribute>
    </box>
    <box frame="51" outside="0" occluded="0" keyframe="0" xtl="611.97" ytl="419.57" xbr="1920.00" ybr="1070.89" z_order="0">
      <attribute name="Sex">Male</attribute>
      <attribute name="Adipose Clipped">No</attribute>
      <attribute name="Injury">Yes</attribute>
      <attribute name="Confidence Level">3</attribute>
      <attribute name="Notes">Dorsal fin is torn</attribute>
    </box>
    <box frame="52" outside="0" occluded="0" keyframe="0" xtl="657.54" ytl="414.36" xbr="1920.00" ybr="1065.68" z_order="0">
      <attribute name="Sex">Male</attribute>
      <attribute name="Adipose Clipped">No</attribute>
      <attribute name="Injury">Yes</attribute>
      <attribute name="Confidence Level">3</attribute>
      <attribute name="Notes">Dorsal fin is torn</attribute>
    </box>
    <box frame="53" outside="0" occluded="0" keyframe="1" xtl="703.12" ytl="409.15" xbr="1920.00" ybr="1060.47" z_order="0">
      <attribute name="Sex">Male</attribute>
      <attribute name="Adipose Clipped">No</attribute>
      <attribute name="Injury">Yes</attribute>
      <attribute name="Confidence Level">3</attribute>
      <attribute name="Notes">Dorsal fin is torn</attribute>
    </box>
    <box frame="54" outside="0" occluded="0" keyframe="1" xtl="789.06" ytl="420.87" xbr="1920.00" ybr="1072.19" z_order="0">
      <attribute name="Sex">Male</attribute>
      <attribute name="Adipose Clipped">No</attribute>
      <attribute name="Injury">Yes</attribute>
      <attribute name="Confidence Level">3</attribute>
      <attribute name="Notes">Dorsal fin is torn</attribute>
    </box>
    <box frame="55" outside="0" occluded="0" keyframe="0" xtl="820.31" ytl="418.92" xbr="1920.00" ybr="1070.23" z_order="0">
      <attribute name="Sex">Male</attribute>
      <attribute name="Adipose Clipped">No</attribute>
      <attribute name="Injury">Yes</attribute>
      <attribute name="Confidence Level">3</attribute>
      <attribute name="Notes">Dorsal fin is torn</attribute>
    </box>
    <box frame="56" outside="0" occluded="0" keyframe="1" xtl="851.56" ytl="416.97" xbr="1920.00" ybr="1068.28" z_order="0">
      <attribute name="Sex">Male</attribute>
      <attribute name="Adipose Clipped">No</attribute>
      <attribute name="Injury">Yes</attribute>
      <attribute name="Confidence Level">3</attribute>
      <attribute name="Notes">Dorsal fin is torn</attribute>
    </box>
    <box frame="57" outside="0" occluded="0" keyframe="0" xtl="903.65" ytl="416.97" xbr="1920.00" ybr="1057.85" z_order="0">
      <attribute name="Sex">Male</attribute>
      <attribute name="Adipose Clipped">No</attribute>
      <attribute name="Injury">Yes</attribute>
      <attribute name="Confidence Level">3</attribute>
      <attribute name="Notes">Dorsal fin is torn</attribute>
    </box>
    <box frame="58" outside="0" occluded="0" keyframe="0" xtl="955.73" ytl="416.97" xbr="1920.00" ybr="1047.43" z_order="0">
      <attribute name="Sex">Male</attribute>
      <attribute name="Adipose Clipped">No</attribute>
      <attribute name="Injury">Yes</attribute>
      <attribute name="Confidence Level">3</attribute>
      <attribute name="Notes">Dorsal fin is torn</attribute>
    </box>
    <box frame="59" outside="0" occluded="0" keyframe="1" xtl="1007.82" ytl="416.97" xbr="1920.00" ybr="1037.00" z_order="0">
      <attribute name="Sex">Male</attribute>
      <attribute name="Adipose Clipped">No</attribute>
      <attribute name="Injury">Yes</attribute>
      <attribute name="Confidence Level">3</attribute>
      <attribute name="Notes">Dorsal fin is torn</attribute>
    </box>
    <box frame="60" outside="0" occluded="0" keyframe="1" xtl="1121.11" ytl="426.73" xbr="1920.00" ybr="1033.10" z_order="0">
      <attribute name="Sex">Male</attribute>
      <attribute name="Adipose Clipped">No</attribute>
      <attribute name="Injury">Yes</attribute>
      <attribute name="Confidence Level">3</attribute>
      <attribute name="Notes">Dorsal fin is torn</attribute>
    </box>
    <box frame="61" outside="0" occluded="0" keyframe="0" xtl="1190.45" ytl="426.73" xbr="1920.00" ybr="1044.80" z_order="0">
      <attribute name="Sex">Male</attribute>
      <attribute name="Adipose Clipped">No</attribute>
      <attribute name="Injury">Yes</attribute>
      <attribute name="Confidence Level">3</attribute>
      <attribute name="Notes">Dorsal fin is torn</attribute>
    </box>
    <box frame="62" outside="0" occluded="0" keyframe="1" xtl="1259.80" ytl="426.73" xbr="1920.00" ybr="1056.50" z_order="0">
      <attribute name="Sex">Male</attribute>
      <attribute name="Adipose Clipped">No</attribute>
      <attribute name="Injury">Yes</attribute>
      <attribute name="Confidence Level">3</attribute>
      <attribute name="Notes">Dorsal fin is torn</attribute>
    </box>
    <box frame="63" outside="0" occluded="0" keyframe="0" xtl="1288.10" ytl="426.73" xbr="1920.00" ybr="1068.25" z_order="0">
      <attribute name="Sex">Male</attribute>
      <attribute name="Adipose Clipped">No</attribute>
      <attribute name="Injury">Yes</attribute>
      <attribute name="Confidence Level">3</attribute>
      <attribute name="Notes">Dorsal fin is torn</attribute>
    </box>
    <box frame="64" outside="0" occluded="0" keyframe="1" xtl="1316.40" ytl="426.73" xbr="1920.00" ybr="1080.00" z_order="0">
      <attribute name="Sex">Male</attribute>
      <attribute name="Adipose Clipped">No</attribute>
      <attribute name="Injury">Yes</attribute>
      <attribute name="Confidence Level">3</attribute>
      <attribute name="Notes">Dorsal fin is torn</attribute>
    </box>
    <box frame="65" outside="0" occluded="0" keyframe="1" xtl="1483.40" ytl="407.20" xbr="1920.00" ybr="1060.47" z_order="0">
      <attribute name="Sex">Male</attribute>
      <attribute name="Adipose Clipped">No</attribute>
      <attribute name="Injury">Yes</attribute>
      <attribute name="Confidence Level">3</attribute>
      <attribute name="Notes">Dorsal fin is torn</attribute>
    </box>
    <box frame="66" outside="0" occluded="0" keyframe="1" xtl="1490.24" ytl="387.67" xbr="1920.00" ybr="1040.94" z_order="0">
      <attribute name="Sex">Male</attribute>
      <attribute name="Adipose Clipped">No</attribute>
      <attribute name="Injury">Yes</attribute>
      <attribute name="Confidence Level">3</attribute>
      <attribute name="Notes">Dorsal fin is torn</attribute>
    </box>
    <box frame="67" outside="0" occluded="0" keyframe="0" xtl="1538.07" ytl="387.67" xbr="1920.00" ybr="1038.02" z_order="0">
      <attribute name="Sex">Male</attribute>
      <attribute name="Adipose Clipped">No</attribute>
      <attribute name="Injury">Yes</attribute>
      <attribute name="Confidence Level">3</attribute>
      <attribute name="Notes">Dorsal fin is torn</attribute>
    </box>
    <box frame="68" outside="0" occluded="0" keyframe="1" xtl="1585.90" ytl="387.67" xbr="1920.00" ybr="1035.10" z_order="0">
      <attribute name="Sex">Male</attribute>
      <attribute name="Adipose Clipped">No</attribute>
      <attribute name="Injury">Yes</attribute>
      <attribute name="Confidence Level">3</attribute>
      <attribute name="Notes">Dorsal fin is torn</attribute>
    </box>
    <box frame="69" outside="0" occluded="0" keyframe="0" xtl="1648.40" ytl="395.48" xbr="1920.00" ybr="1042.91" z_order="0">
      <attribute name="Sex">Male</attribute>
      <attribute name="Adipose Clipped">No</attribute>
      <attribute name="Injury">Yes</attribute>
      <attribute name="Confidence Level">3</attribute>
      <attribute name="Notes">Dorsal fin is torn</attribute>
    </box>
    <box frame="70" outside="0" occluded="0" keyframe="1" xtl="1710.90" ytl="403.29" xbr="1920.00" ybr="1050.73" z_order="0">
      <attribute name="Sex">Male</attribute>
      <attribute name="Adipose Clipped">No</attribute>
      <attribute name="Injury">Yes</attribute>
      <attribute name="Confidence Level">3</attribute>
      <attribute name="Notes">Dorsal fin is torn</attribute>
    </box>
    <box frame="71" outside="1" occluded="0" keyframe="1" xtl="1710.90" ytl="403.29" xbr="1920.00" ybr="1050.73" z_order="0">
      <attribute name="Sex">Male</attribute>
      <attribute name="Adipose Clipped">No</attribute>
      <attribute name="Injury">Yes</attribute>
      <attribute name="Confidence Level">3</attribute>
      <attribute name="Notes">Dorsal fin is torn</attribute>
    </box>
  </track>
  <track id="1" label="Pink" source="manual">
    <box frame="33" outside="0" occluded="1" keyframe="1" xtl="2.43" ytl="438.00" xbr="1107.95" ybr="1039.58" z_order="0">
      <attribute name="Notes">NA</attribute>
      <attribute name="Sex">Female</attribute>
      <attribute name="Adipose Clipped">No</attribute>
      <attribute name="Injury">No</attribute>
      <attribute name="Confidence Level">3</attribute>
    </box>
    <box frame="34" outside="0" occluded="1" keyframe="0" xtl="2.43" ytl="441.62" xbr="1122.18" ybr="1038.46" z_order="0">
      <attribute name="Notes">NA</attribute>
      <attribute name="Sex">Female</attribute>
      <attribute name="Adipose Clipped">No</attribute>
      <attribute name="Injury">No</attribute>
      <attribute name="Confidence Level">3</attribute>
    </box>
    <box frame="35" outside="0" occluded="1" keyframe="0" xtl="2.43" ytl="445.25" xbr="1136.41" ybr="1037.34" z_order="0">
      <attribute name="Notes">NA</attribute>
      <attribute name="Sex">Female</attribute>
      <attribute name="Adipose Clipped">No</attribute>
      <attribute name="Injury">No</attribute>
      <attribute name="Confidence Level">3</attribute>
    </box>
    <box frame="36" outside="0" occluded="1" keyframe="0" xtl="2.43" ytl="448.88" xbr="1150.64" ybr="1036.22" z_order="0">
      <attribute name="Notes">NA</attribute>
      <attribute name="Sex">Female</attribute>
      <attribute name="Adipose Clipped">No</attribute>
      <attribute name="Injury">No</attribute>
      <attribute name="Confidence Level">3</attribute>
    </box>
    <box frame="37" outside="0" occluded="1" keyframe="0" xtl="2.43" ytl="452.51" xbr="1164.88" ybr="1035.10" z_order="0">
      <attribute name="Notes">NA</attribute>
      <attribute name="Sex">Female</attribute>
      <attribute name="Adipose Clipped">No</attribute>
      <attribute name="Injury">No</attribute>
      <attribute name="Confidence Level">3</attribute>
    </box>
    <box frame="38" outside="0" occluded="1" keyframe="0" xtl="2.43" ytl="456.14" xbr="1179.11" ybr="1033.98" z_order="0">
      <attribute name="Notes">NA</attribute>
      <attribute name="Sex">Female</attribute>
      <attribute name="Adipose Clipped">No</attribute>
      <attribute name="Injury">No</attribute>
      <attribute name="Confidence Level">3</attribute>
    </box>
    <box frame="39" outside="0" occluded="1" keyframe="0" xtl="2.43" ytl="459.77" xbr="1193.34" ybr="1032.86" z_order="0">
      <attribute name="Notes">NA</attribute>
      <attribute name="Sex">Female</attribute>
      <attribute name="Adipose Clipped">No</attribute>
      <attribute name="Injury">No</attribute>
      <attribute name="Confidence Level">3</attribute>
    </box>
    <box frame="40" outside="0" occluded="1" keyframe="0" xtl="2.43" ytl="463.40" xbr="1207.57" ybr="1031.74" z_order="0">
      <attribute name="Notes">NA</attribute>
      <attribute name="Sex">Female</attribute>
      <attribute name="Adipose Clipped">No</attribute>
      <attribute name="Injury">No</attribute>
      <attribute name="Confidence Level">3</attribute>
    </box>
    <box frame="41" outside="0" occluded="1" keyframe="0" xtl="2.43" ytl="467.03" xbr="1221.81" ybr="1030.62" z_order="0">
      <attribute name="Notes">NA</attribute>
      <attribute name="Sex">Female</attribute>
      <attribute name="Adipose Clipped">No</attribute>
      <attribute name="Injury">No</attribute>
      <attribute name="Confidence Level">3</attribute>
    </box>
    <box frame="42" outside="0" occluded="1" keyframe="0" xtl="2.43" ytl="470.66" xbr="1236.04" ybr="1029.50" z_order="0">
      <attribute name="Notes">NA</attribute>
      <attribute name="Sex">Female</attribute>
      <attribute name="Adipose Clipped">No</attribute>
      <attribute name="Injury">No</attribute>
      <attribute name="Confidence Level">3</attribute>
    </box>
    <box frame="43" outside="0" occluded="1" keyframe="0" xtl="2.43" ytl="474.28" xbr="1250.27" ybr="1028.38" z_order="0">
      <attribute name="Notes">NA</attribute>
      <attribute name="Sex">Female</attribute>
      <attribute name="Adipose Clipped">No</attribute>
      <attribute name="Injury">No</attribute>
      <attribute name="Confidence Level">3</attribute>
    </box>
    <box frame="44" outside="0" occluded="1" keyframe="0" xtl="2.43" ytl="477.91" xbr="1264.50" ybr="1027.26" z_order="0">
      <attribute name="Notes">NA</attribute>
      <attribute name="Sex">Female</attribute>
      <attribute name="Adipose Clipped">No</attribute>
      <attribute name="Injury">No</attribute>
      <attribute name="Confidence Level">3</attribute>
    </box>
    <box frame="45" outside="0" occluded="1" keyframe="0" xtl="2.43" ytl="481.54" xbr="1278.74" ybr="1026.14" z_order="0">
      <attribute name="Notes">NA</attribute>
      <attribute name="Sex">Female</attribute>
      <attribute name="Adipose Clipped">No</attribute>
      <attribute name="Injury">No</attribute>
      <attribute name="Confidence Level">3</attribute>
    </box>
    <box frame="46" outside="0" occluded="1" keyframe="0" xtl="2.43" ytl="485.17" xbr="1292.97" ybr="1025.02" z_order="0">
      <attribute name="Notes">NA</attribute>
      <attribute name="Sex">Female</attribute>
      <attribute name="Adipose Clipped">No</attribute>
      <attribute name="Injury">No</attribute>
      <attribute name="Confidence Level">3</attribute>
    </box>
    <box frame="47" outside="0" occluded="1" keyframe="1" xtl="2.43" ytl="488.80" xbr="1307.20" ybr="1023.90" z_order="0">
      <attribute name="Notes">NA</attribute>
      <attribute name="Sex">Female</attribute>
      <attribute name="Adipose Clipped">No</attribute>
      <attribute name="Injury">No</attribute>
      <attribute name="Confidence Level">3</attribute>
    </box>
    <box frame="48" outside="0" occluded="1" keyframe="0" xtl="2.43" ytl="487.50" xbr="1329.33" ybr="1023.90" z_order="0">
      <attribute name="Notes">NA</attribute>
      <attribute name="Sex">Female</attribute>
      <attribute name="Adipose Clipped">No</attribute>
      <attribute name="Injury">No</attribute>
      <attribute name="Confidence Level">3</attribute>
    </box>
    <box frame="49" outside="0" occluded="1" keyframe="0" xtl="2.43" ytl="486.20" xbr="1351.47" ybr="1023.90" z_order="0">
      <attribute name="Notes">NA</attribute>
      <attribute name="Sex">Female</attribute>
      <attribute name="Adipose Clipped">No</attribute>
      <attribute name="Injury">No</attribute>
      <attribute name="Confidence Level">3</attribute>
    </box>
    <box frame="50" outside="0" occluded="1" keyframe="1" xtl="2.43" ytl="484.90" xbr="1373.60" ybr="1023.90" z_order="0">
      <attribute name="Notes">NA</attribute>
      <attribute name="Sex">Female</attribute>
      <attribute name="Adipose Clipped">No</attribute>
      <attribute name="Injury">No</attribute>
      <attribute name="Confidence Level">3</attribute>
    </box>
    <box frame="51" outside="0" occluded="1" keyframe="0" xtl="2.43" ytl="484.90" xbr="1385.33" ybr="1023.90" z_order="0">
      <attribute name="Notes">NA</attribute>
      <attribute name="Sex">Female</attribute>
      <attribute name="Adipose Clipped">No</attribute>
      <attribute name="Injury">No</attribute>
      <attribute name="Confidence Level">3</attribute>
    </box>
    <box frame="52" outside="0" occluded="1" keyframe="0" xtl="2.43" ytl="484.90" xbr="1397.05" ybr="1023.90" z_order="0">
      <attribute name="Notes">NA</attribute>
      <attribute name="Sex">Female</attribute>
      <attribute name="Adipose Clipped">No</attribute>
      <attribute name="Injury">No</attribute>
      <attribute name="Confidence Level">3</attribute>
    </box>
    <box frame="53" outside="0" occluded="1" keyframe="0" xtl="2.43" ytl="484.90" xbr="1408.78" ybr="1023.90" z_order="0">
      <attribute name="Notes">NA</attribute>
      <attribute name="Sex">Female</attribute>
      <attribute name="Adipose Clipped">No</attribute>
      <attribute name="Injury">No</attribute>
      <attribute name="Confidence Level">3</attribute>
    </box>
    <box frame="54" outside="0" occluded="1" keyframe="1" xtl="2.43" ytl="484.90" xbr="1420.50" ybr="1023.90" z_order="0">
      <attribute name="Notes">NA</attribute>
      <attribute name="Sex">Female</attribute>
      <attribute name="Adipose Clipped">No</attribute>
      <attribute name="Injury">No</attribute>
      <attribute name="Confidence Level">3</attribute>
    </box>
    <box frame="55" outside="0" occluded="1" keyframe="0" xtl="2.43" ytl="484.90" xbr="1439.05" ybr="1023.90" z_order="0">
      <attribute name="Notes">NA</attribute>
      <attribute name="Sex">Female</attribute>
      <attribute name="Adipose Clipped">No</attribute>
      <attribute name="Injury">No</attribute>
      <attribute name="Confidence Level">3</attribute>
    </box>
    <box frame="56" outside="0" occluded="1" keyframe="1" xtl="2.43" ytl="484.90" xbr="1457.60" ybr="1023.90" z_order="0">
      <attribute name="Notes">NA</attribute>
      <attribute name="Sex">Female</attribute>
      <attribute name="Adipose Clipped">No</attribute>
      <attribute name="Injury">No</attribute>
      <attribute name="Confidence Level">3</attribute>
    </box>
    <box frame="57" outside="0" occluded="1" keyframe="0" xtl="2.43" ytl="484.90" xbr="1525.30" ybr="1023.90" z_order="0">
      <attribute name="Notes">NA</attribute>
      <attribute name="Sex">Female</attribute>
      <attribute name="Adipose Clipped">No</attribute>
      <attribute name="Injury">No</attribute>
      <attribute name="Confidence Level">3</attribute>
    </box>
    <box frame="58" outside="0" occluded="1" keyframe="0" xtl="2.43" ytl="484.90" xbr="1593.00" ybr="1023.90" z_order="0">
      <attribute name="Notes">NA</attribute>
      <attribute name="Sex">Female</attribute>
      <attribute name="Adipose Clipped">No</attribute>
      <attribute name="Injury">No</attribute>
      <attribute name="Confidence Level">3</attribute>
    </box>
    <box frame="59" outside="0" occluded="1" keyframe="1" xtl="2.43" ytl="484.90" xbr="1660.70" ybr="1023.90" z_order="0">
      <attribute name="Notes">NA</attribute>
      <attribute name="Sex">Female</attribute>
      <attribute name="Adipose Clipped">No</attribute>
      <attribute name="Injury">No</attribute>
      <attribute name="Confidence Level">3</attribute>
    </box>
    <box frame="60" outside="0" occluded="1" keyframe="0" xtl="6.34" ytl="473.83" xbr="1664.61" ybr="1012.83" z_order="0">
      <attribute name="Notes">NA</attribute>
      <attribute name="Sex">Female</attribute>
      <attribute name="Adipose Clipped">No</attribute>
      <attribute name="Injury">No</attribute>
      <attribute name="Confidence Level">3</attribute>
    </box>
    <box frame="61" outside="0" occluded="1" keyframe="0" xtl="10.24" ytl="462.76" xbr="1668.51" ybr="1001.76" z_order="0">
      <attribute name="Notes">NA</attribute>
      <attribute name="Sex">Female</attribute>
      <attribute name="Adipose Clipped">No</attribute>
      <attribute name="Injury">No</attribute>
      <attribute name="Confidence Level">3</attribute>
    </box>
    <box frame="62" outside="0" occluded="1" keyframe="1" xtl="14.15" ytl="451.70" xbr="1672.42" ybr="990.70" z_order="0">
      <attribute name="Notes">NA</attribute>
      <attribute name="Sex">Female</attribute>
      <attribute name="Adipose Clipped">No</attribute>
      <attribute name="Injury">No</attribute>
      <attribute name="Confidence Level">3</attribute>
    </box>
    <box frame="63" outside="0" occluded="1" keyframe="0" xtl="36.61" ytl="451.70" xbr="1694.88" ybr="990.70" z_order="0">
      <attribute name="Notes">NA</attribute>
      <attribute name="Sex">Female</attribute>
      <attribute name="Adipose Clipped">No</attribute>
      <attribute name="Injury">No</attribute>
      <attribute name="Confidence Level">3</attribute>
    </box>
    <box frame="64" outside="0" occluded="1" keyframe="1" xtl="59.07" ytl="451.70" xbr="1717.34" ybr="990.70" z_order="0">
      <attribute name="Notes">NA</attribute>
      <attribute name="Sex">Female</attribute>
      <attribute name="Adipose Clipped">No</attribute>
      <attribute name="Injury">No</attribute>
      <attribute name="Confidence Level">3</attribute>
    </box>
    <box frame="65" outside="0" occluded="0" keyframe="1" xtl="166.50" ytl="454.62" xbr="1824.77" ybr="993.62" z_order="0">
      <attribute name="Notes">NA</attribute>
      <attribute name="Sex">Female</attribute>
      <attribute name="Adipose Clipped">No</attribute>
      <attribute name="Injury">No</attribute>
      <attribute name="Confidence Level">3</attribute>
    </box>
    <box frame="66" outside="0" occluded="0" keyframe="1" xtl="207.52" ytl="449.74" xbr="1865.79" ybr="988.74" z_order="0">
      <attribute name="Notes">NA</attribute>
      <attribute name="Sex">Female</attribute>
      <attribute name="Adipose Clipped">No</attribute>
      <attribute name="Injury">No</attribute>
      <attribute name="Confidence Level">3</attribute>
    </box>
    <box frame="67" outside="0" occluded="0" keyframe="0" xtl="235.64" ytl="449.74" xbr="1876.63" ybr="988.74" z_order="0">
      <attribute name="Notes">NA</attribute>
      <attribute name="Sex">Female</attribute>
      <attribute name="Adipose Clipped">No</attribute>
      <attribute name="Injury">No</attribute>
      <attribute name="Confidence Level">3</attribute>
    </box>
    <box frame="68" outside="0" occluded="0" keyframe="0" xtl="263.77" ytl="449.74" xbr="1887.47" ybr="988.74" z_order="0">
      <attribute name="Notes">NA</attribute>
      <attribute name="Sex">Female</attribute>
      <attribute name="Adipose Clipped">No</attribute>
      <attribute name="Injury">No</attribute>
      <attribute name="Confidence Level">3</attribute>
    </box>
    <box frame="69" outside="0" occluded="0" keyframe="0" xtl="291.90" ytl="449.74" xbr="1898.31" ybr="988.74" z_order="0">
      <attribute name="Notes">NA</attribute>
      <attribute name="Sex">Female</attribute>
      <attribute name="Adipose Clipped">No</attribute>
      <attribute name="Injury">No</attribute>
      <attribute name="Confidence Level">3</attribute>
    </box>
    <box frame="70" outside="0" occluded="0" keyframe="0" xtl="320.02" ytl="449.74" xbr="1909.16" ybr="988.74" z_order="0">
      <attribute name="Notes">NA</attribute>
      <attribute name="Sex">Female</attribute>
      <attribute name="Adipose Clipped">No</attribute>
      <attribute name="Injury">No</attribute>
      <attribute name="Confidence Level">3</attribute>
    </box>
    <box frame="71" outside="0" occluded="0" keyframe="1" xtl="348.15" ytl="449.74" xbr="1920.00" ybr="988.74" z_order="0">
      <attribute name="Notes">NA</attribute>
      <attribute name="Sex">Female</attribute>
      <attribute name="Adipose Clipped">No</attribute>
      <attribute name="Injury">No</attribute>
      <attribute name="Confidence Level">3</attribute>
    </box>
    <box frame="72" outside="0" occluded="0" keyframe="0" xtl="375.52" ytl="469.92" xbr="1920.00" ybr="988.74" z_order="0">
      <attribute name="Notes">NA</attribute>
      <attribute name="Sex">Female</attribute>
      <attribute name="Adipose Clipped">No</attribute>
      <attribute name="Injury">No</attribute>
      <attribute name="Confidence Level">3</attribute>
    </box>
    <box frame="73" outside="0" occluded="0" keyframe="1" xtl="402.90" ytl="490.10" xbr="1920.00" ybr="988.74" z_order="0">
      <attribute name="Notes">NA</attribute>
      <attribute name="Sex">Female</attribute>
      <attribute name="Adipose Clipped">No</attribute>
      <attribute name="Injury">No</attribute>
      <attribute name="Confidence Level">3</attribute>
    </box>
    <box frame="74" outside="0" occluded="0" keyframe="1" xtl="518.10" ytl="486.90" xbr="1920.00" ybr="988.74" z_order="0">
      <attribute name="Notes">NA</attribute>
      <attribute name="Sex">Female</attribute>
      <attribute name="Adipose Clipped">No</attribute>
      <attribute name="Injury">No</attribute>
      <attribute name="Confidence Level">3</attribute>
    </box>
    <box frame="75" outside="0" occluded="0" keyframe="0" xtl="546.75" ytl="484.95" xbr="1920.00" ybr="986.79" z_order="0">
      <attribute name="Notes">NA</attribute>
      <attribute name="Sex">Female</attribute>
      <attribute name="Adipose Clipped">No</attribute>
      <attribute name="Injury">No</attribute>
      <attribute name="Confidence Level">3</attribute>
    </box>
    <box frame="76" outside="0" occluded="0" keyframe="0" xtl="575.39" ytl="482.99" xbr="1920.00" ybr="984.84" z_order="0">
      <attribute name="Notes">NA</attribute>
      <attribute name="Sex">Female</attribute>
      <attribute name="Adipose Clipped">No</attribute>
      <attribute name="Injury">No</attribute>
      <attribute name="Confidence Level">3</attribute>
    </box>
    <box frame="77" outside="0" occluded="0" keyframe="1" xtl="604.04" ytl="481.04" xbr="1920.00" ybr="982.88" z_order="0">
      <attribute name="Notes">NA</attribute>
      <attribute name="Sex">Female</attribute>
      <attribute name="Adipose Clipped">No</attribute>
      <attribute name="Injury">No</attribute>
      <attribute name="Confidence Level">3</attribute>
    </box>
    <box frame="78" outside="0" occluded="0" keyframe="0" xtl="629.43" ytl="492.76" xbr="1920.00" ybr="994.60" z_order="0">
      <attribute name="Notes">NA</attribute>
      <attribute name="Sex">Female</attribute>
      <attribute name="Adipose Clipped">No</attribute>
      <attribute name="Injury">No</attribute>
      <attribute name="Confidence Level">3</attribute>
    </box>
    <box frame="79" outside="0" occluded="0" keyframe="0" xtl="654.82" ytl="504.48" xbr="1920.00" ybr="1006.32" z_order="0">
      <attribute name="Notes">NA</attribute>
      <attribute name="Sex">Female</attribute>
      <attribute name="Adipose Clipped">No</attribute>
      <attribute name="Injury">No</attribute>
      <attribute name="Confidence Level">3</attribute>
    </box>
    <box frame="80" outside="0" occluded="0" keyframe="1" xtl="680.22" ytl="516.20" xbr="1920.00" ybr="1018.04" z_order="0">
      <attribute name="Notes">NA</attribute>
      <attribute name="Sex">Female</attribute>
      <attribute name="Adipose Clipped">No</attribute>
      <attribute name="Injury">No</attribute>
      <attribute name="Confidence Level">3</attribute>
    </box>
    <box frame="81" outside="0" occluded="0" keyframe="0" xtl="716.35" ytl="516.20" xbr="1920.00" ybr="1018.04" z_order="0">
      <attribute name="Notes">NA</attribute>
      <attribute name="Sex">Female</attribute>
      <attribute name="Adipose Clipped">No</attribute>
      <attribute name="Injury">No</attribute>
      <attribute name="Confidence Level">3</attribute>
    </box>
    <box frame="82" outside="0" occluded="0" keyframe="1" xtl="752.49" ytl="516.20" xbr="1920.00" ybr="1018.04" z_order="0">
      <attribute name="Notes">NA</attribute>
      <attribute name="Sex">Female</attribute>
      <attribute name="Adipose Clipped">No</attribute>
      <attribute name="Injury">No</attribute>
      <attribute name="Confidence Level">3</attribute>
    </box>
    <box frame="83" outside="0" occluded="0" keyframe="1" xtl="791.55" ytl="516.20" xbr="1920.00" ybr="1018.04" z_order="0">
      <attribute name="Notes">NA</attribute>
      <attribute name="Sex">Female</attribute>
      <attribute name="Adipose Clipped">No</attribute>
      <attribute name="Injury">No</attribute>
      <attribute name="Confidence Level">3</attribute>
    </box>
    <box frame="84" outside="0" occluded="0" keyframe="1" xtl="850.10" ytl="516.20" xbr="1920.00" ybr="996.60" z_order="0">
      <attribute name="Notes">NA</attribute>
      <attribute name="Sex">Female</attribute>
      <attribute name="Adipose Clipped">No</attribute>
      <attribute name="Injury">No</attribute>
      <attribute name="Confidence Level">3</attribute>
    </box>
    <box frame="85" outside="0" occluded="0" keyframe="0" xtl="923.33" ytl="483.96" xbr="1920.00" ybr="1002.46" z_order="0">
      <attribute name="Notes">NA</attribute>
      <attribute name="Sex">Female</attribute>
      <attribute name="Adipose Clipped">No</attribute>
      <attribute name="Injury">No</attribute>
      <attribute name="Confidence Level">3</attribute>
    </box>
    <box frame="86" outside="0" occluded="0" keyframe="1" xtl="996.56" ytl="451.72" xbr="1920.00" ybr="1008.32" z_order="0">
      <attribute name="Notes">NA</attribute>
      <attribute name="Sex">Female</attribute>
      <attribute name="Adipose Clipped">No</attribute>
      <attribute name="Injury">No</attribute>
      <attribute name="Confidence Level">3</attribute>
    </box>
    <box frame="87" outside="0" occluded="0" keyframe="0" xtl="1016.11" ytl="451.72" xbr="1920.00" ybr="1004.41" z_order="0">
      <attribute name="Notes">NA</attribute>
      <attribute name="Sex">Female</attribute>
      <attribute name="Adipose Clipped">No</attribute>
      <attribute name="Injury">No</attribute>
      <attribute name="Confidence Level">3</attribute>
    </box>
    <box frame="88" outside="0" occluded="0" keyframe="0" xtl="1035.65" ytl="451.72" xbr="1920.00" ybr="1000.51" z_order="0">
      <attribute name="Notes">NA</attribute>
      <attribute name="Sex">Female</attribute>
      <attribute name="Adipose Clipped">No</attribute>
      <attribute name="Injury">No</attribute>
      <attribute name="Confidence Level">3</attribute>
    </box>
    <box frame="89" outside="0" occluded="0" keyframe="1" xtl="1055.20" ytl="451.72" xbr="1920.00" ybr="996.60" z_order="0">
      <attribute name="Notes">NA</attribute>
      <attribute name="Sex">Female</attribute>
      <attribute name="Adipose Clipped">No</attribute>
      <attribute name="Injury">No</attribute>
      <attribute name="Confidence Level">3</attribute>
    </box>
    <box frame="90" outside="0" occluded="0" keyframe="0" xtl="1073.10" ytl="470.61" xbr="1920.00" ybr="994.63" z_order="0">
      <attribute name="Notes">NA</attribute>
      <attribute name="Sex">Female</attribute>
      <attribute name="Adipose Clipped">No</attribute>
      <attribute name="Injury">No</attribute>
      <attribute name="Confidence Level">3</attribute>
    </box>
    <box frame="91" outside="0" occluded="0" keyframe="1" xtl="1091.00" ytl="489.51" xbr="1920.00" ybr="992.67" z_order="0">
      <attribute name="Notes">NA</attribute>
      <attribute name="Sex">Female</attribute>
      <attribute name="Adipose Clipped">No</attribute>
      <attribute name="Injury">No</attribute>
      <attribute name="Confidence Level">3</attribute>
    </box>
    <box frame="92" outside="0" occluded="0" keyframe="1" xtl="1141.10" ytl="508.40" xbr="1920.00" ybr="990.70" z_order="0">
      <attribute name="Notes">NA</attribute>
      <attribute name="Sex">Female</attribute>
      <attribute name="Adipose Clipped">No</attribute>
      <attribute name="Injury">No</attribute>
      <attribute name="Confidence Level">3</attribute>
    </box>
    <box frame="93" outside="0" occluded="0" keyframe="1" xtl="1187.98" ytl="508.40" xbr="1920.00" ybr="990.70" z_order="0">
      <attribute name="Notes">NA</attribute>
      <attribute name="Sex">Female</attribute>
      <attribute name="Adipose Clipped">No</attribute>
      <attribute name="Injury">No</attribute>
      <attribute name="Confidence Level">3</attribute>
    </box>
    <box frame="94" outside="0" occluded="0" keyframe="0" xtl="1225.09" ytl="518.17" xbr="1920.00" ybr="1000.47" z_order="0">
      <attribute name="Notes">NA</attribute>
      <attribute name="Sex">Female</attribute>
      <attribute name="Adipose Clipped">No</attribute>
      <attribute name="Injury">No</attribute>
      <attribute name="Confidence Level">3</attribute>
    </box>
    <box frame="95" outside="0" occluded="0" keyframe="1" xtl="1262.20" ytl="527.93" xbr="1920.00" ybr="1010.23" z_order="0">
      <attribute name="Notes">NA</attribute>
      <attribute name="Sex">Female</attribute>
      <attribute name="Adipose Clipped">No</attribute>
      <attribute name="Injury">No</attribute>
      <attribute name="Confidence Level">3</attribute>
    </box>
    <box frame="96" outside="0" occluded="0" keyframe="0" xtl="1274.57" ytl="533.14" xbr="1920.00" ybr="997.22" z_order="0">
      <attribute name="Notes">NA</attribute>
      <attribute name="Sex">Female</attribute>
      <attribute name="Adipose Clipped">No</attribute>
      <attribute name="Injury">No</attribute>
      <attribute name="Confidence Level">3</attribute>
    </box>
    <box frame="97" outside="0" occluded="0" keyframe="0" xtl="1286.94" ytl="538.35" xbr="1920.00" ybr="984.21" z_order="0">
      <attribute name="Notes">NA</attribute>
      <attribute name="Sex">Female</attribute>
      <attribute name="Adipose Clipped">No</attribute>
      <attribute name="Injury">No</attribute>
      <attribute name="Confidence Level">3</attribute>
    </box>
    <box frame="98" outside="0" occluded="0" keyframe="1" xtl="1299.31" ytl="543.56" xbr="1920.00" ybr="971.20" z_order="0">
      <attribute name="Notes">NA</attribute>
      <attribute name="Sex">Female</attribute>
      <attribute name="Adipose Clipped">No</attribute>
      <attribute name="Injury">No</attribute>
      <attribute name="Confidence Level">3</attribute>
    </box>
    <box frame="99" outside="0" occluded="0" keyframe="0" xtl="1343.57" ytl="527.94" xbr="1920.00" ybr="971.20" z_order="0">
      <attribute name="Notes">NA</attribute>
      <attribute name="Sex">Female</attribute>
      <attribute name="Adipose Clipped">No</attribute>
      <attribute name="Injury">No</attribute>
      <attribute name="Confidence Level">3</attribute>
    </box>
    <box frame="100" outside="0" occluded="0" keyframe="0" xtl="1387.84" ytl="512.32" xbr="1920.00" ybr="971.20" z_order="0">
      <attribute name="Notes">NA</attribute>
      <attribute name="Sex">Female</attribute>
      <attribute name="Adipose Clipped">No</attribute>
      <attribute name="Injury">No</attribute>
      <attribute name="Confidence Level">3</attribute>
    </box>
    <box frame="101" outside="0" occluded="0" keyframe="1" xtl="1432.10" ytl="496.70" xbr="1920.00" ybr="971.20" z_order="0">
      <attribute name="Notes">NA</attribute>
      <attribute name="Sex">Female</attribute>
      <attribute name="Adipose Clipped">No</attribute>
      <attribute name="Injury">No</attribute>
      <attribute name="Confidence Level">3</attribute>
    </box>
    <box frame="102" outside="0" occluded="0" keyframe="0" xtl="1460.75" ytl="497.35" xbr="1920.00" ybr="971.85" z_order="0">
      <attribute name="Notes">NA</attribute>
      <attribute name="Sex">Female</attribute>
      <attribute name="Adipose Clipped">No</attribute>
      <attribute name="Injury">No</attribute>
      <attribute name="Confidence Level">3</attribute>
    </box>
    <box frame="103" outside="0" occluded="0" keyframe="0" xtl="1489.39" ytl="498.00" xbr="1920.00" ybr="972.50" z_order="0">
      <attribute name="Notes">NA</attribute>
      <attribute name="Sex">Female</attribute>
      <attribute name="Adipose Clipped">No</attribute>
      <attribute name="Injury">No</attribute>
      <attribute name="Confidence Level">3</attribute>
    </box>
    <box frame="104" outside="0" occluded="0" keyframe="0" xtl="1518.04" ytl="498.65" xbr="1920.00" ybr="973.15" z_order="0">
      <attribute name="Notes">NA</attribute>
      <attribute name="Sex">Female</attribute>
      <attribute name="Adipose Clipped">No</attribute>
      <attribute name="Injury">No</attribute>
      <attribute name="Confidence Level">3</attribute>
    </box>
    <box frame="105" outside="0" occluded="0" keyframe="0" xtl="1546.69" ytl="499.30" xbr="1920.00" ybr="973.80" z_order="0">
      <attribute name="Notes">NA</attribute>
      <attribute name="Sex">Female</attribute>
      <attribute name="Adipose Clipped">No</attribute>
      <attribute name="Injury">No</attribute>
      <attribute name="Confidence Level">3</attribute>
    </box>
    <box frame="106" outside="0" occluded="0" keyframe="0" xtl="1575.33" ytl="499.96" xbr="1920.00" ybr="974.46" z_order="0">
      <attribute name="Notes">NA</attribute>
      <attribute name="Sex">Female</attribute>
      <attribute name="Adipose Clipped">No</attribute>
      <attribute name="Injury">No</attribute>
      <attribute name="Confidence Level">3</attribute>
    </box>
    <box frame="107" outside="0" occluded="0" keyframe="1" xtl="1603.98" ytl="500.61" xbr="1920.00" ybr="975.11" z_order="0">
      <attribute name="Notes">NA</attribute>
      <attribute name="Sex">Female</attribute>
      <attribute name="Adipose Clipped">No</attribute>
      <attribute name="Injury">No</attribute>
      <attribute name="Confidence Level">3</attribute>
    </box>
    <box frame="108" outside="0" occluded="0" keyframe="1" xtl="1670.39" ytl="498.65" xbr="1920.00" ybr="973.15" z_order="0">
      <attribute name="Notes">NA</attribute>
      <attribute name="Sex">Female</attribute>
      <attribute name="Adipose Clipped">No</attribute>
      <attribute name="Injury">No</attribute>
      <attribute name="Confidence Level">3</attribute>
    </box>
    <box frame="109" outside="0" occluded="0" keyframe="0" xtl="1708.48" ytl="498.65" xbr="1920.00" ybr="973.15" z_order="0">
      <attribute name="Notes">NA</attribute>
      <attribute name="Sex">Female</attribute>
      <attribute name="Adipose Clipped">No</attribute>
      <attribute name="Injury">No</attribute>
      <attribute name="Confidence Level">3</attribute>
    </box>
    <box frame="110" outside="0" occluded="0" keyframe="1" xtl="1746.57" ytl="498.65" xbr="1920.00" ybr="973.15" z_order="0">
      <attribute name="Notes">NA</attribute>
      <attribute name="Sex">Female</attribute>
      <attribute name="Adipose Clipped">No</attribute>
      <attribute name="Injury">No</attribute>
      <attribute name="Confidence Level">3</attribute>
    </box>
    <box frame="111" outside="0" occluded="0" keyframe="0" xtl="1746.57" ytl="498.65" xbr="1920.00" ybr="973.15" z_order="0">
      <attribute name="Notes">NA</attribute>
      <attribute name="Sex">Female</attribute>
      <attribute name="Adipose Clipped">No</attribute>
      <attribute name="Injury">No</attribute>
      <attribute name="Confidence Level">3</attribute>
    </box>
    <box frame="112" outside="0" occluded="0" keyframe="0" xtl="1746.57" ytl="498.65" xbr="1920.00" ybr="973.15" z_order="0">
      <attribute name="Notes">NA</attribute>
      <attribute name="Sex">Female</attribute>
      <attribute name="Adipose Clipped">No</attribute>
      <attribute name="Injury">No</attribute>
      <attribute name="Confidence Level">3</attribute>
    </box>
    <box frame="113" outside="1" occluded="0" keyframe="1" xtl="1746.57" ytl="498.65" xbr="1920.00" ybr="973.15" z_order="0">
      <attribute name="Notes">NA</attribute>
      <attribute name="Sex">Female</attribute>
      <attribute name="Adipose Clipped">No</attribute>
      <attribute name="Injury">No</attribute>
      <attribute name="Confidence Level">3</attribute>
    </box>
  </track>
</annotations>