<?xml version="1.0" encoding="utf-8"?>
<annotations>
  <version>1.1</version>
  <meta>
    <task>
      <id>176</id>
      <name>09-11-2020 03-20-25 M Salmon Camera</name>
      <size>715</size>
      <mode>interpolation</mode>
      <overlap>5</overlap>
      <bugtracker></bugtracker>
      <created>2021-12-13 19:40:35.722549+00:00</created>
      <updated>2021-12-13 19:52:18.632258+00:00</updated>
      <subset>default</subset>
      <start_frame>0</start_frame>
      <stop_frame>714</stop_frame>
      <frame_filter></frame_filter>
      <segments>
        <segment>
          <id>176</id>
          <start>0</start>
          <stop>714</stop>
          <url>httplocalhost:8080/?id=176</url>
        </segment>
      </segments>
      <owner>
        <username>scurfield</username>
        <email>dan.scurfield@gmail.com</email>
      </owner>
      <assignee></assignee>
      <labels>
        <label>
          <name>Coho</name>
          <color>#83e070</color>
          <attributes>
            <attribute>
              <name>Adipose Clipped</name>
              <mutable>False</mutable>
              <input_type>select</input_type>
              <default_value>No</default_value>
              <values>No
Yes
NA</values>
            </attribute>
            <attribute>
              <name>confidence level</name>
              <mutable>False</mutable>
              <input_type>select</input_type>
              <default_value>3</default_value>
              <values>3
2
1</values>
            </attribute>
            <attribute>
              <name>injury</name>
              <mutable>False</mutable>
              <input_type>select</input_type>
              <default_value>No</default_value>
              <values>No
Yes
NA</values>
            </attribute>
            <attribute>
              <name>notes</name>
              <mutable>False</mutable>
              <input_type>text</input_type>
              <default_value>NA</default_value>
              <values>NA</values>
            </attribute>
            <attribute>
              <name>sex</name>
              <mutable>False</mutable>
              <input_type>select</input_type>
              <default_value>Male</default_value>
              <values>Male
Female
Jack</values>
            </attribute>
            <attribute>
              <name>view</name>
              <mutable>False</mutable>
              <input_type>select</input_type>
              <default_value>Side</default_value>
              <values>Side
Top-down</values>
            </attribute>
          </attributes>
        </label>
        <label>
          <name>Bull</name>
          <color>#20c000</color>
          <attributes>
            <attribute>
              <name>adipose clipped</name>
              <mutable>False</mutable>
              <input_type>select</input_type>
              <default_value>No</default_value>
              <values>No
NA</values>
            </attribute>
            <attribute>
              <name>confidence level</name>
              <mutable>False</mutable>
              <input_type>select</input_type>
              <default_value>3</default_value>
              <values>3
2
1</values>
            </attribute>
            <attribute>
              <name>injury</name>
              <mutable>False</mutable>
              <input_type>select</input_type>
              <default_value>No</default_value>
              <values>No
Yes
NA</values>
            </attribute>
            <attribute>
              <name>notes</name>
              <mutable>False</mutable>
              <input_type>text</input_type>
              <default_value>NA</default_value>
              <values>NA</values>
            </attribute>
            <attribute>
              <name>sex</name>
              <mutable>False</mutable>
              <input_type>select</input_type>
              <default_value>NA</default_value>
              <values>NA</values>
            </attribute>
            <attribute>
              <name>view</name>
              <mutable>False</mutable>
              <input_type>select</input_type>
              <default_value>Side</default_value>
              <values>Side
Top-down</values>
            </attribute>
          </attributes>
        </label>
        <label>
          <name>Chum</name>
          <color>#b83df5</color>
          <attributes>
            <attribute>
              <name>adipose clipped</name>
              <mutable>False</mutable>
              <input_type>select</input_type>
              <default_value>No</default_value>
              <values>No
Yes
NA</values>
            </attribute>
            <attribute>
              <name>confidence level</name>
              <mutable>False</mutable>
              <input_type>select</input_type>
              <default_value>3</default_value>
              <values>3
2
1</values>
            </attribute>
            <attribute>
              <name>injury</name>
              <mutable>False</mutable>
              <input_type>select</input_type>
              <default_value>No</default_value>
              <values>No
Yes
NA</values>
            </attribute>
            <attribute>
              <name>notes</name>
              <mutable>False</mutable>
              <input_type>text</input_type>
              <default_value>NA</default_value>
              <values>NA</values>
            </attribute>
            <attribute>
              <name>sex</name>
              <mutable>False</mutable>
              <input_type>select</input_type>
              <default_value>Male</default_value>
              <values>Male
Female</values>
            </attribute>
            <attribute>
              <name>view</name>
              <mutable>False</mutable>
              <input_type>select</input_type>
              <default_value>Side</default_value>
              <values>Side
Top-down</values>
            </attribute>
          </attributes>
        </label>
        <label>
          <name>Whitefish</name>
          <color>#e5e3ee</color>
          <attributes>
            <attribute>
              <name>adipose clipped</name>
              <mutable>False</mutable>
              <input_type>select</input_type>
              <default_value>No</default_value>
              <values>No
Yes
NA</values>
            </attribute>
            <attribute>
              <name>confidence level</name>
              <mutable>False</mutable>
              <input_type>select</input_type>
              <default_value>3</default_value>
              <values>3
2
1</values>
            </attribute>
            <attribute>
              <name>injury</name>
              <mutable>False</mutable>
              <input_type>select</input_type>
              <default_value>No</default_value>
              <values>No
Yes
NA</values>
            </attribute>
            <attribute>
              <name>notes</name>
              <mutable>False</mutable>
              <input_type>text</input_type>
              <default_value>NA</default_value>
              <values>NA</values>
            </attribute>
            <attribute>
              <name>sex</name>
              <mutable>False</mutable>
              <input_type>select</input_type>
              <default_value>NA</default_value>
              <values>NA</values>
            </attribute>
            <attribute>
              <name>view</name>
              <mutable>False</mutable>
              <input_type>select</input_type>
              <default_value>Side</default_value>
              <values>Side
Top-down</values>
            </attribute>
          </attributes>
        </label>
        <label>
          <name>Pink</name>
          <color>#fa7dbb</color>
          <attributes>
            <attribute>
              <name>adipose clipped</name>
              <mutable>False</mutable>
              <input_type>select</input_type>
              <default_value>No</default_value>
              <values>No
Yes
NA</values>
            </attribute>
            <attribute>
              <name>confidence level</name>
              <mutable>False</mutable>
              <input_type>select</input_type>
              <default_value>3</default_value>
              <values>3
2
1</values>
            </attribute>
            <attribute>
              <name>injury</name>
              <mutable>False</mutable>
              <input_type>select</input_type>
              <default_value>No</default_value>
              <values>No
Yes
NA</values>
            </attribute>
            <attribute>
              <name>notes</name>
              <mutable>False</mutable>
              <input_type>text</input_type>
              <default_value>NA</default_value>
              <values>NA</values>
            </attribute>
            <attribute>
              <name>sex</name>
              <mutable>False</mutable>
              <input_type>select</input_type>
              <default_value>Male</default_value>
              <values>Male
Female</values>
            </attribute>
            <attribute>
              <name>view</name>
              <mutable>False</mutable>
              <input_type>select</input_type>
              <default_value>Side</default_value>
              <values>Side
Top-down</values>
            </attribute>
          </attributes>
        </label>
        <label>
          <name>Sockeye</name>
          <color>#fa3253</color>
          <attributes>
            <attribute>
              <name>adipose clipped</name>
              <mutable>False</mutable>
              <input_type>select</input_type>
              <default_value>No</default_value>
              <values>No
Yes
NA</values>
            </attribute>
            <attribute>
              <name>confidence level</name>
              <mutable>False</mutable>
              <input_type>select</input_type>
              <default_value>3</default_value>
              <values>3
2
1</values>
            </attribute>
            <attribute>
              <name>injury</name>
              <mutable>False</mutable>
              <input_type>select</input_type>
              <default_value>No</default_value>
              <values>No
Yes
NA</values>
            </attribute>
            <attribute>
              <name>notes</name>
              <mutable>False</mutable>
              <input_type>text</input_type>
              <default_value>NA</default_value>
              <values>NA</values>
            </attribute>
            <attribute>
              <name>sex</name>
              <mutable>False</mutable>
              <input_type>select</input_type>
              <default_value>Male</default_value>
              <values>Male
Female
Jack</values>
            </attribute>
            <attribute>
              <name>view</name>
              <mutable>False</mutable>
              <input_type>select</input_type>
              <default_value>Side</default_value>
              <values>Side
Top-down</values>
            </attribute>
          </attributes>
        </label>
        <label>
          <name>Steelhead</name>
          <color>#32b7fa</color>
          <attributes>
            <attribute>
              <name>adipose clipped</name>
              <mutable>False</mutable>
              <input_type>select</input_type>
              <default_value>No</default_value>
              <values>No
Yes
NA</values>
            </attribute>
            <attribute>
              <name>confidence level</name>
              <mutable>False</mutable>
              <input_type>select</input_type>
              <default_value>3</default_value>
              <values>3
2
1</values>
            </attribute>
            <attribute>
              <name>injury</name>
              <mutable>False</mutable>
              <input_type>select</input_type>
              <default_value>No</default_value>
              <values>No
Yes
NA</values>
            </attribute>
            <attribute>
              <name>notes</name>
              <mutable>False</mutable>
              <input_type>text</input_type>
              <default_value>NA</default_value>
              <values>NA</values>
            </attribute>
            <attribute>
              <name>sex</name>
              <mutable>False</mutable>
              <input_type>select</input_type>
              <default_value>Male</default_value>
              <values>Male
Female</values>
            </attribute>
            <attribute>
              <name>view</name>
              <mutable>False</mutable>
              <input_type>select</input_type>
              <default_value>Side</default_value>
              <values>Side
Top-down</values>
            </attribute>
          </attributes>
        </label>
        <label>
          <name>Rainbow</name>
          <color>#f1c6e3</color>
          <attributes>
            <attribute>
              <name>adipose clipped</name>
              <mutable>False</mutable>
              <input_type>select</input_type>
              <default_value>No</default_value>
              <values>No
Yes
NA</values>
            </attribute>
            <attribute>
              <name>confidence level</name>
              <mutable>False</mutable>
              <input_type>select</input_type>
              <default_value>3</default_value>
              <values>3
2
1</values>
            </attribute>
            <attribute>
              <name>injury</name>
              <mutable>False</mutable>
              <input_type>select</input_type>
              <default_value>No</default_value>
              <values>No
Yes
NA</values>
            </attribute>
            <attribute>
              <name>notes</name>
              <mutable>False</mutable>
              <input_type>text</input_type>
              <default_value>NA</default_value>
              <values>NA</values>
            </attribute>
            <attribute>
              <name>sex</name>
              <mutable>False</mutable>
              <input_type>select</input_type>
              <default_value>NA</default_value>
              <values>NA
Juvenile</values>
            </attribute>
            <attribute>
              <name>view</name>
              <mutable>False</mutable>
              <input_type>select</input_type>
              <default_value>Side</default_value>
              <values>Side
Top-down</values>
            </attribute>
          </attributes>
        </label>
        <label>
          <name>Chinook</name>
          <color>#2a7dd1</color>
          <attributes>
            <attribute>
              <name>adipose clipped</name>
              <mutable>False</mutable>
              <input_type>select</input_type>
              <default_value>No</default_value>
              <values>No
Yes
NA</values>
            </attribute>
            <attribute>
              <name>confidence level</name>
              <mutable>False</mutable>
              <input_type>select</input_type>
              <default_value>3</default_value>
              <values>3
2
1</values>
            </attribute>
            <attribute>
              <name>injury</name>
              <mutable>False</mutable>
              <input_type>select</input_type>
              <default_value>No</default_value>
              <values>No
Yes
NA</values>
            </attribute>
            <attribute>
              <name>notes</name>
              <mutable>False</mutable>
              <input_type>text</input_type>
              <default_value>NA</default_value>
              <values>NA</values>
            </attribute>
            <attribute>
              <name>sex</name>
              <mutable>False</mutable>
              <input_type>select</input_type>
              <default_value>Male</default_value>
              <values>Male
Female
Jack</values>
            </attribute>
            <attribute>
              <name>view</name>
              <mutable>False</mutable>
              <input_type>select</input_type>
              <default_value>Side</default_value>
              <values>Side
Top-down</values>
            </attribute>
          </attributes>
        </label>
        <label>
          <name>Pikeminnow</name>
          <color>#ecc49c</color>
          <attributes>
            <attribute>
              <name>confidence level</name>
              <mutable>False</mutable>
              <input_type>select</input_type>
              <default_value>3</default_value>
              <values>3
2
1</values>
            </attribute>
            <attribute>
              <name>notes</name>
              <mutable>False</mutable>
              <input_type>text</input_type>
              <default_value>NA</default_value>
              <values>NA</values>
            </attribute>
          </attributes>
        </label>
        <label>
          <name>Shiner</name>
          <color>#8c78f0</color>
          <attributes>
            <attribute>
              <name>confidence level</name>
              <mutable>False</mutable>
              <input_type>select</input_type>
              <default_value>3</default_value>
              <values>3
2
1</values>
            </attribute>
            <attribute>
              <name>notes</name>
              <mutable>False</mutable>
              <input_type>text</input_type>
              <default_value>NA</default_value>
              <values>NA</values>
            </attribute>
          </attributes>
        </label>
        <label>
          <name>Lampray</name>
          <color>#2e2930</color>
          <attributes>
            <attribute>
              <name>confidence level</name>
              <mutable>False</mutable>
              <input_type>select</input_type>
              <default_value>3</default_value>
              <values>3
2
1</values>
            </attribute>
            <attribute>
              <name>notes</name>
              <mutable>False</mutable>
              <input_type>text</input_type>
              <default_value>NA</default_value>
              <values>NA</values>
            </attribute>
          </attributes>
        </label>
      </labels>
      <original_size>
        <width>1920</width>
        <height>1080</height>
      </original_size>
    </task>
    <dumped>2021-12-13 19:52:37.889089+00:00</dumped>
    <source>09-11-2020 03-20-25 M Salmon Camera.m4v</source>
  </meta>
  <track id="0" label="Sockeye" source="manual">
    <box frame="99" outside="0" occluded="1" keyframe="1" xtl="0.00" ytl="626.72" xbr="160.24" ybr="843.93" z_order="0">
      <attribute name="adipose clipped">No</attribute>
      <attribute name="confidence level">3</attribute>
      <attribute name="injury">No</attribute>
      <attribute name="notes">NA</attribute>
      <attribute name="sex">Female</attribute>
      <attribute name="view">Side</attribute>
    </box>
    <box frame="100" outside="0" occluded="1" keyframe="0" xtl="0.00" ytl="616.71" xbr="175.77" ybr="845.10" z_order="0">
      <attribute name="adipose clipped">No</attribute>
      <attribute name="confidence level">3</attribute>
      <attribute name="injury">No</attribute>
      <attribute name="notes">NA</attribute>
      <attribute name="sex">Female</attribute>
      <attribute name="view">Side</attribute>
    </box>
    <box frame="101" outside="0" occluded="1" keyframe="0" xtl="0.00" ytl="606.69" xbr="191.30" ybr="846.27" z_order="0">
      <attribute name="adipose clipped">No</attribute>
      <attribute name="confidence level">3</attribute>
      <attribute name="injury">No</attribute>
      <attribute name="notes">NA</attribute>
      <attribute name="sex">Female</attribute>
      <attribute name="view">Side</attribute>
    </box>
    <box frame="102" outside="0" occluded="1" keyframe="0" xtl="0.00" ytl="596.68" xbr="206.82" ybr="847.44" z_order="0">
      <attribute name="adipose clipped">No</attribute>
      <attribute name="confidence level">3</attribute>
      <attribute name="injury">No</attribute>
      <attribute name="notes">NA</attribute>
      <attribute name="sex">Female</attribute>
      <attribute name="view">Side</attribute>
    </box>
    <box frame="103" outside="0" occluded="1" keyframe="0" xtl="0.00" ytl="586.67" xbr="222.35" ybr="848.60" z_order="0">
      <attribute name="adipose clipped">No</attribute>
      <attribute name="confidence level">3</attribute>
      <attribute name="injury">No</attribute>
      <attribute name="notes">NA</attribute>
      <attribute name="sex">Female</attribute>
      <attribute name="view">Side</attribute>
    </box>
    <box frame="104" outside="0" occluded="1" keyframe="0" xtl="0.00" ytl="576.65" xbr="237.87" ybr="849.77" z_order="0">
      <attribute name="adipose clipped">No</attribute>
      <attribute name="confidence level">3</attribute>
      <attribute name="injury">No</attribute>
      <attribute name="notes">NA</attribute>
      <attribute name="sex">Female</attribute>
      <attribute name="view">Side</attribute>
    </box>
    <box frame="105" outside="0" occluded="1" keyframe="0" xtl="0.00" ytl="566.64" xbr="253.40" ybr="850.94" z_order="0">
      <attribute name="adipose clipped">No</attribute>
      <attribute name="confidence level">3</attribute>
      <attribute name="injury">No</attribute>
      <attribute name="notes">NA</attribute>
      <attribute name="sex">Female</attribute>
      <attribute name="view">Side</attribute>
    </box>
    <box frame="106" outside="0" occluded="1" keyframe="0" xtl="0.00" ytl="556.63" xbr="268.92" ybr="852.11" z_order="0">
      <attribute name="adipose clipped">No</attribute>
      <attribute name="confidence level">3</attribute>
      <attribute name="injury">No</attribute>
      <attribute name="notes">NA</attribute>
      <attribute name="sex">Female</attribute>
      <attribute name="view">Side</attribute>
    </box>
    <box frame="107" outside="0" occluded="1" keyframe="0" xtl="0.00" ytl="546.61" xbr="284.45" ybr="853.28" z_order="0">
      <attribute name="adipose clipped">No</attribute>
      <attribute name="confidence level">3</attribute>
      <attribute name="injury">No</attribute>
      <attribute name="notes">NA</attribute>
      <attribute name="sex">Female</attribute>
      <attribute name="view">Side</attribute>
    </box>
    <box frame="108" outside="0" occluded="1" keyframe="0" xtl="0.00" ytl="536.60" xbr="299.97" ybr="854.45" z_order="0">
      <attribute name="adipose clipped">No</attribute>
      <attribute name="confidence level">3</attribute>
      <attribute name="injury">No</attribute>
      <attribute name="notes">NA</attribute>
      <attribute name="sex">Female</attribute>
      <attribute name="view">Side</attribute>
    </box>
    <box frame="109" outside="0" occluded="1" keyframe="1" xtl="0.00" ytl="526.59" xbr="315.50" ybr="855.62" z_order="0">
      <attribute name="adipose clipped">No</attribute>
      <attribute name="confidence level">3</attribute>
      <attribute name="injury">No</attribute>
      <attribute name="notes">NA</attribute>
      <attribute name="sex">Female</attribute>
      <attribute name="view">Side</attribute>
    </box>
    <box frame="110" outside="0" occluded="1" keyframe="0" xtl="0.00" ytl="523.08" xbr="331.37" ybr="858.45" z_order="0">
      <attribute name="adipose clipped">No</attribute>
      <attribute name="confidence level">3</attribute>
      <attribute name="injury">No</attribute>
      <attribute name="notes">NA</attribute>
      <attribute name="sex">Female</attribute>
      <attribute name="view">Side</attribute>
    </box>
    <box frame="111" outside="0" occluded="1" keyframe="0" xtl="0.00" ytl="519.57" xbr="347.23" ybr="861.29" z_order="0">
      <attribute name="adipose clipped">No</attribute>
      <attribute name="confidence level">3</attribute>
      <attribute name="injury">No</attribute>
      <attribute name="notes">NA</attribute>
      <attribute name="sex">Female</attribute>
      <attribute name="view">Side</attribute>
    </box>
    <box frame="112" outside="0" occluded="1" keyframe="0" xtl="0.00" ytl="516.06" xbr="363.10" ybr="864.13" z_order="0">
      <attribute name="adipose clipped">No</attribute>
      <attribute name="confidence level">3</attribute>
      <attribute name="injury">No</attribute>
      <attribute name="notes">NA</attribute>
      <attribute name="sex">Female</attribute>
      <attribute name="view">Side</attribute>
    </box>
    <box frame="113" outside="0" occluded="1" keyframe="0" xtl="0.00" ytl="512.54" xbr="378.96" ybr="866.97" z_order="0">
      <attribute name="adipose clipped">No</attribute>
      <attribute name="confidence level">3</attribute>
      <attribute name="injury">No</attribute>
      <attribute name="notes">NA</attribute>
      <attribute name="sex">Female</attribute>
      <attribute name="view">Side</attribute>
    </box>
    <box frame="114" outside="0" occluded="1" keyframe="0" xtl="0.00" ytl="509.03" xbr="394.83" ybr="869.81" z_order="0">
      <attribute name="adipose clipped">No</attribute>
      <attribute name="confidence level">3</attribute>
      <attribute name="injury">No</attribute>
      <attribute name="notes">NA</attribute>
      <attribute name="sex">Female</attribute>
      <attribute name="view">Side</attribute>
    </box>
    <box frame="115" outside="0" occluded="1" keyframe="0" xtl="0.00" ytl="505.52" xbr="410.69" ybr="872.65" z_order="0">
      <attribute name="adipose clipped">No</attribute>
      <attribute name="confidence level">3</attribute>
      <attribute name="injury">No</attribute>
      <attribute name="notes">NA</attribute>
      <attribute name="sex">Female</attribute>
      <attribute name="view">Side</attribute>
    </box>
    <box frame="116" outside="0" occluded="1" keyframe="0" xtl="0.00" ytl="502.01" xbr="426.56" ybr="875.48" z_order="0">
      <attribute name="adipose clipped">No</attribute>
      <attribute name="confidence level">3</attribute>
      <attribute name="injury">No</attribute>
      <attribute name="notes">NA</attribute>
      <attribute name="sex">Female</attribute>
      <attribute name="view">Side</attribute>
    </box>
    <box frame="117" outside="0" occluded="1" keyframe="0" xtl="0.00" ytl="498.50" xbr="442.43" ybr="878.32" z_order="0">
      <attribute name="adipose clipped">No</attribute>
      <attribute name="confidence level">3</attribute>
      <attribute name="injury">No</attribute>
      <attribute name="notes">NA</attribute>
      <attribute name="sex">Female</attribute>
      <attribute name="view">Side</attribute>
    </box>
    <box frame="118" outside="0" occluded="1" keyframe="0" xtl="0.00" ytl="494.99" xbr="458.29" ybr="881.16" z_order="0">
      <attribute name="adipose clipped">No</attribute>
      <attribute name="confidence level">3</attribute>
      <attribute name="injury">No</attribute>
      <attribute name="notes">NA</attribute>
      <attribute name="sex">Female</attribute>
      <attribute name="view">Side</attribute>
    </box>
    <box frame="119" outside="0" occluded="0" keyframe="1" xtl="0.00" ytl="491.48" xbr="474.16" ybr="884.00" z_order="0">
      <attribute name="adipose clipped">No</attribute>
      <attribute name="confidence level">3</attribute>
      <attribute name="injury">No</attribute>
      <attribute name="notes">NA</attribute>
      <attribute name="sex">Female</attribute>
      <attribute name="view">Side</attribute>
    </box>
    <box frame="120" outside="0" occluded="0" keyframe="0" xtl="0.00" ytl="490.15" xbr="491.02" ybr="890.84" z_order="0">
      <attribute name="adipose clipped">No</attribute>
      <attribute name="confidence level">3</attribute>
      <attribute name="injury">No</attribute>
      <attribute name="notes">NA</attribute>
      <attribute name="sex">Female</attribute>
      <attribute name="view">Side</attribute>
    </box>
    <box frame="121" outside="0" occluded="0" keyframe="0" xtl="0.00" ytl="488.81" xbr="507.88" ybr="897.69" z_order="0">
      <attribute name="adipose clipped">No</attribute>
      <attribute name="confidence level">3</attribute>
      <attribute name="injury">No</attribute>
      <attribute name="notes">NA</attribute>
      <attribute name="sex">Female</attribute>
      <attribute name="view">Side</attribute>
    </box>
    <box frame="122" outside="0" occluded="0" keyframe="0" xtl="0.00" ytl="487.48" xbr="524.74" ybr="904.53" z_order="0">
      <attribute name="adipose clipped">No</attribute>
      <attribute name="confidence level">3</attribute>
      <attribute name="injury">No</attribute>
      <attribute name="notes">NA</attribute>
      <attribute name="sex">Female</attribute>
      <attribute name="view">Side</attribute>
    </box>
    <box frame="123" outside="0" occluded="0" keyframe="0" xtl="0.00" ytl="486.14" xbr="541.59" ybr="911.38" z_order="0">
      <attribute name="adipose clipped">No</attribute>
      <attribute name="confidence level">3</attribute>
      <attribute name="injury">No</attribute>
      <attribute name="notes">NA</attribute>
      <attribute name="sex">Female</attribute>
      <attribute name="view">Side</attribute>
    </box>
    <box frame="124" outside="0" occluded="0" keyframe="0" xtl="0.00" ytl="484.81" xbr="558.45" ybr="918.22" z_order="0">
      <attribute name="adipose clipped">No</attribute>
      <attribute name="confidence level">3</attribute>
      <attribute name="injury">No</attribute>
      <attribute name="notes">NA</attribute>
      <attribute name="sex">Female</attribute>
      <attribute name="view">Side</attribute>
    </box>
    <box frame="125" outside="0" occluded="0" keyframe="0" xtl="0.00" ytl="483.47" xbr="575.31" ybr="925.07" z_order="0">
      <attribute name="adipose clipped">No</attribute>
      <attribute name="confidence level">3</attribute>
      <attribute name="injury">No</attribute>
      <attribute name="notes">NA</attribute>
      <attribute name="sex">Female</attribute>
      <attribute name="view">Side</attribute>
    </box>
    <box frame="126" outside="0" occluded="0" keyframe="0" xtl="0.00" ytl="482.13" xbr="592.17" ybr="931.91" z_order="0">
      <attribute name="adipose clipped">No</attribute>
      <attribute name="confidence level">3</attribute>
      <attribute name="injury">No</attribute>
      <attribute name="notes">NA</attribute>
      <attribute name="sex">Female</attribute>
      <attribute name="view">Side</attribute>
    </box>
    <box frame="127" outside="0" occluded="0" keyframe="0" xtl="0.00" ytl="480.80" xbr="609.03" ybr="938.75" z_order="0">
      <attribute name="adipose clipped">No</attribute>
      <attribute name="confidence level">3</attribute>
      <attribute name="injury">No</attribute>
      <attribute name="notes">NA</attribute>
      <attribute name="sex">Female</attribute>
      <attribute name="view">Side</attribute>
    </box>
    <box frame="128" outside="0" occluded="0" keyframe="0" xtl="0.00" ytl="479.46" xbr="625.89" ybr="945.60" z_order="0">
      <attribute name="adipose clipped">No</attribute>
      <attribute name="confidence level">3</attribute>
      <attribute name="injury">No</attribute>
      <attribute name="notes">NA</attribute>
      <attribute name="sex">Female</attribute>
      <attribute name="view">Side</attribute>
    </box>
    <box frame="129" outside="0" occluded="0" keyframe="1" xtl="0.00" ytl="478.13" xbr="642.75" ybr="952.44" z_order="0">
      <attribute name="adipose clipped">No</attribute>
      <attribute name="confidence level">3</attribute>
      <attribute name="injury">No</attribute>
      <attribute name="notes">NA</attribute>
      <attribute name="sex">Female</attribute>
      <attribute name="view">Side</attribute>
    </box>
    <box frame="130" outside="0" occluded="0" keyframe="0" xtl="0.00" ytl="465.93" xbr="678.31" ybr="958.12" z_order="0">
      <attribute name="adipose clipped">No</attribute>
      <attribute name="confidence level">3</attribute>
      <attribute name="injury">No</attribute>
      <attribute name="notes">NA</attribute>
      <attribute name="sex">Female</attribute>
      <attribute name="view">Side</attribute>
    </box>
    <box frame="131" outside="0" occluded="0" keyframe="0" xtl="0.00" ytl="453.74" xbr="713.86" ybr="963.79" z_order="0">
      <attribute name="adipose clipped">No</attribute>
      <attribute name="confidence level">3</attribute>
      <attribute name="injury">No</attribute>
      <attribute name="notes">NA</attribute>
      <attribute name="sex">Female</attribute>
      <attribute name="view">Side</attribute>
    </box>
    <box frame="132" outside="0" occluded="0" keyframe="0" xtl="0.00" ytl="441.55" xbr="749.42" ybr="969.47" z_order="0">
      <attribute name="adipose clipped">No</attribute>
      <attribute name="confidence level">3</attribute>
      <attribute name="injury">No</attribute>
      <attribute name="notes">NA</attribute>
      <attribute name="sex">Female</attribute>
      <attribute name="view">Side</attribute>
    </box>
    <box frame="133" outside="0" occluded="0" keyframe="0" xtl="0.00" ytl="429.36" xbr="784.97" ybr="975.15" z_order="0">
      <attribute name="adipose clipped">No</attribute>
      <attribute name="confidence level">3</attribute>
      <attribute name="injury">No</attribute>
      <attribute name="notes">NA</attribute>
      <attribute name="sex">Female</attribute>
      <attribute name="view">Side</attribute>
    </box>
    <box frame="134" outside="0" occluded="0" keyframe="0" xtl="0.00" ytl="417.16" xbr="820.53" ybr="980.82" z_order="0">
      <attribute name="adipose clipped">No</attribute>
      <attribute name="confidence level">3</attribute>
      <attribute name="injury">No</attribute>
      <attribute name="notes">NA</attribute>
      <attribute name="sex">Female</attribute>
      <attribute name="view">Side</attribute>
    </box>
    <box frame="135" outside="0" occluded="0" keyframe="0" xtl="0.00" ytl="404.97" xbr="856.08" ybr="986.50" z_order="0">
      <attribute name="adipose clipped">No</attribute>
      <attribute name="confidence level">3</attribute>
      <attribute name="injury">No</attribute>
      <attribute name="notes">NA</attribute>
      <attribute name="sex">Female</attribute>
      <attribute name="view">Side</attribute>
    </box>
    <box frame="136" outside="0" occluded="0" keyframe="0" xtl="0.00" ytl="392.78" xbr="891.64" ybr="992.17" z_order="0">
      <attribute name="adipose clipped">No</attribute>
      <attribute name="confidence level">3</attribute>
      <attribute name="injury">No</attribute>
      <attribute name="notes">NA</attribute>
      <attribute name="sex">Female</attribute>
      <attribute name="view">Side</attribute>
    </box>
    <box frame="137" outside="0" occluded="0" keyframe="0" xtl="0.00" ytl="380.59" xbr="927.19" ybr="997.85" z_order="0">
      <attribute name="adipose clipped">No</attribute>
      <attribute name="confidence level">3</attribute>
      <attribute name="injury">No</attribute>
      <attribute name="notes">NA</attribute>
      <attribute name="sex">Female</attribute>
      <attribute name="view">Side</attribute>
    </box>
    <box frame="138" outside="0" occluded="0" keyframe="0" xtl="0.00" ytl="368.39" xbr="962.75" ybr="1003.52" z_order="0">
      <attribute name="adipose clipped">No</attribute>
      <attribute name="confidence level">3</attribute>
      <attribute name="injury">No</attribute>
      <attribute name="notes">NA</attribute>
      <attribute name="sex">Female</attribute>
      <attribute name="view">Side</attribute>
    </box>
    <box frame="139" outside="0" occluded="0" keyframe="1" xtl="0.00" ytl="356.20" xbr="998.30" ybr="1009.20" z_order="0">
      <attribute name="adipose clipped">No</attribute>
      <attribute name="confidence level">3</attribute>
      <attribute name="injury">No</attribute>
      <attribute name="notes">NA</attribute>
      <attribute name="sex">Female</attribute>
      <attribute name="view">Side</attribute>
    </box>
    <box frame="140" outside="0" occluded="0" keyframe="0" xtl="0.00" ytl="347.18" xbr="1028.52" ybr="1009.20" z_order="0">
      <attribute name="adipose clipped">No</attribute>
      <attribute name="confidence level">3</attribute>
      <attribute name="injury">No</attribute>
      <attribute name="notes">NA</attribute>
      <attribute name="sex">Female</attribute>
      <attribute name="view">Side</attribute>
    </box>
    <box frame="141" outside="0" occluded="0" keyframe="0" xtl="0.00" ytl="338.16" xbr="1058.74" ybr="1009.20" z_order="0">
      <attribute name="adipose clipped">No</attribute>
      <attribute name="confidence level">3</attribute>
      <attribute name="injury">No</attribute>
      <attribute name="notes">NA</attribute>
      <attribute name="sex">Female</attribute>
      <attribute name="view">Side</attribute>
    </box>
    <box frame="142" outside="0" occluded="0" keyframe="0" xtl="0.00" ytl="329.14" xbr="1088.96" ybr="1009.20" z_order="0">
      <attribute name="adipose clipped">No</attribute>
      <attribute name="confidence level">3</attribute>
      <attribute name="injury">No</attribute>
      <attribute name="notes">NA</attribute>
      <attribute name="sex">Female</attribute>
      <attribute name="view">Side</attribute>
    </box>
    <box frame="143" outside="0" occluded="0" keyframe="0" xtl="0.00" ytl="320.12" xbr="1119.18" ybr="1009.20" z_order="0">
      <attribute name="adipose clipped">No</attribute>
      <attribute name="confidence level">3</attribute>
      <attribute name="injury">No</attribute>
      <attribute name="notes">NA</attribute>
      <attribute name="sex">Female</attribute>
      <attribute name="view">Side</attribute>
    </box>
    <box frame="144" outside="0" occluded="0" keyframe="0" xtl="0.00" ytl="311.10" xbr="1149.40" ybr="1009.20" z_order="0">
      <attribute name="adipose clipped">No</attribute>
      <attribute name="confidence level">3</attribute>
      <attribute name="injury">No</attribute>
      <attribute name="notes">NA</attribute>
      <attribute name="sex">Female</attribute>
      <attribute name="view">Side</attribute>
    </box>
    <box frame="145" outside="0" occluded="0" keyframe="0" xtl="0.00" ytl="302.08" xbr="1179.62" ybr="1009.20" z_order="0">
      <attribute name="adipose clipped">No</attribute>
      <attribute name="confidence level">3</attribute>
      <attribute name="injury">No</attribute>
      <attribute name="notes">NA</attribute>
      <attribute name="sex">Female</attribute>
      <attribute name="view">Side</attribute>
    </box>
    <box frame="146" outside="0" occluded="0" keyframe="0" xtl="0.00" ytl="293.06" xbr="1209.84" ybr="1009.20" z_order="0">
      <attribute name="adipose clipped">No</attribute>
      <attribute name="confidence level">3</attribute>
      <attribute name="injury">No</attribute>
      <attribute name="notes">NA</attribute>
      <attribute name="sex">Female</attribute>
      <attribute name="view">Side</attribute>
    </box>
    <box frame="147" outside="0" occluded="0" keyframe="0" xtl="0.00" ytl="284.04" xbr="1240.06" ybr="1009.20" z_order="0">
      <attribute name="adipose clipped">No</attribute>
      <attribute name="confidence level">3</attribute>
      <attribute name="injury">No</attribute>
      <attribute name="notes">NA</attribute>
      <attribute name="sex">Female</attribute>
      <attribute name="view">Side</attribute>
    </box>
    <box frame="148" outside="0" occluded="0" keyframe="0" xtl="0.00" ytl="275.02" xbr="1270.28" ybr="1009.20" z_order="0">
      <attribute name="adipose clipped">No</attribute>
      <attribute name="confidence level">3</attribute>
      <attribute name="injury">No</attribute>
      <attribute name="notes">NA</attribute>
      <attribute name="sex">Female</attribute>
      <attribute name="view">Side</attribute>
    </box>
    <box frame="149" outside="0" occluded="0" keyframe="1" xtl="0.00" ytl="266.00" xbr="1300.50" ybr="1009.20" z_order="0">
      <attribute name="adipose clipped">No</attribute>
      <attribute name="confidence level">3</attribute>
      <attribute name="injury">No</attribute>
      <attribute name="notes">NA</attribute>
      <attribute name="sex">Female</attribute>
      <attribute name="view">Side</attribute>
    </box>
    <box frame="150" outside="0" occluded="0" keyframe="0" xtl="0.00" ytl="270.01" xbr="1351.59" ybr="1009.20" z_order="0">
      <attribute name="adipose clipped">No</attribute>
      <attribute name="confidence level">3</attribute>
      <attribute name="injury">No</attribute>
      <attribute name="notes">NA</attribute>
      <attribute name="sex">Female</attribute>
      <attribute name="view">Side</attribute>
    </box>
    <box frame="151" outside="0" occluded="0" keyframe="0" xtl="0.00" ytl="274.02" xbr="1402.68" ybr="1009.20" z_order="0">
      <attribute name="adipose clipped">No</attribute>
      <attribute name="confidence level">3</attribute>
      <attribute name="injury">No</attribute>
      <attribute name="notes">NA</attribute>
      <attribute name="sex">Female</attribute>
      <attribute name="view">Side</attribute>
    </box>
    <box frame="152" outside="0" occluded="0" keyframe="0" xtl="0.00" ytl="278.03" xbr="1453.77" ybr="1009.20" z_order="0">
      <attribute name="adipose clipped">No</attribute>
      <attribute name="confidence level">3</attribute>
      <attribute name="injury">No</attribute>
      <attribute name="notes">NA</attribute>
      <attribute name="sex">Female</attribute>
      <attribute name="view">Side</attribute>
    </box>
    <box frame="153" outside="0" occluded="0" keyframe="0" xtl="0.00" ytl="282.04" xbr="1504.86" ybr="1009.20" z_order="0">
      <attribute name="adipose clipped">No</attribute>
      <attribute name="confidence level">3</attribute>
      <attribute name="injury">No</attribute>
      <attribute name="notes">NA</attribute>
      <attribute name="sex">Female</attribute>
      <attribute name="view">Side</attribute>
    </box>
    <box frame="154" outside="0" occluded="0" keyframe="0" xtl="0.00" ytl="286.05" xbr="1555.95" ybr="1009.20" z_order="0">
      <attribute name="adipose clipped">No</attribute>
      <attribute name="confidence level">3</attribute>
      <attribute name="injury">No</attribute>
      <attribute name="notes">NA</attribute>
      <attribute name="sex">Female</attribute>
      <attribute name="view">Side</attribute>
    </box>
    <box frame="155" outside="0" occluded="0" keyframe="0" xtl="0.00" ytl="290.06" xbr="1607.04" ybr="1009.20" z_order="0">
      <attribute name="adipose clipped">No</attribute>
      <attribute name="confidence level">3</attribute>
      <attribute name="injury">No</attribute>
      <attribute name="notes">NA</attribute>
      <attribute name="sex">Female</attribute>
      <attribute name="view">Side</attribute>
    </box>
    <box frame="156" outside="0" occluded="0" keyframe="0" xtl="0.00" ytl="294.07" xbr="1658.13" ybr="1009.20" z_order="0">
      <attribute name="adipose clipped">No</attribute>
      <attribute name="confidence level">3</attribute>
      <attribute name="injury">No</attribute>
      <attribute name="notes">NA</attribute>
      <attribute name="sex">Female</attribute>
      <attribute name="view">Side</attribute>
    </box>
    <box frame="157" outside="0" occluded="0" keyframe="0" xtl="0.00" ytl="298.08" xbr="1709.22" ybr="1009.20" z_order="0">
      <attribute name="adipose clipped">No</attribute>
      <attribute name="confidence level">3</attribute>
      <attribute name="injury">No</attribute>
      <attribute name="notes">NA</attribute>
      <attribute name="sex">Female</attribute>
      <attribute name="view">Side</attribute>
    </box>
    <box frame="158" outside="0" occluded="0" keyframe="0" xtl="0.00" ytl="302.09" xbr="1760.31" ybr="1009.20" z_order="0">
      <attribute name="adipose clipped">No</attribute>
      <attribute name="confidence level">3</attribute>
      <attribute name="injury">No</attribute>
      <attribute name="notes">NA</attribute>
      <attribute name="sex">Female</attribute>
      <attribute name="view">Side</attribute>
    </box>
    <box frame="159" outside="0" occluded="0" keyframe="1" xtl="0.00" ytl="306.10" xbr="1811.40" ybr="1009.20" z_order="0">
      <attribute name="adipose clipped">No</attribute>
      <attribute name="confidence level">3</attribute>
      <attribute name="injury">No</attribute>
      <attribute name="notes">NA</attribute>
      <attribute name="sex">Female</attribute>
      <attribute name="view">Side</attribute>
    </box>
    <box frame="160" outside="0" occluded="0" keyframe="1" xtl="0.00" ytl="302.26" xbr="1822.26" ybr="1005.36" z_order="0">
      <attribute name="adipose clipped">No</attribute>
      <attribute name="confidence level">3</attribute>
      <attribute name="injury">No</attribute>
      <attribute name="notes">NA</attribute>
      <attribute name="sex">Female</attribute>
      <attribute name="view">Side</attribute>
    </box>
    <box frame="161" outside="0" occluded="0" keyframe="0" xtl="0.00" ytl="298.42" xbr="1833.12" ybr="1001.52" z_order="0">
      <attribute name="adipose clipped">No</attribute>
      <attribute name="confidence level">3</attribute>
      <attribute name="injury">No</attribute>
      <attribute name="notes">NA</attribute>
      <attribute name="sex">Female</attribute>
      <attribute name="view">Side</attribute>
    </box>
    <box frame="162" outside="0" occluded="0" keyframe="0" xtl="0.00" ytl="294.58" xbr="1843.98" ybr="997.68" z_order="0">
      <attribute name="adipose clipped">No</attribute>
      <attribute name="confidence level">3</attribute>
      <attribute name="injury">No</attribute>
      <attribute name="notes">NA</attribute>
      <attribute name="sex">Female</attribute>
      <attribute name="view">Side</attribute>
    </box>
    <box frame="163" outside="0" occluded="0" keyframe="0" xtl="0.00" ytl="290.74" xbr="1854.84" ybr="993.84" z_order="0">
      <attribute name="adipose clipped">No</attribute>
      <attribute name="confidence level">3</attribute>
      <attribute name="injury">No</attribute>
      <attribute name="notes">NA</attribute>
      <attribute name="sex">Female</attribute>
      <attribute name="view">Side</attribute>
    </box>
    <box frame="164" outside="0" occluded="0" keyframe="1" xtl="0.00" ytl="286.90" xbr="1865.70" ybr="990.00" z_order="0">
      <attribute name="adipose clipped">No</attribute>
      <attribute name="confidence level">3</attribute>
      <attribute name="injury">No</attribute>
      <attribute name="notes">NA</attribute>
      <attribute name="sex">Female</attribute>
      <attribute name="view">Side</attribute>
    </box>
    <box frame="165" outside="0" occluded="0" keyframe="0" xtl="59.77" ytl="283.06" xbr="1876.56" ybr="986.16" z_order="0">
      <attribute name="adipose clipped">No</attribute>
      <attribute name="confidence level">3</attribute>
      <attribute name="injury">No</attribute>
      <attribute name="notes">NA</attribute>
      <attribute name="sex">Female</attribute>
      <attribute name="view">Side</attribute>
    </box>
    <box frame="166" outside="0" occluded="0" keyframe="0" xtl="119.54" ytl="279.22" xbr="1887.42" ybr="982.32" z_order="0">
      <attribute name="adipose clipped">No</attribute>
      <attribute name="confidence level">3</attribute>
      <attribute name="injury">No</attribute>
      <attribute name="notes">NA</attribute>
      <attribute name="sex">Female</attribute>
      <attribute name="view">Side</attribute>
    </box>
    <box frame="167" outside="0" occluded="0" keyframe="0" xtl="179.31" ytl="275.38" xbr="1898.28" ybr="978.48" z_order="0">
      <attribute name="adipose clipped">No</attribute>
      <attribute name="confidence level">3</attribute>
      <attribute name="injury">No</attribute>
      <attribute name="notes">NA</attribute>
      <attribute name="sex">Female</attribute>
      <attribute name="view">Side</attribute>
    </box>
    <box frame="168" outside="0" occluded="0" keyframe="0" xtl="239.08" ytl="271.54" xbr="1909.14" ybr="974.64" z_order="0">
      <attribute name="adipose clipped">No</attribute>
      <attribute name="confidence level">3</attribute>
      <attribute name="injury">No</attribute>
      <attribute name="notes">NA</attribute>
      <attribute name="sex">Female</attribute>
      <attribute name="view">Side</attribute>
    </box>
    <box frame="169" outside="0" occluded="1" keyframe="1" xtl="298.85" ytl="267.70" xbr="1920.00" ybr="970.80" z_order="0">
      <attribute name="adipose clipped">No</attribute>
      <attribute name="confidence level">3</attribute>
      <attribute name="injury">No</attribute>
      <attribute name="notes">NA</attribute>
      <attribute name="sex">Female</attribute>
      <attribute name="view">Side</attribute>
    </box>
    <box frame="170" outside="0" occluded="1" keyframe="0" xtl="336.09" ytl="253.84" xbr="1920.00" ybr="970.80" z_order="0">
      <attribute name="adipose clipped">No</attribute>
      <attribute name="confidence level">3</attribute>
      <attribute name="injury">No</attribute>
      <attribute name="notes">NA</attribute>
      <attribute name="sex">Female</attribute>
      <attribute name="view">Side</attribute>
    </box>
    <box frame="171" outside="0" occluded="1" keyframe="0" xtl="373.32" ytl="239.98" xbr="1920.00" ybr="970.80" z_order="0">
      <attribute name="adipose clipped">No</attribute>
      <attribute name="confidence level">3</attribute>
      <attribute name="injury">No</attribute>
      <attribute name="notes">NA</attribute>
      <attribute name="sex">Female</attribute>
      <attribute name="view">Side</attribute>
    </box>
    <box frame="172" outside="0" occluded="1" keyframe="0" xtl="410.56" ytl="226.12" xbr="1920.00" ybr="970.80" z_order="0">
      <attribute name="adipose clipped">No</attribute>
      <attribute name="confidence level">3</attribute>
      <attribute name="injury">No</attribute>
      <attribute name="notes">NA</attribute>
      <attribute name="sex">Female</attribute>
      <attribute name="view">Side</attribute>
    </box>
    <box frame="173" outside="0" occluded="1" keyframe="0" xtl="447.79" ytl="212.26" xbr="1920.00" ybr="970.80" z_order="0">
      <attribute name="adipose clipped">No</attribute>
      <attribute name="confidence level">3</attribute>
      <attribute name="injury">No</attribute>
      <attribute name="notes">NA</attribute>
      <attribute name="sex">Female</attribute>
      <attribute name="view">Side</attribute>
    </box>
    <box frame="174" outside="0" occluded="1" keyframe="0" xtl="485.03" ytl="198.40" xbr="1920.00" ybr="970.80" z_order="0">
      <attribute name="adipose clipped">No</attribute>
      <attribute name="confidence level">3</attribute>
      <attribute name="injury">No</attribute>
      <attribute name="notes">NA</attribute>
      <attribute name="sex">Female</attribute>
      <attribute name="view">Side</attribute>
    </box>
    <box frame="175" outside="0" occluded="1" keyframe="0" xtl="522.26" ytl="184.54" xbr="1920.00" ybr="970.80" z_order="0">
      <attribute name="adipose clipped">No</attribute>
      <attribute name="confidence level">3</attribute>
      <attribute name="injury">No</attribute>
      <attribute name="notes">NA</attribute>
      <attribute name="sex">Female</attribute>
      <attribute name="view">Side</attribute>
    </box>
    <box frame="176" outside="0" occluded="1" keyframe="0" xtl="559.50" ytl="170.68" xbr="1920.00" ybr="970.80" z_order="0">
      <attribute name="adipose clipped">No</attribute>
      <attribute name="confidence level">3</attribute>
      <attribute name="injury">No</attribute>
      <attribute name="notes">NA</attribute>
      <attribute name="sex">Female</attribute>
      <attribute name="view">Side</attribute>
    </box>
    <box frame="177" outside="0" occluded="1" keyframe="0" xtl="596.73" ytl="156.82" xbr="1920.00" ybr="970.80" z_order="0">
      <attribute name="adipose clipped">No</attribute>
      <attribute name="confidence level">3</attribute>
      <attribute name="injury">No</attribute>
      <attribute name="notes">NA</attribute>
      <attribute name="sex">Female</attribute>
      <attribute name="view">Side</attribute>
    </box>
    <box frame="178" outside="0" occluded="1" keyframe="0" xtl="633.97" ytl="142.96" xbr="1920.00" ybr="970.80" z_order="0">
      <attribute name="adipose clipped">No</attribute>
      <attribute name="confidence level">3</attribute>
      <attribute name="injury">No</attribute>
      <attribute name="notes">NA</attribute>
      <attribute name="sex">Female</attribute>
      <attribute name="view">Side</attribute>
    </box>
    <box frame="179" outside="0" occluded="1" keyframe="1" xtl="671.20" ytl="129.10" xbr="1920.00" ybr="970.80" z_order="0">
      <attribute name="adipose clipped">No</attribute>
      <attribute name="confidence level">3</attribute>
      <attribute name="injury">No</attribute>
      <attribute name="notes">NA</attribute>
      <attribute name="sex">Female</attribute>
      <attribute name="view">Side</attribute>
    </box>
    <box frame="180" outside="0" occluded="1" keyframe="0" xtl="722.29" ytl="139.28" xbr="1920.00" ybr="969.97" z_order="0">
      <attribute name="adipose clipped">No</attribute>
      <attribute name="confidence level">3</attribute>
      <attribute name="injury">No</attribute>
      <attribute name="notes">NA</attribute>
      <attribute name="sex">Female</attribute>
      <attribute name="view">Side</attribute>
    </box>
    <box frame="181" outside="0" occluded="1" keyframe="0" xtl="773.38" ytl="149.46" xbr="1920.00" ybr="969.13" z_order="0">
      <attribute name="adipose clipped">No</attribute>
      <attribute name="confidence level">3</attribute>
      <attribute name="injury">No</attribute>
      <attribute name="notes">NA</attribute>
      <attribute name="sex">Female</attribute>
      <attribute name="view">Side</attribute>
    </box>
    <box frame="182" outside="0" occluded="1" keyframe="0" xtl="824.47" ytl="159.64" xbr="1920.00" ybr="968.30" z_order="0">
      <attribute name="adipose clipped">No</attribute>
      <attribute name="confidence level">3</attribute>
      <attribute name="injury">No</attribute>
      <attribute name="notes">NA</attribute>
      <attribute name="sex">Female</attribute>
      <attribute name="view">Side</attribute>
    </box>
    <box frame="183" outside="0" occluded="1" keyframe="0" xtl="875.56" ytl="169.82" xbr="1920.00" ybr="967.46" z_order="0">
      <attribute name="adipose clipped">No</attribute>
      <attribute name="confidence level">3</attribute>
      <attribute name="injury">No</attribute>
      <attribute name="notes">NA</attribute>
      <attribute name="sex">Female</attribute>
      <attribute name="view">Side</attribute>
    </box>
    <box frame="184" outside="0" occluded="1" keyframe="0" xtl="926.65" ytl="180.00" xbr="1920.00" ybr="966.63" z_order="0">
      <attribute name="adipose clipped">No</attribute>
      <attribute name="confidence level">3</attribute>
      <attribute name="injury">No</attribute>
      <attribute name="notes">NA</attribute>
      <attribute name="sex">Female</attribute>
      <attribute name="view">Side</attribute>
    </box>
    <box frame="185" outside="0" occluded="1" keyframe="0" xtl="977.74" ytl="190.18" xbr="1920.00" ybr="965.79" z_order="0">
      <attribute name="adipose clipped">No</attribute>
      <attribute name="confidence level">3</attribute>
      <attribute name="injury">No</attribute>
      <attribute name="notes">NA</attribute>
      <attribute name="sex">Female</attribute>
      <attribute name="view">Side</attribute>
    </box>
    <box frame="186" outside="0" occluded="1" keyframe="0" xtl="1028.83" ytl="200.36" xbr="1920.00" ybr="964.96" z_order="0">
      <attribute name="adipose clipped">No</attribute>
      <attribute name="confidence level">3</attribute>
      <attribute name="injury">No</attribute>
      <attribute name="notes">NA</attribute>
      <attribute name="sex">Female</attribute>
      <attribute name="view">Side</attribute>
    </box>
    <box frame="187" outside="0" occluded="1" keyframe="0" xtl="1079.92" ytl="210.54" xbr="1920.00" ybr="964.12" z_order="0">
      <attribute name="adipose clipped">No</attribute>
      <attribute name="confidence level">3</attribute>
      <attribute name="injury">No</attribute>
      <attribute name="notes">NA</attribute>
      <attribute name="sex">Female</attribute>
      <attribute name="view">Side</attribute>
    </box>
    <box frame="188" outside="0" occluded="1" keyframe="0" xtl="1131.01" ytl="220.72" xbr="1920.00" ybr="963.29" z_order="0">
      <attribute name="adipose clipped">No</attribute>
      <attribute name="confidence level">3</attribute>
      <attribute name="injury">No</attribute>
      <attribute name="notes">NA</attribute>
      <attribute name="sex">Female</attribute>
      <attribute name="view">Side</attribute>
    </box>
    <box frame="189" outside="0" occluded="1" keyframe="1" xtl="1182.10" ytl="230.90" xbr="1920.00" ybr="962.45" z_order="0">
      <attribute name="adipose clipped">No</attribute>
      <attribute name="confidence level">3</attribute>
      <attribute name="injury">No</attribute>
      <attribute name="notes">NA</attribute>
      <attribute name="sex">Female</attribute>
      <attribute name="view">Side</attribute>
    </box>
    <box frame="190" outside="0" occluded="1" keyframe="0" xtl="1204.64" ytl="237.91" xbr="1920.00" ybr="962.45" z_order="0">
      <attribute name="adipose clipped">No</attribute>
      <attribute name="confidence level">3</attribute>
      <attribute name="injury">No</attribute>
      <attribute name="notes">NA</attribute>
      <attribute name="sex">Female</attribute>
      <attribute name="view">Side</attribute>
    </box>
    <box frame="191" outside="0" occluded="1" keyframe="0" xtl="1227.18" ytl="244.92" xbr="1920.00" ybr="962.45" z_order="0">
      <attribute name="adipose clipped">No</attribute>
      <attribute name="confidence level">3</attribute>
      <attribute name="injury">No</attribute>
      <attribute name="notes">NA</attribute>
      <attribute name="sex">Female</attribute>
      <attribute name="view">Side</attribute>
    </box>
    <box frame="192" outside="0" occluded="1" keyframe="0" xtl="1249.72" ytl="251.93" xbr="1920.00" ybr="962.45" z_order="0">
      <attribute name="adipose clipped">No</attribute>
      <attribute name="confidence level">3</attribute>
      <attribute name="injury">No</attribute>
      <attribute name="notes">NA</attribute>
      <attribute name="sex">Female</attribute>
      <attribute name="view">Side</attribute>
    </box>
    <box frame="193" outside="0" occluded="1" keyframe="0" xtl="1272.26" ytl="258.94" xbr="1920.00" ybr="962.45" z_order="0">
      <attribute name="adipose clipped">No</attribute>
      <attribute name="confidence level">3</attribute>
      <attribute name="injury">No</attribute>
      <attribute name="notes">NA</attribute>
      <attribute name="sex">Female</attribute>
      <attribute name="view">Side</attribute>
    </box>
    <box frame="194" outside="0" occluded="1" keyframe="0" xtl="1294.80" ytl="265.95" xbr="1920.00" ybr="962.45" z_order="0">
      <attribute name="adipose clipped">No</attribute>
      <attribute name="confidence level">3</attribute>
      <attribute name="injury">No</attribute>
      <attribute name="notes">NA</attribute>
      <attribute name="sex">Female</attribute>
      <attribute name="view">Side</attribute>
    </box>
    <box frame="195" outside="0" occluded="1" keyframe="0" xtl="1317.34" ytl="272.96" xbr="1920.00" ybr="962.45" z_order="0">
      <attribute name="adipose clipped">No</attribute>
      <attribute name="confidence level">3</attribute>
      <attribute name="injury">No</attribute>
      <attribute name="notes">NA</attribute>
      <attribute name="sex">Female</attribute>
      <attribute name="view">Side</attribute>
    </box>
    <box frame="196" outside="0" occluded="1" keyframe="0" xtl="1339.88" ytl="279.97" xbr="1920.00" ybr="962.45" z_order="0">
      <attribute name="adipose clipped">No</attribute>
      <attribute name="confidence level">3</attribute>
      <attribute name="injury">No</attribute>
      <attribute name="notes">NA</attribute>
      <attribute name="sex">Female</attribute>
      <attribute name="view">Side</attribute>
    </box>
    <box frame="197" outside="0" occluded="1" keyframe="0" xtl="1362.42" ytl="286.98" xbr="1920.00" ybr="962.45" z_order="0">
      <attribute name="adipose clipped">No</attribute>
      <attribute name="confidence level">3</attribute>
      <attribute name="injury">No</attribute>
      <attribute name="notes">NA</attribute>
      <attribute name="sex">Female</attribute>
      <attribute name="view">Side</attribute>
    </box>
    <box frame="198" outside="0" occluded="1" keyframe="0" xtl="1384.96" ytl="293.99" xbr="1920.00" ybr="962.45" z_order="0">
      <attribute name="adipose clipped">No</attribute>
      <attribute name="confidence level">3</attribute>
      <attribute name="injury">No</attribute>
      <attribute name="notes">NA</attribute>
      <attribute name="sex">Female</attribute>
      <attribute name="view">Side</attribute>
    </box>
    <box frame="199" outside="0" occluded="1" keyframe="1" xtl="1407.50" ytl="301.00" xbr="1920.00" ybr="962.45" z_order="0">
      <attribute name="adipose clipped">No</attribute>
      <attribute name="confidence level">3</attribute>
      <attribute name="injury">No</attribute>
      <attribute name="notes">NA</attribute>
      <attribute name="sex">Female</attribute>
      <attribute name="view">Side</attribute>
    </box>
    <box frame="200" outside="0" occluded="1" keyframe="0" xtl="1422.19" ytl="307.18" xbr="1920.00" ybr="951.10" z_order="0">
      <attribute name="adipose clipped">No</attribute>
      <attribute name="confidence level">3</attribute>
      <attribute name="injury">No</attribute>
      <attribute name="notes">NA</attribute>
      <attribute name="sex">Female</attribute>
      <attribute name="view">Side</attribute>
    </box>
    <box frame="201" outside="0" occluded="1" keyframe="0" xtl="1436.88" ytl="313.36" xbr="1920.00" ybr="939.75" z_order="0">
      <attribute name="adipose clipped">No</attribute>
      <attribute name="confidence level">3</attribute>
      <attribute name="injury">No</attribute>
      <attribute name="notes">NA</attribute>
      <attribute name="sex">Female</attribute>
      <attribute name="view">Side</attribute>
    </box>
    <box frame="202" outside="0" occluded="1" keyframe="0" xtl="1451.57" ytl="319.54" xbr="1920.00" ybr="928.39" z_order="0">
      <attribute name="adipose clipped">No</attribute>
      <attribute name="confidence level">3</attribute>
      <attribute name="injury">No</attribute>
      <attribute name="notes">NA</attribute>
      <attribute name="sex">Female</attribute>
      <attribute name="view">Side</attribute>
    </box>
    <box frame="203" outside="0" occluded="1" keyframe="0" xtl="1466.26" ytl="325.72" xbr="1920.00" ybr="917.04" z_order="0">
      <attribute name="adipose clipped">No</attribute>
      <attribute name="confidence level">3</attribute>
      <attribute name="injury">No</attribute>
      <attribute name="notes">NA</attribute>
      <attribute name="sex">Female</attribute>
      <attribute name="view">Side</attribute>
    </box>
    <box frame="204" outside="0" occluded="1" keyframe="0" xtl="1480.95" ytl="331.90" xbr="1920.00" ybr="905.69" z_order="0">
      <attribute name="adipose clipped">No</attribute>
      <attribute name="confidence level">3</attribute>
      <attribute name="injury">No</attribute>
      <attribute name="notes">NA</attribute>
      <attribute name="sex">Female</attribute>
      <attribute name="view">Side</attribute>
    </box>
    <box frame="205" outside="0" occluded="1" keyframe="0" xtl="1495.64" ytl="338.08" xbr="1920.00" ybr="894.33" z_order="0">
      <attribute name="adipose clipped">No</attribute>
      <attribute name="confidence level">3</attribute>
      <attribute name="injury">No</attribute>
      <attribute name="notes">NA</attribute>
      <attribute name="sex">Female</attribute>
      <attribute name="view">Side</attribute>
    </box>
    <box frame="206" outside="0" occluded="1" keyframe="0" xtl="1510.33" ytl="344.26" xbr="1920.00" ybr="882.98" z_order="0">
      <attribute name="adipose clipped">No</attribute>
      <attribute name="confidence level">3</attribute>
      <attribute name="injury">No</attribute>
      <attribute name="notes">NA</attribute>
      <attribute name="sex">Female</attribute>
      <attribute name="view">Side</attribute>
    </box>
    <box frame="207" outside="0" occluded="1" keyframe="0" xtl="1525.02" ytl="350.44" xbr="1920.00" ybr="871.63" z_order="0">
      <attribute name="adipose clipped">No</attribute>
      <attribute name="confidence level">3</attribute>
      <attribute name="injury">No</attribute>
      <attribute name="notes">NA</attribute>
      <attribute name="sex">Female</attribute>
      <attribute name="view">Side</attribute>
    </box>
    <box frame="208" outside="0" occluded="1" keyframe="0" xtl="1539.71" ytl="356.62" xbr="1920.00" ybr="860.28" z_order="0">
      <attribute name="adipose clipped">No</attribute>
      <attribute name="confidence level">3</attribute>
      <attribute name="injury">No</attribute>
      <attribute name="notes">NA</attribute>
      <attribute name="sex">Female</attribute>
      <attribute name="view">Side</attribute>
    </box>
    <box frame="209" outside="0" occluded="1" keyframe="1" xtl="1554.40" ytl="362.80" xbr="1920.00" ybr="848.92" z_order="0">
      <attribute name="adipose clipped">No</attribute>
      <attribute name="confidence level">3</attribute>
      <attribute name="injury">No</attribute>
      <attribute name="notes">NA</attribute>
      <attribute name="sex">Female</attribute>
      <attribute name="view">Side</attribute>
    </box>
    <box frame="210" outside="0" occluded="1" keyframe="0" xtl="1653.74" ytl="367.81" xbr="1920.00" ybr="853.93" z_order="0">
      <attribute name="adipose clipped">No</attribute>
      <attribute name="confidence level">3</attribute>
      <attribute name="injury">No</attribute>
      <attribute name="notes">NA</attribute>
      <attribute name="sex">Female</attribute>
      <attribute name="view">Side</attribute>
    </box>
    <box frame="211" outside="0" occluded="1" keyframe="1" xtl="1753.08" ytl="372.82" xbr="1920.00" ybr="858.94" z_order="0">
      <attribute name="adipose clipped">No</attribute>
      <attribute name="confidence level">3</attribute>
      <attribute name="injury">No</attribute>
      <attribute name="notes">NA</attribute>
      <attribute name="sex">Female</attribute>
      <attribute name="view">Side</attribute>
    </box>
    <box frame="212" outside="1" occluded="1" keyframe="1" xtl="1883.30" ytl="352.78" xbr="1920.00" ybr="838.91" z_order="0">
      <attribute name="adipose clipped">No</attribute>
      <attribute name="confidence level">3</attribute>
      <attribute name="injury">No</attribute>
      <attribute name="notes">NA</attribute>
      <attribute name="sex">Female</attribute>
      <attribute name="view">Side</attribute>
    </box>
  </track>
</annotations>
