<?xml version="1.0" encoding="utf-8"?>
<annotations>
  <version>1.1</version>
  <meta>
    <task>
      <id>69</id>
      <name>10-03-2019 03-19-49 M Right Bank Underwater</name>
      <size>600</size>
      <mode>interpolation</mode>
      <overlap>5</overlap>
      <bugtracker></bugtracker>
      <created>2021-01-12 00:50:58.824110+00:00</created>
      <updated>2021-01-12 04:33:48.304446+00:00</updated>
      <start_frame>0</start_frame>
      <stop_frame>599</stop_frame>
      <frame_filter></frame_filter>
      <labels>
        <label>
          <name>Coho</name>
          <color>#66c893</color>
          <attributes>
            <attribute>
              <name>Adipose Clipped</name>
              <mutable>False</mutable>
              <input_type>select</input_type>
              <default_value>No</default_value>
              <values>No
Yes
NA</values>
            </attribute>
            <attribute>
              <name>Confidence Level</name>
              <mutable>False</mutable>
              <input_type>select</input_type>
              <default_value>3</default_value>
              <values>3
2
1</values>
            </attribute>
            <attribute>
              <name>Injury</name>
              <mutable>False</mutable>
              <input_type>select</input_type>
              <default_value>No</default_value>
              <values>No
Yes
NA</values>
            </attribute>
            <attribute>
              <name>Notes</name>
              <mutable>False</mutable>
              <input_type>text</input_type>
              <default_value>NA</default_value>
              <values>NA</values>
            </attribute>
            <attribute>
              <name>Sex</name>
              <mutable>False</mutable>
              <input_type>select</input_type>
              <default_value>Male</default_value>
              <values>Male
Female
Jack</values>
            </attribute>
          </attributes>
        </label>
        <label>
          <name>Pink</name>
          <color>#fa7dbb</color>
          <attributes>
            <attribute>
              <name>Adipose Clipped</name>
              <mutable>False</mutable>
              <input_type>select</input_type>
              <default_value>No</default_value>
              <values>No
Yes
NA</values>
            </attribute>
            <attribute>
              <name>Confidence Level</name>
              <mutable>False</mutable>
              <input_type>select</input_type>
              <default_value>3</default_value>
              <values>3
2
1</values>
            </attribute>
            <attribute>
              <name>Injury</name>
              <mutable>False</mutable>
              <input_type>select</input_type>
              <default_value>No</default_value>
              <values>No
Yes
NA</values>
            </attribute>
            <attribute>
              <name>Notes</name>
              <mutable>False</mutable>
              <input_type>text</input_type>
              <default_value>NA</default_value>
              <values>NA</values>
            </attribute>
            <attribute>
              <name>Sex</name>
              <mutable>False</mutable>
              <input_type>select</input_type>
              <default_value>Male</default_value>
              <values>Male
Female</values>
            </attribute>
          </attributes>
        </label>
        <label>
          <name>Bull</name>
          <color>#ff6037</color>
          <attributes>
            <attribute>
              <name>Adipose Clipped</name>
              <mutable>False</mutable>
              <input_type>select</input_type>
              <default_value>No</default_value>
              <values>No
NA</values>
            </attribute>
            <attribute>
              <name>Confidence Level</name>
              <mutable>False</mutable>
              <input_type>select</input_type>
              <default_value>3</default_value>
              <values>3
2
1</values>
            </attribute>
            <attribute>
              <name>Injury</name>
              <mutable>False</mutable>
              <input_type>select</input_type>
              <default_value>No</default_value>
              <values>No
Yes
NA</values>
            </attribute>
            <attribute>
              <name>Notes</name>
              <mutable>False</mutable>
              <input_type>text</input_type>
              <default_value>NA</default_value>
              <values>NA</values>
            </attribute>
            <attribute>
              <name>Sex</name>
              <mutable>False</mutable>
              <input_type>select</input_type>
              <default_value>NA</default_value>
              <values>NA</values>
            </attribute>
          </attributes>
        </label>
        <label>
          <name>Chum</name>
          <color>#b83df5</color>
          <attributes>
            <attribute>
              <name>Sex</name>
              <mutable>False</mutable>
              <input_type>select</input_type>
              <default_value>Male</default_value>
              <values>Male
Female</values>
            </attribute>
            <attribute>
              <name>Adipose Clipped</name>
              <mutable>False</mutable>
              <input_type>select</input_type>
              <default_value>No</default_value>
              <values>No
Yes
NA</values>
            </attribute>
            <attribute>
              <name>Injury</name>
              <mutable>False</mutable>
              <input_type>select</input_type>
              <default_value>No</default_value>
              <values>No
Yes
NA</values>
            </attribute>
            <attribute>
              <name>Confidence Level</name>
              <mutable>False</mutable>
              <input_type>select</input_type>
              <default_value>3</default_value>
              <values>3
2
1</values>
            </attribute>
            <attribute>
              <name>Notes</name>
              <mutable>False</mutable>
              <input_type>text</input_type>
              <default_value>NA</default_value>
              <values>NA</values>
            </attribute>
          </attributes>
        </label>
        <label>
          <name>Whitefish</name>
          <color>#e2f1ee</color>
          <attributes>
            <attribute>
              <name>Sex</name>
              <mutable>False</mutable>
              <input_type>select</input_type>
              <default_value>NA</default_value>
              <values>NA</values>
            </attribute>
            <attribute>
              <name>Adipose Clipped</name>
              <mutable>False</mutable>
              <input_type>select</input_type>
              <default_value>No</default_value>
              <values>No
Yes
NA</values>
            </attribute>
            <attribute>
              <name>Injury</name>
              <mutable>False</mutable>
              <input_type>select</input_type>
              <default_value>No</default_value>
              <values>No
Yes
NA</values>
            </attribute>
            <attribute>
              <name>Confidence Level</name>
              <mutable>False</mutable>
              <input_type>select</input_type>
              <default_value>3</default_value>
              <values>3
2
1</values>
            </attribute>
            <attribute>
              <name>Notes</name>
              <mutable>False</mutable>
              <input_type>text</input_type>
              <default_value>NA</default_value>
              <values>NA</values>
            </attribute>
          </attributes>
        </label>
        <label>
          <name>Sockeye</name>
          <color>#fa3253</color>
          <attributes>
            <attribute>
              <name>Sex</name>
              <mutable>False</mutable>
              <input_type>select</input_type>
              <default_value>Male</default_value>
              <values>Male
Female</values>
            </attribute>
            <attribute>
              <name>Adipose Clipped</name>
              <mutable>False</mutable>
              <input_type>select</input_type>
              <default_value>No</default_value>
              <values>No
Yes
NA</values>
            </attribute>
            <attribute>
              <name>Injury</name>
              <mutable>False</mutable>
              <input_type>select</input_type>
              <default_value>No</default_value>
              <values>No
Yes
NA</values>
            </attribute>
            <attribute>
              <name>Confidence Level</name>
              <mutable>False</mutable>
              <input_type>select</input_type>
              <default_value>3</default_value>
              <values>3
2
1</values>
            </attribute>
            <attribute>
              <name>Notes</name>
              <mutable>False</mutable>
              <input_type>text</input_type>
              <default_value>NA</default_value>
              <values>NA</values>
            </attribute>
          </attributes>
        </label>
      </labels>
      <segments>
        <segment>
          <id>69</id>
          <start>0</start>
          <stop>599</stop>
          <url>httplocalhost:8080/?id=69</url>
        </segment>
      </segments>
      <owner>
        <username>bna19</username>
        <email>bna19@sfu.ca</email>
      </owner>
      <assignee></assignee>
      <original_size>
        <width>1920</width>
        <height>1080</height>
      </original_size>
    </task>
    <dumped>2021-01-12 04:34:08.769212+00:00</dumped>
    <source>10-03-2019 03-19-49 M Right Bank Underwater.m4v</source>
  </meta>
  <track id="0" label="Coho" source="manual">
    <box frame="60" outside="0" occluded="0" keyframe="1" xtl="3.05" ytl="442.22" xbr="395.99" ybr="827.45" z_order="0">
      <attribute name="Confidence Level">3</attribute>
      <attribute name="Notes">NA</attribute>
      <attribute name="Sex">Male</attribute>
      <attribute name="Adipose Clipped">NA</attribute>
      <attribute name="Injury">NA</attribute>
    </box>
    <box frame="61" outside="0" occluded="0" keyframe="0" xtl="3.05" ytl="442.22" xbr="437.34" ybr="827.45" z_order="0">
      <attribute name="Confidence Level">3</attribute>
      <attribute name="Notes">NA</attribute>
      <attribute name="Sex">Male</attribute>
      <attribute name="Adipose Clipped">NA</attribute>
      <attribute name="Injury">NA</attribute>
    </box>
    <box frame="62" outside="0" occluded="0" keyframe="0" xtl="3.05" ytl="442.22" xbr="478.69" ybr="827.45" z_order="0">
      <attribute name="Confidence Level">3</attribute>
      <attribute name="Notes">NA</attribute>
      <attribute name="Sex">Male</attribute>
      <attribute name="Adipose Clipped">NA</attribute>
      <attribute name="Injury">NA</attribute>
    </box>
    <box frame="63" outside="0" occluded="0" keyframe="0" xtl="3.05" ytl="442.22" xbr="520.04" ybr="827.45" z_order="0">
      <attribute name="Confidence Level">3</attribute>
      <attribute name="Notes">NA</attribute>
      <attribute name="Sex">Male</attribute>
      <attribute name="Adipose Clipped">NA</attribute>
      <attribute name="Injury">NA</attribute>
    </box>
    <box frame="64" outside="0" occluded="0" keyframe="0" xtl="3.05" ytl="442.22" xbr="561.40" ybr="827.45" z_order="0">
      <attribute name="Confidence Level">3</attribute>
      <attribute name="Notes">NA</attribute>
      <attribute name="Sex">Male</attribute>
      <attribute name="Adipose Clipped">NA</attribute>
      <attribute name="Injury">NA</attribute>
    </box>
    <box frame="65" outside="0" occluded="0" keyframe="0" xtl="3.05" ytl="442.22" xbr="602.75" ybr="827.45" z_order="0">
      <attribute name="Confidence Level">3</attribute>
      <attribute name="Notes">NA</attribute>
      <attribute name="Sex">Male</attribute>
      <attribute name="Adipose Clipped">NA</attribute>
      <attribute name="Injury">NA</attribute>
    </box>
    <box frame="66" outside="0" occluded="0" keyframe="1" xtl="3.05" ytl="442.22" xbr="644.10" ybr="827.45" z_order="0">
      <attribute name="Confidence Level">3</attribute>
      <attribute name="Notes">NA</attribute>
      <attribute name="Sex">Male</attribute>
      <attribute name="Adipose Clipped">NA</attribute>
      <attribute name="Injury">NA</attribute>
    </box>
    <box frame="67" outside="0" occluded="0" keyframe="0" xtl="3.05" ytl="430.19" xbr="674.62" ybr="833.62" z_order="0">
      <attribute name="Confidence Level">3</attribute>
      <attribute name="Notes">NA</attribute>
      <attribute name="Sex">Male</attribute>
      <attribute name="Adipose Clipped">NA</attribute>
      <attribute name="Injury">NA</attribute>
    </box>
    <box frame="68" outside="0" occluded="0" keyframe="0" xtl="3.05" ytl="418.17" xbr="705.14" ybr="839.79" z_order="0">
      <attribute name="Confidence Level">3</attribute>
      <attribute name="Notes">NA</attribute>
      <attribute name="Sex">Male</attribute>
      <attribute name="Adipose Clipped">NA</attribute>
      <attribute name="Injury">NA</attribute>
    </box>
    <box frame="69" outside="0" occluded="0" keyframe="0" xtl="3.05" ytl="406.15" xbr="735.66" ybr="845.96" z_order="0">
      <attribute name="Confidence Level">3</attribute>
      <attribute name="Notes">NA</attribute>
      <attribute name="Sex">Male</attribute>
      <attribute name="Adipose Clipped">NA</attribute>
      <attribute name="Injury">NA</attribute>
    </box>
    <box frame="70" outside="0" occluded="0" keyframe="0" xtl="3.05" ytl="394.12" xbr="766.18" ybr="852.13" z_order="0">
      <attribute name="Confidence Level">3</attribute>
      <attribute name="Notes">NA</attribute>
      <attribute name="Sex">Male</attribute>
      <attribute name="Adipose Clipped">NA</attribute>
      <attribute name="Injury">NA</attribute>
    </box>
    <box frame="71" outside="0" occluded="0" keyframe="1" xtl="3.05" ytl="382.10" xbr="796.70" ybr="858.30" z_order="0">
      <attribute name="Confidence Level">3</attribute>
      <attribute name="Notes">NA</attribute>
      <attribute name="Sex">Male</attribute>
      <attribute name="Adipose Clipped">NA</attribute>
      <attribute name="Injury">NA</attribute>
    </box>
    <box frame="72" outside="0" occluded="0" keyframe="0" xtl="3.05" ytl="382.10" xbr="812.26" ybr="858.30" z_order="0">
      <attribute name="Confidence Level">3</attribute>
      <attribute name="Notes">NA</attribute>
      <attribute name="Sex">Male</attribute>
      <attribute name="Adipose Clipped">NA</attribute>
      <attribute name="Injury">NA</attribute>
    </box>
    <box frame="73" outside="0" occluded="0" keyframe="0" xtl="3.05" ytl="382.10" xbr="827.82" ybr="858.30" z_order="0">
      <attribute name="Confidence Level">3</attribute>
      <attribute name="Notes">NA</attribute>
      <attribute name="Sex">Male</attribute>
      <attribute name="Adipose Clipped">NA</attribute>
      <attribute name="Injury">NA</attribute>
    </box>
    <box frame="74" outside="0" occluded="0" keyframe="0" xtl="3.05" ytl="382.10" xbr="843.38" ybr="858.30" z_order="0">
      <attribute name="Confidence Level">3</attribute>
      <attribute name="Notes">NA</attribute>
      <attribute name="Sex">Male</attribute>
      <attribute name="Adipose Clipped">NA</attribute>
      <attribute name="Injury">NA</attribute>
    </box>
    <box frame="75" outside="0" occluded="0" keyframe="0" xtl="3.05" ytl="382.10" xbr="858.94" ybr="858.30" z_order="0">
      <attribute name="Confidence Level">3</attribute>
      <attribute name="Notes">NA</attribute>
      <attribute name="Sex">Male</attribute>
      <attribute name="Adipose Clipped">NA</attribute>
      <attribute name="Injury">NA</attribute>
    </box>
    <box frame="76" outside="0" occluded="0" keyframe="0" xtl="3.05" ytl="382.10" xbr="874.50" ybr="858.30" z_order="0">
      <attribute name="Confidence Level">3</attribute>
      <attribute name="Notes">NA</attribute>
      <attribute name="Sex">Male</attribute>
      <attribute name="Adipose Clipped">NA</attribute>
      <attribute name="Injury">NA</attribute>
    </box>
    <box frame="77" outside="0" occluded="0" keyframe="0" xtl="3.05" ytl="382.10" xbr="890.06" ybr="858.30" z_order="0">
      <attribute name="Confidence Level">3</attribute>
      <attribute name="Notes">NA</attribute>
      <attribute name="Sex">Male</attribute>
      <attribute name="Adipose Clipped">NA</attribute>
      <attribute name="Injury">NA</attribute>
    </box>
    <box frame="78" outside="0" occluded="0" keyframe="0" xtl="3.05" ytl="382.10" xbr="905.62" ybr="858.30" z_order="0">
      <attribute name="Confidence Level">3</attribute>
      <attribute name="Notes">NA</attribute>
      <attribute name="Sex">Male</attribute>
      <attribute name="Adipose Clipped">NA</attribute>
      <attribute name="Injury">NA</attribute>
    </box>
    <box frame="79" outside="0" occluded="0" keyframe="0" xtl="3.05" ytl="382.10" xbr="921.18" ybr="858.30" z_order="0">
      <attribute name="Confidence Level">3</attribute>
      <attribute name="Notes">NA</attribute>
      <attribute name="Sex">Male</attribute>
      <attribute name="Adipose Clipped">NA</attribute>
      <attribute name="Injury">NA</attribute>
    </box>
    <box frame="80" outside="0" occluded="0" keyframe="0" xtl="3.05" ytl="382.10" xbr="936.74" ybr="858.30" z_order="0">
      <attribute name="Confidence Level">3</attribute>
      <attribute name="Notes">NA</attribute>
      <attribute name="Sex">Male</attribute>
      <attribute name="Adipose Clipped">NA</attribute>
      <attribute name="Injury">NA</attribute>
    </box>
    <box frame="81" outside="0" occluded="0" keyframe="1" xtl="3.05" ytl="382.10" xbr="952.30" ybr="858.30" z_order="0">
      <attribute name="Confidence Level">3</attribute>
      <attribute name="Notes">NA</attribute>
      <attribute name="Sex">Male</attribute>
      <attribute name="Adipose Clipped">NA</attribute>
      <attribute name="Injury">NA</attribute>
    </box>
    <box frame="82" outside="0" occluded="0" keyframe="0" xtl="3.05" ytl="382.10" xbr="945.67" ybr="858.30" z_order="0">
      <attribute name="Confidence Level">3</attribute>
      <attribute name="Notes">NA</attribute>
      <attribute name="Sex">Male</attribute>
      <attribute name="Adipose Clipped">NA</attribute>
      <attribute name="Injury">NA</attribute>
    </box>
    <box frame="83" outside="0" occluded="0" keyframe="0" xtl="3.05" ytl="382.10" xbr="939.04" ybr="858.30" z_order="0">
      <attribute name="Confidence Level">3</attribute>
      <attribute name="Notes">NA</attribute>
      <attribute name="Sex">Male</attribute>
      <attribute name="Adipose Clipped">NA</attribute>
      <attribute name="Injury">NA</attribute>
    </box>
    <box frame="84" outside="0" occluded="0" keyframe="0" xtl="3.05" ytl="382.10" xbr="932.41" ybr="858.30" z_order="0">
      <attribute name="Confidence Level">3</attribute>
      <attribute name="Notes">NA</attribute>
      <attribute name="Sex">Male</attribute>
      <attribute name="Adipose Clipped">NA</attribute>
      <attribute name="Injury">NA</attribute>
    </box>
    <box frame="85" outside="0" occluded="0" keyframe="0" xtl="3.05" ytl="382.10" xbr="925.78" ybr="858.30" z_order="0">
      <attribute name="Confidence Level">3</attribute>
      <attribute name="Notes">NA</attribute>
      <attribute name="Sex">Male</attribute>
      <attribute name="Adipose Clipped">NA</attribute>
      <attribute name="Injury">NA</attribute>
    </box>
    <box frame="86" outside="0" occluded="0" keyframe="0" xtl="3.05" ytl="382.10" xbr="919.15" ybr="858.30" z_order="0">
      <attribute name="Confidence Level">3</attribute>
      <attribute name="Notes">NA</attribute>
      <attribute name="Sex">Male</attribute>
      <attribute name="Adipose Clipped">NA</attribute>
      <attribute name="Injury">NA</attribute>
    </box>
    <box frame="87" outside="0" occluded="0" keyframe="0" xtl="3.05" ytl="382.10" xbr="912.52" ybr="858.30" z_order="0">
      <attribute name="Confidence Level">3</attribute>
      <attribute name="Notes">NA</attribute>
      <attribute name="Sex">Male</attribute>
      <attribute name="Adipose Clipped">NA</attribute>
      <attribute name="Injury">NA</attribute>
    </box>
    <box frame="88" outside="0" occluded="0" keyframe="0" xtl="3.05" ytl="382.10" xbr="905.89" ybr="858.30" z_order="0">
      <attribute name="Confidence Level">3</attribute>
      <attribute name="Notes">NA</attribute>
      <attribute name="Sex">Male</attribute>
      <attribute name="Adipose Clipped">NA</attribute>
      <attribute name="Injury">NA</attribute>
    </box>
    <box frame="89" outside="0" occluded="0" keyframe="0" xtl="3.05" ytl="382.10" xbr="899.26" ybr="858.30" z_order="0">
      <attribute name="Confidence Level">3</attribute>
      <attribute name="Notes">NA</attribute>
      <attribute name="Sex">Male</attribute>
      <attribute name="Adipose Clipped">NA</attribute>
      <attribute name="Injury">NA</attribute>
    </box>
    <box frame="90" outside="0" occluded="0" keyframe="0" xtl="3.05" ytl="382.10" xbr="892.63" ybr="858.30" z_order="0">
      <attribute name="Confidence Level">3</attribute>
      <attribute name="Notes">NA</attribute>
      <attribute name="Sex">Male</attribute>
      <attribute name="Adipose Clipped">NA</attribute>
      <attribute name="Injury">NA</attribute>
    </box>
    <box frame="91" outside="0" occluded="0" keyframe="1" xtl="3.05" ytl="382.10" xbr="886.00" ybr="858.30" z_order="0">
      <attribute name="Confidence Level">3</attribute>
      <attribute name="Notes">NA</attribute>
      <attribute name="Sex">Male</attribute>
      <attribute name="Adipose Clipped">NA</attribute>
      <attribute name="Injury">NA</attribute>
    </box>
    <box frame="92" outside="0" occluded="0" keyframe="0" xtl="3.05" ytl="382.10" xbr="889.77" ybr="859.20" z_order="0">
      <attribute name="Confidence Level">3</attribute>
      <attribute name="Notes">NA</attribute>
      <attribute name="Sex">Male</attribute>
      <attribute name="Adipose Clipped">NA</attribute>
      <attribute name="Injury">NA</attribute>
    </box>
    <box frame="93" outside="0" occluded="0" keyframe="0" xtl="3.05" ytl="382.10" xbr="893.54" ybr="860.11" z_order="0">
      <attribute name="Confidence Level">3</attribute>
      <attribute name="Notes">NA</attribute>
      <attribute name="Sex">Male</attribute>
      <attribute name="Adipose Clipped">NA</attribute>
      <attribute name="Injury">NA</attribute>
    </box>
    <box frame="94" outside="0" occluded="0" keyframe="0" xtl="3.05" ytl="382.10" xbr="897.32" ybr="861.01" z_order="0">
      <attribute name="Confidence Level">3</attribute>
      <attribute name="Notes">NA</attribute>
      <attribute name="Sex">Male</attribute>
      <attribute name="Adipose Clipped">NA</attribute>
      <attribute name="Injury">NA</attribute>
    </box>
    <box frame="95" outside="0" occluded="0" keyframe="0" xtl="3.05" ytl="382.10" xbr="901.09" ybr="861.91" z_order="0">
      <attribute name="Confidence Level">3</attribute>
      <attribute name="Notes">NA</attribute>
      <attribute name="Sex">Male</attribute>
      <attribute name="Adipose Clipped">NA</attribute>
      <attribute name="Injury">NA</attribute>
    </box>
    <box frame="96" outside="0" occluded="0" keyframe="0" xtl="3.05" ytl="382.10" xbr="904.86" ybr="862.82" z_order="0">
      <attribute name="Confidence Level">3</attribute>
      <attribute name="Notes">NA</attribute>
      <attribute name="Sex">Male</attribute>
      <attribute name="Adipose Clipped">NA</attribute>
      <attribute name="Injury">NA</attribute>
    </box>
    <box frame="97" outside="0" occluded="0" keyframe="0" xtl="3.05" ytl="382.10" xbr="908.63" ybr="863.72" z_order="0">
      <attribute name="Confidence Level">3</attribute>
      <attribute name="Notes">NA</attribute>
      <attribute name="Sex">Male</attribute>
      <attribute name="Adipose Clipped">NA</attribute>
      <attribute name="Injury">NA</attribute>
    </box>
    <box frame="98" outside="0" occluded="0" keyframe="0" xtl="3.05" ytl="382.10" xbr="912.41" ybr="864.62" z_order="0">
      <attribute name="Confidence Level">3</attribute>
      <attribute name="Notes">NA</attribute>
      <attribute name="Sex">Male</attribute>
      <attribute name="Adipose Clipped">NA</attribute>
      <attribute name="Injury">NA</attribute>
    </box>
    <box frame="99" outside="0" occluded="0" keyframe="0" xtl="3.05" ytl="382.10" xbr="916.18" ybr="865.53" z_order="0">
      <attribute name="Confidence Level">3</attribute>
      <attribute name="Notes">NA</attribute>
      <attribute name="Sex">Male</attribute>
      <attribute name="Adipose Clipped">NA</attribute>
      <attribute name="Injury">NA</attribute>
    </box>
    <box frame="100" outside="0" occluded="0" keyframe="0" xtl="3.05" ytl="382.10" xbr="919.95" ybr="866.43" z_order="0">
      <attribute name="Confidence Level">3</attribute>
      <attribute name="Notes">NA</attribute>
      <attribute name="Sex">Male</attribute>
      <attribute name="Adipose Clipped">NA</attribute>
      <attribute name="Injury">NA</attribute>
    </box>
    <box frame="101" outside="0" occluded="0" keyframe="0" xtl="3.05" ytl="382.10" xbr="923.72" ybr="867.33" z_order="0">
      <attribute name="Confidence Level">3</attribute>
      <attribute name="Notes">NA</attribute>
      <attribute name="Sex">Male</attribute>
      <attribute name="Adipose Clipped">NA</attribute>
      <attribute name="Injury">NA</attribute>
    </box>
    <box frame="102" outside="0" occluded="0" keyframe="0" xtl="3.05" ytl="382.10" xbr="927.50" ybr="868.24" z_order="0">
      <attribute name="Confidence Level">3</attribute>
      <attribute name="Notes">NA</attribute>
      <attribute name="Sex">Male</attribute>
      <attribute name="Adipose Clipped">NA</attribute>
      <attribute name="Injury">NA</attribute>
    </box>
    <box frame="103" outside="0" occluded="0" keyframe="0" xtl="3.05" ytl="382.10" xbr="931.27" ybr="869.14" z_order="0">
      <attribute name="Confidence Level">3</attribute>
      <attribute name="Notes">NA</attribute>
      <attribute name="Sex">Male</attribute>
      <attribute name="Adipose Clipped">NA</attribute>
      <attribute name="Injury">NA</attribute>
    </box>
    <box frame="104" outside="0" occluded="0" keyframe="0" xtl="3.05" ytl="382.10" xbr="935.04" ybr="870.04" z_order="0">
      <attribute name="Confidence Level">3</attribute>
      <attribute name="Notes">NA</attribute>
      <attribute name="Sex">Male</attribute>
      <attribute name="Adipose Clipped">NA</attribute>
      <attribute name="Injury">NA</attribute>
    </box>
    <box frame="105" outside="0" occluded="0" keyframe="0" xtl="3.05" ytl="382.10" xbr="938.81" ybr="870.95" z_order="0">
      <attribute name="Confidence Level">3</attribute>
      <attribute name="Notes">NA</attribute>
      <attribute name="Sex">Male</attribute>
      <attribute name="Adipose Clipped">NA</attribute>
      <attribute name="Injury">NA</attribute>
    </box>
    <box frame="106" outside="0" occluded="0" keyframe="0" xtl="3.05" ytl="382.10" xbr="942.59" ybr="871.85" z_order="0">
      <attribute name="Confidence Level">3</attribute>
      <attribute name="Notes">NA</attribute>
      <attribute name="Sex">Male</attribute>
      <attribute name="Adipose Clipped">NA</attribute>
      <attribute name="Injury">NA</attribute>
    </box>
    <box frame="107" outside="0" occluded="0" keyframe="0" xtl="3.05" ytl="382.10" xbr="946.36" ybr="872.76" z_order="0">
      <attribute name="Confidence Level">3</attribute>
      <attribute name="Notes">NA</attribute>
      <attribute name="Sex">Male</attribute>
      <attribute name="Adipose Clipped">NA</attribute>
      <attribute name="Injury">NA</attribute>
    </box>
    <box frame="108" outside="0" occluded="0" keyframe="0" xtl="3.05" ytl="382.10" xbr="950.13" ybr="873.66" z_order="0">
      <attribute name="Confidence Level">3</attribute>
      <attribute name="Notes">NA</attribute>
      <attribute name="Sex">Male</attribute>
      <attribute name="Adipose Clipped">NA</attribute>
      <attribute name="Injury">NA</attribute>
    </box>
    <box frame="109" outside="0" occluded="0" keyframe="0" xtl="3.05" ytl="382.10" xbr="953.90" ybr="874.56" z_order="0">
      <attribute name="Confidence Level">3</attribute>
      <attribute name="Notes">NA</attribute>
      <attribute name="Sex">Male</attribute>
      <attribute name="Adipose Clipped">NA</attribute>
      <attribute name="Injury">NA</attribute>
    </box>
    <box frame="110" outside="0" occluded="0" keyframe="0" xtl="3.05" ytl="382.10" xbr="957.68" ybr="875.47" z_order="0">
      <attribute name="Confidence Level">3</attribute>
      <attribute name="Notes">NA</attribute>
      <attribute name="Sex">Male</attribute>
      <attribute name="Adipose Clipped">NA</attribute>
      <attribute name="Injury">NA</attribute>
    </box>
    <box frame="111" outside="0" occluded="0" keyframe="0" xtl="3.05" ytl="382.10" xbr="961.45" ybr="876.37" z_order="0">
      <attribute name="Confidence Level">3</attribute>
      <attribute name="Notes">NA</attribute>
      <attribute name="Sex">Male</attribute>
      <attribute name="Adipose Clipped">NA</attribute>
      <attribute name="Injury">NA</attribute>
    </box>
    <box frame="112" outside="0" occluded="0" keyframe="0" xtl="3.05" ytl="382.10" xbr="965.22" ybr="877.27" z_order="0">
      <attribute name="Confidence Level">3</attribute>
      <attribute name="Notes">NA</attribute>
      <attribute name="Sex">Male</attribute>
      <attribute name="Adipose Clipped">NA</attribute>
      <attribute name="Injury">NA</attribute>
    </box>
    <box frame="113" outside="0" occluded="0" keyframe="0" xtl="3.05" ytl="382.10" xbr="968.99" ybr="878.18" z_order="0">
      <attribute name="Confidence Level">3</attribute>
      <attribute name="Notes">NA</attribute>
      <attribute name="Sex">Male</attribute>
      <attribute name="Adipose Clipped">NA</attribute>
      <attribute name="Injury">NA</attribute>
    </box>
    <box frame="114" outside="0" occluded="0" keyframe="0" xtl="3.05" ytl="382.10" xbr="972.77" ybr="879.08" z_order="0">
      <attribute name="Confidence Level">3</attribute>
      <attribute name="Notes">NA</attribute>
      <attribute name="Sex">Male</attribute>
      <attribute name="Adipose Clipped">NA</attribute>
      <attribute name="Injury">NA</attribute>
    </box>
    <box frame="115" outside="0" occluded="0" keyframe="0" xtl="3.05" ytl="382.10" xbr="976.54" ybr="879.98" z_order="0">
      <attribute name="Confidence Level">3</attribute>
      <attribute name="Notes">NA</attribute>
      <attribute name="Sex">Male</attribute>
      <attribute name="Adipose Clipped">NA</attribute>
      <attribute name="Injury">NA</attribute>
    </box>
    <box frame="116" outside="0" occluded="0" keyframe="0" xtl="3.05" ytl="382.10" xbr="980.31" ybr="880.89" z_order="0">
      <attribute name="Confidence Level">3</attribute>
      <attribute name="Notes">NA</attribute>
      <attribute name="Sex">Male</attribute>
      <attribute name="Adipose Clipped">NA</attribute>
      <attribute name="Injury">NA</attribute>
    </box>
    <box frame="117" outside="0" occluded="0" keyframe="0" xtl="3.05" ytl="382.10" xbr="984.08" ybr="881.79" z_order="0">
      <attribute name="Confidence Level">3</attribute>
      <attribute name="Notes">NA</attribute>
      <attribute name="Sex">Male</attribute>
      <attribute name="Adipose Clipped">NA</attribute>
      <attribute name="Injury">NA</attribute>
    </box>
    <box frame="118" outside="0" occluded="0" keyframe="0" xtl="3.05" ytl="382.10" xbr="987.86" ybr="882.69" z_order="0">
      <attribute name="Confidence Level">3</attribute>
      <attribute name="Notes">NA</attribute>
      <attribute name="Sex">Male</attribute>
      <attribute name="Adipose Clipped">NA</attribute>
      <attribute name="Injury">NA</attribute>
    </box>
    <box frame="119" outside="0" occluded="0" keyframe="0" xtl="3.05" ytl="382.10" xbr="991.63" ybr="883.60" z_order="0">
      <attribute name="Confidence Level">3</attribute>
      <attribute name="Notes">NA</attribute>
      <attribute name="Sex">Male</attribute>
      <attribute name="Adipose Clipped">NA</attribute>
      <attribute name="Injury">NA</attribute>
    </box>
    <box frame="120" outside="0" occluded="0" keyframe="1" xtl="3.05" ytl="382.10" xbr="995.40" ybr="884.50" z_order="0">
      <attribute name="Confidence Level">3</attribute>
      <attribute name="Notes">NA</attribute>
      <attribute name="Sex">Male</attribute>
      <attribute name="Adipose Clipped">NA</attribute>
      <attribute name="Injury">NA</attribute>
    </box>
    <box frame="121" outside="0" occluded="0" keyframe="0" xtl="3.05" ytl="382.10" xbr="1000.13" ybr="885.22" z_order="0">
      <attribute name="Confidence Level">3</attribute>
      <attribute name="Notes">NA</attribute>
      <attribute name="Sex">Male</attribute>
      <attribute name="Adipose Clipped">NA</attribute>
      <attribute name="Injury">NA</attribute>
    </box>
    <box frame="122" outside="0" occluded="0" keyframe="0" xtl="3.05" ytl="382.10" xbr="1004.85" ybr="885.94" z_order="0">
      <attribute name="Confidence Level">3</attribute>
      <attribute name="Notes">NA</attribute>
      <attribute name="Sex">Male</attribute>
      <attribute name="Adipose Clipped">NA</attribute>
      <attribute name="Injury">NA</attribute>
    </box>
    <box frame="123" outside="0" occluded="0" keyframe="0" xtl="3.05" ytl="382.10" xbr="1009.58" ybr="886.66" z_order="0">
      <attribute name="Confidence Level">3</attribute>
      <attribute name="Notes">NA</attribute>
      <attribute name="Sex">Male</attribute>
      <attribute name="Adipose Clipped">NA</attribute>
      <attribute name="Injury">NA</attribute>
    </box>
    <box frame="124" outside="0" occluded="0" keyframe="0" xtl="3.05" ytl="382.10" xbr="1014.31" ybr="887.38" z_order="0">
      <attribute name="Confidence Level">3</attribute>
      <attribute name="Notes">NA</attribute>
      <attribute name="Sex">Male</attribute>
      <attribute name="Adipose Clipped">NA</attribute>
      <attribute name="Injury">NA</attribute>
    </box>
    <box frame="125" outside="0" occluded="0" keyframe="0" xtl="3.05" ytl="382.10" xbr="1019.03" ybr="888.10" z_order="0">
      <attribute name="Confidence Level">3</attribute>
      <attribute name="Notes">NA</attribute>
      <attribute name="Sex">Male</attribute>
      <attribute name="Adipose Clipped">NA</attribute>
      <attribute name="Injury">NA</attribute>
    </box>
    <box frame="126" outside="0" occluded="0" keyframe="0" xtl="3.05" ytl="382.10" xbr="1023.76" ybr="888.82" z_order="0">
      <attribute name="Confidence Level">3</attribute>
      <attribute name="Notes">NA</attribute>
      <attribute name="Sex">Male</attribute>
      <attribute name="Adipose Clipped">NA</attribute>
      <attribute name="Injury">NA</attribute>
    </box>
    <box frame="127" outside="0" occluded="0" keyframe="0" xtl="3.05" ytl="382.10" xbr="1028.49" ybr="889.54" z_order="0">
      <attribute name="Confidence Level">3</attribute>
      <attribute name="Notes">NA</attribute>
      <attribute name="Sex">Male</attribute>
      <attribute name="Adipose Clipped">NA</attribute>
      <attribute name="Injury">NA</attribute>
    </box>
    <box frame="128" outside="0" occluded="0" keyframe="0" xtl="3.05" ytl="382.10" xbr="1033.21" ybr="890.26" z_order="0">
      <attribute name="Confidence Level">3</attribute>
      <attribute name="Notes">NA</attribute>
      <attribute name="Sex">Male</attribute>
      <attribute name="Adipose Clipped">NA</attribute>
      <attribute name="Injury">NA</attribute>
    </box>
    <box frame="129" outside="0" occluded="0" keyframe="0" xtl="3.05" ytl="382.10" xbr="1037.94" ybr="890.98" z_order="0">
      <attribute name="Confidence Level">3</attribute>
      <attribute name="Notes">NA</attribute>
      <attribute name="Sex">Male</attribute>
      <attribute name="Adipose Clipped">NA</attribute>
      <attribute name="Injury">NA</attribute>
    </box>
    <box frame="130" outside="0" occluded="0" keyframe="0" xtl="3.05" ytl="382.10" xbr="1042.67" ybr="891.70" z_order="0">
      <attribute name="Confidence Level">3</attribute>
      <attribute name="Notes">NA</attribute>
      <attribute name="Sex">Male</attribute>
      <attribute name="Adipose Clipped">NA</attribute>
      <attribute name="Injury">NA</attribute>
    </box>
    <box frame="131" outside="0" occluded="0" keyframe="0" xtl="3.05" ytl="382.10" xbr="1047.39" ybr="892.42" z_order="0">
      <attribute name="Confidence Level">3</attribute>
      <attribute name="Notes">NA</attribute>
      <attribute name="Sex">Male</attribute>
      <attribute name="Adipose Clipped">NA</attribute>
      <attribute name="Injury">NA</attribute>
    </box>
    <box frame="132" outside="0" occluded="0" keyframe="0" xtl="3.05" ytl="382.10" xbr="1052.12" ybr="893.14" z_order="0">
      <attribute name="Confidence Level">3</attribute>
      <attribute name="Notes">NA</attribute>
      <attribute name="Sex">Male</attribute>
      <attribute name="Adipose Clipped">NA</attribute>
      <attribute name="Injury">NA</attribute>
    </box>
    <box frame="133" outside="0" occluded="0" keyframe="0" xtl="3.05" ytl="382.10" xbr="1056.85" ybr="893.86" z_order="0">
      <attribute name="Confidence Level">3</attribute>
      <attribute name="Notes">NA</attribute>
      <attribute name="Sex">Male</attribute>
      <attribute name="Adipose Clipped">NA</attribute>
      <attribute name="Injury">NA</attribute>
    </box>
    <box frame="134" outside="0" occluded="0" keyframe="0" xtl="3.05" ytl="382.10" xbr="1061.57" ybr="894.58" z_order="0">
      <attribute name="Confidence Level">3</attribute>
      <attribute name="Notes">NA</attribute>
      <attribute name="Sex">Male</attribute>
      <attribute name="Adipose Clipped">NA</attribute>
      <attribute name="Injury">NA</attribute>
    </box>
    <box frame="135" outside="0" occluded="0" keyframe="0" xtl="3.05" ytl="382.10" xbr="1066.30" ybr="895.30" z_order="0">
      <attribute name="Confidence Level">3</attribute>
      <attribute name="Notes">NA</attribute>
      <attribute name="Sex">Male</attribute>
      <attribute name="Adipose Clipped">NA</attribute>
      <attribute name="Injury">NA</attribute>
    </box>
    <box frame="136" outside="0" occluded="0" keyframe="0" xtl="3.05" ytl="382.10" xbr="1071.03" ybr="896.02" z_order="0">
      <attribute name="Confidence Level">3</attribute>
      <attribute name="Notes">NA</attribute>
      <attribute name="Sex">Male</attribute>
      <attribute name="Adipose Clipped">NA</attribute>
      <attribute name="Injury">NA</attribute>
    </box>
    <box frame="137" outside="0" occluded="0" keyframe="0" xtl="3.05" ytl="382.10" xbr="1075.75" ybr="896.74" z_order="0">
      <attribute name="Confidence Level">3</attribute>
      <attribute name="Notes">NA</attribute>
      <attribute name="Sex">Male</attribute>
      <attribute name="Adipose Clipped">NA</attribute>
      <attribute name="Injury">NA</attribute>
    </box>
    <box frame="138" outside="0" occluded="0" keyframe="0" xtl="3.05" ytl="382.10" xbr="1080.48" ybr="897.46" z_order="0">
      <attribute name="Confidence Level">3</attribute>
      <attribute name="Notes">NA</attribute>
      <attribute name="Sex">Male</attribute>
      <attribute name="Adipose Clipped">NA</attribute>
      <attribute name="Injury">NA</attribute>
    </box>
    <box frame="139" outside="0" occluded="0" keyframe="0" xtl="3.05" ytl="382.10" xbr="1085.21" ybr="898.18" z_order="0">
      <attribute name="Confidence Level">3</attribute>
      <attribute name="Notes">NA</attribute>
      <attribute name="Sex">Male</attribute>
      <attribute name="Adipose Clipped">NA</attribute>
      <attribute name="Injury">NA</attribute>
    </box>
    <box frame="140" outside="0" occluded="0" keyframe="0" xtl="3.05" ytl="382.10" xbr="1089.93" ybr="898.90" z_order="0">
      <attribute name="Confidence Level">3</attribute>
      <attribute name="Notes">NA</attribute>
      <attribute name="Sex">Male</attribute>
      <attribute name="Adipose Clipped">NA</attribute>
      <attribute name="Injury">NA</attribute>
    </box>
    <box frame="141" outside="0" occluded="0" keyframe="0" xtl="3.05" ytl="382.10" xbr="1094.66" ybr="899.62" z_order="0">
      <attribute name="Confidence Level">3</attribute>
      <attribute name="Notes">NA</attribute>
      <attribute name="Sex">Male</attribute>
      <attribute name="Adipose Clipped">NA</attribute>
      <attribute name="Injury">NA</attribute>
    </box>
    <box frame="142" outside="0" occluded="0" keyframe="0" xtl="3.05" ytl="382.10" xbr="1099.39" ybr="900.34" z_order="0">
      <attribute name="Confidence Level">3</attribute>
      <attribute name="Notes">NA</attribute>
      <attribute name="Sex">Male</attribute>
      <attribute name="Adipose Clipped">NA</attribute>
      <attribute name="Injury">NA</attribute>
    </box>
    <box frame="143" outside="0" occluded="0" keyframe="0" xtl="3.05" ytl="382.10" xbr="1104.11" ybr="901.06" z_order="0">
      <attribute name="Confidence Level">3</attribute>
      <attribute name="Notes">NA</attribute>
      <attribute name="Sex">Male</attribute>
      <attribute name="Adipose Clipped">NA</attribute>
      <attribute name="Injury">NA</attribute>
    </box>
    <box frame="144" outside="0" occluded="0" keyframe="0" xtl="3.05" ytl="382.10" xbr="1108.84" ybr="901.78" z_order="0">
      <attribute name="Confidence Level">3</attribute>
      <attribute name="Notes">NA</attribute>
      <attribute name="Sex">Male</attribute>
      <attribute name="Adipose Clipped">NA</attribute>
      <attribute name="Injury">NA</attribute>
    </box>
    <box frame="145" outside="0" occluded="0" keyframe="0" xtl="3.05" ytl="382.10" xbr="1113.57" ybr="902.50" z_order="0">
      <attribute name="Confidence Level">3</attribute>
      <attribute name="Notes">NA</attribute>
      <attribute name="Sex">Male</attribute>
      <attribute name="Adipose Clipped">NA</attribute>
      <attribute name="Injury">NA</attribute>
    </box>
    <box frame="146" outside="0" occluded="0" keyframe="0" xtl="3.05" ytl="382.10" xbr="1118.29" ybr="903.22" z_order="0">
      <attribute name="Confidence Level">3</attribute>
      <attribute name="Notes">NA</attribute>
      <attribute name="Sex">Male</attribute>
      <attribute name="Adipose Clipped">NA</attribute>
      <attribute name="Injury">NA</attribute>
    </box>
    <box frame="147" outside="0" occluded="0" keyframe="0" xtl="3.05" ytl="382.10" xbr="1123.02" ybr="903.94" z_order="0">
      <attribute name="Confidence Level">3</attribute>
      <attribute name="Notes">NA</attribute>
      <attribute name="Sex">Male</attribute>
      <attribute name="Adipose Clipped">NA</attribute>
      <attribute name="Injury">NA</attribute>
    </box>
    <box frame="148" outside="0" occluded="0" keyframe="0" xtl="3.05" ytl="382.10" xbr="1127.75" ybr="904.66" z_order="0">
      <attribute name="Confidence Level">3</attribute>
      <attribute name="Notes">NA</attribute>
      <attribute name="Sex">Male</attribute>
      <attribute name="Adipose Clipped">NA</attribute>
      <attribute name="Injury">NA</attribute>
    </box>
    <box frame="149" outside="0" occluded="0" keyframe="0" xtl="3.05" ytl="382.10" xbr="1132.47" ybr="905.38" z_order="0">
      <attribute name="Confidence Level">3</attribute>
      <attribute name="Notes">NA</attribute>
      <attribute name="Sex">Male</attribute>
      <attribute name="Adipose Clipped">NA</attribute>
      <attribute name="Injury">NA</attribute>
    </box>
    <box frame="150" outside="0" occluded="0" keyframe="1" xtl="3.05" ytl="382.10" xbr="1137.20" ybr="906.10" z_order="0">
      <attribute name="Confidence Level">3</attribute>
      <attribute name="Notes">NA</attribute>
      <attribute name="Sex">Male</attribute>
      <attribute name="Adipose Clipped">NA</attribute>
      <attribute name="Injury">NA</attribute>
    </box>
    <box frame="151" outside="0" occluded="0" keyframe="0" xtl="3.05" ytl="373.62" xbr="1144.29" ybr="906.10" z_order="0">
      <attribute name="Confidence Level">3</attribute>
      <attribute name="Notes">NA</attribute>
      <attribute name="Sex">Male</attribute>
      <attribute name="Adipose Clipped">NA</attribute>
      <attribute name="Injury">NA</attribute>
    </box>
    <box frame="152" outside="0" occluded="0" keyframe="0" xtl="3.05" ytl="365.14" xbr="1151.38" ybr="906.10" z_order="0">
      <attribute name="Confidence Level">3</attribute>
      <attribute name="Notes">NA</attribute>
      <attribute name="Sex">Male</attribute>
      <attribute name="Adipose Clipped">NA</attribute>
      <attribute name="Injury">NA</attribute>
    </box>
    <box frame="153" outside="0" occluded="0" keyframe="0" xtl="3.05" ytl="356.66" xbr="1158.47" ybr="906.10" z_order="0">
      <attribute name="Confidence Level">3</attribute>
      <attribute name="Notes">NA</attribute>
      <attribute name="Sex">Male</attribute>
      <attribute name="Adipose Clipped">NA</attribute>
      <attribute name="Injury">NA</attribute>
    </box>
    <box frame="154" outside="0" occluded="0" keyframe="0" xtl="3.05" ytl="348.18" xbr="1165.56" ybr="906.10" z_order="0">
      <attribute name="Confidence Level">3</attribute>
      <attribute name="Notes">NA</attribute>
      <attribute name="Sex">Male</attribute>
      <attribute name="Adipose Clipped">NA</attribute>
      <attribute name="Injury">NA</attribute>
    </box>
    <box frame="155" outside="0" occluded="0" keyframe="0" xtl="3.05" ytl="339.70" xbr="1172.65" ybr="906.10" z_order="0">
      <attribute name="Confidence Level">3</attribute>
      <attribute name="Notes">NA</attribute>
      <attribute name="Sex">Male</attribute>
      <attribute name="Adipose Clipped">NA</attribute>
      <attribute name="Injury">NA</attribute>
    </box>
    <box frame="156" outside="0" occluded="0" keyframe="0" xtl="3.05" ytl="331.22" xbr="1179.74" ybr="906.10" z_order="0">
      <attribute name="Confidence Level">3</attribute>
      <attribute name="Notes">NA</attribute>
      <attribute name="Sex">Male</attribute>
      <attribute name="Adipose Clipped">NA</attribute>
      <attribute name="Injury">NA</attribute>
    </box>
    <box frame="157" outside="0" occluded="0" keyframe="0" xtl="3.05" ytl="322.74" xbr="1186.83" ybr="906.10" z_order="0">
      <attribute name="Confidence Level">3</attribute>
      <attribute name="Notes">NA</attribute>
      <attribute name="Sex">Male</attribute>
      <attribute name="Adipose Clipped">NA</attribute>
      <attribute name="Injury">NA</attribute>
    </box>
    <box frame="158" outside="0" occluded="0" keyframe="0" xtl="3.05" ytl="314.26" xbr="1193.92" ybr="906.10" z_order="0">
      <attribute name="Confidence Level">3</attribute>
      <attribute name="Notes">NA</attribute>
      <attribute name="Sex">Male</attribute>
      <attribute name="Adipose Clipped">NA</attribute>
      <attribute name="Injury">NA</attribute>
    </box>
    <box frame="159" outside="0" occluded="0" keyframe="0" xtl="3.05" ytl="305.78" xbr="1201.01" ybr="906.10" z_order="0">
      <attribute name="Confidence Level">3</attribute>
      <attribute name="Notes">NA</attribute>
      <attribute name="Sex">Male</attribute>
      <attribute name="Adipose Clipped">NA</attribute>
      <attribute name="Injury">NA</attribute>
    </box>
    <box frame="160" outside="0" occluded="0" keyframe="1" xtl="3.05" ytl="297.30" xbr="1208.10" ybr="906.10" z_order="0">
      <attribute name="Confidence Level">3</attribute>
      <attribute name="Notes">NA</attribute>
      <attribute name="Sex">Male</attribute>
      <attribute name="Adipose Clipped">NA</attribute>
      <attribute name="Injury">NA</attribute>
    </box>
    <box frame="161" outside="0" occluded="0" keyframe="0" xtl="3.05" ytl="297.30" xbr="1200.09" ybr="906.10" z_order="0">
      <attribute name="Confidence Level">3</attribute>
      <attribute name="Notes">NA</attribute>
      <attribute name="Sex">Male</attribute>
      <attribute name="Adipose Clipped">NA</attribute>
      <attribute name="Injury">NA</attribute>
    </box>
    <box frame="162" outside="0" occluded="0" keyframe="0" xtl="3.05" ytl="297.30" xbr="1192.08" ybr="906.10" z_order="0">
      <attribute name="Confidence Level">3</attribute>
      <attribute name="Notes">NA</attribute>
      <attribute name="Sex">Male</attribute>
      <attribute name="Adipose Clipped">NA</attribute>
      <attribute name="Injury">NA</attribute>
    </box>
    <box frame="163" outside="0" occluded="0" keyframe="0" xtl="3.05" ytl="297.30" xbr="1184.07" ybr="906.10" z_order="0">
      <attribute name="Confidence Level">3</attribute>
      <attribute name="Notes">NA</attribute>
      <attribute name="Sex">Male</attribute>
      <attribute name="Adipose Clipped">NA</attribute>
      <attribute name="Injury">NA</attribute>
    </box>
    <box frame="164" outside="0" occluded="0" keyframe="0" xtl="3.05" ytl="297.30" xbr="1176.06" ybr="906.10" z_order="0">
      <attribute name="Confidence Level">3</attribute>
      <attribute name="Notes">NA</attribute>
      <attribute name="Sex">Male</attribute>
      <attribute name="Adipose Clipped">NA</attribute>
      <attribute name="Injury">NA</attribute>
    </box>
    <box frame="165" outside="0" occluded="0" keyframe="0" xtl="3.05" ytl="297.30" xbr="1168.05" ybr="906.10" z_order="0">
      <attribute name="Confidence Level">3</attribute>
      <attribute name="Notes">NA</attribute>
      <attribute name="Sex">Male</attribute>
      <attribute name="Adipose Clipped">NA</attribute>
      <attribute name="Injury">NA</attribute>
    </box>
    <box frame="166" outside="0" occluded="0" keyframe="0" xtl="3.05" ytl="297.30" xbr="1160.04" ybr="906.10" z_order="0">
      <attribute name="Confidence Level">3</attribute>
      <attribute name="Notes">NA</attribute>
      <attribute name="Sex">Male</attribute>
      <attribute name="Adipose Clipped">NA</attribute>
      <attribute name="Injury">NA</attribute>
    </box>
    <box frame="167" outside="0" occluded="0" keyframe="0" xtl="3.05" ytl="297.30" xbr="1152.03" ybr="906.10" z_order="0">
      <attribute name="Confidence Level">3</attribute>
      <attribute name="Notes">NA</attribute>
      <attribute name="Sex">Male</attribute>
      <attribute name="Adipose Clipped">NA</attribute>
      <attribute name="Injury">NA</attribute>
    </box>
    <box frame="168" outside="0" occluded="0" keyframe="0" xtl="3.05" ytl="297.30" xbr="1144.02" ybr="906.10" z_order="0">
      <attribute name="Confidence Level">3</attribute>
      <attribute name="Notes">NA</attribute>
      <attribute name="Sex">Male</attribute>
      <attribute name="Adipose Clipped">NA</attribute>
      <attribute name="Injury">NA</attribute>
    </box>
    <box frame="169" outside="0" occluded="0" keyframe="0" xtl="3.05" ytl="297.30" xbr="1136.01" ybr="906.10" z_order="0">
      <attribute name="Confidence Level">3</attribute>
      <attribute name="Notes">NA</attribute>
      <attribute name="Sex">Male</attribute>
      <attribute name="Adipose Clipped">NA</attribute>
      <attribute name="Injury">NA</attribute>
    </box>
    <box frame="170" outside="0" occluded="0" keyframe="1" xtl="3.05" ytl="297.30" xbr="1128.00" ybr="906.10" z_order="0">
      <attribute name="Confidence Level">3</attribute>
      <attribute name="Notes">NA</attribute>
      <attribute name="Sex">Male</attribute>
      <attribute name="Adipose Clipped">NA</attribute>
      <attribute name="Injury">NA</attribute>
    </box>
    <box frame="171" outside="0" occluded="0" keyframe="0" xtl="3.05" ytl="304.23" xbr="1117.37" ybr="906.10" z_order="0">
      <attribute name="Confidence Level">3</attribute>
      <attribute name="Notes">NA</attribute>
      <attribute name="Sex">Male</attribute>
      <attribute name="Adipose Clipped">NA</attribute>
      <attribute name="Injury">NA</attribute>
    </box>
    <box frame="172" outside="0" occluded="0" keyframe="0" xtl="3.05" ytl="311.16" xbr="1106.74" ybr="906.10" z_order="0">
      <attribute name="Confidence Level">3</attribute>
      <attribute name="Notes">NA</attribute>
      <attribute name="Sex">Male</attribute>
      <attribute name="Adipose Clipped">NA</attribute>
      <attribute name="Injury">NA</attribute>
    </box>
    <box frame="173" outside="0" occluded="0" keyframe="0" xtl="3.05" ytl="318.09" xbr="1096.11" ybr="906.10" z_order="0">
      <attribute name="Confidence Level">3</attribute>
      <attribute name="Notes">NA</attribute>
      <attribute name="Sex">Male</attribute>
      <attribute name="Adipose Clipped">NA</attribute>
      <attribute name="Injury">NA</attribute>
    </box>
    <box frame="174" outside="0" occluded="0" keyframe="0" xtl="3.05" ytl="325.02" xbr="1085.48" ybr="906.10" z_order="0">
      <attribute name="Confidence Level">3</attribute>
      <attribute name="Notes">NA</attribute>
      <attribute name="Sex">Male</attribute>
      <attribute name="Adipose Clipped">NA</attribute>
      <attribute name="Injury">NA</attribute>
    </box>
    <box frame="175" outside="0" occluded="0" keyframe="0" xtl="3.05" ytl="331.95" xbr="1074.85" ybr="906.10" z_order="0">
      <attribute name="Confidence Level">3</attribute>
      <attribute name="Notes">NA</attribute>
      <attribute name="Sex">Male</attribute>
      <attribute name="Adipose Clipped">NA</attribute>
      <attribute name="Injury">NA</attribute>
    </box>
    <box frame="176" outside="0" occluded="0" keyframe="0" xtl="3.05" ytl="338.88" xbr="1064.22" ybr="906.10" z_order="0">
      <attribute name="Confidence Level">3</attribute>
      <attribute name="Notes">NA</attribute>
      <attribute name="Sex">Male</attribute>
      <attribute name="Adipose Clipped">NA</attribute>
      <attribute name="Injury">NA</attribute>
    </box>
    <box frame="177" outside="0" occluded="0" keyframe="0" xtl="3.05" ytl="345.81" xbr="1053.59" ybr="906.10" z_order="0">
      <attribute name="Confidence Level">3</attribute>
      <attribute name="Notes">NA</attribute>
      <attribute name="Sex">Male</attribute>
      <attribute name="Adipose Clipped">NA</attribute>
      <attribute name="Injury">NA</attribute>
    </box>
    <box frame="178" outside="0" occluded="0" keyframe="0" xtl="3.05" ytl="352.74" xbr="1042.96" ybr="906.10" z_order="0">
      <attribute name="Confidence Level">3</attribute>
      <attribute name="Notes">NA</attribute>
      <attribute name="Sex">Male</attribute>
      <attribute name="Adipose Clipped">NA</attribute>
      <attribute name="Injury">NA</attribute>
    </box>
    <box frame="179" outside="0" occluded="0" keyframe="0" xtl="3.05" ytl="359.67" xbr="1032.33" ybr="906.10" z_order="0">
      <attribute name="Confidence Level">3</attribute>
      <attribute name="Notes">NA</attribute>
      <attribute name="Sex">Male</attribute>
      <attribute name="Adipose Clipped">NA</attribute>
      <attribute name="Injury">NA</attribute>
    </box>
    <box frame="180" outside="0" occluded="0" keyframe="1" xtl="3.05" ytl="366.60" xbr="1021.70" ybr="906.10" z_order="0">
      <attribute name="Confidence Level">3</attribute>
      <attribute name="Notes">NA</attribute>
      <attribute name="Sex">Male</attribute>
      <attribute name="Adipose Clipped">NA</attribute>
      <attribute name="Injury">NA</attribute>
    </box>
    <box frame="181" outside="0" occluded="0" keyframe="0" xtl="3.05" ytl="366.60" xbr="1012.45" ybr="906.10" z_order="0">
      <attribute name="Confidence Level">3</attribute>
      <attribute name="Notes">NA</attribute>
      <attribute name="Sex">Male</attribute>
      <attribute name="Adipose Clipped">NA</attribute>
      <attribute name="Injury">NA</attribute>
    </box>
    <box frame="182" outside="0" occluded="0" keyframe="0" xtl="3.05" ytl="366.60" xbr="1003.20" ybr="906.10" z_order="0">
      <attribute name="Confidence Level">3</attribute>
      <attribute name="Notes">NA</attribute>
      <attribute name="Sex">Male</attribute>
      <attribute name="Adipose Clipped">NA</attribute>
      <attribute name="Injury">NA</attribute>
    </box>
    <box frame="183" outside="0" occluded="0" keyframe="0" xtl="3.05" ytl="366.60" xbr="993.95" ybr="906.10" z_order="0">
      <attribute name="Confidence Level">3</attribute>
      <attribute name="Notes">NA</attribute>
      <attribute name="Sex">Male</attribute>
      <attribute name="Adipose Clipped">NA</attribute>
      <attribute name="Injury">NA</attribute>
    </box>
    <box frame="184" outside="0" occluded="0" keyframe="0" xtl="3.05" ytl="366.60" xbr="984.70" ybr="906.10" z_order="0">
      <attribute name="Confidence Level">3</attribute>
      <attribute name="Notes">NA</attribute>
      <attribute name="Sex">Male</attribute>
      <attribute name="Adipose Clipped">NA</attribute>
      <attribute name="Injury">NA</attribute>
    </box>
    <box frame="185" outside="0" occluded="0" keyframe="0" xtl="3.05" ytl="366.60" xbr="975.45" ybr="906.10" z_order="0">
      <attribute name="Confidence Level">3</attribute>
      <attribute name="Notes">NA</attribute>
      <attribute name="Sex">Male</attribute>
      <attribute name="Adipose Clipped">NA</attribute>
      <attribute name="Injury">NA</attribute>
    </box>
    <box frame="186" outside="0" occluded="0" keyframe="0" xtl="3.05" ytl="366.60" xbr="966.20" ybr="906.10" z_order="0">
      <attribute name="Confidence Level">3</attribute>
      <attribute name="Notes">NA</attribute>
      <attribute name="Sex">Male</attribute>
      <attribute name="Adipose Clipped">NA</attribute>
      <attribute name="Injury">NA</attribute>
    </box>
    <box frame="187" outside="0" occluded="0" keyframe="0" xtl="3.05" ytl="366.60" xbr="956.95" ybr="906.10" z_order="0">
      <attribute name="Confidence Level">3</attribute>
      <attribute name="Notes">NA</attribute>
      <attribute name="Sex">Male</attribute>
      <attribute name="Adipose Clipped">NA</attribute>
      <attribute name="Injury">NA</attribute>
    </box>
    <box frame="188" outside="0" occluded="0" keyframe="0" xtl="3.05" ytl="366.60" xbr="947.70" ybr="906.10" z_order="0">
      <attribute name="Confidence Level">3</attribute>
      <attribute name="Notes">NA</attribute>
      <attribute name="Sex">Male</attribute>
      <attribute name="Adipose Clipped">NA</attribute>
      <attribute name="Injury">NA</attribute>
    </box>
    <box frame="189" outside="0" occluded="0" keyframe="0" xtl="3.05" ytl="366.60" xbr="938.45" ybr="906.10" z_order="0">
      <attribute name="Confidence Level">3</attribute>
      <attribute name="Notes">NA</attribute>
      <attribute name="Sex">Male</attribute>
      <attribute name="Adipose Clipped">NA</attribute>
      <attribute name="Injury">NA</attribute>
    </box>
    <box frame="190" outside="0" occluded="0" keyframe="1" xtl="3.05" ytl="366.60" xbr="929.20" ybr="906.10" z_order="0">
      <attribute name="Confidence Level">3</attribute>
      <attribute name="Notes">NA</attribute>
      <attribute name="Sex">Male</attribute>
      <attribute name="Adipose Clipped">NA</attribute>
      <attribute name="Injury">NA</attribute>
    </box>
    <box frame="191" outside="0" occluded="0" keyframe="0" xtl="3.05" ytl="366.60" xbr="917.18" ybr="906.10" z_order="0">
      <attribute name="Confidence Level">3</attribute>
      <attribute name="Notes">NA</attribute>
      <attribute name="Sex">Male</attribute>
      <attribute name="Adipose Clipped">NA</attribute>
      <attribute name="Injury">NA</attribute>
    </box>
    <box frame="192" outside="0" occluded="0" keyframe="0" xtl="3.05" ytl="366.60" xbr="905.16" ybr="906.10" z_order="0">
      <attribute name="Confidence Level">3</attribute>
      <attribute name="Notes">NA</attribute>
      <attribute name="Sex">Male</attribute>
      <attribute name="Adipose Clipped">NA</attribute>
      <attribute name="Injury">NA</attribute>
    </box>
    <box frame="193" outside="0" occluded="0" keyframe="0" xtl="3.05" ytl="366.60" xbr="893.14" ybr="906.10" z_order="0">
      <attribute name="Confidence Level">3</attribute>
      <attribute name="Notes">NA</attribute>
      <attribute name="Sex">Male</attribute>
      <attribute name="Adipose Clipped">NA</attribute>
      <attribute name="Injury">NA</attribute>
    </box>
    <box frame="194" outside="0" occluded="0" keyframe="0" xtl="3.05" ytl="366.60" xbr="881.12" ybr="906.10" z_order="0">
      <attribute name="Confidence Level">3</attribute>
      <attribute name="Notes">NA</attribute>
      <attribute name="Sex">Male</attribute>
      <attribute name="Adipose Clipped">NA</attribute>
      <attribute name="Injury">NA</attribute>
    </box>
    <box frame="195" outside="0" occluded="0" keyframe="0" xtl="3.05" ytl="366.60" xbr="869.10" ybr="906.10" z_order="0">
      <attribute name="Confidence Level">3</attribute>
      <attribute name="Notes">NA</attribute>
      <attribute name="Sex">Male</attribute>
      <attribute name="Adipose Clipped">NA</attribute>
      <attribute name="Injury">NA</attribute>
    </box>
    <box frame="196" outside="0" occluded="0" keyframe="0" xtl="3.05" ytl="366.60" xbr="857.08" ybr="906.10" z_order="0">
      <attribute name="Confidence Level">3</attribute>
      <attribute name="Notes">NA</attribute>
      <attribute name="Sex">Male</attribute>
      <attribute name="Adipose Clipped">NA</attribute>
      <attribute name="Injury">NA</attribute>
    </box>
    <box frame="197" outside="0" occluded="0" keyframe="0" xtl="3.05" ytl="366.60" xbr="845.06" ybr="906.10" z_order="0">
      <attribute name="Confidence Level">3</attribute>
      <attribute name="Notes">NA</attribute>
      <attribute name="Sex">Male</attribute>
      <attribute name="Adipose Clipped">NA</attribute>
      <attribute name="Injury">NA</attribute>
    </box>
    <box frame="198" outside="0" occluded="0" keyframe="0" xtl="3.05" ytl="366.60" xbr="833.04" ybr="906.10" z_order="0">
      <attribute name="Confidence Level">3</attribute>
      <attribute name="Notes">NA</attribute>
      <attribute name="Sex">Male</attribute>
      <attribute name="Adipose Clipped">NA</attribute>
      <attribute name="Injury">NA</attribute>
    </box>
    <box frame="199" outside="0" occluded="0" keyframe="0" xtl="3.05" ytl="366.60" xbr="821.02" ybr="906.10" z_order="0">
      <attribute name="Confidence Level">3</attribute>
      <attribute name="Notes">NA</attribute>
      <attribute name="Sex">Male</attribute>
      <attribute name="Adipose Clipped">NA</attribute>
      <attribute name="Injury">NA</attribute>
    </box>
    <box frame="200" outside="0" occluded="0" keyframe="1" xtl="3.05" ytl="366.60" xbr="809.00" ybr="906.10" z_order="0">
      <attribute name="Confidence Level">3</attribute>
      <attribute name="Notes">NA</attribute>
      <attribute name="Sex">Male</attribute>
      <attribute name="Adipose Clipped">NA</attribute>
      <attribute name="Injury">NA</attribute>
    </box>
    <box frame="201" outside="0" occluded="0" keyframe="0" xtl="3.05" ytl="366.60" xbr="800.68" ybr="906.10" z_order="0">
      <attribute name="Confidence Level">3</attribute>
      <attribute name="Notes">NA</attribute>
      <attribute name="Sex">Male</attribute>
      <attribute name="Adipose Clipped">NA</attribute>
      <attribute name="Injury">NA</attribute>
    </box>
    <box frame="202" outside="0" occluded="0" keyframe="0" xtl="3.05" ytl="366.60" xbr="792.36" ybr="906.10" z_order="0">
      <attribute name="Confidence Level">3</attribute>
      <attribute name="Notes">NA</attribute>
      <attribute name="Sex">Male</attribute>
      <attribute name="Adipose Clipped">NA</attribute>
      <attribute name="Injury">NA</attribute>
    </box>
    <box frame="203" outside="0" occluded="0" keyframe="0" xtl="3.05" ytl="366.60" xbr="784.04" ybr="906.10" z_order="0">
      <attribute name="Confidence Level">3</attribute>
      <attribute name="Notes">NA</attribute>
      <attribute name="Sex">Male</attribute>
      <attribute name="Adipose Clipped">NA</attribute>
      <attribute name="Injury">NA</attribute>
    </box>
    <box frame="204" outside="0" occluded="0" keyframe="0" xtl="3.05" ytl="366.60" xbr="775.72" ybr="906.10" z_order="0">
      <attribute name="Confidence Level">3</attribute>
      <attribute name="Notes">NA</attribute>
      <attribute name="Sex">Male</attribute>
      <attribute name="Adipose Clipped">NA</attribute>
      <attribute name="Injury">NA</attribute>
    </box>
    <box frame="205" outside="0" occluded="0" keyframe="0" xtl="3.05" ytl="366.60" xbr="767.40" ybr="906.10" z_order="0">
      <attribute name="Confidence Level">3</attribute>
      <attribute name="Notes">NA</attribute>
      <attribute name="Sex">Male</attribute>
      <attribute name="Adipose Clipped">NA</attribute>
      <attribute name="Injury">NA</attribute>
    </box>
    <box frame="206" outside="0" occluded="0" keyframe="0" xtl="3.05" ytl="366.60" xbr="759.08" ybr="906.10" z_order="0">
      <attribute name="Confidence Level">3</attribute>
      <attribute name="Notes">NA</attribute>
      <attribute name="Sex">Male</attribute>
      <attribute name="Adipose Clipped">NA</attribute>
      <attribute name="Injury">NA</attribute>
    </box>
    <box frame="207" outside="0" occluded="0" keyframe="0" xtl="3.05" ytl="366.60" xbr="750.76" ybr="906.10" z_order="0">
      <attribute name="Confidence Level">3</attribute>
      <attribute name="Notes">NA</attribute>
      <attribute name="Sex">Male</attribute>
      <attribute name="Adipose Clipped">NA</attribute>
      <attribute name="Injury">NA</attribute>
    </box>
    <box frame="208" outside="0" occluded="0" keyframe="0" xtl="3.05" ytl="366.60" xbr="742.44" ybr="906.10" z_order="0">
      <attribute name="Confidence Level">3</attribute>
      <attribute name="Notes">NA</attribute>
      <attribute name="Sex">Male</attribute>
      <attribute name="Adipose Clipped">NA</attribute>
      <attribute name="Injury">NA</attribute>
    </box>
    <box frame="209" outside="0" occluded="0" keyframe="0" xtl="3.05" ytl="366.60" xbr="734.12" ybr="906.10" z_order="0">
      <attribute name="Confidence Level">3</attribute>
      <attribute name="Notes">NA</attribute>
      <attribute name="Sex">Male</attribute>
      <attribute name="Adipose Clipped">NA</attribute>
      <attribute name="Injury">NA</attribute>
    </box>
    <box frame="210" outside="0" occluded="0" keyframe="1" xtl="3.05" ytl="366.60" xbr="725.80" ybr="906.10" z_order="0">
      <attribute name="Confidence Level">3</attribute>
      <attribute name="Notes">NA</attribute>
      <attribute name="Sex">Male</attribute>
      <attribute name="Adipose Clipped">NA</attribute>
      <attribute name="Injury">NA</attribute>
    </box>
    <box frame="211" outside="0" occluded="0" keyframe="0" xtl="3.05" ytl="366.60" xbr="714.71" ybr="906.10" z_order="0">
      <attribute name="Confidence Level">3</attribute>
      <attribute name="Notes">NA</attribute>
      <attribute name="Sex">Male</attribute>
      <attribute name="Adipose Clipped">NA</attribute>
      <attribute name="Injury">NA</attribute>
    </box>
    <box frame="212" outside="0" occluded="0" keyframe="0" xtl="3.05" ytl="366.60" xbr="703.62" ybr="906.10" z_order="0">
      <attribute name="Confidence Level">3</attribute>
      <attribute name="Notes">NA</attribute>
      <attribute name="Sex">Male</attribute>
      <attribute name="Adipose Clipped">NA</attribute>
      <attribute name="Injury">NA</attribute>
    </box>
    <box frame="213" outside="0" occluded="0" keyframe="0" xtl="3.05" ytl="366.60" xbr="692.53" ybr="906.10" z_order="0">
      <attribute name="Confidence Level">3</attribute>
      <attribute name="Notes">NA</attribute>
      <attribute name="Sex">Male</attribute>
      <attribute name="Adipose Clipped">NA</attribute>
      <attribute name="Injury">NA</attribute>
    </box>
    <box frame="214" outside="0" occluded="0" keyframe="0" xtl="3.05" ytl="366.60" xbr="681.44" ybr="906.10" z_order="0">
      <attribute name="Confidence Level">3</attribute>
      <attribute name="Notes">NA</attribute>
      <attribute name="Sex">Male</attribute>
      <attribute name="Adipose Clipped">NA</attribute>
      <attribute name="Injury">NA</attribute>
    </box>
    <box frame="215" outside="0" occluded="0" keyframe="0" xtl="3.05" ytl="366.60" xbr="670.35" ybr="906.10" z_order="0">
      <attribute name="Confidence Level">3</attribute>
      <attribute name="Notes">NA</attribute>
      <attribute name="Sex">Male</attribute>
      <attribute name="Adipose Clipped">NA</attribute>
      <attribute name="Injury">NA</attribute>
    </box>
    <box frame="216" outside="0" occluded="0" keyframe="0" xtl="3.05" ytl="366.60" xbr="659.26" ybr="906.10" z_order="0">
      <attribute name="Confidence Level">3</attribute>
      <attribute name="Notes">NA</attribute>
      <attribute name="Sex">Male</attribute>
      <attribute name="Adipose Clipped">NA</attribute>
      <attribute name="Injury">NA</attribute>
    </box>
    <box frame="217" outside="0" occluded="0" keyframe="0" xtl="3.05" ytl="366.60" xbr="648.17" ybr="906.10" z_order="0">
      <attribute name="Confidence Level">3</attribute>
      <attribute name="Notes">NA</attribute>
      <attribute name="Sex">Male</attribute>
      <attribute name="Adipose Clipped">NA</attribute>
      <attribute name="Injury">NA</attribute>
    </box>
    <box frame="218" outside="0" occluded="0" keyframe="0" xtl="3.05" ytl="366.60" xbr="637.08" ybr="906.10" z_order="0">
      <attribute name="Confidence Level">3</attribute>
      <attribute name="Notes">NA</attribute>
      <attribute name="Sex">Male</attribute>
      <attribute name="Adipose Clipped">NA</attribute>
      <attribute name="Injury">NA</attribute>
    </box>
    <box frame="219" outside="0" occluded="0" keyframe="0" xtl="3.05" ytl="366.60" xbr="625.99" ybr="906.10" z_order="0">
      <attribute name="Confidence Level">3</attribute>
      <attribute name="Notes">NA</attribute>
      <attribute name="Sex">Male</attribute>
      <attribute name="Adipose Clipped">NA</attribute>
      <attribute name="Injury">NA</attribute>
    </box>
    <box frame="220" outside="0" occluded="0" keyframe="1" xtl="3.05" ytl="366.60" xbr="614.90" ybr="906.10" z_order="0">
      <attribute name="Confidence Level">3</attribute>
      <attribute name="Notes">NA</attribute>
      <attribute name="Sex">Male</attribute>
      <attribute name="Adipose Clipped">NA</attribute>
      <attribute name="Injury">NA</attribute>
    </box>
    <box frame="221" outside="0" occluded="0" keyframe="0" xtl="3.05" ytl="366.60" xbr="608.20" ybr="906.10" z_order="0">
      <attribute name="Confidence Level">3</attribute>
      <attribute name="Notes">NA</attribute>
      <attribute name="Sex">Male</attribute>
      <attribute name="Adipose Clipped">NA</attribute>
      <attribute name="Injury">NA</attribute>
    </box>
    <box frame="222" outside="0" occluded="0" keyframe="0" xtl="3.05" ytl="366.60" xbr="601.49" ybr="906.10" z_order="0">
      <attribute name="Confidence Level">3</attribute>
      <attribute name="Notes">NA</attribute>
      <attribute name="Sex">Male</attribute>
      <attribute name="Adipose Clipped">NA</attribute>
      <attribute name="Injury">NA</attribute>
    </box>
    <box frame="223" outside="0" occluded="0" keyframe="0" xtl="3.05" ytl="366.60" xbr="594.79" ybr="906.10" z_order="0">
      <attribute name="Confidence Level">3</attribute>
      <attribute name="Notes">NA</attribute>
      <attribute name="Sex">Male</attribute>
      <attribute name="Adipose Clipped">NA</attribute>
      <attribute name="Injury">NA</attribute>
    </box>
    <box frame="224" outside="0" occluded="0" keyframe="0" xtl="3.05" ytl="366.60" xbr="588.08" ybr="906.10" z_order="0">
      <attribute name="Confidence Level">3</attribute>
      <attribute name="Notes">NA</attribute>
      <attribute name="Sex">Male</attribute>
      <attribute name="Adipose Clipped">NA</attribute>
      <attribute name="Injury">NA</attribute>
    </box>
    <box frame="225" outside="0" occluded="0" keyframe="0" xtl="3.05" ytl="366.60" xbr="581.38" ybr="906.10" z_order="0">
      <attribute name="Confidence Level">3</attribute>
      <attribute name="Notes">NA</attribute>
      <attribute name="Sex">Male</attribute>
      <attribute name="Adipose Clipped">NA</attribute>
      <attribute name="Injury">NA</attribute>
    </box>
    <box frame="226" outside="0" occluded="0" keyframe="0" xtl="3.05" ytl="366.60" xbr="574.67" ybr="906.10" z_order="0">
      <attribute name="Confidence Level">3</attribute>
      <attribute name="Notes">NA</attribute>
      <attribute name="Sex">Male</attribute>
      <attribute name="Adipose Clipped">NA</attribute>
      <attribute name="Injury">NA</attribute>
    </box>
    <box frame="227" outside="0" occluded="0" keyframe="0" xtl="3.05" ytl="366.60" xbr="567.97" ybr="906.10" z_order="0">
      <attribute name="Confidence Level">3</attribute>
      <attribute name="Notes">NA</attribute>
      <attribute name="Sex">Male</attribute>
      <attribute name="Adipose Clipped">NA</attribute>
      <attribute name="Injury">NA</attribute>
    </box>
    <box frame="228" outside="0" occluded="0" keyframe="0" xtl="3.05" ytl="366.60" xbr="561.26" ybr="906.10" z_order="0">
      <attribute name="Confidence Level">3</attribute>
      <attribute name="Notes">NA</attribute>
      <attribute name="Sex">Male</attribute>
      <attribute name="Adipose Clipped">NA</attribute>
      <attribute name="Injury">NA</attribute>
    </box>
    <box frame="229" outside="0" occluded="0" keyframe="0" xtl="3.05" ytl="366.60" xbr="554.56" ybr="906.10" z_order="0">
      <attribute name="Confidence Level">3</attribute>
      <attribute name="Notes">NA</attribute>
      <attribute name="Sex">Male</attribute>
      <attribute name="Adipose Clipped">NA</attribute>
      <attribute name="Injury">NA</attribute>
    </box>
    <box frame="230" outside="0" occluded="0" keyframe="0" xtl="3.05" ytl="366.60" xbr="547.85" ybr="906.10" z_order="0">
      <attribute name="Confidence Level">3</attribute>
      <attribute name="Notes">NA</attribute>
      <attribute name="Sex">Male</attribute>
      <attribute name="Adipose Clipped">NA</attribute>
      <attribute name="Injury">NA</attribute>
    </box>
    <box frame="231" outside="0" occluded="0" keyframe="0" xtl="3.05" ytl="366.60" xbr="541.15" ybr="906.10" z_order="0">
      <attribute name="Confidence Level">3</attribute>
      <attribute name="Notes">NA</attribute>
      <attribute name="Sex">Male</attribute>
      <attribute name="Adipose Clipped">NA</attribute>
      <attribute name="Injury">NA</attribute>
    </box>
    <box frame="232" outside="0" occluded="0" keyframe="0" xtl="3.05" ytl="366.60" xbr="534.44" ybr="906.10" z_order="0">
      <attribute name="Confidence Level">3</attribute>
      <attribute name="Notes">NA</attribute>
      <attribute name="Sex">Male</attribute>
      <attribute name="Adipose Clipped">NA</attribute>
      <attribute name="Injury">NA</attribute>
    </box>
    <box frame="233" outside="0" occluded="0" keyframe="0" xtl="3.05" ytl="366.60" xbr="527.74" ybr="906.10" z_order="0">
      <attribute name="Confidence Level">3</attribute>
      <attribute name="Notes">NA</attribute>
      <attribute name="Sex">Male</attribute>
      <attribute name="Adipose Clipped">NA</attribute>
      <attribute name="Injury">NA</attribute>
    </box>
    <box frame="234" outside="0" occluded="0" keyframe="0" xtl="3.05" ytl="366.60" xbr="521.03" ybr="906.10" z_order="0">
      <attribute name="Confidence Level">3</attribute>
      <attribute name="Notes">NA</attribute>
      <attribute name="Sex">Male</attribute>
      <attribute name="Adipose Clipped">NA</attribute>
      <attribute name="Injury">NA</attribute>
    </box>
    <box frame="235" outside="0" occluded="0" keyframe="0" xtl="3.05" ytl="366.60" xbr="514.33" ybr="906.10" z_order="0">
      <attribute name="Confidence Level">3</attribute>
      <attribute name="Notes">NA</attribute>
      <attribute name="Sex">Male</attribute>
      <attribute name="Adipose Clipped">NA</attribute>
      <attribute name="Injury">NA</attribute>
    </box>
    <box frame="236" outside="0" occluded="0" keyframe="0" xtl="3.05" ytl="366.60" xbr="507.62" ybr="906.10" z_order="0">
      <attribute name="Confidence Level">3</attribute>
      <attribute name="Notes">NA</attribute>
      <attribute name="Sex">Male</attribute>
      <attribute name="Adipose Clipped">NA</attribute>
      <attribute name="Injury">NA</attribute>
    </box>
    <box frame="237" outside="0" occluded="0" keyframe="0" xtl="3.05" ytl="366.60" xbr="500.92" ybr="906.10" z_order="0">
      <attribute name="Confidence Level">3</attribute>
      <attribute name="Notes">NA</attribute>
      <attribute name="Sex">Male</attribute>
      <attribute name="Adipose Clipped">NA</attribute>
      <attribute name="Injury">NA</attribute>
    </box>
    <box frame="238" outside="0" occluded="0" keyframe="0" xtl="3.05" ytl="366.60" xbr="494.21" ybr="906.10" z_order="0">
      <attribute name="Confidence Level">3</attribute>
      <attribute name="Notes">NA</attribute>
      <attribute name="Sex">Male</attribute>
      <attribute name="Adipose Clipped">NA</attribute>
      <attribute name="Injury">NA</attribute>
    </box>
    <box frame="239" outside="0" occluded="0" keyframe="0" xtl="3.05" ytl="366.60" xbr="487.51" ybr="906.10" z_order="0">
      <attribute name="Confidence Level">3</attribute>
      <attribute name="Notes">NA</attribute>
      <attribute name="Sex">Male</attribute>
      <attribute name="Adipose Clipped">NA</attribute>
      <attribute name="Injury">NA</attribute>
    </box>
    <box frame="240" outside="0" occluded="0" keyframe="1" xtl="3.05" ytl="366.60" xbr="480.80" ybr="906.10" z_order="0">
      <attribute name="Confidence Level">3</attribute>
      <attribute name="Notes">NA</attribute>
      <attribute name="Sex">Male</attribute>
      <attribute name="Adipose Clipped">NA</attribute>
      <attribute name="Injury">NA</attribute>
    </box>
    <box frame="241" outside="0" occluded="0" keyframe="0" xtl="3.05" ytl="366.60" xbr="465.54" ybr="906.10" z_order="0">
      <attribute name="Confidence Level">3</attribute>
      <attribute name="Notes">NA</attribute>
      <attribute name="Sex">Male</attribute>
      <attribute name="Adipose Clipped">NA</attribute>
      <attribute name="Injury">NA</attribute>
    </box>
    <box frame="242" outside="0" occluded="0" keyframe="0" xtl="3.05" ytl="366.60" xbr="450.28" ybr="906.10" z_order="0">
      <attribute name="Confidence Level">3</attribute>
      <attribute name="Notes">NA</attribute>
      <attribute name="Sex">Male</attribute>
      <attribute name="Adipose Clipped">NA</attribute>
      <attribute name="Injury">NA</attribute>
    </box>
    <box frame="243" outside="0" occluded="0" keyframe="0" xtl="3.05" ytl="366.60" xbr="435.02" ybr="906.10" z_order="0">
      <attribute name="Confidence Level">3</attribute>
      <attribute name="Notes">NA</attribute>
      <attribute name="Sex">Male</attribute>
      <attribute name="Adipose Clipped">NA</attribute>
      <attribute name="Injury">NA</attribute>
    </box>
    <box frame="244" outside="0" occluded="0" keyframe="0" xtl="3.05" ytl="366.60" xbr="419.76" ybr="906.10" z_order="0">
      <attribute name="Confidence Level">3</attribute>
      <attribute name="Notes">NA</attribute>
      <attribute name="Sex">Male</attribute>
      <attribute name="Adipose Clipped">NA</attribute>
      <attribute name="Injury">NA</attribute>
    </box>
    <box frame="245" outside="0" occluded="0" keyframe="0" xtl="3.05" ytl="366.60" xbr="404.50" ybr="906.10" z_order="0">
      <attribute name="Confidence Level">3</attribute>
      <attribute name="Notes">NA</attribute>
      <attribute name="Sex">Male</attribute>
      <attribute name="Adipose Clipped">NA</attribute>
      <attribute name="Injury">NA</attribute>
    </box>
    <box frame="246" outside="0" occluded="0" keyframe="0" xtl="3.05" ytl="366.60" xbr="389.24" ybr="906.10" z_order="0">
      <attribute name="Confidence Level">3</attribute>
      <attribute name="Notes">NA</attribute>
      <attribute name="Sex">Male</attribute>
      <attribute name="Adipose Clipped">NA</attribute>
      <attribute name="Injury">NA</attribute>
    </box>
    <box frame="247" outside="0" occluded="0" keyframe="0" xtl="3.05" ytl="366.60" xbr="373.98" ybr="906.10" z_order="0">
      <attribute name="Confidence Level">3</attribute>
      <attribute name="Notes">NA</attribute>
      <attribute name="Sex">Male</attribute>
      <attribute name="Adipose Clipped">NA</attribute>
      <attribute name="Injury">NA</attribute>
    </box>
    <box frame="248" outside="0" occluded="0" keyframe="0" xtl="3.05" ytl="366.60" xbr="358.72" ybr="906.10" z_order="0">
      <attribute name="Confidence Level">3</attribute>
      <attribute name="Notes">NA</attribute>
      <attribute name="Sex">Male</attribute>
      <attribute name="Adipose Clipped">NA</attribute>
      <attribute name="Injury">NA</attribute>
    </box>
    <box frame="249" outside="0" occluded="0" keyframe="0" xtl="3.05" ytl="366.60" xbr="343.46" ybr="906.10" z_order="0">
      <attribute name="Confidence Level">3</attribute>
      <attribute name="Notes">NA</attribute>
      <attribute name="Sex">Male</attribute>
      <attribute name="Adipose Clipped">NA</attribute>
      <attribute name="Injury">NA</attribute>
    </box>
    <box frame="250" outside="0" occluded="0" keyframe="1" xtl="3.05" ytl="366.60" xbr="328.20" ybr="906.10" z_order="0">
      <attribute name="Confidence Level">3</attribute>
      <attribute name="Notes">NA</attribute>
      <attribute name="Sex">Male</attribute>
      <attribute name="Adipose Clipped">NA</attribute>
      <attribute name="Injury">NA</attribute>
    </box>
    <box frame="251" outside="0" occluded="0" keyframe="0" xtl="3.05" ytl="366.60" xbr="343.76" ybr="906.10" z_order="0">
      <attribute name="Confidence Level">3</attribute>
      <attribute name="Notes">NA</attribute>
      <attribute name="Sex">Male</attribute>
      <attribute name="Adipose Clipped">NA</attribute>
      <attribute name="Injury">NA</attribute>
    </box>
    <box frame="252" outside="0" occluded="0" keyframe="0" xtl="3.05" ytl="366.60" xbr="359.32" ybr="906.10" z_order="0">
      <attribute name="Confidence Level">3</attribute>
      <attribute name="Notes">NA</attribute>
      <attribute name="Sex">Male</attribute>
      <attribute name="Adipose Clipped">NA</attribute>
      <attribute name="Injury">NA</attribute>
    </box>
    <box frame="253" outside="0" occluded="0" keyframe="0" xtl="3.05" ytl="366.60" xbr="374.88" ybr="906.10" z_order="0">
      <attribute name="Confidence Level">3</attribute>
      <attribute name="Notes">NA</attribute>
      <attribute name="Sex">Male</attribute>
      <attribute name="Adipose Clipped">NA</attribute>
      <attribute name="Injury">NA</attribute>
    </box>
    <box frame="254" outside="0" occluded="0" keyframe="0" xtl="3.05" ytl="366.60" xbr="390.44" ybr="906.10" z_order="0">
      <attribute name="Confidence Level">3</attribute>
      <attribute name="Notes">NA</attribute>
      <attribute name="Sex">Male</attribute>
      <attribute name="Adipose Clipped">NA</attribute>
      <attribute name="Injury">NA</attribute>
    </box>
    <box frame="255" outside="0" occluded="0" keyframe="0" xtl="3.05" ytl="366.60" xbr="406.00" ybr="906.10" z_order="0">
      <attribute name="Confidence Level">3</attribute>
      <attribute name="Notes">NA</attribute>
      <attribute name="Sex">Male</attribute>
      <attribute name="Adipose Clipped">NA</attribute>
      <attribute name="Injury">NA</attribute>
    </box>
    <box frame="256" outside="0" occluded="0" keyframe="0" xtl="3.05" ytl="366.60" xbr="421.56" ybr="906.10" z_order="0">
      <attribute name="Confidence Level">3</attribute>
      <attribute name="Notes">NA</attribute>
      <attribute name="Sex">Male</attribute>
      <attribute name="Adipose Clipped">NA</attribute>
      <attribute name="Injury">NA</attribute>
    </box>
    <box frame="257" outside="0" occluded="0" keyframe="0" xtl="3.05" ytl="366.60" xbr="437.12" ybr="906.10" z_order="0">
      <attribute name="Confidence Level">3</attribute>
      <attribute name="Notes">NA</attribute>
      <attribute name="Sex">Male</attribute>
      <attribute name="Adipose Clipped">NA</attribute>
      <attribute name="Injury">NA</attribute>
    </box>
    <box frame="258" outside="0" occluded="0" keyframe="0" xtl="3.05" ytl="366.60" xbr="452.68" ybr="906.10" z_order="0">
      <attribute name="Confidence Level">3</attribute>
      <attribute name="Notes">NA</attribute>
      <attribute name="Sex">Male</attribute>
      <attribute name="Adipose Clipped">NA</attribute>
      <attribute name="Injury">NA</attribute>
    </box>
    <box frame="259" outside="0" occluded="0" keyframe="0" xtl="3.05" ytl="366.60" xbr="468.24" ybr="906.10" z_order="0">
      <attribute name="Confidence Level">3</attribute>
      <attribute name="Notes">NA</attribute>
      <attribute name="Sex">Male</attribute>
      <attribute name="Adipose Clipped">NA</attribute>
      <attribute name="Injury">NA</attribute>
    </box>
    <box frame="260" outside="0" occluded="0" keyframe="1" xtl="3.05" ytl="366.60" xbr="483.80" ybr="906.10" z_order="0">
      <attribute name="Confidence Level">3</attribute>
      <attribute name="Notes">NA</attribute>
      <attribute name="Sex">Male</attribute>
      <attribute name="Adipose Clipped">NA</attribute>
      <attribute name="Injury">NA</attribute>
    </box>
    <box frame="261" outside="0" occluded="0" keyframe="0" xtl="3.05" ytl="366.60" xbr="476.48" ybr="906.10" z_order="0">
      <attribute name="Confidence Level">3</attribute>
      <attribute name="Notes">NA</attribute>
      <attribute name="Sex">Male</attribute>
      <attribute name="Adipose Clipped">NA</attribute>
      <attribute name="Injury">NA</attribute>
    </box>
    <box frame="262" outside="0" occluded="0" keyframe="0" xtl="3.05" ytl="366.60" xbr="469.17" ybr="906.10" z_order="0">
      <attribute name="Confidence Level">3</attribute>
      <attribute name="Notes">NA</attribute>
      <attribute name="Sex">Male</attribute>
      <attribute name="Adipose Clipped">NA</attribute>
      <attribute name="Injury">NA</attribute>
    </box>
    <box frame="263" outside="0" occluded="0" keyframe="0" xtl="3.05" ytl="366.60" xbr="461.85" ybr="906.10" z_order="0">
      <attribute name="Confidence Level">3</attribute>
      <attribute name="Notes">NA</attribute>
      <attribute name="Sex">Male</attribute>
      <attribute name="Adipose Clipped">NA</attribute>
      <attribute name="Injury">NA</attribute>
    </box>
    <box frame="264" outside="0" occluded="0" keyframe="0" xtl="3.05" ytl="366.60" xbr="454.53" ybr="906.10" z_order="0">
      <attribute name="Confidence Level">3</attribute>
      <attribute name="Notes">NA</attribute>
      <attribute name="Sex">Male</attribute>
      <attribute name="Adipose Clipped">NA</attribute>
      <attribute name="Injury">NA</attribute>
    </box>
    <box frame="265" outside="0" occluded="0" keyframe="0" xtl="3.05" ytl="366.60" xbr="447.22" ybr="906.10" z_order="0">
      <attribute name="Confidence Level">3</attribute>
      <attribute name="Notes">NA</attribute>
      <attribute name="Sex">Male</attribute>
      <attribute name="Adipose Clipped">NA</attribute>
      <attribute name="Injury">NA</attribute>
    </box>
    <box frame="266" outside="0" occluded="0" keyframe="0" xtl="3.05" ytl="366.60" xbr="439.90" ybr="906.10" z_order="0">
      <attribute name="Confidence Level">3</attribute>
      <attribute name="Notes">NA</attribute>
      <attribute name="Sex">Male</attribute>
      <attribute name="Adipose Clipped">NA</attribute>
      <attribute name="Injury">NA</attribute>
    </box>
    <box frame="267" outside="0" occluded="0" keyframe="0" xtl="3.05" ytl="366.60" xbr="432.58" ybr="906.10" z_order="0">
      <attribute name="Confidence Level">3</attribute>
      <attribute name="Notes">NA</attribute>
      <attribute name="Sex">Male</attribute>
      <attribute name="Adipose Clipped">NA</attribute>
      <attribute name="Injury">NA</attribute>
    </box>
    <box frame="268" outside="0" occluded="0" keyframe="0" xtl="3.05" ytl="366.60" xbr="425.27" ybr="906.10" z_order="0">
      <attribute name="Confidence Level">3</attribute>
      <attribute name="Notes">NA</attribute>
      <attribute name="Sex">Male</attribute>
      <attribute name="Adipose Clipped">NA</attribute>
      <attribute name="Injury">NA</attribute>
    </box>
    <box frame="269" outside="0" occluded="0" keyframe="0" xtl="3.05" ytl="366.60" xbr="417.95" ybr="906.10" z_order="0">
      <attribute name="Confidence Level">3</attribute>
      <attribute name="Notes">NA</attribute>
      <attribute name="Sex">Male</attribute>
      <attribute name="Adipose Clipped">NA</attribute>
      <attribute name="Injury">NA</attribute>
    </box>
    <box frame="270" outside="0" occluded="0" keyframe="0" xtl="3.05" ytl="366.60" xbr="410.63" ybr="906.10" z_order="0">
      <attribute name="Confidence Level">3</attribute>
      <attribute name="Notes">NA</attribute>
      <attribute name="Sex">Male</attribute>
      <attribute name="Adipose Clipped">NA</attribute>
      <attribute name="Injury">NA</attribute>
    </box>
    <box frame="271" outside="0" occluded="0" keyframe="0" xtl="3.05" ytl="366.60" xbr="403.32" ybr="906.10" z_order="0">
      <attribute name="Confidence Level">3</attribute>
      <attribute name="Notes">NA</attribute>
      <attribute name="Sex">Male</attribute>
      <attribute name="Adipose Clipped">NA</attribute>
      <attribute name="Injury">NA</attribute>
    </box>
    <box frame="272" outside="0" occluded="0" keyframe="1" xtl="3.05" ytl="366.60" xbr="396.00" ybr="906.10" z_order="0">
      <attribute name="Confidence Level">3</attribute>
      <attribute name="Notes">NA</attribute>
      <attribute name="Sex">Male</attribute>
      <attribute name="Adipose Clipped">NA</attribute>
      <attribute name="Injury">NA</attribute>
    </box>
    <box frame="273" outside="0" occluded="0" keyframe="0" xtl="3.05" ytl="366.60" xbr="376.90" ybr="906.10" z_order="0">
      <attribute name="Confidence Level">3</attribute>
      <attribute name="Notes">NA</attribute>
      <attribute name="Sex">Male</attribute>
      <attribute name="Adipose Clipped">NA</attribute>
      <attribute name="Injury">NA</attribute>
    </box>
    <box frame="274" outside="0" occluded="0" keyframe="0" xtl="3.05" ytl="366.60" xbr="357.80" ybr="906.10" z_order="0">
      <attribute name="Confidence Level">3</attribute>
      <attribute name="Notes">NA</attribute>
      <attribute name="Sex">Male</attribute>
      <attribute name="Adipose Clipped">NA</attribute>
      <attribute name="Injury">NA</attribute>
    </box>
    <box frame="275" outside="0" occluded="0" keyframe="0" xtl="3.05" ytl="366.60" xbr="338.70" ybr="906.10" z_order="0">
      <attribute name="Confidence Level">3</attribute>
      <attribute name="Notes">NA</attribute>
      <attribute name="Sex">Male</attribute>
      <attribute name="Adipose Clipped">NA</attribute>
      <attribute name="Injury">NA</attribute>
    </box>
    <box frame="276" outside="0" occluded="0" keyframe="0" xtl="3.05" ytl="366.60" xbr="319.60" ybr="906.10" z_order="0">
      <attribute name="Confidence Level">3</attribute>
      <attribute name="Notes">NA</attribute>
      <attribute name="Sex">Male</attribute>
      <attribute name="Adipose Clipped">NA</attribute>
      <attribute name="Injury">NA</attribute>
    </box>
    <box frame="277" outside="0" occluded="0" keyframe="1" xtl="3.05" ytl="366.60" xbr="300.50" ybr="906.10" z_order="0">
      <attribute name="Confidence Level">3</attribute>
      <attribute name="Notes">NA</attribute>
      <attribute name="Sex">Male</attribute>
      <attribute name="Adipose Clipped">NA</attribute>
      <attribute name="Injury">NA</attribute>
    </box>
    <box frame="278" outside="0" occluded="0" keyframe="0" xtl="3.05" ytl="366.60" xbr="263.53" ybr="906.10" z_order="0">
      <attribute name="Confidence Level">3</attribute>
      <attribute name="Notes">NA</attribute>
      <attribute name="Sex">Male</attribute>
      <attribute name="Adipose Clipped">NA</attribute>
      <attribute name="Injury">NA</attribute>
    </box>
    <box frame="279" outside="0" occluded="0" keyframe="0" xtl="3.05" ytl="366.60" xbr="226.55" ybr="906.10" z_order="0">
      <attribute name="Confidence Level">3</attribute>
      <attribute name="Notes">NA</attribute>
      <attribute name="Sex">Male</attribute>
      <attribute name="Adipose Clipped">NA</attribute>
      <attribute name="Injury">NA</attribute>
    </box>
    <box frame="280" outside="0" occluded="0" keyframe="0" xtl="3.05" ytl="366.60" xbr="189.58" ybr="906.10" z_order="0">
      <attribute name="Confidence Level">3</attribute>
      <attribute name="Notes">NA</attribute>
      <attribute name="Sex">Male</attribute>
      <attribute name="Adipose Clipped">NA</attribute>
      <attribute name="Injury">NA</attribute>
    </box>
    <box frame="281" outside="0" occluded="0" keyframe="1" xtl="3.05" ytl="366.60" xbr="152.60" ybr="906.10" z_order="0">
      <attribute name="Confidence Level">3</attribute>
      <attribute name="Notes">NA</attribute>
      <attribute name="Sex">Male</attribute>
      <attribute name="Adipose Clipped">NA</attribute>
      <attribute name="Injury">NA</attribute>
    </box>
    <box frame="282" outside="0" occluded="0" keyframe="0" xtl="3.05" ytl="445.95" xbr="152.60" ybr="849.10" z_order="0">
      <attribute name="Confidence Level">3</attribute>
      <attribute name="Notes">NA</attribute>
      <attribute name="Sex">Male</attribute>
      <attribute name="Adipose Clipped">NA</attribute>
      <attribute name="Injury">NA</attribute>
    </box>
    <box frame="283" outside="0" occluded="0" keyframe="1" xtl="3.05" ytl="525.30" xbr="152.60" ybr="792.10" z_order="0">
      <attribute name="Confidence Level">3</attribute>
      <attribute name="Notes">NA</attribute>
      <attribute name="Sex">Male</attribute>
      <attribute name="Adipose Clipped">NA</attribute>
      <attribute name="Injury">NA</attribute>
    </box>
    <box frame="284" outside="0" occluded="0" keyframe="0" xtl="3.05" ytl="525.30" xbr="129.50" ybr="792.10" z_order="0">
      <attribute name="Confidence Level">3</attribute>
      <attribute name="Notes">NA</attribute>
      <attribute name="Sex">Male</attribute>
      <attribute name="Adipose Clipped">NA</attribute>
      <attribute name="Injury">NA</attribute>
    </box>
    <box frame="285" outside="0" occluded="0" keyframe="1" xtl="3.05" ytl="525.30" xbr="106.40" ybr="792.10" z_order="0">
      <attribute name="Confidence Level">3</attribute>
      <attribute name="Notes">NA</attribute>
      <attribute name="Sex">Male</attribute>
      <attribute name="Adipose Clipped">NA</attribute>
      <attribute name="Injury">NA</attribute>
    </box>
    <box frame="286" outside="0" occluded="0" keyframe="0" xtl="3.05" ytl="525.30" xbr="73.25" ybr="792.10" z_order="0">
      <attribute name="Confidence Level">3</attribute>
      <attribute name="Notes">NA</attribute>
      <attribute name="Sex">Male</attribute>
      <attribute name="Adipose Clipped">NA</attribute>
      <attribute name="Injury">NA</attribute>
    </box>
    <box frame="287" outside="0" occluded="0" keyframe="1" xtl="3.05" ytl="525.30" xbr="40.10" ybr="792.10" z_order="0">
      <attribute name="Confidence Level">3</attribute>
      <attribute name="Notes">NA</attribute>
      <attribute name="Sex">Male</attribute>
      <attribute name="Adipose Clipped">NA</attribute>
      <attribute name="Injury">NA</attribute>
    </box>
    <box frame="288" outside="0" occluded="0" keyframe="0" xtl="3.05" ytl="525.30" xbr="40.10" ybr="792.10" z_order="0">
      <attribute name="Confidence Level">3</attribute>
      <attribute name="Notes">NA</attribute>
      <attribute name="Sex">Male</attribute>
      <attribute name="Adipose Clipped">NA</attribute>
      <attribute name="Injury">NA</attribute>
    </box>
    <box frame="289" outside="1" occluded="0" keyframe="1" xtl="3.05" ytl="525.30" xbr="40.10" ybr="792.10" z_order="0">
      <attribute name="Confidence Level">3</attribute>
      <attribute name="Notes">NA</attribute>
      <attribute name="Sex">Male</attribute>
      <attribute name="Adipose Clipped">NA</attribute>
      <attribute name="Injury">NA</attribute>
    </box>
  </track>
</annotations>