<?xml version="1.0" encoding="utf-8"?>
<annotations>
  <version>1.1</version>
  <meta>
    <task>
      <id>229</id>
      <name>09-14-2020 18-27-53 M Salmon Camera</name>
      <size>690</size>
      <mode>interpolation</mode>
      <overlap>5</overlap>
      <bugtracker></bugtracker>
      <created>2021-12-20 19:27:35.200802+00:00</created>
      <updated>2021-12-20 19:41:25.836481+00:00</updated>
      <subset>default</subset>
      <start_frame>0</start_frame>
      <stop_frame>689</stop_frame>
      <frame_filter></frame_filter>
      <segments>
        <segment>
          <id>229</id>
          <start>0</start>
          <stop>689</stop>
          <url>httplocalhost:8080/?id=229</url>
        </segment>
      </segments>
      <owner>
        <username>scurfield</username>
        <email>dan.scurfield@gmail.com</email>
      </owner>
      <assignee></assignee>
      <labels>
        <label>
          <name>Coho</name>
          <color>#83e070</color>
          <attributes>
            <attribute>
              <name>Adipose Clipped</name>
              <mutable>False</mutable>
              <input_type>select</input_type>
              <default_value>No</default_value>
              <values>No
Yes
NA</values>
            </attribute>
            <attribute>
              <name>confidence level</name>
              <mutable>False</mutable>
              <input_type>select</input_type>
              <default_value>3</default_value>
              <values>3
2
1</values>
            </attribute>
            <attribute>
              <name>injury</name>
              <mutable>False</mutable>
              <input_type>select</input_type>
              <default_value>No</default_value>
              <values>No
Yes
NA</values>
            </attribute>
            <attribute>
              <name>notes</name>
              <mutable>False</mutable>
              <input_type>text</input_type>
              <default_value>NA</default_value>
              <values>NA</values>
            </attribute>
            <attribute>
              <name>sex</name>
              <mutable>False</mutable>
              <input_type>select</input_type>
              <default_value>Male</default_value>
              <values>Male
Female
Jack</values>
            </attribute>
            <attribute>
              <name>view</name>
              <mutable>False</mutable>
              <input_type>select</input_type>
              <default_value>Side</default_value>
              <values>Side
Top-down</values>
            </attribute>
          </attributes>
        </label>
        <label>
          <name>Bull</name>
          <color>#20c000</color>
          <attributes>
            <attribute>
              <name>adipose clipped</name>
              <mutable>False</mutable>
              <input_type>select</input_type>
              <default_value>No</default_value>
              <values>No
NA</values>
            </attribute>
            <attribute>
              <name>confidence level</name>
              <mutable>False</mutable>
              <input_type>select</input_type>
              <default_value>3</default_value>
              <values>3
2
1</values>
            </attribute>
            <attribute>
              <name>injury</name>
              <mutable>False</mutable>
              <input_type>select</input_type>
              <default_value>No</default_value>
              <values>No
Yes
NA</values>
            </attribute>
            <attribute>
              <name>notes</name>
              <mutable>False</mutable>
              <input_type>text</input_type>
              <default_value>NA</default_value>
              <values>NA</values>
            </attribute>
            <attribute>
              <name>sex</name>
              <mutable>False</mutable>
              <input_type>select</input_type>
              <default_value>NA</default_value>
              <values>NA</values>
            </attribute>
            <attribute>
              <name>view</name>
              <mutable>False</mutable>
              <input_type>select</input_type>
              <default_value>Side</default_value>
              <values>Side
Top-down</values>
            </attribute>
          </attributes>
        </label>
        <label>
          <name>Chum</name>
          <color>#b83df5</color>
          <attributes>
            <attribute>
              <name>adipose clipped</name>
              <mutable>False</mutable>
              <input_type>select</input_type>
              <default_value>No</default_value>
              <values>No
Yes
NA</values>
            </attribute>
            <attribute>
              <name>confidence level</name>
              <mutable>False</mutable>
              <input_type>select</input_type>
              <default_value>3</default_value>
              <values>3
2
1</values>
            </attribute>
            <attribute>
              <name>injury</name>
              <mutable>False</mutable>
              <input_type>select</input_type>
              <default_value>No</default_value>
              <values>No
Yes
NA</values>
            </attribute>
            <attribute>
              <name>notes</name>
              <mutable>False</mutable>
              <input_type>text</input_type>
              <default_value>NA</default_value>
              <values>NA</values>
            </attribute>
            <attribute>
              <name>sex</name>
              <mutable>False</mutable>
              <input_type>select</input_type>
              <default_value>Male</default_value>
              <values>Male
Female</values>
            </attribute>
            <attribute>
              <name>view</name>
              <mutable>False</mutable>
              <input_type>select</input_type>
              <default_value>Side</default_value>
              <values>Side
Top-down</values>
            </attribute>
          </attributes>
        </label>
        <label>
          <name>Whitefish</name>
          <color>#e5e3ee</color>
          <attributes>
            <attribute>
              <name>adipose clipped</name>
              <mutable>False</mutable>
              <input_type>select</input_type>
              <default_value>No</default_value>
              <values>No
Yes
NA</values>
            </attribute>
            <attribute>
              <name>confidence level</name>
              <mutable>False</mutable>
              <input_type>select</input_type>
              <default_value>3</default_value>
              <values>3
2
1</values>
            </attribute>
            <attribute>
              <name>injury</name>
              <mutable>False</mutable>
              <input_type>select</input_type>
              <default_value>No</default_value>
              <values>No
Yes
NA</values>
            </attribute>
            <attribute>
              <name>notes</name>
              <mutable>False</mutable>
              <input_type>text</input_type>
              <default_value>NA</default_value>
              <values>NA</values>
            </attribute>
            <attribute>
              <name>sex</name>
              <mutable>False</mutable>
              <input_type>select</input_type>
              <default_value>NA</default_value>
              <values>NA</values>
            </attribute>
            <attribute>
              <name>view</name>
              <mutable>False</mutable>
              <input_type>select</input_type>
              <default_value>Side</default_value>
              <values>Side
Top-down</values>
            </attribute>
          </attributes>
        </label>
        <label>
          <name>Pink</name>
          <color>#fa7dbb</color>
          <attributes>
            <attribute>
              <name>adipose clipped</name>
              <mutable>False</mutable>
              <input_type>select</input_type>
              <default_value>No</default_value>
              <values>No
Yes
NA</values>
            </attribute>
            <attribute>
              <name>confidence level</name>
              <mutable>False</mutable>
              <input_type>select</input_type>
              <default_value>3</default_value>
              <values>3
2
1</values>
            </attribute>
            <attribute>
              <name>injury</name>
              <mutable>False</mutable>
              <input_type>select</input_type>
              <default_value>No</default_value>
              <values>No
Yes
NA</values>
            </attribute>
            <attribute>
              <name>notes</name>
              <mutable>False</mutable>
              <input_type>text</input_type>
              <default_value>NA</default_value>
              <values>NA</values>
            </attribute>
            <attribute>
              <name>sex</name>
              <mutable>False</mutable>
              <input_type>select</input_type>
              <default_value>Male</default_value>
              <values>Male
Female</values>
            </attribute>
            <attribute>
              <name>view</name>
              <mutable>False</mutable>
              <input_type>select</input_type>
              <default_value>Side</default_value>
              <values>Side
Top-down</values>
            </attribute>
          </attributes>
        </label>
        <label>
          <name>Sockeye</name>
          <color>#fa3253</color>
          <attributes>
            <attribute>
              <name>adipose clipped</name>
              <mutable>False</mutable>
              <input_type>select</input_type>
              <default_value>No</default_value>
              <values>No
Yes
NA</values>
            </attribute>
            <attribute>
              <name>confidence level</name>
              <mutable>False</mutable>
              <input_type>select</input_type>
              <default_value>3</default_value>
              <values>3
2
1</values>
            </attribute>
            <attribute>
              <name>injury</name>
              <mutable>False</mutable>
              <input_type>select</input_type>
              <default_value>No</default_value>
              <values>No
Yes
NA</values>
            </attribute>
            <attribute>
              <name>notes</name>
              <mutable>False</mutable>
              <input_type>text</input_type>
              <default_value>NA</default_value>
              <values>NA</values>
            </attribute>
            <attribute>
              <name>sex</name>
              <mutable>False</mutable>
              <input_type>select</input_type>
              <default_value>Male</default_value>
              <values>Male
Female
Jack</values>
            </attribute>
            <attribute>
              <name>view</name>
              <mutable>False</mutable>
              <input_type>select</input_type>
              <default_value>Side</default_value>
              <values>Side
Top-down</values>
            </attribute>
          </attributes>
        </label>
        <label>
          <name>Steelhead</name>
          <color>#32b7fa</color>
          <attributes>
            <attribute>
              <name>adipose clipped</name>
              <mutable>False</mutable>
              <input_type>select</input_type>
              <default_value>No</default_value>
              <values>No
Yes
NA</values>
            </attribute>
            <attribute>
              <name>confidence level</name>
              <mutable>False</mutable>
              <input_type>select</input_type>
              <default_value>3</default_value>
              <values>3
2
1</values>
            </attribute>
            <attribute>
              <name>injury</name>
              <mutable>False</mutable>
              <input_type>select</input_type>
              <default_value>No</default_value>
              <values>No
Yes
NA</values>
            </attribute>
            <attribute>
              <name>notes</name>
              <mutable>False</mutable>
              <input_type>text</input_type>
              <default_value>NA</default_value>
              <values>NA</values>
            </attribute>
            <attribute>
              <name>sex</name>
              <mutable>False</mutable>
              <input_type>select</input_type>
              <default_value>Male</default_value>
              <values>Male
Female</values>
            </attribute>
            <attribute>
              <name>view</name>
              <mutable>False</mutable>
              <input_type>select</input_type>
              <default_value>Side</default_value>
              <values>Side
Top-down</values>
            </attribute>
          </attributes>
        </label>
        <label>
          <name>Rainbow</name>
          <color>#f1c6e3</color>
          <attributes>
            <attribute>
              <name>adipose clipped</name>
              <mutable>False</mutable>
              <input_type>select</input_type>
              <default_value>No</default_value>
              <values>No
Yes
NA</values>
            </attribute>
            <attribute>
              <name>confidence level</name>
              <mutable>False</mutable>
              <input_type>select</input_type>
              <default_value>3</default_value>
              <values>3
2
1</values>
            </attribute>
            <attribute>
              <name>injury</name>
              <mutable>False</mutable>
              <input_type>select</input_type>
              <default_value>No</default_value>
              <values>No
Yes
NA</values>
            </attribute>
            <attribute>
              <name>notes</name>
              <mutable>False</mutable>
              <input_type>text</input_type>
              <default_value>NA</default_value>
              <values>NA</values>
            </attribute>
            <attribute>
              <name>sex</name>
              <mutable>False</mutable>
              <input_type>select</input_type>
              <default_value>NA</default_value>
              <values>NA
Juvenile</values>
            </attribute>
            <attribute>
              <name>view</name>
              <mutable>False</mutable>
              <input_type>select</input_type>
              <default_value>Side</default_value>
              <values>Side
Top-down</values>
            </attribute>
          </attributes>
        </label>
        <label>
          <name>Chinook</name>
          <color>#2a7dd1</color>
          <attributes>
            <attribute>
              <name>adipose clipped</name>
              <mutable>False</mutable>
              <input_type>select</input_type>
              <default_value>No</default_value>
              <values>No
Yes
NA</values>
            </attribute>
            <attribute>
              <name>confidence level</name>
              <mutable>False</mutable>
              <input_type>select</input_type>
              <default_value>3</default_value>
              <values>3
2
1</values>
            </attribute>
            <attribute>
              <name>injury</name>
              <mutable>False</mutable>
              <input_type>select</input_type>
              <default_value>No</default_value>
              <values>No
Yes
NA</values>
            </attribute>
            <attribute>
              <name>notes</name>
              <mutable>False</mutable>
              <input_type>text</input_type>
              <default_value>NA</default_value>
              <values>NA</values>
            </attribute>
            <attribute>
              <name>sex</name>
              <mutable>False</mutable>
              <input_type>select</input_type>
              <default_value>Male</default_value>
              <values>Male
Female
Jack</values>
            </attribute>
            <attribute>
              <name>view</name>
              <mutable>False</mutable>
              <input_type>select</input_type>
              <default_value>Side</default_value>
              <values>Side
Top-down</values>
            </attribute>
          </attributes>
        </label>
        <label>
          <name>Pikeminnow</name>
          <color>#ecc49c</color>
          <attributes>
            <attribute>
              <name>confidence level</name>
              <mutable>False</mutable>
              <input_type>select</input_type>
              <default_value>3</default_value>
              <values>3
2
1</values>
            </attribute>
            <attribute>
              <name>notes</name>
              <mutable>False</mutable>
              <input_type>text</input_type>
              <default_value>NA</default_value>
              <values>NA</values>
            </attribute>
          </attributes>
        </label>
        <label>
          <name>Shiner</name>
          <color>#8c78f0</color>
          <attributes>
            <attribute>
              <name>confidence level</name>
              <mutable>False</mutable>
              <input_type>select</input_type>
              <default_value>3</default_value>
              <values>3
2
1</values>
            </attribute>
            <attribute>
              <name>notes</name>
              <mutable>False</mutable>
              <input_type>text</input_type>
              <default_value>NA</default_value>
              <values>NA</values>
            </attribute>
          </attributes>
        </label>
        <label>
          <name>Lampray</name>
          <color>#2e2930</color>
          <attributes>
            <attribute>
              <name>confidence level</name>
              <mutable>False</mutable>
              <input_type>select</input_type>
              <default_value>3</default_value>
              <values>3
2
1</values>
            </attribute>
            <attribute>
              <name>notes</name>
              <mutable>False</mutable>
              <input_type>text</input_type>
              <default_value>NA</default_value>
              <values>NA</values>
            </attribute>
          </attributes>
        </label>
      </labels>
      <original_size>
        <width>1920</width>
        <height>1080</height>
      </original_size>
    </task>
    <dumped>2021-12-20 19:41:33.816357+00:00</dumped>
    <source>09-14-2020 18-27-53 M Salmon Camera.m4v</source>
  </meta>
  <track id="0" label="Pink" source="manual">
    <box frame="106" outside="0" occluded="1" keyframe="1" xtl="0.00" ytl="593.50" xbr="85.11" ybr="720.38" z_order="0">
      <attribute name="adipose clipped">No</attribute>
      <attribute name="confidence level">1</attribute>
      <attribute name="injury">No</attribute>
      <attribute name="notes">Jack?</attribute>
      <attribute name="sex">Male</attribute>
      <attribute name="view">Side</attribute>
    </box>
    <box frame="107" outside="0" occluded="1" keyframe="0" xtl="0.00" ytl="586.98" xbr="113.99" ybr="722.39" z_order="0">
      <attribute name="adipose clipped">No</attribute>
      <attribute name="confidence level">1</attribute>
      <attribute name="injury">No</attribute>
      <attribute name="notes">Jack?</attribute>
      <attribute name="sex">Male</attribute>
      <attribute name="view">Side</attribute>
    </box>
    <box frame="108" outside="0" occluded="1" keyframe="0" xtl="0.00" ytl="580.46" xbr="142.87" ybr="724.39" z_order="0">
      <attribute name="adipose clipped">No</attribute>
      <attribute name="confidence level">1</attribute>
      <attribute name="injury">No</attribute>
      <attribute name="notes">Jack?</attribute>
      <attribute name="sex">Male</attribute>
      <attribute name="view">Side</attribute>
    </box>
    <box frame="109" outside="0" occluded="1" keyframe="0" xtl="0.00" ytl="573.95" xbr="171.76" ybr="726.39" z_order="0">
      <attribute name="adipose clipped">No</attribute>
      <attribute name="confidence level">1</attribute>
      <attribute name="injury">No</attribute>
      <attribute name="notes">Jack?</attribute>
      <attribute name="sex">Male</attribute>
      <attribute name="view">Side</attribute>
    </box>
    <box frame="110" outside="0" occluded="1" keyframe="0" xtl="0.00" ytl="567.43" xbr="200.64" ybr="728.40" z_order="0">
      <attribute name="adipose clipped">No</attribute>
      <attribute name="confidence level">1</attribute>
      <attribute name="injury">No</attribute>
      <attribute name="notes">Jack?</attribute>
      <attribute name="sex">Male</attribute>
      <attribute name="view">Side</attribute>
    </box>
    <box frame="111" outside="0" occluded="1" keyframe="0" xtl="0.00" ytl="560.92" xbr="229.52" ybr="730.40" z_order="0">
      <attribute name="adipose clipped">No</attribute>
      <attribute name="confidence level">1</attribute>
      <attribute name="injury">No</attribute>
      <attribute name="notes">Jack?</attribute>
      <attribute name="sex">Male</attribute>
      <attribute name="view">Side</attribute>
    </box>
    <box frame="112" outside="0" occluded="1" keyframe="0" xtl="0.00" ytl="554.40" xbr="258.40" ybr="732.40" z_order="0">
      <attribute name="adipose clipped">No</attribute>
      <attribute name="confidence level">1</attribute>
      <attribute name="injury">No</attribute>
      <attribute name="notes">Jack?</attribute>
      <attribute name="sex">Male</attribute>
      <attribute name="view">Side</attribute>
    </box>
    <box frame="113" outside="0" occluded="1" keyframe="0" xtl="0.00" ytl="547.88" xbr="287.28" ybr="734.41" z_order="0">
      <attribute name="adipose clipped">No</attribute>
      <attribute name="confidence level">1</attribute>
      <attribute name="injury">No</attribute>
      <attribute name="notes">Jack?</attribute>
      <attribute name="sex">Male</attribute>
      <attribute name="view">Side</attribute>
    </box>
    <box frame="114" outside="0" occluded="1" keyframe="0" xtl="0.00" ytl="541.37" xbr="316.16" ybr="736.41" z_order="0">
      <attribute name="adipose clipped">No</attribute>
      <attribute name="confidence level">1</attribute>
      <attribute name="injury">No</attribute>
      <attribute name="notes">Jack?</attribute>
      <attribute name="sex">Male</attribute>
      <attribute name="view">Side</attribute>
    </box>
    <box frame="115" outside="0" occluded="1" keyframe="0" xtl="0.00" ytl="534.85" xbr="345.04" ybr="738.41" z_order="0">
      <attribute name="adipose clipped">No</attribute>
      <attribute name="confidence level">1</attribute>
      <attribute name="injury">No</attribute>
      <attribute name="notes">Jack?</attribute>
      <attribute name="sex">Male</attribute>
      <attribute name="view">Side</attribute>
    </box>
    <box frame="116" outside="0" occluded="1" keyframe="1" xtl="0.00" ytl="528.33" xbr="373.92" ybr="740.42" z_order="0">
      <attribute name="adipose clipped">No</attribute>
      <attribute name="confidence level">1</attribute>
      <attribute name="injury">No</attribute>
      <attribute name="notes">Jack?</attribute>
      <attribute name="sex">Male</attribute>
      <attribute name="view">Side</attribute>
    </box>
    <box frame="117" outside="0" occluded="1" keyframe="0" xtl="2.34" ytl="529.34" xbr="392.12" ybr="741.42" z_order="0">
      <attribute name="adipose clipped">No</attribute>
      <attribute name="confidence level">1</attribute>
      <attribute name="injury">No</attribute>
      <attribute name="notes">Jack?</attribute>
      <attribute name="sex">Male</attribute>
      <attribute name="view">Side</attribute>
    </box>
    <box frame="118" outside="0" occluded="1" keyframe="0" xtl="4.67" ytl="530.34" xbr="410.31" ybr="742.42" z_order="0">
      <attribute name="adipose clipped">No</attribute>
      <attribute name="confidence level">1</attribute>
      <attribute name="injury">No</attribute>
      <attribute name="notes">Jack?</attribute>
      <attribute name="sex">Male</attribute>
      <attribute name="view">Side</attribute>
    </box>
    <box frame="119" outside="0" occluded="1" keyframe="0" xtl="7.01" ytl="531.34" xbr="428.51" ybr="743.42" z_order="0">
      <attribute name="adipose clipped">No</attribute>
      <attribute name="confidence level">1</attribute>
      <attribute name="injury">No</attribute>
      <attribute name="notes">Jack?</attribute>
      <attribute name="sex">Male</attribute>
      <attribute name="view">Side</attribute>
    </box>
    <box frame="120" outside="0" occluded="1" keyframe="0" xtl="9.35" ytl="532.34" xbr="446.71" ybr="744.43" z_order="0">
      <attribute name="adipose clipped">No</attribute>
      <attribute name="confidence level">1</attribute>
      <attribute name="injury">No</attribute>
      <attribute name="notes">Jack?</attribute>
      <attribute name="sex">Male</attribute>
      <attribute name="view">Side</attribute>
    </box>
    <box frame="121" outside="0" occluded="1" keyframe="0" xtl="11.69" ytl="533.34" xbr="464.91" ybr="745.43" z_order="0">
      <attribute name="adipose clipped">No</attribute>
      <attribute name="confidence level">1</attribute>
      <attribute name="injury">No</attribute>
      <attribute name="notes">Jack?</attribute>
      <attribute name="sex">Male</attribute>
      <attribute name="view">Side</attribute>
    </box>
    <box frame="122" outside="0" occluded="1" keyframe="0" xtl="14.02" ytl="534.35" xbr="483.11" ybr="746.43" z_order="0">
      <attribute name="adipose clipped">No</attribute>
      <attribute name="confidence level">1</attribute>
      <attribute name="injury">No</attribute>
      <attribute name="notes">Jack?</attribute>
      <attribute name="sex">Male</attribute>
      <attribute name="view">Side</attribute>
    </box>
    <box frame="123" outside="0" occluded="1" keyframe="0" xtl="16.36" ytl="535.35" xbr="501.31" ybr="747.43" z_order="0">
      <attribute name="adipose clipped">No</attribute>
      <attribute name="confidence level">1</attribute>
      <attribute name="injury">No</attribute>
      <attribute name="notes">Jack?</attribute>
      <attribute name="sex">Male</attribute>
      <attribute name="view">Side</attribute>
    </box>
    <box frame="124" outside="0" occluded="1" keyframe="0" xtl="18.70" ytl="536.35" xbr="519.50" ybr="748.43" z_order="0">
      <attribute name="adipose clipped">No</attribute>
      <attribute name="confidence level">1</attribute>
      <attribute name="injury">No</attribute>
      <attribute name="notes">Jack?</attribute>
      <attribute name="sex">Male</attribute>
      <attribute name="view">Side</attribute>
    </box>
    <box frame="125" outside="0" occluded="1" keyframe="0" xtl="21.04" ytl="537.35" xbr="537.70" ybr="749.43" z_order="0">
      <attribute name="adipose clipped">No</attribute>
      <attribute name="confidence level">1</attribute>
      <attribute name="injury">No</attribute>
      <attribute name="notes">Jack?</attribute>
      <attribute name="sex">Male</attribute>
      <attribute name="view">Side</attribute>
    </box>
    <box frame="126" outside="0" occluded="0" keyframe="1" xtl="23.37" ytl="538.35" xbr="555.90" ybr="750.44" z_order="0">
      <attribute name="adipose clipped">No</attribute>
      <attribute name="confidence level">1</attribute>
      <attribute name="injury">No</attribute>
      <attribute name="notes">Jack?</attribute>
      <attribute name="sex">Male</attribute>
      <attribute name="view">Side</attribute>
    </box>
    <box frame="127" outside="0" occluded="0" keyframe="0" xtl="42.74" ytl="544.03" xbr="575.27" ybr="756.11" z_order="0">
      <attribute name="adipose clipped">No</attribute>
      <attribute name="confidence level">1</attribute>
      <attribute name="injury">No</attribute>
      <attribute name="notes">Jack?</attribute>
      <attribute name="sex">Male</attribute>
      <attribute name="view">Side</attribute>
    </box>
    <box frame="128" outside="0" occluded="0" keyframe="0" xtl="62.11" ytl="549.71" xbr="594.63" ybr="761.79" z_order="0">
      <attribute name="adipose clipped">No</attribute>
      <attribute name="confidence level">1</attribute>
      <attribute name="injury">No</attribute>
      <attribute name="notes">Jack?</attribute>
      <attribute name="sex">Male</attribute>
      <attribute name="view">Side</attribute>
    </box>
    <box frame="129" outside="0" occluded="0" keyframe="0" xtl="81.47" ytl="555.38" xbr="614.00" ybr="767.46" z_order="0">
      <attribute name="adipose clipped">No</attribute>
      <attribute name="confidence level">1</attribute>
      <attribute name="injury">No</attribute>
      <attribute name="notes">Jack?</attribute>
      <attribute name="sex">Male</attribute>
      <attribute name="view">Side</attribute>
    </box>
    <box frame="130" outside="0" occluded="0" keyframe="0" xtl="100.84" ytl="561.06" xbr="633.37" ybr="773.14" z_order="0">
      <attribute name="adipose clipped">No</attribute>
      <attribute name="confidence level">1</attribute>
      <attribute name="injury">No</attribute>
      <attribute name="notes">Jack?</attribute>
      <attribute name="sex">Male</attribute>
      <attribute name="view">Side</attribute>
    </box>
    <box frame="131" outside="0" occluded="0" keyframe="0" xtl="120.21" ytl="566.73" xbr="652.73" ybr="778.82" z_order="0">
      <attribute name="adipose clipped">No</attribute>
      <attribute name="confidence level">1</attribute>
      <attribute name="injury">No</attribute>
      <attribute name="notes">Jack?</attribute>
      <attribute name="sex">Male</attribute>
      <attribute name="view">Side</attribute>
    </box>
    <box frame="132" outside="0" occluded="0" keyframe="0" xtl="139.58" ytl="572.41" xbr="672.10" ybr="784.49" z_order="0">
      <attribute name="adipose clipped">No</attribute>
      <attribute name="confidence level">1</attribute>
      <attribute name="injury">No</attribute>
      <attribute name="notes">Jack?</attribute>
      <attribute name="sex">Male</attribute>
      <attribute name="view">Side</attribute>
    </box>
    <box frame="133" outside="0" occluded="0" keyframe="0" xtl="158.94" ytl="578.09" xbr="691.47" ybr="790.17" z_order="0">
      <attribute name="adipose clipped">No</attribute>
      <attribute name="confidence level">1</attribute>
      <attribute name="injury">No</attribute>
      <attribute name="notes">Jack?</attribute>
      <attribute name="sex">Male</attribute>
      <attribute name="view">Side</attribute>
    </box>
    <box frame="134" outside="0" occluded="0" keyframe="0" xtl="178.31" ytl="583.76" xbr="710.84" ybr="795.85" z_order="0">
      <attribute name="adipose clipped">No</attribute>
      <attribute name="confidence level">1</attribute>
      <attribute name="injury">No</attribute>
      <attribute name="notes">Jack?</attribute>
      <attribute name="sex">Male</attribute>
      <attribute name="view">Side</attribute>
    </box>
    <box frame="135" outside="0" occluded="0" keyframe="0" xtl="197.68" ytl="589.44" xbr="730.20" ybr="801.52" z_order="0">
      <attribute name="adipose clipped">No</attribute>
      <attribute name="confidence level">1</attribute>
      <attribute name="injury">No</attribute>
      <attribute name="notes">Jack?</attribute>
      <attribute name="sex">Male</attribute>
      <attribute name="view">Side</attribute>
    </box>
    <box frame="136" outside="0" occluded="0" keyframe="1" xtl="217.04" ytl="595.12" xbr="749.57" ybr="807.20" z_order="0">
      <attribute name="adipose clipped">No</attribute>
      <attribute name="confidence level">1</attribute>
      <attribute name="injury">No</attribute>
      <attribute name="notes">Jack?</attribute>
      <attribute name="sex">Male</attribute>
      <attribute name="view">Side</attribute>
    </box>
    <box frame="137" outside="0" occluded="0" keyframe="0" xtl="241.92" ytl="598.79" xbr="774.45" ybr="810.87" z_order="0">
      <attribute name="adipose clipped">No</attribute>
      <attribute name="confidence level">1</attribute>
      <attribute name="injury">No</attribute>
      <attribute name="notes">Jack?</attribute>
      <attribute name="sex">Male</attribute>
      <attribute name="view">Side</attribute>
    </box>
    <box frame="138" outside="0" occluded="0" keyframe="0" xtl="266.80" ytl="602.46" xbr="799.32" ybr="814.55" z_order="0">
      <attribute name="adipose clipped">No</attribute>
      <attribute name="confidence level">1</attribute>
      <attribute name="injury">No</attribute>
      <attribute name="notes">Jack?</attribute>
      <attribute name="sex">Male</attribute>
      <attribute name="view">Side</attribute>
    </box>
    <box frame="139" outside="0" occluded="0" keyframe="0" xtl="291.67" ytl="606.14" xbr="824.20" ybr="818.22" z_order="0">
      <attribute name="adipose clipped">No</attribute>
      <attribute name="confidence level">1</attribute>
      <attribute name="injury">No</attribute>
      <attribute name="notes">Jack?</attribute>
      <attribute name="sex">Male</attribute>
      <attribute name="view">Side</attribute>
    </box>
    <box frame="140" outside="0" occluded="0" keyframe="0" xtl="316.55" ytl="609.81" xbr="849.08" ybr="821.89" z_order="0">
      <attribute name="adipose clipped">No</attribute>
      <attribute name="confidence level">1</attribute>
      <attribute name="injury">No</attribute>
      <attribute name="notes">Jack?</attribute>
      <attribute name="sex">Male</attribute>
      <attribute name="view">Side</attribute>
    </box>
    <box frame="141" outside="0" occluded="0" keyframe="0" xtl="341.43" ytl="613.48" xbr="873.95" ybr="825.57" z_order="0">
      <attribute name="adipose clipped">No</attribute>
      <attribute name="confidence level">1</attribute>
      <attribute name="injury">No</attribute>
      <attribute name="notes">Jack?</attribute>
      <attribute name="sex">Male</attribute>
      <attribute name="view">Side</attribute>
    </box>
    <box frame="142" outside="0" occluded="0" keyframe="0" xtl="366.30" ytl="617.16" xbr="898.83" ybr="829.24" z_order="0">
      <attribute name="adipose clipped">No</attribute>
      <attribute name="confidence level">1</attribute>
      <attribute name="injury">No</attribute>
      <attribute name="notes">Jack?</attribute>
      <attribute name="sex">Male</attribute>
      <attribute name="view">Side</attribute>
    </box>
    <box frame="143" outside="0" occluded="0" keyframe="0" xtl="391.18" ytl="620.83" xbr="923.70" ybr="832.91" z_order="0">
      <attribute name="adipose clipped">No</attribute>
      <attribute name="confidence level">1</attribute>
      <attribute name="injury">No</attribute>
      <attribute name="notes">Jack?</attribute>
      <attribute name="sex">Male</attribute>
      <attribute name="view">Side</attribute>
    </box>
    <box frame="144" outside="0" occluded="0" keyframe="0" xtl="416.06" ytl="624.50" xbr="948.58" ybr="836.58" z_order="0">
      <attribute name="adipose clipped">No</attribute>
      <attribute name="confidence level">1</attribute>
      <attribute name="injury">No</attribute>
      <attribute name="notes">Jack?</attribute>
      <attribute name="sex">Male</attribute>
      <attribute name="view">Side</attribute>
    </box>
    <box frame="145" outside="0" occluded="0" keyframe="0" xtl="440.93" ytl="628.17" xbr="973.46" ybr="840.26" z_order="0">
      <attribute name="adipose clipped">No</attribute>
      <attribute name="confidence level">1</attribute>
      <attribute name="injury">No</attribute>
      <attribute name="notes">Jack?</attribute>
      <attribute name="sex">Male</attribute>
      <attribute name="view">Side</attribute>
    </box>
    <box frame="146" outside="0" occluded="0" keyframe="1" xtl="465.81" ytl="631.85" xbr="998.33" ybr="843.93" z_order="0">
      <attribute name="adipose clipped">No</attribute>
      <attribute name="confidence level">1</attribute>
      <attribute name="injury">No</attribute>
      <attribute name="notes">Jack?</attribute>
      <attribute name="sex">Male</attribute>
      <attribute name="view">Side</attribute>
    </box>
    <box frame="147" outside="0" occluded="0" keyframe="0" xtl="493.36" ytl="629.51" xbr="1025.88" ybr="841.59" z_order="0">
      <attribute name="adipose clipped">No</attribute>
      <attribute name="confidence level">1</attribute>
      <attribute name="injury">No</attribute>
      <attribute name="notes">Jack?</attribute>
      <attribute name="sex">Male</attribute>
      <attribute name="view">Side</attribute>
    </box>
    <box frame="148" outside="0" occluded="0" keyframe="0" xtl="520.90" ytl="627.17" xbr="1053.43" ybr="839.26" z_order="0">
      <attribute name="adipose clipped">No</attribute>
      <attribute name="confidence level">1</attribute>
      <attribute name="injury">No</attribute>
      <attribute name="notes">Jack?</attribute>
      <attribute name="sex">Male</attribute>
      <attribute name="view">Side</attribute>
    </box>
    <box frame="149" outside="0" occluded="0" keyframe="0" xtl="548.45" ytl="624.84" xbr="1080.98" ybr="836.92" z_order="0">
      <attribute name="adipose clipped">No</attribute>
      <attribute name="confidence level">1</attribute>
      <attribute name="injury">No</attribute>
      <attribute name="notes">Jack?</attribute>
      <attribute name="sex">Male</attribute>
      <attribute name="view">Side</attribute>
    </box>
    <box frame="150" outside="0" occluded="0" keyframe="0" xtl="576.00" ytl="622.50" xbr="1108.53" ybr="834.58" z_order="0">
      <attribute name="adipose clipped">No</attribute>
      <attribute name="confidence level">1</attribute>
      <attribute name="injury">No</attribute>
      <attribute name="notes">Jack?</attribute>
      <attribute name="sex">Male</attribute>
      <attribute name="view">Side</attribute>
    </box>
    <box frame="151" outside="0" occluded="0" keyframe="0" xtl="603.55" ytl="620.16" xbr="1136.07" ybr="832.24" z_order="0">
      <attribute name="adipose clipped">No</attribute>
      <attribute name="confidence level">1</attribute>
      <attribute name="injury">No</attribute>
      <attribute name="notes">Jack?</attribute>
      <attribute name="sex">Male</attribute>
      <attribute name="view">Side</attribute>
    </box>
    <box frame="152" outside="0" occluded="0" keyframe="0" xtl="631.10" ytl="617.82" xbr="1163.62" ybr="829.91" z_order="0">
      <attribute name="adipose clipped">No</attribute>
      <attribute name="confidence level">1</attribute>
      <attribute name="injury">No</attribute>
      <attribute name="notes">Jack?</attribute>
      <attribute name="sex">Male</attribute>
      <attribute name="view">Side</attribute>
    </box>
    <box frame="153" outside="0" occluded="0" keyframe="0" xtl="658.64" ytl="615.49" xbr="1191.17" ybr="827.57" z_order="0">
      <attribute name="adipose clipped">No</attribute>
      <attribute name="confidence level">1</attribute>
      <attribute name="injury">No</attribute>
      <attribute name="notes">Jack?</attribute>
      <attribute name="sex">Male</attribute>
      <attribute name="view">Side</attribute>
    </box>
    <box frame="154" outside="0" occluded="0" keyframe="0" xtl="686.19" ytl="613.15" xbr="1218.72" ybr="825.23" z_order="0">
      <attribute name="adipose clipped">No</attribute>
      <attribute name="confidence level">1</attribute>
      <attribute name="injury">No</attribute>
      <attribute name="notes">Jack?</attribute>
      <attribute name="sex">Male</attribute>
      <attribute name="view">Side</attribute>
    </box>
    <box frame="155" outside="0" occluded="0" keyframe="0" xtl="713.74" ytl="610.81" xbr="1246.27" ybr="822.89" z_order="0">
      <attribute name="adipose clipped">No</attribute>
      <attribute name="confidence level">1</attribute>
      <attribute name="injury">No</attribute>
      <attribute name="notes">Jack?</attribute>
      <attribute name="sex">Male</attribute>
      <attribute name="view">Side</attribute>
    </box>
    <box frame="156" outside="0" occluded="0" keyframe="1" xtl="741.29" ytl="608.47" xbr="1273.81" ybr="820.56" z_order="0">
      <attribute name="adipose clipped">No</attribute>
      <attribute name="confidence level">1</attribute>
      <attribute name="injury">No</attribute>
      <attribute name="notes">Jack?</attribute>
      <attribute name="sex">Male</attribute>
      <attribute name="view">Side</attribute>
    </box>
    <box frame="157" outside="0" occluded="0" keyframe="0" xtl="757.98" ytl="591.78" xbr="1290.51" ybr="803.86" z_order="0">
      <attribute name="adipose clipped">No</attribute>
      <attribute name="confidence level">1</attribute>
      <attribute name="injury">No</attribute>
      <attribute name="notes">Jack?</attribute>
      <attribute name="sex">Male</attribute>
      <attribute name="view">Side</attribute>
    </box>
    <box frame="158" outside="0" occluded="0" keyframe="0" xtl="774.68" ytl="575.08" xbr="1307.20" ybr="787.17" z_order="0">
      <attribute name="adipose clipped">No</attribute>
      <attribute name="confidence level">1</attribute>
      <attribute name="injury">No</attribute>
      <attribute name="notes">Jack?</attribute>
      <attribute name="sex">Male</attribute>
      <attribute name="view">Side</attribute>
    </box>
    <box frame="159" outside="0" occluded="0" keyframe="0" xtl="791.37" ytl="558.39" xbr="1323.90" ybr="770.47" z_order="0">
      <attribute name="adipose clipped">No</attribute>
      <attribute name="confidence level">1</attribute>
      <attribute name="injury">No</attribute>
      <attribute name="notes">Jack?</attribute>
      <attribute name="sex">Male</attribute>
      <attribute name="view">Side</attribute>
    </box>
    <box frame="160" outside="0" occluded="0" keyframe="0" xtl="808.07" ytl="541.69" xbr="1340.60" ybr="753.77" z_order="0">
      <attribute name="adipose clipped">No</attribute>
      <attribute name="confidence level">1</attribute>
      <attribute name="injury">No</attribute>
      <attribute name="notes">Jack?</attribute>
      <attribute name="sex">Male</attribute>
      <attribute name="view">Side</attribute>
    </box>
    <box frame="161" outside="0" occluded="0" keyframe="0" xtl="824.76" ytl="525.00" xbr="1357.29" ybr="737.08" z_order="0">
      <attribute name="adipose clipped">No</attribute>
      <attribute name="confidence level">1</attribute>
      <attribute name="injury">No</attribute>
      <attribute name="notes">Jack?</attribute>
      <attribute name="sex">Male</attribute>
      <attribute name="view">Side</attribute>
    </box>
    <box frame="162" outside="0" occluded="0" keyframe="0" xtl="841.46" ytl="508.30" xbr="1373.99" ybr="720.38" z_order="0">
      <attribute name="adipose clipped">No</attribute>
      <attribute name="confidence level">1</attribute>
      <attribute name="injury">No</attribute>
      <attribute name="notes">Jack?</attribute>
      <attribute name="sex">Male</attribute>
      <attribute name="view">Side</attribute>
    </box>
    <box frame="163" outside="0" occluded="0" keyframe="0" xtl="858.16" ytl="491.60" xbr="1390.68" ybr="703.69" z_order="0">
      <attribute name="adipose clipped">No</attribute>
      <attribute name="confidence level">1</attribute>
      <attribute name="injury">No</attribute>
      <attribute name="notes">Jack?</attribute>
      <attribute name="sex">Male</attribute>
      <attribute name="view">Side</attribute>
    </box>
    <box frame="164" outside="0" occluded="0" keyframe="0" xtl="874.85" ytl="474.91" xbr="1407.38" ybr="686.99" z_order="0">
      <attribute name="adipose clipped">No</attribute>
      <attribute name="confidence level">1</attribute>
      <attribute name="injury">No</attribute>
      <attribute name="notes">Jack?</attribute>
      <attribute name="sex">Male</attribute>
      <attribute name="view">Side</attribute>
    </box>
    <box frame="165" outside="0" occluded="0" keyframe="0" xtl="891.55" ytl="458.21" xbr="1424.07" ybr="670.30" z_order="0">
      <attribute name="adipose clipped">No</attribute>
      <attribute name="confidence level">1</attribute>
      <attribute name="injury">No</attribute>
      <attribute name="notes">Jack?</attribute>
      <attribute name="sex">Male</attribute>
      <attribute name="view">Side</attribute>
    </box>
    <box frame="166" outside="0" occluded="0" keyframe="1" xtl="908.24" ytl="441.52" xbr="1440.77" ybr="653.60" z_order="0">
      <attribute name="adipose clipped">No</attribute>
      <attribute name="confidence level">1</attribute>
      <attribute name="injury">No</attribute>
      <attribute name="notes">Jack?</attribute>
      <attribute name="sex">Male</attribute>
      <attribute name="view">Side</attribute>
    </box>
    <box frame="167" outside="0" occluded="0" keyframe="0" xtl="930.95" ytl="430.16" xbr="1463.47" ybr="642.25" z_order="0">
      <attribute name="adipose clipped">No</attribute>
      <attribute name="confidence level">1</attribute>
      <attribute name="injury">No</attribute>
      <attribute name="notes">Jack?</attribute>
      <attribute name="sex">Male</attribute>
      <attribute name="view">Side</attribute>
    </box>
    <box frame="168" outside="0" occluded="0" keyframe="0" xtl="953.65" ytl="418.81" xbr="1486.18" ybr="630.89" z_order="0">
      <attribute name="adipose clipped">No</attribute>
      <attribute name="confidence level">1</attribute>
      <attribute name="injury">No</attribute>
      <attribute name="notes">Jack?</attribute>
      <attribute name="sex">Male</attribute>
      <attribute name="view">Side</attribute>
    </box>
    <box frame="169" outside="0" occluded="0" keyframe="0" xtl="976.36" ytl="407.46" xbr="1508.89" ybr="619.54" z_order="0">
      <attribute name="adipose clipped">No</attribute>
      <attribute name="confidence level">1</attribute>
      <attribute name="injury">No</attribute>
      <attribute name="notes">Jack?</attribute>
      <attribute name="sex">Male</attribute>
      <attribute name="view">Side</attribute>
    </box>
    <box frame="170" outside="0" occluded="0" keyframe="0" xtl="999.07" ytl="396.10" xbr="1531.59" ybr="608.19" z_order="0">
      <attribute name="adipose clipped">No</attribute>
      <attribute name="confidence level">1</attribute>
      <attribute name="injury">No</attribute>
      <attribute name="notes">Jack?</attribute>
      <attribute name="sex">Male</attribute>
      <attribute name="view">Side</attribute>
    </box>
    <box frame="171" outside="0" occluded="0" keyframe="0" xtl="1021.77" ytl="384.75" xbr="1554.30" ybr="596.83" z_order="0">
      <attribute name="adipose clipped">No</attribute>
      <attribute name="confidence level">1</attribute>
      <attribute name="injury">No</attribute>
      <attribute name="notes">Jack?</attribute>
      <attribute name="sex">Male</attribute>
      <attribute name="view">Side</attribute>
    </box>
    <box frame="172" outside="0" occluded="0" keyframe="0" xtl="1044.48" ytl="373.40" xbr="1577.01" ybr="585.48" z_order="0">
      <attribute name="adipose clipped">No</attribute>
      <attribute name="confidence level">1</attribute>
      <attribute name="injury">No</attribute>
      <attribute name="notes">Jack?</attribute>
      <attribute name="sex">Male</attribute>
      <attribute name="view">Side</attribute>
    </box>
    <box frame="173" outside="0" occluded="0" keyframe="0" xtl="1067.19" ytl="362.05" xbr="1599.71" ybr="574.13" z_order="0">
      <attribute name="adipose clipped">No</attribute>
      <attribute name="confidence level">1</attribute>
      <attribute name="injury">No</attribute>
      <attribute name="notes">Jack?</attribute>
      <attribute name="sex">Male</attribute>
      <attribute name="view">Side</attribute>
    </box>
    <box frame="174" outside="0" occluded="0" keyframe="0" xtl="1089.89" ytl="350.69" xbr="1622.42" ybr="562.78" z_order="0">
      <attribute name="adipose clipped">No</attribute>
      <attribute name="confidence level">1</attribute>
      <attribute name="injury">No</attribute>
      <attribute name="notes">Jack?</attribute>
      <attribute name="sex">Male</attribute>
      <attribute name="view">Side</attribute>
    </box>
    <box frame="175" outside="0" occluded="0" keyframe="0" xtl="1112.60" ytl="339.34" xbr="1645.12" ybr="551.42" z_order="0">
      <attribute name="adipose clipped">No</attribute>
      <attribute name="confidence level">1</attribute>
      <attribute name="injury">No</attribute>
      <attribute name="notes">Jack?</attribute>
      <attribute name="sex">Male</attribute>
      <attribute name="view">Side</attribute>
    </box>
    <box frame="176" outside="0" occluded="0" keyframe="1" xtl="1135.30" ytl="327.99" xbr="1667.83" ybr="540.07" z_order="0">
      <attribute name="adipose clipped">No</attribute>
      <attribute name="confidence level">1</attribute>
      <attribute name="injury">No</attribute>
      <attribute name="notes">Jack?</attribute>
      <attribute name="sex">Male</attribute>
      <attribute name="view">Side</attribute>
    </box>
    <box frame="177" outside="0" occluded="0" keyframe="0" xtl="1163.19" ytl="332.33" xbr="1693.05" ybr="544.41" z_order="0">
      <attribute name="adipose clipped">No</attribute>
      <attribute name="confidence level">1</attribute>
      <attribute name="injury">No</attribute>
      <attribute name="notes">Jack?</attribute>
      <attribute name="sex">Male</attribute>
      <attribute name="view">Side</attribute>
    </box>
    <box frame="178" outside="0" occluded="0" keyframe="0" xtl="1191.07" ytl="336.67" xbr="1718.26" ybr="548.75" z_order="0">
      <attribute name="adipose clipped">No</attribute>
      <attribute name="confidence level">1</attribute>
      <attribute name="injury">No</attribute>
      <attribute name="notes">Jack?</attribute>
      <attribute name="sex">Male</attribute>
      <attribute name="view">Side</attribute>
    </box>
    <box frame="179" outside="0" occluded="0" keyframe="0" xtl="1218.95" ytl="341.01" xbr="1743.48" ybr="553.09" z_order="0">
      <attribute name="adipose clipped">No</attribute>
      <attribute name="confidence level">1</attribute>
      <attribute name="injury">No</attribute>
      <attribute name="notes">Jack?</attribute>
      <attribute name="sex">Male</attribute>
      <attribute name="view">Side</attribute>
    </box>
    <box frame="180" outside="0" occluded="0" keyframe="0" xtl="1246.83" ytl="345.35" xbr="1768.70" ybr="557.43" z_order="0">
      <attribute name="adipose clipped">No</attribute>
      <attribute name="confidence level">1</attribute>
      <attribute name="injury">No</attribute>
      <attribute name="notes">Jack?</attribute>
      <attribute name="sex">Male</attribute>
      <attribute name="view">Side</attribute>
    </box>
    <box frame="181" outside="0" occluded="0" keyframe="0" xtl="1274.71" ytl="349.69" xbr="1793.91" ybr="561.77" z_order="0">
      <attribute name="adipose clipped">No</attribute>
      <attribute name="confidence level">1</attribute>
      <attribute name="injury">No</attribute>
      <attribute name="notes">Jack?</attribute>
      <attribute name="sex">Male</attribute>
      <attribute name="view">Side</attribute>
    </box>
    <box frame="182" outside="0" occluded="0" keyframe="0" xtl="1302.59" ytl="354.03" xbr="1819.13" ybr="566.12" z_order="0">
      <attribute name="adipose clipped">No</attribute>
      <attribute name="confidence level">1</attribute>
      <attribute name="injury">No</attribute>
      <attribute name="notes">Jack?</attribute>
      <attribute name="sex">Male</attribute>
      <attribute name="view">Side</attribute>
    </box>
    <box frame="183" outside="0" occluded="0" keyframe="0" xtl="1330.48" ytl="358.37" xbr="1844.35" ybr="570.46" z_order="0">
      <attribute name="adipose clipped">No</attribute>
      <attribute name="confidence level">1</attribute>
      <attribute name="injury">No</attribute>
      <attribute name="notes">Jack?</attribute>
      <attribute name="sex">Male</attribute>
      <attribute name="view">Side</attribute>
    </box>
    <box frame="184" outside="0" occluded="0" keyframe="0" xtl="1358.36" ytl="362.71" xbr="1869.57" ybr="574.80" z_order="0">
      <attribute name="adipose clipped">No</attribute>
      <attribute name="confidence level">1</attribute>
      <attribute name="injury">No</attribute>
      <attribute name="notes">Jack?</attribute>
      <attribute name="sex">Male</attribute>
      <attribute name="view">Side</attribute>
    </box>
    <box frame="185" outside="0" occluded="0" keyframe="0" xtl="1386.24" ytl="367.06" xbr="1894.78" ybr="579.14" z_order="0">
      <attribute name="adipose clipped">No</attribute>
      <attribute name="confidence level">1</attribute>
      <attribute name="injury">No</attribute>
      <attribute name="notes">Jack?</attribute>
      <attribute name="sex">Male</attribute>
      <attribute name="view">Side</attribute>
    </box>
    <box frame="186" outside="0" occluded="0" keyframe="1" xtl="1414.12" ytl="371.40" xbr="1920.00" ybr="583.48" z_order="0">
      <attribute name="adipose clipped">No</attribute>
      <attribute name="confidence level">1</attribute>
      <attribute name="injury">No</attribute>
      <attribute name="notes">Jack?</attribute>
      <attribute name="sex">Male</attribute>
      <attribute name="view">Side</attribute>
    </box>
    <box frame="187" outside="0" occluded="0" keyframe="0" xtl="1433.32" ytl="387.26" xbr="1920.00" ybr="599.34" z_order="0">
      <attribute name="adipose clipped">No</attribute>
      <attribute name="confidence level">1</attribute>
      <attribute name="injury">No</attribute>
      <attribute name="notes">Jack?</attribute>
      <attribute name="sex">Male</attribute>
      <attribute name="view">Side</attribute>
    </box>
    <box frame="188" outside="0" occluded="0" keyframe="0" xtl="1452.52" ytl="403.12" xbr="1920.00" ybr="615.20" z_order="0">
      <attribute name="adipose clipped">No</attribute>
      <attribute name="confidence level">1</attribute>
      <attribute name="injury">No</attribute>
      <attribute name="notes">Jack?</attribute>
      <attribute name="sex">Male</attribute>
      <attribute name="view">Side</attribute>
    </box>
    <box frame="189" outside="0" occluded="0" keyframe="0" xtl="1471.72" ytl="418.98" xbr="1920.00" ybr="631.06" z_order="0">
      <attribute name="adipose clipped">No</attribute>
      <attribute name="confidence level">1</attribute>
      <attribute name="injury">No</attribute>
      <attribute name="notes">Jack?</attribute>
      <attribute name="sex">Male</attribute>
      <attribute name="view">Side</attribute>
    </box>
    <box frame="190" outside="0" occluded="0" keyframe="0" xtl="1490.92" ytl="434.84" xbr="1920.00" ybr="646.92" z_order="0">
      <attribute name="adipose clipped">No</attribute>
      <attribute name="confidence level">1</attribute>
      <attribute name="injury">No</attribute>
      <attribute name="notes">Jack?</attribute>
      <attribute name="sex">Male</attribute>
      <attribute name="view">Side</attribute>
    </box>
    <box frame="191" outside="0" occluded="0" keyframe="0" xtl="1510.12" ytl="450.70" xbr="1920.00" ybr="662.78" z_order="0">
      <attribute name="adipose clipped">No</attribute>
      <attribute name="confidence level">1</attribute>
      <attribute name="injury">No</attribute>
      <attribute name="notes">Jack?</attribute>
      <attribute name="sex">Male</attribute>
      <attribute name="view">Side</attribute>
    </box>
    <box frame="192" outside="0" occluded="0" keyframe="0" xtl="1529.32" ytl="466.56" xbr="1920.00" ybr="678.64" z_order="0">
      <attribute name="adipose clipped">No</attribute>
      <attribute name="confidence level">1</attribute>
      <attribute name="injury">No</attribute>
      <attribute name="notes">Jack?</attribute>
      <attribute name="sex">Male</attribute>
      <attribute name="view">Side</attribute>
    </box>
    <box frame="193" outside="0" occluded="0" keyframe="0" xtl="1548.52" ytl="482.42" xbr="1920.00" ybr="694.50" z_order="0">
      <attribute name="adipose clipped">No</attribute>
      <attribute name="confidence level">1</attribute>
      <attribute name="injury">No</attribute>
      <attribute name="notes">Jack?</attribute>
      <attribute name="sex">Male</attribute>
      <attribute name="view">Side</attribute>
    </box>
    <box frame="194" outside="0" occluded="0" keyframe="0" xtl="1567.72" ytl="498.28" xbr="1920.00" ybr="710.37" z_order="0">
      <attribute name="adipose clipped">No</attribute>
      <attribute name="confidence level">1</attribute>
      <attribute name="injury">No</attribute>
      <attribute name="notes">Jack?</attribute>
      <attribute name="sex">Male</attribute>
      <attribute name="view">Side</attribute>
    </box>
    <box frame="195" outside="0" occluded="0" keyframe="0" xtl="1586.92" ytl="514.14" xbr="1920.00" ybr="726.23" z_order="0">
      <attribute name="adipose clipped">No</attribute>
      <attribute name="confidence level">1</attribute>
      <attribute name="injury">No</attribute>
      <attribute name="notes">Jack?</attribute>
      <attribute name="sex">Male</attribute>
      <attribute name="view">Side</attribute>
    </box>
    <box frame="196" outside="0" occluded="1" keyframe="1" xtl="1606.12" ytl="530.00" xbr="1920.00" ybr="742.09" z_order="0">
      <attribute name="adipose clipped">No</attribute>
      <attribute name="confidence level">1</attribute>
      <attribute name="injury">No</attribute>
      <attribute name="notes">Jack?</attribute>
      <attribute name="sex">Male</attribute>
      <attribute name="view">Side</attribute>
    </box>
    <box frame="197" outside="0" occluded="1" keyframe="0" xtl="1603.78" ytl="524.33" xbr="1917.66" ybr="736.41" z_order="0">
      <attribute name="adipose clipped">No</attribute>
      <attribute name="confidence level">1</attribute>
      <attribute name="injury">No</attribute>
      <attribute name="notes">Jack?</attribute>
      <attribute name="sex">Male</attribute>
      <attribute name="view">Side</attribute>
    </box>
    <box frame="198" outside="0" occluded="1" keyframe="0" xtl="1601.45" ytl="518.65" xbr="1915.33" ybr="730.73" z_order="0">
      <attribute name="adipose clipped">No</attribute>
      <attribute name="confidence level">1</attribute>
      <attribute name="injury">No</attribute>
      <attribute name="notes">Jack?</attribute>
      <attribute name="sex">Male</attribute>
      <attribute name="view">Side</attribute>
    </box>
    <box frame="199" outside="0" occluded="1" keyframe="0" xtl="1599.11" ytl="512.97" xbr="1912.99" ybr="725.06" z_order="0">
      <attribute name="adipose clipped">No</attribute>
      <attribute name="confidence level">1</attribute>
      <attribute name="injury">No</attribute>
      <attribute name="notes">Jack?</attribute>
      <attribute name="sex">Male</attribute>
      <attribute name="view">Side</attribute>
    </box>
    <box frame="200" outside="0" occluded="1" keyframe="0" xtl="1596.77" ytl="507.30" xbr="1910.65" ybr="719.38" z_order="0">
      <attribute name="adipose clipped">No</attribute>
      <attribute name="confidence level">1</attribute>
      <attribute name="injury">No</attribute>
      <attribute name="notes">Jack?</attribute>
      <attribute name="sex">Male</attribute>
      <attribute name="view">Side</attribute>
    </box>
    <box frame="201" outside="0" occluded="1" keyframe="0" xtl="1594.43" ytl="501.62" xbr="1908.31" ybr="713.70" z_order="0">
      <attribute name="adipose clipped">No</attribute>
      <attribute name="confidence level">1</attribute>
      <attribute name="injury">No</attribute>
      <attribute name="notes">Jack?</attribute>
      <attribute name="sex">Male</attribute>
      <attribute name="view">Side</attribute>
    </box>
    <box frame="202" outside="0" occluded="1" keyframe="0" xtl="1592.10" ytl="495.94" xbr="1905.98" ybr="708.03" z_order="0">
      <attribute name="adipose clipped">No</attribute>
      <attribute name="confidence level">1</attribute>
      <attribute name="injury">No</attribute>
      <attribute name="notes">Jack?</attribute>
      <attribute name="sex">Male</attribute>
      <attribute name="view">Side</attribute>
    </box>
    <box frame="203" outside="0" occluded="1" keyframe="0" xtl="1589.76" ytl="490.27" xbr="1903.64" ybr="702.35" z_order="0">
      <attribute name="adipose clipped">No</attribute>
      <attribute name="confidence level">1</attribute>
      <attribute name="injury">No</attribute>
      <attribute name="notes">Jack?</attribute>
      <attribute name="sex">Male</attribute>
      <attribute name="view">Side</attribute>
    </box>
    <box frame="204" outside="0" occluded="1" keyframe="0" xtl="1587.42" ytl="484.59" xbr="1901.30" ybr="696.67" z_order="0">
      <attribute name="adipose clipped">No</attribute>
      <attribute name="confidence level">1</attribute>
      <attribute name="injury">No</attribute>
      <attribute name="notes">Jack?</attribute>
      <attribute name="sex">Male</attribute>
      <attribute name="view">Side</attribute>
    </box>
    <box frame="205" outside="0" occluded="1" keyframe="0" xtl="1585.08" ytl="478.91" xbr="1898.96" ybr="691.00" z_order="0">
      <attribute name="adipose clipped">No</attribute>
      <attribute name="confidence level">1</attribute>
      <attribute name="injury">No</attribute>
      <attribute name="notes">Jack?</attribute>
      <attribute name="sex">Male</attribute>
      <attribute name="view">Side</attribute>
    </box>
    <box frame="206" outside="0" occluded="1" keyframe="1" xtl="1582.75" ytl="473.24" xbr="1896.63" ybr="685.32" z_order="0">
      <attribute name="adipose clipped">No</attribute>
      <attribute name="confidence level">1</attribute>
      <attribute name="injury">No</attribute>
      <attribute name="notes">Jack?</attribute>
      <attribute name="sex">Male</attribute>
      <attribute name="view">Side</attribute>
    </box>
    <box frame="207" outside="0" occluded="1" keyframe="0" xtl="1573.56" ytl="461.22" xbr="1887.44" ybr="673.30" z_order="0">
      <attribute name="adipose clipped">No</attribute>
      <attribute name="confidence level">1</attribute>
      <attribute name="injury">No</attribute>
      <attribute name="notes">Jack?</attribute>
      <attribute name="sex">Male</attribute>
      <attribute name="view">Side</attribute>
    </box>
    <box frame="208" outside="0" occluded="1" keyframe="0" xtl="1564.38" ytl="449.20" xbr="1878.26" ybr="661.28" z_order="0">
      <attribute name="adipose clipped">No</attribute>
      <attribute name="confidence level">1</attribute>
      <attribute name="injury">No</attribute>
      <attribute name="notes">Jack?</attribute>
      <attribute name="sex">Male</attribute>
      <attribute name="view">Side</attribute>
    </box>
    <box frame="209" outside="0" occluded="1" keyframe="0" xtl="1555.20" ytl="437.18" xbr="1869.08" ybr="649.26" z_order="0">
      <attribute name="adipose clipped">No</attribute>
      <attribute name="confidence level">1</attribute>
      <attribute name="injury">No</attribute>
      <attribute name="notes">Jack?</attribute>
      <attribute name="sex">Male</attribute>
      <attribute name="view">Side</attribute>
    </box>
    <box frame="210" outside="0" occluded="1" keyframe="0" xtl="1546.02" ytl="425.15" xbr="1859.90" ybr="637.24" z_order="0">
      <attribute name="adipose clipped">No</attribute>
      <attribute name="confidence level">1</attribute>
      <attribute name="injury">No</attribute>
      <attribute name="notes">Jack?</attribute>
      <attribute name="sex">Male</attribute>
      <attribute name="view">Side</attribute>
    </box>
    <box frame="211" outside="0" occluded="1" keyframe="0" xtl="1536.83" ytl="413.13" xbr="1850.71" ybr="625.22" z_order="0">
      <attribute name="adipose clipped">No</attribute>
      <attribute name="confidence level">1</attribute>
      <attribute name="injury">No</attribute>
      <attribute name="notes">Jack?</attribute>
      <attribute name="sex">Male</attribute>
      <attribute name="view">Side</attribute>
    </box>
    <box frame="212" outside="0" occluded="1" keyframe="0" xtl="1527.65" ytl="401.11" xbr="1841.53" ybr="613.20" z_order="0">
      <attribute name="adipose clipped">No</attribute>
      <attribute name="confidence level">1</attribute>
      <attribute name="injury">No</attribute>
      <attribute name="notes">Jack?</attribute>
      <attribute name="sex">Male</attribute>
      <attribute name="view">Side</attribute>
    </box>
    <box frame="213" outside="0" occluded="1" keyframe="0" xtl="1518.47" ytl="389.09" xbr="1832.35" ybr="601.18" z_order="0">
      <attribute name="adipose clipped">No</attribute>
      <attribute name="confidence level">1</attribute>
      <attribute name="injury">No</attribute>
      <attribute name="notes">Jack?</attribute>
      <attribute name="sex">Male</attribute>
      <attribute name="view">Side</attribute>
    </box>
    <box frame="214" outside="0" occluded="1" keyframe="0" xtl="1509.29" ytl="377.07" xbr="1823.17" ybr="589.15" z_order="0">
      <attribute name="adipose clipped">No</attribute>
      <attribute name="confidence level">1</attribute>
      <attribute name="injury">No</attribute>
      <attribute name="notes">Jack?</attribute>
      <attribute name="sex">Male</attribute>
      <attribute name="view">Side</attribute>
    </box>
    <box frame="215" outside="0" occluded="1" keyframe="0" xtl="1500.10" ytl="365.05" xbr="1813.98" ybr="577.13" z_order="0">
      <attribute name="adipose clipped">No</attribute>
      <attribute name="confidence level">1</attribute>
      <attribute name="injury">No</attribute>
      <attribute name="notes">Jack?</attribute>
      <attribute name="sex">Male</attribute>
      <attribute name="view">Side</attribute>
    </box>
    <box frame="216" outside="0" occluded="0" keyframe="1" xtl="1490.92" ytl="353.03" xbr="1804.80" ybr="565.11" z_order="0">
      <attribute name="adipose clipped">No</attribute>
      <attribute name="confidence level">1</attribute>
      <attribute name="injury">No</attribute>
      <attribute name="notes">Jack?</attribute>
      <attribute name="sex">Male</attribute>
      <attribute name="view">Side</attribute>
    </box>
    <box frame="217" outside="0" occluded="0" keyframe="0" xtl="1489.59" ytl="348.52" xbr="1810.31" ybr="560.60" z_order="0">
      <attribute name="adipose clipped">No</attribute>
      <attribute name="confidence level">1</attribute>
      <attribute name="injury">No</attribute>
      <attribute name="notes">Jack?</attribute>
      <attribute name="sex">Male</attribute>
      <attribute name="view">Side</attribute>
    </box>
    <box frame="218" outside="0" occluded="0" keyframe="0" xtl="1488.25" ytl="344.01" xbr="1815.82" ybr="556.10" z_order="0">
      <attribute name="adipose clipped">No</attribute>
      <attribute name="confidence level">1</attribute>
      <attribute name="injury">No</attribute>
      <attribute name="notes">Jack?</attribute>
      <attribute name="sex">Male</attribute>
      <attribute name="view">Side</attribute>
    </box>
    <box frame="219" outside="0" occluded="0" keyframe="0" xtl="1486.91" ytl="339.51" xbr="1821.33" ybr="551.59" z_order="0">
      <attribute name="adipose clipped">No</attribute>
      <attribute name="confidence level">1</attribute>
      <attribute name="injury">No</attribute>
      <attribute name="notes">Jack?</attribute>
      <attribute name="sex">Male</attribute>
      <attribute name="view">Side</attribute>
    </box>
    <box frame="220" outside="0" occluded="0" keyframe="0" xtl="1485.58" ytl="335.00" xbr="1826.84" ybr="547.08" z_order="0">
      <attribute name="adipose clipped">No</attribute>
      <attribute name="confidence level">1</attribute>
      <attribute name="injury">No</attribute>
      <attribute name="notes">Jack?</attribute>
      <attribute name="sex">Male</attribute>
      <attribute name="view">Side</attribute>
    </box>
    <box frame="221" outside="0" occluded="0" keyframe="0" xtl="1484.24" ytl="330.49" xbr="1832.35" ybr="542.57" z_order="0">
      <attribute name="adipose clipped">No</attribute>
      <attribute name="confidence level">1</attribute>
      <attribute name="injury">No</attribute>
      <attribute name="notes">Jack?</attribute>
      <attribute name="sex">Male</attribute>
      <attribute name="view">Side</attribute>
    </box>
    <box frame="222" outside="0" occluded="0" keyframe="0" xtl="1482.91" ytl="325.98" xbr="1837.86" ybr="538.06" z_order="0">
      <attribute name="adipose clipped">No</attribute>
      <attribute name="confidence level">1</attribute>
      <attribute name="injury">No</attribute>
      <attribute name="notes">Jack?</attribute>
      <attribute name="sex">Male</attribute>
      <attribute name="view">Side</attribute>
    </box>
    <box frame="223" outside="0" occluded="0" keyframe="0" xtl="1481.57" ytl="321.47" xbr="1843.37" ybr="533.56" z_order="0">
      <attribute name="adipose clipped">No</attribute>
      <attribute name="confidence level">1</attribute>
      <attribute name="injury">No</attribute>
      <attribute name="notes">Jack?</attribute>
      <attribute name="sex">Male</attribute>
      <attribute name="view">Side</attribute>
    </box>
    <box frame="224" outside="0" occluded="0" keyframe="0" xtl="1480.24" ytl="316.97" xbr="1848.88" ybr="529.05" z_order="0">
      <attribute name="adipose clipped">No</attribute>
      <attribute name="confidence level">1</attribute>
      <attribute name="injury">No</attribute>
      <attribute name="notes">Jack?</attribute>
      <attribute name="sex">Male</attribute>
      <attribute name="view">Side</attribute>
    </box>
    <box frame="225" outside="0" occluded="0" keyframe="0" xtl="1478.90" ytl="312.46" xbr="1854.39" ybr="524.54" z_order="0">
      <attribute name="adipose clipped">No</attribute>
      <attribute name="confidence level">1</attribute>
      <attribute name="injury">No</attribute>
      <attribute name="notes">Jack?</attribute>
      <attribute name="sex">Male</attribute>
      <attribute name="view">Side</attribute>
    </box>
    <box frame="226" outside="0" occluded="0" keyframe="1" xtl="1477.57" ytl="307.95" xbr="1859.90" ybr="520.03" z_order="0">
      <attribute name="adipose clipped">No</attribute>
      <attribute name="confidence level">1</attribute>
      <attribute name="injury">No</attribute>
      <attribute name="notes">Jack?</attribute>
      <attribute name="sex">Male</attribute>
      <attribute name="view">Side</attribute>
    </box>
    <box frame="227" outside="0" occluded="0" keyframe="0" xtl="1489.25" ytl="304.78" xbr="1865.91" ybr="516.86" z_order="0">
      <attribute name="adipose clipped">No</attribute>
      <attribute name="confidence level">1</attribute>
      <attribute name="injury">No</attribute>
      <attribute name="notes">Jack?</attribute>
      <attribute name="sex">Male</attribute>
      <attribute name="view">Side</attribute>
    </box>
    <box frame="228" outside="0" occluded="0" keyframe="0" xtl="1500.94" ytl="301.60" xbr="1871.92" ybr="513.69" z_order="0">
      <attribute name="adipose clipped">No</attribute>
      <attribute name="confidence level">1</attribute>
      <attribute name="injury">No</attribute>
      <attribute name="notes">Jack?</attribute>
      <attribute name="sex">Male</attribute>
      <attribute name="view">Side</attribute>
    </box>
    <box frame="229" outside="0" occluded="0" keyframe="0" xtl="1512.63" ytl="298.43" xbr="1877.93" ybr="510.52" z_order="0">
      <attribute name="adipose clipped">No</attribute>
      <attribute name="confidence level">1</attribute>
      <attribute name="injury">No</attribute>
      <attribute name="notes">Jack?</attribute>
      <attribute name="sex">Male</attribute>
      <attribute name="view">Side</attribute>
    </box>
    <box frame="230" outside="0" occluded="0" keyframe="0" xtl="1524.31" ytl="295.26" xbr="1883.94" ybr="507.34" z_order="0">
      <attribute name="adipose clipped">No</attribute>
      <attribute name="confidence level">1</attribute>
      <attribute name="injury">No</attribute>
      <attribute name="notes">Jack?</attribute>
      <attribute name="sex">Male</attribute>
      <attribute name="view">Side</attribute>
    </box>
    <box frame="231" outside="0" occluded="0" keyframe="0" xtl="1536.00" ytl="292.09" xbr="1889.95" ybr="504.17" z_order="0">
      <attribute name="adipose clipped">No</attribute>
      <attribute name="confidence level">1</attribute>
      <attribute name="injury">No</attribute>
      <attribute name="notes">Jack?</attribute>
      <attribute name="sex">Male</attribute>
      <attribute name="view">Side</attribute>
    </box>
    <box frame="232" outside="0" occluded="0" keyframe="0" xtl="1547.69" ytl="288.92" xbr="1895.96" ybr="501.00" z_order="0">
      <attribute name="adipose clipped">No</attribute>
      <attribute name="confidence level">1</attribute>
      <attribute name="injury">No</attribute>
      <attribute name="notes">Jack?</attribute>
      <attribute name="sex">Male</attribute>
      <attribute name="view">Side</attribute>
    </box>
    <box frame="233" outside="0" occluded="0" keyframe="0" xtl="1559.37" ytl="285.74" xbr="1901.97" ybr="497.83" z_order="0">
      <attribute name="adipose clipped">No</attribute>
      <attribute name="confidence level">1</attribute>
      <attribute name="injury">No</attribute>
      <attribute name="notes">Jack?</attribute>
      <attribute name="sex">Male</attribute>
      <attribute name="view">Side</attribute>
    </box>
    <box frame="234" outside="0" occluded="0" keyframe="0" xtl="1571.06" ytl="282.57" xbr="1907.98" ybr="494.65" z_order="0">
      <attribute name="adipose clipped">No</attribute>
      <attribute name="confidence level">1</attribute>
      <attribute name="injury">No</attribute>
      <attribute name="notes">Jack?</attribute>
      <attribute name="sex">Male</attribute>
      <attribute name="view">Side</attribute>
    </box>
    <box frame="235" outside="0" occluded="0" keyframe="0" xtl="1582.75" ytl="279.40" xbr="1913.99" ybr="491.48" z_order="0">
      <attribute name="adipose clipped">No</attribute>
      <attribute name="confidence level">1</attribute>
      <attribute name="injury">No</attribute>
      <attribute name="notes">Jack?</attribute>
      <attribute name="sex">Male</attribute>
      <attribute name="view">Side</attribute>
    </box>
    <box frame="236" outside="0" occluded="1" keyframe="1" xtl="1594.43" ytl="276.23" xbr="1920.00" ybr="488.31" z_order="0">
      <attribute name="adipose clipped">No</attribute>
      <attribute name="confidence level">1</attribute>
      <attribute name="injury">No</attribute>
      <attribute name="notes">Jack?</attribute>
      <attribute name="sex">Male</attribute>
      <attribute name="view">Side</attribute>
    </box>
    <box frame="237" outside="0" occluded="1" keyframe="0" xtl="1614.80" ytl="278.73" xbr="1920.00" ybr="490.81" z_order="0">
      <attribute name="adipose clipped">No</attribute>
      <attribute name="confidence level">1</attribute>
      <attribute name="injury">No</attribute>
      <attribute name="notes">Jack?</attribute>
      <attribute name="sex">Male</attribute>
      <attribute name="view">Side</attribute>
    </box>
    <box frame="238" outside="0" occluded="1" keyframe="0" xtl="1635.17" ytl="281.24" xbr="1920.00" ybr="493.32" z_order="0">
      <attribute name="adipose clipped">No</attribute>
      <attribute name="confidence level">1</attribute>
      <attribute name="injury">No</attribute>
      <attribute name="notes">Jack?</attribute>
      <attribute name="sex">Male</attribute>
      <attribute name="view">Side</attribute>
    </box>
    <box frame="239" outside="0" occluded="1" keyframe="0" xtl="1655.54" ytl="283.74" xbr="1920.00" ybr="495.82" z_order="0">
      <attribute name="adipose clipped">No</attribute>
      <attribute name="confidence level">1</attribute>
      <attribute name="injury">No</attribute>
      <attribute name="notes">Jack?</attribute>
      <attribute name="sex">Male</attribute>
      <attribute name="view">Side</attribute>
    </box>
    <box frame="240" outside="0" occluded="1" keyframe="0" xtl="1675.91" ytl="286.24" xbr="1920.00" ybr="498.33" z_order="0">
      <attribute name="adipose clipped">No</attribute>
      <attribute name="confidence level">1</attribute>
      <attribute name="injury">No</attribute>
      <attribute name="notes">Jack?</attribute>
      <attribute name="sex">Male</attribute>
      <attribute name="view">Side</attribute>
    </box>
    <box frame="241" outside="0" occluded="1" keyframe="0" xtl="1696.28" ytl="288.75" xbr="1920.00" ybr="500.83" z_order="0">
      <attribute name="adipose clipped">No</attribute>
      <attribute name="confidence level">1</attribute>
      <attribute name="injury">No</attribute>
      <attribute name="notes">Jack?</attribute>
      <attribute name="sex">Male</attribute>
      <attribute name="view">Side</attribute>
    </box>
    <box frame="242" outside="0" occluded="1" keyframe="0" xtl="1716.65" ytl="291.25" xbr="1920.00" ybr="503.34" z_order="0">
      <attribute name="adipose clipped">No</attribute>
      <attribute name="confidence level">1</attribute>
      <attribute name="injury">No</attribute>
      <attribute name="notes">Jack?</attribute>
      <attribute name="sex">Male</attribute>
      <attribute name="view">Side</attribute>
    </box>
    <box frame="243" outside="0" occluded="1" keyframe="0" xtl="1737.02" ytl="293.76" xbr="1920.00" ybr="505.84" z_order="0">
      <attribute name="adipose clipped">No</attribute>
      <attribute name="confidence level">1</attribute>
      <attribute name="injury">No</attribute>
      <attribute name="notes">Jack?</attribute>
      <attribute name="sex">Male</attribute>
      <attribute name="view">Side</attribute>
    </box>
    <box frame="244" outside="0" occluded="1" keyframe="0" xtl="1757.38" ytl="296.26" xbr="1920.00" ybr="508.34" z_order="0">
      <attribute name="adipose clipped">No</attribute>
      <attribute name="confidence level">1</attribute>
      <attribute name="injury">No</attribute>
      <attribute name="notes">Jack?</attribute>
      <attribute name="sex">Male</attribute>
      <attribute name="view">Side</attribute>
    </box>
    <box frame="245" outside="0" occluded="1" keyframe="0" xtl="1777.75" ytl="298.77" xbr="1920.00" ybr="510.85" z_order="0">
      <attribute name="adipose clipped">No</attribute>
      <attribute name="confidence level">1</attribute>
      <attribute name="injury">No</attribute>
      <attribute name="notes">Jack?</attribute>
      <attribute name="sex">Male</attribute>
      <attribute name="view">Side</attribute>
    </box>
    <box frame="246" outside="0" occluded="1" keyframe="1" xtl="1798.12" ytl="301.27" xbr="1920.00" ybr="513.35" z_order="0">
      <attribute name="adipose clipped">No</attribute>
      <attribute name="confidence level">1</attribute>
      <attribute name="injury">No</attribute>
      <attribute name="notes">Jack?</attribute>
      <attribute name="sex">Male</attribute>
      <attribute name="view">Side</attribute>
    </box>
    <box frame="247" outside="0" occluded="1" keyframe="0" xtl="1838.19" ytl="315.46" xbr="1920.00" ybr="527.54" z_order="0">
      <attribute name="adipose clipped">No</attribute>
      <attribute name="confidence level">1</attribute>
      <attribute name="injury">No</attribute>
      <attribute name="notes">Jack?</attribute>
      <attribute name="sex">Male</attribute>
      <attribute name="view">Side</attribute>
    </box>
    <box frame="248" outside="0" occluded="1" keyframe="1" xtl="1878.26" ytl="329.65" xbr="1920.00" ybr="541.74" z_order="0">
      <attribute name="adipose clipped">No</attribute>
      <attribute name="confidence level">1</attribute>
      <attribute name="injury">No</attribute>
      <attribute name="notes">Jack?</attribute>
      <attribute name="sex">Male</attribute>
      <attribute name="view">Side</attribute>
    </box>
    <box frame="249" outside="0" occluded="1" keyframe="0" xtl="1878.26" ytl="329.65" xbr="1920.00" ybr="541.74" z_order="0">
      <attribute name="adipose clipped">No</attribute>
      <attribute name="confidence level">1</attribute>
      <attribute name="injury">No</attribute>
      <attribute name="notes">Jack?</attribute>
      <attribute name="sex">Male</attribute>
      <attribute name="view">Side</attribute>
    </box>
    <box frame="250" outside="0" occluded="1" keyframe="0" xtl="1878.26" ytl="329.65" xbr="1920.00" ybr="541.74" z_order="0">
      <attribute name="adipose clipped">No</attribute>
      <attribute name="confidence level">1</attribute>
      <attribute name="injury">No</attribute>
      <attribute name="notes">Jack?</attribute>
      <attribute name="sex">Male</attribute>
      <attribute name="view">Side</attribute>
    </box>
    <box frame="251" outside="1" occluded="1" keyframe="1" xtl="1878.26" ytl="329.65" xbr="1920.00" ybr="541.74" z_order="0">
      <attribute name="adipose clipped">No</attribute>
      <attribute name="confidence level">1</attribute>
      <attribute name="injury">No</attribute>
      <attribute name="notes">Jack?</attribute>
      <attribute name="sex">Male</attribute>
      <attribute name="view">Side</attribute>
    </box>
  </track>
</annotations>
