<?xml version="1.0" encoding="utf-8"?>
<annotations>
  <version>1.1</version>
  <meta>
    <task>
      <id>10</id>
      <name>Right Bank 2020-07-31_15_38_09_308</name>
      <size>373</size>
      <mode>interpolation</mode>
      <overlap>5</overlap>
      <bugtracker></bugtracker>
      <created>2021-03-29 18:18:48.420407+00:00</created>
      <updated>2021-03-30 07:26:30.389942+00:00</updated>
      <start_frame>0</start_frame>
      <stop_frame>372</stop_frame>
      <frame_filter></frame_filter>
      <labels>
        <label>
          <name>Coho</name>
          <color>#83e070</color>
          <attributes>
            <attribute>
              <name>Adipose Clipped</name>
              <mutable>False</mutable>
              <input_type>select</input_type>
              <default_value>No</default_value>
              <values>No
Yes
NA</values>
            </attribute>
            <attribute>
              <name>Confidence Level</name>
              <mutable>False</mutable>
              <input_type>select</input_type>
              <default_value>3</default_value>
              <values>3
2
1</values>
            </attribute>
            <attribute>
              <name>Injury</name>
              <mutable>False</mutable>
              <input_type>select</input_type>
              <default_value>No</default_value>
              <values>No
Yes
NA</values>
            </attribute>
            <attribute>
              <name>Notes</name>
              <mutable>False</mutable>
              <input_type>text</input_type>
              <default_value>NA</default_value>
              <values>NA</values>
            </attribute>
            <attribute>
              <name>Sex</name>
              <mutable>False</mutable>
              <input_type>select</input_type>
              <default_value>Male</default_value>
              <values>Male
Female
Jack</values>
            </attribute>
          </attributes>
        </label>
        <label>
          <name>Chum</name>
          <color>#b83df5</color>
          <attributes>
            <attribute>
              <name>Adipose Clipped</name>
              <mutable>False</mutable>
              <input_type>select</input_type>
              <default_value>No</default_value>
              <values>No
Yes
NA</values>
            </attribute>
            <attribute>
              <name>Confidence Level</name>
              <mutable>False</mutable>
              <input_type>select</input_type>
              <default_value>3</default_value>
              <values>3
2
1</values>
            </attribute>
            <attribute>
              <name>Injury</name>
              <mutable>False</mutable>
              <input_type>select</input_type>
              <default_value>No</default_value>
              <values>No
Yes
NA</values>
            </attribute>
            <attribute>
              <name>Notes</name>
              <mutable>False</mutable>
              <input_type>text</input_type>
              <default_value>NA</default_value>
              <values>NA</values>
            </attribute>
            <attribute>
              <name>Sex</name>
              <mutable>False</mutable>
              <input_type>select</input_type>
              <default_value>Male</default_value>
              <values>Male
Female</values>
            </attribute>
          </attributes>
        </label>
        <label>
          <name>Whitefish</name>
          <color>#f1f0f5</color>
          <attributes>
            <attribute>
              <name>Injury</name>
              <mutable>False</mutable>
              <input_type>select</input_type>
              <default_value>No</default_value>
              <values>No
Yes
NA</values>
            </attribute>
            <attribute>
              <name>Notes</name>
              <mutable>False</mutable>
              <input_type>text</input_type>
              <default_value>NA</default_value>
              <values>NA</values>
            </attribute>
            <attribute>
              <name>Sex</name>
              <mutable>False</mutable>
              <input_type>select</input_type>
              <default_value>NA</default_value>
              <values>NA</values>
            </attribute>
            <attribute>
              <name>View</name>
              <mutable>False</mutable>
              <input_type>select</input_type>
              <default_value>Top-down</default_value>
              <values>Top-down
Side</values>
            </attribute>
            <attribute>
              <name>Adipose Clipped</name>
              <mutable>False</mutable>
              <input_type>select</input_type>
              <default_value>No</default_value>
              <values>No
Yes
NA</values>
            </attribute>
            <attribute>
              <name>Confidence Level</name>
              <mutable>False</mutable>
              <input_type>select</input_type>
              <default_value>3</default_value>
              <values>3
2
1</values>
            </attribute>
          </attributes>
        </label>
        <label>
          <name>Rainbow</name>
          <color>#fa32b7</color>
          <attributes>
            <attribute>
              <name>Confidence Level</name>
              <mutable>False</mutable>
              <input_type>select</input_type>
              <default_value>3</default_value>
              <values>3
2
1</values>
            </attribute>
            <attribute>
              <name>Injury</name>
              <mutable>False</mutable>
              <input_type>select</input_type>
              <default_value>No</default_value>
              <values>No
Yes
NA</values>
            </attribute>
            <attribute>
              <name>Notes</name>
              <mutable>False</mutable>
              <input_type>text</input_type>
              <default_value>NA</default_value>
              <values>NA</values>
            </attribute>
            <attribute>
              <name>Sex</name>
              <mutable>False</mutable>
              <input_type>select</input_type>
              <default_value>NA</default_value>
              <values>NA
Juvenile</values>
            </attribute>
            <attribute>
              <name>Adipose Clipped</name>
              <mutable>False</mutable>
              <input_type>select</input_type>
              <default_value>No</default_value>
              <values>No
Yes
NA</values>
            </attribute>
          </attributes>
        </label>
        <label>
          <name>Bull</name>
          <color>#ff6a4d</color>
          <attributes>
            <attribute>
              <name>Adipose Clipped</name>
              <mutable>False</mutable>
              <input_type>select</input_type>
              <default_value>No</default_value>
              <values>No
NA</values>
            </attribute>
            <attribute>
              <name>Confidence Level</name>
              <mutable>False</mutable>
              <input_type>select</input_type>
              <default_value>3</default_value>
              <values>3
2
1</values>
            </attribute>
            <attribute>
              <name>Injury</name>
              <mutable>False</mutable>
              <input_type>select</input_type>
              <default_value>No</default_value>
              <values>No
Yes
NA</values>
            </attribute>
            <attribute>
              <name>Notes</name>
              <mutable>False</mutable>
              <input_type>text</input_type>
              <default_value>NA</default_value>
              <values>NA</values>
            </attribute>
            <attribute>
              <name>Sex</name>
              <mutable>False</mutable>
              <input_type>select</input_type>
              <default_value>NA</default_value>
              <values>NA
Juvenile</values>
            </attribute>
            <attribute>
              <name>View</name>
              <mutable>False</mutable>
              <input_type>select</input_type>
              <default_value>Top-down</default_value>
              <values>Top-down
Side</values>
            </attribute>
          </attributes>
        </label>
        <label>
          <name>Pink</name>
          <color>#fa7dbb</color>
          <attributes>
            <attribute>
              <name>Notes</name>
              <mutable>False</mutable>
              <input_type>text</input_type>
              <default_value>NA</default_value>
              <values>NA</values>
            </attribute>
            <attribute>
              <name>Sex</name>
              <mutable>False</mutable>
              <input_type>select</input_type>
              <default_value>Male</default_value>
              <values>Male
Female</values>
            </attribute>
            <attribute>
              <name>Adipose Clipped</name>
              <mutable>False</mutable>
              <input_type>select</input_type>
              <default_value>No</default_value>
              <values>No
Yes
NA</values>
            </attribute>
            <attribute>
              <name>Confidence Level</name>
              <mutable>False</mutable>
              <input_type>select</input_type>
              <default_value>3</default_value>
              <values>3
2
1</values>
            </attribute>
            <attribute>
              <name>Injury</name>
              <mutable>False</mutable>
              <input_type>select</input_type>
              <default_value>No</default_value>
              <values>No
Yes
NA</values>
            </attribute>
          </attributes>
        </label>
        <label>
          <name>Steelhead</name>
          <color>#66ff66</color>
          <attributes>
            <attribute>
              <name>Adipose Clipped</name>
              <mutable>False</mutable>
              <input_type>select</input_type>
              <default_value>No</default_value>
              <values>No
Yes
NA</values>
            </attribute>
            <attribute>
              <name>Confidence Level</name>
              <mutable>False</mutable>
              <input_type>select</input_type>
              <default_value>3</default_value>
              <values>3
2
1</values>
            </attribute>
            <attribute>
              <name>Injury</name>
              <mutable>False</mutable>
              <input_type>select</input_type>
              <default_value>No</default_value>
              <values>No
Yes
NA</values>
            </attribute>
            <attribute>
              <name>Notes</name>
              <mutable>False</mutable>
              <input_type>text</input_type>
              <default_value>NA</default_value>
              <values>NA</values>
            </attribute>
            <attribute>
              <name>Sex</name>
              <mutable>False</mutable>
              <input_type>select</input_type>
              <default_value>Male</default_value>
              <values>Male
Female</values>
            </attribute>
          </attributes>
        </label>
        <label>
          <name>Chinook</name>
          <color>#cc3366</color>
          <attributes>
            <attribute>
              <name>Adipose Clipped</name>
              <mutable>False</mutable>
              <input_type>select</input_type>
              <default_value>No</default_value>
              <values>No
Yes
NA</values>
            </attribute>
            <attribute>
              <name>Confidence Level</name>
              <mutable>False</mutable>
              <input_type>select</input_type>
              <default_value>3</default_value>
              <values>3
2
1</values>
            </attribute>
            <attribute>
              <name>Injury</name>
              <mutable>False</mutable>
              <input_type>select</input_type>
              <default_value>No</default_value>
              <values>No
Yes
NA</values>
            </attribute>
            <attribute>
              <name>Notes</name>
              <mutable>False</mutable>
              <input_type>text</input_type>
              <default_value>NA</default_value>
              <values>NA</values>
            </attribute>
            <attribute>
              <name>Sex</name>
              <mutable>False</mutable>
              <input_type>select</input_type>
              <default_value>Male</default_value>
              <values>Male
Female
Jack</values>
            </attribute>
            <attribute>
              <name>View</name>
              <mutable>False</mutable>
              <input_type>select</input_type>
              <default_value>Top-down</default_value>
              <values>Top-down
Side</values>
            </attribute>
          </attributes>
        </label>
        <label>
          <name>Sockeye</name>
          <color>#fa3253</color>
          <attributes>
            <attribute>
              <name>Injury</name>
              <mutable>False</mutable>
              <input_type>select</input_type>
              <default_value>No</default_value>
              <values>No
Yes
NA</values>
            </attribute>
            <attribute>
              <name>Notes</name>
              <mutable>False</mutable>
              <input_type>text</input_type>
              <default_value>NA</default_value>
              <values>NA</values>
            </attribute>
            <attribute>
              <name>Sex</name>
              <mutable>False</mutable>
              <input_type>select</input_type>
              <default_value>Male</default_value>
              <values>Male
Female</values>
            </attribute>
            <attribute>
              <name>View</name>
              <mutable>False</mutable>
              <input_type>select</input_type>
              <default_value>Top-down</default_value>
              <values>Top-down
Side</values>
            </attribute>
            <attribute>
              <name>Adipose Clipped</name>
              <mutable>False</mutable>
              <input_type>select</input_type>
              <default_value>No</default_value>
              <values>No
Yes
NA</values>
            </attribute>
            <attribute>
              <name>Confidence Level</name>
              <mutable>False</mutable>
              <input_type>select</input_type>
              <default_value>3</default_value>
              <values>3
2
1</values>
            </attribute>
          </attributes>
        </label>
      </labels>
      <segments>
        <segment>
          <id>10</id>
          <start>0</start>
          <stop>372</stop>
          <url>httplocalhost:8080/?id=10</url>
        </segment>
      </segments>
      <owner>
        <username>bna19</username>
        <email>bna19@sfu.ca</email>
      </owner>
      <assignee></assignee>
      <original_size>
        <width>1280</width>
        <height>720</height>
      </original_size>
    </task>
    <dumped>2021-03-30 07:26:40.390372+00:00</dumped>
    <source>Right Bank 2020-07-31_15_38_09_308.asf</source>
  </meta>
  <track id="0" label="Chinook" source="manual">
    <box frame="69" outside="0" occluded="0" keyframe="1" xtl="0.00" ytl="110.00" xbr="288.75" ybr="367.50" z_order="0">
      <attribute name="Sex">Male</attribute>
      <attribute name="Adipose Clipped">No</attribute>
      <attribute name="Injury">Yes</attribute>
      <attribute name="Confidence Level">3</attribute>
      <attribute name="Notes">NA</attribute>
      <attribute name="View">Side</attribute>
    </box>
    <box frame="70" outside="0" occluded="0" keyframe="0" xtl="0.00" ytl="110.00" xbr="298.67" ybr="370.47" z_order="0">
      <attribute name="Sex">Male</attribute>
      <attribute name="Adipose Clipped">No</attribute>
      <attribute name="Injury">Yes</attribute>
      <attribute name="Confidence Level">3</attribute>
      <attribute name="Notes">NA</attribute>
      <attribute name="View">Side</attribute>
    </box>
    <box frame="71" outside="0" occluded="0" keyframe="0" xtl="0.00" ytl="110.00" xbr="308.59" ybr="373.44" z_order="0">
      <attribute name="Sex">Male</attribute>
      <attribute name="Adipose Clipped">No</attribute>
      <attribute name="Injury">Yes</attribute>
      <attribute name="Confidence Level">3</attribute>
      <attribute name="Notes">NA</attribute>
      <attribute name="View">Side</attribute>
    </box>
    <box frame="72" outside="0" occluded="0" keyframe="0" xtl="0.00" ytl="110.00" xbr="318.52" ybr="376.41" z_order="0">
      <attribute name="Sex">Male</attribute>
      <attribute name="Adipose Clipped">No</attribute>
      <attribute name="Injury">Yes</attribute>
      <attribute name="Confidence Level">3</attribute>
      <attribute name="Notes">NA</attribute>
      <attribute name="View">Side</attribute>
    </box>
    <box frame="73" outside="0" occluded="0" keyframe="0" xtl="0.00" ytl="110.00" xbr="328.44" ybr="379.38" z_order="0">
      <attribute name="Sex">Male</attribute>
      <attribute name="Adipose Clipped">No</attribute>
      <attribute name="Injury">Yes</attribute>
      <attribute name="Confidence Level">3</attribute>
      <attribute name="Notes">NA</attribute>
      <attribute name="View">Side</attribute>
    </box>
    <box frame="74" outside="0" occluded="0" keyframe="0" xtl="0.00" ytl="110.00" xbr="338.36" ybr="382.34" z_order="0">
      <attribute name="Sex">Male</attribute>
      <attribute name="Adipose Clipped">No</attribute>
      <attribute name="Injury">Yes</attribute>
      <attribute name="Confidence Level">3</attribute>
      <attribute name="Notes">NA</attribute>
      <attribute name="View">Side</attribute>
    </box>
    <box frame="75" outside="0" occluded="0" keyframe="0" xtl="0.00" ytl="110.00" xbr="348.28" ybr="385.31" z_order="0">
      <attribute name="Sex">Male</attribute>
      <attribute name="Adipose Clipped">No</attribute>
      <attribute name="Injury">Yes</attribute>
      <attribute name="Confidence Level">3</attribute>
      <attribute name="Notes">NA</attribute>
      <attribute name="View">Side</attribute>
    </box>
    <box frame="76" outside="0" occluded="0" keyframe="0" xtl="0.00" ytl="110.00" xbr="358.20" ybr="388.28" z_order="0">
      <attribute name="Sex">Male</attribute>
      <attribute name="Adipose Clipped">No</attribute>
      <attribute name="Injury">Yes</attribute>
      <attribute name="Confidence Level">3</attribute>
      <attribute name="Notes">NA</attribute>
      <attribute name="View">Side</attribute>
    </box>
    <box frame="77" outside="0" occluded="0" keyframe="0" xtl="0.00" ytl="110.00" xbr="368.12" ybr="391.25" z_order="0">
      <attribute name="Sex">Male</attribute>
      <attribute name="Adipose Clipped">No</attribute>
      <attribute name="Injury">Yes</attribute>
      <attribute name="Confidence Level">3</attribute>
      <attribute name="Notes">NA</attribute>
      <attribute name="View">Side</attribute>
    </box>
    <box frame="78" outside="0" occluded="0" keyframe="0" xtl="0.00" ytl="110.00" xbr="378.05" ybr="394.22" z_order="0">
      <attribute name="Sex">Male</attribute>
      <attribute name="Adipose Clipped">No</attribute>
      <attribute name="Injury">Yes</attribute>
      <attribute name="Confidence Level">3</attribute>
      <attribute name="Notes">NA</attribute>
      <attribute name="View">Side</attribute>
    </box>
    <box frame="79" outside="0" occluded="0" keyframe="0" xtl="0.00" ytl="110.00" xbr="387.97" ybr="397.19" z_order="0">
      <attribute name="Sex">Male</attribute>
      <attribute name="Adipose Clipped">No</attribute>
      <attribute name="Injury">Yes</attribute>
      <attribute name="Confidence Level">3</attribute>
      <attribute name="Notes">NA</attribute>
      <attribute name="View">Side</attribute>
    </box>
    <box frame="80" outside="0" occluded="0" keyframe="0" xtl="0.00" ytl="110.00" xbr="397.89" ybr="400.16" z_order="0">
      <attribute name="Sex">Male</attribute>
      <attribute name="Adipose Clipped">No</attribute>
      <attribute name="Injury">Yes</attribute>
      <attribute name="Confidence Level">3</attribute>
      <attribute name="Notes">NA</attribute>
      <attribute name="View">Side</attribute>
    </box>
    <box frame="81" outside="0" occluded="0" keyframe="0" xtl="0.00" ytl="110.00" xbr="407.81" ybr="403.12" z_order="0">
      <attribute name="Sex">Male</attribute>
      <attribute name="Adipose Clipped">No</attribute>
      <attribute name="Injury">Yes</attribute>
      <attribute name="Confidence Level">3</attribute>
      <attribute name="Notes">NA</attribute>
      <attribute name="View">Side</attribute>
    </box>
    <box frame="82" outside="0" occluded="0" keyframe="0" xtl="0.00" ytl="110.00" xbr="417.73" ybr="406.09" z_order="0">
      <attribute name="Sex">Male</attribute>
      <attribute name="Adipose Clipped">No</attribute>
      <attribute name="Injury">Yes</attribute>
      <attribute name="Confidence Level">3</attribute>
      <attribute name="Notes">NA</attribute>
      <attribute name="View">Side</attribute>
    </box>
    <box frame="83" outside="0" occluded="0" keyframe="0" xtl="0.00" ytl="110.00" xbr="427.66" ybr="409.06" z_order="0">
      <attribute name="Sex">Male</attribute>
      <attribute name="Adipose Clipped">No</attribute>
      <attribute name="Injury">Yes</attribute>
      <attribute name="Confidence Level">3</attribute>
      <attribute name="Notes">NA</attribute>
      <attribute name="View">Side</attribute>
    </box>
    <box frame="84" outside="0" occluded="0" keyframe="0" xtl="0.00" ytl="110.00" xbr="437.58" ybr="412.03" z_order="0">
      <attribute name="Sex">Male</attribute>
      <attribute name="Adipose Clipped">No</attribute>
      <attribute name="Injury">Yes</attribute>
      <attribute name="Confidence Level">3</attribute>
      <attribute name="Notes">NA</attribute>
      <attribute name="View">Side</attribute>
    </box>
    <box frame="85" outside="0" occluded="0" keyframe="1" xtl="0.00" ytl="110.00" xbr="447.50" ybr="415.00" z_order="0">
      <attribute name="Sex">Male</attribute>
      <attribute name="Adipose Clipped">No</attribute>
      <attribute name="Injury">Yes</attribute>
      <attribute name="Confidence Level">3</attribute>
      <attribute name="Notes">NA</attribute>
      <attribute name="View">Side</attribute>
    </box>
    <box frame="86" outside="0" occluded="0" keyframe="0" xtl="0.00" ytl="110.00" xbr="463.57" ybr="414.81" z_order="0">
      <attribute name="Sex">Male</attribute>
      <attribute name="Adipose Clipped">No</attribute>
      <attribute name="Injury">Yes</attribute>
      <attribute name="Confidence Level">3</attribute>
      <attribute name="Notes">NA</attribute>
      <attribute name="View">Side</attribute>
    </box>
    <box frame="87" outside="0" occluded="0" keyframe="0" xtl="0.00" ytl="110.00" xbr="479.64" ybr="414.63" z_order="0">
      <attribute name="Sex">Male</attribute>
      <attribute name="Adipose Clipped">No</attribute>
      <attribute name="Injury">Yes</attribute>
      <attribute name="Confidence Level">3</attribute>
      <attribute name="Notes">NA</attribute>
      <attribute name="View">Side</attribute>
    </box>
    <box frame="88" outside="0" occluded="0" keyframe="0" xtl="0.00" ytl="110.00" xbr="495.71" ybr="414.44" z_order="0">
      <attribute name="Sex">Male</attribute>
      <attribute name="Adipose Clipped">No</attribute>
      <attribute name="Injury">Yes</attribute>
      <attribute name="Confidence Level">3</attribute>
      <attribute name="Notes">NA</attribute>
      <attribute name="View">Side</attribute>
    </box>
    <box frame="89" outside="0" occluded="0" keyframe="0" xtl="0.00" ytl="110.00" xbr="511.79" ybr="414.26" z_order="0">
      <attribute name="Sex">Male</attribute>
      <attribute name="Adipose Clipped">No</attribute>
      <attribute name="Injury">Yes</attribute>
      <attribute name="Confidence Level">3</attribute>
      <attribute name="Notes">NA</attribute>
      <attribute name="View">Side</attribute>
    </box>
    <box frame="90" outside="0" occluded="0" keyframe="0" xtl="0.00" ytl="110.00" xbr="527.86" ybr="414.07" z_order="0">
      <attribute name="Sex">Male</attribute>
      <attribute name="Adipose Clipped">No</attribute>
      <attribute name="Injury">Yes</attribute>
      <attribute name="Confidence Level">3</attribute>
      <attribute name="Notes">NA</attribute>
      <attribute name="View">Side</attribute>
    </box>
    <box frame="91" outside="0" occluded="0" keyframe="0" xtl="0.00" ytl="110.00" xbr="543.93" ybr="413.89" z_order="0">
      <attribute name="Sex">Male</attribute>
      <attribute name="Adipose Clipped">No</attribute>
      <attribute name="Injury">Yes</attribute>
      <attribute name="Confidence Level">3</attribute>
      <attribute name="Notes">NA</attribute>
      <attribute name="View">Side</attribute>
    </box>
    <box frame="92" outside="0" occluded="0" keyframe="1" xtl="0.00" ytl="110.00" xbr="560.00" ybr="413.70" z_order="0">
      <attribute name="Sex">Male</attribute>
      <attribute name="Adipose Clipped">No</attribute>
      <attribute name="Injury">Yes</attribute>
      <attribute name="Confidence Level">3</attribute>
      <attribute name="Notes">NA</attribute>
      <attribute name="View">Side</attribute>
    </box>
    <box frame="93" outside="0" occluded="0" keyframe="0" xtl="0.00" ytl="99.57" xbr="578.33" ybr="413.70" z_order="0">
      <attribute name="Sex">Male</attribute>
      <attribute name="Adipose Clipped">No</attribute>
      <attribute name="Injury">Yes</attribute>
      <attribute name="Confidence Level">3</attribute>
      <attribute name="Notes">NA</attribute>
      <attribute name="View">Side</attribute>
    </box>
    <box frame="94" outside="0" occluded="0" keyframe="0" xtl="0.00" ytl="89.13" xbr="596.67" ybr="413.70" z_order="0">
      <attribute name="Sex">Male</attribute>
      <attribute name="Adipose Clipped">No</attribute>
      <attribute name="Injury">Yes</attribute>
      <attribute name="Confidence Level">3</attribute>
      <attribute name="Notes">NA</attribute>
      <attribute name="View">Side</attribute>
    </box>
    <box frame="95" outside="0" occluded="0" keyframe="1" xtl="0.00" ytl="78.70" xbr="615.00" ybr="413.70" z_order="0">
      <attribute name="Sex">Male</attribute>
      <attribute name="Adipose Clipped">No</attribute>
      <attribute name="Injury">Yes</attribute>
      <attribute name="Confidence Level">3</attribute>
      <attribute name="Notes">NA</attribute>
      <attribute name="View">Side</attribute>
    </box>
    <box frame="96" outside="0" occluded="0" keyframe="0" xtl="0.00" ytl="72.45" xbr="636.25" ybr="413.70" z_order="0">
      <attribute name="Sex">Male</attribute>
      <attribute name="Adipose Clipped">No</attribute>
      <attribute name="Injury">Yes</attribute>
      <attribute name="Confidence Level">3</attribute>
      <attribute name="Notes">NA</attribute>
      <attribute name="View">Side</attribute>
    </box>
    <box frame="97" outside="0" occluded="0" keyframe="1" xtl="0.00" ytl="66.20" xbr="657.50" ybr="413.70" z_order="0">
      <attribute name="Sex">Male</attribute>
      <attribute name="Adipose Clipped">No</attribute>
      <attribute name="Injury">Yes</attribute>
      <attribute name="Confidence Level">3</attribute>
      <attribute name="Notes">NA</attribute>
      <attribute name="View">Side</attribute>
    </box>
    <box frame="98" outside="0" occluded="0" keyframe="1" xtl="0.00" ytl="68.70" xbr="703.70" ybr="413.70" z_order="0">
      <attribute name="Sex">Male</attribute>
      <attribute name="Adipose Clipped">No</attribute>
      <attribute name="Injury">Yes</attribute>
      <attribute name="Confidence Level">3</attribute>
      <attribute name="Notes">NA</attribute>
      <attribute name="View">Side</attribute>
    </box>
    <box frame="99" outside="0" occluded="0" keyframe="1" xtl="0.00" ytl="68.70" xbr="723.70" ybr="405.00" z_order="0">
      <attribute name="Sex">Male</attribute>
      <attribute name="Adipose Clipped">No</attribute>
      <attribute name="Injury">Yes</attribute>
      <attribute name="Confidence Level">3</attribute>
      <attribute name="Notes">NA</attribute>
      <attribute name="View">Side</attribute>
    </box>
    <box frame="100" outside="0" occluded="0" keyframe="1" xtl="0.00" ytl="68.70" xbr="768.70" ybr="393.70" z_order="0">
      <attribute name="Sex">Male</attribute>
      <attribute name="Adipose Clipped">No</attribute>
      <attribute name="Injury">Yes</attribute>
      <attribute name="Confidence Level">3</attribute>
      <attribute name="Notes">NA</attribute>
      <attribute name="View">Side</attribute>
    </box>
    <box frame="101" outside="0" occluded="0" keyframe="1" xtl="0.00" ytl="68.70" xbr="797.50" ybr="395.00" z_order="0">
      <attribute name="Sex">Male</attribute>
      <attribute name="Adipose Clipped">No</attribute>
      <attribute name="Injury">Yes</attribute>
      <attribute name="Confidence Level">3</attribute>
      <attribute name="Notes">NA</attribute>
      <attribute name="View">Side</attribute>
    </box>
    <box frame="102" outside="0" occluded="0" keyframe="1" xtl="0.00" ytl="68.70" xbr="826.20" ybr="395.00" z_order="0">
      <attribute name="Sex">Male</attribute>
      <attribute name="Adipose Clipped">No</attribute>
      <attribute name="Injury">Yes</attribute>
      <attribute name="Confidence Level">3</attribute>
      <attribute name="Notes">NA</attribute>
      <attribute name="View">Side</attribute>
    </box>
    <box frame="103" outside="0" occluded="0" keyframe="1" xtl="0.00" ytl="68.70" xbr="872.50" ybr="401.20" z_order="0">
      <attribute name="Sex">Male</attribute>
      <attribute name="Adipose Clipped">No</attribute>
      <attribute name="Injury">Yes</attribute>
      <attribute name="Confidence Level">3</attribute>
      <attribute name="Notes">NA</attribute>
      <attribute name="View">Side</attribute>
    </box>
    <box frame="104" outside="0" occluded="0" keyframe="1" xtl="0.00" ytl="68.70" xbr="917.50" ybr="400.00" z_order="0">
      <attribute name="Sex">Male</attribute>
      <attribute name="Adipose Clipped">No</attribute>
      <attribute name="Injury">Yes</attribute>
      <attribute name="Confidence Level">3</attribute>
      <attribute name="Notes">NA</attribute>
      <attribute name="View">Side</attribute>
    </box>
    <box frame="105" outside="0" occluded="0" keyframe="1" xtl="0.00" ytl="68.70" xbr="975.00" ybr="392.50" z_order="0">
      <attribute name="Sex">Male</attribute>
      <attribute name="Adipose Clipped">No</attribute>
      <attribute name="Injury">Yes</attribute>
      <attribute name="Confidence Level">3</attribute>
      <attribute name="Notes">NA</attribute>
      <attribute name="View">Side</attribute>
    </box>
    <box frame="106" outside="0" occluded="0" keyframe="1" xtl="0.00" ytl="68.70" xbr="1011.20" ybr="390.00" z_order="0">
      <attribute name="Sex">Male</attribute>
      <attribute name="Adipose Clipped">No</attribute>
      <attribute name="Injury">Yes</attribute>
      <attribute name="Confidence Level">3</attribute>
      <attribute name="Notes">NA</attribute>
      <attribute name="View">Side</attribute>
    </box>
    <box frame="107" outside="0" occluded="0" keyframe="0" xtl="0.00" ytl="68.70" xbr="1057.45" ybr="390.60" z_order="0">
      <attribute name="Sex">Male</attribute>
      <attribute name="Adipose Clipped">No</attribute>
      <attribute name="Injury">Yes</attribute>
      <attribute name="Confidence Level">3</attribute>
      <attribute name="Notes">NA</attribute>
      <attribute name="View">Side</attribute>
    </box>
    <box frame="108" outside="0" occluded="0" keyframe="1" xtl="0.00" ytl="68.70" xbr="1103.70" ybr="391.20" z_order="0">
      <attribute name="Sex">Male</attribute>
      <attribute name="Adipose Clipped">No</attribute>
      <attribute name="Injury">Yes</attribute>
      <attribute name="Confidence Level">3</attribute>
      <attribute name="Notes">NA</attribute>
      <attribute name="View">Side</attribute>
    </box>
    <box frame="109" outside="0" occluded="0" keyframe="1" xtl="0.00" ytl="68.70" xbr="1148.70" ybr="391.20" z_order="0">
      <attribute name="Sex">Male</attribute>
      <attribute name="Adipose Clipped">No</attribute>
      <attribute name="Injury">Yes</attribute>
      <attribute name="Confidence Level">3</attribute>
      <attribute name="Notes">NA</attribute>
      <attribute name="View">Side</attribute>
    </box>
    <box frame="110" outside="0" occluded="0" keyframe="1" xtl="0.00" ytl="68.70" xbr="1171.20" ybr="391.20" z_order="0">
      <attribute name="Sex">Male</attribute>
      <attribute name="Adipose Clipped">No</attribute>
      <attribute name="Injury">Yes</attribute>
      <attribute name="Confidence Level">3</attribute>
      <attribute name="Notes">NA</attribute>
      <attribute name="View">Side</attribute>
    </box>
    <box frame="111" outside="0" occluded="0" keyframe="1" xtl="0.00" ytl="68.70" xbr="1199.90" ybr="391.20" z_order="0">
      <attribute name="Sex">Male</attribute>
      <attribute name="Adipose Clipped">No</attribute>
      <attribute name="Injury">Yes</attribute>
      <attribute name="Confidence Level">3</attribute>
      <attribute name="Notes">NA</attribute>
      <attribute name="View">Side</attribute>
    </box>
    <box frame="112" outside="0" occluded="0" keyframe="1" xtl="0.00" ytl="68.70" xbr="1248.70" ybr="395.00" z_order="0">
      <attribute name="Sex">Male</attribute>
      <attribute name="Adipose Clipped">No</attribute>
      <attribute name="Injury">Yes</attribute>
      <attribute name="Confidence Level">3</attribute>
      <attribute name="Notes">NA</attribute>
      <attribute name="View">Side</attribute>
    </box>
    <box frame="113" outside="0" occluded="0" keyframe="1" xtl="2.50" ytl="67.45" xbr="1280.00" ybr="383.70" z_order="0">
      <attribute name="Sex">Male</attribute>
      <attribute name="Adipose Clipped">No</attribute>
      <attribute name="Injury">Yes</attribute>
      <attribute name="Confidence Level">3</attribute>
      <attribute name="Notes">NA</attribute>
      <attribute name="View">Side</attribute>
    </box>
    <box frame="114" outside="0" occluded="0" keyframe="0" xtl="33.75" ytl="65.37" xbr="1280.00" ybr="381.62" z_order="0">
      <attribute name="Sex">Male</attribute>
      <attribute name="Adipose Clipped">No</attribute>
      <attribute name="Injury">Yes</attribute>
      <attribute name="Confidence Level">3</attribute>
      <attribute name="Notes">NA</attribute>
      <attribute name="View">Side</attribute>
    </box>
    <box frame="115" outside="0" occluded="0" keyframe="0" xtl="65.00" ytl="63.28" xbr="1280.00" ybr="379.53" z_order="0">
      <attribute name="Sex">Male</attribute>
      <attribute name="Adipose Clipped">No</attribute>
      <attribute name="Injury">Yes</attribute>
      <attribute name="Confidence Level">3</attribute>
      <attribute name="Notes">NA</attribute>
      <attribute name="View">Side</attribute>
    </box>
    <box frame="116" outside="0" occluded="0" keyframe="1" xtl="96.25" ytl="61.20" xbr="1280.00" ybr="377.45" z_order="0">
      <attribute name="Sex">Male</attribute>
      <attribute name="Adipose Clipped">No</attribute>
      <attribute name="Injury">Yes</attribute>
      <attribute name="Confidence Level">3</attribute>
      <attribute name="Notes">NA</attribute>
      <attribute name="View">Side</attribute>
    </box>
    <box frame="117" outside="0" occluded="0" keyframe="1" xtl="140.00" ytl="61.20" xbr="1280.00" ybr="377.45" z_order="0">
      <attribute name="Sex">Male</attribute>
      <attribute name="Adipose Clipped">No</attribute>
      <attribute name="Injury">Yes</attribute>
      <attribute name="Confidence Level">3</attribute>
      <attribute name="Notes">NA</attribute>
      <attribute name="View">Side</attribute>
    </box>
    <box frame="118" outside="0" occluded="0" keyframe="0" xtl="176.25" ytl="63.70" xbr="1280.00" ybr="379.95" z_order="0">
      <attribute name="Sex">Male</attribute>
      <attribute name="Adipose Clipped">No</attribute>
      <attribute name="Injury">Yes</attribute>
      <attribute name="Confidence Level">3</attribute>
      <attribute name="Notes">NA</attribute>
      <attribute name="View">Side</attribute>
    </box>
    <box frame="119" outside="0" occluded="0" keyframe="1" xtl="212.50" ytl="66.20" xbr="1280.00" ybr="382.45" z_order="0">
      <attribute name="Sex">Male</attribute>
      <attribute name="Adipose Clipped">No</attribute>
      <attribute name="Injury">Yes</attribute>
      <attribute name="Confidence Level">3</attribute>
      <attribute name="Notes">NA</attribute>
      <attribute name="View">Side</attribute>
    </box>
    <box frame="120" outside="0" occluded="0" keyframe="0" xtl="231.88" ytl="69.95" xbr="1280.00" ybr="386.20" z_order="0">
      <attribute name="Sex">Male</attribute>
      <attribute name="Adipose Clipped">No</attribute>
      <attribute name="Injury">Yes</attribute>
      <attribute name="Confidence Level">3</attribute>
      <attribute name="Notes">NA</attribute>
      <attribute name="View">Side</attribute>
    </box>
    <box frame="121" outside="0" occluded="0" keyframe="1" xtl="251.25" ytl="73.70" xbr="1280.00" ybr="389.95" z_order="0">
      <attribute name="Sex">Male</attribute>
      <attribute name="Adipose Clipped">No</attribute>
      <attribute name="Injury">Yes</attribute>
      <attribute name="Confidence Level">3</attribute>
      <attribute name="Notes">NA</attribute>
      <attribute name="View">Side</attribute>
    </box>
    <box frame="122" outside="0" occluded="0" keyframe="0" xtl="283.12" ytl="73.70" xbr="1280.00" ybr="389.95" z_order="0">
      <attribute name="Sex">Male</attribute>
      <attribute name="Adipose Clipped">No</attribute>
      <attribute name="Injury">Yes</attribute>
      <attribute name="Confidence Level">3</attribute>
      <attribute name="Notes">NA</attribute>
      <attribute name="View">Side</attribute>
    </box>
    <box frame="123" outside="0" occluded="0" keyframe="1" xtl="315.00" ytl="73.70" xbr="1280.00" ybr="389.95" z_order="0">
      <attribute name="Sex">Male</attribute>
      <attribute name="Adipose Clipped">No</attribute>
      <attribute name="Injury">Yes</attribute>
      <attribute name="Confidence Level">3</attribute>
      <attribute name="Notes">NA</attribute>
      <attribute name="View">Side</attribute>
    </box>
    <box frame="124" outside="0" occluded="0" keyframe="0" xtl="323.75" ytl="73.70" xbr="1280.00" ybr="389.95" z_order="0">
      <attribute name="Sex">Male</attribute>
      <attribute name="Adipose Clipped">No</attribute>
      <attribute name="Injury">Yes</attribute>
      <attribute name="Confidence Level">3</attribute>
      <attribute name="Notes">NA</attribute>
      <attribute name="View">Side</attribute>
    </box>
    <box frame="125" outside="0" occluded="0" keyframe="0" xtl="332.50" ytl="73.70" xbr="1280.00" ybr="389.95" z_order="0">
      <attribute name="Sex">Male</attribute>
      <attribute name="Adipose Clipped">No</attribute>
      <attribute name="Injury">Yes</attribute>
      <attribute name="Confidence Level">3</attribute>
      <attribute name="Notes">NA</attribute>
      <attribute name="View">Side</attribute>
    </box>
    <box frame="126" outside="0" occluded="0" keyframe="0" xtl="341.25" ytl="73.70" xbr="1280.00" ybr="389.95" z_order="0">
      <attribute name="Sex">Male</attribute>
      <attribute name="Adipose Clipped">No</attribute>
      <attribute name="Injury">Yes</attribute>
      <attribute name="Confidence Level">3</attribute>
      <attribute name="Notes">NA</attribute>
      <attribute name="View">Side</attribute>
    </box>
    <box frame="127" outside="0" occluded="0" keyframe="1" xtl="350.00" ytl="73.70" xbr="1280.00" ybr="389.95" z_order="0">
      <attribute name="Sex">Male</attribute>
      <attribute name="Adipose Clipped">No</attribute>
      <attribute name="Injury">Yes</attribute>
      <attribute name="Confidence Level">3</attribute>
      <attribute name="Notes">NA</attribute>
      <attribute name="View">Side</attribute>
    </box>
    <box frame="128" outside="0" occluded="0" keyframe="1" xtl="410.00" ytl="76.20" xbr="1280.00" ybr="392.45" z_order="0">
      <attribute name="Sex">Male</attribute>
      <attribute name="Adipose Clipped">No</attribute>
      <attribute name="Injury">Yes</attribute>
      <attribute name="Confidence Level">3</attribute>
      <attribute name="Notes">NA</attribute>
      <attribute name="View">Side</attribute>
    </box>
    <box frame="129" outside="0" occluded="0" keyframe="1" xtl="437.50" ytl="76.20" xbr="1280.00" ybr="392.45" z_order="0">
      <attribute name="Sex">Male</attribute>
      <attribute name="Adipose Clipped">No</attribute>
      <attribute name="Injury">Yes</attribute>
      <attribute name="Confidence Level">3</attribute>
      <attribute name="Notes">NA</attribute>
      <attribute name="View">Side</attribute>
    </box>
    <box frame="130" outside="0" occluded="0" keyframe="1" xtl="467.50" ytl="76.20" xbr="1280.00" ybr="392.45" z_order="0">
      <attribute name="Sex">Male</attribute>
      <attribute name="Adipose Clipped">No</attribute>
      <attribute name="Injury">Yes</attribute>
      <attribute name="Confidence Level">3</attribute>
      <attribute name="Notes">NA</attribute>
      <attribute name="View">Side</attribute>
    </box>
    <box frame="131" outside="0" occluded="0" keyframe="0" xtl="494.17" ytl="74.53" xbr="1280.00" ybr="390.78" z_order="0">
      <attribute name="Sex">Male</attribute>
      <attribute name="Adipose Clipped">No</attribute>
      <attribute name="Injury">Yes</attribute>
      <attribute name="Confidence Level">3</attribute>
      <attribute name="Notes">NA</attribute>
      <attribute name="View">Side</attribute>
    </box>
    <box frame="132" outside="0" occluded="0" keyframe="0" xtl="520.83" ytl="72.87" xbr="1280.00" ybr="389.12" z_order="0">
      <attribute name="Sex">Male</attribute>
      <attribute name="Adipose Clipped">No</attribute>
      <attribute name="Injury">Yes</attribute>
      <attribute name="Confidence Level">3</attribute>
      <attribute name="Notes">NA</attribute>
      <attribute name="View">Side</attribute>
    </box>
    <box frame="133" outside="0" occluded="0" keyframe="1" xtl="547.50" ytl="71.20" xbr="1280.00" ybr="387.45" z_order="0">
      <attribute name="Sex">Male</attribute>
      <attribute name="Adipose Clipped">No</attribute>
      <attribute name="Injury">Yes</attribute>
      <attribute name="Confidence Level">3</attribute>
      <attribute name="Notes">NA</attribute>
      <attribute name="View">Side</attribute>
    </box>
    <box frame="134" outside="0" occluded="0" keyframe="0" xtl="565.62" ytl="71.20" xbr="1280.00" ybr="387.45" z_order="0">
      <attribute name="Sex">Male</attribute>
      <attribute name="Adipose Clipped">No</attribute>
      <attribute name="Injury">Yes</attribute>
      <attribute name="Confidence Level">3</attribute>
      <attribute name="Notes">NA</attribute>
      <attribute name="View">Side</attribute>
    </box>
    <box frame="135" outside="0" occluded="0" keyframe="1" xtl="583.75" ytl="71.20" xbr="1280.00" ybr="387.45" z_order="0">
      <attribute name="Sex">Male</attribute>
      <attribute name="Adipose Clipped">No</attribute>
      <attribute name="Injury">Yes</attribute>
      <attribute name="Confidence Level">3</attribute>
      <attribute name="Notes">NA</attribute>
      <attribute name="View">Side</attribute>
    </box>
    <box frame="136" outside="0" occluded="0" keyframe="1" xtl="663.75" ytl="71.20" xbr="1280.00" ybr="387.45" z_order="0">
      <attribute name="Sex">Male</attribute>
      <attribute name="Adipose Clipped">No</attribute>
      <attribute name="Injury">Yes</attribute>
      <attribute name="Confidence Level">3</attribute>
      <attribute name="Notes">NA</attribute>
      <attribute name="View">Side</attribute>
    </box>
    <box frame="137" outside="0" occluded="0" keyframe="0" xtl="690.00" ytl="71.20" xbr="1280.00" ybr="387.45" z_order="0">
      <attribute name="Sex">Male</attribute>
      <attribute name="Adipose Clipped">No</attribute>
      <attribute name="Injury">Yes</attribute>
      <attribute name="Confidence Level">3</attribute>
      <attribute name="Notes">NA</attribute>
      <attribute name="View">Side</attribute>
    </box>
    <box frame="138" outside="0" occluded="0" keyframe="1" xtl="716.25" ytl="71.20" xbr="1280.00" ybr="387.45" z_order="0">
      <attribute name="Sex">Male</attribute>
      <attribute name="Adipose Clipped">No</attribute>
      <attribute name="Injury">Yes</attribute>
      <attribute name="Confidence Level">3</attribute>
      <attribute name="Notes">NA</attribute>
      <attribute name="View">Side</attribute>
    </box>
    <box frame="139" outside="0" occluded="0" keyframe="0" xtl="745.62" ytl="71.20" xbr="1280.00" ybr="387.45" z_order="0">
      <attribute name="Sex">Male</attribute>
      <attribute name="Adipose Clipped">No</attribute>
      <attribute name="Injury">Yes</attribute>
      <attribute name="Confidence Level">3</attribute>
      <attribute name="Notes">NA</attribute>
      <attribute name="View">Side</attribute>
    </box>
    <box frame="140" outside="0" occluded="0" keyframe="1" xtl="775.00" ytl="71.20" xbr="1280.00" ybr="387.45" z_order="0">
      <attribute name="Sex">Male</attribute>
      <attribute name="Adipose Clipped">No</attribute>
      <attribute name="Injury">Yes</attribute>
      <attribute name="Confidence Level">3</attribute>
      <attribute name="Notes">NA</attribute>
      <attribute name="View">Side</attribute>
    </box>
    <box frame="141" outside="0" occluded="0" keyframe="0" xtl="801.25" ytl="67.87" xbr="1280.00" ybr="384.12" z_order="0">
      <attribute name="Sex">Male</attribute>
      <attribute name="Adipose Clipped">No</attribute>
      <attribute name="Injury">Yes</attribute>
      <attribute name="Confidence Level">3</attribute>
      <attribute name="Notes">NA</attribute>
      <attribute name="View">Side</attribute>
    </box>
    <box frame="142" outside="0" occluded="0" keyframe="0" xtl="827.50" ytl="64.53" xbr="1280.00" ybr="380.78" z_order="0">
      <attribute name="Sex">Male</attribute>
      <attribute name="Adipose Clipped">No</attribute>
      <attribute name="Injury">Yes</attribute>
      <attribute name="Confidence Level">3</attribute>
      <attribute name="Notes">NA</attribute>
      <attribute name="View">Side</attribute>
    </box>
    <box frame="143" outside="0" occluded="0" keyframe="1" xtl="853.75" ytl="61.20" xbr="1280.00" ybr="377.45" z_order="0">
      <attribute name="Sex">Male</attribute>
      <attribute name="Adipose Clipped">No</attribute>
      <attribute name="Injury">Yes</attribute>
      <attribute name="Confidence Level">3</attribute>
      <attribute name="Notes">NA</attribute>
      <attribute name="View">Side</attribute>
    </box>
    <box frame="144" outside="0" occluded="0" keyframe="0" xtl="871.88" ytl="61.20" xbr="1280.00" ybr="377.45" z_order="0">
      <attribute name="Sex">Male</attribute>
      <attribute name="Adipose Clipped">No</attribute>
      <attribute name="Injury">Yes</attribute>
      <attribute name="Confidence Level">3</attribute>
      <attribute name="Notes">NA</attribute>
      <attribute name="View">Side</attribute>
    </box>
    <box frame="145" outside="0" occluded="0" keyframe="1" xtl="890.00" ytl="61.20" xbr="1280.00" ybr="377.45" z_order="0">
      <attribute name="Sex">Male</attribute>
      <attribute name="Adipose Clipped">No</attribute>
      <attribute name="Injury">Yes</attribute>
      <attribute name="Confidence Level">3</attribute>
      <attribute name="Notes">NA</attribute>
      <attribute name="View">Side</attribute>
    </box>
    <box frame="146" outside="0" occluded="0" keyframe="0" xtl="913.33" ytl="61.62" xbr="1280.00" ybr="377.87" z_order="0">
      <attribute name="Sex">Male</attribute>
      <attribute name="Adipose Clipped">No</attribute>
      <attribute name="Injury">Yes</attribute>
      <attribute name="Confidence Level">3</attribute>
      <attribute name="Notes">NA</attribute>
      <attribute name="View">Side</attribute>
    </box>
    <box frame="147" outside="0" occluded="0" keyframe="0" xtl="936.67" ytl="62.03" xbr="1280.00" ybr="378.28" z_order="0">
      <attribute name="Sex">Male</attribute>
      <attribute name="Adipose Clipped">No</attribute>
      <attribute name="Injury">Yes</attribute>
      <attribute name="Confidence Level">3</attribute>
      <attribute name="Notes">NA</attribute>
      <attribute name="View">Side</attribute>
    </box>
    <box frame="148" outside="0" occluded="1" keyframe="1" xtl="960.00" ytl="62.45" xbr="1280.00" ybr="378.70" z_order="0">
      <attribute name="Sex">Male</attribute>
      <attribute name="Adipose Clipped">No</attribute>
      <attribute name="Injury">Yes</attribute>
      <attribute name="Confidence Level">3</attribute>
      <attribute name="Notes">NA</attribute>
      <attribute name="View">Side</attribute>
    </box>
    <box frame="149" outside="0" occluded="1" keyframe="0" xtl="973.12" ytl="62.45" xbr="1280.00" ybr="378.70" z_order="0">
      <attribute name="Sex">Male</attribute>
      <attribute name="Adipose Clipped">No</attribute>
      <attribute name="Injury">Yes</attribute>
      <attribute name="Confidence Level">3</attribute>
      <attribute name="Notes">NA</attribute>
      <attribute name="View">Side</attribute>
    </box>
    <box frame="150" outside="0" occluded="1" keyframe="0" xtl="986.25" ytl="62.45" xbr="1280.00" ybr="378.70" z_order="0">
      <attribute name="Sex">Male</attribute>
      <attribute name="Adipose Clipped">No</attribute>
      <attribute name="Injury">Yes</attribute>
      <attribute name="Confidence Level">3</attribute>
      <attribute name="Notes">NA</attribute>
      <attribute name="View">Side</attribute>
    </box>
    <box frame="151" outside="0" occluded="1" keyframe="0" xtl="999.38" ytl="62.45" xbr="1280.00" ybr="378.70" z_order="0">
      <attribute name="Sex">Male</attribute>
      <attribute name="Adipose Clipped">No</attribute>
      <attribute name="Injury">Yes</attribute>
      <attribute name="Confidence Level">3</attribute>
      <attribute name="Notes">NA</attribute>
      <attribute name="View">Side</attribute>
    </box>
    <box frame="152" outside="0" occluded="1" keyframe="1" xtl="1012.50" ytl="62.45" xbr="1280.00" ybr="378.70" z_order="0">
      <attribute name="Sex">Male</attribute>
      <attribute name="Adipose Clipped">No</attribute>
      <attribute name="Injury">Yes</attribute>
      <attribute name="Confidence Level">3</attribute>
      <attribute name="Notes">NA</attribute>
      <attribute name="View">Side</attribute>
    </box>
    <box frame="153" outside="0" occluded="1" keyframe="0" xtl="1047.50" ytl="54.95" xbr="1280.00" ybr="371.20" z_order="0">
      <attribute name="Sex">Male</attribute>
      <attribute name="Adipose Clipped">No</attribute>
      <attribute name="Injury">Yes</attribute>
      <attribute name="Confidence Level">3</attribute>
      <attribute name="Notes">NA</attribute>
      <attribute name="View">Side</attribute>
    </box>
    <box frame="154" outside="0" occluded="1" keyframe="0" xtl="1082.50" ytl="47.45" xbr="1280.00" ybr="363.70" z_order="0">
      <attribute name="Sex">Male</attribute>
      <attribute name="Adipose Clipped">No</attribute>
      <attribute name="Injury">Yes</attribute>
      <attribute name="Confidence Level">3</attribute>
      <attribute name="Notes">NA</attribute>
      <attribute name="View">Side</attribute>
    </box>
    <box frame="155" outside="0" occluded="1" keyframe="1" xtl="1117.50" ytl="39.95" xbr="1280.00" ybr="356.20" z_order="0">
      <attribute name="Sex">Male</attribute>
      <attribute name="Adipose Clipped">No</attribute>
      <attribute name="Injury">Yes</attribute>
      <attribute name="Confidence Level">3</attribute>
      <attribute name="Notes">NA</attribute>
      <attribute name="View">Side</attribute>
    </box>
    <box frame="156" outside="0" occluded="1" keyframe="0" xtl="1144.38" ytl="24.33" xbr="1280.00" ybr="340.58" z_order="0">
      <attribute name="Sex">Male</attribute>
      <attribute name="Adipose Clipped">No</attribute>
      <attribute name="Injury">Yes</attribute>
      <attribute name="Confidence Level">3</attribute>
      <attribute name="Notes">NA</attribute>
      <attribute name="View">Side</attribute>
    </box>
    <box frame="157" outside="0" occluded="1" keyframe="1" xtl="1171.25" ytl="8.70" xbr="1280.00" ybr="324.95" z_order="0">
      <attribute name="Sex">Male</attribute>
      <attribute name="Adipose Clipped">No</attribute>
      <attribute name="Injury">Yes</attribute>
      <attribute name="Confidence Level">3</attribute>
      <attribute name="Notes">NA</attribute>
      <attribute name="View">Side</attribute>
    </box>
    <box frame="158" outside="1" occluded="1" keyframe="1" xtl="1171.25" ytl="8.70" xbr="1280.00" ybr="324.95" z_order="0">
      <attribute name="Sex">Male</attribute>
      <attribute name="Adipose Clipped">No</attribute>
      <attribute name="Injury">Yes</attribute>
      <attribute name="Confidence Level">3</attribute>
      <attribute name="Notes">NA</attribute>
      <attribute name="View">Side</attribute>
    </box>
  </track>
  <track id="1" label="Chinook" source="manual">
    <box frame="69" outside="0" occluded="0" keyframe="1" xtl="0.00" ytl="477.50" xbr="156.25" ybr="652.50" z_order="0">
      <attribute name="Sex">Male</attribute>
      <attribute name="Adipose Clipped">No</attribute>
      <attribute name="Injury">Yes</attribute>
      <attribute name="Confidence Level">3</attribute>
      <attribute name="Notes">Pectoral fins torn, tail and dorsal fin white</attribute>
      <attribute name="View">Top-down</attribute>
    </box>
    <box frame="70" outside="0" occluded="0" keyframe="0" xtl="0.00" ytl="469.74" xbr="171.00" ybr="652.50" z_order="0">
      <attribute name="Sex">Male</attribute>
      <attribute name="Adipose Clipped">No</attribute>
      <attribute name="Injury">Yes</attribute>
      <attribute name="Confidence Level">3</attribute>
      <attribute name="Notes">Pectoral fins torn, tail and dorsal fin white</attribute>
      <attribute name="View">Top-down</attribute>
    </box>
    <box frame="71" outside="0" occluded="0" keyframe="0" xtl="0.00" ytl="461.98" xbr="185.75" ybr="652.50" z_order="0">
      <attribute name="Sex">Male</attribute>
      <attribute name="Adipose Clipped">No</attribute>
      <attribute name="Injury">Yes</attribute>
      <attribute name="Confidence Level">3</attribute>
      <attribute name="Notes">Pectoral fins torn, tail and dorsal fin white</attribute>
      <attribute name="View">Top-down</attribute>
    </box>
    <box frame="72" outside="0" occluded="0" keyframe="0" xtl="0.00" ytl="454.22" xbr="200.50" ybr="652.50" z_order="0">
      <attribute name="Sex">Male</attribute>
      <attribute name="Adipose Clipped">No</attribute>
      <attribute name="Injury">Yes</attribute>
      <attribute name="Confidence Level">3</attribute>
      <attribute name="Notes">Pectoral fins torn, tail and dorsal fin white</attribute>
      <attribute name="View">Top-down</attribute>
    </box>
    <box frame="73" outside="0" occluded="0" keyframe="0" xtl="0.00" ytl="446.46" xbr="215.25" ybr="652.50" z_order="0">
      <attribute name="Sex">Male</attribute>
      <attribute name="Adipose Clipped">No</attribute>
      <attribute name="Injury">Yes</attribute>
      <attribute name="Confidence Level">3</attribute>
      <attribute name="Notes">Pectoral fins torn, tail and dorsal fin white</attribute>
      <attribute name="View">Top-down</attribute>
    </box>
    <box frame="74" outside="0" occluded="0" keyframe="1" xtl="0.00" ytl="438.70" xbr="230.00" ybr="652.50" z_order="0">
      <attribute name="Sex">Male</attribute>
      <attribute name="Adipose Clipped">No</attribute>
      <attribute name="Injury">Yes</attribute>
      <attribute name="Confidence Level">3</attribute>
      <attribute name="Notes">Pectoral fins torn, tail and dorsal fin white</attribute>
      <attribute name="View">Top-down</attribute>
    </box>
    <box frame="75" outside="0" occluded="0" keyframe="0" xtl="0.00" ytl="438.70" xbr="244.38" ybr="652.50" z_order="0">
      <attribute name="Sex">Male</attribute>
      <attribute name="Adipose Clipped">No</attribute>
      <attribute name="Injury">Yes</attribute>
      <attribute name="Confidence Level">3</attribute>
      <attribute name="Notes">Pectoral fins torn, tail and dorsal fin white</attribute>
      <attribute name="View">Top-down</attribute>
    </box>
    <box frame="76" outside="0" occluded="0" keyframe="0" xtl="0.00" ytl="438.70" xbr="258.75" ybr="652.50" z_order="0">
      <attribute name="Sex">Male</attribute>
      <attribute name="Adipose Clipped">No</attribute>
      <attribute name="Injury">Yes</attribute>
      <attribute name="Confidence Level">3</attribute>
      <attribute name="Notes">Pectoral fins torn, tail and dorsal fin white</attribute>
      <attribute name="View">Top-down</attribute>
    </box>
    <box frame="77" outside="0" occluded="0" keyframe="0" xtl="0.00" ytl="438.70" xbr="273.12" ybr="652.50" z_order="0">
      <attribute name="Sex">Male</attribute>
      <attribute name="Adipose Clipped">No</attribute>
      <attribute name="Injury">Yes</attribute>
      <attribute name="Confidence Level">3</attribute>
      <attribute name="Notes">Pectoral fins torn, tail and dorsal fin white</attribute>
      <attribute name="View">Top-down</attribute>
    </box>
    <box frame="78" outside="0" occluded="0" keyframe="1" xtl="0.00" ytl="438.70" xbr="287.50" ybr="652.50" z_order="0">
      <attribute name="Sex">Male</attribute>
      <attribute name="Adipose Clipped">No</attribute>
      <attribute name="Injury">Yes</attribute>
      <attribute name="Confidence Level">3</attribute>
      <attribute name="Notes">Pectoral fins torn, tail and dorsal fin white</attribute>
      <attribute name="View">Top-down</attribute>
    </box>
    <box frame="79" outside="0" occluded="0" keyframe="0" xtl="0.00" ytl="438.70" xbr="298.73" ybr="652.50" z_order="0">
      <attribute name="Sex">Male</attribute>
      <attribute name="Adipose Clipped">No</attribute>
      <attribute name="Injury">Yes</attribute>
      <attribute name="Confidence Level">3</attribute>
      <attribute name="Notes">Pectoral fins torn, tail and dorsal fin white</attribute>
      <attribute name="View">Top-down</attribute>
    </box>
    <box frame="80" outside="0" occluded="0" keyframe="0" xtl="0.00" ytl="438.70" xbr="309.97" ybr="652.50" z_order="0">
      <attribute name="Sex">Male</attribute>
      <attribute name="Adipose Clipped">No</attribute>
      <attribute name="Injury">Yes</attribute>
      <attribute name="Confidence Level">3</attribute>
      <attribute name="Notes">Pectoral fins torn, tail and dorsal fin white</attribute>
      <attribute name="View">Top-down</attribute>
    </box>
    <box frame="81" outside="0" occluded="0" keyframe="1" xtl="0.00" ytl="438.70" xbr="321.20" ybr="652.50" z_order="0">
      <attribute name="Sex">Male</attribute>
      <attribute name="Adipose Clipped">No</attribute>
      <attribute name="Injury">Yes</attribute>
      <attribute name="Confidence Level">3</attribute>
      <attribute name="Notes">Pectoral fins torn, tail and dorsal fin white</attribute>
      <attribute name="View">Top-down</attribute>
    </box>
    <box frame="82" outside="0" occluded="0" keyframe="0" xtl="0.00" ytl="438.70" xbr="340.37" ybr="652.50" z_order="0">
      <attribute name="Sex">Male</attribute>
      <attribute name="Adipose Clipped">No</attribute>
      <attribute name="Injury">Yes</attribute>
      <attribute name="Confidence Level">3</attribute>
      <attribute name="Notes">Pectoral fins torn, tail and dorsal fin white</attribute>
      <attribute name="View">Top-down</attribute>
    </box>
    <box frame="83" outside="0" occluded="0" keyframe="0" xtl="0.00" ytl="438.70" xbr="359.53" ybr="652.50" z_order="0">
      <attribute name="Sex">Male</attribute>
      <attribute name="Adipose Clipped">No</attribute>
      <attribute name="Injury">Yes</attribute>
      <attribute name="Confidence Level">3</attribute>
      <attribute name="Notes">Pectoral fins torn, tail and dorsal fin white</attribute>
      <attribute name="View">Top-down</attribute>
    </box>
    <box frame="84" outside="0" occluded="0" keyframe="1" xtl="0.00" ytl="438.70" xbr="378.70" ybr="652.50" z_order="0">
      <attribute name="Sex">Male</attribute>
      <attribute name="Adipose Clipped">No</attribute>
      <attribute name="Injury">Yes</attribute>
      <attribute name="Confidence Level">3</attribute>
      <attribute name="Notes">Pectoral fins torn, tail and dorsal fin white</attribute>
      <attribute name="View">Top-down</attribute>
    </box>
    <box frame="85" outside="0" occluded="0" keyframe="0" xtl="0.00" ytl="440.37" xbr="394.93" ybr="652.50" z_order="0">
      <attribute name="Sex">Male</attribute>
      <attribute name="Adipose Clipped">No</attribute>
      <attribute name="Injury">Yes</attribute>
      <attribute name="Confidence Level">3</attribute>
      <attribute name="Notes">Pectoral fins torn, tail and dorsal fin white</attribute>
      <attribute name="View">Top-down</attribute>
    </box>
    <box frame="86" outside="0" occluded="0" keyframe="0" xtl="0.00" ytl="442.03" xbr="411.17" ybr="652.50" z_order="0">
      <attribute name="Sex">Male</attribute>
      <attribute name="Adipose Clipped">No</attribute>
      <attribute name="Injury">Yes</attribute>
      <attribute name="Confidence Level">3</attribute>
      <attribute name="Notes">Pectoral fins torn, tail and dorsal fin white</attribute>
      <attribute name="View">Top-down</attribute>
    </box>
    <box frame="87" outside="0" occluded="0" keyframe="1" xtl="0.00" ytl="443.70" xbr="427.40" ybr="652.50" z_order="0">
      <attribute name="Sex">Male</attribute>
      <attribute name="Adipose Clipped">No</attribute>
      <attribute name="Injury">Yes</attribute>
      <attribute name="Confidence Level">3</attribute>
      <attribute name="Notes">Pectoral fins torn, tail and dorsal fin white</attribute>
      <attribute name="View">Top-down</attribute>
    </box>
    <box frame="88" outside="0" occluded="0" keyframe="0" xtl="0.00" ytl="443.70" xbr="459.30" ybr="673.75" z_order="0">
      <attribute name="Sex">Male</attribute>
      <attribute name="Adipose Clipped">No</attribute>
      <attribute name="Injury">Yes</attribute>
      <attribute name="Confidence Level">3</attribute>
      <attribute name="Notes">Pectoral fins torn, tail and dorsal fin white</attribute>
      <attribute name="View">Top-down</attribute>
    </box>
    <box frame="89" outside="0" occluded="0" keyframe="1" xtl="0.00" ytl="443.70" xbr="491.20" ybr="695.00" z_order="0">
      <attribute name="Sex">Male</attribute>
      <attribute name="Adipose Clipped">No</attribute>
      <attribute name="Injury">Yes</attribute>
      <attribute name="Confidence Level">3</attribute>
      <attribute name="Notes">Pectoral fins torn, tail and dorsal fin white</attribute>
      <attribute name="View">Top-down</attribute>
    </box>
    <box frame="90" outside="0" occluded="0" keyframe="0" xtl="0.00" ytl="443.70" xbr="510.25" ybr="694.38" z_order="0">
      <attribute name="Sex">Male</attribute>
      <attribute name="Adipose Clipped">No</attribute>
      <attribute name="Injury">Yes</attribute>
      <attribute name="Confidence Level">3</attribute>
      <attribute name="Notes">Pectoral fins torn, tail and dorsal fin white</attribute>
      <attribute name="View">Top-down</attribute>
    </box>
    <box frame="91" outside="0" occluded="0" keyframe="0" xtl="0.00" ytl="443.70" xbr="529.30" ybr="693.75" z_order="0">
      <attribute name="Sex">Male</attribute>
      <attribute name="Adipose Clipped">No</attribute>
      <attribute name="Injury">Yes</attribute>
      <attribute name="Confidence Level">3</attribute>
      <attribute name="Notes">Pectoral fins torn, tail and dorsal fin white</attribute>
      <attribute name="View">Top-down</attribute>
    </box>
    <box frame="92" outside="0" occluded="0" keyframe="0" xtl="0.00" ytl="443.70" xbr="548.35" ybr="693.12" z_order="0">
      <attribute name="Sex">Male</attribute>
      <attribute name="Adipose Clipped">No</attribute>
      <attribute name="Injury">Yes</attribute>
      <attribute name="Confidence Level">3</attribute>
      <attribute name="Notes">Pectoral fins torn, tail and dorsal fin white</attribute>
      <attribute name="View">Top-down</attribute>
    </box>
    <box frame="93" outside="0" occluded="0" keyframe="1" xtl="0.00" ytl="443.70" xbr="567.40" ybr="692.50" z_order="0">
      <attribute name="Sex">Male</attribute>
      <attribute name="Adipose Clipped">No</attribute>
      <attribute name="Injury">Yes</attribute>
      <attribute name="Confidence Level">3</attribute>
      <attribute name="Notes">Pectoral fins torn, tail and dorsal fin white</attribute>
      <attribute name="View">Top-down</attribute>
    </box>
    <box frame="94" outside="0" occluded="0" keyframe="0" xtl="0.00" ytl="443.70" xbr="600.55" ybr="692.50" z_order="0">
      <attribute name="Sex">Male</attribute>
      <attribute name="Adipose Clipped">No</attribute>
      <attribute name="Injury">Yes</attribute>
      <attribute name="Confidence Level">3</attribute>
      <attribute name="Notes">Pectoral fins torn, tail and dorsal fin white</attribute>
      <attribute name="View">Top-down</attribute>
    </box>
    <box frame="95" outside="0" occluded="0" keyframe="1" xtl="0.00" ytl="443.70" xbr="633.70" ybr="692.50" z_order="0">
      <attribute name="Sex">Male</attribute>
      <attribute name="Adipose Clipped">No</attribute>
      <attribute name="Injury">Yes</attribute>
      <attribute name="Confidence Level">3</attribute>
      <attribute name="Notes">Pectoral fins torn, tail and dorsal fin white</attribute>
      <attribute name="View">Top-down</attribute>
    </box>
    <box frame="96" outside="0" occluded="0" keyframe="0" xtl="0.00" ytl="443.70" xbr="650.60" ybr="692.50" z_order="0">
      <attribute name="Sex">Male</attribute>
      <attribute name="Adipose Clipped">No</attribute>
      <attribute name="Injury">Yes</attribute>
      <attribute name="Confidence Level">3</attribute>
      <attribute name="Notes">Pectoral fins torn, tail and dorsal fin white</attribute>
      <attribute name="View">Top-down</attribute>
    </box>
    <box frame="97" outside="0" occluded="0" keyframe="1" xtl="0.00" ytl="443.70" xbr="667.50" ybr="692.50" z_order="0">
      <attribute name="Sex">Male</attribute>
      <attribute name="Adipose Clipped">No</attribute>
      <attribute name="Injury">Yes</attribute>
      <attribute name="Confidence Level">3</attribute>
      <attribute name="Notes">Pectoral fins torn, tail and dorsal fin white</attribute>
      <attribute name="View">Top-down</attribute>
    </box>
    <box frame="98" outside="0" occluded="0" keyframe="1" xtl="0.00" ytl="443.70" xbr="723.70" ybr="692.50" z_order="0">
      <attribute name="Sex">Male</attribute>
      <attribute name="Adipose Clipped">No</attribute>
      <attribute name="Injury">Yes</attribute>
      <attribute name="Confidence Level">3</attribute>
      <attribute name="Notes">Pectoral fins torn, tail and dorsal fin white</attribute>
      <attribute name="View">Top-down</attribute>
    </box>
    <box frame="99" outside="0" occluded="0" keyframe="0" xtl="0.00" ytl="443.08" xbr="751.20" ybr="692.50" z_order="0">
      <attribute name="Sex">Male</attribute>
      <attribute name="Adipose Clipped">No</attribute>
      <attribute name="Injury">Yes</attribute>
      <attribute name="Confidence Level">3</attribute>
      <attribute name="Notes">Pectoral fins torn, tail and dorsal fin white</attribute>
      <attribute name="View">Top-down</attribute>
    </box>
    <box frame="100" outside="0" occluded="0" keyframe="0" xtl="0.00" ytl="442.45" xbr="778.70" ybr="692.50" z_order="0">
      <attribute name="Sex">Male</attribute>
      <attribute name="Adipose Clipped">No</attribute>
      <attribute name="Injury">Yes</attribute>
      <attribute name="Confidence Level">3</attribute>
      <attribute name="Notes">Pectoral fins torn, tail and dorsal fin white</attribute>
      <attribute name="View">Top-down</attribute>
    </box>
    <box frame="101" outside="0" occluded="0" keyframe="0" xtl="0.00" ytl="441.83" xbr="806.20" ybr="692.50" z_order="0">
      <attribute name="Sex">Male</attribute>
      <attribute name="Adipose Clipped">No</attribute>
      <attribute name="Injury">Yes</attribute>
      <attribute name="Confidence Level">3</attribute>
      <attribute name="Notes">Pectoral fins torn, tail and dorsal fin white</attribute>
      <attribute name="View">Top-down</attribute>
    </box>
    <box frame="102" outside="0" occluded="0" keyframe="1" xtl="0.00" ytl="441.20" xbr="833.70" ybr="692.50" z_order="0">
      <attribute name="Sex">Male</attribute>
      <attribute name="Adipose Clipped">No</attribute>
      <attribute name="Injury">Yes</attribute>
      <attribute name="Confidence Level">3</attribute>
      <attribute name="Notes">Pectoral fins torn, tail and dorsal fin white</attribute>
      <attribute name="View">Top-down</attribute>
    </box>
    <box frame="103" outside="0" occluded="0" keyframe="0" xtl="0.00" ytl="442.45" xbr="887.45" ybr="692.50" z_order="0">
      <attribute name="Sex">Male</attribute>
      <attribute name="Adipose Clipped">No</attribute>
      <attribute name="Injury">Yes</attribute>
      <attribute name="Confidence Level">3</attribute>
      <attribute name="Notes">Pectoral fins torn, tail and dorsal fin white</attribute>
      <attribute name="View">Top-down</attribute>
    </box>
    <box frame="104" outside="0" occluded="0" keyframe="1" xtl="0.00" ytl="443.70" xbr="941.20" ybr="692.50" z_order="0">
      <attribute name="Sex">Male</attribute>
      <attribute name="Adipose Clipped">No</attribute>
      <attribute name="Injury">Yes</attribute>
      <attribute name="Confidence Level">3</attribute>
      <attribute name="Notes">Pectoral fins torn, tail and dorsal fin white</attribute>
      <attribute name="View">Top-down</attribute>
    </box>
    <box frame="105" outside="0" occluded="0" keyframe="1" xtl="0.00" ytl="441.20" xbr="986.20" ybr="692.50" z_order="0">
      <attribute name="Sex">Male</attribute>
      <attribute name="Adipose Clipped">No</attribute>
      <attribute name="Injury">Yes</attribute>
      <attribute name="Confidence Level">3</attribute>
      <attribute name="Notes">Pectoral fins torn, tail and dorsal fin white</attribute>
      <attribute name="View">Top-down</attribute>
    </box>
    <box frame="106" outside="0" occluded="0" keyframe="1" xtl="0.00" ytl="441.20" xbr="1028.70" ybr="692.50" z_order="0">
      <attribute name="Sex">Male</attribute>
      <attribute name="Adipose Clipped">No</attribute>
      <attribute name="Injury">Yes</attribute>
      <attribute name="Confidence Level">3</attribute>
      <attribute name="Notes">Pectoral fins torn, tail and dorsal fin white</attribute>
      <attribute name="View">Top-down</attribute>
    </box>
    <box frame="107" outside="0" occluded="0" keyframe="1" xtl="0.00" ytl="438.70" xbr="1086.20" ybr="692.50" z_order="0">
      <attribute name="Sex">Male</attribute>
      <attribute name="Adipose Clipped">No</attribute>
      <attribute name="Injury">Yes</attribute>
      <attribute name="Confidence Level">3</attribute>
      <attribute name="Notes">Pectoral fins torn, tail and dorsal fin white</attribute>
      <attribute name="View">Top-down</attribute>
    </box>
    <box frame="108" outside="0" occluded="0" keyframe="1" xtl="0.00" ytl="440.00" xbr="1192.40" ybr="692.50" z_order="0">
      <attribute name="Sex">Male</attribute>
      <attribute name="Adipose Clipped">No</attribute>
      <attribute name="Injury">Yes</attribute>
      <attribute name="Confidence Level">3</attribute>
      <attribute name="Notes">Pectoral fins torn, tail and dorsal fin white</attribute>
      <attribute name="View">Top-down</attribute>
    </box>
    <box frame="109" outside="0" occluded="0" keyframe="1" xtl="0.00" ytl="440.00" xbr="1234.90" ybr="692.50" z_order="0">
      <attribute name="Sex">Male</attribute>
      <attribute name="Adipose Clipped">No</attribute>
      <attribute name="Injury">Yes</attribute>
      <attribute name="Confidence Level">3</attribute>
      <attribute name="Notes">Pectoral fins torn, tail and dorsal fin white</attribute>
      <attribute name="View">Top-down</attribute>
    </box>
    <box frame="110" outside="0" occluded="0" keyframe="1" xtl="0.00" ytl="437.50" xbr="1277.40" ybr="692.50" z_order="0">
      <attribute name="Sex">Male</attribute>
      <attribute name="Adipose Clipped">No</attribute>
      <attribute name="Injury">Yes</attribute>
      <attribute name="Confidence Level">3</attribute>
      <attribute name="Notes">Pectoral fins torn, tail and dorsal fin white</attribute>
      <attribute name="View">Top-down</attribute>
    </box>
    <box frame="111" outside="0" occluded="0" keyframe="0" xtl="22.03" ytl="438.59" xbr="1277.73" ybr="693.59" z_order="0">
      <attribute name="Sex">Male</attribute>
      <attribute name="Adipose Clipped">No</attribute>
      <attribute name="Injury">Yes</attribute>
      <attribute name="Confidence Level">3</attribute>
      <attribute name="Notes">Pectoral fins torn, tail and dorsal fin white</attribute>
      <attribute name="View">Top-down</attribute>
    </box>
    <box frame="112" outside="0" occluded="0" keyframe="0" xtl="44.06" ytl="439.69" xbr="1278.05" ybr="694.69" z_order="0">
      <attribute name="Sex">Male</attribute>
      <attribute name="Adipose Clipped">No</attribute>
      <attribute name="Injury">Yes</attribute>
      <attribute name="Confidence Level">3</attribute>
      <attribute name="Notes">Pectoral fins torn, tail and dorsal fin white</attribute>
      <attribute name="View">Top-down</attribute>
    </box>
    <box frame="113" outside="0" occluded="0" keyframe="0" xtl="66.09" ytl="440.78" xbr="1278.38" ybr="695.78" z_order="0">
      <attribute name="Sex">Male</attribute>
      <attribute name="Adipose Clipped">No</attribute>
      <attribute name="Injury">Yes</attribute>
      <attribute name="Confidence Level">3</attribute>
      <attribute name="Notes">Pectoral fins torn, tail and dorsal fin white</attribute>
      <attribute name="View">Top-down</attribute>
    </box>
    <box frame="114" outside="0" occluded="0" keyframe="0" xtl="88.12" ytl="441.88" xbr="1278.70" ybr="696.88" z_order="0">
      <attribute name="Sex">Male</attribute>
      <attribute name="Adipose Clipped">No</attribute>
      <attribute name="Injury">Yes</attribute>
      <attribute name="Confidence Level">3</attribute>
      <attribute name="Notes">Pectoral fins torn, tail and dorsal fin white</attribute>
      <attribute name="View">Top-down</attribute>
    </box>
    <box frame="115" outside="0" occluded="0" keyframe="0" xtl="110.16" ytl="442.97" xbr="1279.03" ybr="697.97" z_order="0">
      <attribute name="Sex">Male</attribute>
      <attribute name="Adipose Clipped">No</attribute>
      <attribute name="Injury">Yes</attribute>
      <attribute name="Confidence Level">3</attribute>
      <attribute name="Notes">Pectoral fins torn, tail and dorsal fin white</attribute>
      <attribute name="View">Top-down</attribute>
    </box>
    <box frame="116" outside="0" occluded="0" keyframe="0" xtl="132.19" ytl="444.06" xbr="1279.35" ybr="699.06" z_order="0">
      <attribute name="Sex">Male</attribute>
      <attribute name="Adipose Clipped">No</attribute>
      <attribute name="Injury">Yes</attribute>
      <attribute name="Confidence Level">3</attribute>
      <attribute name="Notes">Pectoral fins torn, tail and dorsal fin white</attribute>
      <attribute name="View">Top-down</attribute>
    </box>
    <box frame="117" outside="0" occluded="0" keyframe="0" xtl="154.22" ytl="445.16" xbr="1279.68" ybr="700.16" z_order="0">
      <attribute name="Sex">Male</attribute>
      <attribute name="Adipose Clipped">No</attribute>
      <attribute name="Injury">Yes</attribute>
      <attribute name="Confidence Level">3</attribute>
      <attribute name="Notes">Pectoral fins torn, tail and dorsal fin white</attribute>
      <attribute name="View">Top-down</attribute>
    </box>
    <box frame="118" outside="0" occluded="0" keyframe="1" xtl="176.25" ytl="446.25" xbr="1280.00" ybr="701.25" z_order="0">
      <attribute name="Sex">Male</attribute>
      <attribute name="Adipose Clipped">No</attribute>
      <attribute name="Injury">Yes</attribute>
      <attribute name="Confidence Level">3</attribute>
      <attribute name="Notes">Pectoral fins torn, tail and dorsal fin white</attribute>
      <attribute name="View">Top-down</attribute>
    </box>
    <box frame="119" outside="0" occluded="0" keyframe="0" xtl="199.38" ytl="445.00" xbr="1280.00" ybr="700.00" z_order="0">
      <attribute name="Sex">Male</attribute>
      <attribute name="Adipose Clipped">No</attribute>
      <attribute name="Injury">Yes</attribute>
      <attribute name="Confidence Level">3</attribute>
      <attribute name="Notes">Pectoral fins torn, tail and dorsal fin white</attribute>
      <attribute name="View">Top-down</attribute>
    </box>
    <box frame="120" outside="0" occluded="0" keyframe="1" xtl="222.50" ytl="443.75" xbr="1280.00" ybr="698.75" z_order="0">
      <attribute name="Sex">Male</attribute>
      <attribute name="Adipose Clipped">No</attribute>
      <attribute name="Injury">Yes</attribute>
      <attribute name="Confidence Level">3</attribute>
      <attribute name="Notes">Pectoral fins torn, tail and dorsal fin white</attribute>
      <attribute name="View">Top-down</attribute>
    </box>
    <box frame="121" outside="0" occluded="0" keyframe="0" xtl="224.38" ytl="443.75" xbr="1280.00" ybr="698.75" z_order="0">
      <attribute name="Sex">Male</attribute>
      <attribute name="Adipose Clipped">No</attribute>
      <attribute name="Injury">Yes</attribute>
      <attribute name="Confidence Level">3</attribute>
      <attribute name="Notes">Pectoral fins torn, tail and dorsal fin white</attribute>
      <attribute name="View">Top-down</attribute>
    </box>
    <box frame="122" outside="0" occluded="0" keyframe="1" xtl="226.25" ytl="443.75" xbr="1280.00" ybr="698.75" z_order="0">
      <attribute name="Sex">Male</attribute>
      <attribute name="Adipose Clipped">No</attribute>
      <attribute name="Injury">Yes</attribute>
      <attribute name="Confidence Level">3</attribute>
      <attribute name="Notes">Pectoral fins torn, tail and dorsal fin white</attribute>
      <attribute name="View">Top-down</attribute>
    </box>
    <box frame="123" outside="0" occluded="0" keyframe="0" xtl="253.54" ytl="443.33" xbr="1280.00" ybr="698.33" z_order="0">
      <attribute name="Sex">Male</attribute>
      <attribute name="Adipose Clipped">No</attribute>
      <attribute name="Injury">Yes</attribute>
      <attribute name="Confidence Level">3</attribute>
      <attribute name="Notes">Pectoral fins torn, tail and dorsal fin white</attribute>
      <attribute name="View">Top-down</attribute>
    </box>
    <box frame="124" outside="0" occluded="0" keyframe="0" xtl="280.83" ytl="442.92" xbr="1280.00" ybr="697.92" z_order="0">
      <attribute name="Sex">Male</attribute>
      <attribute name="Adipose Clipped">No</attribute>
      <attribute name="Injury">Yes</attribute>
      <attribute name="Confidence Level">3</attribute>
      <attribute name="Notes">Pectoral fins torn, tail and dorsal fin white</attribute>
      <attribute name="View">Top-down</attribute>
    </box>
    <box frame="125" outside="0" occluded="0" keyframe="0" xtl="308.12" ytl="442.50" xbr="1280.00" ybr="697.50" z_order="0">
      <attribute name="Sex">Male</attribute>
      <attribute name="Adipose Clipped">No</attribute>
      <attribute name="Injury">Yes</attribute>
      <attribute name="Confidence Level">3</attribute>
      <attribute name="Notes">Pectoral fins torn, tail and dorsal fin white</attribute>
      <attribute name="View">Top-down</attribute>
    </box>
    <box frame="126" outside="0" occluded="0" keyframe="0" xtl="335.42" ytl="442.08" xbr="1280.00" ybr="697.08" z_order="0">
      <attribute name="Sex">Male</attribute>
      <attribute name="Adipose Clipped">No</attribute>
      <attribute name="Injury">Yes</attribute>
      <attribute name="Confidence Level">3</attribute>
      <attribute name="Notes">Pectoral fins torn, tail and dorsal fin white</attribute>
      <attribute name="View">Top-down</attribute>
    </box>
    <box frame="127" outside="0" occluded="0" keyframe="0" xtl="362.71" ytl="441.67" xbr="1280.00" ybr="696.67" z_order="0">
      <attribute name="Sex">Male</attribute>
      <attribute name="Adipose Clipped">No</attribute>
      <attribute name="Injury">Yes</attribute>
      <attribute name="Confidence Level">3</attribute>
      <attribute name="Notes">Pectoral fins torn, tail and dorsal fin white</attribute>
      <attribute name="View">Top-down</attribute>
    </box>
    <box frame="128" outside="0" occluded="0" keyframe="1" xtl="390.00" ytl="441.25" xbr="1280.00" ybr="696.25" z_order="0">
      <attribute name="Sex">Male</attribute>
      <attribute name="Adipose Clipped">No</attribute>
      <attribute name="Injury">Yes</attribute>
      <attribute name="Confidence Level">3</attribute>
      <attribute name="Notes">Pectoral fins torn, tail and dorsal fin white</attribute>
      <attribute name="View">Top-down</attribute>
    </box>
    <box frame="129" outside="0" occluded="0" keyframe="1" xtl="411.25" ytl="436.25" xbr="1280.00" ybr="691.25" z_order="0">
      <attribute name="Sex">Male</attribute>
      <attribute name="Adipose Clipped">No</attribute>
      <attribute name="Injury">Yes</attribute>
      <attribute name="Confidence Level">3</attribute>
      <attribute name="Notes">Pectoral fins torn, tail and dorsal fin white</attribute>
      <attribute name="View">Top-down</attribute>
    </box>
    <box frame="130" outside="0" occluded="0" keyframe="0" xtl="431.88" ytl="435.94" xbr="1280.00" ybr="690.94" z_order="0">
      <attribute name="Sex">Male</attribute>
      <attribute name="Adipose Clipped">No</attribute>
      <attribute name="Injury">Yes</attribute>
      <attribute name="Confidence Level">3</attribute>
      <attribute name="Notes">Pectoral fins torn, tail and dorsal fin white</attribute>
      <attribute name="View">Top-down</attribute>
    </box>
    <box frame="131" outside="0" occluded="0" keyframe="0" xtl="452.50" ytl="435.62" xbr="1280.00" ybr="690.63" z_order="0">
      <attribute name="Sex">Male</attribute>
      <attribute name="Adipose Clipped">No</attribute>
      <attribute name="Injury">Yes</attribute>
      <attribute name="Confidence Level">3</attribute>
      <attribute name="Notes">Pectoral fins torn, tail and dorsal fin white</attribute>
      <attribute name="View">Top-down</attribute>
    </box>
    <box frame="132" outside="0" occluded="0" keyframe="0" xtl="473.12" ytl="435.31" xbr="1280.00" ybr="690.31" z_order="0">
      <attribute name="Sex">Male</attribute>
      <attribute name="Adipose Clipped">No</attribute>
      <attribute name="Injury">Yes</attribute>
      <attribute name="Confidence Level">3</attribute>
      <attribute name="Notes">Pectoral fins torn, tail and dorsal fin white</attribute>
      <attribute name="View">Top-down</attribute>
    </box>
    <box frame="133" outside="0" occluded="0" keyframe="1" xtl="493.75" ytl="435.00" xbr="1280.00" ybr="690.00" z_order="0">
      <attribute name="Sex">Male</attribute>
      <attribute name="Adipose Clipped">No</attribute>
      <attribute name="Injury">Yes</attribute>
      <attribute name="Confidence Level">3</attribute>
      <attribute name="Notes">Pectoral fins torn, tail and dorsal fin white</attribute>
      <attribute name="View">Top-down</attribute>
    </box>
    <box frame="134" outside="0" occluded="0" keyframe="0" xtl="541.88" ytl="433.12" xbr="1280.00" ybr="688.13" z_order="0">
      <attribute name="Sex">Male</attribute>
      <attribute name="Adipose Clipped">No</attribute>
      <attribute name="Injury">Yes</attribute>
      <attribute name="Confidence Level">3</attribute>
      <attribute name="Notes">Pectoral fins torn, tail and dorsal fin white</attribute>
      <attribute name="View">Top-down</attribute>
    </box>
    <box frame="135" outside="0" occluded="0" keyframe="1" xtl="590.00" ytl="431.25" xbr="1280.00" ybr="686.25" z_order="0">
      <attribute name="Sex">Male</attribute>
      <attribute name="Adipose Clipped">No</attribute>
      <attribute name="Injury">Yes</attribute>
      <attribute name="Confidence Level">3</attribute>
      <attribute name="Notes">Pectoral fins torn, tail and dorsal fin white</attribute>
      <attribute name="View">Top-down</attribute>
    </box>
    <box frame="136" outside="0" occluded="0" keyframe="0" xtl="633.12" ytl="427.50" xbr="1280.00" ybr="682.50" z_order="0">
      <attribute name="Sex">Male</attribute>
      <attribute name="Adipose Clipped">No</attribute>
      <attribute name="Injury">Yes</attribute>
      <attribute name="Confidence Level">3</attribute>
      <attribute name="Notes">Pectoral fins torn, tail and dorsal fin white</attribute>
      <attribute name="View">Top-down</attribute>
    </box>
    <box frame="137" outside="0" occluded="0" keyframe="1" xtl="676.25" ytl="423.75" xbr="1280.00" ybr="678.75" z_order="0">
      <attribute name="Sex">Male</attribute>
      <attribute name="Adipose Clipped">No</attribute>
      <attribute name="Injury">Yes</attribute>
      <attribute name="Confidence Level">3</attribute>
      <attribute name="Notes">Pectoral fins torn, tail and dorsal fin white</attribute>
      <attribute name="View">Top-down</attribute>
    </box>
    <box frame="138" outside="0" occluded="0" keyframe="0" xtl="721.88" ytl="423.75" xbr="1280.00" ybr="678.75" z_order="0">
      <attribute name="Sex">Male</attribute>
      <attribute name="Adipose Clipped">No</attribute>
      <attribute name="Injury">Yes</attribute>
      <attribute name="Confidence Level">3</attribute>
      <attribute name="Notes">Pectoral fins torn, tail and dorsal fin white</attribute>
      <attribute name="View">Top-down</attribute>
    </box>
    <box frame="139" outside="0" occluded="0" keyframe="1" xtl="767.50" ytl="423.75" xbr="1280.00" ybr="678.75" z_order="0">
      <attribute name="Sex">Male</attribute>
      <attribute name="Adipose Clipped">No</attribute>
      <attribute name="Injury">Yes</attribute>
      <attribute name="Confidence Level">3</attribute>
      <attribute name="Notes">Pectoral fins torn, tail and dorsal fin white</attribute>
      <attribute name="View">Top-down</attribute>
    </box>
    <box frame="140" outside="0" occluded="0" keyframe="1" xtl="786.25" ytl="423.75" xbr="1280.00" ybr="678.75" z_order="0">
      <attribute name="Sex">Male</attribute>
      <attribute name="Adipose Clipped">No</attribute>
      <attribute name="Injury">Yes</attribute>
      <attribute name="Confidence Level">3</attribute>
      <attribute name="Notes">Pectoral fins torn, tail and dorsal fin white</attribute>
      <attribute name="View">Top-down</attribute>
    </box>
    <box frame="141" outside="0" occluded="0" keyframe="0" xtl="807.50" ytl="422.50" xbr="1280.00" ybr="677.50" z_order="0">
      <attribute name="Sex">Male</attribute>
      <attribute name="Adipose Clipped">No</attribute>
      <attribute name="Injury">Yes</attribute>
      <attribute name="Confidence Level">3</attribute>
      <attribute name="Notes">Pectoral fins torn, tail and dorsal fin white</attribute>
      <attribute name="View">Top-down</attribute>
    </box>
    <box frame="142" outside="0" occluded="0" keyframe="1" xtl="828.75" ytl="421.25" xbr="1280.00" ybr="676.25" z_order="0">
      <attribute name="Sex">Male</attribute>
      <attribute name="Adipose Clipped">No</attribute>
      <attribute name="Injury">Yes</attribute>
      <attribute name="Confidence Level">3</attribute>
      <attribute name="Notes">Pectoral fins torn, tail and dorsal fin white</attribute>
      <attribute name="View">Top-down</attribute>
    </box>
    <box frame="143" outside="0" occluded="0" keyframe="0" xtl="864.38" ytl="423.12" xbr="1280.00" ybr="678.13" z_order="0">
      <attribute name="Sex">Male</attribute>
      <attribute name="Adipose Clipped">No</attribute>
      <attribute name="Injury">Yes</attribute>
      <attribute name="Confidence Level">3</attribute>
      <attribute name="Notes">Pectoral fins torn, tail and dorsal fin white</attribute>
      <attribute name="View">Top-down</attribute>
    </box>
    <box frame="144" outside="0" occluded="0" keyframe="1" xtl="900.00" ytl="425.00" xbr="1280.00" ybr="680.00" z_order="0">
      <attribute name="Sex">Male</attribute>
      <attribute name="Adipose Clipped">No</attribute>
      <attribute name="Injury">Yes</attribute>
      <attribute name="Confidence Level">3</attribute>
      <attribute name="Notes">Pectoral fins torn, tail and dorsal fin white</attribute>
      <attribute name="View">Top-down</attribute>
    </box>
    <box frame="145" outside="0" occluded="0" keyframe="1" xtl="952.50" ytl="425.00" xbr="1280.00" ybr="680.00" z_order="0">
      <attribute name="Sex">Male</attribute>
      <attribute name="Adipose Clipped">No</attribute>
      <attribute name="Injury">Yes</attribute>
      <attribute name="Confidence Level">3</attribute>
      <attribute name="Notes">Pectoral fins torn, tail and dorsal fin white</attribute>
      <attribute name="View">Top-down</attribute>
    </box>
    <box frame="146" outside="0" occluded="0" keyframe="1" xtl="972.50" ytl="442.50" xbr="1280.00" ybr="697.50" z_order="0">
      <attribute name="Sex">Male</attribute>
      <attribute name="Adipose Clipped">No</attribute>
      <attribute name="Injury">Yes</attribute>
      <attribute name="Confidence Level">3</attribute>
      <attribute name="Notes">Pectoral fins torn, tail and dorsal fin white</attribute>
      <attribute name="View">Top-down</attribute>
    </box>
    <box frame="147" outside="0" occluded="0" keyframe="1" xtl="1032.50" ytl="493.70" xbr="1280.00" ybr="697.50" z_order="0">
      <attribute name="Sex">Male</attribute>
      <attribute name="Adipose Clipped">No</attribute>
      <attribute name="Injury">Yes</attribute>
      <attribute name="Confidence Level">3</attribute>
      <attribute name="Notes">Pectoral fins torn, tail and dorsal fin white</attribute>
      <attribute name="View">Top-down</attribute>
    </box>
    <box frame="148" outside="0" occluded="0" keyframe="1" xtl="1096.25" ytl="492.45" xbr="1280.00" ybr="696.25" z_order="0">
      <attribute name="Sex">Male</attribute>
      <attribute name="Adipose Clipped">No</attribute>
      <attribute name="Injury">Yes</attribute>
      <attribute name="Confidence Level">3</attribute>
      <attribute name="Notes">Pectoral fins torn, tail and dorsal fin white</attribute>
      <attribute name="View">Top-down</attribute>
    </box>
    <box frame="149" outside="0" occluded="0" keyframe="0" xtl="1098.75" ytl="465.58" xbr="1280.00" ybr="669.38" z_order="0">
      <attribute name="Sex">Male</attribute>
      <attribute name="Adipose Clipped">No</attribute>
      <attribute name="Injury">Yes</attribute>
      <attribute name="Confidence Level">3</attribute>
      <attribute name="Notes">Pectoral fins torn, tail and dorsal fin white</attribute>
      <attribute name="View">Top-down</attribute>
    </box>
    <box frame="150" outside="0" occluded="0" keyframe="1" xtl="1101.25" ytl="438.70" xbr="1280.00" ybr="642.50" z_order="0">
      <attribute name="Sex">Male</attribute>
      <attribute name="Adipose Clipped">No</attribute>
      <attribute name="Injury">Yes</attribute>
      <attribute name="Confidence Level">3</attribute>
      <attribute name="Notes">Pectoral fins torn, tail and dorsal fin white</attribute>
      <attribute name="View">Top-down</attribute>
    </box>
    <box frame="151" outside="0" occluded="0" keyframe="1" xtl="1101.25" ytl="401.20" xbr="1280.00" ybr="605.00" z_order="0">
      <attribute name="Sex">Male</attribute>
      <attribute name="Adipose Clipped">No</attribute>
      <attribute name="Injury">Yes</attribute>
      <attribute name="Confidence Level">3</attribute>
      <attribute name="Notes">Pectoral fins torn, tail and dorsal fin white</attribute>
      <attribute name="View">Top-down</attribute>
    </box>
    <box frame="152" outside="0" occluded="0" keyframe="0" xtl="1120.62" ytl="401.20" xbr="1280.00" ybr="593.15" z_order="0">
      <attribute name="Sex">Male</attribute>
      <attribute name="Adipose Clipped">No</attribute>
      <attribute name="Injury">Yes</attribute>
      <attribute name="Confidence Level">3</attribute>
      <attribute name="Notes">Pectoral fins torn, tail and dorsal fin white</attribute>
      <attribute name="View">Top-down</attribute>
    </box>
    <box frame="153" outside="0" occluded="0" keyframe="1" xtl="1140.00" ytl="401.20" xbr="1280.00" ybr="581.30" z_order="0">
      <attribute name="Sex">Male</attribute>
      <attribute name="Adipose Clipped">No</attribute>
      <attribute name="Injury">Yes</attribute>
      <attribute name="Confidence Level">3</attribute>
      <attribute name="Notes">Pectoral fins torn, tail and dorsal fin white</attribute>
      <attribute name="View">Top-down</attribute>
    </box>
    <box frame="154" outside="0" occluded="0" keyframe="1" xtl="1162.50" ytl="402.45" xbr="1280.00" ybr="582.55" z_order="0">
      <attribute name="Sex">Male</attribute>
      <attribute name="Adipose Clipped">No</attribute>
      <attribute name="Injury">Yes</attribute>
      <attribute name="Confidence Level">3</attribute>
      <attribute name="Notes">Pectoral fins torn, tail and dorsal fin white</attribute>
      <attribute name="View">Top-down</attribute>
    </box>
    <box frame="155" outside="0" occluded="0" keyframe="1" xtl="1202.50" ytl="461.20" xbr="1280.00" ybr="582.55" z_order="0">
      <attribute name="Sex">Male</attribute>
      <attribute name="Adipose Clipped">No</attribute>
      <attribute name="Injury">Yes</attribute>
      <attribute name="Confidence Level">3</attribute>
      <attribute name="Notes">Pectoral fins torn, tail and dorsal fin white</attribute>
      <attribute name="View">Top-down</attribute>
    </box>
    <box frame="156" outside="1" occluded="0" keyframe="1" xtl="1202.50" ytl="461.20" xbr="1280.00" ybr="582.55" z_order="0">
      <attribute name="Sex">Male</attribute>
      <attribute name="Adipose Clipped">No</attribute>
      <attribute name="Injury">Yes</attribute>
      <attribute name="Confidence Level">3</attribute>
      <attribute name="Notes">Pectoral fins torn, tail and dorsal fin white</attribute>
      <attribute name="View">Top-down</attribute>
    </box>
  </track>
</annotations>