<?xml version="1.0" encoding="utf-8"?>
<annotations>
  <version>1.1</version>
  <meta>
    <task>
      <id>92</id>
      <name>10-03-2019 07-37-10 M Right Bank Underwater</name>
      <size>420</size>
      <mode>interpolation</mode>
      <overlap>5</overlap>
      <bugtracker></bugtracker>
      <created>2021-01-12 22:06:43.560346+00:00</created>
      <updated>2021-01-15 22:03:57.142626+00:00</updated>
      <start_frame>0</start_frame>
      <stop_frame>419</stop_frame>
      <frame_filter></frame_filter>
      <labels>
        <label>
          <name>Coho</name>
          <color>#66c893</color>
          <attributes>
            <attribute>
              <name>Adipose Clipped</name>
              <mutable>False</mutable>
              <input_type>select</input_type>
              <default_value>No</default_value>
              <values>No
Yes
NA</values>
            </attribute>
            <attribute>
              <name>Confidence Level</name>
              <mutable>False</mutable>
              <input_type>select</input_type>
              <default_value>3</default_value>
              <values>3
2
1</values>
            </attribute>
            <attribute>
              <name>Injury</name>
              <mutable>False</mutable>
              <input_type>select</input_type>
              <default_value>No</default_value>
              <values>No
Yes
NA</values>
            </attribute>
            <attribute>
              <name>Notes</name>
              <mutable>False</mutable>
              <input_type>text</input_type>
              <default_value>NA</default_value>
              <values>NA</values>
            </attribute>
            <attribute>
              <name>Sex</name>
              <mutable>False</mutable>
              <input_type>select</input_type>
              <default_value>Male</default_value>
              <values>Male
Female
Jack</values>
            </attribute>
          </attributes>
        </label>
        <label>
          <name>Pink</name>
          <color>#fa7dbb</color>
          <attributes>
            <attribute>
              <name>Adipose Clipped</name>
              <mutable>False</mutable>
              <input_type>select</input_type>
              <default_value>No</default_value>
              <values>No
Yes
NA</values>
            </attribute>
            <attribute>
              <name>Confidence Level</name>
              <mutable>False</mutable>
              <input_type>select</input_type>
              <default_value>3</default_value>
              <values>3
2
1</values>
            </attribute>
            <attribute>
              <name>Injury</name>
              <mutable>False</mutable>
              <input_type>select</input_type>
              <default_value>No</default_value>
              <values>No
Yes
NA</values>
            </attribute>
            <attribute>
              <name>Notes</name>
              <mutable>False</mutable>
              <input_type>text</input_type>
              <default_value>NA</default_value>
              <values>NA</values>
            </attribute>
            <attribute>
              <name>Sex</name>
              <mutable>False</mutable>
              <input_type>select</input_type>
              <default_value>Male</default_value>
              <values>Male
Female</values>
            </attribute>
          </attributes>
        </label>
        <label>
          <name>Bull</name>
          <color>#ff6037</color>
          <attributes>
            <attribute>
              <name>Adipose Clipped</name>
              <mutable>False</mutable>
              <input_type>select</input_type>
              <default_value>No</default_value>
              <values>No
NA</values>
            </attribute>
            <attribute>
              <name>Confidence Level</name>
              <mutable>False</mutable>
              <input_type>select</input_type>
              <default_value>3</default_value>
              <values>3
2
1</values>
            </attribute>
            <attribute>
              <name>Injury</name>
              <mutable>False</mutable>
              <input_type>select</input_type>
              <default_value>No</default_value>
              <values>No
Yes
NA</values>
            </attribute>
            <attribute>
              <name>Notes</name>
              <mutable>False</mutable>
              <input_type>text</input_type>
              <default_value>NA</default_value>
              <values>NA</values>
            </attribute>
            <attribute>
              <name>Sex</name>
              <mutable>False</mutable>
              <input_type>select</input_type>
              <default_value>NA</default_value>
              <values>NA</values>
            </attribute>
          </attributes>
        </label>
        <label>
          <name>Chum</name>
          <color>#b83df5</color>
          <attributes>
            <attribute>
              <name>Sex</name>
              <mutable>False</mutable>
              <input_type>select</input_type>
              <default_value>Male</default_value>
              <values>Male
Female</values>
            </attribute>
            <attribute>
              <name>Adipose Clipped</name>
              <mutable>False</mutable>
              <input_type>select</input_type>
              <default_value>No</default_value>
              <values>No
Yes
NA</values>
            </attribute>
            <attribute>
              <name>Injury</name>
              <mutable>False</mutable>
              <input_type>select</input_type>
              <default_value>No</default_value>
              <values>No
Yes
NA</values>
            </attribute>
            <attribute>
              <name>Confidence Level</name>
              <mutable>False</mutable>
              <input_type>select</input_type>
              <default_value>3</default_value>
              <values>3
2
1</values>
            </attribute>
            <attribute>
              <name>Notes</name>
              <mutable>False</mutable>
              <input_type>text</input_type>
              <default_value>NA</default_value>
              <values>NA</values>
            </attribute>
          </attributes>
        </label>
        <label>
          <name>Whitefish</name>
          <color>#e2f1ee</color>
          <attributes>
            <attribute>
              <name>Sex</name>
              <mutable>False</mutable>
              <input_type>select</input_type>
              <default_value>NA</default_value>
              <values>NA</values>
            </attribute>
            <attribute>
              <name>Adipose Clipped</name>
              <mutable>False</mutable>
              <input_type>select</input_type>
              <default_value>No</default_value>
              <values>No
Yes
NA</values>
            </attribute>
            <attribute>
              <name>Injury</name>
              <mutable>False</mutable>
              <input_type>select</input_type>
              <default_value>No</default_value>
              <values>No
Yes
NA</values>
            </attribute>
            <attribute>
              <name>Confidence Level</name>
              <mutable>False</mutable>
              <input_type>select</input_type>
              <default_value>3</default_value>
              <values>3
2
1</values>
            </attribute>
            <attribute>
              <name>Notes</name>
              <mutable>False</mutable>
              <input_type>text</input_type>
              <default_value>NA</default_value>
              <values>NA</values>
            </attribute>
          </attributes>
        </label>
        <label>
          <name>Sockeye</name>
          <color>#fa3253</color>
          <attributes>
            <attribute>
              <name>Sex</name>
              <mutable>False</mutable>
              <input_type>select</input_type>
              <default_value>Male</default_value>
              <values>Male
Female</values>
            </attribute>
            <attribute>
              <name>Adipose Clipped</name>
              <mutable>False</mutable>
              <input_type>select</input_type>
              <default_value>No</default_value>
              <values>No
Yes
NA</values>
            </attribute>
            <attribute>
              <name>Injury</name>
              <mutable>False</mutable>
              <input_type>select</input_type>
              <default_value>No</default_value>
              <values>No
Yes
NA</values>
            </attribute>
            <attribute>
              <name>Confidence Level</name>
              <mutable>False</mutable>
              <input_type>select</input_type>
              <default_value>3</default_value>
              <values>3
2
1</values>
            </attribute>
            <attribute>
              <name>Notes</name>
              <mutable>False</mutable>
              <input_type>text</input_type>
              <default_value>NA</default_value>
              <values>NA</values>
            </attribute>
          </attributes>
        </label>
      </labels>
      <segments>
        <segment>
          <id>92</id>
          <start>0</start>
          <stop>419</stop>
          <url>httplocalhost:8080/?id=92</url>
        </segment>
      </segments>
      <owner>
        <username>bna19</username>
        <email>bna19@sfu.ca</email>
      </owner>
      <assignee></assignee>
      <original_size>
        <width>1920</width>
        <height>1080</height>
      </original_size>
    </task>
    <dumped>2021-01-15 22:04:04.384299+00:00</dumped>
    <source>10-03-2019 07-37-10 M Right Bank Underwater.m4v</source>
  </meta>
  <track id="0" label="Bull" source="manual">
    <box frame="75" outside="0" occluded="0" keyframe="1" xtl="1.51" ytl="542.38" xbr="385.20" ybr="918.36" z_order="0">
      <attribute name="Injury">No</attribute>
      <attribute name="Confidence Level">3</attribute>
      <attribute name="Notes">NA</attribute>
      <attribute name="Sex">NA</attribute>
      <attribute name="Adipose Clipped">No</attribute>
    </box>
    <box frame="76" outside="0" occluded="0" keyframe="0" xtl="1.51" ytl="542.38" xbr="480.75" ybr="946.88" z_order="0">
      <attribute name="Injury">No</attribute>
      <attribute name="Confidence Level">3</attribute>
      <attribute name="Notes">NA</attribute>
      <attribute name="Sex">NA</attribute>
      <attribute name="Adipose Clipped">No</attribute>
    </box>
    <box frame="77" outside="0" occluded="0" keyframe="1" xtl="1.51" ytl="542.38" xbr="576.30" ybr="975.40" z_order="0">
      <attribute name="Injury">No</attribute>
      <attribute name="Confidence Level">3</attribute>
      <attribute name="Notes">NA</attribute>
      <attribute name="Sex">NA</attribute>
      <attribute name="Adipose Clipped">No</attribute>
    </box>
    <box frame="78" outside="0" occluded="0" keyframe="0" xtl="1.51" ytl="542.38" xbr="628.70" ybr="975.40" z_order="0">
      <attribute name="Injury">No</attribute>
      <attribute name="Confidence Level">3</attribute>
      <attribute name="Notes">NA</attribute>
      <attribute name="Sex">NA</attribute>
      <attribute name="Adipose Clipped">No</attribute>
    </box>
    <box frame="79" outside="0" occluded="0" keyframe="0" xtl="1.51" ytl="542.38" xbr="681.10" ybr="975.40" z_order="0">
      <attribute name="Injury">No</attribute>
      <attribute name="Confidence Level">3</attribute>
      <attribute name="Notes">NA</attribute>
      <attribute name="Sex">NA</attribute>
      <attribute name="Adipose Clipped">No</attribute>
    </box>
    <box frame="80" outside="0" occluded="0" keyframe="1" xtl="1.51" ytl="542.38" xbr="733.50" ybr="975.40" z_order="0">
      <attribute name="Injury">No</attribute>
      <attribute name="Confidence Level">3</attribute>
      <attribute name="Notes">NA</attribute>
      <attribute name="Sex">NA</attribute>
      <attribute name="Adipose Clipped">No</attribute>
    </box>
    <box frame="81" outside="0" occluded="0" keyframe="0" xtl="1.01" ytl="566.02" xbr="783.83" ybr="974.90" z_order="0">
      <attribute name="Injury">No</attribute>
      <attribute name="Confidence Level">3</attribute>
      <attribute name="Notes">NA</attribute>
      <attribute name="Sex">NA</attribute>
      <attribute name="Adipose Clipped">No</attribute>
    </box>
    <box frame="82" outside="0" occluded="0" keyframe="0" xtl="0.50" ytl="589.66" xbr="834.17" ybr="974.40" z_order="0">
      <attribute name="Injury">No</attribute>
      <attribute name="Confidence Level">3</attribute>
      <attribute name="Notes">NA</attribute>
      <attribute name="Sex">NA</attribute>
      <attribute name="Adipose Clipped">No</attribute>
    </box>
    <box frame="83" outside="0" occluded="0" keyframe="1" xtl="0.00" ytl="613.30" xbr="884.50" ybr="973.90" z_order="0">
      <attribute name="Injury">No</attribute>
      <attribute name="Confidence Level">3</attribute>
      <attribute name="Notes">NA</attribute>
      <attribute name="Sex">NA</attribute>
      <attribute name="Adipose Clipped">No</attribute>
    </box>
    <box frame="84" outside="0" occluded="0" keyframe="0" xtl="0.00" ytl="613.30" xbr="935.66" ybr="973.90" z_order="0">
      <attribute name="Injury">No</attribute>
      <attribute name="Confidence Level">3</attribute>
      <attribute name="Notes">NA</attribute>
      <attribute name="Sex">NA</attribute>
      <attribute name="Adipose Clipped">No</attribute>
    </box>
    <box frame="85" outside="0" occluded="0" keyframe="0" xtl="0.00" ytl="613.30" xbr="986.82" ybr="973.90" z_order="0">
      <attribute name="Injury">No</attribute>
      <attribute name="Confidence Level">3</attribute>
      <attribute name="Notes">NA</attribute>
      <attribute name="Sex">NA</attribute>
      <attribute name="Adipose Clipped">No</attribute>
    </box>
    <box frame="86" outside="0" occluded="0" keyframe="0" xtl="0.00" ytl="613.30" xbr="1037.98" ybr="973.90" z_order="0">
      <attribute name="Injury">No</attribute>
      <attribute name="Confidence Level">3</attribute>
      <attribute name="Notes">NA</attribute>
      <attribute name="Sex">NA</attribute>
      <attribute name="Adipose Clipped">No</attribute>
    </box>
    <box frame="87" outside="0" occluded="0" keyframe="0" xtl="0.00" ytl="613.30" xbr="1089.14" ybr="973.90" z_order="0">
      <attribute name="Injury">No</attribute>
      <attribute name="Confidence Level">3</attribute>
      <attribute name="Notes">NA</attribute>
      <attribute name="Sex">NA</attribute>
      <attribute name="Adipose Clipped">No</attribute>
    </box>
    <box frame="88" outside="0" occluded="0" keyframe="1" xtl="0.00" ytl="613.30" xbr="1140.30" ybr="973.90" z_order="0">
      <attribute name="Injury">No</attribute>
      <attribute name="Confidence Level">3</attribute>
      <attribute name="Notes">NA</attribute>
      <attribute name="Sex">NA</attribute>
      <attribute name="Adipose Clipped">No</attribute>
    </box>
    <box frame="89" outside="0" occluded="0" keyframe="1" xtl="0.00" ytl="613.30" xbr="1201.43" ybr="973.90" z_order="0">
      <attribute name="Injury">No</attribute>
      <attribute name="Confidence Level">3</attribute>
      <attribute name="Notes">NA</attribute>
      <attribute name="Sex">NA</attribute>
      <attribute name="Adipose Clipped">No</attribute>
    </box>
    <box frame="90" outside="0" occluded="0" keyframe="0" xtl="59.35" ytl="613.30" xbr="1262.57" ybr="973.90" z_order="0">
      <attribute name="Injury">No</attribute>
      <attribute name="Confidence Level">3</attribute>
      <attribute name="Notes">NA</attribute>
      <attribute name="Sex">NA</attribute>
      <attribute name="Adipose Clipped">No</attribute>
    </box>
    <box frame="91" outside="0" occluded="0" keyframe="1" xtl="118.70" ytl="613.30" xbr="1323.70" ybr="973.90" z_order="0">
      <attribute name="Injury">No</attribute>
      <attribute name="Confidence Level">3</attribute>
      <attribute name="Notes">NA</attribute>
      <attribute name="Sex">NA</attribute>
      <attribute name="Adipose Clipped">No</attribute>
    </box>
    <box frame="92" outside="0" occluded="0" keyframe="0" xtl="205.76" ytl="614.07" xbr="1410.76" ybr="974.67" z_order="0">
      <attribute name="Injury">No</attribute>
      <attribute name="Confidence Level">3</attribute>
      <attribute name="Notes">NA</attribute>
      <attribute name="Sex">NA</attribute>
      <attribute name="Adipose Clipped">No</attribute>
    </box>
    <box frame="93" outside="0" occluded="0" keyframe="1" xtl="292.83" ytl="614.84" xbr="1497.83" ybr="975.44" z_order="0">
      <attribute name="Injury">No</attribute>
      <attribute name="Confidence Level">3</attribute>
      <attribute name="Notes">NA</attribute>
      <attribute name="Sex">NA</attribute>
      <attribute name="Adipose Clipped">No</attribute>
    </box>
    <box frame="94" outside="0" occluded="0" keyframe="0" xtl="382.20" ytl="613.30" xbr="1587.20" ybr="973.90" z_order="0">
      <attribute name="Injury">No</attribute>
      <attribute name="Confidence Level">3</attribute>
      <attribute name="Notes">NA</attribute>
      <attribute name="Sex">NA</attribute>
      <attribute name="Adipose Clipped">No</attribute>
    </box>
    <box frame="95" outside="0" occluded="0" keyframe="1" xtl="471.57" ytl="611.76" xbr="1676.57" ybr="972.36" z_order="0">
      <attribute name="Injury">No</attribute>
      <attribute name="Confidence Level">3</attribute>
      <attribute name="Notes">NA</attribute>
      <attribute name="Sex">NA</attribute>
      <attribute name="Adipose Clipped">No</attribute>
    </box>
    <box frame="96" outside="0" occluded="0" keyframe="1" xtl="544.00" ytl="611.76" xbr="1749.00" ybr="972.36" z_order="0">
      <attribute name="Injury">No</attribute>
      <attribute name="Confidence Level">3</attribute>
      <attribute name="Notes">NA</attribute>
      <attribute name="Sex">NA</attribute>
      <attribute name="Adipose Clipped">No</attribute>
    </box>
    <box frame="97" outside="0" occluded="0" keyframe="1" xtl="642.62" ytl="614.84" xbr="1847.62" ybr="975.44" z_order="0">
      <attribute name="Injury">No</attribute>
      <attribute name="Confidence Level">3</attribute>
      <attribute name="Notes">NA</attribute>
      <attribute name="Sex">NA</attribute>
      <attribute name="Adipose Clipped">No</attribute>
    </box>
    <box frame="98" outside="0" occluded="0" keyframe="1" xtl="715.04" ytl="611.76" xbr="1920.00" ybr="972.36" z_order="0">
      <attribute name="Injury">No</attribute>
      <attribute name="Confidence Level">3</attribute>
      <attribute name="Notes">NA</attribute>
      <attribute name="Sex">NA</attribute>
      <attribute name="Adipose Clipped">No</attribute>
    </box>
    <box frame="99" outside="0" occluded="0" keyframe="1" xtl="900.00" ytl="611.76" xbr="1920.00" ybr="972.36" z_order="0">
      <attribute name="Injury">No</attribute>
      <attribute name="Confidence Level">3</attribute>
      <attribute name="Notes">NA</attribute>
      <attribute name="Sex">NA</attribute>
      <attribute name="Adipose Clipped">No</attribute>
    </box>
    <box frame="100" outside="0" occluded="0" keyframe="1" xtl="1029.40" ytl="611.76" xbr="1920.00" ybr="972.36" z_order="0">
      <attribute name="Injury">No</attribute>
      <attribute name="Confidence Level">3</attribute>
      <attribute name="Notes">NA</attribute>
      <attribute name="Sex">NA</attribute>
      <attribute name="Adipose Clipped">No</attribute>
    </box>
    <box frame="101" outside="0" occluded="0" keyframe="1" xtl="1169.60" ytl="611.76" xbr="1920.00" ybr="972.36" z_order="0">
      <attribute name="Injury">No</attribute>
      <attribute name="Confidence Level">3</attribute>
      <attribute name="Notes">NA</attribute>
      <attribute name="Sex">NA</attribute>
      <attribute name="Adipose Clipped">No</attribute>
    </box>
    <box frame="102" outside="0" occluded="0" keyframe="1" xtl="1296.00" ytl="611.76" xbr="1920.00" ybr="972.36" z_order="0">
      <attribute name="Injury">No</attribute>
      <attribute name="Confidence Level">3</attribute>
      <attribute name="Notes">NA</attribute>
      <attribute name="Sex">NA</attribute>
      <attribute name="Adipose Clipped">No</attribute>
    </box>
    <box frame="103" outside="0" occluded="0" keyframe="0" xtl="1366.10" ytl="611.76" xbr="1920.00" ybr="972.36" z_order="0">
      <attribute name="Injury">No</attribute>
      <attribute name="Confidence Level">3</attribute>
      <attribute name="Notes">NA</attribute>
      <attribute name="Sex">NA</attribute>
      <attribute name="Adipose Clipped">No</attribute>
    </box>
    <box frame="104" outside="0" occluded="0" keyframe="1" xtl="1436.20" ytl="611.76" xbr="1920.00" ybr="972.36" z_order="0">
      <attribute name="Injury">No</attribute>
      <attribute name="Confidence Level">3</attribute>
      <attribute name="Notes">NA</attribute>
      <attribute name="Sex">NA</attribute>
      <attribute name="Adipose Clipped">No</attribute>
    </box>
    <box frame="105" outside="0" occluded="0" keyframe="1" xtl="1590.30" ytl="611.76" xbr="1920.00" ybr="972.36" z_order="0">
      <attribute name="Injury">No</attribute>
      <attribute name="Confidence Level">3</attribute>
      <attribute name="Notes">NA</attribute>
      <attribute name="Sex">NA</attribute>
      <attribute name="Adipose Clipped">No</attribute>
    </box>
    <box frame="106" outside="0" occluded="0" keyframe="1" xtl="1756.70" ytl="611.76" xbr="1920.00" ybr="972.36" z_order="0">
      <attribute name="Injury">No</attribute>
      <attribute name="Confidence Level">3</attribute>
      <attribute name="Notes">NA</attribute>
      <attribute name="Sex">NA</attribute>
      <attribute name="Adipose Clipped">No</attribute>
    </box>
    <box frame="107" outside="0" occluded="0" keyframe="1" xtl="1869.20" ytl="611.76" xbr="1920.00" ybr="972.36" z_order="0">
      <attribute name="Injury">No</attribute>
      <attribute name="Confidence Level">3</attribute>
      <attribute name="Notes">NA</attribute>
      <attribute name="Sex">NA</attribute>
      <attribute name="Adipose Clipped">No</attribute>
    </box>
    <box frame="108" outside="0" occluded="0" keyframe="1" xtl="1767.50" ytl="611.76" xbr="1920.00" ybr="972.36" z_order="0">
      <attribute name="Injury">No</attribute>
      <attribute name="Confidence Level">3</attribute>
      <attribute name="Notes">NA</attribute>
      <attribute name="Sex">NA</attribute>
      <attribute name="Adipose Clipped">No</attribute>
    </box>
    <box frame="109" outside="0" occluded="0" keyframe="0" xtl="1819.90" ytl="611.76" xbr="1920.00" ybr="972.36" z_order="0">
      <attribute name="Injury">No</attribute>
      <attribute name="Confidence Level">3</attribute>
      <attribute name="Notes">NA</attribute>
      <attribute name="Sex">NA</attribute>
      <attribute name="Adipose Clipped">No</attribute>
    </box>
    <box frame="110" outside="0" occluded="0" keyframe="1" xtl="1872.30" ytl="611.76" xbr="1920.00" ybr="972.36" z_order="0">
      <attribute name="Injury">No</attribute>
      <attribute name="Confidence Level">3</attribute>
      <attribute name="Notes">NA</attribute>
      <attribute name="Sex">NA</attribute>
      <attribute name="Adipose Clipped">No</attribute>
    </box>
    <box frame="111" outside="1" occluded="0" keyframe="1" xtl="1872.30" ytl="611.76" xbr="1920.00" ybr="972.36" z_order="0">
      <attribute name="Injury">No</attribute>
      <attribute name="Confidence Level">3</attribute>
      <attribute name="Notes">NA</attribute>
      <attribute name="Sex">NA</attribute>
      <attribute name="Adipose Clipped">No</attribute>
    </box>
  </track>
</annotations>