<?xml version="1.0" encoding="utf-8"?>
<annotations>
  <version>1.1</version>
  <meta>
    <task>
      <id>164</id>
      <name>09-10-2020 15-18-59 M Salmon Camera</name>
      <size>705</size>
      <mode>interpolation</mode>
      <overlap>5</overlap>
      <bugtracker></bugtracker>
      <created>2021-12-10 22:23:13.599729+00:00</created>
      <updated>2021-12-10 22:27:56.120451+00:00</updated>
      <subset>default</subset>
      <start_frame>0</start_frame>
      <stop_frame>704</stop_frame>
      <frame_filter></frame_filter>
      <segments>
        <segment>
          <id>164</id>
          <start>0</start>
          <stop>704</stop>
          <url>httplocalhost:8080/?id=164</url>
        </segment>
      </segments>
      <owner>
        <username>scurfield</username>
        <email>dan.scurfield@gmail.com</email>
      </owner>
      <assignee></assignee>
      <labels>
        <label>
          <name>Coho</name>
          <color>#83e070</color>
          <attributes>
            <attribute>
              <name>Adipose Clipped</name>
              <mutable>False</mutable>
              <input_type>select</input_type>
              <default_value>No</default_value>
              <values>No
Yes
NA</values>
            </attribute>
            <attribute>
              <name>confidence level</name>
              <mutable>False</mutable>
              <input_type>select</input_type>
              <default_value>3</default_value>
              <values>3
2
1</values>
            </attribute>
            <attribute>
              <name>injury</name>
              <mutable>False</mutable>
              <input_type>select</input_type>
              <default_value>No</default_value>
              <values>No
Yes
NA</values>
            </attribute>
            <attribute>
              <name>notes</name>
              <mutable>False</mutable>
              <input_type>text</input_type>
              <default_value>NA</default_value>
              <values>NA</values>
            </attribute>
            <attribute>
              <name>sex</name>
              <mutable>False</mutable>
              <input_type>select</input_type>
              <default_value>Male</default_value>
              <values>Male
Female
Jack</values>
            </attribute>
            <attribute>
              <name>view</name>
              <mutable>False</mutable>
              <input_type>select</input_type>
              <default_value>Side</default_value>
              <values>Side
Top-down</values>
            </attribute>
          </attributes>
        </label>
        <label>
          <name>Bull</name>
          <color>#20c000</color>
          <attributes>
            <attribute>
              <name>adipose clipped</name>
              <mutable>False</mutable>
              <input_type>select</input_type>
              <default_value>No</default_value>
              <values>No
NA</values>
            </attribute>
            <attribute>
              <name>confidence level</name>
              <mutable>False</mutable>
              <input_type>select</input_type>
              <default_value>3</default_value>
              <values>3
2
1</values>
            </attribute>
            <attribute>
              <name>injury</name>
              <mutable>False</mutable>
              <input_type>select</input_type>
              <default_value>No</default_value>
              <values>No
Yes
NA</values>
            </attribute>
            <attribute>
              <name>notes</name>
              <mutable>False</mutable>
              <input_type>text</input_type>
              <default_value>NA</default_value>
              <values>NA</values>
            </attribute>
            <attribute>
              <name>sex</name>
              <mutable>False</mutable>
              <input_type>select</input_type>
              <default_value>NA</default_value>
              <values>NA</values>
            </attribute>
            <attribute>
              <name>view</name>
              <mutable>False</mutable>
              <input_type>select</input_type>
              <default_value>Side</default_value>
              <values>Side
Top-down</values>
            </attribute>
          </attributes>
        </label>
        <label>
          <name>Chum</name>
          <color>#b83df5</color>
          <attributes>
            <attribute>
              <name>adipose clipped</name>
              <mutable>False</mutable>
              <input_type>select</input_type>
              <default_value>No</default_value>
              <values>No
Yes
NA</values>
            </attribute>
            <attribute>
              <name>confidence level</name>
              <mutable>False</mutable>
              <input_type>select</input_type>
              <default_value>3</default_value>
              <values>3
2
1</values>
            </attribute>
            <attribute>
              <name>injury</name>
              <mutable>False</mutable>
              <input_type>select</input_type>
              <default_value>No</default_value>
              <values>No
Yes
NA</values>
            </attribute>
            <attribute>
              <name>notes</name>
              <mutable>False</mutable>
              <input_type>text</input_type>
              <default_value>NA</default_value>
              <values>NA</values>
            </attribute>
            <attribute>
              <name>sex</name>
              <mutable>False</mutable>
              <input_type>select</input_type>
              <default_value>Male</default_value>
              <values>Male
Female</values>
            </attribute>
            <attribute>
              <name>view</name>
              <mutable>False</mutable>
              <input_type>select</input_type>
              <default_value>Side</default_value>
              <values>Side
Top-down</values>
            </attribute>
          </attributes>
        </label>
        <label>
          <name>Whitefish</name>
          <color>#e5e3ee</color>
          <attributes>
            <attribute>
              <name>adipose clipped</name>
              <mutable>False</mutable>
              <input_type>select</input_type>
              <default_value>No</default_value>
              <values>No
Yes
NA</values>
            </attribute>
            <attribute>
              <name>confidence level</name>
              <mutable>False</mutable>
              <input_type>select</input_type>
              <default_value>3</default_value>
              <values>3
2
1</values>
            </attribute>
            <attribute>
              <name>injury</name>
              <mutable>False</mutable>
              <input_type>select</input_type>
              <default_value>No</default_value>
              <values>No
Yes
NA</values>
            </attribute>
            <attribute>
              <name>notes</name>
              <mutable>False</mutable>
              <input_type>text</input_type>
              <default_value>NA</default_value>
              <values>NA</values>
            </attribute>
            <attribute>
              <name>sex</name>
              <mutable>False</mutable>
              <input_type>select</input_type>
              <default_value>NA</default_value>
              <values>NA</values>
            </attribute>
            <attribute>
              <name>view</name>
              <mutable>False</mutable>
              <input_type>select</input_type>
              <default_value>Side</default_value>
              <values>Side
Top-down</values>
            </attribute>
          </attributes>
        </label>
        <label>
          <name>Pink</name>
          <color>#fa7dbb</color>
          <attributes>
            <attribute>
              <name>adipose clipped</name>
              <mutable>False</mutable>
              <input_type>select</input_type>
              <default_value>No</default_value>
              <values>No
Yes
NA</values>
            </attribute>
            <attribute>
              <name>confidence level</name>
              <mutable>False</mutable>
              <input_type>select</input_type>
              <default_value>3</default_value>
              <values>3
2
1</values>
            </attribute>
            <attribute>
              <name>injury</name>
              <mutable>False</mutable>
              <input_type>select</input_type>
              <default_value>No</default_value>
              <values>No
Yes
NA</values>
            </attribute>
            <attribute>
              <name>notes</name>
              <mutable>False</mutable>
              <input_type>text</input_type>
              <default_value>NA</default_value>
              <values>NA</values>
            </attribute>
            <attribute>
              <name>sex</name>
              <mutable>False</mutable>
              <input_type>select</input_type>
              <default_value>Male</default_value>
              <values>Male
Female</values>
            </attribute>
            <attribute>
              <name>view</name>
              <mutable>False</mutable>
              <input_type>select</input_type>
              <default_value>Side</default_value>
              <values>Side
Top-down</values>
            </attribute>
          </attributes>
        </label>
        <label>
          <name>Sockeye</name>
          <color>#fa3253</color>
          <attributes>
            <attribute>
              <name>adipose clipped</name>
              <mutable>False</mutable>
              <input_type>select</input_type>
              <default_value>No</default_value>
              <values>No
Yes
NA</values>
            </attribute>
            <attribute>
              <name>confidence level</name>
              <mutable>False</mutable>
              <input_type>select</input_type>
              <default_value>3</default_value>
              <values>3
2
1</values>
            </attribute>
            <attribute>
              <name>injury</name>
              <mutable>False</mutable>
              <input_type>select</input_type>
              <default_value>No</default_value>
              <values>No
Yes
NA</values>
            </attribute>
            <attribute>
              <name>notes</name>
              <mutable>False</mutable>
              <input_type>text</input_type>
              <default_value>NA</default_value>
              <values>NA</values>
            </attribute>
            <attribute>
              <name>sex</name>
              <mutable>False</mutable>
              <input_type>select</input_type>
              <default_value>Male</default_value>
              <values>Male
Female
Jack</values>
            </attribute>
            <attribute>
              <name>view</name>
              <mutable>False</mutable>
              <input_type>select</input_type>
              <default_value>Side</default_value>
              <values>Side
Top-down</values>
            </attribute>
          </attributes>
        </label>
        <label>
          <name>Steelhead</name>
          <color>#32b7fa</color>
          <attributes>
            <attribute>
              <name>adipose clipped</name>
              <mutable>False</mutable>
              <input_type>select</input_type>
              <default_value>No</default_value>
              <values>No
Yes
NA</values>
            </attribute>
            <attribute>
              <name>confidence level</name>
              <mutable>False</mutable>
              <input_type>select</input_type>
              <default_value>3</default_value>
              <values>3
2
1</values>
            </attribute>
            <attribute>
              <name>injury</name>
              <mutable>False</mutable>
              <input_type>select</input_type>
              <default_value>No</default_value>
              <values>No
Yes
NA</values>
            </attribute>
            <attribute>
              <name>notes</name>
              <mutable>False</mutable>
              <input_type>text</input_type>
              <default_value>NA</default_value>
              <values>NA</values>
            </attribute>
            <attribute>
              <name>sex</name>
              <mutable>False</mutable>
              <input_type>select</input_type>
              <default_value>Male</default_value>
              <values>Male
Female</values>
            </attribute>
            <attribute>
              <name>view</name>
              <mutable>False</mutable>
              <input_type>select</input_type>
              <default_value>Side</default_value>
              <values>Side
Top-down</values>
            </attribute>
          </attributes>
        </label>
        <label>
          <name>Rainbow</name>
          <color>#f1c6e3</color>
          <attributes>
            <attribute>
              <name>adipose clipped</name>
              <mutable>False</mutable>
              <input_type>select</input_type>
              <default_value>No</default_value>
              <values>No
Yes
NA</values>
            </attribute>
            <attribute>
              <name>confidence level</name>
              <mutable>False</mutable>
              <input_type>select</input_type>
              <default_value>3</default_value>
              <values>3
2
1</values>
            </attribute>
            <attribute>
              <name>injury</name>
              <mutable>False</mutable>
              <input_type>select</input_type>
              <default_value>No</default_value>
              <values>No
Yes
NA</values>
            </attribute>
            <attribute>
              <name>notes</name>
              <mutable>False</mutable>
              <input_type>text</input_type>
              <default_value>NA</default_value>
              <values>NA</values>
            </attribute>
            <attribute>
              <name>sex</name>
              <mutable>False</mutable>
              <input_type>select</input_type>
              <default_value>NA</default_value>
              <values>NA
Juvenile</values>
            </attribute>
            <attribute>
              <name>view</name>
              <mutable>False</mutable>
              <input_type>select</input_type>
              <default_value>Side</default_value>
              <values>Side
Top-down</values>
            </attribute>
          </attributes>
        </label>
        <label>
          <name>Chinook</name>
          <color>#2a7dd1</color>
          <attributes>
            <attribute>
              <name>adipose clipped</name>
              <mutable>False</mutable>
              <input_type>select</input_type>
              <default_value>No</default_value>
              <values>No
Yes
NA</values>
            </attribute>
            <attribute>
              <name>confidence level</name>
              <mutable>False</mutable>
              <input_type>select</input_type>
              <default_value>3</default_value>
              <values>3
2
1</values>
            </attribute>
            <attribute>
              <name>injury</name>
              <mutable>False</mutable>
              <input_type>select</input_type>
              <default_value>No</default_value>
              <values>No
Yes
NA</values>
            </attribute>
            <attribute>
              <name>notes</name>
              <mutable>False</mutable>
              <input_type>text</input_type>
              <default_value>NA</default_value>
              <values>NA</values>
            </attribute>
            <attribute>
              <name>sex</name>
              <mutable>False</mutable>
              <input_type>select</input_type>
              <default_value>Male</default_value>
              <values>Male
Female
Jack</values>
            </attribute>
            <attribute>
              <name>view</name>
              <mutable>False</mutable>
              <input_type>select</input_type>
              <default_value>Side</default_value>
              <values>Side
Top-down</values>
            </attribute>
          </attributes>
        </label>
        <label>
          <name>Pikeminnow</name>
          <color>#ecc49c</color>
          <attributes>
            <attribute>
              <name>confidence level</name>
              <mutable>False</mutable>
              <input_type>select</input_type>
              <default_value>3</default_value>
              <values>3
2
1</values>
            </attribute>
            <attribute>
              <name>notes</name>
              <mutable>False</mutable>
              <input_type>text</input_type>
              <default_value>NA</default_value>
              <values>NA</values>
            </attribute>
          </attributes>
        </label>
        <label>
          <name>Shiner</name>
          <color>#8c78f0</color>
          <attributes>
            <attribute>
              <name>confidence level</name>
              <mutable>False</mutable>
              <input_type>select</input_type>
              <default_value>3</default_value>
              <values>3
2
1</values>
            </attribute>
            <attribute>
              <name>notes</name>
              <mutable>False</mutable>
              <input_type>text</input_type>
              <default_value>NA</default_value>
              <values>NA</values>
            </attribute>
          </attributes>
        </label>
        <label>
          <name>Lampray</name>
          <color>#2e2930</color>
          <attributes>
            <attribute>
              <name>confidence level</name>
              <mutable>False</mutable>
              <input_type>select</input_type>
              <default_value>3</default_value>
              <values>3
2
1</values>
            </attribute>
            <attribute>
              <name>notes</name>
              <mutable>False</mutable>
              <input_type>text</input_type>
              <default_value>NA</default_value>
              <values>NA</values>
            </attribute>
          </attributes>
        </label>
      </labels>
      <original_size>
        <width>1920</width>
        <height>1080</height>
      </original_size>
    </task>
    <dumped>2021-12-10 22:28:01.626976+00:00</dumped>
    <source>09-10-2020 15-18-59 M Salmon Camera.m4v</source>
  </meta>
  <track id="0" label="Pink" source="manual">
    <box frame="115" outside="0" occluded="1" keyframe="1" xtl="1813.11" ytl="463.27" xbr="1920.00" ybr="705.36" z_order="0">
      <attribute name="adipose clipped">No</attribute>
      <attribute name="confidence level">3</attribute>
      <attribute name="injury">Yes</attribute>
      <attribute name="notes">All fins in some form of deterioration</attribute>
      <attribute name="sex">Female</attribute>
      <attribute name="view">Side</attribute>
    </box>
    <box frame="116" outside="0" occluded="1" keyframe="0" xtl="1770.20" ytl="455.09" xbr="1920.00" ybr="712.37" z_order="0">
      <attribute name="adipose clipped">No</attribute>
      <attribute name="confidence level">3</attribute>
      <attribute name="injury">Yes</attribute>
      <attribute name="notes">All fins in some form of deterioration</attribute>
      <attribute name="sex">Female</attribute>
      <attribute name="view">Side</attribute>
    </box>
    <box frame="117" outside="0" occluded="1" keyframe="0" xtl="1727.29" ytl="446.92" xbr="1920.00" ybr="719.39" z_order="0">
      <attribute name="adipose clipped">No</attribute>
      <attribute name="confidence level">3</attribute>
      <attribute name="injury">Yes</attribute>
      <attribute name="notes">All fins in some form of deterioration</attribute>
      <attribute name="sex">Female</attribute>
      <attribute name="view">Side</attribute>
    </box>
    <box frame="118" outside="0" occluded="1" keyframe="0" xtl="1684.38" ytl="438.74" xbr="1920.00" ybr="726.40" z_order="0">
      <attribute name="adipose clipped">No</attribute>
      <attribute name="confidence level">3</attribute>
      <attribute name="injury">Yes</attribute>
      <attribute name="notes">All fins in some form of deterioration</attribute>
      <attribute name="sex">Female</attribute>
      <attribute name="view">Side</attribute>
    </box>
    <box frame="119" outside="0" occluded="1" keyframe="0" xtl="1641.47" ytl="430.56" xbr="1920.00" ybr="733.41" z_order="0">
      <attribute name="adipose clipped">No</attribute>
      <attribute name="confidence level">3</attribute>
      <attribute name="injury">Yes</attribute>
      <attribute name="notes">All fins in some form of deterioration</attribute>
      <attribute name="sex">Female</attribute>
      <attribute name="view">Side</attribute>
    </box>
    <box frame="120" outside="0" occluded="1" keyframe="0" xtl="1598.56" ytl="422.38" xbr="1920.00" ybr="740.43" z_order="0">
      <attribute name="adipose clipped">No</attribute>
      <attribute name="confidence level">3</attribute>
      <attribute name="injury">Yes</attribute>
      <attribute name="notes">All fins in some form of deterioration</attribute>
      <attribute name="sex">Female</attribute>
      <attribute name="view">Side</attribute>
    </box>
    <box frame="121" outside="0" occluded="1" keyframe="0" xtl="1555.64" ytl="414.21" xbr="1920.00" ybr="747.44" z_order="0">
      <attribute name="adipose clipped">No</attribute>
      <attribute name="confidence level">3</attribute>
      <attribute name="injury">Yes</attribute>
      <attribute name="notes">All fins in some form of deterioration</attribute>
      <attribute name="sex">Female</attribute>
      <attribute name="view">Side</attribute>
    </box>
    <box frame="122" outside="0" occluded="1" keyframe="0" xtl="1512.73" ytl="406.03" xbr="1920.00" ybr="754.46" z_order="0">
      <attribute name="adipose clipped">No</attribute>
      <attribute name="confidence level">3</attribute>
      <attribute name="injury">Yes</attribute>
      <attribute name="notes">All fins in some form of deterioration</attribute>
      <attribute name="sex">Female</attribute>
      <attribute name="view">Side</attribute>
    </box>
    <box frame="123" outside="0" occluded="1" keyframe="0" xtl="1469.82" ytl="397.85" xbr="1920.00" ybr="761.47" z_order="0">
      <attribute name="adipose clipped">No</attribute>
      <attribute name="confidence level">3</attribute>
      <attribute name="injury">Yes</attribute>
      <attribute name="notes">All fins in some form of deterioration</attribute>
      <attribute name="sex">Female</attribute>
      <attribute name="view">Side</attribute>
    </box>
    <box frame="124" outside="0" occluded="1" keyframe="0" xtl="1426.91" ytl="389.68" xbr="1920.00" ybr="768.49" z_order="0">
      <attribute name="adipose clipped">No</attribute>
      <attribute name="confidence level">3</attribute>
      <attribute name="injury">Yes</attribute>
      <attribute name="notes">All fins in some form of deterioration</attribute>
      <attribute name="sex">Female</attribute>
      <attribute name="view">Side</attribute>
    </box>
    <box frame="125" outside="0" occluded="1" keyframe="1" xtl="1384.00" ytl="381.50" xbr="1920.00" ybr="775.50" z_order="0">
      <attribute name="adipose clipped">No</attribute>
      <attribute name="confidence level">3</attribute>
      <attribute name="injury">Yes</attribute>
      <attribute name="notes">All fins in some form of deterioration</attribute>
      <attribute name="sex">Female</attribute>
      <attribute name="view">Side</attribute>
    </box>
    <box frame="126" outside="0" occluded="1" keyframe="0" xtl="1339.26" ytl="384.00" xbr="1908.98" ybr="780.84" z_order="0">
      <attribute name="adipose clipped">No</attribute>
      <attribute name="confidence level">3</attribute>
      <attribute name="injury">Yes</attribute>
      <attribute name="notes">All fins in some form of deterioration</attribute>
      <attribute name="sex">Female</attribute>
      <attribute name="view">Side</attribute>
    </box>
    <box frame="127" outside="0" occluded="1" keyframe="0" xtl="1294.52" ytl="386.51" xbr="1897.96" ybr="786.18" z_order="0">
      <attribute name="adipose clipped">No</attribute>
      <attribute name="confidence level">3</attribute>
      <attribute name="injury">Yes</attribute>
      <attribute name="notes">All fins in some form of deterioration</attribute>
      <attribute name="sex">Female</attribute>
      <attribute name="view">Side</attribute>
    </box>
    <box frame="128" outside="0" occluded="1" keyframe="0" xtl="1249.78" ytl="389.01" xbr="1886.94" ybr="791.52" z_order="0">
      <attribute name="adipose clipped">No</attribute>
      <attribute name="confidence level">3</attribute>
      <attribute name="injury">Yes</attribute>
      <attribute name="notes">All fins in some form of deterioration</attribute>
      <attribute name="sex">Female</attribute>
      <attribute name="view">Side</attribute>
    </box>
    <box frame="129" outside="0" occluded="1" keyframe="0" xtl="1205.04" ytl="391.52" xbr="1875.92" ybr="796.86" z_order="0">
      <attribute name="adipose clipped">No</attribute>
      <attribute name="confidence level">3</attribute>
      <attribute name="injury">Yes</attribute>
      <attribute name="notes">All fins in some form of deterioration</attribute>
      <attribute name="sex">Female</attribute>
      <attribute name="view">Side</attribute>
    </box>
    <box frame="130" outside="0" occluded="1" keyframe="0" xtl="1160.30" ytl="394.02" xbr="1864.90" ybr="802.20" z_order="0">
      <attribute name="adipose clipped">No</attribute>
      <attribute name="confidence level">3</attribute>
      <attribute name="injury">Yes</attribute>
      <attribute name="notes">All fins in some form of deterioration</attribute>
      <attribute name="sex">Female</attribute>
      <attribute name="view">Side</attribute>
    </box>
    <box frame="131" outside="0" occluded="1" keyframe="0" xtl="1115.56" ytl="396.53" xbr="1853.89" ybr="807.54" z_order="0">
      <attribute name="adipose clipped">No</attribute>
      <attribute name="confidence level">3</attribute>
      <attribute name="injury">Yes</attribute>
      <attribute name="notes">All fins in some form of deterioration</attribute>
      <attribute name="sex">Female</attribute>
      <attribute name="view">Side</attribute>
    </box>
    <box frame="132" outside="0" occluded="1" keyframe="0" xtl="1070.82" ytl="399.03" xbr="1842.87" ybr="812.88" z_order="0">
      <attribute name="adipose clipped">No</attribute>
      <attribute name="confidence level">3</attribute>
      <attribute name="injury">Yes</attribute>
      <attribute name="notes">All fins in some form of deterioration</attribute>
      <attribute name="sex">Female</attribute>
      <attribute name="view">Side</attribute>
    </box>
    <box frame="133" outside="0" occluded="1" keyframe="0" xtl="1026.08" ytl="401.54" xbr="1831.85" ybr="818.22" z_order="0">
      <attribute name="adipose clipped">No</attribute>
      <attribute name="confidence level">3</attribute>
      <attribute name="injury">Yes</attribute>
      <attribute name="notes">All fins in some form of deterioration</attribute>
      <attribute name="sex">Female</attribute>
      <attribute name="view">Side</attribute>
    </box>
    <box frame="134" outside="0" occluded="1" keyframe="0" xtl="981.34" ytl="404.04" xbr="1820.83" ybr="823.56" z_order="0">
      <attribute name="adipose clipped">No</attribute>
      <attribute name="confidence level">3</attribute>
      <attribute name="injury">Yes</attribute>
      <attribute name="notes">All fins in some form of deterioration</attribute>
      <attribute name="sex">Female</attribute>
      <attribute name="view">Side</attribute>
    </box>
    <box frame="135" outside="0" occluded="0" keyframe="1" xtl="936.60" ytl="406.54" xbr="1809.81" ybr="828.90" z_order="0">
      <attribute name="adipose clipped">No</attribute>
      <attribute name="confidence level">3</attribute>
      <attribute name="injury">Yes</attribute>
      <attribute name="notes">All fins in some form of deterioration</attribute>
      <attribute name="sex">Female</attribute>
      <attribute name="view">Side</attribute>
    </box>
    <box frame="136" outside="0" occluded="0" keyframe="0" xtl="919.57" ytl="409.22" xbr="1792.78" ybr="831.57" z_order="0">
      <attribute name="adipose clipped">No</attribute>
      <attribute name="confidence level">3</attribute>
      <attribute name="injury">Yes</attribute>
      <attribute name="notes">All fins in some form of deterioration</attribute>
      <attribute name="sex">Female</attribute>
      <attribute name="view">Side</attribute>
    </box>
    <box frame="137" outside="0" occluded="0" keyframe="0" xtl="902.54" ytl="411.89" xbr="1775.75" ybr="834.24" z_order="0">
      <attribute name="adipose clipped">No</attribute>
      <attribute name="confidence level">3</attribute>
      <attribute name="injury">Yes</attribute>
      <attribute name="notes">All fins in some form of deterioration</attribute>
      <attribute name="sex">Female</attribute>
      <attribute name="view">Side</attribute>
    </box>
    <box frame="138" outside="0" occluded="0" keyframe="0" xtl="885.51" ytl="414.56" xbr="1758.72" ybr="836.91" z_order="0">
      <attribute name="adipose clipped">No</attribute>
      <attribute name="confidence level">3</attribute>
      <attribute name="injury">Yes</attribute>
      <attribute name="notes">All fins in some form of deterioration</attribute>
      <attribute name="sex">Female</attribute>
      <attribute name="view">Side</attribute>
    </box>
    <box frame="139" outside="0" occluded="0" keyframe="0" xtl="868.48" ytl="417.23" xbr="1741.69" ybr="839.59" z_order="0">
      <attribute name="adipose clipped">No</attribute>
      <attribute name="confidence level">3</attribute>
      <attribute name="injury">Yes</attribute>
      <attribute name="notes">All fins in some form of deterioration</attribute>
      <attribute name="sex">Female</attribute>
      <attribute name="view">Side</attribute>
    </box>
    <box frame="140" outside="0" occluded="0" keyframe="0" xtl="851.45" ytl="419.90" xbr="1724.66" ybr="842.26" z_order="0">
      <attribute name="adipose clipped">No</attribute>
      <attribute name="confidence level">3</attribute>
      <attribute name="injury">Yes</attribute>
      <attribute name="notes">All fins in some form of deterioration</attribute>
      <attribute name="sex">Female</attribute>
      <attribute name="view">Side</attribute>
    </box>
    <box frame="141" outside="0" occluded="0" keyframe="0" xtl="834.42" ytl="422.57" xbr="1707.63" ybr="844.93" z_order="0">
      <attribute name="adipose clipped">No</attribute>
      <attribute name="confidence level">3</attribute>
      <attribute name="injury">Yes</attribute>
      <attribute name="notes">All fins in some form of deterioration</attribute>
      <attribute name="sex">Female</attribute>
      <attribute name="view">Side</attribute>
    </box>
    <box frame="142" outside="0" occluded="0" keyframe="0" xtl="817.39" ytl="425.24" xbr="1690.60" ybr="847.60" z_order="0">
      <attribute name="adipose clipped">No</attribute>
      <attribute name="confidence level">3</attribute>
      <attribute name="injury">Yes</attribute>
      <attribute name="notes">All fins in some form of deterioration</attribute>
      <attribute name="sex">Female</attribute>
      <attribute name="view">Side</attribute>
    </box>
    <box frame="143" outside="0" occluded="0" keyframe="0" xtl="800.36" ytl="427.91" xbr="1673.57" ybr="850.27" z_order="0">
      <attribute name="adipose clipped">No</attribute>
      <attribute name="confidence level">3</attribute>
      <attribute name="injury">Yes</attribute>
      <attribute name="notes">All fins in some form of deterioration</attribute>
      <attribute name="sex">Female</attribute>
      <attribute name="view">Side</attribute>
    </box>
    <box frame="144" outside="0" occluded="0" keyframe="0" xtl="783.33" ytl="430.59" xbr="1656.54" ybr="852.94" z_order="0">
      <attribute name="adipose clipped">No</attribute>
      <attribute name="confidence level">3</attribute>
      <attribute name="injury">Yes</attribute>
      <attribute name="notes">All fins in some form of deterioration</attribute>
      <attribute name="sex">Female</attribute>
      <attribute name="view">Side</attribute>
    </box>
    <box frame="145" outside="0" occluded="0" keyframe="1" xtl="766.30" ytl="433.26" xbr="1639.51" ybr="855.61" z_order="0">
      <attribute name="adipose clipped">No</attribute>
      <attribute name="confidence level">3</attribute>
      <attribute name="injury">Yes</attribute>
      <attribute name="notes">All fins in some form of deterioration</attribute>
      <attribute name="sex">Female</attribute>
      <attribute name="view">Side</attribute>
    </box>
    <box frame="146" outside="0" occluded="0" keyframe="0" xtl="747.10" ytl="437.43" xbr="1620.31" ybr="859.79" z_order="0">
      <attribute name="adipose clipped">No</attribute>
      <attribute name="confidence level">3</attribute>
      <attribute name="injury">Yes</attribute>
      <attribute name="notes">All fins in some form of deterioration</attribute>
      <attribute name="sex">Female</attribute>
      <attribute name="view">Side</attribute>
    </box>
    <box frame="147" outside="0" occluded="0" keyframe="0" xtl="727.90" ytl="441.60" xbr="1601.11" ybr="863.96" z_order="0">
      <attribute name="adipose clipped">No</attribute>
      <attribute name="confidence level">3</attribute>
      <attribute name="injury">Yes</attribute>
      <attribute name="notes">All fins in some form of deterioration</attribute>
      <attribute name="sex">Female</attribute>
      <attribute name="view">Side</attribute>
    </box>
    <box frame="148" outside="0" occluded="0" keyframe="0" xtl="708.70" ytl="445.78" xbr="1581.91" ybr="868.13" z_order="0">
      <attribute name="adipose clipped">No</attribute>
      <attribute name="confidence level">3</attribute>
      <attribute name="injury">Yes</attribute>
      <attribute name="notes">All fins in some form of deterioration</attribute>
      <attribute name="sex">Female</attribute>
      <attribute name="view">Side</attribute>
    </box>
    <box frame="149" outside="0" occluded="0" keyframe="0" xtl="689.50" ytl="449.95" xbr="1562.71" ybr="872.31" z_order="0">
      <attribute name="adipose clipped">No</attribute>
      <attribute name="confidence level">3</attribute>
      <attribute name="injury">Yes</attribute>
      <attribute name="notes">All fins in some form of deterioration</attribute>
      <attribute name="sex">Female</attribute>
      <attribute name="view">Side</attribute>
    </box>
    <box frame="150" outside="0" occluded="0" keyframe="0" xtl="670.30" ytl="454.13" xbr="1543.51" ybr="876.48" z_order="0">
      <attribute name="adipose clipped">No</attribute>
      <attribute name="confidence level">3</attribute>
      <attribute name="injury">Yes</attribute>
      <attribute name="notes">All fins in some form of deterioration</attribute>
      <attribute name="sex">Female</attribute>
      <attribute name="view">Side</attribute>
    </box>
    <box frame="151" outside="0" occluded="0" keyframe="0" xtl="651.10" ytl="458.30" xbr="1524.31" ybr="880.66" z_order="0">
      <attribute name="adipose clipped">No</attribute>
      <attribute name="confidence level">3</attribute>
      <attribute name="injury">Yes</attribute>
      <attribute name="notes">All fins in some form of deterioration</attribute>
      <attribute name="sex">Female</attribute>
      <attribute name="view">Side</attribute>
    </box>
    <box frame="152" outside="0" occluded="0" keyframe="0" xtl="631.90" ytl="462.47" xbr="1505.11" ybr="884.83" z_order="0">
      <attribute name="adipose clipped">No</attribute>
      <attribute name="confidence level">3</attribute>
      <attribute name="injury">Yes</attribute>
      <attribute name="notes">All fins in some form of deterioration</attribute>
      <attribute name="sex">Female</attribute>
      <attribute name="view">Side</attribute>
    </box>
    <box frame="153" outside="0" occluded="0" keyframe="0" xtl="612.70" ytl="466.65" xbr="1485.91" ybr="889.00" z_order="0">
      <attribute name="adipose clipped">No</attribute>
      <attribute name="confidence level">3</attribute>
      <attribute name="injury">Yes</attribute>
      <attribute name="notes">All fins in some form of deterioration</attribute>
      <attribute name="sex">Female</attribute>
      <attribute name="view">Side</attribute>
    </box>
    <box frame="154" outside="0" occluded="0" keyframe="0" xtl="593.50" ytl="470.82" xbr="1466.71" ybr="893.18" z_order="0">
      <attribute name="adipose clipped">No</attribute>
      <attribute name="confidence level">3</attribute>
      <attribute name="injury">Yes</attribute>
      <attribute name="notes">All fins in some form of deterioration</attribute>
      <attribute name="sex">Female</attribute>
      <attribute name="view">Side</attribute>
    </box>
    <box frame="155" outside="0" occluded="0" keyframe="1" xtl="574.30" ytl="475.00" xbr="1447.51" ybr="897.35" z_order="0">
      <attribute name="adipose clipped">No</attribute>
      <attribute name="confidence level">3</attribute>
      <attribute name="injury">Yes</attribute>
      <attribute name="notes">All fins in some form of deterioration</attribute>
      <attribute name="sex">Female</attribute>
      <attribute name="view">Side</attribute>
    </box>
    <box frame="156" outside="0" occluded="0" keyframe="0" xtl="555.27" ytl="476.17" xbr="1432.15" ybr="893.68" z_order="0">
      <attribute name="adipose clipped">No</attribute>
      <attribute name="confidence level">3</attribute>
      <attribute name="injury">Yes</attribute>
      <attribute name="notes">All fins in some form of deterioration</attribute>
      <attribute name="sex">Female</attribute>
      <attribute name="view">Side</attribute>
    </box>
    <box frame="157" outside="0" occluded="0" keyframe="0" xtl="536.24" ytl="477.34" xbr="1416.79" ybr="890.01" z_order="0">
      <attribute name="adipose clipped">No</attribute>
      <attribute name="confidence level">3</attribute>
      <attribute name="injury">Yes</attribute>
      <attribute name="notes">All fins in some form of deterioration</attribute>
      <attribute name="sex">Female</attribute>
      <attribute name="view">Side</attribute>
    </box>
    <box frame="158" outside="0" occluded="0" keyframe="0" xtl="517.21" ytl="478.51" xbr="1401.43" ybr="886.33" z_order="0">
      <attribute name="adipose clipped">No</attribute>
      <attribute name="confidence level">3</attribute>
      <attribute name="injury">Yes</attribute>
      <attribute name="notes">All fins in some form of deterioration</attribute>
      <attribute name="sex">Female</attribute>
      <attribute name="view">Side</attribute>
    </box>
    <box frame="159" outside="0" occluded="0" keyframe="0" xtl="498.17" ytl="479.68" xbr="1386.07" ybr="882.66" z_order="0">
      <attribute name="adipose clipped">No</attribute>
      <attribute name="confidence level">3</attribute>
      <attribute name="injury">Yes</attribute>
      <attribute name="notes">All fins in some form of deterioration</attribute>
      <attribute name="sex">Female</attribute>
      <attribute name="view">Side</attribute>
    </box>
    <box frame="160" outside="0" occluded="0" keyframe="0" xtl="479.14" ytl="480.85" xbr="1370.71" ybr="878.99" z_order="0">
      <attribute name="adipose clipped">No</attribute>
      <attribute name="confidence level">3</attribute>
      <attribute name="injury">Yes</attribute>
      <attribute name="notes">All fins in some form of deterioration</attribute>
      <attribute name="sex">Female</attribute>
      <attribute name="view">Side</attribute>
    </box>
    <box frame="161" outside="0" occluded="0" keyframe="0" xtl="460.11" ytl="482.02" xbr="1355.35" ybr="875.31" z_order="0">
      <attribute name="adipose clipped">No</attribute>
      <attribute name="confidence level">3</attribute>
      <attribute name="injury">Yes</attribute>
      <attribute name="notes">All fins in some form of deterioration</attribute>
      <attribute name="sex">Female</attribute>
      <attribute name="view">Side</attribute>
    </box>
    <box frame="162" outside="0" occluded="0" keyframe="0" xtl="441.07" ytl="483.19" xbr="1339.98" ybr="871.64" z_order="0">
      <attribute name="adipose clipped">No</attribute>
      <attribute name="confidence level">3</attribute>
      <attribute name="injury">Yes</attribute>
      <attribute name="notes">All fins in some form of deterioration</attribute>
      <attribute name="sex">Female</attribute>
      <attribute name="view">Side</attribute>
    </box>
    <box frame="163" outside="0" occluded="0" keyframe="0" xtl="422.04" ytl="484.36" xbr="1324.62" ybr="867.97" z_order="0">
      <attribute name="adipose clipped">No</attribute>
      <attribute name="confidence level">3</attribute>
      <attribute name="injury">Yes</attribute>
      <attribute name="notes">All fins in some form of deterioration</attribute>
      <attribute name="sex">Female</attribute>
      <attribute name="view">Side</attribute>
    </box>
    <box frame="164" outside="0" occluded="0" keyframe="0" xtl="403.01" ytl="485.53" xbr="1309.26" ybr="864.29" z_order="0">
      <attribute name="adipose clipped">No</attribute>
      <attribute name="confidence level">3</attribute>
      <attribute name="injury">Yes</attribute>
      <attribute name="notes">All fins in some form of deterioration</attribute>
      <attribute name="sex">Female</attribute>
      <attribute name="view">Side</attribute>
    </box>
    <box frame="165" outside="0" occluded="0" keyframe="1" xtl="383.97" ytl="486.70" xbr="1293.90" ybr="860.62" z_order="0">
      <attribute name="adipose clipped">No</attribute>
      <attribute name="confidence level">3</attribute>
      <attribute name="injury">Yes</attribute>
      <attribute name="notes">All fins in some form of deterioration</attribute>
      <attribute name="sex">Female</attribute>
      <attribute name="view">Side</attribute>
    </box>
    <box frame="166" outside="0" occluded="0" keyframe="0" xtl="362.27" ytl="488.20" xbr="1272.20" ybr="862.12" z_order="0">
      <attribute name="adipose clipped">No</attribute>
      <attribute name="confidence level">3</attribute>
      <attribute name="injury">Yes</attribute>
      <attribute name="notes">All fins in some form of deterioration</attribute>
      <attribute name="sex">Female</attribute>
      <attribute name="view">Side</attribute>
    </box>
    <box frame="167" outside="0" occluded="0" keyframe="0" xtl="340.57" ytl="489.71" xbr="1250.49" ybr="863.63" z_order="0">
      <attribute name="adipose clipped">No</attribute>
      <attribute name="confidence level">3</attribute>
      <attribute name="injury">Yes</attribute>
      <attribute name="notes">All fins in some form of deterioration</attribute>
      <attribute name="sex">Female</attribute>
      <attribute name="view">Side</attribute>
    </box>
    <box frame="168" outside="0" occluded="0" keyframe="0" xtl="318.86" ytl="491.21" xbr="1228.79" ybr="865.13" z_order="0">
      <attribute name="adipose clipped">No</attribute>
      <attribute name="confidence level">3</attribute>
      <attribute name="injury">Yes</attribute>
      <attribute name="notes">All fins in some form of deterioration</attribute>
      <attribute name="sex">Female</attribute>
      <attribute name="view">Side</attribute>
    </box>
    <box frame="169" outside="0" occluded="0" keyframe="0" xtl="297.16" ytl="492.71" xbr="1207.08" ybr="866.63" z_order="0">
      <attribute name="adipose clipped">No</attribute>
      <attribute name="confidence level">3</attribute>
      <attribute name="injury">Yes</attribute>
      <attribute name="notes">All fins in some form of deterioration</attribute>
      <attribute name="sex">Female</attribute>
      <attribute name="view">Side</attribute>
    </box>
    <box frame="170" outside="0" occluded="0" keyframe="0" xtl="275.45" ytl="494.21" xbr="1185.38" ybr="868.13" z_order="0">
      <attribute name="adipose clipped">No</attribute>
      <attribute name="confidence level">3</attribute>
      <attribute name="injury">Yes</attribute>
      <attribute name="notes">All fins in some form of deterioration</attribute>
      <attribute name="sex">Female</attribute>
      <attribute name="view">Side</attribute>
    </box>
    <box frame="171" outside="0" occluded="0" keyframe="0" xtl="253.75" ytl="495.72" xbr="1163.67" ybr="869.64" z_order="0">
      <attribute name="adipose clipped">No</attribute>
      <attribute name="confidence level">3</attribute>
      <attribute name="injury">Yes</attribute>
      <attribute name="notes">All fins in some form of deterioration</attribute>
      <attribute name="sex">Female</attribute>
      <attribute name="view">Side</attribute>
    </box>
    <box frame="172" outside="0" occluded="0" keyframe="0" xtl="232.04" ytl="497.22" xbr="1141.97" ybr="871.14" z_order="0">
      <attribute name="adipose clipped">No</attribute>
      <attribute name="confidence level">3</attribute>
      <attribute name="injury">Yes</attribute>
      <attribute name="notes">All fins in some form of deterioration</attribute>
      <attribute name="sex">Female</attribute>
      <attribute name="view">Side</attribute>
    </box>
    <box frame="173" outside="0" occluded="0" keyframe="0" xtl="210.34" ytl="498.72" xbr="1120.27" ybr="872.64" z_order="0">
      <attribute name="adipose clipped">No</attribute>
      <attribute name="confidence level">3</attribute>
      <attribute name="injury">Yes</attribute>
      <attribute name="notes">All fins in some form of deterioration</attribute>
      <attribute name="sex">Female</attribute>
      <attribute name="view">Side</attribute>
    </box>
    <box frame="174" outside="0" occluded="0" keyframe="0" xtl="188.63" ytl="500.22" xbr="1098.56" ybr="874.14" z_order="0">
      <attribute name="adipose clipped">No</attribute>
      <attribute name="confidence level">3</attribute>
      <attribute name="injury">Yes</attribute>
      <attribute name="notes">All fins in some form of deterioration</attribute>
      <attribute name="sex">Female</attribute>
      <attribute name="view">Side</attribute>
    </box>
    <box frame="175" outside="0" occluded="0" keyframe="1" xtl="166.93" ytl="501.73" xbr="1076.86" ybr="875.65" z_order="0">
      <attribute name="adipose clipped">No</attribute>
      <attribute name="confidence level">3</attribute>
      <attribute name="injury">Yes</attribute>
      <attribute name="notes">All fins in some form of deterioration</attribute>
      <attribute name="sex">Female</attribute>
      <attribute name="view">Side</attribute>
    </box>
    <box frame="176" outside="0" occluded="0" keyframe="0" xtl="150.24" ytl="502.06" xbr="1057.16" ybr="875.98" z_order="0">
      <attribute name="adipose clipped">No</attribute>
      <attribute name="confidence level">3</attribute>
      <attribute name="injury">Yes</attribute>
      <attribute name="notes">All fins in some form of deterioration</attribute>
      <attribute name="sex">Female</attribute>
      <attribute name="view">Side</attribute>
    </box>
    <box frame="177" outside="0" occluded="0" keyframe="0" xtl="133.54" ytl="502.39" xbr="1037.46" ybr="876.32" z_order="0">
      <attribute name="adipose clipped">No</attribute>
      <attribute name="confidence level">3</attribute>
      <attribute name="injury">Yes</attribute>
      <attribute name="notes">All fins in some form of deterioration</attribute>
      <attribute name="sex">Female</attribute>
      <attribute name="view">Side</attribute>
    </box>
    <box frame="178" outside="0" occluded="0" keyframe="0" xtl="116.85" ytl="502.73" xbr="1017.75" ybr="876.65" z_order="0">
      <attribute name="adipose clipped">No</attribute>
      <attribute name="confidence level">3</attribute>
      <attribute name="injury">Yes</attribute>
      <attribute name="notes">All fins in some form of deterioration</attribute>
      <attribute name="sex">Female</attribute>
      <attribute name="view">Side</attribute>
    </box>
    <box frame="179" outside="0" occluded="0" keyframe="0" xtl="100.16" ytl="503.06" xbr="998.05" ybr="876.98" z_order="0">
      <attribute name="adipose clipped">No</attribute>
      <attribute name="confidence level">3</attribute>
      <attribute name="injury">Yes</attribute>
      <attribute name="notes">All fins in some form of deterioration</attribute>
      <attribute name="sex">Female</attribute>
      <attribute name="view">Side</attribute>
    </box>
    <box frame="180" outside="0" occluded="0" keyframe="0" xtl="83.47" ytl="503.40" xbr="978.35" ybr="877.32" z_order="0">
      <attribute name="adipose clipped">No</attribute>
      <attribute name="confidence level">3</attribute>
      <attribute name="injury">Yes</attribute>
      <attribute name="notes">All fins in some form of deterioration</attribute>
      <attribute name="sex">Female</attribute>
      <attribute name="view">Side</attribute>
    </box>
    <box frame="181" outside="0" occluded="0" keyframe="0" xtl="66.77" ytl="503.73" xbr="958.65" ybr="877.65" z_order="0">
      <attribute name="adipose clipped">No</attribute>
      <attribute name="confidence level">3</attribute>
      <attribute name="injury">Yes</attribute>
      <attribute name="notes">All fins in some form of deterioration</attribute>
      <attribute name="sex">Female</attribute>
      <attribute name="view">Side</attribute>
    </box>
    <box frame="182" outside="0" occluded="0" keyframe="0" xtl="50.08" ytl="504.06" xbr="938.95" ybr="877.98" z_order="0">
      <attribute name="adipose clipped">No</attribute>
      <attribute name="confidence level">3</attribute>
      <attribute name="injury">Yes</attribute>
      <attribute name="notes">All fins in some form of deterioration</attribute>
      <attribute name="sex">Female</attribute>
      <attribute name="view">Side</attribute>
    </box>
    <box frame="183" outside="0" occluded="0" keyframe="0" xtl="33.39" ytl="504.40" xbr="919.25" ybr="878.32" z_order="0">
      <attribute name="adipose clipped">No</attribute>
      <attribute name="confidence level">3</attribute>
      <attribute name="injury">Yes</attribute>
      <attribute name="notes">All fins in some form of deterioration</attribute>
      <attribute name="sex">Female</attribute>
      <attribute name="view">Side</attribute>
    </box>
    <box frame="184" outside="0" occluded="0" keyframe="0" xtl="16.69" ytl="504.73" xbr="899.55" ybr="878.65" z_order="0">
      <attribute name="adipose clipped">No</attribute>
      <attribute name="confidence level">3</attribute>
      <attribute name="injury">Yes</attribute>
      <attribute name="notes">All fins in some form of deterioration</attribute>
      <attribute name="sex">Female</attribute>
      <attribute name="view">Side</attribute>
    </box>
    <box frame="185" outside="0" occluded="0" keyframe="1" xtl="0.00" ytl="505.06" xbr="879.85" ybr="878.99" z_order="0">
      <attribute name="adipose clipped">No</attribute>
      <attribute name="confidence level">3</attribute>
      <attribute name="injury">Yes</attribute>
      <attribute name="notes">All fins in some form of deterioration</attribute>
      <attribute name="sex">Female</attribute>
      <attribute name="view">Side</attribute>
    </box>
    <box frame="186" outside="0" occluded="0" keyframe="0" xtl="0.00" ytl="508.24" xbr="851.46" ybr="877.65" z_order="0">
      <attribute name="adipose clipped">No</attribute>
      <attribute name="confidence level">3</attribute>
      <attribute name="injury">Yes</attribute>
      <attribute name="notes">All fins in some form of deterioration</attribute>
      <attribute name="sex">Female</attribute>
      <attribute name="view">Side</attribute>
    </box>
    <box frame="187" outside="0" occluded="0" keyframe="0" xtl="0.00" ytl="511.41" xbr="823.08" ybr="876.31" z_order="0">
      <attribute name="adipose clipped">No</attribute>
      <attribute name="confidence level">3</attribute>
      <attribute name="injury">Yes</attribute>
      <attribute name="notes">All fins in some form of deterioration</attribute>
      <attribute name="sex">Female</attribute>
      <attribute name="view">Side</attribute>
    </box>
    <box frame="188" outside="0" occluded="0" keyframe="0" xtl="0.00" ytl="514.59" xbr="794.69" ybr="874.98" z_order="0">
      <attribute name="adipose clipped">No</attribute>
      <attribute name="confidence level">3</attribute>
      <attribute name="injury">Yes</attribute>
      <attribute name="notes">All fins in some form of deterioration</attribute>
      <attribute name="sex">Female</attribute>
      <attribute name="view">Side</attribute>
    </box>
    <box frame="189" outside="0" occluded="0" keyframe="0" xtl="0.00" ytl="517.76" xbr="766.31" ybr="873.64" z_order="0">
      <attribute name="adipose clipped">No</attribute>
      <attribute name="confidence level">3</attribute>
      <attribute name="injury">Yes</attribute>
      <attribute name="notes">All fins in some form of deterioration</attribute>
      <attribute name="sex">Female</attribute>
      <attribute name="view">Side</attribute>
    </box>
    <box frame="190" outside="0" occluded="0" keyframe="0" xtl="0.00" ytl="520.93" xbr="737.92" ybr="872.31" z_order="0">
      <attribute name="adipose clipped">No</attribute>
      <attribute name="confidence level">3</attribute>
      <attribute name="injury">Yes</attribute>
      <attribute name="notes">All fins in some form of deterioration</attribute>
      <attribute name="sex">Female</attribute>
      <attribute name="view">Side</attribute>
    </box>
    <box frame="191" outside="0" occluded="0" keyframe="0" xtl="0.00" ytl="524.11" xbr="709.54" ybr="870.97" z_order="0">
      <attribute name="adipose clipped">No</attribute>
      <attribute name="confidence level">3</attribute>
      <attribute name="injury">Yes</attribute>
      <attribute name="notes">All fins in some form of deterioration</attribute>
      <attribute name="sex">Female</attribute>
      <attribute name="view">Side</attribute>
    </box>
    <box frame="192" outside="0" occluded="0" keyframe="0" xtl="0.00" ytl="527.28" xbr="681.15" ybr="869.64" z_order="0">
      <attribute name="adipose clipped">No</attribute>
      <attribute name="confidence level">3</attribute>
      <attribute name="injury">Yes</attribute>
      <attribute name="notes">All fins in some form of deterioration</attribute>
      <attribute name="sex">Female</attribute>
      <attribute name="view">Side</attribute>
    </box>
    <box frame="193" outside="0" occluded="0" keyframe="0" xtl="0.00" ytl="530.45" xbr="652.77" ybr="868.30" z_order="0">
      <attribute name="adipose clipped">No</attribute>
      <attribute name="confidence level">3</attribute>
      <attribute name="injury">Yes</attribute>
      <attribute name="notes">All fins in some form of deterioration</attribute>
      <attribute name="sex">Female</attribute>
      <attribute name="view">Side</attribute>
    </box>
    <box frame="194" outside="0" occluded="0" keyframe="0" xtl="0.00" ytl="533.63" xbr="624.38" ybr="866.97" z_order="0">
      <attribute name="adipose clipped">No</attribute>
      <attribute name="confidence level">3</attribute>
      <attribute name="injury">Yes</attribute>
      <attribute name="notes">All fins in some form of deterioration</attribute>
      <attribute name="sex">Female</attribute>
      <attribute name="view">Side</attribute>
    </box>
    <box frame="195" outside="0" occluded="0" keyframe="1" xtl="0.00" ytl="536.80" xbr="596.00" ybr="865.63" z_order="0">
      <attribute name="adipose clipped">No</attribute>
      <attribute name="confidence level">3</attribute>
      <attribute name="injury">Yes</attribute>
      <attribute name="notes">All fins in some form of deterioration</attribute>
      <attribute name="sex">Female</attribute>
      <attribute name="view">Side</attribute>
    </box>
    <box frame="196" outside="0" occluded="0" keyframe="0" xtl="0.00" ytl="536.30" xbr="577.30" ybr="865.13" z_order="0">
      <attribute name="adipose clipped">No</attribute>
      <attribute name="confidence level">3</attribute>
      <attribute name="injury">Yes</attribute>
      <attribute name="notes">All fins in some form of deterioration</attribute>
      <attribute name="sex">Female</attribute>
      <attribute name="view">Side</attribute>
    </box>
    <box frame="197" outside="0" occluded="0" keyframe="0" xtl="0.00" ytl="535.80" xbr="558.60" ybr="864.63" z_order="0">
      <attribute name="adipose clipped">No</attribute>
      <attribute name="confidence level">3</attribute>
      <attribute name="injury">Yes</attribute>
      <attribute name="notes">All fins in some form of deterioration</attribute>
      <attribute name="sex">Female</attribute>
      <attribute name="view">Side</attribute>
    </box>
    <box frame="198" outside="0" occluded="0" keyframe="0" xtl="0.00" ytl="535.30" xbr="539.90" ybr="864.13" z_order="0">
      <attribute name="adipose clipped">No</attribute>
      <attribute name="confidence level">3</attribute>
      <attribute name="injury">Yes</attribute>
      <attribute name="notes">All fins in some form of deterioration</attribute>
      <attribute name="sex">Female</attribute>
      <attribute name="view">Side</attribute>
    </box>
    <box frame="199" outside="0" occluded="0" keyframe="0" xtl="0.00" ytl="534.80" xbr="521.20" ybr="863.63" z_order="0">
      <attribute name="adipose clipped">No</attribute>
      <attribute name="confidence level">3</attribute>
      <attribute name="injury">Yes</attribute>
      <attribute name="notes">All fins in some form of deterioration</attribute>
      <attribute name="sex">Female</attribute>
      <attribute name="view">Side</attribute>
    </box>
    <box frame="200" outside="0" occluded="0" keyframe="0" xtl="0.00" ytl="534.30" xbr="502.50" ybr="863.13" z_order="0">
      <attribute name="adipose clipped">No</attribute>
      <attribute name="confidence level">3</attribute>
      <attribute name="injury">Yes</attribute>
      <attribute name="notes">All fins in some form of deterioration</attribute>
      <attribute name="sex">Female</attribute>
      <attribute name="view">Side</attribute>
    </box>
    <box frame="201" outside="0" occluded="0" keyframe="0" xtl="0.00" ytl="533.79" xbr="483.81" ybr="862.62" z_order="0">
      <attribute name="adipose clipped">No</attribute>
      <attribute name="confidence level">3</attribute>
      <attribute name="injury">Yes</attribute>
      <attribute name="notes">All fins in some form of deterioration</attribute>
      <attribute name="sex">Female</attribute>
      <attribute name="view">Side</attribute>
    </box>
    <box frame="202" outside="0" occluded="0" keyframe="0" xtl="0.00" ytl="533.29" xbr="465.11" ybr="862.12" z_order="0">
      <attribute name="adipose clipped">No</attribute>
      <attribute name="confidence level">3</attribute>
      <attribute name="injury">Yes</attribute>
      <attribute name="notes">All fins in some form of deterioration</attribute>
      <attribute name="sex">Female</attribute>
      <attribute name="view">Side</attribute>
    </box>
    <box frame="203" outside="0" occluded="0" keyframe="0" xtl="0.00" ytl="532.79" xbr="446.41" ybr="861.62" z_order="0">
      <attribute name="adipose clipped">No</attribute>
      <attribute name="confidence level">3</attribute>
      <attribute name="injury">Yes</attribute>
      <attribute name="notes">All fins in some form of deterioration</attribute>
      <attribute name="sex">Female</attribute>
      <attribute name="view">Side</attribute>
    </box>
    <box frame="204" outside="0" occluded="0" keyframe="0" xtl="0.00" ytl="532.29" xbr="427.71" ybr="861.12" z_order="0">
      <attribute name="adipose clipped">No</attribute>
      <attribute name="confidence level">3</attribute>
      <attribute name="injury">Yes</attribute>
      <attribute name="notes">All fins in some form of deterioration</attribute>
      <attribute name="sex">Female</attribute>
      <attribute name="view">Side</attribute>
    </box>
    <box frame="205" outside="0" occluded="1" keyframe="1" xtl="0.00" ytl="531.79" xbr="409.01" ybr="860.62" z_order="0">
      <attribute name="adipose clipped">No</attribute>
      <attribute name="confidence level">3</attribute>
      <attribute name="injury">Yes</attribute>
      <attribute name="notes">All fins in some form of deterioration</attribute>
      <attribute name="sex">Female</attribute>
      <attribute name="view">Side</attribute>
    </box>
    <box frame="206" outside="0" occluded="1" keyframe="0" xtl="0.00" ytl="533.79" xbr="381.46" ybr="858.12" z_order="0">
      <attribute name="adipose clipped">No</attribute>
      <attribute name="confidence level">3</attribute>
      <attribute name="injury">Yes</attribute>
      <attribute name="notes">All fins in some form of deterioration</attribute>
      <attribute name="sex">Female</attribute>
      <attribute name="view">Side</attribute>
    </box>
    <box frame="207" outside="0" occluded="1" keyframe="0" xtl="0.00" ytl="535.79" xbr="353.90" ybr="855.61" z_order="0">
      <attribute name="adipose clipped">No</attribute>
      <attribute name="confidence level">3</attribute>
      <attribute name="injury">Yes</attribute>
      <attribute name="notes">All fins in some form of deterioration</attribute>
      <attribute name="sex">Female</attribute>
      <attribute name="view">Side</attribute>
    </box>
    <box frame="208" outside="0" occluded="1" keyframe="0" xtl="0.00" ytl="537.79" xbr="326.35" ybr="853.11" z_order="0">
      <attribute name="adipose clipped">No</attribute>
      <attribute name="confidence level">3</attribute>
      <attribute name="injury">Yes</attribute>
      <attribute name="notes">All fins in some form of deterioration</attribute>
      <attribute name="sex">Female</attribute>
      <attribute name="view">Side</attribute>
    </box>
    <box frame="209" outside="0" occluded="1" keyframe="0" xtl="0.00" ytl="539.79" xbr="298.80" ybr="850.60" z_order="0">
      <attribute name="adipose clipped">No</attribute>
      <attribute name="confidence level">3</attribute>
      <attribute name="injury">Yes</attribute>
      <attribute name="notes">All fins in some form of deterioration</attribute>
      <attribute name="sex">Female</attribute>
      <attribute name="view">Side</attribute>
    </box>
    <box frame="210" outside="0" occluded="1" keyframe="0" xtl="0.00" ytl="541.79" xbr="271.25" ybr="848.10" z_order="0">
      <attribute name="adipose clipped">No</attribute>
      <attribute name="confidence level">3</attribute>
      <attribute name="injury">Yes</attribute>
      <attribute name="notes">All fins in some form of deterioration</attribute>
      <attribute name="sex">Female</attribute>
      <attribute name="view">Side</attribute>
    </box>
    <box frame="211" outside="0" occluded="1" keyframe="0" xtl="0.00" ytl="543.79" xbr="243.69" ybr="845.60" z_order="0">
      <attribute name="adipose clipped">No</attribute>
      <attribute name="confidence level">3</attribute>
      <attribute name="injury">Yes</attribute>
      <attribute name="notes">All fins in some form of deterioration</attribute>
      <attribute name="sex">Female</attribute>
      <attribute name="view">Side</attribute>
    </box>
    <box frame="212" outside="0" occluded="1" keyframe="0" xtl="0.00" ytl="545.79" xbr="216.14" ybr="843.09" z_order="0">
      <attribute name="adipose clipped">No</attribute>
      <attribute name="confidence level">3</attribute>
      <attribute name="injury">Yes</attribute>
      <attribute name="notes">All fins in some form of deterioration</attribute>
      <attribute name="sex">Female</attribute>
      <attribute name="view">Side</attribute>
    </box>
    <box frame="213" outside="0" occluded="1" keyframe="0" xtl="0.00" ytl="547.78" xbr="188.59" ybr="840.59" z_order="0">
      <attribute name="adipose clipped">No</attribute>
      <attribute name="confidence level">3</attribute>
      <attribute name="injury">Yes</attribute>
      <attribute name="notes">All fins in some form of deterioration</attribute>
      <attribute name="sex">Female</attribute>
      <attribute name="view">Side</attribute>
    </box>
    <box frame="214" outside="0" occluded="1" keyframe="0" xtl="0.00" ytl="549.78" xbr="161.04" ybr="838.08" z_order="0">
      <attribute name="adipose clipped">No</attribute>
      <attribute name="confidence level">3</attribute>
      <attribute name="injury">Yes</attribute>
      <attribute name="notes">All fins in some form of deterioration</attribute>
      <attribute name="sex">Female</attribute>
      <attribute name="view">Side</attribute>
    </box>
    <box frame="215" outside="0" occluded="1" keyframe="1" xtl="0.00" ytl="551.78" xbr="133.48" ybr="835.58" z_order="0">
      <attribute name="adipose clipped">No</attribute>
      <attribute name="confidence level">3</attribute>
      <attribute name="injury">Yes</attribute>
      <attribute name="notes">All fins in some form of deterioration</attribute>
      <attribute name="sex">Female</attribute>
      <attribute name="view">Side</attribute>
    </box>
    <box frame="216" outside="0" occluded="1" keyframe="0" xtl="0.00" ytl="551.12" xbr="115.78" ybr="834.91" z_order="0">
      <attribute name="adipose clipped">No</attribute>
      <attribute name="confidence level">3</attribute>
      <attribute name="injury">Yes</attribute>
      <attribute name="notes">All fins in some form of deterioration</attribute>
      <attribute name="sex">Female</attribute>
      <attribute name="view">Side</attribute>
    </box>
    <box frame="217" outside="0" occluded="1" keyframe="0" xtl="0.00" ytl="550.45" xbr="98.09" ybr="834.24" z_order="0">
      <attribute name="adipose clipped">No</attribute>
      <attribute name="confidence level">3</attribute>
      <attribute name="injury">Yes</attribute>
      <attribute name="notes">All fins in some form of deterioration</attribute>
      <attribute name="sex">Female</attribute>
      <attribute name="view">Side</attribute>
    </box>
    <box frame="218" outside="0" occluded="1" keyframe="0" xtl="0.00" ytl="549.78" xbr="80.39" ybr="833.58" z_order="0">
      <attribute name="adipose clipped">No</attribute>
      <attribute name="confidence level">3</attribute>
      <attribute name="injury">Yes</attribute>
      <attribute name="notes">All fins in some form of deterioration</attribute>
      <attribute name="sex">Female</attribute>
      <attribute name="view">Side</attribute>
    </box>
    <box frame="219" outside="0" occluded="1" keyframe="0" xtl="0.00" ytl="549.11" xbr="62.69" ybr="832.91" z_order="0">
      <attribute name="adipose clipped">No</attribute>
      <attribute name="confidence level">3</attribute>
      <attribute name="injury">Yes</attribute>
      <attribute name="notes">All fins in some form of deterioration</attribute>
      <attribute name="sex">Female</attribute>
      <attribute name="view">Side</attribute>
    </box>
    <box frame="220" outside="0" occluded="1" keyframe="1" xtl="0.00" ytl="548.45" xbr="45.00" ybr="832.24" z_order="0">
      <attribute name="adipose clipped">No</attribute>
      <attribute name="confidence level">3</attribute>
      <attribute name="injury">Yes</attribute>
      <attribute name="notes">All fins in some form of deterioration</attribute>
      <attribute name="sex">Female</attribute>
      <attribute name="view">Side</attribute>
    </box>
    <box frame="221" outside="1" occluded="1" keyframe="1" xtl="0.00" ytl="548.45" xbr="45.00" ybr="832.24" z_order="0">
      <attribute name="adipose clipped">No</attribute>
      <attribute name="confidence level">3</attribute>
      <attribute name="injury">Yes</attribute>
      <attribute name="notes">All fins in some form of deterioration</attribute>
      <attribute name="sex">Female</attribute>
      <attribute name="view">Side</attribute>
    </box>
  </track>
</annotations>
