<?xml version="1.0" encoding="utf-8"?>
<annotations>
  <version>1.1</version>
  <meta>
    <task>
      <id>64</id>
      <name>08-01-2021 02-29-36 M Salmon Camera</name>
      <size>331</size>
      <mode>interpolation</mode>
      <overlap>5</overlap>
      <bugtracker></bugtracker>
      <created>2022-05-05 22:59:28.322687+00:00</created>
      <updated>2022-05-05 23:27:33.681761+00:00</updated>
      <subset>default</subset>
      <start_frame>0</start_frame>
      <stop_frame>330</stop_frame>
      <frame_filter></frame_filter>
      <segments>
        <segment>
          <id>59</id>
          <start>0</start>
          <stop>330</stop>
          <url>httplocalhost:8080/?id=59</url>
        </segment>
      </segments>
      <owner>
        <username>django</username>
        <email>daniel_scurfield@sfu.ca</email>
      </owner>
      <assignee></assignee>
      <labels>
        <label>
          <name>Coho</name>
          <color>#3df53d</color>
          <attributes>
            <attribute>
              <name>Adipose Clipped</name>
              <mutable>False</mutable>
              <input_type>select</input_type>
              <default_value>No</default_value>
              <values>No
Yes
NA</values>
            </attribute>
            <attribute>
              <name>Confidence Level</name>
              <mutable>False</mutable>
              <input_type>select</input_type>
              <default_value>3</default_value>
              <values>3
2
1</values>
            </attribute>
            <attribute>
              <name>Injury</name>
              <mutable>False</mutable>
              <input_type>select</input_type>
              <default_value>No</default_value>
              <values>No
Yes
NA</values>
            </attribute>
            <attribute>
              <name>Notes</name>
              <mutable>False</mutable>
              <input_type>text</input_type>
              <default_value>NA</default_value>
              <values>NA</values>
            </attribute>
            <attribute>
              <name>Sex</name>
              <mutable>False</mutable>
              <input_type>select</input_type>
              <default_value>Male</default_value>
              <values>Male
Female
Jack</values>
            </attribute>
            <attribute>
              <name>View</name>
              <mutable>False</mutable>
              <input_type>select</input_type>
              <default_value>Side</default_value>
              <values>Side
Top-down</values>
            </attribute>
          </attributes>
        </label>
        <label>
          <name>Bull</name>
          <color>#ff6037</color>
          <attributes>
            <attribute>
              <name>Adipose Clipped</name>
              <mutable>False</mutable>
              <input_type>select</input_type>
              <default_value>No</default_value>
              <values>No
NA</values>
            </attribute>
            <attribute>
              <name>Confidence Level</name>
              <mutable>False</mutable>
              <input_type>select</input_type>
              <default_value>3</default_value>
              <values>3
2
1</values>
            </attribute>
            <attribute>
              <name>Injury</name>
              <mutable>False</mutable>
              <input_type>select</input_type>
              <default_value>No</default_value>
              <values>No
Yes
NA</values>
            </attribute>
            <attribute>
              <name>Notes</name>
              <mutable>False</mutable>
              <input_type>text</input_type>
              <default_value>NA</default_value>
              <values>NA</values>
            </attribute>
            <attribute>
              <name>Sex</name>
              <mutable>False</mutable>
              <input_type>select</input_type>
              <default_value>NA</default_value>
              <values>NA</values>
            </attribute>
          </attributes>
        </label>
        <label>
          <name>Chum</name>
          <color>#b83df5</color>
          <attributes>
            <attribute>
              <name>Adipose Clipped</name>
              <mutable>False</mutable>
              <input_type>select</input_type>
              <default_value>No</default_value>
              <values>No
Yes
NA</values>
            </attribute>
            <attribute>
              <name>Confidence Level</name>
              <mutable>False</mutable>
              <input_type>select</input_type>
              <default_value>3</default_value>
              <values>3
2
1</values>
            </attribute>
            <attribute>
              <name>Injury</name>
              <mutable>False</mutable>
              <input_type>select</input_type>
              <default_value>No</default_value>
              <values>No
Yes
NA</values>
            </attribute>
            <attribute>
              <name>Notes</name>
              <mutable>False</mutable>
              <input_type>text</input_type>
              <default_value>NA</default_value>
              <values>NA</values>
            </attribute>
            <attribute>
              <name>Sex</name>
              <mutable>False</mutable>
              <input_type>select</input_type>
              <default_value>Male</default_value>
              <values>Male
Female</values>
            </attribute>
          </attributes>
        </label>
        <label>
          <name>Whitefish</name>
          <color>#e2f1ee</color>
          <attributes>
            <attribute>
              <name>Sex</name>
              <mutable>False</mutable>
              <input_type>select</input_type>
              <default_value>NA</default_value>
              <values>NA</values>
            </attribute>
            <attribute>
              <name>Adipose Clipped</name>
              <mutable>False</mutable>
              <input_type>select</input_type>
              <default_value>No</default_value>
              <values>No
Yes
NA</values>
            </attribute>
            <attribute>
              <name>Confidence Level</name>
              <mutable>False</mutable>
              <input_type>select</input_type>
              <default_value>3</default_value>
              <values>3
2
1</values>
            </attribute>
            <attribute>
              <name>Injury</name>
              <mutable>False</mutable>
              <input_type>select</input_type>
              <default_value>No</default_value>
              <values>No
Yes
NA</values>
            </attribute>
            <attribute>
              <name>Notes</name>
              <mutable>False</mutable>
              <input_type>text</input_type>
              <default_value>NA</default_value>
              <values>NA</values>
            </attribute>
          </attributes>
        </label>
        <label>
          <name>Pink</name>
          <color>#fa32b7</color>
          <attributes>
            <attribute>
              <name>Adipose Clipped</name>
              <mutable>False</mutable>
              <input_type>select</input_type>
              <default_value>No</default_value>
              <values>No
Yes
NA</values>
            </attribute>
            <attribute>
              <name>Confidence level</name>
              <mutable>False</mutable>
              <input_type>select</input_type>
              <default_value>3</default_value>
              <values>3
2
1</values>
            </attribute>
            <attribute>
              <name>Injury</name>
              <mutable>False</mutable>
              <input_type>select</input_type>
              <default_value>No</default_value>
              <values>No
Yes
NA</values>
            </attribute>
            <attribute>
              <name>Notes</name>
              <mutable>False</mutable>
              <input_type>text</input_type>
              <default_value>NA</default_value>
              <values>NA</values>
            </attribute>
            <attribute>
              <name>Sex</name>
              <mutable>False</mutable>
              <input_type>select</input_type>
              <default_value>Male</default_value>
              <values>Male
Female</values>
            </attribute>
          </attributes>
        </label>
        <label>
          <name>Steelhead</name>
          <color>#aaf0d1</color>
          <attributes>
            <attribute>
              <name>Adipose Clipped</name>
              <mutable>False</mutable>
              <input_type>select</input_type>
              <default_value>No</default_value>
              <values>No
Yes
NA</values>
            </attribute>
            <attribute>
              <name>Confidence Level</name>
              <mutable>False</mutable>
              <input_type>select</input_type>
              <default_value>3</default_value>
              <values>3
2
1</values>
            </attribute>
            <attribute>
              <name>Injury</name>
              <mutable>False</mutable>
              <input_type>select</input_type>
              <default_value>No</default_value>
              <values>No
Yes
NA</values>
            </attribute>
            <attribute>
              <name>Notes</name>
              <mutable>False</mutable>
              <input_type>text</input_type>
              <default_value>NA</default_value>
              <values>NA</values>
            </attribute>
            <attribute>
              <name>Sex</name>
              <mutable>False</mutable>
              <input_type>select</input_type>
              <default_value>Male</default_value>
              <values>Male
Female</values>
            </attribute>
          </attributes>
        </label>
        <label>
          <name>Chinook</name>
          <color>#c0102d</color>
          <attributes>
            <attribute>
              <name>Injury</name>
              <mutable>False</mutable>
              <input_type>select</input_type>
              <default_value>No</default_value>
              <values>No
Yes
NA</values>
            </attribute>
            <attribute>
              <name>Notes</name>
              <mutable>False</mutable>
              <input_type>text</input_type>
              <default_value>NA</default_value>
              <values>NA</values>
            </attribute>
            <attribute>
              <name>Sex</name>
              <mutable>False</mutable>
              <input_type>select</input_type>
              <default_value>Male</default_value>
              <values>Male
Female
Jack</values>
            </attribute>
            <attribute>
              <name>Adipose Clipped</name>
              <mutable>False</mutable>
              <input_type>select</input_type>
              <default_value>No</default_value>
              <values>No
Yes
NA</values>
            </attribute>
            <attribute>
              <name>Confidence Level</name>
              <mutable>False</mutable>
              <input_type>select</input_type>
              <default_value>3</default_value>
              <values>3
2
1</values>
            </attribute>
          </attributes>
        </label>
        <label>
          <name>Sockeye</name>
          <color>#e2143e</color>
          <attributes>
            <attribute>
              <name>Adipose Clipped</name>
              <mutable>False</mutable>
              <input_type>select</input_type>
              <default_value>No</default_value>
              <values>No
Yes
NA</values>
            </attribute>
            <attribute>
              <name>Confidence Level</name>
              <mutable>False</mutable>
              <input_type>select</input_type>
              <default_value>3</default_value>
              <values>3
2
1</values>
            </attribute>
            <attribute>
              <name>Injury</name>
              <mutable>False</mutable>
              <input_type>select</input_type>
              <default_value>No</default_value>
              <values>No
Yes
NA</values>
            </attribute>
            <attribute>
              <name>Notes</name>
              <mutable>False</mutable>
              <input_type>text</input_type>
              <default_value>NA</default_value>
              <values>NA</values>
            </attribute>
            <attribute>
              <name>Sex</name>
              <mutable>False</mutable>
              <input_type>select</input_type>
              <default_value>Male</default_value>
              <values>Male
Female</values>
            </attribute>
          </attributes>
        </label>
        <label>
          <name>Pikeminnow</name>
          <color>#cc9933</color>
          <attributes>
            <attribute>
              <name>Confidence Level</name>
              <mutable>False</mutable>
              <input_type>select</input_type>
              <default_value>3</default_value>
              <values>3
2
1</values>
            </attribute>
            <attribute>
              <name>Notes</name>
              <mutable>False</mutable>
              <input_type>text</input_type>
              <default_value>NA</default_value>
              <values>NA</values>
            </attribute>
          </attributes>
        </label>
        <label>
          <name>Shiner</name>
          <color>#e8e83e</color>
          <attributes>
            <attribute>
              <name>Confidence Level</name>
              <mutable>False</mutable>
              <input_type>select</input_type>
              <default_value>3</default_value>
              <values>3
2
1</values>
            </attribute>
            <attribute>
              <name>Notes</name>
              <mutable>False</mutable>
              <input_type>text</input_type>
              <default_value>NA</default_value>
              <values>NA</values>
            </attribute>
          </attributes>
        </label>
        <label>
          <name>Rainbow</name>
          <color>#588fc6</color>
          <attributes>
            <attribute>
              <name>Adipose Clipped</name>
              <mutable>False</mutable>
              <input_type>select</input_type>
              <default_value>No</default_value>
              <values>No
Yes
NA</values>
            </attribute>
            <attribute>
              <name>Confidence Level</name>
              <mutable>False</mutable>
              <input_type>select</input_type>
              <default_value>3</default_value>
              <values>3
2
1</values>
            </attribute>
            <attribute>
              <name>Injury</name>
              <mutable>False</mutable>
              <input_type>select</input_type>
              <default_value>No</default_value>
              <values>No
Yes
NA</values>
            </attribute>
            <attribute>
              <name>Notes</name>
              <mutable>False</mutable>
              <input_type>select</input_type>
              <default_value>NA</default_value>
              <values>NA</values>
            </attribute>
            <attribute>
              <name>Sex</name>
              <mutable>False</mutable>
              <input_type>select</input_type>
              <default_value>NA</default_value>
              <values>NA
Juvenile</values>
            </attribute>
          </attributes>
        </label>
      </labels>
      <original_size>
        <width>1920</width>
        <height>1080</height>
      </original_size>
    </task>
    <dumped>2022-05-05 23:27:38.748164+00:00</dumped>
    <source>08-01-2021 02-29-36 M Salmon Camera.m4v</source>
  </meta>
  <track id="0" label="Chinook" source="manual">
    <box frame="0" outside="0" occluded="0" keyframe="1" xtl="1659.51" ytl="541.74" xbr="1920.00" ybr="837.25" z_order="0">
      <attribute name="Adipose Clipped">No</attribute>
      <attribute name="Confidence Level">3</attribute>
      <attribute name="Injury">No</attribute>
      <attribute name="Notes">NA</attribute>
      <attribute name="Sex">Jack</attribute>
    </box>
    <box frame="1" outside="0" occluded="0" keyframe="0" xtl="1651.50" ytl="542.58" xbr="1920.00" ybr="837.25" z_order="0">
      <attribute name="Adipose Clipped">No</attribute>
      <attribute name="Confidence Level">3</attribute>
      <attribute name="Injury">No</attribute>
      <attribute name="Notes">NA</attribute>
      <attribute name="Sex">Jack</attribute>
    </box>
    <box frame="2" outside="0" occluded="0" keyframe="0" xtl="1643.49" ytl="543.41" xbr="1920.00" ybr="837.25" z_order="0">
      <attribute name="Adipose Clipped">No</attribute>
      <attribute name="Confidence Level">3</attribute>
      <attribute name="Injury">No</attribute>
      <attribute name="Notes">NA</attribute>
      <attribute name="Sex">Jack</attribute>
    </box>
    <box frame="3" outside="0" occluded="0" keyframe="0" xtl="1635.48" ytl="544.25" xbr="1920.00" ybr="837.25" z_order="0">
      <attribute name="Adipose Clipped">No</attribute>
      <attribute name="Confidence Level">3</attribute>
      <attribute name="Injury">No</attribute>
      <attribute name="Notes">NA</attribute>
      <attribute name="Sex">Jack</attribute>
    </box>
    <box frame="4" outside="0" occluded="0" keyframe="0" xtl="1627.47" ytl="545.08" xbr="1920.00" ybr="837.25" z_order="0">
      <attribute name="Adipose Clipped">No</attribute>
      <attribute name="Confidence Level">3</attribute>
      <attribute name="Injury">No</attribute>
      <attribute name="Notes">NA</attribute>
      <attribute name="Sex">Jack</attribute>
    </box>
    <box frame="5" outside="0" occluded="0" keyframe="0" xtl="1619.46" ytl="545.92" xbr="1920.00" ybr="837.25" z_order="0">
      <attribute name="Adipose Clipped">No</attribute>
      <attribute name="Confidence Level">3</attribute>
      <attribute name="Injury">No</attribute>
      <attribute name="Notes">NA</attribute>
      <attribute name="Sex">Jack</attribute>
    </box>
    <box frame="6" outside="0" occluded="0" keyframe="0" xtl="1611.45" ytl="546.76" xbr="1920.00" ybr="837.25" z_order="0">
      <attribute name="Adipose Clipped">No</attribute>
      <attribute name="Confidence Level">3</attribute>
      <attribute name="Injury">No</attribute>
      <attribute name="Notes">NA</attribute>
      <attribute name="Sex">Jack</attribute>
    </box>
    <box frame="7" outside="0" occluded="0" keyframe="0" xtl="1603.43" ytl="547.59" xbr="1920.00" ybr="837.25" z_order="0">
      <attribute name="Adipose Clipped">No</attribute>
      <attribute name="Confidence Level">3</attribute>
      <attribute name="Injury">No</attribute>
      <attribute name="Notes">NA</attribute>
      <attribute name="Sex">Jack</attribute>
    </box>
    <box frame="8" outside="0" occluded="0" keyframe="0" xtl="1595.42" ytl="548.43" xbr="1920.00" ybr="837.25" z_order="0">
      <attribute name="Adipose Clipped">No</attribute>
      <attribute name="Confidence Level">3</attribute>
      <attribute name="Injury">No</attribute>
      <attribute name="Notes">NA</attribute>
      <attribute name="Sex">Jack</attribute>
    </box>
    <box frame="9" outside="0" occluded="0" keyframe="0" xtl="1587.41" ytl="549.26" xbr="1920.00" ybr="837.25" z_order="0">
      <attribute name="Adipose Clipped">No</attribute>
      <attribute name="Confidence Level">3</attribute>
      <attribute name="Injury">No</attribute>
      <attribute name="Notes">NA</attribute>
      <attribute name="Sex">Jack</attribute>
    </box>
    <box frame="10" outside="0" occluded="0" keyframe="1" xtl="1579.40" ytl="550.10" xbr="1920.00" ybr="837.25" z_order="0">
      <attribute name="Adipose Clipped">No</attribute>
      <attribute name="Confidence Level">3</attribute>
      <attribute name="Injury">No</attribute>
      <attribute name="Notes">NA</attribute>
      <attribute name="Sex">Jack</attribute>
    </box>
    <box frame="11" outside="0" occluded="0" keyframe="0" xtl="1574.39" ytl="550.10" xbr="1920.00" ybr="837.25" z_order="0">
      <attribute name="Adipose Clipped">No</attribute>
      <attribute name="Confidence Level">3</attribute>
      <attribute name="Injury">No</attribute>
      <attribute name="Notes">NA</attribute>
      <attribute name="Sex">Jack</attribute>
    </box>
    <box frame="12" outside="0" occluded="0" keyframe="0" xtl="1569.38" ytl="550.10" xbr="1920.00" ybr="837.25" z_order="0">
      <attribute name="Adipose Clipped">No</attribute>
      <attribute name="Confidence Level">3</attribute>
      <attribute name="Injury">No</attribute>
      <attribute name="Notes">NA</attribute>
      <attribute name="Sex">Jack</attribute>
    </box>
    <box frame="13" outside="0" occluded="0" keyframe="0" xtl="1564.37" ytl="550.10" xbr="1920.00" ybr="837.25" z_order="0">
      <attribute name="Adipose Clipped">No</attribute>
      <attribute name="Confidence Level">3</attribute>
      <attribute name="Injury">No</attribute>
      <attribute name="Notes">NA</attribute>
      <attribute name="Sex">Jack</attribute>
    </box>
    <box frame="14" outside="0" occluded="0" keyframe="0" xtl="1559.36" ytl="550.10" xbr="1920.00" ybr="837.25" z_order="0">
      <attribute name="Adipose Clipped">No</attribute>
      <attribute name="Confidence Level">3</attribute>
      <attribute name="Injury">No</attribute>
      <attribute name="Notes">NA</attribute>
      <attribute name="Sex">Jack</attribute>
    </box>
    <box frame="15" outside="0" occluded="0" keyframe="0" xtl="1554.35" ytl="550.10" xbr="1920.00" ybr="837.25" z_order="0">
      <attribute name="Adipose Clipped">No</attribute>
      <attribute name="Confidence Level">3</attribute>
      <attribute name="Injury">No</attribute>
      <attribute name="Notes">NA</attribute>
      <attribute name="Sex">Jack</attribute>
    </box>
    <box frame="16" outside="0" occluded="0" keyframe="0" xtl="1549.34" ytl="550.10" xbr="1920.00" ybr="837.25" z_order="0">
      <attribute name="Adipose Clipped">No</attribute>
      <attribute name="Confidence Level">3</attribute>
      <attribute name="Injury">No</attribute>
      <attribute name="Notes">NA</attribute>
      <attribute name="Sex">Jack</attribute>
    </box>
    <box frame="17" outside="0" occluded="0" keyframe="0" xtl="1544.33" ytl="550.10" xbr="1920.00" ybr="837.25" z_order="0">
      <attribute name="Adipose Clipped">No</attribute>
      <attribute name="Confidence Level">3</attribute>
      <attribute name="Injury">No</attribute>
      <attribute name="Notes">NA</attribute>
      <attribute name="Sex">Jack</attribute>
    </box>
    <box frame="18" outside="0" occluded="0" keyframe="0" xtl="1539.32" ytl="550.10" xbr="1920.00" ybr="837.25" z_order="0">
      <attribute name="Adipose Clipped">No</attribute>
      <attribute name="Confidence Level">3</attribute>
      <attribute name="Injury">No</attribute>
      <attribute name="Notes">NA</attribute>
      <attribute name="Sex">Jack</attribute>
    </box>
    <box frame="19" outside="0" occluded="0" keyframe="0" xtl="1534.31" ytl="550.10" xbr="1920.00" ybr="837.25" z_order="0">
      <attribute name="Adipose Clipped">No</attribute>
      <attribute name="Confidence Level">3</attribute>
      <attribute name="Injury">No</attribute>
      <attribute name="Notes">NA</attribute>
      <attribute name="Sex">Jack</attribute>
    </box>
    <box frame="20" outside="0" occluded="0" keyframe="1" xtl="1529.30" ytl="550.10" xbr="1920.00" ybr="837.25" z_order="0">
      <attribute name="Adipose Clipped">No</attribute>
      <attribute name="Confidence Level">3</attribute>
      <attribute name="Injury">No</attribute>
      <attribute name="Notes">NA</attribute>
      <attribute name="Sex">Jack</attribute>
    </box>
    <box frame="21" outside="0" occluded="0" keyframe="0" xtl="1521.79" ytl="548.93" xbr="1920.00" ybr="837.25" z_order="0">
      <attribute name="Adipose Clipped">No</attribute>
      <attribute name="Confidence Level">3</attribute>
      <attribute name="Injury">No</attribute>
      <attribute name="Notes">NA</attribute>
      <attribute name="Sex">Jack</attribute>
    </box>
    <box frame="22" outside="0" occluded="0" keyframe="0" xtl="1514.28" ytl="547.76" xbr="1920.00" ybr="837.25" z_order="0">
      <attribute name="Adipose Clipped">No</attribute>
      <attribute name="Confidence Level">3</attribute>
      <attribute name="Injury">No</attribute>
      <attribute name="Notes">NA</attribute>
      <attribute name="Sex">Jack</attribute>
    </box>
    <box frame="23" outside="0" occluded="0" keyframe="0" xtl="1506.77" ytl="546.59" xbr="1920.00" ybr="837.25" z_order="0">
      <attribute name="Adipose Clipped">No</attribute>
      <attribute name="Confidence Level">3</attribute>
      <attribute name="Injury">No</attribute>
      <attribute name="Notes">NA</attribute>
      <attribute name="Sex">Jack</attribute>
    </box>
    <box frame="24" outside="0" occluded="0" keyframe="0" xtl="1499.26" ytl="545.42" xbr="1920.00" ybr="837.25" z_order="0">
      <attribute name="Adipose Clipped">No</attribute>
      <attribute name="Confidence Level">3</attribute>
      <attribute name="Injury">No</attribute>
      <attribute name="Notes">NA</attribute>
      <attribute name="Sex">Jack</attribute>
    </box>
    <box frame="25" outside="0" occluded="0" keyframe="0" xtl="1491.75" ytl="544.25" xbr="1920.00" ybr="837.25" z_order="0">
      <attribute name="Adipose Clipped">No</attribute>
      <attribute name="Confidence Level">3</attribute>
      <attribute name="Injury">No</attribute>
      <attribute name="Notes">NA</attribute>
      <attribute name="Sex">Jack</attribute>
    </box>
    <box frame="26" outside="0" occluded="0" keyframe="0" xtl="1484.24" ytl="543.08" xbr="1920.00" ybr="837.25" z_order="0">
      <attribute name="Adipose Clipped">No</attribute>
      <attribute name="Confidence Level">3</attribute>
      <attribute name="Injury">No</attribute>
      <attribute name="Notes">NA</attribute>
      <attribute name="Sex">Jack</attribute>
    </box>
    <box frame="27" outside="0" occluded="0" keyframe="0" xtl="1476.73" ytl="541.91" xbr="1920.00" ybr="837.25" z_order="0">
      <attribute name="Adipose Clipped">No</attribute>
      <attribute name="Confidence Level">3</attribute>
      <attribute name="Injury">No</attribute>
      <attribute name="Notes">NA</attribute>
      <attribute name="Sex">Jack</attribute>
    </box>
    <box frame="28" outside="0" occluded="0" keyframe="0" xtl="1469.22" ytl="540.74" xbr="1920.00" ybr="837.25" z_order="0">
      <attribute name="Adipose Clipped">No</attribute>
      <attribute name="Confidence Level">3</attribute>
      <attribute name="Injury">No</attribute>
      <attribute name="Notes">NA</attribute>
      <attribute name="Sex">Jack</attribute>
    </box>
    <box frame="29" outside="0" occluded="0" keyframe="0" xtl="1461.71" ytl="539.57" xbr="1920.00" ybr="837.25" z_order="0">
      <attribute name="Adipose Clipped">No</attribute>
      <attribute name="Confidence Level">3</attribute>
      <attribute name="Injury">No</attribute>
      <attribute name="Notes">NA</attribute>
      <attribute name="Sex">Jack</attribute>
    </box>
    <box frame="30" outside="0" occluded="0" keyframe="1" xtl="1454.20" ytl="538.40" xbr="1920.00" ybr="837.25" z_order="0">
      <attribute name="Adipose Clipped">No</attribute>
      <attribute name="Confidence Level">3</attribute>
      <attribute name="Injury">No</attribute>
      <attribute name="Notes">NA</attribute>
      <attribute name="Sex">Jack</attribute>
    </box>
    <box frame="31" outside="0" occluded="0" keyframe="0" xtl="1447.19" ytl="539.90" xbr="1920.00" ybr="837.25" z_order="0">
      <attribute name="Adipose Clipped">No</attribute>
      <attribute name="Confidence Level">3</attribute>
      <attribute name="Injury">No</attribute>
      <attribute name="Notes">NA</attribute>
      <attribute name="Sex">Jack</attribute>
    </box>
    <box frame="32" outside="0" occluded="0" keyframe="0" xtl="1440.18" ytl="541.40" xbr="1920.00" ybr="837.25" z_order="0">
      <attribute name="Adipose Clipped">No</attribute>
      <attribute name="Confidence Level">3</attribute>
      <attribute name="Injury">No</attribute>
      <attribute name="Notes">NA</attribute>
      <attribute name="Sex">Jack</attribute>
    </box>
    <box frame="33" outside="0" occluded="0" keyframe="0" xtl="1433.17" ytl="542.90" xbr="1920.00" ybr="837.25" z_order="0">
      <attribute name="Adipose Clipped">No</attribute>
      <attribute name="Confidence Level">3</attribute>
      <attribute name="Injury">No</attribute>
      <attribute name="Notes">NA</attribute>
      <attribute name="Sex">Jack</attribute>
    </box>
    <box frame="34" outside="0" occluded="0" keyframe="0" xtl="1426.16" ytl="544.40" xbr="1920.00" ybr="837.25" z_order="0">
      <attribute name="Adipose Clipped">No</attribute>
      <attribute name="Confidence Level">3</attribute>
      <attribute name="Injury">No</attribute>
      <attribute name="Notes">NA</attribute>
      <attribute name="Sex">Jack</attribute>
    </box>
    <box frame="35" outside="0" occluded="0" keyframe="0" xtl="1419.15" ytl="545.90" xbr="1920.00" ybr="837.25" z_order="0">
      <attribute name="Adipose Clipped">No</attribute>
      <attribute name="Confidence Level">3</attribute>
      <attribute name="Injury">No</attribute>
      <attribute name="Notes">NA</attribute>
      <attribute name="Sex">Jack</attribute>
    </box>
    <box frame="36" outside="0" occluded="0" keyframe="0" xtl="1412.14" ytl="547.40" xbr="1920.00" ybr="837.25" z_order="0">
      <attribute name="Adipose Clipped">No</attribute>
      <attribute name="Confidence Level">3</attribute>
      <attribute name="Injury">No</attribute>
      <attribute name="Notes">NA</attribute>
      <attribute name="Sex">Jack</attribute>
    </box>
    <box frame="37" outside="0" occluded="0" keyframe="0" xtl="1405.13" ytl="548.90" xbr="1920.00" ybr="837.25" z_order="0">
      <attribute name="Adipose Clipped">No</attribute>
      <attribute name="Confidence Level">3</attribute>
      <attribute name="Injury">No</attribute>
      <attribute name="Notes">NA</attribute>
      <attribute name="Sex">Jack</attribute>
    </box>
    <box frame="38" outside="0" occluded="0" keyframe="0" xtl="1398.12" ytl="550.40" xbr="1920.00" ybr="837.25" z_order="0">
      <attribute name="Adipose Clipped">No</attribute>
      <attribute name="Confidence Level">3</attribute>
      <attribute name="Injury">No</attribute>
      <attribute name="Notes">NA</attribute>
      <attribute name="Sex">Jack</attribute>
    </box>
    <box frame="39" outside="0" occluded="0" keyframe="0" xtl="1391.11" ytl="551.90" xbr="1920.00" ybr="837.25" z_order="0">
      <attribute name="Adipose Clipped">No</attribute>
      <attribute name="Confidence Level">3</attribute>
      <attribute name="Injury">No</attribute>
      <attribute name="Notes">NA</attribute>
      <attribute name="Sex">Jack</attribute>
    </box>
    <box frame="40" outside="0" occluded="0" keyframe="1" xtl="1384.10" ytl="553.40" xbr="1920.00" ybr="837.25" z_order="0">
      <attribute name="Adipose Clipped">No</attribute>
      <attribute name="Confidence Level">3</attribute>
      <attribute name="Injury">No</attribute>
      <attribute name="Notes">NA</attribute>
      <attribute name="Sex">Jack</attribute>
    </box>
    <box frame="41" outside="0" occluded="0" keyframe="0" xtl="1364.73" ytl="550.73" xbr="1920.00" ybr="837.25" z_order="0">
      <attribute name="Adipose Clipped">No</attribute>
      <attribute name="Confidence Level">3</attribute>
      <attribute name="Injury">No</attribute>
      <attribute name="Notes">NA</attribute>
      <attribute name="Sex">Jack</attribute>
    </box>
    <box frame="42" outside="0" occluded="0" keyframe="0" xtl="1345.36" ytl="548.06" xbr="1920.00" ybr="837.25" z_order="0">
      <attribute name="Adipose Clipped">No</attribute>
      <attribute name="Confidence Level">3</attribute>
      <attribute name="Injury">No</attribute>
      <attribute name="Notes">NA</attribute>
      <attribute name="Sex">Jack</attribute>
    </box>
    <box frame="43" outside="0" occluded="0" keyframe="0" xtl="1325.99" ytl="545.39" xbr="1920.00" ybr="837.25" z_order="0">
      <attribute name="Adipose Clipped">No</attribute>
      <attribute name="Confidence Level">3</attribute>
      <attribute name="Injury">No</attribute>
      <attribute name="Notes">NA</attribute>
      <attribute name="Sex">Jack</attribute>
    </box>
    <box frame="44" outside="0" occluded="0" keyframe="0" xtl="1306.62" ytl="542.72" xbr="1920.00" ybr="837.25" z_order="0">
      <attribute name="Adipose Clipped">No</attribute>
      <attribute name="Confidence Level">3</attribute>
      <attribute name="Injury">No</attribute>
      <attribute name="Notes">NA</attribute>
      <attribute name="Sex">Jack</attribute>
    </box>
    <box frame="45" outside="0" occluded="0" keyframe="0" xtl="1287.25" ytl="540.05" xbr="1920.00" ybr="837.25" z_order="0">
      <attribute name="Adipose Clipped">No</attribute>
      <attribute name="Confidence Level">3</attribute>
      <attribute name="Injury">No</attribute>
      <attribute name="Notes">NA</attribute>
      <attribute name="Sex">Jack</attribute>
    </box>
    <box frame="46" outside="0" occluded="0" keyframe="0" xtl="1267.88" ytl="537.38" xbr="1920.00" ybr="837.25" z_order="0">
      <attribute name="Adipose Clipped">No</attribute>
      <attribute name="Confidence Level">3</attribute>
      <attribute name="Injury">No</attribute>
      <attribute name="Notes">NA</attribute>
      <attribute name="Sex">Jack</attribute>
    </box>
    <box frame="47" outside="0" occluded="0" keyframe="0" xtl="1248.51" ytl="534.71" xbr="1920.00" ybr="837.25" z_order="0">
      <attribute name="Adipose Clipped">No</attribute>
      <attribute name="Confidence Level">3</attribute>
      <attribute name="Injury">No</attribute>
      <attribute name="Notes">NA</attribute>
      <attribute name="Sex">Jack</attribute>
    </box>
    <box frame="48" outside="0" occluded="0" keyframe="0" xtl="1229.14" ytl="532.04" xbr="1920.00" ybr="837.25" z_order="0">
      <attribute name="Adipose Clipped">No</attribute>
      <attribute name="Confidence Level">3</attribute>
      <attribute name="Injury">No</attribute>
      <attribute name="Notes">NA</attribute>
      <attribute name="Sex">Jack</attribute>
    </box>
    <box frame="49" outside="0" occluded="0" keyframe="0" xtl="1209.77" ytl="529.37" xbr="1920.00" ybr="837.25" z_order="0">
      <attribute name="Adipose Clipped">No</attribute>
      <attribute name="Confidence Level">3</attribute>
      <attribute name="Injury">No</attribute>
      <attribute name="Notes">NA</attribute>
      <attribute name="Sex">Jack</attribute>
    </box>
    <box frame="50" outside="0" occluded="0" keyframe="1" xtl="1190.40" ytl="526.70" xbr="1920.00" ybr="837.25" z_order="0">
      <attribute name="Adipose Clipped">No</attribute>
      <attribute name="Confidence Level">3</attribute>
      <attribute name="Injury">No</attribute>
      <attribute name="Notes">NA</attribute>
      <attribute name="Sex">Jack</attribute>
    </box>
    <box frame="51" outside="0" occluded="0" keyframe="0" xtl="1155.17" ytl="525.87" xbr="1920.00" ybr="837.25" z_order="0">
      <attribute name="Adipose Clipped">No</attribute>
      <attribute name="Confidence Level">3</attribute>
      <attribute name="Injury">No</attribute>
      <attribute name="Notes">NA</attribute>
      <attribute name="Sex">Jack</attribute>
    </box>
    <box frame="52" outside="0" occluded="0" keyframe="0" xtl="1119.94" ytl="525.04" xbr="1920.00" ybr="837.25" z_order="0">
      <attribute name="Adipose Clipped">No</attribute>
      <attribute name="Confidence Level">3</attribute>
      <attribute name="Injury">No</attribute>
      <attribute name="Notes">NA</attribute>
      <attribute name="Sex">Jack</attribute>
    </box>
    <box frame="53" outside="0" occluded="0" keyframe="0" xtl="1084.71" ytl="524.21" xbr="1920.00" ybr="837.25" z_order="0">
      <attribute name="Adipose Clipped">No</attribute>
      <attribute name="Confidence Level">3</attribute>
      <attribute name="Injury">No</attribute>
      <attribute name="Notes">NA</attribute>
      <attribute name="Sex">Jack</attribute>
    </box>
    <box frame="54" outside="0" occluded="0" keyframe="0" xtl="1049.48" ytl="523.38" xbr="1920.00" ybr="837.25" z_order="0">
      <attribute name="Adipose Clipped">No</attribute>
      <attribute name="Confidence Level">3</attribute>
      <attribute name="Injury">No</attribute>
      <attribute name="Notes">NA</attribute>
      <attribute name="Sex">Jack</attribute>
    </box>
    <box frame="55" outside="0" occluded="0" keyframe="1" xtl="1014.25" ytl="522.55" xbr="1920.00" ybr="837.25" z_order="0">
      <attribute name="Adipose Clipped">No</attribute>
      <attribute name="Confidence Level">3</attribute>
      <attribute name="Injury">No</attribute>
      <attribute name="Notes">NA</attribute>
      <attribute name="Sex">Jack</attribute>
    </box>
    <box frame="56" outside="0" occluded="0" keyframe="1" xtl="979.02" ytl="521.72" xbr="1920.00" ybr="837.25" z_order="0">
      <attribute name="Adipose Clipped">No</attribute>
      <attribute name="Confidence Level">3</attribute>
      <attribute name="Injury">No</attribute>
      <attribute name="Notes">NA</attribute>
      <attribute name="Sex">Jack</attribute>
    </box>
    <box frame="57" outside="0" occluded="0" keyframe="0" xtl="943.79" ytl="520.89" xbr="1896.62" ybr="837.25" z_order="0">
      <attribute name="Adipose Clipped">No</attribute>
      <attribute name="Confidence Level">3</attribute>
      <attribute name="Injury">No</attribute>
      <attribute name="Notes">NA</attribute>
      <attribute name="Sex">Jack</attribute>
    </box>
    <box frame="58" outside="0" occluded="0" keyframe="0" xtl="908.56" ytl="520.06" xbr="1873.25" ybr="837.25" z_order="0">
      <attribute name="Adipose Clipped">No</attribute>
      <attribute name="Confidence Level">3</attribute>
      <attribute name="Injury">No</attribute>
      <attribute name="Notes">NA</attribute>
      <attribute name="Sex">Jack</attribute>
    </box>
    <box frame="59" outside="0" occluded="0" keyframe="0" xtl="873.33" ytl="519.23" xbr="1849.88" ybr="837.25" z_order="0">
      <attribute name="Adipose Clipped">No</attribute>
      <attribute name="Confidence Level">3</attribute>
      <attribute name="Injury">No</attribute>
      <attribute name="Notes">NA</attribute>
      <attribute name="Sex">Jack</attribute>
    </box>
    <box frame="60" outside="0" occluded="0" keyframe="1" xtl="838.10" ytl="518.40" xbr="1826.50" ybr="837.25" z_order="0">
      <attribute name="Adipose Clipped">No</attribute>
      <attribute name="Confidence Level">3</attribute>
      <attribute name="Injury">No</attribute>
      <attribute name="Notes">NA</attribute>
      <attribute name="Sex">Jack</attribute>
    </box>
    <box frame="61" outside="0" occluded="0" keyframe="0" xtl="793.69" ytl="517.40" xbr="1796.11" ybr="838.26" z_order="0">
      <attribute name="Adipose Clipped">No</attribute>
      <attribute name="Confidence Level">3</attribute>
      <attribute name="Injury">No</attribute>
      <attribute name="Notes">NA</attribute>
      <attribute name="Sex">Jack</attribute>
    </box>
    <box frame="62" outside="0" occluded="0" keyframe="0" xtl="749.28" ytl="516.40" xbr="1765.73" ybr="839.26" z_order="0">
      <attribute name="Adipose Clipped">No</attribute>
      <attribute name="Confidence Level">3</attribute>
      <attribute name="Injury">No</attribute>
      <attribute name="Notes">NA</attribute>
      <attribute name="Sex">Jack</attribute>
    </box>
    <box frame="63" outside="0" occluded="0" keyframe="0" xtl="704.87" ytl="515.40" xbr="1735.34" ybr="840.26" z_order="0">
      <attribute name="Adipose Clipped">No</attribute>
      <attribute name="Confidence Level">3</attribute>
      <attribute name="Injury">No</attribute>
      <attribute name="Notes">NA</attribute>
      <attribute name="Sex">Jack</attribute>
    </box>
    <box frame="64" outside="0" occluded="0" keyframe="0" xtl="660.46" ytl="514.40" xbr="1704.96" ybr="841.26" z_order="0">
      <attribute name="Adipose Clipped">No</attribute>
      <attribute name="Confidence Level">3</attribute>
      <attribute name="Injury">No</attribute>
      <attribute name="Notes">NA</attribute>
      <attribute name="Sex">Jack</attribute>
    </box>
    <box frame="65" outside="0" occluded="0" keyframe="0" xtl="616.05" ytl="513.40" xbr="1674.57" ybr="842.26" z_order="0">
      <attribute name="Adipose Clipped">No</attribute>
      <attribute name="Confidence Level">3</attribute>
      <attribute name="Injury">No</attribute>
      <attribute name="Notes">NA</attribute>
      <attribute name="Sex">Jack</attribute>
    </box>
    <box frame="66" outside="0" occluded="0" keyframe="0" xtl="571.64" ytl="512.40" xbr="1644.18" ybr="843.26" z_order="0">
      <attribute name="Adipose Clipped">No</attribute>
      <attribute name="Confidence Level">3</attribute>
      <attribute name="Injury">No</attribute>
      <attribute name="Notes">NA</attribute>
      <attribute name="Sex">Jack</attribute>
    </box>
    <box frame="67" outside="0" occluded="0" keyframe="0" xtl="527.23" ytl="511.40" xbr="1613.80" ybr="844.27" z_order="0">
      <attribute name="Adipose Clipped">No</attribute>
      <attribute name="Confidence Level">3</attribute>
      <attribute name="Injury">No</attribute>
      <attribute name="Notes">NA</attribute>
      <attribute name="Sex">Jack</attribute>
    </box>
    <box frame="68" outside="0" occluded="0" keyframe="0" xtl="482.82" ytl="510.40" xbr="1583.41" ybr="845.27" z_order="0">
      <attribute name="Adipose Clipped">No</attribute>
      <attribute name="Confidence Level">3</attribute>
      <attribute name="Injury">No</attribute>
      <attribute name="Notes">NA</attribute>
      <attribute name="Sex">Jack</attribute>
    </box>
    <box frame="69" outside="0" occluded="0" keyframe="0" xtl="438.41" ytl="509.40" xbr="1553.03" ybr="846.27" z_order="0">
      <attribute name="Adipose Clipped">No</attribute>
      <attribute name="Confidence Level">3</attribute>
      <attribute name="Injury">No</attribute>
      <attribute name="Notes">NA</attribute>
      <attribute name="Sex">Jack</attribute>
    </box>
    <box frame="70" outside="0" occluded="0" keyframe="1" xtl="394.00" ytl="508.40" xbr="1522.64" ybr="847.27" z_order="0">
      <attribute name="Adipose Clipped">No</attribute>
      <attribute name="Confidence Level">3</attribute>
      <attribute name="Injury">No</attribute>
      <attribute name="Notes">NA</attribute>
      <attribute name="Sex">Jack</attribute>
    </box>
    <box frame="71" outside="0" occluded="0" keyframe="0" xtl="357.60" ytl="514.74" xbr="1486.24" ybr="853.61" z_order="0">
      <attribute name="Adipose Clipped">No</attribute>
      <attribute name="Confidence Level">3</attribute>
      <attribute name="Injury">No</attribute>
      <attribute name="Notes">NA</attribute>
      <attribute name="Sex">Jack</attribute>
    </box>
    <box frame="72" outside="0" occluded="0" keyframe="0" xtl="321.21" ytl="521.09" xbr="1449.85" ybr="859.96" z_order="0">
      <attribute name="Adipose Clipped">No</attribute>
      <attribute name="Confidence Level">3</attribute>
      <attribute name="Injury">No</attribute>
      <attribute name="Notes">NA</attribute>
      <attribute name="Sex">Jack</attribute>
    </box>
    <box frame="73" outside="0" occluded="0" keyframe="0" xtl="284.81" ytl="527.43" xbr="1413.45" ybr="866.30" z_order="0">
      <attribute name="Adipose Clipped">No</attribute>
      <attribute name="Confidence Level">3</attribute>
      <attribute name="Injury">No</attribute>
      <attribute name="Notes">NA</attribute>
      <attribute name="Sex">Jack</attribute>
    </box>
    <box frame="74" outside="0" occluded="0" keyframe="0" xtl="248.41" ytl="533.78" xbr="1377.05" ybr="872.65" z_order="0">
      <attribute name="Adipose Clipped">No</attribute>
      <attribute name="Confidence Level">3</attribute>
      <attribute name="Injury">No</attribute>
      <attribute name="Notes">NA</attribute>
      <attribute name="Sex">Jack</attribute>
    </box>
    <box frame="75" outside="0" occluded="0" keyframe="1" xtl="212.02" ytl="540.12" xbr="1340.66" ybr="878.99" z_order="0">
      <attribute name="Adipose Clipped">No</attribute>
      <attribute name="Confidence Level">3</attribute>
      <attribute name="Injury">No</attribute>
      <attribute name="Notes">NA</attribute>
      <attribute name="Sex">Jack</attribute>
    </box>
    <box frame="76" outside="0" occluded="0" keyframe="0" xtl="177.96" ytl="537.12" xbr="1306.60" ybr="875.99" z_order="0">
      <attribute name="Adipose Clipped">No</attribute>
      <attribute name="Confidence Level">3</attribute>
      <attribute name="Injury">No</attribute>
      <attribute name="Notes">NA</attribute>
      <attribute name="Sex">Jack</attribute>
    </box>
    <box frame="77" outside="0" occluded="0" keyframe="0" xtl="143.90" ytl="534.11" xbr="1272.54" ybr="872.98" z_order="0">
      <attribute name="Adipose Clipped">No</attribute>
      <attribute name="Confidence Level">3</attribute>
      <attribute name="Injury">No</attribute>
      <attribute name="Notes">NA</attribute>
      <attribute name="Sex">Jack</attribute>
    </box>
    <box frame="78" outside="0" occluded="0" keyframe="0" xtl="109.84" ytl="531.11" xbr="1238.48" ybr="869.98" z_order="0">
      <attribute name="Adipose Clipped">No</attribute>
      <attribute name="Confidence Level">3</attribute>
      <attribute name="Injury">No</attribute>
      <attribute name="Notes">NA</attribute>
      <attribute name="Sex">Jack</attribute>
    </box>
    <box frame="79" outside="0" occluded="0" keyframe="0" xtl="75.78" ytl="528.10" xbr="1204.42" ybr="866.97" z_order="0">
      <attribute name="Adipose Clipped">No</attribute>
      <attribute name="Confidence Level">3</attribute>
      <attribute name="Injury">No</attribute>
      <attribute name="Notes">NA</attribute>
      <attribute name="Sex">Jack</attribute>
    </box>
    <box frame="80" outside="0" occluded="0" keyframe="1" xtl="41.72" ytl="525.10" xbr="1170.36" ybr="863.97" z_order="0">
      <attribute name="Adipose Clipped">No</attribute>
      <attribute name="Confidence Level">3</attribute>
      <attribute name="Injury">No</attribute>
      <attribute name="Notes">NA</attribute>
      <attribute name="Sex">Jack</attribute>
    </box>
    <box frame="81" outside="0" occluded="0" keyframe="0" xtl="33.38" ytl="525.43" xbr="1129.62" ybr="864.30" z_order="0">
      <attribute name="Adipose Clipped">No</attribute>
      <attribute name="Confidence Level">3</attribute>
      <attribute name="Injury">No</attribute>
      <attribute name="Notes">NA</attribute>
      <attribute name="Sex">Jack</attribute>
    </box>
    <box frame="82" outside="0" occluded="0" keyframe="0" xtl="25.03" ytl="525.76" xbr="1088.89" ybr="864.63" z_order="0">
      <attribute name="Adipose Clipped">No</attribute>
      <attribute name="Confidence Level">3</attribute>
      <attribute name="Injury">No</attribute>
      <attribute name="Notes">NA</attribute>
      <attribute name="Sex">Jack</attribute>
    </box>
    <box frame="83" outside="0" occluded="0" keyframe="0" xtl="16.69" ytl="526.10" xbr="1048.15" ybr="864.97" z_order="0">
      <attribute name="Adipose Clipped">No</attribute>
      <attribute name="Confidence Level">3</attribute>
      <attribute name="Injury">No</attribute>
      <attribute name="Notes">NA</attribute>
      <attribute name="Sex">Jack</attribute>
    </box>
    <box frame="84" outside="0" occluded="0" keyframe="0" xtl="8.34" ytl="526.43" xbr="1007.41" ybr="865.30" z_order="0">
      <attribute name="Adipose Clipped">No</attribute>
      <attribute name="Confidence Level">3</attribute>
      <attribute name="Injury">No</attribute>
      <attribute name="Notes">NA</attribute>
      <attribute name="Sex">Jack</attribute>
    </box>
    <box frame="85" outside="0" occluded="0" keyframe="1" xtl="0.00" ytl="526.77" xbr="966.67" ybr="865.64" z_order="0">
      <attribute name="Adipose Clipped">No</attribute>
      <attribute name="Confidence Level">3</attribute>
      <attribute name="Injury">No</attribute>
      <attribute name="Notes">NA</attribute>
      <attribute name="Sex">Jack</attribute>
    </box>
    <box frame="86" outside="0" occluded="0" keyframe="0" xtl="0.00" ytl="523.76" xbr="943.30" ybr="862.63" z_order="0">
      <attribute name="Adipose Clipped">No</attribute>
      <attribute name="Confidence Level">3</attribute>
      <attribute name="Injury">No</attribute>
      <attribute name="Notes">NA</attribute>
      <attribute name="Sex">Jack</attribute>
    </box>
    <box frame="87" outside="0" occluded="0" keyframe="0" xtl="0.00" ytl="520.76" xbr="919.93" ybr="859.63" z_order="0">
      <attribute name="Adipose Clipped">No</attribute>
      <attribute name="Confidence Level">3</attribute>
      <attribute name="Injury">No</attribute>
      <attribute name="Notes">NA</attribute>
      <attribute name="Sex">Jack</attribute>
    </box>
    <box frame="88" outside="0" occluded="0" keyframe="0" xtl="0.00" ytl="517.75" xbr="896.55" ybr="856.62" z_order="0">
      <attribute name="Adipose Clipped">No</attribute>
      <attribute name="Confidence Level">3</attribute>
      <attribute name="Injury">No</attribute>
      <attribute name="Notes">NA</attribute>
      <attribute name="Sex">Jack</attribute>
    </box>
    <box frame="89" outside="0" occluded="0" keyframe="0" xtl="0.00" ytl="514.74" xbr="873.18" ybr="853.62" z_order="0">
      <attribute name="Adipose Clipped">No</attribute>
      <attribute name="Confidence Level">3</attribute>
      <attribute name="Injury">No</attribute>
      <attribute name="Notes">NA</attribute>
      <attribute name="Sex">Jack</attribute>
    </box>
    <box frame="90" outside="0" occluded="1" keyframe="1" xtl="0.00" ytl="511.74" xbr="849.80" ybr="850.61" z_order="0">
      <attribute name="Adipose Clipped">No</attribute>
      <attribute name="Confidence Level">3</attribute>
      <attribute name="Injury">No</attribute>
      <attribute name="Notes">NA</attribute>
      <attribute name="Sex">Jack</attribute>
    </box>
    <box frame="91" outside="0" occluded="1" keyframe="0" xtl="0.00" ytl="512.91" xbr="837.45" ybr="851.78" z_order="0">
      <attribute name="Adipose Clipped">No</attribute>
      <attribute name="Confidence Level">3</attribute>
      <attribute name="Injury">No</attribute>
      <attribute name="Notes">NA</attribute>
      <attribute name="Sex">Jack</attribute>
    </box>
    <box frame="92" outside="0" occluded="1" keyframe="0" xtl="0.00" ytl="514.08" xbr="825.10" ybr="852.95" z_order="0">
      <attribute name="Adipose Clipped">No</attribute>
      <attribute name="Confidence Level">3</attribute>
      <attribute name="Injury">No</attribute>
      <attribute name="Notes">NA</attribute>
      <attribute name="Sex">Jack</attribute>
    </box>
    <box frame="93" outside="0" occluded="1" keyframe="0" xtl="0.00" ytl="515.25" xbr="812.74" ybr="854.12" z_order="0">
      <attribute name="Adipose Clipped">No</attribute>
      <attribute name="Confidence Level">3</attribute>
      <attribute name="Injury">No</attribute>
      <attribute name="Notes">NA</attribute>
      <attribute name="Sex">Jack</attribute>
    </box>
    <box frame="94" outside="0" occluded="1" keyframe="0" xtl="0.00" ytl="516.41" xbr="800.39" ybr="855.28" z_order="0">
      <attribute name="Adipose Clipped">No</attribute>
      <attribute name="Confidence Level">3</attribute>
      <attribute name="Injury">No</attribute>
      <attribute name="Notes">NA</attribute>
      <attribute name="Sex">Jack</attribute>
    </box>
    <box frame="95" outside="0" occluded="1" keyframe="0" xtl="0.00" ytl="517.58" xbr="788.03" ybr="856.45" z_order="0">
      <attribute name="Adipose Clipped">No</attribute>
      <attribute name="Confidence Level">3</attribute>
      <attribute name="Injury">No</attribute>
      <attribute name="Notes">NA</attribute>
      <attribute name="Sex">Jack</attribute>
    </box>
    <box frame="96" outside="0" occluded="1" keyframe="0" xtl="0.00" ytl="518.75" xbr="775.68" ybr="857.62" z_order="0">
      <attribute name="Adipose Clipped">No</attribute>
      <attribute name="Confidence Level">3</attribute>
      <attribute name="Injury">No</attribute>
      <attribute name="Notes">NA</attribute>
      <attribute name="Sex">Jack</attribute>
    </box>
    <box frame="97" outside="0" occluded="1" keyframe="0" xtl="0.00" ytl="519.92" xbr="763.32" ybr="858.79" z_order="0">
      <attribute name="Adipose Clipped">No</attribute>
      <attribute name="Confidence Level">3</attribute>
      <attribute name="Injury">No</attribute>
      <attribute name="Notes">NA</attribute>
      <attribute name="Sex">Jack</attribute>
    </box>
    <box frame="98" outside="0" occluded="1" keyframe="0" xtl="0.00" ytl="521.09" xbr="750.97" ybr="859.96" z_order="0">
      <attribute name="Adipose Clipped">No</attribute>
      <attribute name="Confidence Level">3</attribute>
      <attribute name="Injury">No</attribute>
      <attribute name="Notes">NA</attribute>
      <attribute name="Sex">Jack</attribute>
    </box>
    <box frame="99" outside="0" occluded="1" keyframe="0" xtl="0.00" ytl="522.26" xbr="738.61" ybr="861.13" z_order="0">
      <attribute name="Adipose Clipped">No</attribute>
      <attribute name="Confidence Level">3</attribute>
      <attribute name="Injury">No</attribute>
      <attribute name="Notes">NA</attribute>
      <attribute name="Sex">Jack</attribute>
    </box>
    <box frame="100" outside="0" occluded="1" keyframe="1" xtl="0.00" ytl="523.43" xbr="726.26" ybr="862.30" z_order="0">
      <attribute name="Adipose Clipped">No</attribute>
      <attribute name="Confidence Level">3</attribute>
      <attribute name="Injury">No</attribute>
      <attribute name="Notes">NA</attribute>
      <attribute name="Sex">Jack</attribute>
    </box>
    <box frame="101" outside="0" occluded="1" keyframe="0" xtl="0.00" ytl="523.76" xbr="722.83" ybr="862.63" z_order="0">
      <attribute name="Adipose Clipped">No</attribute>
      <attribute name="Confidence Level">3</attribute>
      <attribute name="Injury">No</attribute>
      <attribute name="Notes">NA</attribute>
      <attribute name="Sex">Jack</attribute>
    </box>
    <box frame="102" outside="0" occluded="1" keyframe="0" xtl="0.00" ytl="524.09" xbr="719.41" ybr="862.96" z_order="0">
      <attribute name="Adipose Clipped">No</attribute>
      <attribute name="Confidence Level">3</attribute>
      <attribute name="Injury">No</attribute>
      <attribute name="Notes">NA</attribute>
      <attribute name="Sex">Jack</attribute>
    </box>
    <box frame="103" outside="0" occluded="1" keyframe="0" xtl="0.00" ytl="524.43" xbr="715.99" ybr="863.30" z_order="0">
      <attribute name="Adipose Clipped">No</attribute>
      <attribute name="Confidence Level">3</attribute>
      <attribute name="Injury">No</attribute>
      <attribute name="Notes">NA</attribute>
      <attribute name="Sex">Jack</attribute>
    </box>
    <box frame="104" outside="0" occluded="1" keyframe="0" xtl="0.00" ytl="524.76" xbr="712.57" ybr="863.63" z_order="0">
      <attribute name="Adipose Clipped">No</attribute>
      <attribute name="Confidence Level">3</attribute>
      <attribute name="Injury">No</attribute>
      <attribute name="Notes">NA</attribute>
      <attribute name="Sex">Jack</attribute>
    </box>
    <box frame="105" outside="0" occluded="1" keyframe="0" xtl="0.00" ytl="525.10" xbr="709.14" ybr="863.97" z_order="0">
      <attribute name="Adipose Clipped">No</attribute>
      <attribute name="Confidence Level">3</attribute>
      <attribute name="Injury">No</attribute>
      <attribute name="Notes">NA</attribute>
      <attribute name="Sex">Jack</attribute>
    </box>
    <box frame="106" outside="0" occluded="1" keyframe="0" xtl="0.00" ytl="525.43" xbr="705.72" ybr="864.30" z_order="0">
      <attribute name="Adipose Clipped">No</attribute>
      <attribute name="Confidence Level">3</attribute>
      <attribute name="Injury">No</attribute>
      <attribute name="Notes">NA</attribute>
      <attribute name="Sex">Jack</attribute>
    </box>
    <box frame="107" outside="0" occluded="1" keyframe="0" xtl="0.00" ytl="525.76" xbr="702.30" ybr="864.63" z_order="0">
      <attribute name="Adipose Clipped">No</attribute>
      <attribute name="Confidence Level">3</attribute>
      <attribute name="Injury">No</attribute>
      <attribute name="Notes">NA</attribute>
      <attribute name="Sex">Jack</attribute>
    </box>
    <box frame="108" outside="0" occluded="1" keyframe="0" xtl="0.00" ytl="526.10" xbr="698.88" ybr="864.97" z_order="0">
      <attribute name="Adipose Clipped">No</attribute>
      <attribute name="Confidence Level">3</attribute>
      <attribute name="Injury">No</attribute>
      <attribute name="Notes">NA</attribute>
      <attribute name="Sex">Jack</attribute>
    </box>
    <box frame="109" outside="0" occluded="1" keyframe="0" xtl="0.00" ytl="526.43" xbr="695.45" ybr="865.30" z_order="0">
      <attribute name="Adipose Clipped">No</attribute>
      <attribute name="Confidence Level">3</attribute>
      <attribute name="Injury">No</attribute>
      <attribute name="Notes">NA</attribute>
      <attribute name="Sex">Jack</attribute>
    </box>
    <box frame="110" outside="0" occluded="1" keyframe="0" xtl="0.00" ytl="526.77" xbr="692.03" ybr="865.64" z_order="0">
      <attribute name="Adipose Clipped">No</attribute>
      <attribute name="Confidence Level">3</attribute>
      <attribute name="Injury">No</attribute>
      <attribute name="Notes">NA</attribute>
      <attribute name="Sex">Jack</attribute>
    </box>
    <box frame="111" outside="0" occluded="1" keyframe="0" xtl="0.00" ytl="527.10" xbr="688.61" ybr="865.97" z_order="0">
      <attribute name="Adipose Clipped">No</attribute>
      <attribute name="Confidence Level">3</attribute>
      <attribute name="Injury">No</attribute>
      <attribute name="Notes">NA</attribute>
      <attribute name="Sex">Jack</attribute>
    </box>
    <box frame="112" outside="0" occluded="1" keyframe="0" xtl="0.00" ytl="527.43" xbr="685.19" ybr="866.30" z_order="0">
      <attribute name="Adipose Clipped">No</attribute>
      <attribute name="Confidence Level">3</attribute>
      <attribute name="Injury">No</attribute>
      <attribute name="Notes">NA</attribute>
      <attribute name="Sex">Jack</attribute>
    </box>
    <box frame="113" outside="0" occluded="1" keyframe="0" xtl="0.00" ytl="527.77" xbr="681.76" ybr="866.64" z_order="0">
      <attribute name="Adipose Clipped">No</attribute>
      <attribute name="Confidence Level">3</attribute>
      <attribute name="Injury">No</attribute>
      <attribute name="Notes">NA</attribute>
      <attribute name="Sex">Jack</attribute>
    </box>
    <box frame="114" outside="0" occluded="1" keyframe="0" xtl="0.00" ytl="528.10" xbr="678.34" ybr="866.97" z_order="0">
      <attribute name="Adipose Clipped">No</attribute>
      <attribute name="Confidence Level">3</attribute>
      <attribute name="Injury">No</attribute>
      <attribute name="Notes">NA</attribute>
      <attribute name="Sex">Jack</attribute>
    </box>
    <box frame="115" outside="0" occluded="1" keyframe="0" xtl="0.00" ytl="528.43" xbr="674.92" ybr="867.31" z_order="0">
      <attribute name="Adipose Clipped">No</attribute>
      <attribute name="Confidence Level">3</attribute>
      <attribute name="Injury">No</attribute>
      <attribute name="Notes">NA</attribute>
      <attribute name="Sex">Jack</attribute>
    </box>
    <box frame="116" outside="0" occluded="1" keyframe="0" xtl="0.00" ytl="528.77" xbr="671.50" ybr="867.64" z_order="0">
      <attribute name="Adipose Clipped">No</attribute>
      <attribute name="Confidence Level">3</attribute>
      <attribute name="Injury">No</attribute>
      <attribute name="Notes">NA</attribute>
      <attribute name="Sex">Jack</attribute>
    </box>
    <box frame="117" outside="0" occluded="1" keyframe="0" xtl="0.00" ytl="529.10" xbr="668.07" ybr="867.97" z_order="0">
      <attribute name="Adipose Clipped">No</attribute>
      <attribute name="Confidence Level">3</attribute>
      <attribute name="Injury">No</attribute>
      <attribute name="Notes">NA</attribute>
      <attribute name="Sex">Jack</attribute>
    </box>
    <box frame="118" outside="0" occluded="1" keyframe="0" xtl="0.00" ytl="529.44" xbr="664.65" ybr="868.31" z_order="0">
      <attribute name="Adipose Clipped">No</attribute>
      <attribute name="Confidence Level">3</attribute>
      <attribute name="Injury">No</attribute>
      <attribute name="Notes">NA</attribute>
      <attribute name="Sex">Jack</attribute>
    </box>
    <box frame="119" outside="0" occluded="1" keyframe="0" xtl="0.00" ytl="529.77" xbr="661.23" ybr="868.64" z_order="0">
      <attribute name="Adipose Clipped">No</attribute>
      <attribute name="Confidence Level">3</attribute>
      <attribute name="Injury">No</attribute>
      <attribute name="Notes">NA</attribute>
      <attribute name="Sex">Jack</attribute>
    </box>
    <box frame="120" outside="0" occluded="1" keyframe="1" xtl="0.00" ytl="530.10" xbr="657.80" ybr="868.97" z_order="0">
      <attribute name="Adipose Clipped">No</attribute>
      <attribute name="Confidence Level">3</attribute>
      <attribute name="Injury">No</attribute>
      <attribute name="Notes">NA</attribute>
      <attribute name="Sex">Jack</attribute>
    </box>
    <box frame="121" outside="0" occluded="1" keyframe="0" xtl="0.00" ytl="528.55" xbr="641.10" ybr="870.48" z_order="0">
      <attribute name="Adipose Clipped">No</attribute>
      <attribute name="Confidence Level">3</attribute>
      <attribute name="Injury">No</attribute>
      <attribute name="Notes">NA</attribute>
      <attribute name="Sex">Jack</attribute>
    </box>
    <box frame="122" outside="0" occluded="1" keyframe="0" xtl="0.00" ytl="527.00" xbr="624.40" ybr="871.98" z_order="0">
      <attribute name="Adipose Clipped">No</attribute>
      <attribute name="Confidence Level">3</attribute>
      <attribute name="Injury">No</attribute>
      <attribute name="Notes">NA</attribute>
      <attribute name="Sex">Jack</attribute>
    </box>
    <box frame="123" outside="0" occluded="1" keyframe="0" xtl="0.00" ytl="525.45" xbr="607.70" ybr="873.48" z_order="0">
      <attribute name="Adipose Clipped">No</attribute>
      <attribute name="Confidence Level">3</attribute>
      <attribute name="Injury">No</attribute>
      <attribute name="Notes">NA</attribute>
      <attribute name="Sex">Jack</attribute>
    </box>
    <box frame="124" outside="0" occluded="1" keyframe="0" xtl="0.00" ytl="523.90" xbr="591.00" ybr="874.99" z_order="0">
      <attribute name="Adipose Clipped">No</attribute>
      <attribute name="Confidence Level">3</attribute>
      <attribute name="Injury">No</attribute>
      <attribute name="Notes">NA</attribute>
      <attribute name="Sex">Jack</attribute>
    </box>
    <box frame="125" outside="0" occluded="1" keyframe="0" xtl="0.00" ytl="522.35" xbr="574.30" ybr="876.49" z_order="0">
      <attribute name="Adipose Clipped">No</attribute>
      <attribute name="Confidence Level">3</attribute>
      <attribute name="Injury">No</attribute>
      <attribute name="Notes">NA</attribute>
      <attribute name="Sex">Jack</attribute>
    </box>
    <box frame="126" outside="0" occluded="1" keyframe="1" xtl="0.00" ytl="520.80" xbr="557.60" ybr="877.99" z_order="0">
      <attribute name="Adipose Clipped">No</attribute>
      <attribute name="Confidence Level">3</attribute>
      <attribute name="Injury">No</attribute>
      <attribute name="Notes">NA</attribute>
      <attribute name="Sex">Jack</attribute>
    </box>
    <box frame="127" outside="0" occluded="1" keyframe="0" xtl="0.00" ytl="526.88" xbr="543.00" ybr="879.49" z_order="0">
      <attribute name="Adipose Clipped">No</attribute>
      <attribute name="Confidence Level">3</attribute>
      <attribute name="Injury">No</attribute>
      <attribute name="Notes">NA</attribute>
      <attribute name="Sex">Jack</attribute>
    </box>
    <box frame="128" outside="0" occluded="1" keyframe="0" xtl="0.00" ytl="532.97" xbr="528.40" ybr="881.00" z_order="0">
      <attribute name="Adipose Clipped">No</attribute>
      <attribute name="Confidence Level">3</attribute>
      <attribute name="Injury">No</attribute>
      <attribute name="Notes">NA</attribute>
      <attribute name="Sex">Jack</attribute>
    </box>
    <box frame="129" outside="0" occluded="1" keyframe="0" xtl="0.00" ytl="539.05" xbr="513.80" ybr="882.50" z_order="0">
      <attribute name="Adipose Clipped">No</attribute>
      <attribute name="Confidence Level">3</attribute>
      <attribute name="Injury">No</attribute>
      <attribute name="Notes">NA</attribute>
      <attribute name="Sex">Jack</attribute>
    </box>
    <box frame="130" outside="0" occluded="1" keyframe="1" xtl="0.00" ytl="545.13" xbr="499.20" ybr="884.00" z_order="0">
      <attribute name="Adipose Clipped">No</attribute>
      <attribute name="Confidence Level">3</attribute>
      <attribute name="Injury">No</attribute>
      <attribute name="Notes">NA</attribute>
      <attribute name="Sex">Jack</attribute>
    </box>
    <box frame="131" outside="0" occluded="1" keyframe="0" xtl="0.00" ytl="545.13" xbr="490.01" ybr="884.00" z_order="0">
      <attribute name="Adipose Clipped">No</attribute>
      <attribute name="Confidence Level">3</attribute>
      <attribute name="Injury">No</attribute>
      <attribute name="Notes">NA</attribute>
      <attribute name="Sex">Jack</attribute>
    </box>
    <box frame="132" outside="0" occluded="1" keyframe="0" xtl="0.00" ytl="545.13" xbr="480.83" ybr="884.00" z_order="0">
      <attribute name="Adipose Clipped">No</attribute>
      <attribute name="Confidence Level">3</attribute>
      <attribute name="Injury">No</attribute>
      <attribute name="Notes">NA</attribute>
      <attribute name="Sex">Jack</attribute>
    </box>
    <box frame="133" outside="0" occluded="1" keyframe="0" xtl="0.00" ytl="545.13" xbr="471.65" ybr="884.00" z_order="0">
      <attribute name="Adipose Clipped">No</attribute>
      <attribute name="Confidence Level">3</attribute>
      <attribute name="Injury">No</attribute>
      <attribute name="Notes">NA</attribute>
      <attribute name="Sex">Jack</attribute>
    </box>
    <box frame="134" outside="0" occluded="1" keyframe="0" xtl="0.00" ytl="545.13" xbr="462.46" ybr="884.00" z_order="0">
      <attribute name="Adipose Clipped">No</attribute>
      <attribute name="Confidence Level">3</attribute>
      <attribute name="Injury">No</attribute>
      <attribute name="Notes">NA</attribute>
      <attribute name="Sex">Jack</attribute>
    </box>
    <box frame="135" outside="0" occluded="1" keyframe="0" xtl="0.00" ytl="545.13" xbr="453.28" ybr="884.00" z_order="0">
      <attribute name="Adipose Clipped">No</attribute>
      <attribute name="Confidence Level">3</attribute>
      <attribute name="Injury">No</attribute>
      <attribute name="Notes">NA</attribute>
      <attribute name="Sex">Jack</attribute>
    </box>
    <box frame="136" outside="0" occluded="1" keyframe="0" xtl="0.00" ytl="545.13" xbr="444.10" ybr="884.00" z_order="0">
      <attribute name="Adipose Clipped">No</attribute>
      <attribute name="Confidence Level">3</attribute>
      <attribute name="Injury">No</attribute>
      <attribute name="Notes">NA</attribute>
      <attribute name="Sex">Jack</attribute>
    </box>
    <box frame="137" outside="0" occluded="1" keyframe="0" xtl="0.00" ytl="545.13" xbr="434.92" ybr="884.00" z_order="0">
      <attribute name="Adipose Clipped">No</attribute>
      <attribute name="Confidence Level">3</attribute>
      <attribute name="Injury">No</attribute>
      <attribute name="Notes">NA</attribute>
      <attribute name="Sex">Jack</attribute>
    </box>
    <box frame="138" outside="0" occluded="1" keyframe="0" xtl="0.00" ytl="545.13" xbr="425.73" ybr="884.00" z_order="0">
      <attribute name="Adipose Clipped">No</attribute>
      <attribute name="Confidence Level">3</attribute>
      <attribute name="Injury">No</attribute>
      <attribute name="Notes">NA</attribute>
      <attribute name="Sex">Jack</attribute>
    </box>
    <box frame="139" outside="0" occluded="1" keyframe="0" xtl="0.00" ytl="545.13" xbr="416.55" ybr="884.00" z_order="0">
      <attribute name="Adipose Clipped">No</attribute>
      <attribute name="Confidence Level">3</attribute>
      <attribute name="Injury">No</attribute>
      <attribute name="Notes">NA</attribute>
      <attribute name="Sex">Jack</attribute>
    </box>
    <box frame="140" outside="0" occluded="1" keyframe="1" xtl="0.00" ytl="545.13" xbr="407.37" ybr="884.00" z_order="0">
      <attribute name="Adipose Clipped">No</attribute>
      <attribute name="Confidence Level">3</attribute>
      <attribute name="Injury">No</attribute>
      <attribute name="Notes">NA</attribute>
      <attribute name="Sex">Jack</attribute>
    </box>
    <box frame="141" outside="0" occluded="1" keyframe="0" xtl="0.00" ytl="544.46" xbr="403.20" ybr="883.33" z_order="0">
      <attribute name="Adipose Clipped">No</attribute>
      <attribute name="Confidence Level">3</attribute>
      <attribute name="Injury">No</attribute>
      <attribute name="Notes">NA</attribute>
      <attribute name="Sex">Jack</attribute>
    </box>
    <box frame="142" outside="0" occluded="1" keyframe="0" xtl="0.00" ytl="543.80" xbr="399.02" ybr="882.67" z_order="0">
      <attribute name="Adipose Clipped">No</attribute>
      <attribute name="Confidence Level">3</attribute>
      <attribute name="Injury">No</attribute>
      <attribute name="Notes">NA</attribute>
      <attribute name="Sex">Jack</attribute>
    </box>
    <box frame="143" outside="0" occluded="1" keyframe="0" xtl="0.00" ytl="543.13" xbr="394.85" ybr="882.00" z_order="0">
      <attribute name="Adipose Clipped">No</attribute>
      <attribute name="Confidence Level">3</attribute>
      <attribute name="Injury">No</attribute>
      <attribute name="Notes">NA</attribute>
      <attribute name="Sex">Jack</attribute>
    </box>
    <box frame="144" outside="0" occluded="1" keyframe="0" xtl="0.00" ytl="542.46" xbr="390.67" ybr="881.33" z_order="0">
      <attribute name="Adipose Clipped">No</attribute>
      <attribute name="Confidence Level">3</attribute>
      <attribute name="Injury">No</attribute>
      <attribute name="Notes">NA</attribute>
      <attribute name="Sex">Jack</attribute>
    </box>
    <box frame="145" outside="0" occluded="1" keyframe="0" xtl="0.00" ytl="541.79" xbr="386.50" ybr="880.66" z_order="0">
      <attribute name="Adipose Clipped">No</attribute>
      <attribute name="Confidence Level">3</attribute>
      <attribute name="Injury">No</attribute>
      <attribute name="Notes">NA</attribute>
      <attribute name="Sex">Jack</attribute>
    </box>
    <box frame="146" outside="0" occluded="1" keyframe="0" xtl="0.00" ytl="541.12" xbr="382.33" ybr="879.99" z_order="0">
      <attribute name="Adipose Clipped">No</attribute>
      <attribute name="Confidence Level">3</attribute>
      <attribute name="Injury">No</attribute>
      <attribute name="Notes">NA</attribute>
      <attribute name="Sex">Jack</attribute>
    </box>
    <box frame="147" outside="0" occluded="1" keyframe="0" xtl="0.00" ytl="540.46" xbr="378.15" ybr="879.33" z_order="0">
      <attribute name="Adipose Clipped">No</attribute>
      <attribute name="Confidence Level">3</attribute>
      <attribute name="Injury">No</attribute>
      <attribute name="Notes">NA</attribute>
      <attribute name="Sex">Jack</attribute>
    </box>
    <box frame="148" outside="0" occluded="1" keyframe="0" xtl="0.00" ytl="539.79" xbr="373.98" ybr="878.66" z_order="0">
      <attribute name="Adipose Clipped">No</attribute>
      <attribute name="Confidence Level">3</attribute>
      <attribute name="Injury">No</attribute>
      <attribute name="Notes">NA</attribute>
      <attribute name="Sex">Jack</attribute>
    </box>
    <box frame="149" outside="0" occluded="1" keyframe="0" xtl="0.00" ytl="539.12" xbr="369.80" ybr="877.99" z_order="0">
      <attribute name="Adipose Clipped">No</attribute>
      <attribute name="Confidence Level">3</attribute>
      <attribute name="Injury">No</attribute>
      <attribute name="Notes">NA</attribute>
      <attribute name="Sex">Jack</attribute>
    </box>
    <box frame="150" outside="0" occluded="1" keyframe="1" xtl="0.00" ytl="538.45" xbr="365.63" ybr="877.32" z_order="0">
      <attribute name="Adipose Clipped">No</attribute>
      <attribute name="Confidence Level">3</attribute>
      <attribute name="Injury">No</attribute>
      <attribute name="Notes">NA</attribute>
      <attribute name="Sex">Jack</attribute>
    </box>
    <box frame="151" outside="0" occluded="1" keyframe="0" xtl="0.00" ytl="541.96" xbr="342.43" ybr="875.99" z_order="0">
      <attribute name="Adipose Clipped">No</attribute>
      <attribute name="Confidence Level">3</attribute>
      <attribute name="Injury">No</attribute>
      <attribute name="Notes">NA</attribute>
      <attribute name="Sex">Jack</attribute>
    </box>
    <box frame="152" outside="0" occluded="1" keyframe="0" xtl="0.00" ytl="545.46" xbr="319.22" ybr="874.65" z_order="0">
      <attribute name="Adipose Clipped">No</attribute>
      <attribute name="Confidence Level">3</attribute>
      <attribute name="Injury">No</attribute>
      <attribute name="Notes">NA</attribute>
      <attribute name="Sex">Jack</attribute>
    </box>
    <box frame="153" outside="0" occluded="1" keyframe="0" xtl="0.00" ytl="548.97" xbr="296.02" ybr="873.32" z_order="0">
      <attribute name="Adipose Clipped">No</attribute>
      <attribute name="Confidence Level">3</attribute>
      <attribute name="Injury">No</attribute>
      <attribute name="Notes">NA</attribute>
      <attribute name="Sex">Jack</attribute>
    </box>
    <box frame="154" outside="0" occluded="1" keyframe="0" xtl="0.00" ytl="552.47" xbr="272.82" ybr="871.98" z_order="0">
      <attribute name="Adipose Clipped">No</attribute>
      <attribute name="Confidence Level">3</attribute>
      <attribute name="Injury">No</attribute>
      <attribute name="Notes">NA</attribute>
      <attribute name="Sex">Jack</attribute>
    </box>
    <box frame="155" outside="0" occluded="1" keyframe="0" xtl="0.00" ytl="555.98" xbr="249.61" ybr="870.64" z_order="0">
      <attribute name="Adipose Clipped">No</attribute>
      <attribute name="Confidence Level">3</attribute>
      <attribute name="Injury">No</attribute>
      <attribute name="Notes">NA</attribute>
      <attribute name="Sex">Jack</attribute>
    </box>
    <box frame="156" outside="0" occluded="1" keyframe="0" xtl="0.00" ytl="559.48" xbr="226.41" ybr="869.31" z_order="0">
      <attribute name="Adipose Clipped">No</attribute>
      <attribute name="Confidence Level">3</attribute>
      <attribute name="Injury">No</attribute>
      <attribute name="Notes">NA</attribute>
      <attribute name="Sex">Jack</attribute>
    </box>
    <box frame="157" outside="0" occluded="1" keyframe="0" xtl="0.00" ytl="562.99" xbr="203.21" ybr="867.97" z_order="0">
      <attribute name="Adipose Clipped">No</attribute>
      <attribute name="Confidence Level">3</attribute>
      <attribute name="Injury">No</attribute>
      <attribute name="Notes">NA</attribute>
      <attribute name="Sex">Jack</attribute>
    </box>
    <box frame="158" outside="0" occluded="1" keyframe="0" xtl="0.00" ytl="566.49" xbr="180.01" ybr="866.64" z_order="0">
      <attribute name="Adipose Clipped">No</attribute>
      <attribute name="Confidence Level">3</attribute>
      <attribute name="Injury">No</attribute>
      <attribute name="Notes">NA</attribute>
      <attribute name="Sex">Jack</attribute>
    </box>
    <box frame="159" outside="0" occluded="1" keyframe="0" xtl="0.00" ytl="570.00" xbr="156.80" ybr="865.30" z_order="0">
      <attribute name="Adipose Clipped">No</attribute>
      <attribute name="Confidence Level">3</attribute>
      <attribute name="Injury">No</attribute>
      <attribute name="Notes">NA</attribute>
      <attribute name="Sex">Jack</attribute>
    </box>
    <box frame="160" outside="0" occluded="1" keyframe="1" xtl="0.00" ytl="573.50" xbr="133.60" ybr="863.97" z_order="0">
      <attribute name="Adipose Clipped">No</attribute>
      <attribute name="Confidence Level">3</attribute>
      <attribute name="Injury">No</attribute>
      <attribute name="Notes">NA</attribute>
      <attribute name="Sex">Jack</attribute>
    </box>
    <box frame="161" outside="0" occluded="1" keyframe="0" xtl="0.00" ytl="573.50" xbr="85.20" ybr="863.97" z_order="0">
      <attribute name="Adipose Clipped">No</attribute>
      <attribute name="Confidence Level">3</attribute>
      <attribute name="Injury">No</attribute>
      <attribute name="Notes">NA</attribute>
      <attribute name="Sex">Jack</attribute>
    </box>
    <box frame="162" outside="1" occluded="1" keyframe="1" xtl="0.00" ytl="573.50" xbr="36.80" ybr="863.97" z_order="0">
      <attribute name="Adipose Clipped">No</attribute>
      <attribute name="Confidence Level">3</attribute>
      <attribute name="Injury">No</attribute>
      <attribute name="Notes">NA</attribute>
      <attribute name="Sex">Jack</attribute>
    </box>
  </track>
</annotations>
