<?xml version="1.0" encoding="utf-8"?>
<annotations>
  <version>1.1</version>
  <meta>
    <task>
      <id>143</id>
      <name>10-22-2019 18-24-12 M Right Bank Underwater</name>
      <size>450</size>
      <mode>interpolation</mode>
      <overlap>5</overlap>
      <bugtracker></bugtracker>
      <created>2021-02-07 07:05:34.680576+00:00</created>
      <updated>2021-02-08 20:05:09.184423+00:00</updated>
      <start_frame>0</start_frame>
      <stop_frame>449</stop_frame>
      <frame_filter></frame_filter>
      <labels>
        <label>
          <name>Coho</name>
          <color>#66c893</color>
          <attributes>
            <attribute>
              <name>Adipose Clipped</name>
              <mutable>False</mutable>
              <input_type>select</input_type>
              <default_value>No</default_value>
              <values>No
Yes
NA</values>
            </attribute>
            <attribute>
              <name>Confidence Level</name>
              <mutable>False</mutable>
              <input_type>select</input_type>
              <default_value>3</default_value>
              <values>3
2
1</values>
            </attribute>
            <attribute>
              <name>Injury</name>
              <mutable>False</mutable>
              <input_type>select</input_type>
              <default_value>No</default_value>
              <values>No
Yes
NA</values>
            </attribute>
            <attribute>
              <name>Notes</name>
              <mutable>False</mutable>
              <input_type>text</input_type>
              <default_value>NA</default_value>
              <values>NA</values>
            </attribute>
            <attribute>
              <name>Sex</name>
              <mutable>False</mutable>
              <input_type>select</input_type>
              <default_value>Male</default_value>
              <values>Male
Female
Jack</values>
            </attribute>
          </attributes>
        </label>
        <label>
          <name>Pink</name>
          <color>#fa7dbb</color>
          <attributes>
            <attribute>
              <name>Adipose Clipped</name>
              <mutable>False</mutable>
              <input_type>select</input_type>
              <default_value>No</default_value>
              <values>No
Yes
NA</values>
            </attribute>
            <attribute>
              <name>Confidence Level</name>
              <mutable>False</mutable>
              <input_type>select</input_type>
              <default_value>3</default_value>
              <values>3
2
1</values>
            </attribute>
            <attribute>
              <name>Injury</name>
              <mutable>False</mutable>
              <input_type>select</input_type>
              <default_value>No</default_value>
              <values>No
Yes
NA</values>
            </attribute>
            <attribute>
              <name>Notes</name>
              <mutable>False</mutable>
              <input_type>text</input_type>
              <default_value>NA</default_value>
              <values>NA</values>
            </attribute>
            <attribute>
              <name>Sex</name>
              <mutable>False</mutable>
              <input_type>select</input_type>
              <default_value>Male</default_value>
              <values>Male
Female</values>
            </attribute>
          </attributes>
        </label>
        <label>
          <name>Bull</name>
          <color>#ff6037</color>
          <attributes>
            <attribute>
              <name>Adipose Clipped</name>
              <mutable>False</mutable>
              <input_type>select</input_type>
              <default_value>No</default_value>
              <values>No
NA</values>
            </attribute>
            <attribute>
              <name>Confidence Level</name>
              <mutable>False</mutable>
              <input_type>select</input_type>
              <default_value>3</default_value>
              <values>3
2
1</values>
            </attribute>
            <attribute>
              <name>Injury</name>
              <mutable>False</mutable>
              <input_type>select</input_type>
              <default_value>No</default_value>
              <values>No
Yes
NA</values>
            </attribute>
            <attribute>
              <name>Notes</name>
              <mutable>False</mutable>
              <input_type>text</input_type>
              <default_value>NA</default_value>
              <values>NA</values>
            </attribute>
            <attribute>
              <name>Sex</name>
              <mutable>False</mutable>
              <input_type>select</input_type>
              <default_value>NA</default_value>
              <values>NA</values>
            </attribute>
          </attributes>
        </label>
        <label>
          <name>Chum</name>
          <color>#b83df5</color>
          <attributes>
            <attribute>
              <name>Sex</name>
              <mutable>False</mutable>
              <input_type>select</input_type>
              <default_value>Male</default_value>
              <values>Male
Female</values>
            </attribute>
            <attribute>
              <name>Adipose Clipped</name>
              <mutable>False</mutable>
              <input_type>select</input_type>
              <default_value>No</default_value>
              <values>No
Yes
NA</values>
            </attribute>
            <attribute>
              <name>Injury</name>
              <mutable>False</mutable>
              <input_type>select</input_type>
              <default_value>No</default_value>
              <values>No
Yes
NA</values>
            </attribute>
            <attribute>
              <name>Confidence Level</name>
              <mutable>False</mutable>
              <input_type>select</input_type>
              <default_value>3</default_value>
              <values>3
2
1</values>
            </attribute>
            <attribute>
              <name>Notes</name>
              <mutable>False</mutable>
              <input_type>text</input_type>
              <default_value>NA</default_value>
              <values>NA</values>
            </attribute>
          </attributes>
        </label>
        <label>
          <name>Whitefish</name>
          <color>#e2f1ee</color>
          <attributes>
            <attribute>
              <name>Sex</name>
              <mutable>False</mutable>
              <input_type>select</input_type>
              <default_value>NA</default_value>
              <values>NA</values>
            </attribute>
            <attribute>
              <name>Adipose Clipped</name>
              <mutable>False</mutable>
              <input_type>select</input_type>
              <default_value>No</default_value>
              <values>No
Yes
NA</values>
            </attribute>
            <attribute>
              <name>Injury</name>
              <mutable>False</mutable>
              <input_type>select</input_type>
              <default_value>No</default_value>
              <values>No
Yes
NA</values>
            </attribute>
            <attribute>
              <name>Confidence Level</name>
              <mutable>False</mutable>
              <input_type>select</input_type>
              <default_value>3</default_value>
              <values>3
2
1</values>
            </attribute>
            <attribute>
              <name>Notes</name>
              <mutable>False</mutable>
              <input_type>text</input_type>
              <default_value>NA</default_value>
              <values>NA</values>
            </attribute>
          </attributes>
        </label>
        <label>
          <name>Sockeye</name>
          <color>#fa3253</color>
          <attributes>
            <attribute>
              <name>Sex</name>
              <mutable>False</mutable>
              <input_type>select</input_type>
              <default_value>Male</default_value>
              <values>Male
Female</values>
            </attribute>
            <attribute>
              <name>Adipose Clipped</name>
              <mutable>False</mutable>
              <input_type>select</input_type>
              <default_value>No</default_value>
              <values>No
Yes
NA</values>
            </attribute>
            <attribute>
              <name>Injury</name>
              <mutable>False</mutable>
              <input_type>select</input_type>
              <default_value>No</default_value>
              <values>No
Yes
NA</values>
            </attribute>
            <attribute>
              <name>Confidence Level</name>
              <mutable>False</mutable>
              <input_type>select</input_type>
              <default_value>3</default_value>
              <values>3
2
1</values>
            </attribute>
            <attribute>
              <name>Notes</name>
              <mutable>False</mutable>
              <input_type>text</input_type>
              <default_value>NA</default_value>
              <values>NA</values>
            </attribute>
          </attributes>
        </label>
        <label>
          <name>Steelhead</name>
          <color>#66ff66</color>
          <attributes>
            <attribute>
              <name>Sex</name>
              <mutable>False</mutable>
              <input_type>select</input_type>
              <default_value>Male</default_value>
              <values>Male
Female</values>
            </attribute>
            <attribute>
              <name>Adipose Clipped</name>
              <mutable>False</mutable>
              <input_type>select</input_type>
              <default_value>No</default_value>
              <values>No
Yes
NA</values>
            </attribute>
            <attribute>
              <name>Injury</name>
              <mutable>False</mutable>
              <input_type>select</input_type>
              <default_value>No</default_value>
              <values>No
Yes
NA</values>
            </attribute>
            <attribute>
              <name>Confidence Level</name>
              <mutable>False</mutable>
              <input_type>select</input_type>
              <default_value>3</default_value>
              <values>3
2
1</values>
            </attribute>
            <attribute>
              <name>Notes</name>
              <mutable>False</mutable>
              <input_type>text</input_type>
              <default_value>NA</default_value>
              <values>NA</values>
            </attribute>
          </attributes>
        </label>
        <label>
          <name>Rainbow</name>
          <color>#ff00cc</color>
          <attributes>
            <attribute>
              <name>Sex</name>
              <mutable>False</mutable>
              <input_type>select</input_type>
              <default_value>NA</default_value>
              <values>NA</values>
            </attribute>
            <attribute>
              <name>Adipose Clipped</name>
              <mutable>False</mutable>
              <input_type>select</input_type>
              <default_value>No</default_value>
              <values>No
Yes
NA</values>
            </attribute>
            <attribute>
              <name>Injury</name>
              <mutable>False</mutable>
              <input_type>select</input_type>
              <default_value>No</default_value>
              <values>No
Yes
NA</values>
            </attribute>
            <attribute>
              <name>Confidence Level</name>
              <mutable>False</mutable>
              <input_type>select</input_type>
              <default_value>3</default_value>
              <values>3
2
1</values>
            </attribute>
            <attribute>
              <name>Notes</name>
              <mutable>False</mutable>
              <input_type>text</input_type>
              <default_value>NA</default_value>
              <values>NA</values>
            </attribute>
          </attributes>
        </label>
      </labels>
      <segments>
        <segment>
          <id>140</id>
          <start>0</start>
          <stop>449</stop>
          <url>httplocalhost:8080/?id=140</url>
        </segment>
      </segments>
      <owner>
        <username>bna19</username>
        <email>bna19@sfu.ca</email>
      </owner>
      <assignee></assignee>
      <original_size>
        <width>1920</width>
        <height>1080</height>
      </original_size>
    </task>
    <dumped>2021-02-08 20:05:21.720284+00:00</dumped>
    <source>10-22-2019 18-24-12 M Right Bank Underwater.m4v</source>
  </meta>
  <track id="0" label="Coho" source="manual">
    <box frame="63" outside="0" occluded="0" keyframe="1" xtl="0.00" ytl="442.48" xbr="461.28" ybr="827.18" z_order="0">
      <attribute name="Sex">Male</attribute>
      <attribute name="Adipose Clipped">No</attribute>
      <attribute name="Injury">Yes</attribute>
      <attribute name="Confidence Level">3</attribute>
      <attribute name="Notes">Tail and anal fin in very rough condition</attribute>
    </box>
    <box frame="64" outside="0" occluded="0" keyframe="0" xtl="0.00" ytl="432.56" xbr="489.65" ybr="827.18" z_order="0">
      <attribute name="Sex">Male</attribute>
      <attribute name="Adipose Clipped">No</attribute>
      <attribute name="Injury">Yes</attribute>
      <attribute name="Confidence Level">3</attribute>
      <attribute name="Notes">Tail and anal fin in very rough condition</attribute>
    </box>
    <box frame="65" outside="0" occluded="0" keyframe="0" xtl="0.00" ytl="422.64" xbr="518.02" ybr="827.18" z_order="0">
      <attribute name="Sex">Male</attribute>
      <attribute name="Adipose Clipped">No</attribute>
      <attribute name="Injury">Yes</attribute>
      <attribute name="Confidence Level">3</attribute>
      <attribute name="Notes">Tail and anal fin in very rough condition</attribute>
    </box>
    <box frame="66" outside="0" occluded="0" keyframe="0" xtl="0.00" ytl="412.73" xbr="546.40" ybr="827.18" z_order="0">
      <attribute name="Sex">Male</attribute>
      <attribute name="Adipose Clipped">No</attribute>
      <attribute name="Injury">Yes</attribute>
      <attribute name="Confidence Level">3</attribute>
      <attribute name="Notes">Tail and anal fin in very rough condition</attribute>
    </box>
    <box frame="67" outside="0" occluded="0" keyframe="0" xtl="0.00" ytl="402.81" xbr="574.77" ybr="827.18" z_order="0">
      <attribute name="Sex">Male</attribute>
      <attribute name="Adipose Clipped">No</attribute>
      <attribute name="Injury">Yes</attribute>
      <attribute name="Confidence Level">3</attribute>
      <attribute name="Notes">Tail and anal fin in very rough condition</attribute>
    </box>
    <box frame="68" outside="0" occluded="0" keyframe="0" xtl="0.00" ytl="392.89" xbr="603.14" ybr="827.18" z_order="0">
      <attribute name="Sex">Male</attribute>
      <attribute name="Adipose Clipped">No</attribute>
      <attribute name="Injury">Yes</attribute>
      <attribute name="Confidence Level">3</attribute>
      <attribute name="Notes">Tail and anal fin in very rough condition</attribute>
    </box>
    <box frame="69" outside="0" occluded="0" keyframe="0" xtl="0.00" ytl="382.97" xbr="631.51" ybr="827.18" z_order="0">
      <attribute name="Sex">Male</attribute>
      <attribute name="Adipose Clipped">No</attribute>
      <attribute name="Injury">Yes</attribute>
      <attribute name="Confidence Level">3</attribute>
      <attribute name="Notes">Tail and anal fin in very rough condition</attribute>
    </box>
    <box frame="70" outside="0" occluded="0" keyframe="0" xtl="0.00" ytl="373.05" xbr="659.88" ybr="827.18" z_order="0">
      <attribute name="Sex">Male</attribute>
      <attribute name="Adipose Clipped">No</attribute>
      <attribute name="Injury">Yes</attribute>
      <attribute name="Confidence Level">3</attribute>
      <attribute name="Notes">Tail and anal fin in very rough condition</attribute>
    </box>
    <box frame="71" outside="0" occluded="0" keyframe="0" xtl="0.00" ytl="363.14" xbr="688.26" ybr="827.18" z_order="0">
      <attribute name="Sex">Male</attribute>
      <attribute name="Adipose Clipped">No</attribute>
      <attribute name="Injury">Yes</attribute>
      <attribute name="Confidence Level">3</attribute>
      <attribute name="Notes">Tail and anal fin in very rough condition</attribute>
    </box>
    <box frame="72" outside="0" occluded="0" keyframe="0" xtl="0.00" ytl="353.22" xbr="716.63" ybr="827.18" z_order="0">
      <attribute name="Sex">Male</attribute>
      <attribute name="Adipose Clipped">No</attribute>
      <attribute name="Injury">Yes</attribute>
      <attribute name="Confidence Level">3</attribute>
      <attribute name="Notes">Tail and anal fin in very rough condition</attribute>
    </box>
    <box frame="73" outside="0" occluded="0" keyframe="1" xtl="0.00" ytl="343.30" xbr="745.00" ybr="827.18" z_order="0">
      <attribute name="Sex">Male</attribute>
      <attribute name="Adipose Clipped">No</attribute>
      <attribute name="Injury">Yes</attribute>
      <attribute name="Confidence Level">3</attribute>
      <attribute name="Notes">Tail and anal fin in very rough condition</attribute>
    </box>
    <box frame="74" outside="0" occluded="0" keyframe="0" xtl="0.00" ytl="343.30" xbr="786.62" ybr="830.66" z_order="0">
      <attribute name="Sex">Male</attribute>
      <attribute name="Adipose Clipped">No</attribute>
      <attribute name="Injury">Yes</attribute>
      <attribute name="Confidence Level">3</attribute>
      <attribute name="Notes">Tail and anal fin in very rough condition</attribute>
    </box>
    <box frame="75" outside="0" occluded="0" keyframe="0" xtl="0.00" ytl="343.30" xbr="828.24" ybr="834.14" z_order="0">
      <attribute name="Sex">Male</attribute>
      <attribute name="Adipose Clipped">No</attribute>
      <attribute name="Injury">Yes</attribute>
      <attribute name="Confidence Level">3</attribute>
      <attribute name="Notes">Tail and anal fin in very rough condition</attribute>
    </box>
    <box frame="76" outside="0" occluded="0" keyframe="0" xtl="0.00" ytl="343.30" xbr="869.85" ybr="837.63" z_order="0">
      <attribute name="Sex">Male</attribute>
      <attribute name="Adipose Clipped">No</attribute>
      <attribute name="Injury">Yes</attribute>
      <attribute name="Confidence Level">3</attribute>
      <attribute name="Notes">Tail and anal fin in very rough condition</attribute>
    </box>
    <box frame="77" outside="0" occluded="0" keyframe="0" xtl="0.00" ytl="343.30" xbr="911.47" ybr="841.11" z_order="0">
      <attribute name="Sex">Male</attribute>
      <attribute name="Adipose Clipped">No</attribute>
      <attribute name="Injury">Yes</attribute>
      <attribute name="Confidence Level">3</attribute>
      <attribute name="Notes">Tail and anal fin in very rough condition</attribute>
    </box>
    <box frame="78" outside="0" occluded="0" keyframe="0" xtl="0.00" ytl="343.30" xbr="953.09" ybr="844.60" z_order="0">
      <attribute name="Sex">Male</attribute>
      <attribute name="Adipose Clipped">No</attribute>
      <attribute name="Injury">Yes</attribute>
      <attribute name="Confidence Level">3</attribute>
      <attribute name="Notes">Tail and anal fin in very rough condition</attribute>
    </box>
    <box frame="79" outside="0" occluded="0" keyframe="0" xtl="0.00" ytl="343.30" xbr="994.71" ybr="848.08" z_order="0">
      <attribute name="Sex">Male</attribute>
      <attribute name="Adipose Clipped">No</attribute>
      <attribute name="Injury">Yes</attribute>
      <attribute name="Confidence Level">3</attribute>
      <attribute name="Notes">Tail and anal fin in very rough condition</attribute>
    </box>
    <box frame="80" outside="0" occluded="0" keyframe="0" xtl="0.00" ytl="343.30" xbr="1036.33" ybr="851.56" z_order="0">
      <attribute name="Sex">Male</attribute>
      <attribute name="Adipose Clipped">No</attribute>
      <attribute name="Injury">Yes</attribute>
      <attribute name="Confidence Level">3</attribute>
      <attribute name="Notes">Tail and anal fin in very rough condition</attribute>
    </box>
    <box frame="81" outside="0" occluded="0" keyframe="0" xtl="0.00" ytl="343.30" xbr="1077.95" ybr="855.05" z_order="0">
      <attribute name="Sex">Male</attribute>
      <attribute name="Adipose Clipped">No</attribute>
      <attribute name="Injury">Yes</attribute>
      <attribute name="Confidence Level">3</attribute>
      <attribute name="Notes">Tail and anal fin in very rough condition</attribute>
    </box>
    <box frame="82" outside="0" occluded="0" keyframe="0" xtl="0.00" ytl="343.30" xbr="1119.56" ybr="858.53" z_order="0">
      <attribute name="Sex">Male</attribute>
      <attribute name="Adipose Clipped">No</attribute>
      <attribute name="Injury">Yes</attribute>
      <attribute name="Confidence Level">3</attribute>
      <attribute name="Notes">Tail and anal fin in very rough condition</attribute>
    </box>
    <box frame="83" outside="0" occluded="0" keyframe="0" xtl="0.00" ytl="343.30" xbr="1161.18" ybr="862.02" z_order="0">
      <attribute name="Sex">Male</attribute>
      <attribute name="Adipose Clipped">No</attribute>
      <attribute name="Injury">Yes</attribute>
      <attribute name="Confidence Level">3</attribute>
      <attribute name="Notes">Tail and anal fin in very rough condition</attribute>
    </box>
    <box frame="84" outside="0" occluded="0" keyframe="1" xtl="0.00" ytl="343.30" xbr="1202.80" ybr="865.50" z_order="0">
      <attribute name="Sex">Male</attribute>
      <attribute name="Adipose Clipped">No</attribute>
      <attribute name="Injury">Yes</attribute>
      <attribute name="Confidence Level">3</attribute>
      <attribute name="Notes">Tail and anal fin in very rough condition</attribute>
    </box>
    <box frame="85" outside="0" occluded="0" keyframe="0" xtl="0.00" ytl="343.30" xbr="1235.35" ybr="867.94" z_order="0">
      <attribute name="Sex">Male</attribute>
      <attribute name="Adipose Clipped">No</attribute>
      <attribute name="Injury">Yes</attribute>
      <attribute name="Confidence Level">3</attribute>
      <attribute name="Notes">Tail and anal fin in very rough condition</attribute>
    </box>
    <box frame="86" outside="0" occluded="0" keyframe="0" xtl="0.00" ytl="343.30" xbr="1267.90" ybr="870.38" z_order="0">
      <attribute name="Sex">Male</attribute>
      <attribute name="Adipose Clipped">No</attribute>
      <attribute name="Injury">Yes</attribute>
      <attribute name="Confidence Level">3</attribute>
      <attribute name="Notes">Tail and anal fin in very rough condition</attribute>
    </box>
    <box frame="87" outside="0" occluded="0" keyframe="0" xtl="0.00" ytl="343.30" xbr="1300.45" ybr="872.82" z_order="0">
      <attribute name="Sex">Male</attribute>
      <attribute name="Adipose Clipped">No</attribute>
      <attribute name="Injury">Yes</attribute>
      <attribute name="Confidence Level">3</attribute>
      <attribute name="Notes">Tail and anal fin in very rough condition</attribute>
    </box>
    <box frame="88" outside="0" occluded="0" keyframe="0" xtl="0.00" ytl="343.30" xbr="1333.00" ybr="875.26" z_order="0">
      <attribute name="Sex">Male</attribute>
      <attribute name="Adipose Clipped">No</attribute>
      <attribute name="Injury">Yes</attribute>
      <attribute name="Confidence Level">3</attribute>
      <attribute name="Notes">Tail and anal fin in very rough condition</attribute>
    </box>
    <box frame="89" outside="0" occluded="0" keyframe="0" xtl="0.00" ytl="343.30" xbr="1365.55" ybr="877.70" z_order="0">
      <attribute name="Sex">Male</attribute>
      <attribute name="Adipose Clipped">No</attribute>
      <attribute name="Injury">Yes</attribute>
      <attribute name="Confidence Level">3</attribute>
      <attribute name="Notes">Tail and anal fin in very rough condition</attribute>
    </box>
    <box frame="90" outside="0" occluded="0" keyframe="0" xtl="0.00" ytl="343.30" xbr="1398.10" ybr="880.14" z_order="0">
      <attribute name="Sex">Male</attribute>
      <attribute name="Adipose Clipped">No</attribute>
      <attribute name="Injury">Yes</attribute>
      <attribute name="Confidence Level">3</attribute>
      <attribute name="Notes">Tail and anal fin in very rough condition</attribute>
    </box>
    <box frame="91" outside="0" occluded="0" keyframe="0" xtl="0.00" ytl="343.30" xbr="1430.65" ybr="882.58" z_order="0">
      <attribute name="Sex">Male</attribute>
      <attribute name="Adipose Clipped">No</attribute>
      <attribute name="Injury">Yes</attribute>
      <attribute name="Confidence Level">3</attribute>
      <attribute name="Notes">Tail and anal fin in very rough condition</attribute>
    </box>
    <box frame="92" outside="0" occluded="0" keyframe="0" xtl="0.00" ytl="343.30" xbr="1463.20" ybr="885.02" z_order="0">
      <attribute name="Sex">Male</attribute>
      <attribute name="Adipose Clipped">No</attribute>
      <attribute name="Injury">Yes</attribute>
      <attribute name="Confidence Level">3</attribute>
      <attribute name="Notes">Tail and anal fin in very rough condition</attribute>
    </box>
    <box frame="93" outside="0" occluded="0" keyframe="0" xtl="0.00" ytl="343.30" xbr="1495.75" ybr="887.46" z_order="0">
      <attribute name="Sex">Male</attribute>
      <attribute name="Adipose Clipped">No</attribute>
      <attribute name="Injury">Yes</attribute>
      <attribute name="Confidence Level">3</attribute>
      <attribute name="Notes">Tail and anal fin in very rough condition</attribute>
    </box>
    <box frame="94" outside="0" occluded="0" keyframe="1" xtl="0.00" ytl="343.30" xbr="1528.30" ybr="889.90" z_order="0">
      <attribute name="Sex">Male</attribute>
      <attribute name="Adipose Clipped">No</attribute>
      <attribute name="Injury">Yes</attribute>
      <attribute name="Confidence Level">3</attribute>
      <attribute name="Notes">Tail and anal fin in very rough condition</attribute>
    </box>
    <box frame="95" outside="0" occluded="0" keyframe="0" xtl="0.00" ytl="343.30" xbr="1549.00" ybr="889.90" z_order="0">
      <attribute name="Sex">Male</attribute>
      <attribute name="Adipose Clipped">No</attribute>
      <attribute name="Injury">Yes</attribute>
      <attribute name="Confidence Level">3</attribute>
      <attribute name="Notes">Tail and anal fin in very rough condition</attribute>
    </box>
    <box frame="96" outside="0" occluded="0" keyframe="0" xtl="0.00" ytl="343.30" xbr="1569.70" ybr="889.90" z_order="0">
      <attribute name="Sex">Male</attribute>
      <attribute name="Adipose Clipped">No</attribute>
      <attribute name="Injury">Yes</attribute>
      <attribute name="Confidence Level">3</attribute>
      <attribute name="Notes">Tail and anal fin in very rough condition</attribute>
    </box>
    <box frame="97" outside="0" occluded="0" keyframe="0" xtl="0.00" ytl="343.30" xbr="1590.40" ybr="889.90" z_order="0">
      <attribute name="Sex">Male</attribute>
      <attribute name="Adipose Clipped">No</attribute>
      <attribute name="Injury">Yes</attribute>
      <attribute name="Confidence Level">3</attribute>
      <attribute name="Notes">Tail and anal fin in very rough condition</attribute>
    </box>
    <box frame="98" outside="0" occluded="0" keyframe="0" xtl="0.00" ytl="343.30" xbr="1611.10" ybr="889.90" z_order="0">
      <attribute name="Sex">Male</attribute>
      <attribute name="Adipose Clipped">No</attribute>
      <attribute name="Injury">Yes</attribute>
      <attribute name="Confidence Level">3</attribute>
      <attribute name="Notes">Tail and anal fin in very rough condition</attribute>
    </box>
    <box frame="99" outside="0" occluded="0" keyframe="0" xtl="0.00" ytl="343.30" xbr="1631.80" ybr="889.90" z_order="0">
      <attribute name="Sex">Male</attribute>
      <attribute name="Adipose Clipped">No</attribute>
      <attribute name="Injury">Yes</attribute>
      <attribute name="Confidence Level">3</attribute>
      <attribute name="Notes">Tail and anal fin in very rough condition</attribute>
    </box>
    <box frame="100" outside="0" occluded="0" keyframe="0" xtl="0.00" ytl="343.30" xbr="1652.50" ybr="889.90" z_order="0">
      <attribute name="Sex">Male</attribute>
      <attribute name="Adipose Clipped">No</attribute>
      <attribute name="Injury">Yes</attribute>
      <attribute name="Confidence Level">3</attribute>
      <attribute name="Notes">Tail and anal fin in very rough condition</attribute>
    </box>
    <box frame="101" outside="0" occluded="0" keyframe="0" xtl="0.00" ytl="343.30" xbr="1673.20" ybr="889.90" z_order="0">
      <attribute name="Sex">Male</attribute>
      <attribute name="Adipose Clipped">No</attribute>
      <attribute name="Injury">Yes</attribute>
      <attribute name="Confidence Level">3</attribute>
      <attribute name="Notes">Tail and anal fin in very rough condition</attribute>
    </box>
    <box frame="102" outside="0" occluded="0" keyframe="0" xtl="0.00" ytl="343.30" xbr="1693.90" ybr="889.90" z_order="0">
      <attribute name="Sex">Male</attribute>
      <attribute name="Adipose Clipped">No</attribute>
      <attribute name="Injury">Yes</attribute>
      <attribute name="Confidence Level">3</attribute>
      <attribute name="Notes">Tail and anal fin in very rough condition</attribute>
    </box>
    <box frame="103" outside="0" occluded="0" keyframe="1" xtl="0.00" ytl="343.30" xbr="1714.60" ybr="889.90" z_order="0">
      <attribute name="Sex">Male</attribute>
      <attribute name="Adipose Clipped">No</attribute>
      <attribute name="Injury">Yes</attribute>
      <attribute name="Confidence Level">3</attribute>
      <attribute name="Notes">Tail and anal fin in very rough condition</attribute>
    </box>
    <box frame="104" outside="0" occluded="0" keyframe="0" xtl="0.00" ytl="336.63" xbr="1714.60" ybr="889.90" z_order="0">
      <attribute name="Sex">Male</attribute>
      <attribute name="Adipose Clipped">No</attribute>
      <attribute name="Injury">Yes</attribute>
      <attribute name="Confidence Level">3</attribute>
      <attribute name="Notes">Tail and anal fin in very rough condition</attribute>
    </box>
    <box frame="105" outside="0" occluded="0" keyframe="0" xtl="0.00" ytl="329.97" xbr="1714.60" ybr="889.90" z_order="0">
      <attribute name="Sex">Male</attribute>
      <attribute name="Adipose Clipped">No</attribute>
      <attribute name="Injury">Yes</attribute>
      <attribute name="Confidence Level">3</attribute>
      <attribute name="Notes">Tail and anal fin in very rough condition</attribute>
    </box>
    <box frame="106" outside="0" occluded="0" keyframe="0" xtl="0.00" ytl="323.30" xbr="1714.60" ybr="889.90" z_order="0">
      <attribute name="Sex">Male</attribute>
      <attribute name="Adipose Clipped">No</attribute>
      <attribute name="Injury">Yes</attribute>
      <attribute name="Confidence Level">3</attribute>
      <attribute name="Notes">Tail and anal fin in very rough condition</attribute>
    </box>
    <box frame="107" outside="0" occluded="0" keyframe="0" xtl="0.00" ytl="316.63" xbr="1714.60" ybr="889.90" z_order="0">
      <attribute name="Sex">Male</attribute>
      <attribute name="Adipose Clipped">No</attribute>
      <attribute name="Injury">Yes</attribute>
      <attribute name="Confidence Level">3</attribute>
      <attribute name="Notes">Tail and anal fin in very rough condition</attribute>
    </box>
    <box frame="108" outside="0" occluded="0" keyframe="0" xtl="0.00" ytl="309.97" xbr="1714.60" ybr="889.90" z_order="0">
      <attribute name="Sex">Male</attribute>
      <attribute name="Adipose Clipped">No</attribute>
      <attribute name="Injury">Yes</attribute>
      <attribute name="Confidence Level">3</attribute>
      <attribute name="Notes">Tail and anal fin in very rough condition</attribute>
    </box>
    <box frame="109" outside="0" occluded="0" keyframe="1" xtl="0.00" ytl="303.30" xbr="1714.60" ybr="889.90" z_order="0">
      <attribute name="Sex">Male</attribute>
      <attribute name="Adipose Clipped">No</attribute>
      <attribute name="Injury">Yes</attribute>
      <attribute name="Confidence Level">3</attribute>
      <attribute name="Notes">Tail and anal fin in very rough condition</attribute>
    </box>
    <box frame="110" outside="0" occluded="0" keyframe="0" xtl="3.57" ytl="305.22" xbr="1711.47" ybr="884.68" z_order="0">
      <attribute name="Sex">Male</attribute>
      <attribute name="Adipose Clipped">No</attribute>
      <attribute name="Injury">Yes</attribute>
      <attribute name="Confidence Level">3</attribute>
      <attribute name="Notes">Tail and anal fin in very rough condition</attribute>
    </box>
    <box frame="111" outside="0" occluded="0" keyframe="0" xtl="7.14" ytl="307.13" xbr="1708.33" ybr="879.46" z_order="0">
      <attribute name="Sex">Male</attribute>
      <attribute name="Adipose Clipped">No</attribute>
      <attribute name="Injury">Yes</attribute>
      <attribute name="Confidence Level">3</attribute>
      <attribute name="Notes">Tail and anal fin in very rough condition</attribute>
    </box>
    <box frame="112" outside="0" occluded="0" keyframe="0" xtl="10.71" ytl="309.05" xbr="1705.20" ybr="874.24" z_order="0">
      <attribute name="Sex">Male</attribute>
      <attribute name="Adipose Clipped">No</attribute>
      <attribute name="Injury">Yes</attribute>
      <attribute name="Confidence Level">3</attribute>
      <attribute name="Notes">Tail and anal fin in very rough condition</attribute>
    </box>
    <box frame="113" outside="0" occluded="0" keyframe="0" xtl="14.28" ytl="310.96" xbr="1702.06" ybr="869.02" z_order="0">
      <attribute name="Sex">Male</attribute>
      <attribute name="Adipose Clipped">No</attribute>
      <attribute name="Injury">Yes</attribute>
      <attribute name="Confidence Level">3</attribute>
      <attribute name="Notes">Tail and anal fin in very rough condition</attribute>
    </box>
    <box frame="114" outside="0" occluded="0" keyframe="0" xtl="17.85" ytl="312.88" xbr="1698.93" ybr="863.80" z_order="0">
      <attribute name="Sex">Male</attribute>
      <attribute name="Adipose Clipped">No</attribute>
      <attribute name="Injury">Yes</attribute>
      <attribute name="Confidence Level">3</attribute>
      <attribute name="Notes">Tail and anal fin in very rough condition</attribute>
    </box>
    <box frame="115" outside="0" occluded="0" keyframe="0" xtl="21.42" ytl="314.79" xbr="1695.79" ybr="858.58" z_order="0">
      <attribute name="Sex">Male</attribute>
      <attribute name="Adipose Clipped">No</attribute>
      <attribute name="Injury">Yes</attribute>
      <attribute name="Confidence Level">3</attribute>
      <attribute name="Notes">Tail and anal fin in very rough condition</attribute>
    </box>
    <box frame="116" outside="0" occluded="0" keyframe="0" xtl="24.99" ytl="316.71" xbr="1692.66" ybr="853.36" z_order="0">
      <attribute name="Sex">Male</attribute>
      <attribute name="Adipose Clipped">No</attribute>
      <attribute name="Injury">Yes</attribute>
      <attribute name="Confidence Level">3</attribute>
      <attribute name="Notes">Tail and anal fin in very rough condition</attribute>
    </box>
    <box frame="117" outside="0" occluded="0" keyframe="0" xtl="28.56" ytl="318.62" xbr="1689.52" ybr="848.14" z_order="0">
      <attribute name="Sex">Male</attribute>
      <attribute name="Adipose Clipped">No</attribute>
      <attribute name="Injury">Yes</attribute>
      <attribute name="Confidence Level">3</attribute>
      <attribute name="Notes">Tail and anal fin in very rough condition</attribute>
    </box>
    <box frame="118" outside="0" occluded="0" keyframe="0" xtl="32.13" ytl="320.54" xbr="1686.39" ybr="842.92" z_order="0">
      <attribute name="Sex">Male</attribute>
      <attribute name="Adipose Clipped">No</attribute>
      <attribute name="Injury">Yes</attribute>
      <attribute name="Confidence Level">3</attribute>
      <attribute name="Notes">Tail and anal fin in very rough condition</attribute>
    </box>
    <box frame="119" outside="0" occluded="0" keyframe="0" xtl="35.70" ytl="322.45" xbr="1683.25" ybr="837.70" z_order="0">
      <attribute name="Sex">Male</attribute>
      <attribute name="Adipose Clipped">No</attribute>
      <attribute name="Injury">Yes</attribute>
      <attribute name="Confidence Level">3</attribute>
      <attribute name="Notes">Tail and anal fin in very rough condition</attribute>
    </box>
    <box frame="120" outside="0" occluded="0" keyframe="0" xtl="39.27" ytl="324.37" xbr="1680.12" ybr="832.48" z_order="0">
      <attribute name="Sex">Male</attribute>
      <attribute name="Adipose Clipped">No</attribute>
      <attribute name="Injury">Yes</attribute>
      <attribute name="Confidence Level">3</attribute>
      <attribute name="Notes">Tail and anal fin in very rough condition</attribute>
    </box>
    <box frame="121" outside="0" occluded="0" keyframe="0" xtl="42.84" ytl="326.28" xbr="1676.98" ybr="827.26" z_order="0">
      <attribute name="Sex">Male</attribute>
      <attribute name="Adipose Clipped">No</attribute>
      <attribute name="Injury">Yes</attribute>
      <attribute name="Confidence Level">3</attribute>
      <attribute name="Notes">Tail and anal fin in very rough condition</attribute>
    </box>
    <box frame="122" outside="0" occluded="0" keyframe="0" xtl="46.41" ytl="328.20" xbr="1673.85" ybr="822.04" z_order="0">
      <attribute name="Sex">Male</attribute>
      <attribute name="Adipose Clipped">No</attribute>
      <attribute name="Injury">Yes</attribute>
      <attribute name="Confidence Level">3</attribute>
      <attribute name="Notes">Tail and anal fin in very rough condition</attribute>
    </box>
    <box frame="123" outside="0" occluded="0" keyframe="0" xtl="49.98" ytl="330.11" xbr="1670.71" ybr="816.82" z_order="0">
      <attribute name="Sex">Male</attribute>
      <attribute name="Adipose Clipped">No</attribute>
      <attribute name="Injury">Yes</attribute>
      <attribute name="Confidence Level">3</attribute>
      <attribute name="Notes">Tail and anal fin in very rough condition</attribute>
    </box>
    <box frame="124" outside="0" occluded="0" keyframe="0" xtl="53.55" ytl="332.03" xbr="1667.58" ybr="811.60" z_order="0">
      <attribute name="Sex">Male</attribute>
      <attribute name="Adipose Clipped">No</attribute>
      <attribute name="Injury">Yes</attribute>
      <attribute name="Confidence Level">3</attribute>
      <attribute name="Notes">Tail and anal fin in very rough condition</attribute>
    </box>
    <box frame="125" outside="0" occluded="0" keyframe="0" xtl="57.12" ytl="333.94" xbr="1664.44" ybr="806.38" z_order="0">
      <attribute name="Sex">Male</attribute>
      <attribute name="Adipose Clipped">No</attribute>
      <attribute name="Injury">Yes</attribute>
      <attribute name="Confidence Level">3</attribute>
      <attribute name="Notes">Tail and anal fin in very rough condition</attribute>
    </box>
    <box frame="126" outside="0" occluded="0" keyframe="0" xtl="60.69" ytl="335.86" xbr="1661.31" ybr="801.16" z_order="0">
      <attribute name="Sex">Male</attribute>
      <attribute name="Adipose Clipped">No</attribute>
      <attribute name="Injury">Yes</attribute>
      <attribute name="Confidence Level">3</attribute>
      <attribute name="Notes">Tail and anal fin in very rough condition</attribute>
    </box>
    <box frame="127" outside="0" occluded="0" keyframe="0" xtl="64.26" ytl="337.77" xbr="1658.17" ybr="795.94" z_order="0">
      <attribute name="Sex">Male</attribute>
      <attribute name="Adipose Clipped">No</attribute>
      <attribute name="Injury">Yes</attribute>
      <attribute name="Confidence Level">3</attribute>
      <attribute name="Notes">Tail and anal fin in very rough condition</attribute>
    </box>
    <box frame="128" outside="0" occluded="0" keyframe="0" xtl="67.83" ytl="339.69" xbr="1655.04" ybr="790.72" z_order="0">
      <attribute name="Sex">Male</attribute>
      <attribute name="Adipose Clipped">No</attribute>
      <attribute name="Injury">Yes</attribute>
      <attribute name="Confidence Level">3</attribute>
      <attribute name="Notes">Tail and anal fin in very rough condition</attribute>
    </box>
    <box frame="129" outside="0" occluded="0" keyframe="1" xtl="71.40" ytl="341.60" xbr="1651.90" ybr="785.50" z_order="0">
      <attribute name="Sex">Male</attribute>
      <attribute name="Adipose Clipped">No</attribute>
      <attribute name="Injury">Yes</attribute>
      <attribute name="Confidence Level">3</attribute>
      <attribute name="Notes">Tail and anal fin in very rough condition</attribute>
    </box>
    <box frame="130" outside="0" occluded="0" keyframe="0" xtl="100.13" ytl="336.60" xbr="1651.90" ybr="786.36" z_order="0">
      <attribute name="Sex">Male</attribute>
      <attribute name="Adipose Clipped">No</attribute>
      <attribute name="Injury">Yes</attribute>
      <attribute name="Confidence Level">3</attribute>
      <attribute name="Notes">Tail and anal fin in very rough condition</attribute>
    </box>
    <box frame="131" outside="0" occluded="0" keyframe="0" xtl="128.85" ytl="331.60" xbr="1651.90" ybr="787.22" z_order="0">
      <attribute name="Sex">Male</attribute>
      <attribute name="Adipose Clipped">No</attribute>
      <attribute name="Injury">Yes</attribute>
      <attribute name="Confidence Level">3</attribute>
      <attribute name="Notes">Tail and anal fin in very rough condition</attribute>
    </box>
    <box frame="132" outside="0" occluded="0" keyframe="0" xtl="157.58" ytl="326.60" xbr="1651.90" ybr="788.09" z_order="0">
      <attribute name="Sex">Male</attribute>
      <attribute name="Adipose Clipped">No</attribute>
      <attribute name="Injury">Yes</attribute>
      <attribute name="Confidence Level">3</attribute>
      <attribute name="Notes">Tail and anal fin in very rough condition</attribute>
    </box>
    <box frame="133" outside="0" occluded="0" keyframe="0" xtl="186.30" ytl="321.60" xbr="1651.90" ybr="788.95" z_order="0">
      <attribute name="Sex">Male</attribute>
      <attribute name="Adipose Clipped">No</attribute>
      <attribute name="Injury">Yes</attribute>
      <attribute name="Confidence Level">3</attribute>
      <attribute name="Notes">Tail and anal fin in very rough condition</attribute>
    </box>
    <box frame="134" outside="0" occluded="0" keyframe="0" xtl="215.03" ytl="316.60" xbr="1651.90" ybr="789.81" z_order="0">
      <attribute name="Sex">Male</attribute>
      <attribute name="Adipose Clipped">No</attribute>
      <attribute name="Injury">Yes</attribute>
      <attribute name="Confidence Level">3</attribute>
      <attribute name="Notes">Tail and anal fin in very rough condition</attribute>
    </box>
    <box frame="135" outside="0" occluded="0" keyframe="0" xtl="243.75" ytl="311.60" xbr="1651.90" ybr="790.67" z_order="0">
      <attribute name="Sex">Male</attribute>
      <attribute name="Adipose Clipped">No</attribute>
      <attribute name="Injury">Yes</attribute>
      <attribute name="Confidence Level">3</attribute>
      <attribute name="Notes">Tail and anal fin in very rough condition</attribute>
    </box>
    <box frame="136" outside="0" occluded="0" keyframe="0" xtl="272.48" ytl="306.60" xbr="1651.90" ybr="791.54" z_order="0">
      <attribute name="Sex">Male</attribute>
      <attribute name="Adipose Clipped">No</attribute>
      <attribute name="Injury">Yes</attribute>
      <attribute name="Confidence Level">3</attribute>
      <attribute name="Notes">Tail and anal fin in very rough condition</attribute>
    </box>
    <box frame="137" outside="0" occluded="0" keyframe="1" xtl="301.20" ytl="301.60" xbr="1651.90" ybr="792.40" z_order="0">
      <attribute name="Sex">Male</attribute>
      <attribute name="Adipose Clipped">No</attribute>
      <attribute name="Injury">Yes</attribute>
      <attribute name="Confidence Level">3</attribute>
      <attribute name="Notes">Tail and anal fin in very rough condition</attribute>
    </box>
    <box frame="138" outside="0" occluded="0" keyframe="0" xtl="301.20" ytl="305.60" xbr="1662.52" ybr="791.18" z_order="0">
      <attribute name="Sex">Male</attribute>
      <attribute name="Adipose Clipped">No</attribute>
      <attribute name="Injury">Yes</attribute>
      <attribute name="Confidence Level">3</attribute>
      <attribute name="Notes">Tail and anal fin in very rough condition</attribute>
    </box>
    <box frame="139" outside="0" occluded="0" keyframe="0" xtl="301.20" ytl="309.60" xbr="1673.14" ybr="789.96" z_order="0">
      <attribute name="Sex">Male</attribute>
      <attribute name="Adipose Clipped">No</attribute>
      <attribute name="Injury">Yes</attribute>
      <attribute name="Confidence Level">3</attribute>
      <attribute name="Notes">Tail and anal fin in very rough condition</attribute>
    </box>
    <box frame="140" outside="0" occluded="0" keyframe="0" xtl="301.20" ytl="313.60" xbr="1683.76" ybr="788.74" z_order="0">
      <attribute name="Sex">Male</attribute>
      <attribute name="Adipose Clipped">No</attribute>
      <attribute name="Injury">Yes</attribute>
      <attribute name="Confidence Level">3</attribute>
      <attribute name="Notes">Tail and anal fin in very rough condition</attribute>
    </box>
    <box frame="141" outside="0" occluded="0" keyframe="0" xtl="301.20" ytl="317.60" xbr="1694.38" ybr="787.52" z_order="0">
      <attribute name="Sex">Male</attribute>
      <attribute name="Adipose Clipped">No</attribute>
      <attribute name="Injury">Yes</attribute>
      <attribute name="Confidence Level">3</attribute>
      <attribute name="Notes">Tail and anal fin in very rough condition</attribute>
    </box>
    <box frame="142" outside="0" occluded="0" keyframe="0" xtl="301.20" ytl="321.60" xbr="1705.00" ybr="786.30" z_order="0">
      <attribute name="Sex">Male</attribute>
      <attribute name="Adipose Clipped">No</attribute>
      <attribute name="Injury">Yes</attribute>
      <attribute name="Confidence Level">3</attribute>
      <attribute name="Notes">Tail and anal fin in very rough condition</attribute>
    </box>
    <box frame="143" outside="0" occluded="0" keyframe="0" xtl="301.20" ytl="325.60" xbr="1715.62" ybr="785.08" z_order="0">
      <attribute name="Sex">Male</attribute>
      <attribute name="Adipose Clipped">No</attribute>
      <attribute name="Injury">Yes</attribute>
      <attribute name="Confidence Level">3</attribute>
      <attribute name="Notes">Tail and anal fin in very rough condition</attribute>
    </box>
    <box frame="144" outside="0" occluded="0" keyframe="0" xtl="301.20" ytl="329.60" xbr="1726.24" ybr="783.86" z_order="0">
      <attribute name="Sex">Male</attribute>
      <attribute name="Adipose Clipped">No</attribute>
      <attribute name="Injury">Yes</attribute>
      <attribute name="Confidence Level">3</attribute>
      <attribute name="Notes">Tail and anal fin in very rough condition</attribute>
    </box>
    <box frame="145" outside="0" occluded="0" keyframe="0" xtl="301.20" ytl="333.60" xbr="1736.86" ybr="782.64" z_order="0">
      <attribute name="Sex">Male</attribute>
      <attribute name="Adipose Clipped">No</attribute>
      <attribute name="Injury">Yes</attribute>
      <attribute name="Confidence Level">3</attribute>
      <attribute name="Notes">Tail and anal fin in very rough condition</attribute>
    </box>
    <box frame="146" outside="0" occluded="0" keyframe="0" xtl="301.20" ytl="337.60" xbr="1747.48" ybr="781.42" z_order="0">
      <attribute name="Sex">Male</attribute>
      <attribute name="Adipose Clipped">No</attribute>
      <attribute name="Injury">Yes</attribute>
      <attribute name="Confidence Level">3</attribute>
      <attribute name="Notes">Tail and anal fin in very rough condition</attribute>
    </box>
    <box frame="147" outside="0" occluded="0" keyframe="1" xtl="301.20" ytl="341.60" xbr="1758.10" ybr="780.20" z_order="0">
      <attribute name="Sex">Male</attribute>
      <attribute name="Adipose Clipped">No</attribute>
      <attribute name="Injury">Yes</attribute>
      <attribute name="Confidence Level">3</attribute>
      <attribute name="Notes">Tail and anal fin in very rough condition</attribute>
    </box>
    <box frame="148" outside="0" occluded="0" keyframe="0" xtl="326.81" ytl="341.60" xbr="1758.10" ybr="780.20" z_order="0">
      <attribute name="Sex">Male</attribute>
      <attribute name="Adipose Clipped">No</attribute>
      <attribute name="Injury">Yes</attribute>
      <attribute name="Confidence Level">3</attribute>
      <attribute name="Notes">Tail and anal fin in very rough condition</attribute>
    </box>
    <box frame="149" outside="0" occluded="0" keyframe="0" xtl="352.43" ytl="341.60" xbr="1758.10" ybr="780.20" z_order="0">
      <attribute name="Sex">Male</attribute>
      <attribute name="Adipose Clipped">No</attribute>
      <attribute name="Injury">Yes</attribute>
      <attribute name="Confidence Level">3</attribute>
      <attribute name="Notes">Tail and anal fin in very rough condition</attribute>
    </box>
    <box frame="150" outside="0" occluded="0" keyframe="0" xtl="378.04" ytl="341.60" xbr="1758.10" ybr="780.20" z_order="0">
      <attribute name="Sex">Male</attribute>
      <attribute name="Adipose Clipped">No</attribute>
      <attribute name="Injury">Yes</attribute>
      <attribute name="Confidence Level">3</attribute>
      <attribute name="Notes">Tail and anal fin in very rough condition</attribute>
    </box>
    <box frame="151" outside="0" occluded="0" keyframe="0" xtl="403.66" ytl="341.60" xbr="1758.10" ybr="780.20" z_order="0">
      <attribute name="Sex">Male</attribute>
      <attribute name="Adipose Clipped">No</attribute>
      <attribute name="Injury">Yes</attribute>
      <attribute name="Confidence Level">3</attribute>
      <attribute name="Notes">Tail and anal fin in very rough condition</attribute>
    </box>
    <box frame="152" outside="0" occluded="0" keyframe="0" xtl="429.27" ytl="341.60" xbr="1758.10" ybr="780.20" z_order="0">
      <attribute name="Sex">Male</attribute>
      <attribute name="Adipose Clipped">No</attribute>
      <attribute name="Injury">Yes</attribute>
      <attribute name="Confidence Level">3</attribute>
      <attribute name="Notes">Tail and anal fin in very rough condition</attribute>
    </box>
    <box frame="153" outside="0" occluded="0" keyframe="0" xtl="454.89" ytl="341.60" xbr="1758.10" ybr="780.20" z_order="0">
      <attribute name="Sex">Male</attribute>
      <attribute name="Adipose Clipped">No</attribute>
      <attribute name="Injury">Yes</attribute>
      <attribute name="Confidence Level">3</attribute>
      <attribute name="Notes">Tail and anal fin in very rough condition</attribute>
    </box>
    <box frame="154" outside="0" occluded="0" keyframe="1" xtl="480.50" ytl="341.60" xbr="1758.10" ybr="780.20" z_order="0">
      <attribute name="Sex">Male</attribute>
      <attribute name="Adipose Clipped">No</attribute>
      <attribute name="Injury">Yes</attribute>
      <attribute name="Confidence Level">3</attribute>
      <attribute name="Notes">Tail and anal fin in very rough condition</attribute>
    </box>
    <box frame="155" outside="0" occluded="0" keyframe="0" xtl="483.29" ytl="341.77" xbr="1769.24" ybr="780.37" z_order="0">
      <attribute name="Sex">Male</attribute>
      <attribute name="Adipose Clipped">No</attribute>
      <attribute name="Injury">Yes</attribute>
      <attribute name="Confidence Level">3</attribute>
      <attribute name="Notes">Tail and anal fin in very rough condition</attribute>
    </box>
    <box frame="156" outside="0" occluded="0" keyframe="0" xtl="486.07" ytl="341.95" xbr="1780.38" ybr="780.55" z_order="0">
      <attribute name="Sex">Male</attribute>
      <attribute name="Adipose Clipped">No</attribute>
      <attribute name="Injury">Yes</attribute>
      <attribute name="Confidence Level">3</attribute>
      <attribute name="Notes">Tail and anal fin in very rough condition</attribute>
    </box>
    <box frame="157" outside="0" occluded="0" keyframe="0" xtl="488.86" ytl="342.12" xbr="1791.52" ybr="780.72" z_order="0">
      <attribute name="Sex">Male</attribute>
      <attribute name="Adipose Clipped">No</attribute>
      <attribute name="Injury">Yes</attribute>
      <attribute name="Confidence Level">3</attribute>
      <attribute name="Notes">Tail and anal fin in very rough condition</attribute>
    </box>
    <box frame="158" outside="0" occluded="0" keyframe="0" xtl="491.64" ytl="342.30" xbr="1802.66" ybr="780.90" z_order="0">
      <attribute name="Sex">Male</attribute>
      <attribute name="Adipose Clipped">No</attribute>
      <attribute name="Injury">Yes</attribute>
      <attribute name="Confidence Level">3</attribute>
      <attribute name="Notes">Tail and anal fin in very rough condition</attribute>
    </box>
    <box frame="159" outside="0" occluded="0" keyframe="0" xtl="494.43" ytl="342.47" xbr="1813.80" ybr="781.07" z_order="0">
      <attribute name="Sex">Male</attribute>
      <attribute name="Adipose Clipped">No</attribute>
      <attribute name="Injury">Yes</attribute>
      <attribute name="Confidence Level">3</attribute>
      <attribute name="Notes">Tail and anal fin in very rough condition</attribute>
    </box>
    <box frame="160" outside="0" occluded="0" keyframe="0" xtl="497.21" ytl="342.64" xbr="1824.94" ybr="781.24" z_order="0">
      <attribute name="Sex">Male</attribute>
      <attribute name="Adipose Clipped">No</attribute>
      <attribute name="Injury">Yes</attribute>
      <attribute name="Confidence Level">3</attribute>
      <attribute name="Notes">Tail and anal fin in very rough condition</attribute>
    </box>
    <box frame="161" outside="0" occluded="0" keyframe="0" xtl="500.00" ytl="342.82" xbr="1836.08" ybr="781.42" z_order="0">
      <attribute name="Sex">Male</attribute>
      <attribute name="Adipose Clipped">No</attribute>
      <attribute name="Injury">Yes</attribute>
      <attribute name="Confidence Level">3</attribute>
      <attribute name="Notes">Tail and anal fin in very rough condition</attribute>
    </box>
    <box frame="162" outside="0" occluded="0" keyframe="0" xtl="502.78" ytl="342.99" xbr="1847.22" ybr="781.59" z_order="0">
      <attribute name="Sex">Male</attribute>
      <attribute name="Adipose Clipped">No</attribute>
      <attribute name="Injury">Yes</attribute>
      <attribute name="Confidence Level">3</attribute>
      <attribute name="Notes">Tail and anal fin in very rough condition</attribute>
    </box>
    <box frame="163" outside="0" occluded="0" keyframe="0" xtl="505.57" ytl="343.17" xbr="1858.36" ybr="781.77" z_order="0">
      <attribute name="Sex">Male</attribute>
      <attribute name="Adipose Clipped">No</attribute>
      <attribute name="Injury">Yes</attribute>
      <attribute name="Confidence Level">3</attribute>
      <attribute name="Notes">Tail and anal fin in very rough condition</attribute>
    </box>
    <box frame="164" outside="0" occluded="0" keyframe="1" xtl="508.35" ytl="343.34" xbr="1869.50" ybr="781.94" z_order="0">
      <attribute name="Sex">Male</attribute>
      <attribute name="Adipose Clipped">No</attribute>
      <attribute name="Injury">Yes</attribute>
      <attribute name="Confidence Level">3</attribute>
      <attribute name="Notes">Tail and anal fin in very rough condition</attribute>
    </box>
    <box frame="165" outside="0" occluded="0" keyframe="0" xtl="521.03" ytl="343.34" xbr="1876.71" ybr="781.94" z_order="0">
      <attribute name="Sex">Male</attribute>
      <attribute name="Adipose Clipped">No</attribute>
      <attribute name="Injury">Yes</attribute>
      <attribute name="Confidence Level">3</attribute>
      <attribute name="Notes">Tail and anal fin in very rough condition</attribute>
    </box>
    <box frame="166" outside="0" occluded="0" keyframe="0" xtl="533.72" ytl="343.34" xbr="1883.93" ybr="781.94" z_order="0">
      <attribute name="Sex">Male</attribute>
      <attribute name="Adipose Clipped">No</attribute>
      <attribute name="Injury">Yes</attribute>
      <attribute name="Confidence Level">3</attribute>
      <attribute name="Notes">Tail and anal fin in very rough condition</attribute>
    </box>
    <box frame="167" outside="0" occluded="0" keyframe="0" xtl="546.40" ytl="343.34" xbr="1891.14" ybr="781.94" z_order="0">
      <attribute name="Sex">Male</attribute>
      <attribute name="Adipose Clipped">No</attribute>
      <attribute name="Injury">Yes</attribute>
      <attribute name="Confidence Level">3</attribute>
      <attribute name="Notes">Tail and anal fin in very rough condition</attribute>
    </box>
    <box frame="168" outside="0" occluded="0" keyframe="0" xtl="559.08" ytl="343.34" xbr="1898.36" ybr="781.94" z_order="0">
      <attribute name="Sex">Male</attribute>
      <attribute name="Adipose Clipped">No</attribute>
      <attribute name="Injury">Yes</attribute>
      <attribute name="Confidence Level">3</attribute>
      <attribute name="Notes">Tail and anal fin in very rough condition</attribute>
    </box>
    <box frame="169" outside="0" occluded="0" keyframe="0" xtl="571.76" ytl="343.34" xbr="1905.57" ybr="781.94" z_order="0">
      <attribute name="Sex">Male</attribute>
      <attribute name="Adipose Clipped">No</attribute>
      <attribute name="Injury">Yes</attribute>
      <attribute name="Confidence Level">3</attribute>
      <attribute name="Notes">Tail and anal fin in very rough condition</attribute>
    </box>
    <box frame="170" outside="0" occluded="0" keyframe="0" xtl="584.45" ytl="343.34" xbr="1912.79" ybr="781.94" z_order="0">
      <attribute name="Sex">Male</attribute>
      <attribute name="Adipose Clipped">No</attribute>
      <attribute name="Injury">Yes</attribute>
      <attribute name="Confidence Level">3</attribute>
      <attribute name="Notes">Tail and anal fin in very rough condition</attribute>
    </box>
    <box frame="171" outside="0" occluded="0" keyframe="1" xtl="597.13" ytl="343.34" xbr="1920.00" ybr="781.94" z_order="0">
      <attribute name="Sex">Male</attribute>
      <attribute name="Adipose Clipped">No</attribute>
      <attribute name="Injury">Yes</attribute>
      <attribute name="Confidence Level">3</attribute>
      <attribute name="Notes">Tail and anal fin in very rough condition</attribute>
    </box>
    <box frame="172" outside="0" occluded="0" keyframe="0" xtl="611.92" ytl="347.87" xbr="1920.00" ybr="786.47" z_order="0">
      <attribute name="Sex">Male</attribute>
      <attribute name="Adipose Clipped">No</attribute>
      <attribute name="Injury">Yes</attribute>
      <attribute name="Confidence Level">3</attribute>
      <attribute name="Notes">Tail and anal fin in very rough condition</attribute>
    </box>
    <box frame="173" outside="0" occluded="0" keyframe="0" xtl="626.72" ytl="352.39" xbr="1920.00" ybr="790.99" z_order="0">
      <attribute name="Sex">Male</attribute>
      <attribute name="Adipose Clipped">No</attribute>
      <attribute name="Injury">Yes</attribute>
      <attribute name="Confidence Level">3</attribute>
      <attribute name="Notes">Tail and anal fin in very rough condition</attribute>
    </box>
    <box frame="174" outside="0" occluded="0" keyframe="0" xtl="641.52" ytl="356.92" xbr="1920.00" ybr="795.52" z_order="0">
      <attribute name="Sex">Male</attribute>
      <attribute name="Adipose Clipped">No</attribute>
      <attribute name="Injury">Yes</attribute>
      <attribute name="Confidence Level">3</attribute>
      <attribute name="Notes">Tail and anal fin in very rough condition</attribute>
    </box>
    <box frame="175" outside="0" occluded="0" keyframe="0" xtl="656.31" ytl="361.44" xbr="1920.00" ybr="800.04" z_order="0">
      <attribute name="Sex">Male</attribute>
      <attribute name="Adipose Clipped">No</attribute>
      <attribute name="Injury">Yes</attribute>
      <attribute name="Confidence Level">3</attribute>
      <attribute name="Notes">Tail and anal fin in very rough condition</attribute>
    </box>
    <box frame="176" outside="0" occluded="0" keyframe="0" xtl="671.11" ytl="365.97" xbr="1920.00" ybr="804.57" z_order="0">
      <attribute name="Sex">Male</attribute>
      <attribute name="Adipose Clipped">No</attribute>
      <attribute name="Injury">Yes</attribute>
      <attribute name="Confidence Level">3</attribute>
      <attribute name="Notes">Tail and anal fin in very rough condition</attribute>
    </box>
    <box frame="177" outside="0" occluded="0" keyframe="0" xtl="685.90" ytl="370.50" xbr="1920.00" ybr="809.09" z_order="0">
      <attribute name="Sex">Male</attribute>
      <attribute name="Adipose Clipped">No</attribute>
      <attribute name="Injury">Yes</attribute>
      <attribute name="Confidence Level">3</attribute>
      <attribute name="Notes">Tail and anal fin in very rough condition</attribute>
    </box>
    <box frame="178" outside="0" occluded="0" keyframe="0" xtl="700.70" ytl="375.02" xbr="1920.00" ybr="813.62" z_order="0">
      <attribute name="Sex">Male</attribute>
      <attribute name="Adipose Clipped">No</attribute>
      <attribute name="Injury">Yes</attribute>
      <attribute name="Confidence Level">3</attribute>
      <attribute name="Notes">Tail and anal fin in very rough condition</attribute>
    </box>
    <box frame="179" outside="0" occluded="0" keyframe="0" xtl="715.50" ytl="379.55" xbr="1920.00" ybr="818.15" z_order="0">
      <attribute name="Sex">Male</attribute>
      <attribute name="Adipose Clipped">No</attribute>
      <attribute name="Injury">Yes</attribute>
      <attribute name="Confidence Level">3</attribute>
      <attribute name="Notes">Tail and anal fin in very rough condition</attribute>
    </box>
    <box frame="180" outside="0" occluded="0" keyframe="0" xtl="730.29" ytl="384.07" xbr="1920.00" ybr="822.67" z_order="0">
      <attribute name="Sex">Male</attribute>
      <attribute name="Adipose Clipped">No</attribute>
      <attribute name="Injury">Yes</attribute>
      <attribute name="Confidence Level">3</attribute>
      <attribute name="Notes">Tail and anal fin in very rough condition</attribute>
    </box>
    <box frame="181" outside="0" occluded="0" keyframe="1" xtl="745.09" ytl="388.60" xbr="1920.00" ybr="827.20" z_order="0">
      <attribute name="Sex">Male</attribute>
      <attribute name="Adipose Clipped">No</attribute>
      <attribute name="Injury">Yes</attribute>
      <attribute name="Confidence Level">3</attribute>
      <attribute name="Notes">Tail and anal fin in very rough condition</attribute>
    </box>
    <box frame="182" outside="0" occluded="0" keyframe="0" xtl="762.33" ytl="388.60" xbr="1920.00" ybr="830.04" z_order="0">
      <attribute name="Sex">Male</attribute>
      <attribute name="Adipose Clipped">No</attribute>
      <attribute name="Injury">Yes</attribute>
      <attribute name="Confidence Level">3</attribute>
      <attribute name="Notes">Tail and anal fin in very rough condition</attribute>
    </box>
    <box frame="183" outside="0" occluded="0" keyframe="0" xtl="779.58" ytl="388.60" xbr="1920.00" ybr="832.89" z_order="0">
      <attribute name="Sex">Male</attribute>
      <attribute name="Adipose Clipped">No</attribute>
      <attribute name="Injury">Yes</attribute>
      <attribute name="Confidence Level">3</attribute>
      <attribute name="Notes">Tail and anal fin in very rough condition</attribute>
    </box>
    <box frame="184" outside="0" occluded="0" keyframe="0" xtl="796.83" ytl="388.60" xbr="1920.00" ybr="835.73" z_order="0">
      <attribute name="Sex">Male</attribute>
      <attribute name="Adipose Clipped">No</attribute>
      <attribute name="Injury">Yes</attribute>
      <attribute name="Confidence Level">3</attribute>
      <attribute name="Notes">Tail and anal fin in very rough condition</attribute>
    </box>
    <box frame="185" outside="0" occluded="0" keyframe="0" xtl="814.07" ytl="388.60" xbr="1920.00" ybr="838.58" z_order="0">
      <attribute name="Sex">Male</attribute>
      <attribute name="Adipose Clipped">No</attribute>
      <attribute name="Injury">Yes</attribute>
      <attribute name="Confidence Level">3</attribute>
      <attribute name="Notes">Tail and anal fin in very rough condition</attribute>
    </box>
    <box frame="186" outside="0" occluded="0" keyframe="0" xtl="831.32" ytl="388.60" xbr="1920.00" ybr="841.43" z_order="0">
      <attribute name="Sex">Male</attribute>
      <attribute name="Adipose Clipped">No</attribute>
      <attribute name="Injury">Yes</attribute>
      <attribute name="Confidence Level">3</attribute>
      <attribute name="Notes">Tail and anal fin in very rough condition</attribute>
    </box>
    <box frame="187" outside="0" occluded="0" keyframe="0" xtl="848.57" ytl="388.60" xbr="1920.00" ybr="844.27" z_order="0">
      <attribute name="Sex">Male</attribute>
      <attribute name="Adipose Clipped">No</attribute>
      <attribute name="Injury">Yes</attribute>
      <attribute name="Confidence Level">3</attribute>
      <attribute name="Notes">Tail and anal fin in very rough condition</attribute>
    </box>
    <box frame="188" outside="0" occluded="0" keyframe="0" xtl="865.81" ytl="388.60" xbr="1920.00" ybr="847.12" z_order="0">
      <attribute name="Sex">Male</attribute>
      <attribute name="Adipose Clipped">No</attribute>
      <attribute name="Injury">Yes</attribute>
      <attribute name="Confidence Level">3</attribute>
      <attribute name="Notes">Tail and anal fin in very rough condition</attribute>
    </box>
    <box frame="189" outside="0" occluded="0" keyframe="0" xtl="883.06" ytl="388.60" xbr="1920.00" ybr="849.96" z_order="0">
      <attribute name="Sex">Male</attribute>
      <attribute name="Adipose Clipped">No</attribute>
      <attribute name="Injury">Yes</attribute>
      <attribute name="Confidence Level">3</attribute>
      <attribute name="Notes">Tail and anal fin in very rough condition</attribute>
    </box>
    <box frame="190" outside="0" occluded="0" keyframe="0" xtl="900.31" ytl="388.60" xbr="1920.00" ybr="852.81" z_order="0">
      <attribute name="Sex">Male</attribute>
      <attribute name="Adipose Clipped">No</attribute>
      <attribute name="Injury">Yes</attribute>
      <attribute name="Confidence Level">3</attribute>
      <attribute name="Notes">Tail and anal fin in very rough condition</attribute>
    </box>
    <box frame="191" outside="0" occluded="0" keyframe="0" xtl="917.55" ytl="388.60" xbr="1920.00" ybr="855.65" z_order="0">
      <attribute name="Sex">Male</attribute>
      <attribute name="Adipose Clipped">No</attribute>
      <attribute name="Injury">Yes</attribute>
      <attribute name="Confidence Level">3</attribute>
      <attribute name="Notes">Tail and anal fin in very rough condition</attribute>
    </box>
    <box frame="192" outside="0" occluded="0" keyframe="1" xtl="934.80" ytl="388.60" xbr="1920.00" ybr="858.50" z_order="0">
      <attribute name="Sex">Male</attribute>
      <attribute name="Adipose Clipped">No</attribute>
      <attribute name="Injury">Yes</attribute>
      <attribute name="Confidence Level">3</attribute>
      <attribute name="Notes">Tail and anal fin in very rough condition</attribute>
    </box>
    <box frame="193" outside="0" occluded="0" keyframe="0" xtl="974.49" ytl="388.60" xbr="1920.00" ybr="846.32" z_order="0">
      <attribute name="Sex">Male</attribute>
      <attribute name="Adipose Clipped">No</attribute>
      <attribute name="Injury">Yes</attribute>
      <attribute name="Confidence Level">3</attribute>
      <attribute name="Notes">Tail and anal fin in very rough condition</attribute>
    </box>
    <box frame="194" outside="0" occluded="0" keyframe="0" xtl="1014.18" ytl="388.60" xbr="1920.00" ybr="834.14" z_order="0">
      <attribute name="Sex">Male</attribute>
      <attribute name="Adipose Clipped">No</attribute>
      <attribute name="Injury">Yes</attribute>
      <attribute name="Confidence Level">3</attribute>
      <attribute name="Notes">Tail and anal fin in very rough condition</attribute>
    </box>
    <box frame="195" outside="0" occluded="0" keyframe="0" xtl="1053.87" ytl="388.60" xbr="1920.00" ybr="821.96" z_order="0">
      <attribute name="Sex">Male</attribute>
      <attribute name="Adipose Clipped">No</attribute>
      <attribute name="Injury">Yes</attribute>
      <attribute name="Confidence Level">3</attribute>
      <attribute name="Notes">Tail and anal fin in very rough condition</attribute>
    </box>
    <box frame="196" outside="0" occluded="0" keyframe="0" xtl="1093.56" ytl="388.60" xbr="1920.00" ybr="809.78" z_order="0">
      <attribute name="Sex">Male</attribute>
      <attribute name="Adipose Clipped">No</attribute>
      <attribute name="Injury">Yes</attribute>
      <attribute name="Confidence Level">3</attribute>
      <attribute name="Notes">Tail and anal fin in very rough condition</attribute>
    </box>
    <box frame="197" outside="0" occluded="0" keyframe="0" xtl="1133.25" ytl="388.60" xbr="1920.00" ybr="797.60" z_order="0">
      <attribute name="Sex">Male</attribute>
      <attribute name="Adipose Clipped">No</attribute>
      <attribute name="Injury">Yes</attribute>
      <attribute name="Confidence Level">3</attribute>
      <attribute name="Notes">Tail and anal fin in very rough condition</attribute>
    </box>
    <box frame="198" outside="0" occluded="0" keyframe="0" xtl="1172.94" ytl="388.60" xbr="1920.00" ybr="785.42" z_order="0">
      <attribute name="Sex">Male</attribute>
      <attribute name="Adipose Clipped">No</attribute>
      <attribute name="Injury">Yes</attribute>
      <attribute name="Confidence Level">3</attribute>
      <attribute name="Notes">Tail and anal fin in very rough condition</attribute>
    </box>
    <box frame="199" outside="0" occluded="0" keyframe="0" xtl="1212.63" ytl="388.60" xbr="1920.00" ybr="773.24" z_order="0">
      <attribute name="Sex">Male</attribute>
      <attribute name="Adipose Clipped">No</attribute>
      <attribute name="Injury">Yes</attribute>
      <attribute name="Confidence Level">3</attribute>
      <attribute name="Notes">Tail and anal fin in very rough condition</attribute>
    </box>
    <box frame="200" outside="0" occluded="0" keyframe="0" xtl="1252.32" ytl="388.60" xbr="1920.00" ybr="761.06" z_order="0">
      <attribute name="Sex">Male</attribute>
      <attribute name="Adipose Clipped">No</attribute>
      <attribute name="Injury">Yes</attribute>
      <attribute name="Confidence Level">3</attribute>
      <attribute name="Notes">Tail and anal fin in very rough condition</attribute>
    </box>
    <box frame="201" outside="0" occluded="0" keyframe="0" xtl="1292.01" ytl="388.60" xbr="1920.00" ybr="748.88" z_order="0">
      <attribute name="Sex">Male</attribute>
      <attribute name="Adipose Clipped">No</attribute>
      <attribute name="Injury">Yes</attribute>
      <attribute name="Confidence Level">3</attribute>
      <attribute name="Notes">Tail and anal fin in very rough condition</attribute>
    </box>
    <box frame="202" outside="0" occluded="0" keyframe="1" xtl="1331.70" ytl="388.60" xbr="1920.00" ybr="736.70" z_order="0">
      <attribute name="Sex">Male</attribute>
      <attribute name="Adipose Clipped">No</attribute>
      <attribute name="Injury">Yes</attribute>
      <attribute name="Confidence Level">3</attribute>
      <attribute name="Notes">Tail and anal fin in very rough condition</attribute>
    </box>
    <box frame="203" outside="0" occluded="0" keyframe="0" xtl="1372.69" ytl="388.60" xbr="1920.00" ybr="736.18" z_order="0">
      <attribute name="Sex">Male</attribute>
      <attribute name="Adipose Clipped">No</attribute>
      <attribute name="Injury">Yes</attribute>
      <attribute name="Confidence Level">3</attribute>
      <attribute name="Notes">Tail and anal fin in very rough condition</attribute>
    </box>
    <box frame="204" outside="0" occluded="0" keyframe="0" xtl="1413.68" ytl="388.60" xbr="1920.00" ybr="735.66" z_order="0">
      <attribute name="Sex">Male</attribute>
      <attribute name="Adipose Clipped">No</attribute>
      <attribute name="Injury">Yes</attribute>
      <attribute name="Confidence Level">3</attribute>
      <attribute name="Notes">Tail and anal fin in very rough condition</attribute>
    </box>
    <box frame="205" outside="0" occluded="0" keyframe="0" xtl="1454.66" ytl="388.60" xbr="1920.00" ybr="735.14" z_order="0">
      <attribute name="Sex">Male</attribute>
      <attribute name="Adipose Clipped">No</attribute>
      <attribute name="Injury">Yes</attribute>
      <attribute name="Confidence Level">3</attribute>
      <attribute name="Notes">Tail and anal fin in very rough condition</attribute>
    </box>
    <box frame="206" outside="0" occluded="0" keyframe="0" xtl="1495.65" ytl="388.60" xbr="1920.00" ybr="734.62" z_order="0">
      <attribute name="Sex">Male</attribute>
      <attribute name="Adipose Clipped">No</attribute>
      <attribute name="Injury">Yes</attribute>
      <attribute name="Confidence Level">3</attribute>
      <attribute name="Notes">Tail and anal fin in very rough condition</attribute>
    </box>
    <box frame="207" outside="0" occluded="0" keyframe="0" xtl="1536.64" ytl="388.60" xbr="1920.00" ybr="734.10" z_order="0">
      <attribute name="Sex">Male</attribute>
      <attribute name="Adipose Clipped">No</attribute>
      <attribute name="Injury">Yes</attribute>
      <attribute name="Confidence Level">3</attribute>
      <attribute name="Notes">Tail and anal fin in very rough condition</attribute>
    </box>
    <box frame="208" outside="0" occluded="0" keyframe="0" xtl="1577.63" ytl="388.60" xbr="1920.00" ybr="733.58" z_order="0">
      <attribute name="Sex">Male</attribute>
      <attribute name="Adipose Clipped">No</attribute>
      <attribute name="Injury">Yes</attribute>
      <attribute name="Confidence Level">3</attribute>
      <attribute name="Notes">Tail and anal fin in very rough condition</attribute>
    </box>
    <box frame="209" outside="0" occluded="0" keyframe="0" xtl="1618.61" ytl="388.60" xbr="1920.00" ybr="733.06" z_order="0">
      <attribute name="Sex">Male</attribute>
      <attribute name="Adipose Clipped">No</attribute>
      <attribute name="Injury">Yes</attribute>
      <attribute name="Confidence Level">3</attribute>
      <attribute name="Notes">Tail and anal fin in very rough condition</attribute>
    </box>
    <box frame="210" outside="0" occluded="0" keyframe="1" xtl="1659.60" ytl="388.60" xbr="1920.00" ybr="732.54" z_order="0">
      <attribute name="Sex">Male</attribute>
      <attribute name="Adipose Clipped">No</attribute>
      <attribute name="Injury">Yes</attribute>
      <attribute name="Confidence Level">3</attribute>
      <attribute name="Notes">Tail and anal fin in very rough condition</attribute>
    </box>
    <box frame="211" outside="0" occluded="0" keyframe="0" xtl="1763.70" ytl="388.60" xbr="1920.00" ybr="732.02" z_order="0">
      <attribute name="Sex">Male</attribute>
      <attribute name="Adipose Clipped">No</attribute>
      <attribute name="Injury">Yes</attribute>
      <attribute name="Confidence Level">3</attribute>
      <attribute name="Notes">Tail and anal fin in very rough condition</attribute>
    </box>
    <box frame="212" outside="0" occluded="0" keyframe="1" xtl="1867.80" ytl="388.60" xbr="1920.00" ybr="731.50" z_order="0">
      <attribute name="Sex">Male</attribute>
      <attribute name="Adipose Clipped">No</attribute>
      <attribute name="Injury">Yes</attribute>
      <attribute name="Confidence Level">3</attribute>
      <attribute name="Notes">Tail and anal fin in very rough condition</attribute>
    </box>
    <box frame="213" outside="0" occluded="0" keyframe="0" xtl="1867.80" ytl="388.60" xbr="1920.00" ybr="731.50" z_order="0">
      <attribute name="Sex">Male</attribute>
      <attribute name="Adipose Clipped">No</attribute>
      <attribute name="Injury">Yes</attribute>
      <attribute name="Confidence Level">3</attribute>
      <attribute name="Notes">Tail and anal fin in very rough condition</attribute>
    </box>
    <box frame="214" outside="1" occluded="0" keyframe="1" xtl="1867.80" ytl="388.60" xbr="1920.00" ybr="731.50" z_order="0">
      <attribute name="Sex">Male</attribute>
      <attribute name="Adipose Clipped">No</attribute>
      <attribute name="Injury">Yes</attribute>
      <attribute name="Confidence Level">3</attribute>
      <attribute name="Notes">Tail and anal fin in very rough condition</attribute>
    </box>
  </track>
</annotations>