<?xml version="1.0" encoding="utf-8"?>
<annotations>
  <version>1.1</version>
  <meta>
    <task>
      <id>37</id>
      <name>09-24-2019 17-02-25 M Right Bank Underwater</name>
      <size>71</size>
      <mode>interpolation</mode>
      <overlap>5</overlap>
      <bugtracker></bugtracker>
      <created>2021-03-10 05:30:06.718411+00:00</created>
      <updated>2021-03-10 06:58:30.661011+00:00</updated>
      <start_frame>0</start_frame>
      <stop_frame>70</stop_frame>
      <frame_filter></frame_filter>
      <labels>
        <label>
          <name>Coho</name>
          <color>#24b353</color>
          <attributes>
            <attribute>
              <name>Adipose Clipped</name>
              <mutable>False</mutable>
              <input_type>select</input_type>
              <default_value>No</default_value>
              <values>No
Yes
NA</values>
            </attribute>
            <attribute>
              <name>Confidence Level</name>
              <mutable>False</mutable>
              <input_type>select</input_type>
              <default_value>3</default_value>
              <values>3
2
1</values>
            </attribute>
            <attribute>
              <name>Injury</name>
              <mutable>False</mutable>
              <input_type>select</input_type>
              <default_value>No</default_value>
              <values>No
Yes
NA</values>
            </attribute>
            <attribute>
              <name>Notes</name>
              <mutable>False</mutable>
              <input_type>text</input_type>
              <default_value>NA</default_value>
              <values>NA</values>
            </attribute>
            <attribute>
              <name>Sex</name>
              <mutable>False</mutable>
              <input_type>select</input_type>
              <default_value>Male</default_value>
              <values>Male
Female
Jack</values>
            </attribute>
          </attributes>
        </label>
        <label>
          <name>Bull</name>
          <color>#ff6037</color>
          <attributes>
            <attribute>
              <name>Adipose Clipped</name>
              <mutable>False</mutable>
              <input_type>select</input_type>
              <default_value>No</default_value>
              <values>No
NA</values>
            </attribute>
            <attribute>
              <name>Confidence Level</name>
              <mutable>False</mutable>
              <input_type>select</input_type>
              <default_value>3</default_value>
              <values>3
2
1</values>
            </attribute>
            <attribute>
              <name>Injury</name>
              <mutable>False</mutable>
              <input_type>select</input_type>
              <default_value>No</default_value>
              <values>No
Yes
NA</values>
            </attribute>
            <attribute>
              <name>Notes</name>
              <mutable>False</mutable>
              <input_type>text</input_type>
              <default_value>NA</default_value>
              <values>NA</values>
            </attribute>
            <attribute>
              <name>Sex</name>
              <mutable>False</mutable>
              <input_type>select</input_type>
              <default_value>NA</default_value>
              <values>NA</values>
            </attribute>
          </attributes>
        </label>
        <label>
          <name>Chum</name>
          <color>#b83df5</color>
          <attributes>
            <attribute>
              <name>Adipose Clipped</name>
              <mutable>False</mutable>
              <input_type>select</input_type>
              <default_value>No</default_value>
              <values>No
Yes
NA</values>
            </attribute>
            <attribute>
              <name>Confidence Level</name>
              <mutable>False</mutable>
              <input_type>select</input_type>
              <default_value>3</default_value>
              <values>3
2
1</values>
            </attribute>
            <attribute>
              <name>Injury</name>
              <mutable>False</mutable>
              <input_type>select</input_type>
              <default_value>No</default_value>
              <values>No
Yes
NA</values>
            </attribute>
            <attribute>
              <name>Notes</name>
              <mutable>False</mutable>
              <input_type>text</input_type>
              <default_value>NA</default_value>
              <values>NA</values>
            </attribute>
            <attribute>
              <name>Sex</name>
              <mutable>False</mutable>
              <input_type>select</input_type>
              <default_value>Male</default_value>
              <values>Male
Female</values>
            </attribute>
          </attributes>
        </label>
        <label>
          <name>Whitefish</name>
          <color>#e5e5f3</color>
          <attributes>
            <attribute>
              <name>Adipose Clipped</name>
              <mutable>False</mutable>
              <input_type>select</input_type>
              <default_value>No</default_value>
              <values>No
Yes
NA</values>
            </attribute>
            <attribute>
              <name>Confidence Level</name>
              <mutable>False</mutable>
              <input_type>select</input_type>
              <default_value>3</default_value>
              <values>3
2
1</values>
            </attribute>
            <attribute>
              <name>Injury</name>
              <mutable>False</mutable>
              <input_type>select</input_type>
              <default_value>No</default_value>
              <values>No
Yes
NA</values>
            </attribute>
            <attribute>
              <name>Notes</name>
              <mutable>False</mutable>
              <input_type>text</input_type>
              <default_value>NA</default_value>
              <values>NA</values>
            </attribute>
            <attribute>
              <name>Sex</name>
              <mutable>False</mutable>
              <input_type>select</input_type>
              <default_value>NA</default_value>
              <values>NA</values>
            </attribute>
          </attributes>
        </label>
        <label>
          <name>Pink</name>
          <color>#fa7dbb</color>
          <attributes>
            <attribute>
              <name>Adipose Clipped</name>
              <mutable>False</mutable>
              <input_type>select</input_type>
              <default_value>No</default_value>
              <values>No
Yes
NA</values>
            </attribute>
            <attribute>
              <name>Confidence Level</name>
              <mutable>False</mutable>
              <input_type>select</input_type>
              <default_value>3</default_value>
              <values>3
2
1</values>
            </attribute>
            <attribute>
              <name>Injury</name>
              <mutable>False</mutable>
              <input_type>select</input_type>
              <default_value>No</default_value>
              <values>No
Yes
NA</values>
            </attribute>
            <attribute>
              <name>Notes</name>
              <mutable>False</mutable>
              <input_type>text</input_type>
              <default_value>NA</default_value>
              <values>NA</values>
            </attribute>
            <attribute>
              <name>Sex</name>
              <mutable>False</mutable>
              <input_type>select</input_type>
              <default_value>Male</default_value>
              <values>Male
Female
NA</values>
            </attribute>
          </attributes>
        </label>
        <label>
          <name>Sockeye</name>
          <color>#fa3253</color>
          <attributes>
            <attribute>
              <name>Adipose Clipped</name>
              <mutable>False</mutable>
              <input_type>select</input_type>
              <default_value>No</default_value>
              <values>No
Yes
NA</values>
            </attribute>
            <attribute>
              <name>Confidence Level</name>
              <mutable>False</mutable>
              <input_type>select</input_type>
              <default_value>3</default_value>
              <values>3
2
1</values>
            </attribute>
            <attribute>
              <name>Injury</name>
              <mutable>False</mutable>
              <input_type>select</input_type>
              <default_value>No</default_value>
              <values>No
Yes
NA</values>
            </attribute>
            <attribute>
              <name>Notes</name>
              <mutable>False</mutable>
              <input_type>text</input_type>
              <default_value>NA</default_value>
              <values>NA</values>
            </attribute>
            <attribute>
              <name>Sex</name>
              <mutable>False</mutable>
              <input_type>select</input_type>
              <default_value>Male</default_value>
              <values>Male
Female</values>
            </attribute>
          </attributes>
        </label>
        <label>
          <name>Rainbow</name>
          <color>#ff00cc</color>
          <attributes>
            <attribute>
              <name>Adipose Clipped</name>
              <mutable>False</mutable>
              <input_type>select</input_type>
              <default_value>No</default_value>
              <values>No
Yes
NA</values>
            </attribute>
            <attribute>
              <name>Confidence Level</name>
              <mutable>False</mutable>
              <input_type>select</input_type>
              <default_value>3</default_value>
              <values>3
2
1</values>
            </attribute>
            <attribute>
              <name>Injury</name>
              <mutable>False</mutable>
              <input_type>select</input_type>
              <default_value>No</default_value>
              <values>No
Yes
NA</values>
            </attribute>
            <attribute>
              <name>Notes</name>
              <mutable>False</mutable>
              <input_type>text</input_type>
              <default_value>NA</default_value>
              <values>NA</values>
            </attribute>
            <attribute>
              <name>Sex</name>
              <mutable>False</mutable>
              <input_type>select</input_type>
              <default_value>NA</default_value>
              <values>NA
Juvenile</values>
            </attribute>
          </attributes>
        </label>
        <label>
          <name>Steelhead</name>
          <color>#66ff66</color>
          <attributes>
            <attribute>
              <name>Adipose Clipped</name>
              <mutable>False</mutable>
              <input_type>select</input_type>
              <default_value>No</default_value>
              <values>No
Yes
NA</values>
            </attribute>
            <attribute>
              <name>Confidence Level</name>
              <mutable>False</mutable>
              <input_type>select</input_type>
              <default_value>3</default_value>
              <values>3
2
1</values>
            </attribute>
            <attribute>
              <name>Injury</name>
              <mutable>False</mutable>
              <input_type>select</input_type>
              <default_value>No</default_value>
              <values>No
Yes
NA</values>
            </attribute>
            <attribute>
              <name>Notes</name>
              <mutable>False</mutable>
              <input_type>select</input_type>
              <default_value>NA</default_value>
              <values>NA</values>
            </attribute>
            <attribute>
              <name>Sex</name>
              <mutable>False</mutable>
              <input_type>select</input_type>
              <default_value>Male</default_value>
              <values>Male
Female</values>
            </attribute>
          </attributes>
        </label>
        <label>
          <name>Chinook</name>
          <color>#cc3366</color>
          <attributes>
            <attribute>
              <name>Adipose Clipped</name>
              <mutable>False</mutable>
              <input_type>select</input_type>
              <default_value>No</default_value>
              <values>No
Yes
NA</values>
            </attribute>
            <attribute>
              <name>Confidence Level</name>
              <mutable>False</mutable>
              <input_type>select</input_type>
              <default_value>3</default_value>
              <values>3
2
1</values>
            </attribute>
            <attribute>
              <name>Injury</name>
              <mutable>False</mutable>
              <input_type>select</input_type>
              <default_value>No</default_value>
              <values>No
Yes
NA</values>
            </attribute>
            <attribute>
              <name>Notes</name>
              <mutable>False</mutable>
              <input_type>text</input_type>
              <default_value>NA</default_value>
              <values>NA</values>
            </attribute>
            <attribute>
              <name>Sex</name>
              <mutable>False</mutable>
              <input_type>select</input_type>
              <default_value>Male</default_value>
              <values>Male
Female</values>
            </attribute>
          </attributes>
        </label>
        <label>
          <name>Pikeminnow</name>
          <color>#cc9933</color>
          <attributes>
          </attributes>
        </label>
      </labels>
      <segments>
        <segment>
          <id>37</id>
          <start>0</start>
          <stop>70</stop>
          <url>httplocalhost:8080/?id=37</url>
        </segment>
      </segments>
      <owner>
        <username>bna19</username>
        <email>bna19@sfu.ca</email>
      </owner>
      <assignee></assignee>
      <original_size>
        <width>1920</width>
        <height>1080</height>
      </original_size>
    </task>
    <dumped>2021-03-10 06:58:38.984198+00:00</dumped>
    <source>09-24-2019 17-02-25 M Right Bank Underwater.mp4</source>
  </meta>
  <track id="0" label="Pink" source="manual">
    <box frame="17" outside="0" occluded="0" keyframe="1" xtl="1180.62" ytl="380.00" xbr="1915.62" ybr="785.00" z_order="0">
      <attribute name="Sex">Male</attribute>
      <attribute name="Adipose Clipped">No</attribute>
      <attribute name="Injury">Yes</attribute>
      <attribute name="Confidence Level">3</attribute>
      <attribute name="Notes">White fungus on tail, back, and head</attribute>
    </box>
    <box frame="18" outside="0" occluded="0" keyframe="0" xtl="1123.41" ytl="380.00" xbr="1915.62" ybr="803.75" z_order="0">
      <attribute name="Sex">Male</attribute>
      <attribute name="Adipose Clipped">No</attribute>
      <attribute name="Injury">Yes</attribute>
      <attribute name="Confidence Level">3</attribute>
      <attribute name="Notes">White fungus on tail, back, and head</attribute>
    </box>
    <box frame="19" outside="0" occluded="0" keyframe="1" xtl="1066.20" ytl="380.00" xbr="1915.62" ybr="822.50" z_order="0">
      <attribute name="Sex">Male</attribute>
      <attribute name="Adipose Clipped">No</attribute>
      <attribute name="Injury">Yes</attribute>
      <attribute name="Confidence Level">3</attribute>
      <attribute name="Notes">White fungus on tail, back, and head</attribute>
    </box>
    <box frame="20" outside="0" occluded="0" keyframe="0" xtl="1047.45" ytl="375.00" xbr="1917.08" ybr="817.50" z_order="0">
      <attribute name="Sex">Male</attribute>
      <attribute name="Adipose Clipped">No</attribute>
      <attribute name="Injury">Yes</attribute>
      <attribute name="Confidence Level">3</attribute>
      <attribute name="Notes">White fungus on tail, back, and head</attribute>
    </box>
    <box frame="21" outside="0" occluded="0" keyframe="0" xtl="1028.70" ytl="370.00" xbr="1918.54" ybr="812.50" z_order="0">
      <attribute name="Sex">Male</attribute>
      <attribute name="Adipose Clipped">No</attribute>
      <attribute name="Injury">Yes</attribute>
      <attribute name="Confidence Level">3</attribute>
      <attribute name="Notes">White fungus on tail, back, and head</attribute>
    </box>
    <box frame="22" outside="0" occluded="0" keyframe="1" xtl="1009.95" ytl="365.00" xbr="1920.00" ybr="807.50" z_order="0">
      <attribute name="Sex">Male</attribute>
      <attribute name="Adipose Clipped">No</attribute>
      <attribute name="Injury">Yes</attribute>
      <attribute name="Confidence Level">3</attribute>
      <attribute name="Notes">White fungus on tail, back, and head</attribute>
    </box>
    <box frame="23" outside="0" occluded="0" keyframe="0" xtl="987.91" ytl="365.00" xbr="1920.00" ybr="811.25" z_order="0">
      <attribute name="Sex">Male</attribute>
      <attribute name="Adipose Clipped">No</attribute>
      <attribute name="Injury">Yes</attribute>
      <attribute name="Confidence Level">3</attribute>
      <attribute name="Notes">White fungus on tail, back, and head</attribute>
    </box>
    <box frame="24" outside="0" occluded="0" keyframe="0" xtl="965.88" ytl="365.00" xbr="1920.00" ybr="815.00" z_order="0">
      <attribute name="Sex">Male</attribute>
      <attribute name="Adipose Clipped">No</attribute>
      <attribute name="Injury">Yes</attribute>
      <attribute name="Confidence Level">3</attribute>
      <attribute name="Notes">White fungus on tail, back, and head</attribute>
    </box>
    <box frame="25" outside="0" occluded="0" keyframe="0" xtl="943.84" ytl="365.00" xbr="1920.00" ybr="818.75" z_order="0">
      <attribute name="Sex">Male</attribute>
      <attribute name="Adipose Clipped">No</attribute>
      <attribute name="Injury">Yes</attribute>
      <attribute name="Confidence Level">3</attribute>
      <attribute name="Notes">White fungus on tail, back, and head</attribute>
    </box>
    <box frame="26" outside="0" occluded="0" keyframe="1" xtl="921.80" ytl="365.00" xbr="1920.00" ybr="822.50" z_order="0">
      <attribute name="Sex">Male</attribute>
      <attribute name="Adipose Clipped">No</attribute>
      <attribute name="Injury">Yes</attribute>
      <attribute name="Confidence Level">3</attribute>
      <attribute name="Notes">White fungus on tail, back, and head</attribute>
    </box>
    <box frame="27" outside="0" occluded="0" keyframe="0" xtl="904.00" ytl="335.00" xbr="1920.00" ybr="792.50" z_order="0">
      <attribute name="Sex">Male</attribute>
      <attribute name="Adipose Clipped">No</attribute>
      <attribute name="Injury">Yes</attribute>
      <attribute name="Confidence Level">3</attribute>
      <attribute name="Notes">White fungus on tail, back, and head</attribute>
    </box>
    <box frame="28" outside="0" occluded="0" keyframe="1" xtl="886.20" ytl="305.00" xbr="1920.00" ybr="762.50" z_order="0">
      <attribute name="Sex">Male</attribute>
      <attribute name="Adipose Clipped">No</attribute>
      <attribute name="Injury">Yes</attribute>
      <attribute name="Confidence Level">3</attribute>
      <attribute name="Notes">White fungus on tail, back, and head</attribute>
    </box>
    <box frame="29" outside="0" occluded="0" keyframe="0" xtl="857.47" ytl="305.00" xbr="1920.00" ybr="745.00" z_order="0">
      <attribute name="Sex">Male</attribute>
      <attribute name="Adipose Clipped">No</attribute>
      <attribute name="Injury">Yes</attribute>
      <attribute name="Confidence Level">3</attribute>
      <attribute name="Notes">White fungus on tail, back, and head</attribute>
    </box>
    <box frame="30" outside="0" occluded="0" keyframe="0" xtl="828.73" ytl="305.00" xbr="1920.00" ybr="727.50" z_order="0">
      <attribute name="Sex">Male</attribute>
      <attribute name="Adipose Clipped">No</attribute>
      <attribute name="Injury">Yes</attribute>
      <attribute name="Confidence Level">3</attribute>
      <attribute name="Notes">White fungus on tail, back, and head</attribute>
    </box>
    <box frame="31" outside="0" occluded="0" keyframe="1" xtl="800.00" ytl="305.00" xbr="1920.00" ybr="710.00" z_order="0">
      <attribute name="Sex">Male</attribute>
      <attribute name="Adipose Clipped">No</attribute>
      <attribute name="Injury">Yes</attribute>
      <attribute name="Confidence Level">3</attribute>
      <attribute name="Notes">White fungus on tail, back, and head</attribute>
    </box>
    <box frame="32" outside="0" occluded="0" keyframe="0" xtl="809.06" ytl="306.56" xbr="1920.00" ybr="711.56" z_order="0">
      <attribute name="Sex">Male</attribute>
      <attribute name="Adipose Clipped">No</attribute>
      <attribute name="Injury">Yes</attribute>
      <attribute name="Confidence Level">3</attribute>
      <attribute name="Notes">White fungus on tail, back, and head</attribute>
    </box>
    <box frame="33" outside="0" occluded="0" keyframe="0" xtl="818.12" ytl="308.12" xbr="1920.00" ybr="713.12" z_order="0">
      <attribute name="Sex">Male</attribute>
      <attribute name="Adipose Clipped">No</attribute>
      <attribute name="Injury">Yes</attribute>
      <attribute name="Confidence Level">3</attribute>
      <attribute name="Notes">White fungus on tail, back, and head</attribute>
    </box>
    <box frame="34" outside="0" occluded="0" keyframe="0" xtl="827.19" ytl="309.69" xbr="1920.00" ybr="714.69" z_order="0">
      <attribute name="Sex">Male</attribute>
      <attribute name="Adipose Clipped">No</attribute>
      <attribute name="Injury">Yes</attribute>
      <attribute name="Confidence Level">3</attribute>
      <attribute name="Notes">White fungus on tail, back, and head</attribute>
    </box>
    <box frame="35" outside="0" occluded="0" keyframe="0" xtl="836.25" ytl="311.25" xbr="1920.00" ybr="716.25" z_order="0">
      <attribute name="Sex">Male</attribute>
      <attribute name="Adipose Clipped">No</attribute>
      <attribute name="Injury">Yes</attribute>
      <attribute name="Confidence Level">3</attribute>
      <attribute name="Notes">White fungus on tail, back, and head</attribute>
    </box>
    <box frame="36" outside="0" occluded="0" keyframe="0" xtl="845.31" ytl="312.81" xbr="1920.00" ybr="717.81" z_order="0">
      <attribute name="Sex">Male</attribute>
      <attribute name="Adipose Clipped">No</attribute>
      <attribute name="Injury">Yes</attribute>
      <attribute name="Confidence Level">3</attribute>
      <attribute name="Notes">White fungus on tail, back, and head</attribute>
    </box>
    <box frame="37" outside="0" occluded="0" keyframe="1" xtl="854.38" ytl="314.38" xbr="1920.00" ybr="719.38" z_order="0">
      <attribute name="Sex">Male</attribute>
      <attribute name="Adipose Clipped">No</attribute>
      <attribute name="Injury">Yes</attribute>
      <attribute name="Confidence Level">3</attribute>
      <attribute name="Notes">White fungus on tail, back, and head</attribute>
    </box>
    <box frame="38" outside="0" occluded="0" keyframe="0" xtl="863.75" ytl="321.88" xbr="1920.00" ybr="726.88" z_order="0">
      <attribute name="Sex">Male</attribute>
      <attribute name="Adipose Clipped">No</attribute>
      <attribute name="Injury">Yes</attribute>
      <attribute name="Confidence Level">3</attribute>
      <attribute name="Notes">White fungus on tail, back, and head</attribute>
    </box>
    <box frame="39" outside="0" occluded="0" keyframe="1" xtl="873.12" ytl="329.38" xbr="1920.00" ybr="734.38" z_order="0">
      <attribute name="Sex">Male</attribute>
      <attribute name="Adipose Clipped">No</attribute>
      <attribute name="Injury">Yes</attribute>
      <attribute name="Confidence Level">3</attribute>
      <attribute name="Notes">White fungus on tail, back, and head</attribute>
    </box>
    <box frame="40" outside="0" occluded="0" keyframe="0" xtl="881.88" ytl="332.50" xbr="1920.00" ybr="749.38" z_order="0">
      <attribute name="Sex">Male</attribute>
      <attribute name="Adipose Clipped">No</attribute>
      <attribute name="Injury">Yes</attribute>
      <attribute name="Confidence Level">3</attribute>
      <attribute name="Notes">White fungus on tail, back, and head</attribute>
    </box>
    <box frame="41" outside="0" occluded="0" keyframe="0" xtl="890.62" ytl="335.62" xbr="1920.00" ybr="764.39" z_order="0">
      <attribute name="Sex">Male</attribute>
      <attribute name="Adipose Clipped">No</attribute>
      <attribute name="Injury">Yes</attribute>
      <attribute name="Confidence Level">3</attribute>
      <attribute name="Notes">White fungus on tail, back, and head</attribute>
    </box>
    <box frame="42" outside="0" occluded="0" keyframe="1" xtl="899.38" ytl="338.75" xbr="1920.00" ybr="779.40" z_order="0">
      <attribute name="Sex">Male</attribute>
      <attribute name="Adipose Clipped">No</attribute>
      <attribute name="Injury">Yes</attribute>
      <attribute name="Confidence Level">3</attribute>
      <attribute name="Notes">White fungus on tail, back, and head</attribute>
    </box>
    <box frame="43" outside="0" occluded="0" keyframe="0" xtl="899.38" ytl="338.75" xbr="1920.00" ybr="788.77" z_order="0">
      <attribute name="Sex">Male</attribute>
      <attribute name="Adipose Clipped">No</attribute>
      <attribute name="Injury">Yes</attribute>
      <attribute name="Confidence Level">3</attribute>
      <attribute name="Notes">White fungus on tail, back, and head</attribute>
    </box>
    <box frame="44" outside="0" occluded="0" keyframe="0" xtl="899.38" ytl="338.75" xbr="1920.00" ybr="798.13" z_order="0">
      <attribute name="Sex">Male</attribute>
      <attribute name="Adipose Clipped">No</attribute>
      <attribute name="Injury">Yes</attribute>
      <attribute name="Confidence Level">3</attribute>
      <attribute name="Notes">White fungus on tail, back, and head</attribute>
    </box>
    <box frame="45" outside="0" occluded="0" keyframe="1" xtl="899.38" ytl="338.75" xbr="1920.00" ybr="807.50" z_order="0">
      <attribute name="Sex">Male</attribute>
      <attribute name="Adipose Clipped">No</attribute>
      <attribute name="Injury">Yes</attribute>
      <attribute name="Confidence Level">3</attribute>
      <attribute name="Notes">White fungus on tail, back, and head</attribute>
    </box>
    <box frame="46" outside="0" occluded="0" keyframe="0" xtl="933.14" ytl="347.19" xbr="1920.00" ybr="820.64" z_order="0">
      <attribute name="Sex">Male</attribute>
      <attribute name="Adipose Clipped">No</attribute>
      <attribute name="Injury">Yes</attribute>
      <attribute name="Confidence Level">3</attribute>
      <attribute name="Notes">White fungus on tail, back, and head</attribute>
    </box>
    <box frame="47" outside="0" occluded="0" keyframe="1" xtl="966.90" ytl="355.62" xbr="1920.00" ybr="833.78" z_order="0">
      <attribute name="Sex">Male</attribute>
      <attribute name="Adipose Clipped">No</attribute>
      <attribute name="Injury">Yes</attribute>
      <attribute name="Confidence Level">3</attribute>
      <attribute name="Notes">White fungus on tail, back, and head</attribute>
    </box>
    <box frame="48" outside="0" occluded="0" keyframe="0" xtl="978.69" ytl="355.62" xbr="1920.00" ybr="833.78" z_order="0">
      <attribute name="Sex">Male</attribute>
      <attribute name="Adipose Clipped">No</attribute>
      <attribute name="Injury">Yes</attribute>
      <attribute name="Confidence Level">3</attribute>
      <attribute name="Notes">White fungus on tail, back, and head</attribute>
    </box>
    <box frame="49" outside="0" occluded="0" keyframe="0" xtl="990.47" ytl="355.62" xbr="1920.00" ybr="833.78" z_order="0">
      <attribute name="Sex">Male</attribute>
      <attribute name="Adipose Clipped">No</attribute>
      <attribute name="Injury">Yes</attribute>
      <attribute name="Confidence Level">3</attribute>
      <attribute name="Notes">White fungus on tail, back, and head</attribute>
    </box>
    <box frame="50" outside="0" occluded="0" keyframe="0" xtl="1002.26" ytl="355.62" xbr="1920.00" ybr="833.78" z_order="0">
      <attribute name="Sex">Male</attribute>
      <attribute name="Adipose Clipped">No</attribute>
      <attribute name="Injury">Yes</attribute>
      <attribute name="Confidence Level">3</attribute>
      <attribute name="Notes">White fungus on tail, back, and head</attribute>
    </box>
    <box frame="51" outside="0" occluded="0" keyframe="0" xtl="1014.04" ytl="355.62" xbr="1920.00" ybr="833.78" z_order="0">
      <attribute name="Sex">Male</attribute>
      <attribute name="Adipose Clipped">No</attribute>
      <attribute name="Injury">Yes</attribute>
      <attribute name="Confidence Level">3</attribute>
      <attribute name="Notes">White fungus on tail, back, and head</attribute>
    </box>
    <box frame="52" outside="0" occluded="0" keyframe="0" xtl="1025.83" ytl="355.62" xbr="1920.00" ybr="833.78" z_order="0">
      <attribute name="Sex">Male</attribute>
      <attribute name="Adipose Clipped">No</attribute>
      <attribute name="Injury">Yes</attribute>
      <attribute name="Confidence Level">3</attribute>
      <attribute name="Notes">White fungus on tail, back, and head</attribute>
    </box>
    <box frame="53" outside="0" occluded="0" keyframe="0" xtl="1037.61" ytl="355.62" xbr="1920.00" ybr="833.78" z_order="0">
      <attribute name="Sex">Male</attribute>
      <attribute name="Adipose Clipped">No</attribute>
      <attribute name="Injury">Yes</attribute>
      <attribute name="Confidence Level">3</attribute>
      <attribute name="Notes">White fungus on tail, back, and head</attribute>
    </box>
    <box frame="54" outside="0" occluded="0" keyframe="1" xtl="1049.40" ytl="355.62" xbr="1920.00" ybr="833.78" z_order="0">
      <attribute name="Sex">Male</attribute>
      <attribute name="Adipose Clipped">No</attribute>
      <attribute name="Injury">Yes</attribute>
      <attribute name="Confidence Level">3</attribute>
      <attribute name="Notes">White fungus on tail, back, and head</attribute>
    </box>
    <box frame="55" outside="0" occluded="0" keyframe="0" xtl="1096.28" ytl="350.47" xbr="1920.00" ybr="828.62" z_order="0">
      <attribute name="Sex">Male</attribute>
      <attribute name="Adipose Clipped">No</attribute>
      <attribute name="Injury">Yes</attribute>
      <attribute name="Confidence Level">3</attribute>
      <attribute name="Notes">White fungus on tail, back, and head</attribute>
    </box>
    <box frame="56" outside="0" occluded="0" keyframe="0" xtl="1143.15" ytl="345.31" xbr="1920.00" ybr="823.46" z_order="0">
      <attribute name="Sex">Male</attribute>
      <attribute name="Adipose Clipped">No</attribute>
      <attribute name="Injury">Yes</attribute>
      <attribute name="Confidence Level">3</attribute>
      <attribute name="Notes">White fungus on tail, back, and head</attribute>
    </box>
    <box frame="57" outside="0" occluded="0" keyframe="0" xtl="1190.03" ytl="340.16" xbr="1920.00" ybr="818.31" z_order="0">
      <attribute name="Sex">Male</attribute>
      <attribute name="Adipose Clipped">No</attribute>
      <attribute name="Injury">Yes</attribute>
      <attribute name="Confidence Level">3</attribute>
      <attribute name="Notes">White fungus on tail, back, and head</attribute>
    </box>
    <box frame="58" outside="0" occluded="0" keyframe="1" xtl="1236.90" ytl="335.00" xbr="1920.00" ybr="813.15" z_order="0">
      <attribute name="Sex">Male</attribute>
      <attribute name="Adipose Clipped">No</attribute>
      <attribute name="Injury">Yes</attribute>
      <attribute name="Confidence Level">3</attribute>
      <attribute name="Notes">White fungus on tail, back, and head</attribute>
    </box>
    <box frame="59" outside="0" occluded="0" keyframe="0" xtl="1293.15" ytl="310.62" xbr="1920.00" ybr="788.78" z_order="0">
      <attribute name="Sex">Male</attribute>
      <attribute name="Adipose Clipped">No</attribute>
      <attribute name="Injury">Yes</attribute>
      <attribute name="Confidence Level">3</attribute>
      <attribute name="Notes">White fungus on tail, back, and head</attribute>
    </box>
    <box frame="60" outside="0" occluded="0" keyframe="1" xtl="1349.40" ytl="286.25" xbr="1920.00" ybr="764.40" z_order="0">
      <attribute name="Sex">Male</attribute>
      <attribute name="Adipose Clipped">No</attribute>
      <attribute name="Injury">Yes</attribute>
      <attribute name="Confidence Level">3</attribute>
      <attribute name="Notes">White fungus on tail, back, and head</attribute>
    </box>
    <box frame="61" outside="0" occluded="1" keyframe="1" xtl="1400.03" ytl="306.88" xbr="1920.00" ybr="747.53" z_order="0">
      <attribute name="Sex">Male</attribute>
      <attribute name="Adipose Clipped">No</attribute>
      <attribute name="Injury">Yes</attribute>
      <attribute name="Confidence Level">3</attribute>
      <attribute name="Notes">White fungus on tail, back, and head</attribute>
    </box>
    <box frame="62" outside="0" occluded="1" keyframe="1" xtl="1450.65" ytl="327.50" xbr="1920.00" ybr="730.65" z_order="0">
      <attribute name="Sex">Male</attribute>
      <attribute name="Adipose Clipped">No</attribute>
      <attribute name="Injury">Yes</attribute>
      <attribute name="Confidence Level">3</attribute>
      <attribute name="Notes">White fungus on tail, back, and head</attribute>
    </box>
    <box frame="63" outside="0" occluded="1" keyframe="1" xtl="1559.40" ytl="325.62" xbr="1920.00" ybr="728.78" z_order="0">
      <attribute name="Sex">Male</attribute>
      <attribute name="Adipose Clipped">No</attribute>
      <attribute name="Injury">Yes</attribute>
      <attribute name="Confidence Level">3</attribute>
      <attribute name="Notes">White fungus on tail, back, and head</attribute>
    </box>
    <box frame="64" outside="0" occluded="1" keyframe="1" xtl="1707.53" ytl="301.25" xbr="1920.00" ybr="704.40" z_order="0">
      <attribute name="Sex">Male</attribute>
      <attribute name="Adipose Clipped">No</attribute>
      <attribute name="Injury">Yes</attribute>
      <attribute name="Confidence Level">3</attribute>
      <attribute name="Notes">White fungus on tail, back, and head</attribute>
    </box>
    <box frame="65" outside="0" occluded="1" keyframe="0" xtl="1697.22" ytl="289.06" xbr="1920.00" ybr="692.21" z_order="0">
      <attribute name="Sex">Male</attribute>
      <attribute name="Adipose Clipped">No</attribute>
      <attribute name="Injury">Yes</attribute>
      <attribute name="Confidence Level">3</attribute>
      <attribute name="Notes">White fungus on tail, back, and head</attribute>
    </box>
    <box frame="66" outside="0" occluded="1" keyframe="0" xtl="1686.91" ytl="276.88" xbr="1920.00" ybr="680.03" z_order="0">
      <attribute name="Sex">Male</attribute>
      <attribute name="Adipose Clipped">No</attribute>
      <attribute name="Injury">Yes</attribute>
      <attribute name="Confidence Level">3</attribute>
      <attribute name="Notes">White fungus on tail, back, and head</attribute>
    </box>
    <box frame="67" outside="0" occluded="1" keyframe="1" xtl="1676.60" ytl="264.69" xbr="1920.00" ybr="667.84" z_order="0">
      <attribute name="Sex">Male</attribute>
      <attribute name="Adipose Clipped">No</attribute>
      <attribute name="Injury">Yes</attribute>
      <attribute name="Confidence Level">3</attribute>
      <attribute name="Notes">White fungus on tail, back, and head</attribute>
    </box>
    <box frame="68" outside="0" occluded="1" keyframe="1" xtl="1786.28" ytl="252.50" xbr="1920.00" ybr="655.65" z_order="0">
      <attribute name="Sex">Male</attribute>
      <attribute name="Adipose Clipped">No</attribute>
      <attribute name="Injury">Yes</attribute>
      <attribute name="Confidence Level">3</attribute>
      <attribute name="Notes">White fungus on tail, back, and head</attribute>
    </box>
    <box frame="69" outside="1" occluded="1" keyframe="1" xtl="1786.28" ytl="252.50" xbr="1920.00" ybr="655.65" z_order="0">
      <attribute name="Sex">Male</attribute>
      <attribute name="Adipose Clipped">No</attribute>
      <attribute name="Injury">Yes</attribute>
      <attribute name="Confidence Level">3</attribute>
      <attribute name="Notes">White fungus on tail, back, and head</attribute>
    </box>
  </track>
</annotations>