<?xml version="1.0" encoding="utf-8"?>
<annotations>
  <version>1.1</version>
  <meta>
    <task>
      <id>471</id>
      <name>09-04-2020 20-19-09 M Salmon Camera</name>
      <size>691</size>
      <mode>interpolation</mode>
      <overlap>5</overlap>
      <bugtracker></bugtracker>
      <created>2021-08-13 04:01:43.684493+00:00</created>
      <updated>2021-08-13 05:37:59.959889+00:00</updated>
      <start_frame>0</start_frame>
      <stop_frame>690</stop_frame>
      <frame_filter></frame_filter>
      <labels>
        <label>
          <name>Chinook</name>
          <color>#38794c</color>
          <attributes>
            <attribute>
              <name>Adipose Clipped</name>
              <mutable>False</mutable>
              <input_type>select</input_type>
              <default_value>No</default_value>
              <values>No
Yes
NA</values>
            </attribute>
            <attribute>
              <name>Confidence Level</name>
              <mutable>False</mutable>
              <input_type>select</input_type>
              <default_value>3</default_value>
              <values>3
2
1</values>
            </attribute>
            <attribute>
              <name>Injury</name>
              <mutable>False</mutable>
              <input_type>select</input_type>
              <default_value>No</default_value>
              <values>No
Yes
NA</values>
            </attribute>
            <attribute>
              <name>Notes</name>
              <mutable>False</mutable>
              <input_type>text</input_type>
              <default_value></default_value>
              <values></values>
            </attribute>
            <attribute>
              <name>Sex</name>
              <mutable>False</mutable>
              <input_type>select</input_type>
              <default_value>Male</default_value>
              <values>Male
Female
Jack</values>
            </attribute>
            <attribute>
              <name>View</name>
              <mutable>False</mutable>
              <input_type>select</input_type>
              <default_value>Top-down</default_value>
              <values>Top-down
Side</values>
            </attribute>
          </attributes>
        </label>
        <label>
          <name>Steelhead</name>
          <color>#888888</color>
          <attributes>
            <attribute>
              <name>Adipose Clipped</name>
              <mutable>False</mutable>
              <input_type>select</input_type>
              <default_value>No</default_value>
              <values>No
Yes
NA</values>
            </attribute>
            <attribute>
              <name>Confidence Level</name>
              <mutable>False</mutable>
              <input_type>select</input_type>
              <default_value>3</default_value>
              <values>3
2
1</values>
            </attribute>
            <attribute>
              <name>Injury</name>
              <mutable>False</mutable>
              <input_type>select</input_type>
              <default_value>No</default_value>
              <values>No
Yes
NA</values>
            </attribute>
            <attribute>
              <name>Notes</name>
              <mutable>False</mutable>
              <input_type>text</input_type>
              <default_value></default_value>
              <values></values>
            </attribute>
            <attribute>
              <name>Sex</name>
              <mutable>False</mutable>
              <input_type>select</input_type>
              <default_value>Male</default_value>
              <values>Male
Female</values>
            </attribute>
            <attribute>
              <name>View</name>
              <mutable>False</mutable>
              <input_type>select</input_type>
              <default_value>Top-down</default_value>
              <values>Top-down
Side</values>
            </attribute>
          </attributes>
        </label>
        <label>
          <name>Sockeye</name>
          <color>#f00026</color>
          <attributes>
            <attribute>
              <name>Adipose Clipped</name>
              <mutable>False</mutable>
              <input_type>select</input_type>
              <default_value>No</default_value>
              <values>No
Yes
NA</values>
            </attribute>
            <attribute>
              <name>Confidence Level</name>
              <mutable>False</mutable>
              <input_type>select</input_type>
              <default_value>3</default_value>
              <values>3
2
1</values>
            </attribute>
            <attribute>
              <name>Injury</name>
              <mutable>False</mutable>
              <input_type>select</input_type>
              <default_value>No</default_value>
              <values>No
Yes
NA</values>
            </attribute>
            <attribute>
              <name>Notes</name>
              <mutable>False</mutable>
              <input_type>text</input_type>
              <default_value></default_value>
              <values></values>
            </attribute>
            <attribute>
              <name>Sex</name>
              <mutable>False</mutable>
              <input_type>select</input_type>
              <default_value>Male</default_value>
              <values>Male
Female</values>
            </attribute>
            <attribute>
              <name>View</name>
              <mutable>False</mutable>
              <input_type>select</input_type>
              <default_value>Top-down</default_value>
              <values>Top-down
Side</values>
            </attribute>
          </attributes>
        </label>
        <label>
          <name>Pink</name>
          <color>#fa7dbb</color>
          <attributes>
            <attribute>
              <name>Adipose Clipped</name>
              <mutable>False</mutable>
              <input_type>select</input_type>
              <default_value>No</default_value>
              <values>No
Yes
NA</values>
            </attribute>
            <attribute>
              <name>Confidence Level</name>
              <mutable>False</mutable>
              <input_type>select</input_type>
              <default_value>3</default_value>
              <values>3
2
1</values>
            </attribute>
            <attribute>
              <name>Injury</name>
              <mutable>False</mutable>
              <input_type>select</input_type>
              <default_value>No</default_value>
              <values>No
Yes
NA</values>
            </attribute>
            <attribute>
              <name>Notes</name>
              <mutable>False</mutable>
              <input_type>text</input_type>
              <default_value></default_value>
              <values></values>
            </attribute>
            <attribute>
              <name>Sex</name>
              <mutable>False</mutable>
              <input_type>select</input_type>
              <default_value>Male</default_value>
              <values>Male
Female</values>
            </attribute>
            <attribute>
              <name>View</name>
              <mutable>False</mutable>
              <input_type>select</input_type>
              <default_value>Top-down</default_value>
              <values>Top-down
Side</values>
            </attribute>
          </attributes>
        </label>
        <label>
          <name>Whitefish</name>
          <color>#d8d8db</color>
          <attributes>
            <attribute>
              <name>Adipose Clipped</name>
              <mutable>False</mutable>
              <input_type>select</input_type>
              <default_value>No</default_value>
              <values>No
Yes
NA</values>
            </attribute>
            <attribute>
              <name>Confidence Level</name>
              <mutable>False</mutable>
              <input_type>select</input_type>
              <default_value>3</default_value>
              <values>3
2
1</values>
            </attribute>
            <attribute>
              <name>Injury</name>
              <mutable>False</mutable>
              <input_type>select</input_type>
              <default_value>No</default_value>
              <values>No
Yes
NA</values>
            </attribute>
            <attribute>
              <name>Notes</name>
              <mutable>False</mutable>
              <input_type>text</input_type>
              <default_value></default_value>
              <values></values>
            </attribute>
            <attribute>
              <name>Sex</name>
              <mutable>False</mutable>
              <input_type>select</input_type>
              <default_value>NA</default_value>
              <values>NA</values>
            </attribute>
            <attribute>
              <name>View</name>
              <mutable>False</mutable>
              <input_type>select</input_type>
              <default_value>Top-down</default_value>
              <values>Top-down
Side</values>
            </attribute>
          </attributes>
        </label>
        <label>
          <name>Chum</name>
          <color>#ffcc33</color>
          <attributes>
            <attribute>
              <name>Adipose Clipped</name>
              <mutable>False</mutable>
              <input_type>select</input_type>
              <default_value>No</default_value>
              <values>No
Yes
NA</values>
            </attribute>
            <attribute>
              <name>Confidence Level</name>
              <mutable>False</mutable>
              <input_type>select</input_type>
              <default_value>3</default_value>
              <values>3
2
1</values>
            </attribute>
            <attribute>
              <name>Injury</name>
              <mutable>False</mutable>
              <input_type>select</input_type>
              <default_value>No</default_value>
              <values>No
Yes
NA</values>
            </attribute>
            <attribute>
              <name>Notes</name>
              <mutable>False</mutable>
              <input_type>text</input_type>
              <default_value></default_value>
              <values></values>
            </attribute>
            <attribute>
              <name>Sex</name>
              <mutable>False</mutable>
              <input_type>select</input_type>
              <default_value>Male</default_value>
              <values>Male
Female</values>
            </attribute>
            <attribute>
              <name>View</name>
              <mutable>False</mutable>
              <input_type>select</input_type>
              <default_value>Top-down</default_value>
              <values>Top-down
Side</values>
            </attribute>
          </attributes>
        </label>
        <label>
          <name>Bull</name>
          <color>#3d3df5</color>
          <attributes>
            <attribute>
              <name>Adipose Clipped</name>
              <mutable>False</mutable>
              <input_type>select</input_type>
              <default_value>No</default_value>
              <values>No
NA</values>
            </attribute>
            <attribute>
              <name>Confidence Level</name>
              <mutable>False</mutable>
              <input_type>select</input_type>
              <default_value>3</default_value>
              <values>3
2
1</values>
            </attribute>
            <attribute>
              <name>Injury</name>
              <mutable>False</mutable>
              <input_type>select</input_type>
              <default_value>No</default_value>
              <values>No
Yes
NA</values>
            </attribute>
            <attribute>
              <name>Notes</name>
              <mutable>False</mutable>
              <input_type>text</input_type>
              <default_value>NA</default_value>
              <values>NA</values>
            </attribute>
            <attribute>
              <name>Sex</name>
              <mutable>False</mutable>
              <input_type>select</input_type>
              <default_value>NA</default_value>
              <values>NA</values>
            </attribute>
            <attribute>
              <name>View</name>
              <mutable>False</mutable>
              <input_type>select</input_type>
              <default_value>Top-down</default_value>
              <values>Top-down
Side</values>
            </attribute>
          </attributes>
        </label>
        <label>
          <name>Coho</name>
          <color>#32b7fa</color>
          <attributes>
            <attribute>
              <name>View</name>
              <mutable>False</mutable>
              <input_type>select</input_type>
              <default_value>Top-down</default_value>
              <values>Top-down
Side</values>
            </attribute>
            <attribute>
              <name>Adipose Clipped</name>
              <mutable>False</mutable>
              <input_type>select</input_type>
              <default_value>No</default_value>
              <values>No
Yes
NA</values>
            </attribute>
            <attribute>
              <name>Confidence Level</name>
              <mutable>False</mutable>
              <input_type>select</input_type>
              <default_value>3</default_value>
              <values>3
2
1</values>
            </attribute>
            <attribute>
              <name>Injury</name>
              <mutable>False</mutable>
              <input_type>select</input_type>
              <default_value>No</default_value>
              <values>No
Yes
NA</values>
            </attribute>
            <attribute>
              <name>Notes</name>
              <mutable>False</mutable>
              <input_type>text</input_type>
              <default_value></default_value>
              <values></values>
            </attribute>
            <attribute>
              <name>Sex</name>
              <mutable>False</mutable>
              <input_type>select</input_type>
              <default_value>Male</default_value>
              <values>Male
Female
Jack</values>
            </attribute>
          </attributes>
        </label>
        <label>
          <name>Rainbow</name>
          <color>#ff914d</color>
          <attributes>
            <attribute>
              <name>Adipose Clipped</name>
              <mutable>False</mutable>
              <input_type>select</input_type>
              <default_value>No</default_value>
              <values>No
Yes
NA</values>
            </attribute>
            <attribute>
              <name>Confidence Level</name>
              <mutable>False</mutable>
              <input_type>select</input_type>
              <default_value>3</default_value>
              <values>3
2
1</values>
            </attribute>
            <attribute>
              <name>Injury</name>
              <mutable>False</mutable>
              <input_type>select</input_type>
              <default_value>No</default_value>
              <values>No
Yes
NA</values>
            </attribute>
            <attribute>
              <name>Notes</name>
              <mutable>False</mutable>
              <input_type>text</input_type>
              <default_value></default_value>
              <values></values>
            </attribute>
            <attribute>
              <name>Sex</name>
              <mutable>False</mutable>
              <input_type>select</input_type>
              <default_value>NA</default_value>
              <values>NA
Juvenile</values>
            </attribute>
            <attribute>
              <name>View</name>
              <mutable>False</mutable>
              <input_type>select</input_type>
              <default_value>Top-down</default_value>
              <values>Top-down
Side</values>
            </attribute>
          </attributes>
        </label>
        <label>
          <name>Pikeminnow</name>
          <color>#a16b00</color>
          <attributes>
            <attribute>
              <name>Confidence Level</name>
              <mutable>False</mutable>
              <input_type>select</input_type>
              <default_value>3</default_value>
              <values>3
2
1</values>
            </attribute>
            <attribute>
              <name>Notes</name>
              <mutable>False</mutable>
              <input_type>text</input_type>
              <default_value>NA</default_value>
              <values>NA</values>
            </attribute>
          </attributes>
        </label>
      </labels>
      <segments>
        <segment>
          <id>471</id>
          <start>0</start>
          <stop>690</stop>
          <url>httplocalhost:8080/?id=471</url>
        </segment>
      </segments>
      <owner>
        <username>jtravers</username>
        <email>jtravers@uoregon.edu</email>
      </owner>
      <assignee></assignee>
      <original_size>
        <width>1920</width>
        <height>1080</height>
      </original_size>
    </task>
    <dumped>2021-08-13 05:38:49.721886+00:00</dumped>
    <source>09-04-2020 20-19-09 M Salmon Camera.m4v</source>
  </meta>
  <track id="0" label="Coho" source="manual">
    <box frame="36" outside="0" occluded="1" keyframe="1" xtl="1870.19" ytl="498.62" xbr="1920.00" ybr="730.80" z_order="0">
      <attribute name="Adipose Clipped">Yes</attribute>
      <attribute name="Confidence Level">2</attribute>
      <attribute name="Injury">No</attribute>
      <attribute name="Notes"></attribute>
      <attribute name="Sex">Male</attribute>
      <attribute name="View">Side</attribute>
    </box>
    <box frame="37" outside="0" occluded="1" keyframe="0" xtl="1860.86" ytl="488.46" xbr="1920.00" ybr="728.31" z_order="0">
      <attribute name="Adipose Clipped">Yes</attribute>
      <attribute name="Confidence Level">2</attribute>
      <attribute name="Injury">No</attribute>
      <attribute name="Notes"></attribute>
      <attribute name="Sex">Male</attribute>
      <attribute name="View">Side</attribute>
    </box>
    <box frame="38" outside="0" occluded="1" keyframe="0" xtl="1851.54" ytl="478.29" xbr="1920.00" ybr="725.82" z_order="0">
      <attribute name="Adipose Clipped">Yes</attribute>
      <attribute name="Confidence Level">2</attribute>
      <attribute name="Injury">No</attribute>
      <attribute name="Notes"></attribute>
      <attribute name="Sex">Male</attribute>
      <attribute name="View">Side</attribute>
    </box>
    <box frame="39" outside="0" occluded="1" keyframe="0" xtl="1842.21" ytl="468.13" xbr="1920.00" ybr="723.33" z_order="0">
      <attribute name="Adipose Clipped">Yes</attribute>
      <attribute name="Confidence Level">2</attribute>
      <attribute name="Injury">No</attribute>
      <attribute name="Notes"></attribute>
      <attribute name="Sex">Male</attribute>
      <attribute name="View">Side</attribute>
    </box>
    <box frame="40" outside="0" occluded="1" keyframe="0" xtl="1832.88" ytl="457.97" xbr="1920.00" ybr="720.84" z_order="0">
      <attribute name="Adipose Clipped">Yes</attribute>
      <attribute name="Confidence Level">2</attribute>
      <attribute name="Injury">No</attribute>
      <attribute name="Notes"></attribute>
      <attribute name="Sex">Male</attribute>
      <attribute name="View">Side</attribute>
    </box>
    <box frame="41" outside="0" occluded="1" keyframe="0" xtl="1823.55" ytl="447.81" xbr="1920.00" ybr="718.35" z_order="0">
      <attribute name="Adipose Clipped">Yes</attribute>
      <attribute name="Confidence Level">2</attribute>
      <attribute name="Injury">No</attribute>
      <attribute name="Notes"></attribute>
      <attribute name="Sex">Male</attribute>
      <attribute name="View">Side</attribute>
    </box>
    <box frame="42" outside="0" occluded="1" keyframe="0" xtl="1814.22" ytl="437.65" xbr="1920.00" ybr="715.86" z_order="0">
      <attribute name="Adipose Clipped">Yes</attribute>
      <attribute name="Confidence Level">2</attribute>
      <attribute name="Injury">No</attribute>
      <attribute name="Notes"></attribute>
      <attribute name="Sex">Male</attribute>
      <attribute name="View">Side</attribute>
    </box>
    <box frame="43" outside="0" occluded="1" keyframe="0" xtl="1804.89" ytl="427.49" xbr="1920.00" ybr="713.37" z_order="0">
      <attribute name="Adipose Clipped">Yes</attribute>
      <attribute name="Confidence Level">2</attribute>
      <attribute name="Injury">No</attribute>
      <attribute name="Notes"></attribute>
      <attribute name="Sex">Male</attribute>
      <attribute name="View">Side</attribute>
    </box>
    <box frame="44" outside="0" occluded="1" keyframe="0" xtl="1795.56" ytl="417.32" xbr="1920.00" ybr="710.88" z_order="0">
      <attribute name="Adipose Clipped">Yes</attribute>
      <attribute name="Confidence Level">2</attribute>
      <attribute name="Injury">No</attribute>
      <attribute name="Notes"></attribute>
      <attribute name="Sex">Male</attribute>
      <attribute name="View">Side</attribute>
    </box>
    <box frame="45" outside="0" occluded="1" keyframe="0" xtl="1786.23" ytl="407.16" xbr="1920.00" ybr="708.39" z_order="0">
      <attribute name="Adipose Clipped">Yes</attribute>
      <attribute name="Confidence Level">2</attribute>
      <attribute name="Injury">No</attribute>
      <attribute name="Notes"></attribute>
      <attribute name="Sex">Male</attribute>
      <attribute name="View">Side</attribute>
    </box>
    <box frame="46" outside="0" occluded="1" keyframe="1" xtl="1776.90" ytl="397.00" xbr="1920.00" ybr="705.90" z_order="0">
      <attribute name="Adipose Clipped">Yes</attribute>
      <attribute name="Confidence Level">2</attribute>
      <attribute name="Injury">No</attribute>
      <attribute name="Notes"></attribute>
      <attribute name="Sex">Male</attribute>
      <attribute name="View">Side</attribute>
    </box>
    <box frame="47" outside="0" occluded="1" keyframe="0" xtl="1764.87" ytl="397.00" xbr="1920.00" ybr="706.94" z_order="0">
      <attribute name="Adipose Clipped">Yes</attribute>
      <attribute name="Confidence Level">2</attribute>
      <attribute name="Injury">No</attribute>
      <attribute name="Notes"></attribute>
      <attribute name="Sex">Male</attribute>
      <attribute name="View">Side</attribute>
    </box>
    <box frame="48" outside="0" occluded="1" keyframe="0" xtl="1752.84" ytl="397.00" xbr="1920.00" ybr="707.98" z_order="0">
      <attribute name="Adipose Clipped">Yes</attribute>
      <attribute name="Confidence Level">2</attribute>
      <attribute name="Injury">No</attribute>
      <attribute name="Notes"></attribute>
      <attribute name="Sex">Male</attribute>
      <attribute name="View">Side</attribute>
    </box>
    <box frame="49" outside="0" occluded="1" keyframe="0" xtl="1740.81" ytl="397.00" xbr="1920.00" ybr="709.02" z_order="0">
      <attribute name="Adipose Clipped">Yes</attribute>
      <attribute name="Confidence Level">2</attribute>
      <attribute name="Injury">No</attribute>
      <attribute name="Notes"></attribute>
      <attribute name="Sex">Male</attribute>
      <attribute name="View">Side</attribute>
    </box>
    <box frame="50" outside="0" occluded="1" keyframe="0" xtl="1728.78" ytl="397.00" xbr="1920.00" ybr="710.06" z_order="0">
      <attribute name="Adipose Clipped">Yes</attribute>
      <attribute name="Confidence Level">2</attribute>
      <attribute name="Injury">No</attribute>
      <attribute name="Notes"></attribute>
      <attribute name="Sex">Male</attribute>
      <attribute name="View">Side</attribute>
    </box>
    <box frame="51" outside="0" occluded="1" keyframe="0" xtl="1716.75" ytl="397.00" xbr="1920.00" ybr="711.10" z_order="0">
      <attribute name="Adipose Clipped">Yes</attribute>
      <attribute name="Confidence Level">2</attribute>
      <attribute name="Injury">No</attribute>
      <attribute name="Notes"></attribute>
      <attribute name="Sex">Male</attribute>
      <attribute name="View">Side</attribute>
    </box>
    <box frame="52" outside="0" occluded="1" keyframe="0" xtl="1704.72" ytl="397.00" xbr="1920.00" ybr="712.14" z_order="0">
      <attribute name="Adipose Clipped">Yes</attribute>
      <attribute name="Confidence Level">2</attribute>
      <attribute name="Injury">No</attribute>
      <attribute name="Notes"></attribute>
      <attribute name="Sex">Male</attribute>
      <attribute name="View">Side</attribute>
    </box>
    <box frame="53" outside="0" occluded="1" keyframe="0" xtl="1692.69" ytl="397.00" xbr="1920.00" ybr="713.18" z_order="0">
      <attribute name="Adipose Clipped">Yes</attribute>
      <attribute name="Confidence Level">2</attribute>
      <attribute name="Injury">No</attribute>
      <attribute name="Notes"></attribute>
      <attribute name="Sex">Male</attribute>
      <attribute name="View">Side</attribute>
    </box>
    <box frame="54" outside="0" occluded="1" keyframe="0" xtl="1680.66" ytl="397.00" xbr="1920.00" ybr="714.22" z_order="0">
      <attribute name="Adipose Clipped">Yes</attribute>
      <attribute name="Confidence Level">2</attribute>
      <attribute name="Injury">No</attribute>
      <attribute name="Notes"></attribute>
      <attribute name="Sex">Male</attribute>
      <attribute name="View">Side</attribute>
    </box>
    <box frame="55" outside="0" occluded="1" keyframe="0" xtl="1668.63" ytl="397.00" xbr="1920.00" ybr="715.26" z_order="0">
      <attribute name="Adipose Clipped">Yes</attribute>
      <attribute name="Confidence Level">2</attribute>
      <attribute name="Injury">No</attribute>
      <attribute name="Notes"></attribute>
      <attribute name="Sex">Male</attribute>
      <attribute name="View">Side</attribute>
    </box>
    <box frame="56" outside="0" occluded="0" keyframe="1" xtl="1656.60" ytl="397.00" xbr="1920.00" ybr="716.30" z_order="0">
      <attribute name="Adipose Clipped">Yes</attribute>
      <attribute name="Confidence Level">2</attribute>
      <attribute name="Injury">No</attribute>
      <attribute name="Notes"></attribute>
      <attribute name="Sex">Male</attribute>
      <attribute name="View">Side</attribute>
    </box>
    <box frame="57" outside="0" occluded="0" keyframe="0" xtl="1632.96" ytl="397.00" xbr="1920.00" ybr="729.16" z_order="0">
      <attribute name="Adipose Clipped">Yes</attribute>
      <attribute name="Confidence Level">2</attribute>
      <attribute name="Injury">No</attribute>
      <attribute name="Notes"></attribute>
      <attribute name="Sex">Male</attribute>
      <attribute name="View">Side</attribute>
    </box>
    <box frame="58" outside="0" occluded="0" keyframe="0" xtl="1609.32" ytl="397.00" xbr="1920.00" ybr="742.02" z_order="0">
      <attribute name="Adipose Clipped">Yes</attribute>
      <attribute name="Confidence Level">2</attribute>
      <attribute name="Injury">No</attribute>
      <attribute name="Notes"></attribute>
      <attribute name="Sex">Male</attribute>
      <attribute name="View">Side</attribute>
    </box>
    <box frame="59" outside="0" occluded="0" keyframe="0" xtl="1585.68" ytl="397.00" xbr="1920.00" ybr="754.88" z_order="0">
      <attribute name="Adipose Clipped">Yes</attribute>
      <attribute name="Confidence Level">2</attribute>
      <attribute name="Injury">No</attribute>
      <attribute name="Notes"></attribute>
      <attribute name="Sex">Male</attribute>
      <attribute name="View">Side</attribute>
    </box>
    <box frame="60" outside="0" occluded="0" keyframe="0" xtl="1562.04" ytl="397.00" xbr="1920.00" ybr="767.74" z_order="0">
      <attribute name="Adipose Clipped">Yes</attribute>
      <attribute name="Confidence Level">2</attribute>
      <attribute name="Injury">No</attribute>
      <attribute name="Notes"></attribute>
      <attribute name="Sex">Male</attribute>
      <attribute name="View">Side</attribute>
    </box>
    <box frame="61" outside="0" occluded="0" keyframe="0" xtl="1538.40" ytl="397.00" xbr="1920.00" ybr="780.60" z_order="0">
      <attribute name="Adipose Clipped">Yes</attribute>
      <attribute name="Confidence Level">2</attribute>
      <attribute name="Injury">No</attribute>
      <attribute name="Notes"></attribute>
      <attribute name="Sex">Male</attribute>
      <attribute name="View">Side</attribute>
    </box>
    <box frame="62" outside="0" occluded="0" keyframe="0" xtl="1514.76" ytl="397.00" xbr="1920.00" ybr="793.46" z_order="0">
      <attribute name="Adipose Clipped">Yes</attribute>
      <attribute name="Confidence Level">2</attribute>
      <attribute name="Injury">No</attribute>
      <attribute name="Notes"></attribute>
      <attribute name="Sex">Male</attribute>
      <attribute name="View">Side</attribute>
    </box>
    <box frame="63" outside="0" occluded="0" keyframe="0" xtl="1491.12" ytl="397.00" xbr="1920.00" ybr="806.32" z_order="0">
      <attribute name="Adipose Clipped">Yes</attribute>
      <attribute name="Confidence Level">2</attribute>
      <attribute name="Injury">No</attribute>
      <attribute name="Notes"></attribute>
      <attribute name="Sex">Male</attribute>
      <attribute name="View">Side</attribute>
    </box>
    <box frame="64" outside="0" occluded="0" keyframe="0" xtl="1467.48" ytl="397.00" xbr="1920.00" ybr="819.18" z_order="0">
      <attribute name="Adipose Clipped">Yes</attribute>
      <attribute name="Confidence Level">2</attribute>
      <attribute name="Injury">No</attribute>
      <attribute name="Notes"></attribute>
      <attribute name="Sex">Male</attribute>
      <attribute name="View">Side</attribute>
    </box>
    <box frame="65" outside="0" occluded="0" keyframe="0" xtl="1443.84" ytl="397.00" xbr="1920.00" ybr="832.04" z_order="0">
      <attribute name="Adipose Clipped">Yes</attribute>
      <attribute name="Confidence Level">2</attribute>
      <attribute name="Injury">No</attribute>
      <attribute name="Notes"></attribute>
      <attribute name="Sex">Male</attribute>
      <attribute name="View">Side</attribute>
    </box>
    <box frame="66" outside="0" occluded="0" keyframe="1" xtl="1420.20" ytl="397.00" xbr="1920.00" ybr="844.90" z_order="0">
      <attribute name="Adipose Clipped">Yes</attribute>
      <attribute name="Confidence Level">2</attribute>
      <attribute name="Injury">No</attribute>
      <attribute name="Notes"></attribute>
      <attribute name="Sex">Male</attribute>
      <attribute name="View">Side</attribute>
    </box>
    <box frame="67" outside="0" occluded="0" keyframe="0" xtl="1398.43" ytl="396.38" xbr="1920.00" ybr="837.23" z_order="0">
      <attribute name="Adipose Clipped">Yes</attribute>
      <attribute name="Confidence Level">2</attribute>
      <attribute name="Injury">No</attribute>
      <attribute name="Notes"></attribute>
      <attribute name="Sex">Male</attribute>
      <attribute name="View">Side</attribute>
    </box>
    <box frame="68" outside="0" occluded="0" keyframe="0" xtl="1376.66" ytl="395.76" xbr="1920.00" ybr="829.56" z_order="0">
      <attribute name="Adipose Clipped">Yes</attribute>
      <attribute name="Confidence Level">2</attribute>
      <attribute name="Injury">No</attribute>
      <attribute name="Notes"></attribute>
      <attribute name="Sex">Male</attribute>
      <attribute name="View">Side</attribute>
    </box>
    <box frame="69" outside="0" occluded="0" keyframe="0" xtl="1354.89" ytl="395.14" xbr="1920.00" ybr="821.89" z_order="0">
      <attribute name="Adipose Clipped">Yes</attribute>
      <attribute name="Confidence Level">2</attribute>
      <attribute name="Injury">No</attribute>
      <attribute name="Notes"></attribute>
      <attribute name="Sex">Male</attribute>
      <attribute name="View">Side</attribute>
    </box>
    <box frame="70" outside="0" occluded="0" keyframe="0" xtl="1333.12" ytl="394.52" xbr="1920.00" ybr="814.22" z_order="0">
      <attribute name="Adipose Clipped">Yes</attribute>
      <attribute name="Confidence Level">2</attribute>
      <attribute name="Injury">No</attribute>
      <attribute name="Notes"></attribute>
      <attribute name="Sex">Male</attribute>
      <attribute name="View">Side</attribute>
    </box>
    <box frame="71" outside="0" occluded="0" keyframe="0" xtl="1311.35" ytl="393.90" xbr="1920.00" ybr="806.55" z_order="0">
      <attribute name="Adipose Clipped">Yes</attribute>
      <attribute name="Confidence Level">2</attribute>
      <attribute name="Injury">No</attribute>
      <attribute name="Notes"></attribute>
      <attribute name="Sex">Male</attribute>
      <attribute name="View">Side</attribute>
    </box>
    <box frame="72" outside="0" occluded="0" keyframe="0" xtl="1289.58" ytl="393.28" xbr="1920.00" ybr="798.88" z_order="0">
      <attribute name="Adipose Clipped">Yes</attribute>
      <attribute name="Confidence Level">2</attribute>
      <attribute name="Injury">No</attribute>
      <attribute name="Notes"></attribute>
      <attribute name="Sex">Male</attribute>
      <attribute name="View">Side</attribute>
    </box>
    <box frame="73" outside="0" occluded="0" keyframe="0" xtl="1267.81" ytl="392.66" xbr="1920.00" ybr="791.21" z_order="0">
      <attribute name="Adipose Clipped">Yes</attribute>
      <attribute name="Confidence Level">2</attribute>
      <attribute name="Injury">No</attribute>
      <attribute name="Notes"></attribute>
      <attribute name="Sex">Male</attribute>
      <attribute name="View">Side</attribute>
    </box>
    <box frame="74" outside="0" occluded="0" keyframe="0" xtl="1246.04" ytl="392.04" xbr="1920.00" ybr="783.54" z_order="0">
      <attribute name="Adipose Clipped">Yes</attribute>
      <attribute name="Confidence Level">2</attribute>
      <attribute name="Injury">No</attribute>
      <attribute name="Notes"></attribute>
      <attribute name="Sex">Male</attribute>
      <attribute name="View">Side</attribute>
    </box>
    <box frame="75" outside="0" occluded="0" keyframe="0" xtl="1224.27" ytl="391.42" xbr="1920.00" ybr="775.87" z_order="0">
      <attribute name="Adipose Clipped">Yes</attribute>
      <attribute name="Confidence Level">2</attribute>
      <attribute name="Injury">No</attribute>
      <attribute name="Notes"></attribute>
      <attribute name="Sex">Male</attribute>
      <attribute name="View">Side</attribute>
    </box>
    <box frame="76" outside="0" occluded="0" keyframe="1" xtl="1202.50" ytl="390.80" xbr="1920.00" ybr="768.20" z_order="0">
      <attribute name="Adipose Clipped">Yes</attribute>
      <attribute name="Confidence Level">2</attribute>
      <attribute name="Injury">No</attribute>
      <attribute name="Notes"></attribute>
      <attribute name="Sex">Male</attribute>
      <attribute name="View">Side</attribute>
    </box>
    <box frame="77" outside="0" occluded="0" keyframe="0" xtl="1182.39" ytl="389.14" xbr="1920.00" ybr="768.20" z_order="0">
      <attribute name="Adipose Clipped">Yes</attribute>
      <attribute name="Confidence Level">2</attribute>
      <attribute name="Injury">No</attribute>
      <attribute name="Notes"></attribute>
      <attribute name="Sex">Male</attribute>
      <attribute name="View">Side</attribute>
    </box>
    <box frame="78" outside="0" occluded="0" keyframe="0" xtl="1162.28" ytl="387.48" xbr="1920.00" ybr="768.20" z_order="0">
      <attribute name="Adipose Clipped">Yes</attribute>
      <attribute name="Confidence Level">2</attribute>
      <attribute name="Injury">No</attribute>
      <attribute name="Notes"></attribute>
      <attribute name="Sex">Male</attribute>
      <attribute name="View">Side</attribute>
    </box>
    <box frame="79" outside="0" occluded="0" keyframe="0" xtl="1142.17" ytl="385.82" xbr="1920.00" ybr="768.20" z_order="0">
      <attribute name="Adipose Clipped">Yes</attribute>
      <attribute name="Confidence Level">2</attribute>
      <attribute name="Injury">No</attribute>
      <attribute name="Notes"></attribute>
      <attribute name="Sex">Male</attribute>
      <attribute name="View">Side</attribute>
    </box>
    <box frame="80" outside="0" occluded="0" keyframe="0" xtl="1122.06" ytl="384.16" xbr="1920.00" ybr="768.20" z_order="0">
      <attribute name="Adipose Clipped">Yes</attribute>
      <attribute name="Confidence Level">2</attribute>
      <attribute name="Injury">No</attribute>
      <attribute name="Notes"></attribute>
      <attribute name="Sex">Male</attribute>
      <attribute name="View">Side</attribute>
    </box>
    <box frame="81" outside="0" occluded="0" keyframe="0" xtl="1101.95" ytl="382.50" xbr="1920.00" ybr="768.20" z_order="0">
      <attribute name="Adipose Clipped">Yes</attribute>
      <attribute name="Confidence Level">2</attribute>
      <attribute name="Injury">No</attribute>
      <attribute name="Notes"></attribute>
      <attribute name="Sex">Male</attribute>
      <attribute name="View">Side</attribute>
    </box>
    <box frame="82" outside="0" occluded="0" keyframe="0" xtl="1081.84" ytl="380.84" xbr="1920.00" ybr="768.20" z_order="0">
      <attribute name="Adipose Clipped">Yes</attribute>
      <attribute name="Confidence Level">2</attribute>
      <attribute name="Injury">No</attribute>
      <attribute name="Notes"></attribute>
      <attribute name="Sex">Male</attribute>
      <attribute name="View">Side</attribute>
    </box>
    <box frame="83" outside="0" occluded="0" keyframe="0" xtl="1061.73" ytl="379.18" xbr="1920.00" ybr="768.20" z_order="0">
      <attribute name="Adipose Clipped">Yes</attribute>
      <attribute name="Confidence Level">2</attribute>
      <attribute name="Injury">No</attribute>
      <attribute name="Notes"></attribute>
      <attribute name="Sex">Male</attribute>
      <attribute name="View">Side</attribute>
    </box>
    <box frame="84" outside="0" occluded="0" keyframe="0" xtl="1041.62" ytl="377.52" xbr="1920.00" ybr="768.20" z_order="0">
      <attribute name="Adipose Clipped">Yes</attribute>
      <attribute name="Confidence Level">2</attribute>
      <attribute name="Injury">No</attribute>
      <attribute name="Notes"></attribute>
      <attribute name="Sex">Male</attribute>
      <attribute name="View">Side</attribute>
    </box>
    <box frame="85" outside="0" occluded="0" keyframe="0" xtl="1021.51" ytl="375.86" xbr="1920.00" ybr="768.20" z_order="0">
      <attribute name="Adipose Clipped">Yes</attribute>
      <attribute name="Confidence Level">2</attribute>
      <attribute name="Injury">No</attribute>
      <attribute name="Notes"></attribute>
      <attribute name="Sex">Male</attribute>
      <attribute name="View">Side</attribute>
    </box>
    <box frame="86" outside="0" occluded="0" keyframe="1" xtl="1001.40" ytl="374.20" xbr="1920.00" ybr="768.20" z_order="0">
      <attribute name="Adipose Clipped">Yes</attribute>
      <attribute name="Confidence Level">2</attribute>
      <attribute name="Injury">No</attribute>
      <attribute name="Notes"></attribute>
      <attribute name="Sex">Male</attribute>
      <attribute name="View">Side</attribute>
    </box>
    <box frame="87" outside="0" occluded="0" keyframe="0" xtl="993.73" ytl="375.03" xbr="1912.33" ybr="769.03" z_order="0">
      <attribute name="Adipose Clipped">Yes</attribute>
      <attribute name="Confidence Level">2</attribute>
      <attribute name="Injury">No</attribute>
      <attribute name="Notes"></attribute>
      <attribute name="Sex">Male</attribute>
      <attribute name="View">Side</attribute>
    </box>
    <box frame="88" outside="0" occluded="0" keyframe="0" xtl="986.06" ytl="375.86" xbr="1904.66" ybr="769.86" z_order="0">
      <attribute name="Adipose Clipped">Yes</attribute>
      <attribute name="Confidence Level">2</attribute>
      <attribute name="Injury">No</attribute>
      <attribute name="Notes"></attribute>
      <attribute name="Sex">Male</attribute>
      <attribute name="View">Side</attribute>
    </box>
    <box frame="89" outside="0" occluded="0" keyframe="0" xtl="978.39" ytl="376.69" xbr="1896.99" ybr="770.69" z_order="0">
      <attribute name="Adipose Clipped">Yes</attribute>
      <attribute name="Confidence Level">2</attribute>
      <attribute name="Injury">No</attribute>
      <attribute name="Notes"></attribute>
      <attribute name="Sex">Male</attribute>
      <attribute name="View">Side</attribute>
    </box>
    <box frame="90" outside="0" occluded="0" keyframe="0" xtl="970.71" ytl="377.52" xbr="1889.31" ybr="771.52" z_order="0">
      <attribute name="Adipose Clipped">Yes</attribute>
      <attribute name="Confidence Level">2</attribute>
      <attribute name="Injury">No</attribute>
      <attribute name="Notes"></attribute>
      <attribute name="Sex">Male</attribute>
      <attribute name="View">Side</attribute>
    </box>
    <box frame="91" outside="0" occluded="0" keyframe="0" xtl="963.04" ytl="378.35" xbr="1881.64" ybr="772.35" z_order="0">
      <attribute name="Adipose Clipped">Yes</attribute>
      <attribute name="Confidence Level">2</attribute>
      <attribute name="Injury">No</attribute>
      <attribute name="Notes"></attribute>
      <attribute name="Sex">Male</attribute>
      <attribute name="View">Side</attribute>
    </box>
    <box frame="92" outside="0" occluded="0" keyframe="0" xtl="955.37" ytl="379.18" xbr="1873.97" ybr="773.18" z_order="0">
      <attribute name="Adipose Clipped">Yes</attribute>
      <attribute name="Confidence Level">2</attribute>
      <attribute name="Injury">No</attribute>
      <attribute name="Notes"></attribute>
      <attribute name="Sex">Male</attribute>
      <attribute name="View">Side</attribute>
    </box>
    <box frame="93" outside="0" occluded="0" keyframe="0" xtl="947.70" ytl="380.01" xbr="1866.30" ybr="774.01" z_order="0">
      <attribute name="Adipose Clipped">Yes</attribute>
      <attribute name="Confidence Level">2</attribute>
      <attribute name="Injury">No</attribute>
      <attribute name="Notes"></attribute>
      <attribute name="Sex">Male</attribute>
      <attribute name="View">Side</attribute>
    </box>
    <box frame="94" outside="0" occluded="0" keyframe="0" xtl="940.03" ytl="380.84" xbr="1858.63" ybr="774.84" z_order="0">
      <attribute name="Adipose Clipped">Yes</attribute>
      <attribute name="Confidence Level">2</attribute>
      <attribute name="Injury">No</attribute>
      <attribute name="Notes"></attribute>
      <attribute name="Sex">Male</attribute>
      <attribute name="View">Side</attribute>
    </box>
    <box frame="95" outside="0" occluded="0" keyframe="0" xtl="932.36" ytl="381.66" xbr="1850.96" ybr="775.66" z_order="0">
      <attribute name="Adipose Clipped">Yes</attribute>
      <attribute name="Confidence Level">2</attribute>
      <attribute name="Injury">No</attribute>
      <attribute name="Notes"></attribute>
      <attribute name="Sex">Male</attribute>
      <attribute name="View">Side</attribute>
    </box>
    <box frame="96" outside="0" occluded="0" keyframe="1" xtl="924.68" ytl="382.49" xbr="1843.28" ybr="776.49" z_order="0">
      <attribute name="Adipose Clipped">Yes</attribute>
      <attribute name="Confidence Level">2</attribute>
      <attribute name="Injury">No</attribute>
      <attribute name="Notes"></attribute>
      <attribute name="Sex">Male</attribute>
      <attribute name="View">Side</attribute>
    </box>
    <box frame="97" outside="0" occluded="0" keyframe="0" xtl="910.38" ytl="378.55" xbr="1828.98" ybr="772.55" z_order="0">
      <attribute name="Adipose Clipped">Yes</attribute>
      <attribute name="Confidence Level">2</attribute>
      <attribute name="Injury">No</attribute>
      <attribute name="Notes"></attribute>
      <attribute name="Sex">Male</attribute>
      <attribute name="View">Side</attribute>
    </box>
    <box frame="98" outside="0" occluded="0" keyframe="0" xtl="896.07" ytl="374.62" xbr="1814.67" ybr="768.62" z_order="0">
      <attribute name="Adipose Clipped">Yes</attribute>
      <attribute name="Confidence Level">2</attribute>
      <attribute name="Injury">No</attribute>
      <attribute name="Notes"></attribute>
      <attribute name="Sex">Male</attribute>
      <attribute name="View">Side</attribute>
    </box>
    <box frame="99" outside="0" occluded="0" keyframe="0" xtl="881.76" ytl="370.68" xbr="1800.36" ybr="764.68" z_order="0">
      <attribute name="Adipose Clipped">Yes</attribute>
      <attribute name="Confidence Level">2</attribute>
      <attribute name="Injury">No</attribute>
      <attribute name="Notes"></attribute>
      <attribute name="Sex">Male</attribute>
      <attribute name="View">Side</attribute>
    </box>
    <box frame="100" outside="0" occluded="0" keyframe="0" xtl="867.46" ytl="366.74" xbr="1786.06" ybr="760.74" z_order="0">
      <attribute name="Adipose Clipped">Yes</attribute>
      <attribute name="Confidence Level">2</attribute>
      <attribute name="Injury">No</attribute>
      <attribute name="Notes"></attribute>
      <attribute name="Sex">Male</attribute>
      <attribute name="View">Side</attribute>
    </box>
    <box frame="101" outside="0" occluded="0" keyframe="0" xtl="853.15" ytl="362.80" xbr="1771.75" ybr="756.80" z_order="0">
      <attribute name="Adipose Clipped">Yes</attribute>
      <attribute name="Confidence Level">2</attribute>
      <attribute name="Injury">No</attribute>
      <attribute name="Notes"></attribute>
      <attribute name="Sex">Male</attribute>
      <attribute name="View">Side</attribute>
    </box>
    <box frame="102" outside="0" occluded="0" keyframe="0" xtl="838.84" ytl="358.86" xbr="1757.44" ybr="752.86" z_order="0">
      <attribute name="Adipose Clipped">Yes</attribute>
      <attribute name="Confidence Level">2</attribute>
      <attribute name="Injury">No</attribute>
      <attribute name="Notes"></attribute>
      <attribute name="Sex">Male</attribute>
      <attribute name="View">Side</attribute>
    </box>
    <box frame="103" outside="0" occluded="0" keyframe="0" xtl="824.54" ytl="354.92" xbr="1743.14" ybr="748.92" z_order="0">
      <attribute name="Adipose Clipped">Yes</attribute>
      <attribute name="Confidence Level">2</attribute>
      <attribute name="Injury">No</attribute>
      <attribute name="Notes"></attribute>
      <attribute name="Sex">Male</attribute>
      <attribute name="View">Side</attribute>
    </box>
    <box frame="104" outside="0" occluded="0" keyframe="0" xtl="810.23" ytl="350.98" xbr="1728.83" ybr="744.98" z_order="0">
      <attribute name="Adipose Clipped">Yes</attribute>
      <attribute name="Confidence Level">2</attribute>
      <attribute name="Injury">No</attribute>
      <attribute name="Notes"></attribute>
      <attribute name="Sex">Male</attribute>
      <attribute name="View">Side</attribute>
    </box>
    <box frame="105" outside="0" occluded="0" keyframe="0" xtl="795.92" ytl="347.04" xbr="1714.52" ybr="741.04" z_order="0">
      <attribute name="Adipose Clipped">Yes</attribute>
      <attribute name="Confidence Level">2</attribute>
      <attribute name="Injury">No</attribute>
      <attribute name="Notes"></attribute>
      <attribute name="Sex">Male</attribute>
      <attribute name="View">Side</attribute>
    </box>
    <box frame="106" outside="0" occluded="0" keyframe="1" xtl="781.62" ytl="343.10" xbr="1700.22" ybr="737.10" z_order="0">
      <attribute name="Adipose Clipped">Yes</attribute>
      <attribute name="Confidence Level">2</attribute>
      <attribute name="Injury">No</attribute>
      <attribute name="Notes"></attribute>
      <attribute name="Sex">Male</attribute>
      <attribute name="View">Side</attribute>
    </box>
    <box frame="107" outside="0" occluded="0" keyframe="0" xtl="768.14" ytl="339.58" xbr="1690.89" ybr="737.10" z_order="0">
      <attribute name="Adipose Clipped">Yes</attribute>
      <attribute name="Confidence Level">2</attribute>
      <attribute name="Injury">No</attribute>
      <attribute name="Notes"></attribute>
      <attribute name="Sex">Male</attribute>
      <attribute name="View">Side</attribute>
    </box>
    <box frame="108" outside="0" occluded="0" keyframe="0" xtl="754.66" ytl="336.06" xbr="1681.56" ybr="737.10" z_order="0">
      <attribute name="Adipose Clipped">Yes</attribute>
      <attribute name="Confidence Level">2</attribute>
      <attribute name="Injury">No</attribute>
      <attribute name="Notes"></attribute>
      <attribute name="Sex">Male</attribute>
      <attribute name="View">Side</attribute>
    </box>
    <box frame="109" outside="0" occluded="0" keyframe="0" xtl="741.18" ytl="332.54" xbr="1672.23" ybr="737.10" z_order="0">
      <attribute name="Adipose Clipped">Yes</attribute>
      <attribute name="Confidence Level">2</attribute>
      <attribute name="Injury">No</attribute>
      <attribute name="Notes"></attribute>
      <attribute name="Sex">Male</attribute>
      <attribute name="View">Side</attribute>
    </box>
    <box frame="110" outside="0" occluded="0" keyframe="0" xtl="727.71" ytl="329.02" xbr="1662.90" ybr="737.10" z_order="0">
      <attribute name="Adipose Clipped">Yes</attribute>
      <attribute name="Confidence Level">2</attribute>
      <attribute name="Injury">No</attribute>
      <attribute name="Notes"></attribute>
      <attribute name="Sex">Male</attribute>
      <attribute name="View">Side</attribute>
    </box>
    <box frame="111" outside="0" occluded="0" keyframe="0" xtl="714.23" ytl="325.50" xbr="1653.57" ybr="737.10" z_order="0">
      <attribute name="Adipose Clipped">Yes</attribute>
      <attribute name="Confidence Level">2</attribute>
      <attribute name="Injury">No</attribute>
      <attribute name="Notes"></attribute>
      <attribute name="Sex">Male</attribute>
      <attribute name="View">Side</attribute>
    </box>
    <box frame="112" outside="0" occluded="0" keyframe="0" xtl="700.75" ytl="321.98" xbr="1644.24" ybr="737.10" z_order="0">
      <attribute name="Adipose Clipped">Yes</attribute>
      <attribute name="Confidence Level">2</attribute>
      <attribute name="Injury">No</attribute>
      <attribute name="Notes"></attribute>
      <attribute name="Sex">Male</attribute>
      <attribute name="View">Side</attribute>
    </box>
    <box frame="113" outside="0" occluded="0" keyframe="0" xtl="687.27" ytl="318.45" xbr="1634.91" ybr="737.10" z_order="0">
      <attribute name="Adipose Clipped">Yes</attribute>
      <attribute name="Confidence Level">2</attribute>
      <attribute name="Injury">No</attribute>
      <attribute name="Notes"></attribute>
      <attribute name="Sex">Male</attribute>
      <attribute name="View">Side</attribute>
    </box>
    <box frame="114" outside="0" occluded="0" keyframe="0" xtl="673.80" ytl="314.93" xbr="1625.58" ybr="737.10" z_order="0">
      <attribute name="Adipose Clipped">Yes</attribute>
      <attribute name="Confidence Level">2</attribute>
      <attribute name="Injury">No</attribute>
      <attribute name="Notes"></attribute>
      <attribute name="Sex">Male</attribute>
      <attribute name="View">Side</attribute>
    </box>
    <box frame="115" outside="0" occluded="0" keyframe="0" xtl="660.32" ytl="311.41" xbr="1616.25" ybr="737.10" z_order="0">
      <attribute name="Adipose Clipped">Yes</attribute>
      <attribute name="Confidence Level">2</attribute>
      <attribute name="Injury">No</attribute>
      <attribute name="Notes"></attribute>
      <attribute name="Sex">Male</attribute>
      <attribute name="View">Side</attribute>
    </box>
    <box frame="116" outside="0" occluded="0" keyframe="1" xtl="646.84" ytl="307.89" xbr="1606.93" ybr="737.10" z_order="0">
      <attribute name="Adipose Clipped">Yes</attribute>
      <attribute name="Confidence Level">2</attribute>
      <attribute name="Injury">No</attribute>
      <attribute name="Notes"></attribute>
      <attribute name="Sex">Male</attribute>
      <attribute name="View">Side</attribute>
    </box>
    <box frame="117" outside="0" occluded="0" keyframe="0" xtl="634.82" ytl="305.20" xbr="1594.90" ybr="734.40" z_order="0">
      <attribute name="Adipose Clipped">Yes</attribute>
      <attribute name="Confidence Level">2</attribute>
      <attribute name="Injury">No</attribute>
      <attribute name="Notes"></attribute>
      <attribute name="Sex">Male</attribute>
      <attribute name="View">Side</attribute>
    </box>
    <box frame="118" outside="0" occluded="0" keyframe="0" xtl="622.79" ytl="302.50" xbr="1582.87" ybr="731.71" z_order="0">
      <attribute name="Adipose Clipped">Yes</attribute>
      <attribute name="Confidence Level">2</attribute>
      <attribute name="Injury">No</attribute>
      <attribute name="Notes"></attribute>
      <attribute name="Sex">Male</attribute>
      <attribute name="View">Side</attribute>
    </box>
    <box frame="119" outside="0" occluded="0" keyframe="0" xtl="610.77" ytl="299.81" xbr="1570.85" ybr="729.01" z_order="0">
      <attribute name="Adipose Clipped">Yes</attribute>
      <attribute name="Confidence Level">2</attribute>
      <attribute name="Injury">No</attribute>
      <attribute name="Notes"></attribute>
      <attribute name="Sex">Male</attribute>
      <attribute name="View">Side</attribute>
    </box>
    <box frame="120" outside="0" occluded="0" keyframe="0" xtl="598.74" ytl="297.11" xbr="1558.82" ybr="726.32" z_order="0">
      <attribute name="Adipose Clipped">Yes</attribute>
      <attribute name="Confidence Level">2</attribute>
      <attribute name="Injury">No</attribute>
      <attribute name="Notes"></attribute>
      <attribute name="Sex">Male</attribute>
      <attribute name="View">Side</attribute>
    </box>
    <box frame="121" outside="0" occluded="0" keyframe="0" xtl="586.71" ytl="294.42" xbr="1546.80" ybr="723.62" z_order="0">
      <attribute name="Adipose Clipped">Yes</attribute>
      <attribute name="Confidence Level">2</attribute>
      <attribute name="Injury">No</attribute>
      <attribute name="Notes"></attribute>
      <attribute name="Sex">Male</attribute>
      <attribute name="View">Side</attribute>
    </box>
    <box frame="122" outside="0" occluded="0" keyframe="0" xtl="574.69" ytl="291.72" xbr="1534.77" ybr="720.93" z_order="0">
      <attribute name="Adipose Clipped">Yes</attribute>
      <attribute name="Confidence Level">2</attribute>
      <attribute name="Injury">No</attribute>
      <attribute name="Notes"></attribute>
      <attribute name="Sex">Male</attribute>
      <attribute name="View">Side</attribute>
    </box>
    <box frame="123" outside="0" occluded="0" keyframe="0" xtl="562.66" ytl="289.02" xbr="1522.74" ybr="718.23" z_order="0">
      <attribute name="Adipose Clipped">Yes</attribute>
      <attribute name="Confidence Level">2</attribute>
      <attribute name="Injury">No</attribute>
      <attribute name="Notes"></attribute>
      <attribute name="Sex">Male</attribute>
      <attribute name="View">Side</attribute>
    </box>
    <box frame="124" outside="0" occluded="0" keyframe="0" xtl="550.64" ytl="286.33" xbr="1510.72" ybr="715.53" z_order="0">
      <attribute name="Adipose Clipped">Yes</attribute>
      <attribute name="Confidence Level">2</attribute>
      <attribute name="Injury">No</attribute>
      <attribute name="Notes"></attribute>
      <attribute name="Sex">Male</attribute>
      <attribute name="View">Side</attribute>
    </box>
    <box frame="125" outside="0" occluded="0" keyframe="0" xtl="538.61" ytl="283.63" xbr="1498.69" ybr="712.84" z_order="0">
      <attribute name="Adipose Clipped">Yes</attribute>
      <attribute name="Confidence Level">2</attribute>
      <attribute name="Injury">No</attribute>
      <attribute name="Notes"></attribute>
      <attribute name="Sex">Male</attribute>
      <attribute name="View">Side</attribute>
    </box>
    <box frame="126" outside="0" occluded="0" keyframe="1" xtl="526.58" ytl="280.94" xbr="1486.67" ybr="710.14" z_order="0">
      <attribute name="Adipose Clipped">Yes</attribute>
      <attribute name="Confidence Level">2</attribute>
      <attribute name="Injury">No</attribute>
      <attribute name="Notes"></attribute>
      <attribute name="Sex">Male</attribute>
      <attribute name="View">Side</attribute>
    </box>
    <box frame="127" outside="0" occluded="0" keyframe="0" xtl="506.68" ytl="281.35" xbr="1475.89" ybr="714.50" z_order="0">
      <attribute name="Adipose Clipped">Yes</attribute>
      <attribute name="Confidence Level">2</attribute>
      <attribute name="Injury">No</attribute>
      <attribute name="Notes"></attribute>
      <attribute name="Sex">Male</attribute>
      <attribute name="View">Side</attribute>
    </box>
    <box frame="128" outside="0" occluded="0" keyframe="0" xtl="486.77" ytl="281.77" xbr="1465.11" ybr="718.86" z_order="0">
      <attribute name="Adipose Clipped">Yes</attribute>
      <attribute name="Confidence Level">2</attribute>
      <attribute name="Injury">No</attribute>
      <attribute name="Notes"></attribute>
      <attribute name="Sex">Male</attribute>
      <attribute name="View">Side</attribute>
    </box>
    <box frame="129" outside="0" occluded="0" keyframe="0" xtl="466.87" ytl="282.18" xbr="1454.33" ybr="723.21" z_order="0">
      <attribute name="Adipose Clipped">Yes</attribute>
      <attribute name="Confidence Level">2</attribute>
      <attribute name="Injury">No</attribute>
      <attribute name="Notes"></attribute>
      <attribute name="Sex">Male</attribute>
      <attribute name="View">Side</attribute>
    </box>
    <box frame="130" outside="0" occluded="0" keyframe="0" xtl="446.96" ytl="282.60" xbr="1443.55" ybr="727.57" z_order="0">
      <attribute name="Adipose Clipped">Yes</attribute>
      <attribute name="Confidence Level">2</attribute>
      <attribute name="Injury">No</attribute>
      <attribute name="Notes"></attribute>
      <attribute name="Sex">Male</attribute>
      <attribute name="View">Side</attribute>
    </box>
    <box frame="131" outside="0" occluded="0" keyframe="0" xtl="427.06" ytl="283.01" xbr="1432.77" ybr="731.93" z_order="0">
      <attribute name="Adipose Clipped">Yes</attribute>
      <attribute name="Confidence Level">2</attribute>
      <attribute name="Injury">No</attribute>
      <attribute name="Notes"></attribute>
      <attribute name="Sex">Male</attribute>
      <attribute name="View">Side</attribute>
    </box>
    <box frame="132" outside="0" occluded="0" keyframe="0" xtl="407.15" ytl="283.43" xbr="1421.99" ybr="736.28" z_order="0">
      <attribute name="Adipose Clipped">Yes</attribute>
      <attribute name="Confidence Level">2</attribute>
      <attribute name="Injury">No</attribute>
      <attribute name="Notes"></attribute>
      <attribute name="Sex">Male</attribute>
      <attribute name="View">Side</attribute>
    </box>
    <box frame="133" outside="0" occluded="0" keyframe="0" xtl="387.25" ytl="283.84" xbr="1411.21" ybr="740.64" z_order="0">
      <attribute name="Adipose Clipped">Yes</attribute>
      <attribute name="Confidence Level">2</attribute>
      <attribute name="Injury">No</attribute>
      <attribute name="Notes"></attribute>
      <attribute name="Sex">Male</attribute>
      <attribute name="View">Side</attribute>
    </box>
    <box frame="134" outside="0" occluded="0" keyframe="0" xtl="367.34" ytl="284.25" xbr="1400.43" ybr="745.00" z_order="0">
      <attribute name="Adipose Clipped">Yes</attribute>
      <attribute name="Confidence Level">2</attribute>
      <attribute name="Injury">No</attribute>
      <attribute name="Notes"></attribute>
      <attribute name="Sex">Male</attribute>
      <attribute name="View">Side</attribute>
    </box>
    <box frame="135" outside="0" occluded="0" keyframe="0" xtl="347.44" ytl="284.67" xbr="1389.66" ybr="749.36" z_order="0">
      <attribute name="Adipose Clipped">Yes</attribute>
      <attribute name="Confidence Level">2</attribute>
      <attribute name="Injury">No</attribute>
      <attribute name="Notes"></attribute>
      <attribute name="Sex">Male</attribute>
      <attribute name="View">Side</attribute>
    </box>
    <box frame="136" outside="0" occluded="0" keyframe="1" xtl="327.53" ytl="285.08" xbr="1378.88" ybr="753.71" z_order="0">
      <attribute name="Adipose Clipped">Yes</attribute>
      <attribute name="Confidence Level">2</attribute>
      <attribute name="Injury">No</attribute>
      <attribute name="Notes"></attribute>
      <attribute name="Sex">Male</attribute>
      <attribute name="View">Side</attribute>
    </box>
    <box frame="137" outside="0" occluded="0" keyframe="0" xtl="316.34" ytl="291.51" xbr="1367.68" ybr="760.14" z_order="0">
      <attribute name="Adipose Clipped">Yes</attribute>
      <attribute name="Confidence Level">2</attribute>
      <attribute name="Injury">No</attribute>
      <attribute name="Notes"></attribute>
      <attribute name="Sex">Male</attribute>
      <attribute name="View">Side</attribute>
    </box>
    <box frame="138" outside="0" occluded="0" keyframe="0" xtl="305.14" ytl="297.94" xbr="1356.48" ybr="766.57" z_order="0">
      <attribute name="Adipose Clipped">Yes</attribute>
      <attribute name="Confidence Level">2</attribute>
      <attribute name="Injury">No</attribute>
      <attribute name="Notes"></attribute>
      <attribute name="Sex">Male</attribute>
      <attribute name="View">Side</attribute>
    </box>
    <box frame="139" outside="0" occluded="0" keyframe="0" xtl="293.94" ytl="304.37" xbr="1345.29" ybr="773.00" z_order="0">
      <attribute name="Adipose Clipped">Yes</attribute>
      <attribute name="Confidence Level">2</attribute>
      <attribute name="Injury">No</attribute>
      <attribute name="Notes"></attribute>
      <attribute name="Sex">Male</attribute>
      <attribute name="View">Side</attribute>
    </box>
    <box frame="140" outside="0" occluded="0" keyframe="0" xtl="282.75" ytl="310.79" xbr="1334.09" ybr="779.42" z_order="0">
      <attribute name="Adipose Clipped">Yes</attribute>
      <attribute name="Confidence Level">2</attribute>
      <attribute name="Injury">No</attribute>
      <attribute name="Notes"></attribute>
      <attribute name="Sex">Male</attribute>
      <attribute name="View">Side</attribute>
    </box>
    <box frame="141" outside="0" occluded="0" keyframe="0" xtl="271.55" ytl="317.22" xbr="1322.89" ybr="785.85" z_order="0">
      <attribute name="Adipose Clipped">Yes</attribute>
      <attribute name="Confidence Level">2</attribute>
      <attribute name="Injury">No</attribute>
      <attribute name="Notes"></attribute>
      <attribute name="Sex">Male</attribute>
      <attribute name="View">Side</attribute>
    </box>
    <box frame="142" outside="0" occluded="0" keyframe="0" xtl="260.35" ytl="323.65" xbr="1311.70" ybr="792.28" z_order="0">
      <attribute name="Adipose Clipped">Yes</attribute>
      <attribute name="Confidence Level">2</attribute>
      <attribute name="Injury">No</attribute>
      <attribute name="Notes"></attribute>
      <attribute name="Sex">Male</attribute>
      <attribute name="View">Side</attribute>
    </box>
    <box frame="143" outside="0" occluded="0" keyframe="0" xtl="249.16" ytl="330.08" xbr="1300.50" ybr="798.71" z_order="0">
      <attribute name="Adipose Clipped">Yes</attribute>
      <attribute name="Confidence Level">2</attribute>
      <attribute name="Injury">No</attribute>
      <attribute name="Notes"></attribute>
      <attribute name="Sex">Male</attribute>
      <attribute name="View">Side</attribute>
    </box>
    <box frame="144" outside="0" occluded="0" keyframe="0" xtl="237.96" ytl="336.51" xbr="1289.30" ybr="805.13" z_order="0">
      <attribute name="Adipose Clipped">Yes</attribute>
      <attribute name="Confidence Level">2</attribute>
      <attribute name="Injury">No</attribute>
      <attribute name="Notes"></attribute>
      <attribute name="Sex">Male</attribute>
      <attribute name="View">Side</attribute>
    </box>
    <box frame="145" outside="0" occluded="0" keyframe="0" xtl="226.76" ytl="342.93" xbr="1278.11" ybr="811.56" z_order="0">
      <attribute name="Adipose Clipped">Yes</attribute>
      <attribute name="Confidence Level">2</attribute>
      <attribute name="Injury">No</attribute>
      <attribute name="Notes"></attribute>
      <attribute name="Sex">Male</attribute>
      <attribute name="View">Side</attribute>
    </box>
    <box frame="146" outside="0" occluded="0" keyframe="1" xtl="215.57" ytl="349.36" xbr="1266.91" ybr="817.99" z_order="0">
      <attribute name="Adipose Clipped">Yes</attribute>
      <attribute name="Confidence Level">2</attribute>
      <attribute name="Injury">No</attribute>
      <attribute name="Notes"></attribute>
      <attribute name="Sex">Male</attribute>
      <attribute name="View">Side</attribute>
    </box>
    <box frame="147" outside="0" occluded="0" keyframe="0" xtl="199.81" ytl="351.43" xbr="1251.15" ybr="820.06" z_order="0">
      <attribute name="Adipose Clipped">Yes</attribute>
      <attribute name="Confidence Level">2</attribute>
      <attribute name="Injury">No</attribute>
      <attribute name="Notes"></attribute>
      <attribute name="Sex">Male</attribute>
      <attribute name="View">Side</attribute>
    </box>
    <box frame="148" outside="0" occluded="0" keyframe="0" xtl="184.05" ytl="353.51" xbr="1235.40" ybr="822.14" z_order="0">
      <attribute name="Adipose Clipped">Yes</attribute>
      <attribute name="Confidence Level">2</attribute>
      <attribute name="Injury">No</attribute>
      <attribute name="Notes"></attribute>
      <attribute name="Sex">Male</attribute>
      <attribute name="View">Side</attribute>
    </box>
    <box frame="149" outside="0" occluded="0" keyframe="0" xtl="168.29" ytl="355.58" xbr="1219.64" ybr="824.21" z_order="0">
      <attribute name="Adipose Clipped">Yes</attribute>
      <attribute name="Confidence Level">2</attribute>
      <attribute name="Injury">No</attribute>
      <attribute name="Notes"></attribute>
      <attribute name="Sex">Male</attribute>
      <attribute name="View">Side</attribute>
    </box>
    <box frame="150" outside="0" occluded="0" keyframe="0" xtl="152.54" ytl="357.65" xbr="1203.88" ybr="826.28" z_order="0">
      <attribute name="Adipose Clipped">Yes</attribute>
      <attribute name="Confidence Level">2</attribute>
      <attribute name="Injury">No</attribute>
      <attribute name="Notes"></attribute>
      <attribute name="Sex">Male</attribute>
      <attribute name="View">Side</attribute>
    </box>
    <box frame="151" outside="0" occluded="0" keyframe="0" xtl="136.78" ytl="359.73" xbr="1188.12" ybr="828.36" z_order="0">
      <attribute name="Adipose Clipped">Yes</attribute>
      <attribute name="Confidence Level">2</attribute>
      <attribute name="Injury">No</attribute>
      <attribute name="Notes"></attribute>
      <attribute name="Sex">Male</attribute>
      <attribute name="View">Side</attribute>
    </box>
    <box frame="152" outside="0" occluded="0" keyframe="0" xtl="121.02" ytl="361.80" xbr="1172.36" ybr="830.43" z_order="0">
      <attribute name="Adipose Clipped">Yes</attribute>
      <attribute name="Confidence Level">2</attribute>
      <attribute name="Injury">No</attribute>
      <attribute name="Notes"></attribute>
      <attribute name="Sex">Male</attribute>
      <attribute name="View">Side</attribute>
    </box>
    <box frame="153" outside="0" occluded="0" keyframe="0" xtl="105.26" ytl="363.87" xbr="1156.60" ybr="832.50" z_order="0">
      <attribute name="Adipose Clipped">Yes</attribute>
      <attribute name="Confidence Level">2</attribute>
      <attribute name="Injury">No</attribute>
      <attribute name="Notes"></attribute>
      <attribute name="Sex">Male</attribute>
      <attribute name="View">Side</attribute>
    </box>
    <box frame="154" outside="0" occluded="0" keyframe="0" xtl="89.50" ytl="365.95" xbr="1140.85" ybr="834.58" z_order="0">
      <attribute name="Adipose Clipped">Yes</attribute>
      <attribute name="Confidence Level">2</attribute>
      <attribute name="Injury">No</attribute>
      <attribute name="Notes"></attribute>
      <attribute name="Sex">Male</attribute>
      <attribute name="View">Side</attribute>
    </box>
    <box frame="155" outside="0" occluded="0" keyframe="0" xtl="73.75" ytl="368.02" xbr="1125.09" ybr="836.65" z_order="0">
      <attribute name="Adipose Clipped">Yes</attribute>
      <attribute name="Confidence Level">2</attribute>
      <attribute name="Injury">No</attribute>
      <attribute name="Notes"></attribute>
      <attribute name="Sex">Male</attribute>
      <attribute name="View">Side</attribute>
    </box>
    <box frame="156" outside="0" occluded="0" keyframe="1" xtl="57.99" ytl="370.09" xbr="1109.33" ybr="838.72" z_order="0">
      <attribute name="Adipose Clipped">Yes</attribute>
      <attribute name="Confidence Level">2</attribute>
      <attribute name="Injury">No</attribute>
      <attribute name="Notes"></attribute>
      <attribute name="Sex">Male</attribute>
      <attribute name="View">Side</attribute>
    </box>
    <box frame="157" outside="0" occluded="0" keyframe="0" xtl="38.66" ytl="383.23" xbr="1065.79" ybr="851.85" z_order="0">
      <attribute name="Adipose Clipped">Yes</attribute>
      <attribute name="Confidence Level">2</attribute>
      <attribute name="Injury">No</attribute>
      <attribute name="Notes"></attribute>
      <attribute name="Sex">Male</attribute>
      <attribute name="View">Side</attribute>
    </box>
    <box frame="158" outside="0" occluded="0" keyframe="0" xtl="19.33" ytl="396.36" xbr="1022.25" ybr="864.99" z_order="0">
      <attribute name="Adipose Clipped">Yes</attribute>
      <attribute name="Confidence Level">2</attribute>
      <attribute name="Injury">No</attribute>
      <attribute name="Notes"></attribute>
      <attribute name="Sex">Male</attribute>
      <attribute name="View">Side</attribute>
    </box>
    <box frame="159" outside="0" occluded="0" keyframe="1" xtl="0.00" ytl="409.49" xbr="978.70" ybr="878.12" z_order="0">
      <attribute name="Adipose Clipped">Yes</attribute>
      <attribute name="Confidence Level">2</attribute>
      <attribute name="Injury">No</attribute>
      <attribute name="Notes"></attribute>
      <attribute name="Sex">Male</attribute>
      <attribute name="View">Side</attribute>
    </box>
    <box frame="160" outside="0" occluded="0" keyframe="0" xtl="0.00" ytl="416.54" xbr="964.81" ybr="879.78" z_order="0">
      <attribute name="Adipose Clipped">Yes</attribute>
      <attribute name="Confidence Level">2</attribute>
      <attribute name="Injury">No</attribute>
      <attribute name="Notes"></attribute>
      <attribute name="Sex">Male</attribute>
      <attribute name="View">Side</attribute>
    </box>
    <box frame="161" outside="0" occluded="0" keyframe="0" xtl="0.00" ytl="423.59" xbr="950.92" ybr="881.44" z_order="0">
      <attribute name="Adipose Clipped">Yes</attribute>
      <attribute name="Confidence Level">2</attribute>
      <attribute name="Injury">No</attribute>
      <attribute name="Notes"></attribute>
      <attribute name="Sex">Male</attribute>
      <attribute name="View">Side</attribute>
    </box>
    <box frame="162" outside="0" occluded="0" keyframe="0" xtl="0.00" ytl="430.64" xbr="937.03" ybr="883.09" z_order="0">
      <attribute name="Adipose Clipped">Yes</attribute>
      <attribute name="Confidence Level">2</attribute>
      <attribute name="Injury">No</attribute>
      <attribute name="Notes"></attribute>
      <attribute name="Sex">Male</attribute>
      <attribute name="View">Side</attribute>
    </box>
    <box frame="163" outside="0" occluded="0" keyframe="0" xtl="0.00" ytl="437.69" xbr="923.14" ybr="884.75" z_order="0">
      <attribute name="Adipose Clipped">Yes</attribute>
      <attribute name="Confidence Level">2</attribute>
      <attribute name="Injury">No</attribute>
      <attribute name="Notes"></attribute>
      <attribute name="Sex">Male</attribute>
      <attribute name="View">Side</attribute>
    </box>
    <box frame="164" outside="0" occluded="0" keyframe="0" xtl="0.00" ytl="444.75" xbr="909.25" ybr="886.41" z_order="0">
      <attribute name="Adipose Clipped">Yes</attribute>
      <attribute name="Confidence Level">2</attribute>
      <attribute name="Injury">No</attribute>
      <attribute name="Notes"></attribute>
      <attribute name="Sex">Male</attribute>
      <attribute name="View">Side</attribute>
    </box>
    <box frame="165" outside="0" occluded="0" keyframe="0" xtl="0.00" ytl="451.80" xbr="895.36" ybr="888.07" z_order="0">
      <attribute name="Adipose Clipped">Yes</attribute>
      <attribute name="Confidence Level">2</attribute>
      <attribute name="Injury">No</attribute>
      <attribute name="Notes"></attribute>
      <attribute name="Sex">Male</attribute>
      <attribute name="View">Side</attribute>
    </box>
    <box frame="166" outside="0" occluded="0" keyframe="0" xtl="0.00" ytl="458.85" xbr="881.47" ybr="889.73" z_order="0">
      <attribute name="Adipose Clipped">Yes</attribute>
      <attribute name="Confidence Level">2</attribute>
      <attribute name="Injury">No</attribute>
      <attribute name="Notes"></attribute>
      <attribute name="Sex">Male</attribute>
      <attribute name="View">Side</attribute>
    </box>
    <box frame="167" outside="0" occluded="0" keyframe="0" xtl="0.00" ytl="465.90" xbr="867.58" ybr="891.39" z_order="0">
      <attribute name="Adipose Clipped">Yes</attribute>
      <attribute name="Confidence Level">2</attribute>
      <attribute name="Injury">No</attribute>
      <attribute name="Notes"></attribute>
      <attribute name="Sex">Male</attribute>
      <attribute name="View">Side</attribute>
    </box>
    <box frame="168" outside="0" occluded="0" keyframe="0" xtl="0.00" ytl="472.95" xbr="853.69" ybr="893.05" z_order="0">
      <attribute name="Adipose Clipped">Yes</attribute>
      <attribute name="Confidence Level">2</attribute>
      <attribute name="Injury">No</attribute>
      <attribute name="Notes"></attribute>
      <attribute name="Sex">Male</attribute>
      <attribute name="View">Side</attribute>
    </box>
    <box frame="169" outside="0" occluded="0" keyframe="1" xtl="0.00" ytl="480.00" xbr="839.80" ybr="894.71" z_order="0">
      <attribute name="Adipose Clipped">Yes</attribute>
      <attribute name="Confidence Level">2</attribute>
      <attribute name="Injury">No</attribute>
      <attribute name="Notes"></attribute>
      <attribute name="Sex">Male</attribute>
      <attribute name="View">Side</attribute>
    </box>
    <box frame="170" outside="0" occluded="0" keyframe="0" xtl="0.00" ytl="480.00" xbr="821.55" ybr="888.69" z_order="0">
      <attribute name="Adipose Clipped">Yes</attribute>
      <attribute name="Confidence Level">2</attribute>
      <attribute name="Injury">No</attribute>
      <attribute name="Notes"></attribute>
      <attribute name="Sex">Male</attribute>
      <attribute name="View">Side</attribute>
    </box>
    <box frame="171" outside="0" occluded="0" keyframe="0" xtl="0.00" ytl="480.00" xbr="803.30" ybr="882.68" z_order="0">
      <attribute name="Adipose Clipped">Yes</attribute>
      <attribute name="Confidence Level">2</attribute>
      <attribute name="Injury">No</attribute>
      <attribute name="Notes"></attribute>
      <attribute name="Sex">Male</attribute>
      <attribute name="View">Side</attribute>
    </box>
    <box frame="172" outside="0" occluded="0" keyframe="0" xtl="0.00" ytl="480.00" xbr="785.05" ybr="876.67" z_order="0">
      <attribute name="Adipose Clipped">Yes</attribute>
      <attribute name="Confidence Level">2</attribute>
      <attribute name="Injury">No</attribute>
      <attribute name="Notes"></attribute>
      <attribute name="Sex">Male</attribute>
      <attribute name="View">Side</attribute>
    </box>
    <box frame="173" outside="0" occluded="0" keyframe="0" xtl="0.00" ytl="480.00" xbr="766.80" ybr="870.65" z_order="0">
      <attribute name="Adipose Clipped">Yes</attribute>
      <attribute name="Confidence Level">2</attribute>
      <attribute name="Injury">No</attribute>
      <attribute name="Notes"></attribute>
      <attribute name="Sex">Male</attribute>
      <attribute name="View">Side</attribute>
    </box>
    <box frame="174" outside="0" occluded="0" keyframe="0" xtl="0.00" ytl="480.00" xbr="748.55" ybr="864.64" z_order="0">
      <attribute name="Adipose Clipped">Yes</attribute>
      <attribute name="Confidence Level">2</attribute>
      <attribute name="Injury">No</attribute>
      <attribute name="Notes"></attribute>
      <attribute name="Sex">Male</attribute>
      <attribute name="View">Side</attribute>
    </box>
    <box frame="175" outside="0" occluded="0" keyframe="0" xtl="0.00" ytl="480.00" xbr="730.30" ybr="858.63" z_order="0">
      <attribute name="Adipose Clipped">Yes</attribute>
      <attribute name="Confidence Level">2</attribute>
      <attribute name="Injury">No</attribute>
      <attribute name="Notes"></attribute>
      <attribute name="Sex">Male</attribute>
      <attribute name="View">Side</attribute>
    </box>
    <box frame="176" outside="0" occluded="0" keyframe="0" xtl="0.00" ytl="480.00" xbr="712.05" ybr="852.61" z_order="0">
      <attribute name="Adipose Clipped">Yes</attribute>
      <attribute name="Confidence Level">2</attribute>
      <attribute name="Injury">No</attribute>
      <attribute name="Notes"></attribute>
      <attribute name="Sex">Male</attribute>
      <attribute name="View">Side</attribute>
    </box>
    <box frame="177" outside="0" occluded="0" keyframe="0" xtl="0.00" ytl="480.00" xbr="693.80" ybr="846.60" z_order="0">
      <attribute name="Adipose Clipped">Yes</attribute>
      <attribute name="Confidence Level">2</attribute>
      <attribute name="Injury">No</attribute>
      <attribute name="Notes"></attribute>
      <attribute name="Sex">Male</attribute>
      <attribute name="View">Side</attribute>
    </box>
    <box frame="178" outside="0" occluded="0" keyframe="0" xtl="0.00" ytl="480.00" xbr="675.55" ybr="840.59" z_order="0">
      <attribute name="Adipose Clipped">Yes</attribute>
      <attribute name="Confidence Level">2</attribute>
      <attribute name="Injury">No</attribute>
      <attribute name="Notes"></attribute>
      <attribute name="Sex">Male</attribute>
      <attribute name="View">Side</attribute>
    </box>
    <box frame="179" outside="0" occluded="0" keyframe="1" xtl="0.00" ytl="480.00" xbr="657.30" ybr="834.58" z_order="0">
      <attribute name="Adipose Clipped">Yes</attribute>
      <attribute name="Confidence Level">2</attribute>
      <attribute name="Injury">No</attribute>
      <attribute name="Notes"></attribute>
      <attribute name="Sex">Male</attribute>
      <attribute name="View">Side</attribute>
    </box>
    <box frame="180" outside="0" occluded="0" keyframe="0" xtl="0.00" ytl="478.76" xbr="634.08" ybr="833.33" z_order="0">
      <attribute name="Adipose Clipped">Yes</attribute>
      <attribute name="Confidence Level">2</attribute>
      <attribute name="Injury">No</attribute>
      <attribute name="Notes"></attribute>
      <attribute name="Sex">Male</attribute>
      <attribute name="View">Side</attribute>
    </box>
    <box frame="181" outside="0" occluded="0" keyframe="0" xtl="0.00" ytl="477.51" xbr="610.86" ybr="832.09" z_order="0">
      <attribute name="Adipose Clipped">Yes</attribute>
      <attribute name="Confidence Level">2</attribute>
      <attribute name="Injury">No</attribute>
      <attribute name="Notes"></attribute>
      <attribute name="Sex">Male</attribute>
      <attribute name="View">Side</attribute>
    </box>
    <box frame="182" outside="0" occluded="0" keyframe="0" xtl="0.00" ytl="476.27" xbr="587.63" ybr="830.84" z_order="0">
      <attribute name="Adipose Clipped">Yes</attribute>
      <attribute name="Confidence Level">2</attribute>
      <attribute name="Injury">No</attribute>
      <attribute name="Notes"></attribute>
      <attribute name="Sex">Male</attribute>
      <attribute name="View">Side</attribute>
    </box>
    <box frame="183" outside="0" occluded="0" keyframe="0" xtl="0.00" ytl="475.02" xbr="564.41" ybr="829.60" z_order="0">
      <attribute name="Adipose Clipped">Yes</attribute>
      <attribute name="Confidence Level">2</attribute>
      <attribute name="Injury">No</attribute>
      <attribute name="Notes"></attribute>
      <attribute name="Sex">Male</attribute>
      <attribute name="View">Side</attribute>
    </box>
    <box frame="184" outside="0" occluded="0" keyframe="0" xtl="0.00" ytl="473.78" xbr="541.19" ybr="828.36" z_order="0">
      <attribute name="Adipose Clipped">Yes</attribute>
      <attribute name="Confidence Level">2</attribute>
      <attribute name="Injury">No</attribute>
      <attribute name="Notes"></attribute>
      <attribute name="Sex">Male</attribute>
      <attribute name="View">Side</attribute>
    </box>
    <box frame="185" outside="0" occluded="0" keyframe="0" xtl="0.00" ytl="472.54" xbr="517.97" ybr="827.11" z_order="0">
      <attribute name="Adipose Clipped">Yes</attribute>
      <attribute name="Confidence Level">2</attribute>
      <attribute name="Injury">No</attribute>
      <attribute name="Notes"></attribute>
      <attribute name="Sex">Male</attribute>
      <attribute name="View">Side</attribute>
    </box>
    <box frame="186" outside="0" occluded="0" keyframe="0" xtl="0.00" ytl="471.29" xbr="494.74" ybr="825.87" z_order="0">
      <attribute name="Adipose Clipped">Yes</attribute>
      <attribute name="Confidence Level">2</attribute>
      <attribute name="Injury">No</attribute>
      <attribute name="Notes"></attribute>
      <attribute name="Sex">Male</attribute>
      <attribute name="View">Side</attribute>
    </box>
    <box frame="187" outside="0" occluded="0" keyframe="0" xtl="0.00" ytl="470.05" xbr="471.52" ybr="824.62" z_order="0">
      <attribute name="Adipose Clipped">Yes</attribute>
      <attribute name="Confidence Level">2</attribute>
      <attribute name="Injury">No</attribute>
      <attribute name="Notes"></attribute>
      <attribute name="Sex">Male</attribute>
      <attribute name="View">Side</attribute>
    </box>
    <box frame="188" outside="0" occluded="0" keyframe="0" xtl="0.00" ytl="468.80" xbr="448.30" ybr="823.38" z_order="0">
      <attribute name="Adipose Clipped">Yes</attribute>
      <attribute name="Confidence Level">2</attribute>
      <attribute name="Injury">No</attribute>
      <attribute name="Notes"></attribute>
      <attribute name="Sex">Male</attribute>
      <attribute name="View">Side</attribute>
    </box>
    <box frame="189" outside="0" occluded="0" keyframe="1" xtl="0.00" ytl="467.56" xbr="425.08" ybr="822.13" z_order="0">
      <attribute name="Adipose Clipped">Yes</attribute>
      <attribute name="Confidence Level">2</attribute>
      <attribute name="Injury">No</attribute>
      <attribute name="Notes"></attribute>
      <attribute name="Sex">Male</attribute>
      <attribute name="View">Side</attribute>
    </box>
    <box frame="190" outside="0" occluded="0" keyframe="0" xtl="0.00" ytl="467.56" xbr="404.14" ybr="814.05" z_order="0">
      <attribute name="Adipose Clipped">Yes</attribute>
      <attribute name="Confidence Level">2</attribute>
      <attribute name="Injury">No</attribute>
      <attribute name="Notes"></attribute>
      <attribute name="Sex">Male</attribute>
      <attribute name="View">Side</attribute>
    </box>
    <box frame="191" outside="0" occluded="0" keyframe="0" xtl="0.00" ytl="467.56" xbr="383.20" ybr="805.97" z_order="0">
      <attribute name="Adipose Clipped">Yes</attribute>
      <attribute name="Confidence Level">2</attribute>
      <attribute name="Injury">No</attribute>
      <attribute name="Notes"></attribute>
      <attribute name="Sex">Male</attribute>
      <attribute name="View">Side</attribute>
    </box>
    <box frame="192" outside="0" occluded="0" keyframe="0" xtl="0.00" ytl="467.56" xbr="362.26" ybr="797.88" z_order="0">
      <attribute name="Adipose Clipped">Yes</attribute>
      <attribute name="Confidence Level">2</attribute>
      <attribute name="Injury">No</attribute>
      <attribute name="Notes"></attribute>
      <attribute name="Sex">Male</attribute>
      <attribute name="View">Side</attribute>
    </box>
    <box frame="193" outside="0" occluded="0" keyframe="0" xtl="0.00" ytl="467.56" xbr="341.33" ybr="789.80" z_order="0">
      <attribute name="Adipose Clipped">Yes</attribute>
      <attribute name="Confidence Level">2</attribute>
      <attribute name="Injury">No</attribute>
      <attribute name="Notes"></attribute>
      <attribute name="Sex">Male</attribute>
      <attribute name="View">Side</attribute>
    </box>
    <box frame="194" outside="0" occluded="0" keyframe="0" xtl="0.00" ytl="467.56" xbr="320.39" ybr="781.72" z_order="0">
      <attribute name="Adipose Clipped">Yes</attribute>
      <attribute name="Confidence Level">2</attribute>
      <attribute name="Injury">No</attribute>
      <attribute name="Notes"></attribute>
      <attribute name="Sex">Male</attribute>
      <attribute name="View">Side</attribute>
    </box>
    <box frame="195" outside="0" occluded="0" keyframe="0" xtl="0.00" ytl="467.56" xbr="299.45" ybr="773.63" z_order="0">
      <attribute name="Adipose Clipped">Yes</attribute>
      <attribute name="Confidence Level">2</attribute>
      <attribute name="Injury">No</attribute>
      <attribute name="Notes"></attribute>
      <attribute name="Sex">Male</attribute>
      <attribute name="View">Side</attribute>
    </box>
    <box frame="196" outside="0" occluded="0" keyframe="0" xtl="0.00" ytl="467.56" xbr="278.51" ybr="765.55" z_order="0">
      <attribute name="Adipose Clipped">Yes</attribute>
      <attribute name="Confidence Level">2</attribute>
      <attribute name="Injury">No</attribute>
      <attribute name="Notes"></attribute>
      <attribute name="Sex">Male</attribute>
      <attribute name="View">Side</attribute>
    </box>
    <box frame="197" outside="0" occluded="0" keyframe="0" xtl="0.00" ytl="467.56" xbr="257.58" ybr="757.47" z_order="0">
      <attribute name="Adipose Clipped">Yes</attribute>
      <attribute name="Confidence Level">2</attribute>
      <attribute name="Injury">No</attribute>
      <attribute name="Notes"></attribute>
      <attribute name="Sex">Male</attribute>
      <attribute name="View">Side</attribute>
    </box>
    <box frame="198" outside="0" occluded="0" keyframe="0" xtl="0.00" ytl="467.56" xbr="236.64" ybr="749.38" z_order="0">
      <attribute name="Adipose Clipped">Yes</attribute>
      <attribute name="Confidence Level">2</attribute>
      <attribute name="Injury">No</attribute>
      <attribute name="Notes"></attribute>
      <attribute name="Sex">Male</attribute>
      <attribute name="View">Side</attribute>
    </box>
    <box frame="199" outside="0" occluded="1" keyframe="1" xtl="0.00" ytl="467.56" xbr="215.70" ybr="741.30" z_order="0">
      <attribute name="Adipose Clipped">Yes</attribute>
      <attribute name="Confidence Level">2</attribute>
      <attribute name="Injury">No</attribute>
      <attribute name="Notes"></attribute>
      <attribute name="Sex">Male</attribute>
      <attribute name="View">Side</attribute>
    </box>
    <box frame="200" outside="0" occluded="1" keyframe="0" xtl="0.00" ytl="478.75" xbr="193.74" ybr="730.10" z_order="0">
      <attribute name="Adipose Clipped">Yes</attribute>
      <attribute name="Confidence Level">2</attribute>
      <attribute name="Injury">No</attribute>
      <attribute name="Notes"></attribute>
      <attribute name="Sex">Male</attribute>
      <attribute name="View">Side</attribute>
    </box>
    <box frame="201" outside="0" occluded="1" keyframe="0" xtl="0.00" ytl="489.94" xbr="171.78" ybr="718.90" z_order="0">
      <attribute name="Adipose Clipped">Yes</attribute>
      <attribute name="Confidence Level">2</attribute>
      <attribute name="Injury">No</attribute>
      <attribute name="Notes"></attribute>
      <attribute name="Sex">Male</attribute>
      <attribute name="View">Side</attribute>
    </box>
    <box frame="202" outside="0" occluded="1" keyframe="0" xtl="0.00" ytl="501.12" xbr="149.82" ybr="707.70" z_order="0">
      <attribute name="Adipose Clipped">Yes</attribute>
      <attribute name="Confidence Level">2</attribute>
      <attribute name="Injury">No</attribute>
      <attribute name="Notes"></attribute>
      <attribute name="Sex">Male</attribute>
      <attribute name="View">Side</attribute>
    </box>
    <box frame="203" outside="0" occluded="1" keyframe="0" xtl="0.00" ytl="512.31" xbr="127.86" ybr="696.50" z_order="0">
      <attribute name="Adipose Clipped">Yes</attribute>
      <attribute name="Confidence Level">2</attribute>
      <attribute name="Injury">No</attribute>
      <attribute name="Notes"></attribute>
      <attribute name="Sex">Male</attribute>
      <attribute name="View">Side</attribute>
    </box>
    <box frame="204" outside="0" occluded="1" keyframe="1" xtl="0.00" ytl="523.50" xbr="105.90" ybr="685.30" z_order="0">
      <attribute name="Adipose Clipped">Yes</attribute>
      <attribute name="Confidence Level">2</attribute>
      <attribute name="Injury">No</attribute>
      <attribute name="Notes"></attribute>
      <attribute name="Sex">Male</attribute>
      <attribute name="View">Side</attribute>
    </box>
    <box frame="205" outside="0" occluded="1" keyframe="0" xtl="0.00" ytl="523.50" xbr="105.90" ybr="685.30" z_order="0">
      <attribute name="Adipose Clipped">Yes</attribute>
      <attribute name="Confidence Level">2</attribute>
      <attribute name="Injury">No</attribute>
      <attribute name="Notes"></attribute>
      <attribute name="Sex">Male</attribute>
      <attribute name="View">Side</attribute>
    </box>
    <box frame="206" outside="0" occluded="1" keyframe="0" xtl="0.00" ytl="523.50" xbr="105.90" ybr="685.30" z_order="0">
      <attribute name="Adipose Clipped">Yes</attribute>
      <attribute name="Confidence Level">2</attribute>
      <attribute name="Injury">No</attribute>
      <attribute name="Notes"></attribute>
      <attribute name="Sex">Male</attribute>
      <attribute name="View">Side</attribute>
    </box>
    <box frame="207" outside="0" occluded="1" keyframe="0" xtl="0.00" ytl="523.50" xbr="105.90" ybr="685.30" z_order="0">
      <attribute name="Adipose Clipped">Yes</attribute>
      <attribute name="Confidence Level">2</attribute>
      <attribute name="Injury">No</attribute>
      <attribute name="Notes"></attribute>
      <attribute name="Sex">Male</attribute>
      <attribute name="View">Side</attribute>
    </box>
    <box frame="208" outside="0" occluded="1" keyframe="0" xtl="0.00" ytl="523.50" xbr="105.90" ybr="685.30" z_order="0">
      <attribute name="Adipose Clipped">Yes</attribute>
      <attribute name="Confidence Level">2</attribute>
      <attribute name="Injury">No</attribute>
      <attribute name="Notes"></attribute>
      <attribute name="Sex">Male</attribute>
      <attribute name="View">Side</attribute>
    </box>
    <box frame="209" outside="1" occluded="1" keyframe="1" xtl="0.00" ytl="523.50" xbr="105.90" ybr="685.30" z_order="0">
      <attribute name="Adipose Clipped">Yes</attribute>
      <attribute name="Confidence Level">2</attribute>
      <attribute name="Injury">No</attribute>
      <attribute name="Notes"></attribute>
      <attribute name="Sex">Male</attribute>
      <attribute name="View">Side</attribute>
    </box>
  </track>
</annotations>