<?xml version="1.0" encoding="utf-8"?>
<annotations>
  <version>1.1</version>
  <meta>
    <task>
      <id>16</id>
      <name>09-24-2020 02-06-35 M Salmon Camera</name>
      <size>646</size>
      <mode>interpolation</mode>
      <overlap>5</overlap>
      <bugtracker></bugtracker>
      <created>2022-01-29 00:01:31.823176+00:00</created>
      <updated>2022-01-29 00:07:24.762287+00:00</updated>
      <subset>default</subset>
      <start_frame>0</start_frame>
      <stop_frame>645</stop_frame>
      <frame_filter></frame_filter>
      <segments>
        <segment>
          <id>16</id>
          <start>0</start>
          <stop>645</stop>
          <url>httplocalhost:8080/?id=16</url>
        </segment>
      </segments>
      <owner>
        <username>django</username>
        <email>daniel_scurfield@sfu.ca</email>
      </owner>
      <assignee></assignee>
      <labels>
        <label>
          <name>Coho</name>
          <color>#3df53d</color>
          <attributes>
            <attribute>
              <name>Adipose Clipped</name>
              <mutable>False</mutable>
              <input_type>select</input_type>
              <default_value>No</default_value>
              <values>No
Yes
NA</values>
            </attribute>
            <attribute>
              <name>Confidence Level</name>
              <mutable>False</mutable>
              <input_type>select</input_type>
              <default_value>3</default_value>
              <values>3
2
1</values>
            </attribute>
            <attribute>
              <name>Injury</name>
              <mutable>False</mutable>
              <input_type>select</input_type>
              <default_value>No</default_value>
              <values>No
Yes
NA</values>
            </attribute>
            <attribute>
              <name>Notes</name>
              <mutable>False</mutable>
              <input_type>text</input_type>
              <default_value>NA</default_value>
              <values>NA</values>
            </attribute>
            <attribute>
              <name>Sex</name>
              <mutable>False</mutable>
              <input_type>select</input_type>
              <default_value>Male</default_value>
              <values>Male
Female
Jack</values>
            </attribute>
            <attribute>
              <name>View</name>
              <mutable>False</mutable>
              <input_type>select</input_type>
              <default_value>Side</default_value>
              <values>Side
Top-down</values>
            </attribute>
          </attributes>
        </label>
        <label>
          <name>Bull</name>
          <color>#ff6037</color>
          <attributes>
            <attribute>
              <name>Adipose Clipped</name>
              <mutable>False</mutable>
              <input_type>select</input_type>
              <default_value>No</default_value>
              <values>No
NA</values>
            </attribute>
            <attribute>
              <name>Confidence Level</name>
              <mutable>False</mutable>
              <input_type>select</input_type>
              <default_value>3</default_value>
              <values>3
2
1</values>
            </attribute>
            <attribute>
              <name>Injury</name>
              <mutable>False</mutable>
              <input_type>select</input_type>
              <default_value>No</default_value>
              <values>No
Yes
NA</values>
            </attribute>
            <attribute>
              <name>Notes</name>
              <mutable>False</mutable>
              <input_type>text</input_type>
              <default_value>NA</default_value>
              <values>NA</values>
            </attribute>
            <attribute>
              <name>Sex</name>
              <mutable>False</mutable>
              <input_type>select</input_type>
              <default_value>NA</default_value>
              <values>NA</values>
            </attribute>
          </attributes>
        </label>
        <label>
          <name>Chum</name>
          <color>#b83df5</color>
          <attributes>
            <attribute>
              <name>Adipose Clipped</name>
              <mutable>False</mutable>
              <input_type>select</input_type>
              <default_value>No</default_value>
              <values>No
Yes
NA</values>
            </attribute>
            <attribute>
              <name>Confidence Level</name>
              <mutable>False</mutable>
              <input_type>select</input_type>
              <default_value>3</default_value>
              <values>3
2
1</values>
            </attribute>
            <attribute>
              <name>Injury</name>
              <mutable>False</mutable>
              <input_type>select</input_type>
              <default_value>No</default_value>
              <values>No
Yes
NA</values>
            </attribute>
            <attribute>
              <name>Notes</name>
              <mutable>False</mutable>
              <input_type>text</input_type>
              <default_value>NA</default_value>
              <values>NA</values>
            </attribute>
            <attribute>
              <name>Sex</name>
              <mutable>False</mutable>
              <input_type>select</input_type>
              <default_value>Male</default_value>
              <values>Male
Female</values>
            </attribute>
          </attributes>
        </label>
        <label>
          <name>Whitefish</name>
          <color>#e2f1ee</color>
          <attributes>
            <attribute>
              <name>Sex</name>
              <mutable>False</mutable>
              <input_type>select</input_type>
              <default_value>NA</default_value>
              <values>NA</values>
            </attribute>
            <attribute>
              <name>Adipose Clipped</name>
              <mutable>False</mutable>
              <input_type>select</input_type>
              <default_value>No</default_value>
              <values>No
Yes
NA</values>
            </attribute>
            <attribute>
              <name>Confidence Level</name>
              <mutable>False</mutable>
              <input_type>select</input_type>
              <default_value>3</default_value>
              <values>3
2
1</values>
            </attribute>
            <attribute>
              <name>Injury</name>
              <mutable>False</mutable>
              <input_type>select</input_type>
              <default_value>No</default_value>
              <values>No
Yes
NA</values>
            </attribute>
            <attribute>
              <name>Notes</name>
              <mutable>False</mutable>
              <input_type>text</input_type>
              <default_value>NA</default_value>
              <values>NA</values>
            </attribute>
          </attributes>
        </label>
        <label>
          <name>Pink</name>
          <color>#fa32b7</color>
          <attributes>
            <attribute>
              <name>Adipose Clipped</name>
              <mutable>False</mutable>
              <input_type>select</input_type>
              <default_value>No</default_value>
              <values>No
Yes
NA</values>
            </attribute>
            <attribute>
              <name>Confidence level</name>
              <mutable>False</mutable>
              <input_type>select</input_type>
              <default_value>3</default_value>
              <values>3
2
1</values>
            </attribute>
            <attribute>
              <name>Injury</name>
              <mutable>False</mutable>
              <input_type>select</input_type>
              <default_value>No</default_value>
              <values>No
Yes
NA</values>
            </attribute>
            <attribute>
              <name>Notes</name>
              <mutable>False</mutable>
              <input_type>text</input_type>
              <default_value>NA</default_value>
              <values>NA</values>
            </attribute>
            <attribute>
              <name>Sex</name>
              <mutable>False</mutable>
              <input_type>select</input_type>
              <default_value>Male</default_value>
              <values>Male
Female</values>
            </attribute>
          </attributes>
        </label>
        <label>
          <name>Steelhead</name>
          <color>#aaf0d1</color>
          <attributes>
            <attribute>
              <name>Adipose Clipped</name>
              <mutable>False</mutable>
              <input_type>select</input_type>
              <default_value>No</default_value>
              <values>No
Yes
NA</values>
            </attribute>
            <attribute>
              <name>Confidence Level</name>
              <mutable>False</mutable>
              <input_type>select</input_type>
              <default_value>3</default_value>
              <values>3
2
1</values>
            </attribute>
            <attribute>
              <name>Injury</name>
              <mutable>False</mutable>
              <input_type>select</input_type>
              <default_value>No</default_value>
              <values>No
Yes
NA</values>
            </attribute>
            <attribute>
              <name>Notes</name>
              <mutable>False</mutable>
              <input_type>text</input_type>
              <default_value>NA</default_value>
              <values>NA</values>
            </attribute>
            <attribute>
              <name>Sex</name>
              <mutable>False</mutable>
              <input_type>select</input_type>
              <default_value>Male</default_value>
              <values>Male
Female</values>
            </attribute>
          </attributes>
        </label>
        <label>
          <name>Chinook</name>
          <color>#c0102d</color>
          <attributes>
            <attribute>
              <name>Injury</name>
              <mutable>False</mutable>
              <input_type>select</input_type>
              <default_value>No</default_value>
              <values>No
Yes
NA</values>
            </attribute>
            <attribute>
              <name>Notes</name>
              <mutable>False</mutable>
              <input_type>text</input_type>
              <default_value>NA</default_value>
              <values>NA</values>
            </attribute>
            <attribute>
              <name>Sex</name>
              <mutable>False</mutable>
              <input_type>select</input_type>
              <default_value>Male</default_value>
              <values>Male
Female
Jack</values>
            </attribute>
            <attribute>
              <name>Adipose Clipped</name>
              <mutable>False</mutable>
              <input_type>select</input_type>
              <default_value>No</default_value>
              <values>No
Yes
NA</values>
            </attribute>
            <attribute>
              <name>Confidence Level</name>
              <mutable>False</mutable>
              <input_type>select</input_type>
              <default_value>3</default_value>
              <values>3
2
1</values>
            </attribute>
          </attributes>
        </label>
        <label>
          <name>Sockeye</name>
          <color>#e2143e</color>
          <attributes>
            <attribute>
              <name>Adipose Clipped</name>
              <mutable>False</mutable>
              <input_type>select</input_type>
              <default_value>No</default_value>
              <values>No
Yes
NA</values>
            </attribute>
            <attribute>
              <name>Confidence Level</name>
              <mutable>False</mutable>
              <input_type>select</input_type>
              <default_value>3</default_value>
              <values>3
2
1</values>
            </attribute>
            <attribute>
              <name>Injury</name>
              <mutable>False</mutable>
              <input_type>select</input_type>
              <default_value>No</default_value>
              <values>No
Yes
NA</values>
            </attribute>
            <attribute>
              <name>Notes</name>
              <mutable>False</mutable>
              <input_type>text</input_type>
              <default_value>NA</default_value>
              <values>NA</values>
            </attribute>
            <attribute>
              <name>Sex</name>
              <mutable>False</mutable>
              <input_type>select</input_type>
              <default_value>Male</default_value>
              <values>Male
Female</values>
            </attribute>
          </attributes>
        </label>
        <label>
          <name>Pikeminnow</name>
          <color>#cc9933</color>
          <attributes>
            <attribute>
              <name>Confidence Level</name>
              <mutable>False</mutable>
              <input_type>select</input_type>
              <default_value>3</default_value>
              <values>3
2
1</values>
            </attribute>
            <attribute>
              <name>Notes</name>
              <mutable>False</mutable>
              <input_type>text</input_type>
              <default_value>NA</default_value>
              <values>NA</values>
            </attribute>
          </attributes>
        </label>
        <label>
          <name>Shiner</name>
          <color>#e8e83e</color>
          <attributes>
            <attribute>
              <name>Confidence Level</name>
              <mutable>False</mutable>
              <input_type>select</input_type>
              <default_value>3</default_value>
              <values>3
2
1</values>
            </attribute>
            <attribute>
              <name>Notes</name>
              <mutable>False</mutable>
              <input_type>text</input_type>
              <default_value>NA</default_value>
              <values>NA</values>
            </attribute>
          </attributes>
        </label>
        <label>
          <name>Rainbow</name>
          <color>#588fc6</color>
          <attributes>
            <attribute>
              <name>Adipose Clipped</name>
              <mutable>False</mutable>
              <input_type>select</input_type>
              <default_value>No</default_value>
              <values>No
Yes
NA</values>
            </attribute>
            <attribute>
              <name>Confidence Level</name>
              <mutable>False</mutable>
              <input_type>select</input_type>
              <default_value>3</default_value>
              <values>3
2
1</values>
            </attribute>
            <attribute>
              <name>Injury</name>
              <mutable>False</mutable>
              <input_type>select</input_type>
              <default_value>No</default_value>
              <values>No
Yes
NA</values>
            </attribute>
            <attribute>
              <name>Notes</name>
              <mutable>False</mutable>
              <input_type>select</input_type>
              <default_value>NA</default_value>
              <values>NA</values>
            </attribute>
            <attribute>
              <name>Sex</name>
              <mutable>False</mutable>
              <input_type>select</input_type>
              <default_value>NA</default_value>
              <values>NA
Juvenile</values>
            </attribute>
          </attributes>
        </label>
      </labels>
      <original_size>
        <width>1920</width>
        <height>1080</height>
      </original_size>
    </task>
    <dumped>2022-01-29 00:07:32.618933+00:00</dumped>
    <source>09-24-2020 02-06-35 M Salmon Camera.m4v</source>
  </meta>
  <track id="0" label="Sockeye" source="manual">
    <box frame="76" outside="0" occluded="1" keyframe="1" xtl="0.00" ytl="646.92" xbr="105.15" ybr="805.53" z_order="0">
      <attribute name="Adipose Clipped">No</attribute>
      <attribute name="Confidence Level">3</attribute>
      <attribute name="Injury">No</attribute>
      <attribute name="Notes">NA</attribute>
      <attribute name="Sex">Male</attribute>
    </box>
    <box frame="77" outside="0" occluded="1" keyframe="0" xtl="0.00" ytl="632.90" xbr="147.55" ybr="808.70" z_order="0">
      <attribute name="Adipose Clipped">No</attribute>
      <attribute name="Confidence Level">3</attribute>
      <attribute name="Injury">No</attribute>
      <attribute name="Notes">NA</attribute>
      <attribute name="Sex">Male</attribute>
    </box>
    <box frame="78" outside="0" occluded="1" keyframe="0" xtl="0.00" ytl="618.88" xbr="189.95" ybr="811.88" z_order="0">
      <attribute name="Adipose Clipped">No</attribute>
      <attribute name="Confidence Level">3</attribute>
      <attribute name="Injury">No</attribute>
      <attribute name="Notes">NA</attribute>
      <attribute name="Sex">Male</attribute>
    </box>
    <box frame="79" outside="0" occluded="1" keyframe="0" xtl="0.00" ytl="604.86" xbr="232.36" ybr="815.05" z_order="0">
      <attribute name="Adipose Clipped">No</attribute>
      <attribute name="Confidence Level">3</attribute>
      <attribute name="Injury">No</attribute>
      <attribute name="Notes">NA</attribute>
      <attribute name="Sex">Male</attribute>
    </box>
    <box frame="80" outside="0" occluded="1" keyframe="0" xtl="0.00" ytl="590.84" xbr="274.76" ybr="818.22" z_order="0">
      <attribute name="Adipose Clipped">No</attribute>
      <attribute name="Confidence Level">3</attribute>
      <attribute name="Injury">No</attribute>
      <attribute name="Notes">NA</attribute>
      <attribute name="Sex">Male</attribute>
    </box>
    <box frame="81" outside="0" occluded="1" keyframe="0" xtl="0.00" ytl="576.82" xbr="317.16" ybr="821.39" z_order="0">
      <attribute name="Adipose Clipped">No</attribute>
      <attribute name="Confidence Level">3</attribute>
      <attribute name="Injury">No</attribute>
      <attribute name="Notes">NA</attribute>
      <attribute name="Sex">Male</attribute>
    </box>
    <box frame="82" outside="0" occluded="1" keyframe="0" xtl="0.00" ytl="562.80" xbr="359.56" ybr="824.56" z_order="0">
      <attribute name="Adipose Clipped">No</attribute>
      <attribute name="Confidence Level">3</attribute>
      <attribute name="Injury">No</attribute>
      <attribute name="Notes">NA</attribute>
      <attribute name="Sex">Male</attribute>
    </box>
    <box frame="83" outside="0" occluded="1" keyframe="0" xtl="0.00" ytl="548.78" xbr="401.97" ybr="827.74" z_order="0">
      <attribute name="Adipose Clipped">No</attribute>
      <attribute name="Confidence Level">3</attribute>
      <attribute name="Injury">No</attribute>
      <attribute name="Notes">NA</attribute>
      <attribute name="Sex">Male</attribute>
    </box>
    <box frame="84" outside="0" occluded="1" keyframe="0" xtl="0.00" ytl="534.76" xbr="444.37" ybr="830.91" z_order="0">
      <attribute name="Adipose Clipped">No</attribute>
      <attribute name="Confidence Level">3</attribute>
      <attribute name="Injury">No</attribute>
      <attribute name="Notes">NA</attribute>
      <attribute name="Sex">Male</attribute>
    </box>
    <box frame="85" outside="0" occluded="1" keyframe="0" xtl="0.00" ytl="520.74" xbr="486.77" ybr="834.08" z_order="0">
      <attribute name="Adipose Clipped">No</attribute>
      <attribute name="Confidence Level">3</attribute>
      <attribute name="Injury">No</attribute>
      <attribute name="Notes">NA</attribute>
      <attribute name="Sex">Male</attribute>
    </box>
    <box frame="86" outside="0" occluded="0" keyframe="1" xtl="0.00" ytl="506.72" xbr="529.17" ybr="837.25" z_order="0">
      <attribute name="Adipose Clipped">No</attribute>
      <attribute name="Confidence Level">3</attribute>
      <attribute name="Injury">No</attribute>
      <attribute name="Notes">NA</attribute>
      <attribute name="Sex">Male</attribute>
    </box>
    <box frame="87" outside="0" occluded="0" keyframe="0" xtl="0.00" ytl="504.05" xbr="578.26" ybr="837.25" z_order="0">
      <attribute name="Adipose Clipped">No</attribute>
      <attribute name="Confidence Level">3</attribute>
      <attribute name="Injury">No</attribute>
      <attribute name="Notes">NA</attribute>
      <attribute name="Sex">Male</attribute>
    </box>
    <box frame="88" outside="0" occluded="0" keyframe="0" xtl="0.00" ytl="501.38" xbr="627.34" ybr="837.25" z_order="0">
      <attribute name="Adipose Clipped">No</attribute>
      <attribute name="Confidence Level">3</attribute>
      <attribute name="Injury">No</attribute>
      <attribute name="Notes">NA</attribute>
      <attribute name="Sex">Male</attribute>
    </box>
    <box frame="89" outside="0" occluded="0" keyframe="0" xtl="0.00" ytl="498.71" xbr="676.42" ybr="837.25" z_order="0">
      <attribute name="Adipose Clipped">No</attribute>
      <attribute name="Confidence Level">3</attribute>
      <attribute name="Injury">No</attribute>
      <attribute name="Notes">NA</attribute>
      <attribute name="Sex">Male</attribute>
    </box>
    <box frame="90" outside="0" occluded="0" keyframe="0" xtl="0.00" ytl="496.03" xbr="725.50" ybr="837.25" z_order="0">
      <attribute name="Adipose Clipped">No</attribute>
      <attribute name="Confidence Level">3</attribute>
      <attribute name="Injury">No</attribute>
      <attribute name="Notes">NA</attribute>
      <attribute name="Sex">Male</attribute>
    </box>
    <box frame="91" outside="0" occluded="0" keyframe="0" xtl="0.00" ytl="493.36" xbr="774.59" ybr="837.25" z_order="0">
      <attribute name="Adipose Clipped">No</attribute>
      <attribute name="Confidence Level">3</attribute>
      <attribute name="Injury">No</attribute>
      <attribute name="Notes">NA</attribute>
      <attribute name="Sex">Male</attribute>
    </box>
    <box frame="92" outside="0" occluded="0" keyframe="0" xtl="0.00" ytl="490.69" xbr="823.67" ybr="837.25" z_order="0">
      <attribute name="Adipose Clipped">No</attribute>
      <attribute name="Confidence Level">3</attribute>
      <attribute name="Injury">No</attribute>
      <attribute name="Notes">NA</attribute>
      <attribute name="Sex">Male</attribute>
    </box>
    <box frame="93" outside="0" occluded="0" keyframe="0" xtl="0.00" ytl="488.02" xbr="872.75" ybr="837.25" z_order="0">
      <attribute name="Adipose Clipped">No</attribute>
      <attribute name="Confidence Level">3</attribute>
      <attribute name="Injury">No</attribute>
      <attribute name="Notes">NA</attribute>
      <attribute name="Sex">Male</attribute>
    </box>
    <box frame="94" outside="0" occluded="0" keyframe="0" xtl="0.00" ytl="485.34" xbr="921.83" ybr="837.25" z_order="0">
      <attribute name="Adipose Clipped">No</attribute>
      <attribute name="Confidence Level">3</attribute>
      <attribute name="Injury">No</attribute>
      <attribute name="Notes">NA</attribute>
      <attribute name="Sex">Male</attribute>
    </box>
    <box frame="95" outside="0" occluded="0" keyframe="0" xtl="0.00" ytl="482.67" xbr="970.92" ybr="837.25" z_order="0">
      <attribute name="Adipose Clipped">No</attribute>
      <attribute name="Confidence Level">3</attribute>
      <attribute name="Injury">No</attribute>
      <attribute name="Notes">NA</attribute>
      <attribute name="Sex">Male</attribute>
    </box>
    <box frame="96" outside="0" occluded="0" keyframe="1" xtl="0.00" ytl="480.00" xbr="1020.00" ybr="837.25" z_order="0">
      <attribute name="Adipose Clipped">No</attribute>
      <attribute name="Confidence Level">3</attribute>
      <attribute name="Injury">No</attribute>
      <attribute name="Notes">NA</attribute>
      <attribute name="Sex">Male</attribute>
    </box>
    <box frame="97" outside="0" occluded="0" keyframe="0" xtl="0.00" ytl="480.83" xbr="1069.09" ybr="838.25" z_order="0">
      <attribute name="Adipose Clipped">No</attribute>
      <attribute name="Confidence Level">3</attribute>
      <attribute name="Injury">No</attribute>
      <attribute name="Notes">NA</attribute>
      <attribute name="Sex">Male</attribute>
    </box>
    <box frame="98" outside="0" occluded="0" keyframe="1" xtl="0.00" ytl="481.66" xbr="1118.18" ybr="839.26" z_order="0">
      <attribute name="Adipose Clipped">No</attribute>
      <attribute name="Confidence Level">3</attribute>
      <attribute name="Injury">No</attribute>
      <attribute name="Notes">NA</attribute>
      <attribute name="Sex">Male</attribute>
    </box>
    <box frame="99" outside="0" occluded="0" keyframe="0" xtl="23.73" ytl="482.49" xbr="1167.27" ybr="840.26" z_order="0">
      <attribute name="Adipose Clipped">No</attribute>
      <attribute name="Confidence Level">3</attribute>
      <attribute name="Injury">No</attribute>
      <attribute name="Notes">NA</attribute>
      <attribute name="Sex">Male</attribute>
    </box>
    <box frame="100" outside="0" occluded="0" keyframe="0" xtl="47.47" ytl="483.32" xbr="1216.36" ybr="841.26" z_order="0">
      <attribute name="Adipose Clipped">No</attribute>
      <attribute name="Confidence Level">3</attribute>
      <attribute name="Injury">No</attribute>
      <attribute name="Notes">NA</attribute>
      <attribute name="Sex">Male</attribute>
    </box>
    <box frame="101" outside="0" occluded="0" keyframe="1" xtl="71.20" ytl="484.15" xbr="1265.45" ybr="842.26" z_order="0">
      <attribute name="Adipose Clipped">No</attribute>
      <attribute name="Confidence Level">3</attribute>
      <attribute name="Injury">No</attribute>
      <attribute name="Notes">NA</attribute>
      <attribute name="Sex">Male</attribute>
    </box>
    <box frame="102" outside="0" occluded="0" keyframe="0" xtl="128.75" ytl="484.98" xbr="1314.54" ybr="843.26" z_order="0">
      <attribute name="Adipose Clipped">No</attribute>
      <attribute name="Confidence Level">3</attribute>
      <attribute name="Injury">No</attribute>
      <attribute name="Notes">NA</attribute>
      <attribute name="Sex">Male</attribute>
    </box>
    <box frame="103" outside="0" occluded="0" keyframe="0" xtl="186.30" ytl="485.81" xbr="1363.63" ybr="844.27" z_order="0">
      <attribute name="Adipose Clipped">No</attribute>
      <attribute name="Confidence Level">3</attribute>
      <attribute name="Injury">No</attribute>
      <attribute name="Notes">NA</attribute>
      <attribute name="Sex">Male</attribute>
    </box>
    <box frame="104" outside="0" occluded="0" keyframe="0" xtl="243.85" ytl="486.64" xbr="1412.72" ybr="845.27" z_order="0">
      <attribute name="Adipose Clipped">No</attribute>
      <attribute name="Confidence Level">3</attribute>
      <attribute name="Injury">No</attribute>
      <attribute name="Notes">NA</attribute>
      <attribute name="Sex">Male</attribute>
    </box>
    <box frame="105" outside="0" occluded="0" keyframe="0" xtl="301.41" ytl="487.47" xbr="1461.81" ybr="846.27" z_order="0">
      <attribute name="Adipose Clipped">No</attribute>
      <attribute name="Confidence Level">3</attribute>
      <attribute name="Injury">No</attribute>
      <attribute name="Notes">NA</attribute>
      <attribute name="Sex">Male</attribute>
    </box>
    <box frame="106" outside="0" occluded="0" keyframe="1" xtl="358.96" ytl="488.30" xbr="1510.90" ybr="847.27" z_order="0">
      <attribute name="Adipose Clipped">No</attribute>
      <attribute name="Confidence Level">3</attribute>
      <attribute name="Injury">No</attribute>
      <attribute name="Notes">NA</attribute>
      <attribute name="Sex">Male</attribute>
    </box>
    <box frame="107" outside="0" occluded="0" keyframe="0" xtl="429.75" ytl="487.80" xbr="1562.04" ybr="846.77" z_order="0">
      <attribute name="Adipose Clipped">No</attribute>
      <attribute name="Confidence Level">3</attribute>
      <attribute name="Injury">No</attribute>
      <attribute name="Notes">NA</attribute>
      <attribute name="Sex">Male</attribute>
    </box>
    <box frame="108" outside="0" occluded="0" keyframe="0" xtl="500.54" ytl="487.30" xbr="1613.18" ybr="846.27" z_order="0">
      <attribute name="Adipose Clipped">No</attribute>
      <attribute name="Confidence Level">3</attribute>
      <attribute name="Injury">No</attribute>
      <attribute name="Notes">NA</attribute>
      <attribute name="Sex">Male</attribute>
    </box>
    <box frame="109" outside="0" occluded="0" keyframe="0" xtl="571.33" ytl="486.80" xbr="1664.31" ybr="845.77" z_order="0">
      <attribute name="Adipose Clipped">No</attribute>
      <attribute name="Confidence Level">3</attribute>
      <attribute name="Injury">No</attribute>
      <attribute name="Notes">NA</attribute>
      <attribute name="Sex">Male</attribute>
    </box>
    <box frame="110" outside="0" occluded="0" keyframe="0" xtl="642.12" ytl="486.30" xbr="1715.45" ybr="845.27" z_order="0">
      <attribute name="Adipose Clipped">No</attribute>
      <attribute name="Confidence Level">3</attribute>
      <attribute name="Injury">No</attribute>
      <attribute name="Notes">NA</attribute>
      <attribute name="Sex">Male</attribute>
    </box>
    <box frame="111" outside="0" occluded="0" keyframe="0" xtl="712.91" ytl="485.80" xbr="1766.59" ybr="844.77" z_order="0">
      <attribute name="Adipose Clipped">No</attribute>
      <attribute name="Confidence Level">3</attribute>
      <attribute name="Injury">No</attribute>
      <attribute name="Notes">NA</attribute>
      <attribute name="Sex">Male</attribute>
    </box>
    <box frame="112" outside="0" occluded="0" keyframe="0" xtl="783.70" ytl="485.29" xbr="1817.73" ybr="844.27" z_order="0">
      <attribute name="Adipose Clipped">No</attribute>
      <attribute name="Confidence Level">3</attribute>
      <attribute name="Injury">No</attribute>
      <attribute name="Notes">NA</attribute>
      <attribute name="Sex">Male</attribute>
    </box>
    <box frame="113" outside="0" occluded="0" keyframe="0" xtl="854.48" ytl="484.79" xbr="1868.86" ybr="843.76" z_order="0">
      <attribute name="Adipose Clipped">No</attribute>
      <attribute name="Confidence Level">3</attribute>
      <attribute name="Injury">No</attribute>
      <attribute name="Notes">NA</attribute>
      <attribute name="Sex">Male</attribute>
    </box>
    <box frame="114" outside="0" occluded="0" keyframe="1" xtl="925.27" ytl="484.29" xbr="1920.00" ybr="843.26" z_order="0">
      <attribute name="Adipose Clipped">No</attribute>
      <attribute name="Confidence Level">3</attribute>
      <attribute name="Injury">No</attribute>
      <attribute name="Notes">NA</attribute>
      <attribute name="Sex">Male</attribute>
    </box>
    <box frame="115" outside="0" occluded="0" keyframe="0" xtl="996.06" ytl="483.79" xbr="1920.00" ybr="842.76" z_order="0">
      <attribute name="Adipose Clipped">No</attribute>
      <attribute name="Confidence Level">3</attribute>
      <attribute name="Injury">No</attribute>
      <attribute name="Notes">NA</attribute>
      <attribute name="Sex">Male</attribute>
    </box>
    <box frame="116" outside="0" occluded="0" keyframe="1" xtl="1066.85" ytl="483.29" xbr="1920.00" ybr="842.26" z_order="0">
      <attribute name="Adipose Clipped">No</attribute>
      <attribute name="Confidence Level">3</attribute>
      <attribute name="Injury">No</attribute>
      <attribute name="Notes">NA</attribute>
      <attribute name="Sex">Male</attribute>
    </box>
    <box frame="117" outside="0" occluded="0" keyframe="0" xtl="1124.95" ytl="482.62" xbr="1920.00" ybr="837.25" z_order="0">
      <attribute name="Adipose Clipped">No</attribute>
      <attribute name="Confidence Level">3</attribute>
      <attribute name="Injury">No</attribute>
      <attribute name="Notes">NA</attribute>
      <attribute name="Sex">Male</attribute>
    </box>
    <box frame="118" outside="0" occluded="0" keyframe="0" xtl="1183.06" ytl="481.95" xbr="1920.00" ybr="832.24" z_order="0">
      <attribute name="Adipose Clipped">No</attribute>
      <attribute name="Confidence Level">3</attribute>
      <attribute name="Injury">No</attribute>
      <attribute name="Notes">NA</attribute>
      <attribute name="Sex">Male</attribute>
    </box>
    <box frame="119" outside="0" occluded="0" keyframe="0" xtl="1241.16" ytl="481.28" xbr="1920.00" ybr="827.24" z_order="0">
      <attribute name="Adipose Clipped">No</attribute>
      <attribute name="Confidence Level">3</attribute>
      <attribute name="Injury">No</attribute>
      <attribute name="Notes">NA</attribute>
      <attribute name="Sex">Male</attribute>
    </box>
    <box frame="120" outside="0" occluded="0" keyframe="0" xtl="1299.26" ytl="480.61" xbr="1920.00" ybr="822.23" z_order="0">
      <attribute name="Adipose Clipped">No</attribute>
      <attribute name="Confidence Level">3</attribute>
      <attribute name="Injury">No</attribute>
      <attribute name="Notes">NA</attribute>
      <attribute name="Sex">Male</attribute>
    </box>
    <box frame="121" outside="0" occluded="0" keyframe="0" xtl="1357.36" ytl="479.95" xbr="1920.00" ybr="817.22" z_order="0">
      <attribute name="Adipose Clipped">No</attribute>
      <attribute name="Confidence Level">3</attribute>
      <attribute name="Injury">No</attribute>
      <attribute name="Notes">NA</attribute>
      <attribute name="Sex">Male</attribute>
    </box>
    <box frame="122" outside="0" occluded="0" keyframe="0" xtl="1415.46" ytl="479.28" xbr="1920.00" ybr="812.21" z_order="0">
      <attribute name="Adipose Clipped">No</attribute>
      <attribute name="Confidence Level">3</attribute>
      <attribute name="Injury">No</attribute>
      <attribute name="Notes">NA</attribute>
      <attribute name="Sex">Male</attribute>
    </box>
    <box frame="123" outside="0" occluded="0" keyframe="0" xtl="1473.56" ytl="478.61" xbr="1920.00" ybr="807.20" z_order="0">
      <attribute name="Adipose Clipped">No</attribute>
      <attribute name="Confidence Level">3</attribute>
      <attribute name="Injury">No</attribute>
      <attribute name="Notes">NA</attribute>
      <attribute name="Sex">Male</attribute>
    </box>
    <box frame="124" outside="0" occluded="0" keyframe="0" xtl="1531.66" ytl="477.94" xbr="1920.00" ybr="802.19" z_order="0">
      <attribute name="Adipose Clipped">No</attribute>
      <attribute name="Confidence Level">3</attribute>
      <attribute name="Injury">No</attribute>
      <attribute name="Notes">NA</attribute>
      <attribute name="Sex">Male</attribute>
    </box>
    <box frame="125" outside="0" occluded="0" keyframe="0" xtl="1589.76" ytl="477.27" xbr="1920.00" ybr="797.18" z_order="0">
      <attribute name="Adipose Clipped">No</attribute>
      <attribute name="Confidence Level">3</attribute>
      <attribute name="Injury">No</attribute>
      <attribute name="Notes">NA</attribute>
      <attribute name="Sex">Male</attribute>
    </box>
    <box frame="126" outside="0" occluded="1" keyframe="1" xtl="1647.86" ytl="476.60" xbr="1920.00" ybr="792.17" z_order="0">
      <attribute name="Adipose Clipped">No</attribute>
      <attribute name="Confidence Level">3</attribute>
      <attribute name="Injury">No</attribute>
      <attribute name="Notes">NA</attribute>
      <attribute name="Sex">Male</attribute>
    </box>
    <box frame="127" outside="1" occluded="1" keyframe="1" xtl="1809.81" ytl="503.31" xbr="1920.00" ybr="818.89" z_order="0">
      <attribute name="Adipose Clipped">No</attribute>
      <attribute name="Confidence Level">3</attribute>
      <attribute name="Injury">No</attribute>
      <attribute name="Notes">NA</attribute>
      <attribute name="Sex">Male</attribute>
    </box>
  </track>
</annotations>
