<?xml version="1.0" encoding="utf-8"?>
<annotations>
  <version>1.1</version>
  <meta>
    <task>
      <id>216</id>
      <name>08-27-2020 21-05-39 M Salmon Camera</name>
      <size>420</size>
      <mode>interpolation</mode>
      <overlap>5</overlap>
      <bugtracker></bugtracker>
      <created>2021-04-20 19:31:15.560420+00:00</created>
      <updated>2021-04-20 20:34:32.087454+00:00</updated>
      <start_frame>0</start_frame>
      <stop_frame>419</stop_frame>
      <frame_filter></frame_filter>
      <labels>
        <label>
          <name>Coho</name>
          <color>#83e070</color>
          <attributes>
            <attribute>
              <name>Sex</name>
              <mutable>False</mutable>
              <input_type>select</input_type>
              <default_value>Male</default_value>
              <values>Male
Female
Jack</values>
            </attribute>
            <attribute>
              <name>Adipose Clipped</name>
              <mutable>False</mutable>
              <input_type>select</input_type>
              <default_value>No</default_value>
              <values>No
Yes
NA</values>
            </attribute>
            <attribute>
              <name>Injury</name>
              <mutable>False</mutable>
              <input_type>select</input_type>
              <default_value>No</default_value>
              <values>No
Yes
NA</values>
            </attribute>
            <attribute>
              <name>Confidence Level</name>
              <mutable>False</mutable>
              <input_type>select</input_type>
              <default_value>3</default_value>
              <values>3
2
1</values>
            </attribute>
            <attribute>
              <name>Notes</name>
              <mutable>False</mutable>
              <input_type>text</input_type>
              <default_value>NA</default_value>
              <values>NA</values>
            </attribute>
          </attributes>
        </label>
        <label>
          <name>Bull</name>
          <color>#ff6037</color>
          <attributes>
            <attribute>
              <name>Sex</name>
              <mutable>False</mutable>
              <input_type>select</input_type>
              <default_value>NA</default_value>
              <values>NA
Juvenile</values>
            </attribute>
            <attribute>
              <name>Adipose Clipped</name>
              <mutable>False</mutable>
              <input_type>select</input_type>
              <default_value>No</default_value>
              <values>No
NA</values>
            </attribute>
            <attribute>
              <name>Injury</name>
              <mutable>False</mutable>
              <input_type>select</input_type>
              <default_value>No</default_value>
              <values>No
Yes
NA</values>
            </attribute>
            <attribute>
              <name>Confidence Level</name>
              <mutable>False</mutable>
              <input_type>select</input_type>
              <default_value>3</default_value>
              <values>3
2
1</values>
            </attribute>
            <attribute>
              <name>Notes</name>
              <mutable>False</mutable>
              <input_type>text</input_type>
              <default_value>NA</default_value>
              <values>NA</values>
            </attribute>
          </attributes>
        </label>
        <label>
          <name>Rainbow</name>
          <color>#ff00cc</color>
          <attributes>
            <attribute>
              <name>Sex</name>
              <mutable>False</mutable>
              <input_type>select</input_type>
              <default_value>NA</default_value>
              <values>NA
Juvenile</values>
            </attribute>
            <attribute>
              <name>Adipose Clipped</name>
              <mutable>False</mutable>
              <input_type>select</input_type>
              <default_value>No</default_value>
              <values>No
NA</values>
            </attribute>
            <attribute>
              <name>Injury</name>
              <mutable>False</mutable>
              <input_type>select</input_type>
              <default_value>No</default_value>
              <values>No
Yes
NA</values>
            </attribute>
            <attribute>
              <name>Confidence Level</name>
              <mutable>False</mutable>
              <input_type>select</input_type>
              <default_value>3</default_value>
              <values>3
2
1</values>
            </attribute>
            <attribute>
              <name>Notes</name>
              <mutable>False</mutable>
              <input_type>text</input_type>
              <default_value>NA</default_value>
              <values>NA</values>
            </attribute>
          </attributes>
        </label>
        <label>
          <name>Sockeye</name>
          <color>#fa3253</color>
          <attributes>
            <attribute>
              <name>Sex</name>
              <mutable>False</mutable>
              <input_type>select</input_type>
              <default_value>Male</default_value>
              <values>Male
Female
NA</values>
            </attribute>
            <attribute>
              <name>Adipose Clipped</name>
              <mutable>False</mutable>
              <input_type>select</input_type>
              <default_value>No</default_value>
              <values>No
Yes
NA</values>
            </attribute>
            <attribute>
              <name>Injury</name>
              <mutable>False</mutable>
              <input_type>select</input_type>
              <default_value>No</default_value>
              <values>No
Yes
NA</values>
            </attribute>
            <attribute>
              <name>Confidence Level</name>
              <mutable>False</mutable>
              <input_type>select</input_type>
              <default_value>3</default_value>
              <values>3
2
1</values>
            </attribute>
            <attribute>
              <name>Notes</name>
              <mutable>False</mutable>
              <input_type>text</input_type>
              <default_value>NA</default_value>
              <values>NA</values>
            </attribute>
          </attributes>
        </label>
        <label>
          <name>Pink</name>
          <color>#fa7dbb</color>
          <attributes>
            <attribute>
              <name>Sex</name>
              <mutable>False</mutable>
              <input_type>select</input_type>
              <default_value>Male</default_value>
              <values>Male
Female
NA</values>
            </attribute>
            <attribute>
              <name>Adipose Clipped</name>
              <mutable>False</mutable>
              <input_type>select</input_type>
              <default_value>No</default_value>
              <values>No
Yes
NA</values>
            </attribute>
            <attribute>
              <name>Injury</name>
              <mutable>False</mutable>
              <input_type>select</input_type>
              <default_value>No</default_value>
              <values>No
Yes
NA</values>
            </attribute>
            <attribute>
              <name>Confidence Level</name>
              <mutable>False</mutable>
              <input_type>select</input_type>
              <default_value>3</default_value>
              <values>3
2
1</values>
            </attribute>
            <attribute>
              <name>Notes</name>
              <mutable>False</mutable>
              <input_type>text</input_type>
              <default_value>NA</default_value>
              <values>NA</values>
            </attribute>
          </attributes>
        </label>
        <label>
          <name>Whitefish</name>
          <color>#e9e9eb</color>
          <attributes>
            <attribute>
              <name>Sex</name>
              <mutable>False</mutable>
              <input_type>select</input_type>
              <default_value>NA</default_value>
              <values>NA</values>
            </attribute>
            <attribute>
              <name>Adipose Clipped</name>
              <mutable>False</mutable>
              <input_type>select</input_type>
              <default_value>No</default_value>
              <values>No
Yes
NA</values>
            </attribute>
            <attribute>
              <name>Injury</name>
              <mutable>False</mutable>
              <input_type>select</input_type>
              <default_value>No</default_value>
              <values>No
Yes
NA</values>
            </attribute>
            <attribute>
              <name>Confidence Level</name>
              <mutable>False</mutable>
              <input_type>select</input_type>
              <default_value>3</default_value>
              <values>3
2
1</values>
            </attribute>
            <attribute>
              <name>Notes</name>
              <mutable>False</mutable>
              <input_type>text</input_type>
              <default_value>NA</default_value>
              <values>NA</values>
            </attribute>
          </attributes>
        </label>
        <label>
          <name>Chinook</name>
          <color>#cc3366</color>
          <attributes>
            <attribute>
              <name>Sex</name>
              <mutable>False</mutable>
              <input_type>select</input_type>
              <default_value>Male</default_value>
              <values>Male
Female
Jack</values>
            </attribute>
            <attribute>
              <name>Adipose Clipped</name>
              <mutable>False</mutable>
              <input_type>select</input_type>
              <default_value>No</default_value>
              <values>No
NA</values>
            </attribute>
            <attribute>
              <name>Injury</name>
              <mutable>False</mutable>
              <input_type>select</input_type>
              <default_value>No</default_value>
              <values>No
Yes
NA</values>
            </attribute>
            <attribute>
              <name>Confidence Level</name>
              <mutable>False</mutable>
              <input_type>select</input_type>
              <default_value>3</default_value>
              <values>3
2
1</values>
            </attribute>
            <attribute>
              <name>Notes</name>
              <mutable>False</mutable>
              <input_type>text</input_type>
              <default_value>NA</default_value>
              <values>NA</values>
            </attribute>
          </attributes>
        </label>
        <label>
          <name>Shiner</name>
          <color>#5986b3</color>
          <attributes>
            <attribute>
              <name>Confidence Level</name>
              <mutable>False</mutable>
              <input_type>select</input_type>
              <default_value>3</default_value>
              <values>3
2
1</values>
            </attribute>
            <attribute>
              <name>Notes</name>
              <mutable>False</mutable>
              <input_type>text</input_type>
              <default_value>NA</default_value>
              <values>NA</values>
            </attribute>
          </attributes>
        </label>
        <label>
          <name>Pikeminnow</name>
          <color>#cc9933</color>
          <attributes>
            <attribute>
              <name>Confidence Level</name>
              <mutable>False</mutable>
              <input_type>select</input_type>
              <default_value>3</default_value>
              <values>3
2
1</values>
            </attribute>
            <attribute>
              <name>Notes</name>
              <mutable>False</mutable>
              <input_type>text</input_type>
              <default_value>NA</default_value>
              <values>NA</values>
            </attribute>
          </attributes>
        </label>
      </labels>
      <segments>
        <segment>
          <id>214</id>
          <start>0</start>
          <stop>419</stop>
          <url>httplocalhost:8080/?id=214</url>
        </segment>
      </segments>
      <owner>
        <username>bna19</username>
        <email>bna19@sfu.ca</email>
      </owner>
      <assignee></assignee>
      <original_size>
        <width>1920</width>
        <height>1080</height>
      </original_size>
    </task>
    <dumped>2021-04-20 20:35:08.077039+00:00</dumped>
    <source>08-27-2020 21-05-39 M Salmon Camera.m4v</source>
  </meta>
  <track id="0" label="Pikeminnow" source="manual">
    <box frame="66" outside="0" occluded="1" keyframe="1" xtl="1847.75" ytl="394.38" xbr="1920.00" ybr="573.29" z_order="0">
      <attribute name="Confidence Level">3</attribute>
      <attribute name="Notes">NA</attribute>
    </box>
    <box frame="67" outside="0" occluded="1" keyframe="1" xtl="1805.30" ytl="394.38" xbr="1920.00" ybr="569.60" z_order="0">
      <attribute name="Confidence Level">3</attribute>
      <attribute name="Notes">NA</attribute>
    </box>
    <box frame="68" outside="0" occluded="1" keyframe="0" xtl="1781.78" ytl="394.38" xbr="1920.00" ybr="560.38" z_order="0">
      <attribute name="Confidence Level">3</attribute>
      <attribute name="Notes">NA</attribute>
    </box>
    <box frame="69" outside="0" occluded="1" keyframe="0" xtl="1758.25" ytl="394.38" xbr="1920.00" ybr="551.15" z_order="0">
      <attribute name="Confidence Level">3</attribute>
      <attribute name="Notes">NA</attribute>
    </box>
    <box frame="70" outside="0" occluded="1" keyframe="0" xtl="1734.73" ytl="394.38" xbr="1920.00" ybr="541.93" z_order="0">
      <attribute name="Confidence Level">3</attribute>
      <attribute name="Notes">NA</attribute>
    </box>
    <box frame="71" outside="0" occluded="1" keyframe="1" xtl="1711.20" ytl="394.38" xbr="1920.00" ybr="532.70" z_order="0">
      <attribute name="Confidence Level">3</attribute>
      <attribute name="Notes">NA</attribute>
    </box>
    <box frame="72" outside="0" occluded="1" keyframe="0" xtl="1723.19" ytl="384.24" xbr="1920.00" ybr="522.56" z_order="0">
      <attribute name="Confidence Level">3</attribute>
      <attribute name="Notes">NA</attribute>
    </box>
    <box frame="73" outside="0" occluded="1" keyframe="1" xtl="1735.18" ytl="374.09" xbr="1920.00" ybr="512.41" z_order="0">
      <attribute name="Confidence Level">3</attribute>
      <attribute name="Notes">NA</attribute>
    </box>
    <box frame="74" outside="0" occluded="0" keyframe="1" xtl="1707.49" ytl="361.20" xbr="1920.00" ybr="512.41" z_order="0">
      <attribute name="Confidence Level">3</attribute>
      <attribute name="Notes">NA</attribute>
    </box>
    <box frame="75" outside="0" occluded="0" keyframe="1" xtl="1679.80" ytl="348.30" xbr="1920.00" ybr="512.41" z_order="0">
      <attribute name="Confidence Level">3</attribute>
      <attribute name="Notes">NA</attribute>
    </box>
    <box frame="76" outside="0" occluded="0" keyframe="0" xtl="1669.84" ytl="346.46" xbr="1920.00" ybr="512.41" z_order="0">
      <attribute name="Confidence Level">3</attribute>
      <attribute name="Notes">NA</attribute>
    </box>
    <box frame="77" outside="0" occluded="0" keyframe="0" xtl="1659.88" ytl="344.62" xbr="1920.00" ybr="512.41" z_order="0">
      <attribute name="Confidence Level">3</attribute>
      <attribute name="Notes">NA</attribute>
    </box>
    <box frame="78" outside="0" occluded="0" keyframe="0" xtl="1649.92" ytl="342.78" xbr="1920.00" ybr="512.41" z_order="0">
      <attribute name="Confidence Level">3</attribute>
      <attribute name="Notes">NA</attribute>
    </box>
    <box frame="79" outside="0" occluded="0" keyframe="0" xtl="1639.96" ytl="340.94" xbr="1920.00" ybr="512.41" z_order="0">
      <attribute name="Confidence Level">3</attribute>
      <attribute name="Notes">NA</attribute>
    </box>
    <box frame="80" outside="0" occluded="0" keyframe="1" xtl="1630.00" ytl="339.10" xbr="1920.00" ybr="512.41" z_order="0">
      <attribute name="Confidence Level">3</attribute>
      <attribute name="Notes">NA</attribute>
    </box>
    <box frame="81" outside="0" occluded="0" keyframe="0" xtl="1634.30" ytl="348.32" xbr="1920.00" ybr="521.63" z_order="0">
      <attribute name="Confidence Level">3</attribute>
      <attribute name="Notes">NA</attribute>
    </box>
    <box frame="82" outside="0" occluded="0" keyframe="0" xtl="1638.61" ytl="357.54" xbr="1920.00" ybr="530.86" z_order="0">
      <attribute name="Confidence Level">3</attribute>
      <attribute name="Notes">NA</attribute>
    </box>
    <box frame="83" outside="0" occluded="0" keyframe="1" xtl="1642.91" ytl="366.77" xbr="1920.00" ybr="540.08" z_order="0">
      <attribute name="Confidence Level">3</attribute>
      <attribute name="Notes">NA</attribute>
    </box>
    <box frame="84" outside="0" occluded="0" keyframe="0" xtl="1618.96" ytl="375.07" xbr="1920.00" ybr="548.38" z_order="0">
      <attribute name="Confidence Level">3</attribute>
      <attribute name="Notes">NA</attribute>
    </box>
    <box frame="85" outside="0" occluded="0" keyframe="1" xtl="1595.00" ytl="383.37" xbr="1920.00" ybr="556.68" z_order="0">
      <attribute name="Confidence Level">3</attribute>
      <attribute name="Notes">NA</attribute>
    </box>
    <box frame="86" outside="0" occluded="0" keyframe="0" xtl="1603.30" ytl="391.67" xbr="1920.00" ybr="564.98" z_order="0">
      <attribute name="Confidence Level">3</attribute>
      <attribute name="Notes">NA</attribute>
    </box>
    <box frame="87" outside="0" occluded="0" keyframe="1" xtl="1611.60" ytl="399.96" xbr="1920.00" ybr="573.28" z_order="0">
      <attribute name="Confidence Level">3</attribute>
      <attribute name="Notes">NA</attribute>
    </box>
    <box frame="88" outside="0" occluded="0" keyframe="0" xtl="1584.85" ytl="413.80" xbr="1920.00" ybr="587.11" z_order="0">
      <attribute name="Confidence Level">3</attribute>
      <attribute name="Notes">NA</attribute>
    </box>
    <box frame="89" outside="0" occluded="0" keyframe="1" xtl="1558.10" ytl="427.63" xbr="1920.00" ybr="600.94" z_order="0">
      <attribute name="Confidence Level">3</attribute>
      <attribute name="Notes">NA</attribute>
    </box>
    <box frame="90" outside="0" occluded="0" keyframe="0" xtl="1541.50" ytl="427.63" xbr="1920.00" ybr="608.33" z_order="0">
      <attribute name="Confidence Level">3</attribute>
      <attribute name="Notes">NA</attribute>
    </box>
    <box frame="91" outside="0" occluded="0" keyframe="0" xtl="1524.90" ytl="427.63" xbr="1920.00" ybr="615.71" z_order="0">
      <attribute name="Confidence Level">3</attribute>
      <attribute name="Notes">NA</attribute>
    </box>
    <box frame="92" outside="0" occluded="0" keyframe="1" xtl="1508.30" ytl="427.63" xbr="1920.00" ybr="623.10" z_order="0">
      <attribute name="Confidence Level">3</attribute>
      <attribute name="Notes">NA</attribute>
    </box>
    <box frame="93" outside="0" occluded="0" keyframe="0" xtl="1485.25" ytl="427.63" xbr="1920.00" ybr="627.70" z_order="0">
      <attribute name="Confidence Level">3</attribute>
      <attribute name="Notes">NA</attribute>
    </box>
    <box frame="94" outside="0" occluded="0" keyframe="1" xtl="1462.20" ytl="427.63" xbr="1920.00" ybr="632.30" z_order="0">
      <attribute name="Confidence Level">3</attribute>
      <attribute name="Notes">NA</attribute>
    </box>
    <box frame="95" outside="0" occluded="0" keyframe="0" xtl="1446.83" ytl="448.52" xbr="1920.00" ybr="640.91" z_order="0">
      <attribute name="Confidence Level">3</attribute>
      <attribute name="Notes">NA</attribute>
    </box>
    <box frame="96" outside="0" occluded="0" keyframe="0" xtl="1431.47" ytl="469.41" xbr="1920.00" ybr="649.51" z_order="0">
      <attribute name="Confidence Level">3</attribute>
      <attribute name="Notes">NA</attribute>
    </box>
    <box frame="97" outside="0" occluded="0" keyframe="1" xtl="1416.10" ytl="490.30" xbr="1920.00" ybr="658.12" z_order="0">
      <attribute name="Confidence Level">3</attribute>
      <attribute name="Notes">NA</attribute>
    </box>
    <box frame="98" outside="0" occluded="0" keyframe="0" xtl="1382.90" ytl="490.30" xbr="1904.32" ybr="658.12" z_order="0">
      <attribute name="Confidence Level">3</attribute>
      <attribute name="Notes">NA</attribute>
    </box>
    <box frame="99" outside="0" occluded="0" keyframe="1" xtl="1349.70" ytl="490.30" xbr="1888.65" ybr="658.12" z_order="0">
      <attribute name="Confidence Level">3</attribute>
      <attribute name="Notes">NA</attribute>
    </box>
    <box frame="100" outside="0" occluded="0" keyframe="0" xtl="1334.02" ytl="505.05" xbr="1872.97" ybr="672.88" z_order="0">
      <attribute name="Confidence Level">3</attribute>
      <attribute name="Notes">NA</attribute>
    </box>
    <box frame="101" outside="0" occluded="0" keyframe="1" xtl="1318.34" ytl="519.81" xbr="1857.29" ybr="687.63" z_order="0">
      <attribute name="Confidence Level">3</attribute>
      <attribute name="Notes">NA</attribute>
    </box>
    <box frame="102" outside="0" occluded="0" keyframe="0" xtl="1297.13" ytl="518.89" xbr="1836.08" ybr="686.71" z_order="0">
      <attribute name="Confidence Level">3</attribute>
      <attribute name="Notes">NA</attribute>
    </box>
    <box frame="103" outside="0" occluded="0" keyframe="1" xtl="1275.92" ytl="517.97" xbr="1814.87" ybr="685.79" z_order="0">
      <attribute name="Confidence Level">3</attribute>
      <attribute name="Notes">NA</attribute>
    </box>
    <box frame="104" outside="0" occluded="0" keyframe="0" xtl="1258.40" ytl="517.97" xbr="1797.35" ybr="685.79" z_order="0">
      <attribute name="Confidence Level">3</attribute>
      <attribute name="Notes">NA</attribute>
    </box>
    <box frame="105" outside="0" occluded="0" keyframe="1" xtl="1240.88" ytl="517.97" xbr="1779.83" ybr="685.79" z_order="0">
      <attribute name="Confidence Level">3</attribute>
      <attribute name="Notes">NA</attribute>
    </box>
    <box frame="106" outside="0" occluded="0" keyframe="0" xtl="1186.49" ytl="522.58" xbr="1760.46" ybr="698.69" z_order="0">
      <attribute name="Confidence Level">3</attribute>
      <attribute name="Notes">NA</attribute>
    </box>
    <box frame="107" outside="0" occluded="0" keyframe="1" xtl="1132.10" ytl="527.19" xbr="1741.09" ybr="711.60" z_order="0">
      <attribute name="Confidence Level">3</attribute>
      <attribute name="Notes">NA</attribute>
    </box>
    <box frame="108" outside="0" occluded="0" keyframe="0" xtl="1119.19" ytl="527.19" xbr="1728.18" ybr="711.60" z_order="0">
      <attribute name="Confidence Level">3</attribute>
      <attribute name="Notes">NA</attribute>
    </box>
    <box frame="109" outside="0" occluded="0" keyframe="0" xtl="1106.28" ytl="527.19" xbr="1715.27" ybr="711.60" z_order="0">
      <attribute name="Confidence Level">3</attribute>
      <attribute name="Notes">NA</attribute>
    </box>
    <box frame="110" outside="0" occluded="0" keyframe="1" xtl="1093.37" ytl="527.19" xbr="1702.36" ybr="711.60" z_order="0">
      <attribute name="Confidence Level">3</attribute>
      <attribute name="Notes">NA</attribute>
    </box>
    <box frame="111" outside="0" occluded="0" keyframe="0" xtl="1062.01" ytl="526.27" xbr="1671.01" ybr="710.68" z_order="0">
      <attribute name="Confidence Level">3</attribute>
      <attribute name="Notes">NA</attribute>
    </box>
    <box frame="112" outside="0" occluded="0" keyframe="1" xtl="1030.66" ytl="525.34" xbr="1639.65" ybr="709.76" z_order="0">
      <attribute name="Confidence Level">3</attribute>
      <attribute name="Notes">NA</attribute>
    </box>
    <box frame="113" outside="0" occluded="0" keyframe="0" xtl="1014.98" ytl="523.50" xbr="1623.98" ybr="707.91" z_order="0">
      <attribute name="Confidence Level">3</attribute>
      <attribute name="Notes">NA</attribute>
    </box>
    <box frame="114" outside="0" occluded="0" keyframe="1" xtl="999.30" ytl="521.65" xbr="1608.30" ybr="706.07" z_order="0">
      <attribute name="Confidence Level">3</attribute>
      <attribute name="Notes">NA</attribute>
    </box>
    <box frame="115" outside="0" occluded="0" keyframe="0" xtl="959.65" ytl="511.53" xbr="1595.39" ybr="705.14" z_order="0">
      <attribute name="Confidence Level">3</attribute>
      <attribute name="Notes">NA</attribute>
    </box>
    <box frame="116" outside="0" occluded="0" keyframe="1" xtl="920.00" ytl="501.40" xbr="1582.48" ybr="704.22" z_order="0">
      <attribute name="Confidence Level">3</attribute>
      <attribute name="Notes">NA</attribute>
    </box>
    <box frame="117" outside="0" occluded="0" keyframe="0" xtl="896.95" ytl="505.09" xbr="1559.42" ybr="707.91" z_order="0">
      <attribute name="Confidence Level">3</attribute>
      <attribute name="Notes">NA</attribute>
    </box>
    <box frame="118" outside="0" occluded="0" keyframe="1" xtl="873.89" ytl="508.78" xbr="1536.37" ybr="711.60" z_order="0">
      <attribute name="Confidence Level">3</attribute>
      <attribute name="Notes">NA</attribute>
    </box>
    <box frame="119" outside="0" occluded="0" keyframe="0" xtl="848.07" ytl="518.00" xbr="1510.55" ybr="720.82" z_order="0">
      <attribute name="Confidence Level">3</attribute>
      <attribute name="Notes">NA</attribute>
    </box>
    <box frame="120" outside="0" occluded="0" keyframe="1" xtl="822.25" ytl="527.22" xbr="1484.73" ybr="730.05" z_order="0">
      <attribute name="Confidence Level">3</attribute>
      <attribute name="Notes">NA</attribute>
    </box>
    <box frame="121" outside="0" occluded="0" keyframe="0" xtl="797.35" ytl="539.21" xbr="1459.83" ybr="742.03" z_order="0">
      <attribute name="Confidence Level">3</attribute>
      <attribute name="Notes">NA</attribute>
    </box>
    <box frame="122" outside="0" occluded="0" keyframe="1" xtl="772.45" ytl="551.20" xbr="1434.93" ybr="754.02" z_order="0">
      <attribute name="Confidence Level">3</attribute>
      <attribute name="Notes">NA</attribute>
    </box>
    <box frame="123" outside="0" occluded="0" keyframe="0" xtl="738.33" ytl="552.12" xbr="1400.81" ybr="754.95" z_order="0">
      <attribute name="Confidence Level">3</attribute>
      <attribute name="Notes">NA</attribute>
    </box>
    <box frame="124" outside="0" occluded="0" keyframe="1" xtl="704.21" ytl="553.04" xbr="1366.69" ybr="755.87" z_order="0">
      <attribute name="Confidence Level">3</attribute>
      <attribute name="Notes">NA</attribute>
    </box>
    <box frame="125" outside="0" occluded="0" keyframe="0" xtl="687.61" ytl="565.03" xbr="1350.09" ybr="767.86" z_order="0">
      <attribute name="Confidence Level">3</attribute>
      <attribute name="Notes">NA</attribute>
    </box>
    <box frame="126" outside="0" occluded="0" keyframe="1" xtl="671.01" ytl="577.02" xbr="1333.49" ybr="779.84" z_order="0">
      <attribute name="Confidence Level">3</attribute>
      <attribute name="Notes">NA</attribute>
    </box>
    <box frame="127" outside="0" occluded="0" keyframe="0" xtl="656.87" ytl="580.71" xbr="1319.35" ybr="783.53" z_order="0">
      <attribute name="Confidence Level">3</attribute>
      <attribute name="Notes">NA</attribute>
    </box>
    <box frame="128" outside="0" occluded="0" keyframe="0" xtl="642.73" ytl="584.40" xbr="1305.21" ybr="787.22" z_order="0">
      <attribute name="Confidence Level">3</attribute>
      <attribute name="Notes">NA</attribute>
    </box>
    <box frame="129" outside="0" occluded="0" keyframe="1" xtl="628.59" ytl="588.09" xbr="1291.07" ybr="790.91" z_order="0">
      <attribute name="Confidence Level">3</attribute>
      <attribute name="Notes">NA</attribute>
    </box>
    <box frame="130" outside="0" occluded="0" keyframe="0" xtl="606.46" ytl="588.70" xbr="1268.94" ybr="791.52" z_order="0">
      <attribute name="Confidence Level">3</attribute>
      <attribute name="Notes">NA</attribute>
    </box>
    <box frame="131" outside="0" occluded="0" keyframe="0" xtl="584.32" ytl="589.32" xbr="1246.80" ybr="792.14" z_order="0">
      <attribute name="Confidence Level">3</attribute>
      <attribute name="Notes">NA</attribute>
    </box>
    <box frame="132" outside="0" occluded="0" keyframe="1" xtl="562.19" ytl="589.93" xbr="1224.67" ybr="792.75" z_order="0">
      <attribute name="Confidence Level">3</attribute>
      <attribute name="Notes">NA</attribute>
    </box>
    <box frame="133" outside="0" occluded="0" keyframe="0" xtl="546.21" ytl="588.09" xbr="1208.69" ybr="790.91" z_order="0">
      <attribute name="Confidence Level">3</attribute>
      <attribute name="Notes">NA</attribute>
    </box>
    <box frame="134" outside="0" occluded="0" keyframe="0" xtl="530.22" ytl="586.24" xbr="1192.70" ybr="789.07" z_order="0">
      <attribute name="Confidence Level">3</attribute>
      <attribute name="Notes">NA</attribute>
    </box>
    <box frame="135" outside="0" occluded="0" keyframe="1" xtl="514.24" ytl="584.40" xbr="1176.72" ybr="787.22" z_order="0">
      <attribute name="Confidence Level">3</attribute>
      <attribute name="Notes">NA</attribute>
    </box>
    <box frame="136" outside="0" occluded="0" keyframe="0" xtl="489.34" ytl="577.94" xbr="1151.82" ybr="780.77" z_order="0">
      <attribute name="Confidence Level">3</attribute>
      <attribute name="Notes">NA</attribute>
    </box>
    <box frame="137" outside="0" occluded="0" keyframe="1" xtl="464.44" ytl="571.49" xbr="1126.92" ybr="774.31" z_order="0">
      <attribute name="Confidence Level">3</attribute>
      <attribute name="Notes">NA</attribute>
    </box>
    <box frame="138" outside="0" occluded="0" keyframe="0" xtl="454.29" ytl="571.49" xbr="1116.77" ybr="774.31" z_order="0">
      <attribute name="Confidence Level">3</attribute>
      <attribute name="Notes">NA</attribute>
    </box>
    <box frame="139" outside="0" occluded="0" keyframe="1" xtl="444.15" ytl="571.49" xbr="1106.63" ybr="774.31" z_order="0">
      <attribute name="Confidence Level">3</attribute>
      <attribute name="Notes">NA</attribute>
    </box>
    <box frame="140" outside="0" occluded="0" keyframe="0" xtl="426.63" ytl="577.94" xbr="1089.11" ybr="780.77" z_order="0">
      <attribute name="Confidence Level">3</attribute>
      <attribute name="Notes">NA</attribute>
    </box>
    <box frame="141" outside="0" occluded="0" keyframe="1" xtl="409.11" ytl="584.40" xbr="1071.59" ybr="787.22" z_order="0">
      <attribute name="Confidence Level">3</attribute>
      <attribute name="Notes">NA</attribute>
    </box>
    <box frame="142" outside="0" occluded="0" keyframe="0" xtl="391.59" ytl="582.56" xbr="1054.06" ybr="785.38" z_order="0">
      <attribute name="Confidence Level">3</attribute>
      <attribute name="Notes">NA</attribute>
    </box>
    <box frame="143" outside="0" occluded="0" keyframe="1" xtl="374.06" ytl="580.71" xbr="1036.54" ybr="783.53" z_order="0">
      <attribute name="Confidence Level">3</attribute>
      <attribute name="Notes">NA</attribute>
    </box>
    <box frame="144" outside="0" occluded="0" keyframe="0" xtl="374.06" ytl="565.96" xbr="1036.54" ybr="783.53" z_order="0">
      <attribute name="Confidence Level">3</attribute>
      <attribute name="Notes">NA</attribute>
    </box>
    <box frame="145" outside="0" occluded="0" keyframe="1" xtl="374.06" ytl="551.20" xbr="1036.54" ybr="783.53" z_order="0">
      <attribute name="Confidence Level">3</attribute>
      <attribute name="Notes">NA</attribute>
    </box>
    <box frame="146" outside="0" occluded="0" keyframe="0" xtl="363.00" ytl="541.06" xbr="1025.48" ybr="773.39" z_order="0">
      <attribute name="Confidence Level">3</attribute>
      <attribute name="Notes">NA</attribute>
    </box>
    <box frame="147" outside="0" occluded="0" keyframe="1" xtl="351.93" ytl="530.91" xbr="1014.41" ybr="763.25" z_order="0">
      <attribute name="Confidence Level">3</attribute>
      <attribute name="Notes">NA</attribute>
    </box>
    <box frame="148" outside="0" occluded="0" keyframe="0" xtl="340.87" ytl="520.77" xbr="1003.35" ybr="753.10" z_order="0">
      <attribute name="Confidence Level">3</attribute>
      <attribute name="Notes">NA</attribute>
    </box>
    <box frame="149" outside="0" occluded="0" keyframe="1" xtl="329.80" ytl="510.62" xbr="992.28" ybr="742.96" z_order="0">
      <attribute name="Confidence Level">3</attribute>
      <attribute name="Notes">NA</attribute>
    </box>
    <box frame="150" outside="0" occluded="0" keyframe="0" xtl="321.50" ytl="489.41" xbr="983.98" ybr="721.75" z_order="0">
      <attribute name="Confidence Level">3</attribute>
      <attribute name="Notes">NA</attribute>
    </box>
    <box frame="151" outside="0" occluded="0" keyframe="1" xtl="313.20" ytl="468.20" xbr="975.68" ybr="700.54" z_order="0">
      <attribute name="Confidence Level">3</attribute>
      <attribute name="Notes">NA</attribute>
    </box>
    <box frame="152" outside="0" occluded="0" keyframe="0" xtl="305.82" ytl="480.19" xbr="968.30" ybr="712.53" z_order="0">
      <attribute name="Confidence Level">3</attribute>
      <attribute name="Notes">NA</attribute>
    </box>
    <box frame="153" outside="0" occluded="0" keyframe="1" xtl="298.45" ytl="492.18" xbr="960.92" ybr="724.52" z_order="0">
      <attribute name="Confidence Level">3</attribute>
      <attribute name="Notes">NA</attribute>
    </box>
    <box frame="154" outside="0" occluded="0" keyframe="0" xtl="298.45" ytl="516.16" xbr="960.92" ybr="748.49" z_order="0">
      <attribute name="Confidence Level">3</attribute>
      <attribute name="Notes">NA</attribute>
    </box>
    <box frame="155" outside="0" occluded="0" keyframe="1" xtl="298.45" ytl="540.14" xbr="960.93" ybr="772.47" z_order="0">
      <attribute name="Confidence Level">3</attribute>
      <attribute name="Notes">NA</attribute>
    </box>
    <box frame="156" outside="0" occluded="0" keyframe="0" xtl="290.15" ytl="561.35" xbr="952.63" ybr="793.68" z_order="0">
      <attribute name="Confidence Level">3</attribute>
      <attribute name="Notes">NA</attribute>
    </box>
    <box frame="157" outside="0" occluded="0" keyframe="1" xtl="281.85" ytl="582.56" xbr="944.33" ybr="814.89" z_order="0">
      <attribute name="Confidence Level">3</attribute>
      <attribute name="Notes">NA</attribute>
    </box>
    <box frame="158" outside="0" occluded="0" keyframe="0" xtl="281.85" ytl="595.47" xbr="944.33" ybr="827.80" z_order="0">
      <attribute name="Confidence Level">3</attribute>
      <attribute name="Notes">NA</attribute>
    </box>
    <box frame="159" outside="0" occluded="0" keyframe="1" xtl="281.85" ytl="608.38" xbr="944.33" ybr="840.71" z_order="0">
      <attribute name="Confidence Level">3</attribute>
      <attribute name="Notes">NA</attribute>
    </box>
    <box frame="160" outside="0" occluded="0" keyframe="0" xtl="273.55" ytl="625.89" xbr="936.03" ybr="845.33" z_order="0">
      <attribute name="Confidence Level">3</attribute>
      <attribute name="Notes">NA</attribute>
    </box>
    <box frame="161" outside="0" occluded="0" keyframe="1" xtl="265.25" ytl="643.40" xbr="927.73" ybr="849.94" z_order="0">
      <attribute name="Confidence Level">3</attribute>
      <attribute name="Notes">NA</attribute>
    </box>
    <box frame="162" outside="0" occluded="0" keyframe="0" xtl="263.10" ytl="643.40" xbr="925.58" ybr="849.94" z_order="0">
      <attribute name="Confidence Level">3</attribute>
      <attribute name="Notes">NA</attribute>
    </box>
    <box frame="163" outside="0" occluded="0" keyframe="0" xtl="260.94" ytl="643.40" xbr="923.42" ybr="849.94" z_order="0">
      <attribute name="Confidence Level">3</attribute>
      <attribute name="Notes">NA</attribute>
    </box>
    <box frame="164" outside="0" occluded="0" keyframe="0" xtl="258.79" ytl="643.40" xbr="921.27" ybr="849.94" z_order="0">
      <attribute name="Confidence Level">3</attribute>
      <attribute name="Notes">NA</attribute>
    </box>
    <box frame="165" outside="0" occluded="0" keyframe="0" xtl="256.64" ytl="643.40" xbr="919.12" ybr="849.94" z_order="0">
      <attribute name="Confidence Level">3</attribute>
      <attribute name="Notes">NA</attribute>
    </box>
    <box frame="166" outside="0" occluded="0" keyframe="0" xtl="254.49" ytl="643.40" xbr="916.97" ybr="849.94" z_order="0">
      <attribute name="Confidence Level">3</attribute>
      <attribute name="Notes">NA</attribute>
    </box>
    <box frame="167" outside="0" occluded="0" keyframe="1" xtl="252.34" ytl="643.40" xbr="914.82" ybr="849.94" z_order="0">
      <attribute name="Confidence Level">3</attribute>
      <attribute name="Notes">NA</attribute>
    </box>
    <box frame="168" outside="0" occluded="0" keyframe="0" xtl="248.19" ytl="643.40" xbr="902.36" ybr="849.94" z_order="0">
      <attribute name="Confidence Level">3</attribute>
      <attribute name="Notes">NA</attribute>
    </box>
    <box frame="169" outside="0" occluded="0" keyframe="0" xtl="244.04" ytl="643.40" xbr="889.91" ybr="849.94" z_order="0">
      <attribute name="Confidence Level">3</attribute>
      <attribute name="Notes">NA</attribute>
    </box>
    <box frame="170" outside="0" occluded="0" keyframe="0" xtl="239.89" ytl="643.40" xbr="877.45" ybr="849.94" z_order="0">
      <attribute name="Confidence Level">3</attribute>
      <attribute name="Notes">NA</attribute>
    </box>
    <box frame="171" outside="0" occluded="0" keyframe="1" xtl="235.74" ytl="643.40" xbr="865.00" ybr="849.94" z_order="0">
      <attribute name="Confidence Level">3</attribute>
      <attribute name="Notes">NA</attribute>
    </box>
    <box frame="172" outside="0" occluded="0" keyframe="0" xtl="209.92" ytl="644.01" xbr="839.18" ybr="850.55" z_order="0">
      <attribute name="Confidence Level">3</attribute>
      <attribute name="Notes">NA</attribute>
    </box>
    <box frame="173" outside="0" occluded="0" keyframe="0" xtl="184.10" ytl="644.63" xbr="813.36" ybr="851.17" z_order="0">
      <attribute name="Confidence Level">3</attribute>
      <attribute name="Notes">NA</attribute>
    </box>
    <box frame="174" outside="0" occluded="0" keyframe="1" xtl="158.27" ytl="645.24" xbr="787.54" ybr="851.78" z_order="0">
      <attribute name="Confidence Level">3</attribute>
      <attribute name="Notes">NA</attribute>
    </box>
    <box frame="175" outside="0" occluded="0" keyframe="0" xtl="154.59" ytl="641.56" xbr="783.85" ybr="848.09" z_order="0">
      <attribute name="Confidence Level">3</attribute>
      <attribute name="Notes">NA</attribute>
    </box>
    <box frame="176" outside="0" occluded="0" keyframe="0" xtl="150.90" ytl="637.87" xbr="780.16" ybr="844.40" z_order="0">
      <attribute name="Confidence Level">3</attribute>
      <attribute name="Notes">NA</attribute>
    </box>
    <box frame="177" outside="0" occluded="0" keyframe="1" xtl="147.21" ytl="634.18" xbr="776.47" ybr="840.71" z_order="0">
      <attribute name="Confidence Level">3</attribute>
      <attribute name="Notes">NA</attribute>
    </box>
    <box frame="178" outside="0" occluded="0" keyframe="0" xtl="147.21" ytl="628.65" xbr="776.47" ybr="835.18" z_order="0">
      <attribute name="Confidence Level">3</attribute>
      <attribute name="Notes">NA</attribute>
    </box>
    <box frame="179" outside="0" occluded="0" keyframe="1" xtl="147.21" ytl="623.11" xbr="776.47" ybr="829.65" z_order="0">
      <attribute name="Confidence Level">3</attribute>
      <attribute name="Notes">NA</attribute>
    </box>
    <box frame="180" outside="0" occluded="0" keyframe="0" xtl="157.05" ytl="623.11" xbr="786.31" ybr="829.65" z_order="0">
      <attribute name="Confidence Level">3</attribute>
      <attribute name="Notes">NA</attribute>
    </box>
    <box frame="181" outside="0" occluded="0" keyframe="0" xtl="166.88" ytl="623.11" xbr="796.14" ybr="829.65" z_order="0">
      <attribute name="Confidence Level">3</attribute>
      <attribute name="Notes">NA</attribute>
    </box>
    <box frame="182" outside="0" occluded="0" keyframe="1" xtl="176.72" ytl="623.11" xbr="805.98" ybr="829.65" z_order="0">
      <attribute name="Confidence Level">3</attribute>
      <attribute name="Notes">NA</attribute>
    </box>
    <box frame="183" outside="0" occluded="0" keyframe="0" xtl="173.53" ytl="620.93" xbr="802.80" ybr="827.47" z_order="0">
      <attribute name="Confidence Level">3</attribute>
      <attribute name="Notes">NA</attribute>
    </box>
    <box frame="184" outside="0" occluded="0" keyframe="0" xtl="170.35" ytl="618.75" xbr="799.61" ybr="825.29" z_order="0">
      <attribute name="Confidence Level">3</attribute>
      <attribute name="Notes">NA</attribute>
    </box>
    <box frame="185" outside="0" occluded="0" keyframe="0" xtl="167.16" ytl="616.57" xbr="796.42" ybr="823.11" z_order="0">
      <attribute name="Confidence Level">3</attribute>
      <attribute name="Notes">NA</attribute>
    </box>
    <box frame="186" outside="0" occluded="0" keyframe="0" xtl="163.98" ytl="614.39" xbr="793.24" ybr="820.93" z_order="0">
      <attribute name="Confidence Level">3</attribute>
      <attribute name="Notes">NA</attribute>
    </box>
    <box frame="187" outside="0" occluded="0" keyframe="0" xtl="160.79" ytl="612.21" xbr="790.05" ybr="818.75" z_order="0">
      <attribute name="Confidence Level">3</attribute>
      <attribute name="Notes">NA</attribute>
    </box>
    <box frame="188" outside="0" occluded="0" keyframe="0" xtl="157.60" ytl="610.03" xbr="786.87" ybr="816.57" z_order="0">
      <attribute name="Confidence Level">3</attribute>
      <attribute name="Notes">NA</attribute>
    </box>
    <box frame="189" outside="0" occluded="0" keyframe="0" xtl="154.42" ytl="607.85" xbr="783.68" ybr="814.39" z_order="0">
      <attribute name="Confidence Level">3</attribute>
      <attribute name="Notes">NA</attribute>
    </box>
    <box frame="190" outside="0" occluded="0" keyframe="0" xtl="151.23" ytl="605.67" xbr="780.50" ybr="812.21" z_order="0">
      <attribute name="Confidence Level">3</attribute>
      <attribute name="Notes">NA</attribute>
    </box>
    <box frame="191" outside="0" occluded="0" keyframe="0" xtl="148.05" ytl="603.50" xbr="777.31" ybr="810.03" z_order="0">
      <attribute name="Confidence Level">3</attribute>
      <attribute name="Notes">NA</attribute>
    </box>
    <box frame="192" outside="0" occluded="0" keyframe="0" xtl="144.86" ytl="601.32" xbr="774.12" ybr="807.85" z_order="0">
      <attribute name="Confidence Level">3</attribute>
      <attribute name="Notes">NA</attribute>
    </box>
    <box frame="193" outside="0" occluded="0" keyframe="1" xtl="141.68" ytl="599.14" xbr="770.94" ybr="805.67" z_order="0">
      <attribute name="Confidence Level">3</attribute>
      <attribute name="Notes">NA</attribute>
    </box>
    <box frame="194" outside="0" occluded="0" keyframe="0" xtl="142.60" ytl="593.60" xbr="742.37" ybr="794.59" z_order="0">
      <attribute name="Confidence Level">3</attribute>
      <attribute name="Notes">NA</attribute>
    </box>
    <box frame="195" outside="0" occluded="0" keyframe="1" xtl="143.52" ytl="588.07" xbr="713.80" ybr="783.50" z_order="0">
      <attribute name="Confidence Level">3</attribute>
      <attribute name="Notes">NA</attribute>
    </box>
    <box frame="196" outside="0" occluded="0" keyframe="0" xtl="129.38" ytl="585.61" xbr="699.66" ybr="781.04" z_order="0">
      <attribute name="Confidence Level">3</attribute>
      <attribute name="Notes">NA</attribute>
    </box>
    <box frame="197" outside="0" occluded="0" keyframe="0" xtl="115.24" ytl="583.15" xbr="685.52" ybr="778.58" z_order="0">
      <attribute name="Confidence Level">3</attribute>
      <attribute name="Notes">NA</attribute>
    </box>
    <box frame="198" outside="0" occluded="0" keyframe="1" xtl="101.10" ytl="580.69" xbr="671.38" ybr="776.12" z_order="0">
      <attribute name="Confidence Level">3</attribute>
      <attribute name="Notes">NA</attribute>
    </box>
    <box frame="199" outside="0" occluded="0" keyframe="0" xtl="89.11" ytl="579.77" xbr="659.39" ybr="775.20" z_order="0">
      <attribute name="Confidence Level">3</attribute>
      <attribute name="Notes">NA</attribute>
    </box>
    <box frame="200" outside="0" occluded="0" keyframe="1" xtl="77.12" ytl="578.85" xbr="647.40" ybr="774.28" z_order="0">
      <attribute name="Confidence Level">3</attribute>
      <attribute name="Notes">NA</attribute>
    </box>
    <box frame="201" outside="0" occluded="0" keyframe="0" xtl="80.81" ytl="578.85" xbr="632.18" ybr="774.28" z_order="0">
      <attribute name="Confidence Level">3</attribute>
      <attribute name="Notes">NA</attribute>
    </box>
    <box frame="202" outside="0" occluded="0" keyframe="0" xtl="84.50" ytl="578.85" xbr="616.95" ybr="774.28" z_order="0">
      <attribute name="Confidence Level">3</attribute>
      <attribute name="Notes">NA</attribute>
    </box>
    <box frame="203" outside="0" occluded="0" keyframe="0" xtl="88.19" ytl="578.85" xbr="601.73" ybr="774.28" z_order="0">
      <attribute name="Confidence Level">3</attribute>
      <attribute name="Notes">NA</attribute>
    </box>
    <box frame="204" outside="0" occluded="0" keyframe="1" xtl="91.88" ytl="578.85" xbr="586.50" ybr="774.28" z_order="0">
      <attribute name="Confidence Level">3</attribute>
      <attribute name="Notes">NA</attribute>
    </box>
    <box frame="205" outside="0" occluded="0" keyframe="0" xtl="84.50" ytl="582.09" xbr="569.45" ybr="771.05" z_order="0">
      <attribute name="Confidence Level">3</attribute>
      <attribute name="Notes">NA</attribute>
    </box>
    <box frame="206" outside="0" occluded="0" keyframe="0" xtl="77.12" ytl="585.32" xbr="552.40" ybr="767.82" z_order="0">
      <attribute name="Confidence Level">3</attribute>
      <attribute name="Notes">NA</attribute>
    </box>
    <box frame="207" outside="0" occluded="0" keyframe="0" xtl="69.75" ytl="588.56" xbr="535.35" ybr="764.60" z_order="0">
      <attribute name="Confidence Level">3</attribute>
      <attribute name="Notes">NA</attribute>
    </box>
    <box frame="208" outside="0" occluded="0" keyframe="1" xtl="62.37" ytl="591.80" xbr="518.30" ybr="761.37" z_order="0">
      <attribute name="Confidence Level">3</attribute>
      <attribute name="Notes">NA</attribute>
    </box>
    <box frame="209" outside="0" occluded="0" keyframe="0" xtl="34.20" ytl="591.80" xbr="486.33" ybr="761.37" z_order="0">
      <attribute name="Confidence Level">3</attribute>
      <attribute name="Notes">NA</attribute>
    </box>
    <box frame="210" outside="0" occluded="0" keyframe="1" xtl="6.04" ytl="591.80" xbr="454.36" ybr="761.37" z_order="0">
      <attribute name="Confidence Level">3</attribute>
      <attribute name="Notes">NA</attribute>
    </box>
    <box frame="211" outside="0" occluded="0" keyframe="1" xtl="0.00" ytl="591.80" xbr="444.52" ybr="761.37" z_order="0">
      <attribute name="Confidence Level">3</attribute>
      <attribute name="Notes">NA</attribute>
    </box>
    <box frame="212" outside="0" occluded="0" keyframe="1" xtl="0.00" ytl="591.80" xbr="426.08" ybr="761.37" z_order="0">
      <attribute name="Confidence Level">3</attribute>
      <attribute name="Notes">NA</attribute>
    </box>
    <box frame="213" outside="0" occluded="0" keyframe="0" xtl="0.00" ytl="592.42" xbr="410.71" ybr="761.98" z_order="0">
      <attribute name="Confidence Level">3</attribute>
      <attribute name="Notes">NA</attribute>
    </box>
    <box frame="214" outside="0" occluded="0" keyframe="0" xtl="0.00" ytl="593.03" xbr="395.34" ybr="762.60" z_order="0">
      <attribute name="Confidence Level">3</attribute>
      <attribute name="Notes">NA</attribute>
    </box>
    <box frame="215" outside="0" occluded="0" keyframe="1" xtl="0.00" ytl="593.64" xbr="379.97" ybr="763.21" z_order="0">
      <attribute name="Confidence Level">3</attribute>
      <attribute name="Notes">NA</attribute>
    </box>
    <box frame="216" outside="0" occluded="0" keyframe="0" xtl="0.00" ytl="593.64" xbr="374.44" ybr="763.21" z_order="0">
      <attribute name="Confidence Level">3</attribute>
      <attribute name="Notes">NA</attribute>
    </box>
    <box frame="217" outside="0" occluded="0" keyframe="0" xtl="0.00" ytl="593.64" xbr="368.90" ybr="763.21" z_order="0">
      <attribute name="Confidence Level">3</attribute>
      <attribute name="Notes">NA</attribute>
    </box>
    <box frame="218" outside="0" occluded="0" keyframe="1" xtl="0.00" ytl="593.64" xbr="363.37" ybr="763.21" z_order="0">
      <attribute name="Confidence Level">3</attribute>
      <attribute name="Notes">NA</attribute>
    </box>
    <box frame="219" outside="0" occluded="0" keyframe="0" xtl="0.00" ytl="595.03" xbr="350.46" ybr="764.60" z_order="0">
      <attribute name="Confidence Level">3</attribute>
      <attribute name="Notes">NA</attribute>
    </box>
    <box frame="220" outside="0" occluded="0" keyframe="0" xtl="0.00" ytl="596.41" xbr="337.55" ybr="765.98" z_order="0">
      <attribute name="Confidence Level">3</attribute>
      <attribute name="Notes">NA</attribute>
    </box>
    <box frame="221" outside="0" occluded="0" keyframe="0" xtl="0.00" ytl="597.79" xbr="324.64" ybr="767.36" z_order="0">
      <attribute name="Confidence Level">3</attribute>
      <attribute name="Notes">NA</attribute>
    </box>
    <box frame="222" outside="0" occluded="0" keyframe="1" xtl="0.00" ytl="599.18" xbr="311.73" ybr="768.75" z_order="0">
      <attribute name="Confidence Level">3</attribute>
      <attribute name="Notes">NA</attribute>
    </box>
    <box frame="223" outside="0" occluded="0" keyframe="0" xtl="0.00" ytl="599.18" xbr="303.12" ybr="768.75" z_order="0">
      <attribute name="Confidence Level">3</attribute>
      <attribute name="Notes">NA</attribute>
    </box>
    <box frame="224" outside="0" occluded="0" keyframe="0" xtl="0.00" ytl="599.18" xbr="294.51" ybr="768.75" z_order="0">
      <attribute name="Confidence Level">3</attribute>
      <attribute name="Notes">NA</attribute>
    </box>
    <box frame="225" outside="0" occluded="0" keyframe="0" xtl="0.00" ytl="599.18" xbr="285.91" ybr="768.75" z_order="0">
      <attribute name="Confidence Level">3</attribute>
      <attribute name="Notes">NA</attribute>
    </box>
    <box frame="226" outside="0" occluded="0" keyframe="0" xtl="0.00" ytl="599.18" xbr="277.30" ybr="768.75" z_order="0">
      <attribute name="Confidence Level">3</attribute>
      <attribute name="Notes">NA</attribute>
    </box>
    <box frame="227" outside="0" occluded="0" keyframe="0" xtl="0.00" ytl="599.18" xbr="268.69" ybr="768.75" z_order="0">
      <attribute name="Confidence Level">3</attribute>
      <attribute name="Notes">NA</attribute>
    </box>
    <box frame="228" outside="0" occluded="0" keyframe="1" xtl="0.00" ytl="599.18" xbr="260.09" ybr="768.75" z_order="0">
      <attribute name="Confidence Level">3</attribute>
      <attribute name="Notes">NA</attribute>
    </box>
    <box frame="229" outside="0" occluded="0" keyframe="0" xtl="0.00" ytl="596.23" xbr="249.02" ybr="765.80" z_order="0">
      <attribute name="Confidence Level">3</attribute>
      <attribute name="Notes">NA</attribute>
    </box>
    <box frame="230" outside="0" occluded="0" keyframe="0" xtl="0.00" ytl="593.28" xbr="237.95" ybr="762.84" z_order="0">
      <attribute name="Confidence Level">3</attribute>
      <attribute name="Notes">NA</attribute>
    </box>
    <box frame="231" outside="0" occluded="0" keyframe="0" xtl="0.00" ytl="590.33" xbr="226.89" ybr="759.89" z_order="0">
      <attribute name="Confidence Level">3</attribute>
      <attribute name="Notes">NA</attribute>
    </box>
    <box frame="232" outside="0" occluded="0" keyframe="0" xtl="0.00" ytl="587.37" xbr="215.82" ybr="756.94" z_order="0">
      <attribute name="Confidence Level">3</attribute>
      <attribute name="Notes">NA</attribute>
    </box>
    <box frame="233" outside="0" occluded="0" keyframe="1" xtl="0.00" ytl="584.42" xbr="204.76" ybr="753.99" z_order="0">
      <attribute name="Confidence Level">3</attribute>
      <attribute name="Notes">NA</attribute>
    </box>
    <box frame="234" outside="0" occluded="0" keyframe="0" xtl="0.00" ytl="584.42" xbr="192.31" ybr="753.99" z_order="0">
      <attribute name="Confidence Level">3</attribute>
      <attribute name="Notes">NA</attribute>
    </box>
    <box frame="235" outside="0" occluded="0" keyframe="0" xtl="0.00" ytl="584.42" xbr="179.86" ybr="753.99" z_order="0">
      <attribute name="Confidence Level">3</attribute>
      <attribute name="Notes">NA</attribute>
    </box>
    <box frame="236" outside="0" occluded="0" keyframe="0" xtl="0.00" ytl="584.42" xbr="167.41" ybr="753.99" z_order="0">
      <attribute name="Confidence Level">3</attribute>
      <attribute name="Notes">NA</attribute>
    </box>
    <box frame="237" outside="0" occluded="0" keyframe="1" xtl="0.00" ytl="584.42" xbr="154.96" ybr="753.99" z_order="0">
      <attribute name="Confidence Level">3</attribute>
      <attribute name="Notes">NA</attribute>
    </box>
    <box frame="238" outside="0" occluded="1" keyframe="1" xtl="0.00" ytl="584.42" xbr="154.96" ybr="753.99" z_order="0">
      <attribute name="Confidence Level">3</attribute>
      <attribute name="Notes">NA</attribute>
    </box>
    <box frame="239" outside="0" occluded="1" keyframe="1" xtl="0.00" ytl="584.42" xbr="119.91" ybr="753.99" z_order="0">
      <attribute name="Confidence Level">3</attribute>
      <attribute name="Notes">NA</attribute>
    </box>
    <box frame="240" outside="0" occluded="1" keyframe="1" xtl="0.00" ytl="602.90" xbr="99.60" ybr="753.99" z_order="0">
      <attribute name="Confidence Level">3</attribute>
      <attribute name="Notes">NA</attribute>
    </box>
    <box frame="241" outside="0" occluded="1" keyframe="0" xtl="0.00" ytl="606.22" xbr="91.48" ybr="757.31" z_order="0">
      <attribute name="Confidence Level">3</attribute>
      <attribute name="Notes">NA</attribute>
    </box>
    <box frame="242" outside="0" occluded="1" keyframe="0" xtl="0.00" ytl="609.54" xbr="83.37" ybr="760.63" z_order="0">
      <attribute name="Confidence Level">3</attribute>
      <attribute name="Notes">NA</attribute>
    </box>
    <box frame="243" outside="0" occluded="1" keyframe="0" xtl="0.00" ytl="612.86" xbr="75.25" ybr="763.95" z_order="0">
      <attribute name="Confidence Level">3</attribute>
      <attribute name="Notes">NA</attribute>
    </box>
    <box frame="244" outside="0" occluded="1" keyframe="0" xtl="0.00" ytl="616.18" xbr="67.14" ybr="767.27" z_order="0">
      <attribute name="Confidence Level">3</attribute>
      <attribute name="Notes">NA</attribute>
    </box>
    <box frame="245" outside="0" occluded="1" keyframe="1" xtl="0.00" ytl="619.50" xbr="59.02" ybr="770.59" z_order="0">
      <attribute name="Confidence Level">3</attribute>
      <attribute name="Notes">NA</attribute>
    </box>
    <box frame="246" outside="0" occluded="1" keyframe="0" xtl="0.00" ytl="619.50" xbr="59.02" ybr="770.59" z_order="0">
      <attribute name="Confidence Level">3</attribute>
      <attribute name="Notes">NA</attribute>
    </box>
    <box frame="247" outside="1" occluded="1" keyframe="1" xtl="0.00" ytl="619.50" xbr="59.02" ybr="770.59" z_order="0">
      <attribute name="Confidence Level">3</attribute>
      <attribute name="Notes">NA</attribute>
    </box>
    <box frame="248" outside="1" occluded="1" keyframe="1" xtl="0.00" ytl="619.50" xbr="59.02" ybr="770.59" z_order="0">
      <attribute name="Confidence Level">3</attribute>
      <attribute name="Notes">NA</attribute>
    </box>
  </track>
</annotations>