<?xml version="1.0" encoding="utf-8"?>
<annotations>
  <version>1.1</version>
  <meta>
    <task>
      <id>409</id>
      <name>09-01-2020 07-54-51 M Salmon Camera</name>
      <size>649</size>
      <mode>interpolation</mode>
      <overlap>5</overlap>
      <bugtracker></bugtracker>
      <created>2021-08-05 01:49:14.313608+00:00</created>
      <updated>2021-08-05 02:57:58.577309+00:00</updated>
      <start_frame>0</start_frame>
      <stop_frame>648</stop_frame>
      <frame_filter></frame_filter>
      <labels>
        <label>
          <name>Chinook</name>
          <color>#38794c</color>
          <attributes>
            <attribute>
              <name>Adipose Clipped</name>
              <mutable>False</mutable>
              <input_type>select</input_type>
              <default_value>No</default_value>
              <values>No
Yes
NA</values>
            </attribute>
            <attribute>
              <name>Confidence Level</name>
              <mutable>False</mutable>
              <input_type>select</input_type>
              <default_value>3</default_value>
              <values>3
2
1</values>
            </attribute>
            <attribute>
              <name>Injury</name>
              <mutable>False</mutable>
              <input_type>select</input_type>
              <default_value>No</default_value>
              <values>No
Yes
NA</values>
            </attribute>
            <attribute>
              <name>Notes</name>
              <mutable>False</mutable>
              <input_type>text</input_type>
              <default_value></default_value>
              <values></values>
            </attribute>
            <attribute>
              <name>Sex</name>
              <mutable>False</mutable>
              <input_type>select</input_type>
              <default_value>Male</default_value>
              <values>Male
Female
Jack</values>
            </attribute>
            <attribute>
              <name>View</name>
              <mutable>False</mutable>
              <input_type>select</input_type>
              <default_value>Top-down</default_value>
              <values>Top-down
Side</values>
            </attribute>
          </attributes>
        </label>
        <label>
          <name>Steelhead</name>
          <color>#888888</color>
          <attributes>
            <attribute>
              <name>Adipose Clipped</name>
              <mutable>False</mutable>
              <input_type>select</input_type>
              <default_value>No</default_value>
              <values>No
Yes
NA</values>
            </attribute>
            <attribute>
              <name>Confidence Level</name>
              <mutable>False</mutable>
              <input_type>select</input_type>
              <default_value>3</default_value>
              <values>3
2
1</values>
            </attribute>
            <attribute>
              <name>Injury</name>
              <mutable>False</mutable>
              <input_type>select</input_type>
              <default_value>No</default_value>
              <values>No
Yes
NA</values>
            </attribute>
            <attribute>
              <name>Notes</name>
              <mutable>False</mutable>
              <input_type>text</input_type>
              <default_value></default_value>
              <values></values>
            </attribute>
            <attribute>
              <name>Sex</name>
              <mutable>False</mutable>
              <input_type>select</input_type>
              <default_value>Male</default_value>
              <values>Male
Female</values>
            </attribute>
            <attribute>
              <name>View</name>
              <mutable>False</mutable>
              <input_type>select</input_type>
              <default_value>Top-down</default_value>
              <values>Top-down
Side</values>
            </attribute>
          </attributes>
        </label>
        <label>
          <name>Sockeye</name>
          <color>#f00026</color>
          <attributes>
            <attribute>
              <name>Adipose Clipped</name>
              <mutable>False</mutable>
              <input_type>select</input_type>
              <default_value>No</default_value>
              <values>No
Yes
NA</values>
            </attribute>
            <attribute>
              <name>Confidence Level</name>
              <mutable>False</mutable>
              <input_type>select</input_type>
              <default_value>3</default_value>
              <values>3
2
1</values>
            </attribute>
            <attribute>
              <name>Injury</name>
              <mutable>False</mutable>
              <input_type>select</input_type>
              <default_value>No</default_value>
              <values>No
Yes
NA</values>
            </attribute>
            <attribute>
              <name>Notes</name>
              <mutable>False</mutable>
              <input_type>text</input_type>
              <default_value></default_value>
              <values></values>
            </attribute>
            <attribute>
              <name>Sex</name>
              <mutable>False</mutable>
              <input_type>select</input_type>
              <default_value>Male</default_value>
              <values>Male
Female</values>
            </attribute>
            <attribute>
              <name>View</name>
              <mutable>False</mutable>
              <input_type>select</input_type>
              <default_value>Top-down</default_value>
              <values>Top-down
Side</values>
            </attribute>
          </attributes>
        </label>
        <label>
          <name>Pink</name>
          <color>#fa7dbb</color>
          <attributes>
            <attribute>
              <name>Adipose Clipped</name>
              <mutable>False</mutable>
              <input_type>select</input_type>
              <default_value>No</default_value>
              <values>No
Yes
NA</values>
            </attribute>
            <attribute>
              <name>Confidence Level</name>
              <mutable>False</mutable>
              <input_type>select</input_type>
              <default_value>3</default_value>
              <values>3
2
1</values>
            </attribute>
            <attribute>
              <name>Injury</name>
              <mutable>False</mutable>
              <input_type>select</input_type>
              <default_value>No</default_value>
              <values>No
Yes
NA</values>
            </attribute>
            <attribute>
              <name>Notes</name>
              <mutable>False</mutable>
              <input_type>text</input_type>
              <default_value></default_value>
              <values></values>
            </attribute>
            <attribute>
              <name>Sex</name>
              <mutable>False</mutable>
              <input_type>select</input_type>
              <default_value>Male</default_value>
              <values>Male
Female</values>
            </attribute>
            <attribute>
              <name>View</name>
              <mutable>False</mutable>
              <input_type>select</input_type>
              <default_value>Top-down</default_value>
              <values>Top-down
Side</values>
            </attribute>
          </attributes>
        </label>
        <label>
          <name>Whitefish</name>
          <color>#d8d8db</color>
          <attributes>
            <attribute>
              <name>Adipose Clipped</name>
              <mutable>False</mutable>
              <input_type>select</input_type>
              <default_value>No</default_value>
              <values>No
Yes
NA</values>
            </attribute>
            <attribute>
              <name>Confidence Level</name>
              <mutable>False</mutable>
              <input_type>select</input_type>
              <default_value>3</default_value>
              <values>3
2
1</values>
            </attribute>
            <attribute>
              <name>Injury</name>
              <mutable>False</mutable>
              <input_type>select</input_type>
              <default_value>No</default_value>
              <values>No
Yes
NA</values>
            </attribute>
            <attribute>
              <name>Notes</name>
              <mutable>False</mutable>
              <input_type>text</input_type>
              <default_value></default_value>
              <values></values>
            </attribute>
            <attribute>
              <name>Sex</name>
              <mutable>False</mutable>
              <input_type>select</input_type>
              <default_value>NA</default_value>
              <values>NA</values>
            </attribute>
            <attribute>
              <name>View</name>
              <mutable>False</mutable>
              <input_type>select</input_type>
              <default_value>Top-down</default_value>
              <values>Top-down
Side</values>
            </attribute>
          </attributes>
        </label>
        <label>
          <name>Chum</name>
          <color>#ffcc33</color>
          <attributes>
            <attribute>
              <name>Adipose Clipped</name>
              <mutable>False</mutable>
              <input_type>select</input_type>
              <default_value>No</default_value>
              <values>No
Yes
NA</values>
            </attribute>
            <attribute>
              <name>Confidence Level</name>
              <mutable>False</mutable>
              <input_type>select</input_type>
              <default_value>3</default_value>
              <values>3
2
1</values>
            </attribute>
            <attribute>
              <name>Injury</name>
              <mutable>False</mutable>
              <input_type>select</input_type>
              <default_value>No</default_value>
              <values>No
Yes
NA</values>
            </attribute>
            <attribute>
              <name>Notes</name>
              <mutable>False</mutable>
              <input_type>text</input_type>
              <default_value></default_value>
              <values></values>
            </attribute>
            <attribute>
              <name>Sex</name>
              <mutable>False</mutable>
              <input_type>select</input_type>
              <default_value>Male</default_value>
              <values>Male
Female</values>
            </attribute>
            <attribute>
              <name>View</name>
              <mutable>False</mutable>
              <input_type>select</input_type>
              <default_value>Top-down</default_value>
              <values>Top-down
Side</values>
            </attribute>
          </attributes>
        </label>
        <label>
          <name>Bull</name>
          <color>#3d3df5</color>
          <attributes>
            <attribute>
              <name>Adipose Clipped</name>
              <mutable>False</mutable>
              <input_type>select</input_type>
              <default_value>No</default_value>
              <values>No
NA</values>
            </attribute>
            <attribute>
              <name>Confidence Level</name>
              <mutable>False</mutable>
              <input_type>select</input_type>
              <default_value>3</default_value>
              <values>3
2
1</values>
            </attribute>
            <attribute>
              <name>Injury</name>
              <mutable>False</mutable>
              <input_type>select</input_type>
              <default_value>No</default_value>
              <values>No
Yes
NA</values>
            </attribute>
            <attribute>
              <name>Notes</name>
              <mutable>False</mutable>
              <input_type>text</input_type>
              <default_value>NA</default_value>
              <values>NA</values>
            </attribute>
            <attribute>
              <name>Sex</name>
              <mutable>False</mutable>
              <input_type>select</input_type>
              <default_value>NA</default_value>
              <values>NA</values>
            </attribute>
            <attribute>
              <name>View</name>
              <mutable>False</mutable>
              <input_type>select</input_type>
              <default_value>Top-down</default_value>
              <values>Top-down
Side</values>
            </attribute>
          </attributes>
        </label>
        <label>
          <name>Coho</name>
          <color>#32b7fa</color>
          <attributes>
            <attribute>
              <name>View</name>
              <mutable>False</mutable>
              <input_type>select</input_type>
              <default_value>Top-down</default_value>
              <values>Top-down
Side</values>
            </attribute>
            <attribute>
              <name>Adipose Clipped</name>
              <mutable>False</mutable>
              <input_type>select</input_type>
              <default_value>No</default_value>
              <values>No
Yes
NA</values>
            </attribute>
            <attribute>
              <name>Confidence Level</name>
              <mutable>False</mutable>
              <input_type>select</input_type>
              <default_value>3</default_value>
              <values>3
2
1</values>
            </attribute>
            <attribute>
              <name>Injury</name>
              <mutable>False</mutable>
              <input_type>select</input_type>
              <default_value>No</default_value>
              <values>No
Yes
NA</values>
            </attribute>
            <attribute>
              <name>Notes</name>
              <mutable>False</mutable>
              <input_type>text</input_type>
              <default_value></default_value>
              <values></values>
            </attribute>
            <attribute>
              <name>Sex</name>
              <mutable>False</mutable>
              <input_type>select</input_type>
              <default_value>Male</default_value>
              <values>Male
Female
Jack</values>
            </attribute>
          </attributes>
        </label>
        <label>
          <name>Rainbow</name>
          <color>#ff914d</color>
          <attributes>
            <attribute>
              <name>Adipose Clipped</name>
              <mutable>False</mutable>
              <input_type>select</input_type>
              <default_value>No</default_value>
              <values>No
Yes
NA</values>
            </attribute>
            <attribute>
              <name>Confidence Level</name>
              <mutable>False</mutable>
              <input_type>select</input_type>
              <default_value>3</default_value>
              <values>3
2
1</values>
            </attribute>
            <attribute>
              <name>Injury</name>
              <mutable>False</mutable>
              <input_type>select</input_type>
              <default_value>No</default_value>
              <values>No
Yes
NA</values>
            </attribute>
            <attribute>
              <name>Notes</name>
              <mutable>False</mutable>
              <input_type>text</input_type>
              <default_value></default_value>
              <values></values>
            </attribute>
            <attribute>
              <name>Sex</name>
              <mutable>False</mutable>
              <input_type>select</input_type>
              <default_value>NA</default_value>
              <values>NA
Juvenile</values>
            </attribute>
            <attribute>
              <name>View</name>
              <mutable>False</mutable>
              <input_type>select</input_type>
              <default_value>Top-down</default_value>
              <values>Top-down
Side</values>
            </attribute>
          </attributes>
        </label>
        <label>
          <name>Pikeminnow</name>
          <color>#a16b00</color>
          <attributes>
            <attribute>
              <name>Confidence Level</name>
              <mutable>False</mutable>
              <input_type>select</input_type>
              <default_value>3</default_value>
              <values>3
2
1</values>
            </attribute>
            <attribute>
              <name>Notes</name>
              <mutable>False</mutable>
              <input_type>text</input_type>
              <default_value>NA</default_value>
              <values>NA</values>
            </attribute>
          </attributes>
        </label>
      </labels>
      <segments>
        <segment>
          <id>409</id>
          <start>0</start>
          <stop>648</stop>
          <url>httplocalhost:8080/?id=409</url>
        </segment>
      </segments>
      <owner>
        <username>jtravers</username>
        <email>jtravers@uoregon.edu</email>
      </owner>
      <assignee></assignee>
      <original_size>
        <width>1920</width>
        <height>1080</height>
      </original_size>
    </task>
    <dumped>2021-08-05 02:58:10.832118+00:00</dumped>
    <source>09-01-2020 07-54-51 M Salmon Camera.m4v</source>
  </meta>
  <track id="0" label="Chinook" source="manual">
    <box frame="85" outside="0" occluded="1" keyframe="1" xtl="0.00" ytl="238.40" xbr="134.73" ybr="503.80" z_order="0">
      <attribute name="Adipose Clipped">No</attribute>
      <attribute name="Confidence Level">3</attribute>
      <attribute name="Injury">No</attribute>
      <attribute name="Notes"></attribute>
      <attribute name="Sex">Male</attribute>
      <attribute name="View">Side</attribute>
    </box>
    <box frame="86" outside="0" occluded="1" keyframe="0" xtl="0.00" ytl="231.36" xbr="171.22" ybr="517.08" z_order="0">
      <attribute name="Adipose Clipped">No</attribute>
      <attribute name="Confidence Level">3</attribute>
      <attribute name="Injury">No</attribute>
      <attribute name="Notes"></attribute>
      <attribute name="Sex">Male</attribute>
      <attribute name="View">Side</attribute>
    </box>
    <box frame="87" outside="0" occluded="1" keyframe="0" xtl="0.00" ytl="224.32" xbr="207.72" ybr="530.36" z_order="0">
      <attribute name="Adipose Clipped">No</attribute>
      <attribute name="Confidence Level">3</attribute>
      <attribute name="Injury">No</attribute>
      <attribute name="Notes"></attribute>
      <attribute name="Sex">Male</attribute>
      <attribute name="View">Side</attribute>
    </box>
    <box frame="88" outside="0" occluded="1" keyframe="0" xtl="0.00" ytl="217.28" xbr="244.21" ybr="543.64" z_order="0">
      <attribute name="Adipose Clipped">No</attribute>
      <attribute name="Confidence Level">3</attribute>
      <attribute name="Injury">No</attribute>
      <attribute name="Notes"></attribute>
      <attribute name="Sex">Male</attribute>
      <attribute name="View">Side</attribute>
    </box>
    <box frame="89" outside="0" occluded="1" keyframe="0" xtl="0.00" ytl="210.24" xbr="280.71" ybr="556.92" z_order="0">
      <attribute name="Adipose Clipped">No</attribute>
      <attribute name="Confidence Level">3</attribute>
      <attribute name="Injury">No</attribute>
      <attribute name="Notes"></attribute>
      <attribute name="Sex">Male</attribute>
      <attribute name="View">Side</attribute>
    </box>
    <box frame="90" outside="0" occluded="0" keyframe="1" xtl="0.00" ytl="203.20" xbr="317.20" ybr="570.20" z_order="0">
      <attribute name="Adipose Clipped">No</attribute>
      <attribute name="Confidence Level">3</attribute>
      <attribute name="Injury">No</attribute>
      <attribute name="Notes"></attribute>
      <attribute name="Sex">Male</attribute>
      <attribute name="View">Side</attribute>
    </box>
    <box frame="91" outside="0" occluded="0" keyframe="0" xtl="0.00" ytl="196.77" xbr="351.62" ybr="577.25" z_order="0">
      <attribute name="Adipose Clipped">No</attribute>
      <attribute name="Confidence Level">3</attribute>
      <attribute name="Injury">No</attribute>
      <attribute name="Notes"></attribute>
      <attribute name="Sex">Male</attribute>
      <attribute name="View">Side</attribute>
    </box>
    <box frame="92" outside="0" occluded="0" keyframe="0" xtl="0.00" ytl="190.34" xbr="386.04" ybr="584.30" z_order="0">
      <attribute name="Adipose Clipped">No</attribute>
      <attribute name="Confidence Level">3</attribute>
      <attribute name="Injury">No</attribute>
      <attribute name="Notes"></attribute>
      <attribute name="Sex">Male</attribute>
      <attribute name="View">Side</attribute>
    </box>
    <box frame="93" outside="0" occluded="0" keyframe="0" xtl="0.00" ytl="183.91" xbr="420.46" ybr="591.35" z_order="0">
      <attribute name="Adipose Clipped">No</attribute>
      <attribute name="Confidence Level">3</attribute>
      <attribute name="Injury">No</attribute>
      <attribute name="Notes"></attribute>
      <attribute name="Sex">Male</attribute>
      <attribute name="View">Side</attribute>
    </box>
    <box frame="94" outside="0" occluded="0" keyframe="0" xtl="0.00" ytl="177.48" xbr="454.88" ybr="598.40" z_order="0">
      <attribute name="Adipose Clipped">No</attribute>
      <attribute name="Confidence Level">3</attribute>
      <attribute name="Injury">No</attribute>
      <attribute name="Notes"></attribute>
      <attribute name="Sex">Male</attribute>
      <attribute name="View">Side</attribute>
    </box>
    <box frame="95" outside="0" occluded="0" keyframe="0" xtl="0.00" ytl="171.05" xbr="489.30" ybr="605.45" z_order="0">
      <attribute name="Adipose Clipped">No</attribute>
      <attribute name="Confidence Level">3</attribute>
      <attribute name="Injury">No</attribute>
      <attribute name="Notes"></attribute>
      <attribute name="Sex">Male</attribute>
      <attribute name="View">Side</attribute>
    </box>
    <box frame="96" outside="0" occluded="0" keyframe="0" xtl="0.00" ytl="164.62" xbr="523.72" ybr="612.50" z_order="0">
      <attribute name="Adipose Clipped">No</attribute>
      <attribute name="Confidence Level">3</attribute>
      <attribute name="Injury">No</attribute>
      <attribute name="Notes"></attribute>
      <attribute name="Sex">Male</attribute>
      <attribute name="View">Side</attribute>
    </box>
    <box frame="97" outside="0" occluded="0" keyframe="0" xtl="0.00" ytl="158.19" xbr="558.14" ybr="619.55" z_order="0">
      <attribute name="Adipose Clipped">No</attribute>
      <attribute name="Confidence Level">3</attribute>
      <attribute name="Injury">No</attribute>
      <attribute name="Notes"></attribute>
      <attribute name="Sex">Male</attribute>
      <attribute name="View">Side</attribute>
    </box>
    <box frame="98" outside="0" occluded="0" keyframe="0" xtl="0.00" ytl="151.76" xbr="592.56" ybr="626.60" z_order="0">
      <attribute name="Adipose Clipped">No</attribute>
      <attribute name="Confidence Level">3</attribute>
      <attribute name="Injury">No</attribute>
      <attribute name="Notes"></attribute>
      <attribute name="Sex">Male</attribute>
      <attribute name="View">Side</attribute>
    </box>
    <box frame="99" outside="0" occluded="0" keyframe="0" xtl="0.00" ytl="145.33" xbr="626.98" ybr="633.65" z_order="0">
      <attribute name="Adipose Clipped">No</attribute>
      <attribute name="Confidence Level">3</attribute>
      <attribute name="Injury">No</attribute>
      <attribute name="Notes"></attribute>
      <attribute name="Sex">Male</attribute>
      <attribute name="View">Side</attribute>
    </box>
    <box frame="100" outside="0" occluded="0" keyframe="1" xtl="0.00" ytl="138.90" xbr="661.40" ybr="640.70" z_order="0">
      <attribute name="Adipose Clipped">No</attribute>
      <attribute name="Confidence Level">3</attribute>
      <attribute name="Injury">No</attribute>
      <attribute name="Notes"></attribute>
      <attribute name="Sex">Male</attribute>
      <attribute name="View">Side</attribute>
    </box>
    <box frame="101" outside="0" occluded="0" keyframe="0" xtl="0.00" ytl="138.90" xbr="699.76" ybr="653.14" z_order="0">
      <attribute name="Adipose Clipped">No</attribute>
      <attribute name="Confidence Level">3</attribute>
      <attribute name="Injury">No</attribute>
      <attribute name="Notes"></attribute>
      <attribute name="Sex">Male</attribute>
      <attribute name="View">Side</attribute>
    </box>
    <box frame="102" outside="0" occluded="0" keyframe="0" xtl="0.00" ytl="138.90" xbr="738.12" ybr="665.58" z_order="0">
      <attribute name="Adipose Clipped">No</attribute>
      <attribute name="Confidence Level">3</attribute>
      <attribute name="Injury">No</attribute>
      <attribute name="Notes"></attribute>
      <attribute name="Sex">Male</attribute>
      <attribute name="View">Side</attribute>
    </box>
    <box frame="103" outside="0" occluded="0" keyframe="0" xtl="0.00" ytl="138.90" xbr="776.48" ybr="678.02" z_order="0">
      <attribute name="Adipose Clipped">No</attribute>
      <attribute name="Confidence Level">3</attribute>
      <attribute name="Injury">No</attribute>
      <attribute name="Notes"></attribute>
      <attribute name="Sex">Male</attribute>
      <attribute name="View">Side</attribute>
    </box>
    <box frame="104" outside="0" occluded="0" keyframe="0" xtl="0.00" ytl="138.90" xbr="814.84" ybr="690.46" z_order="0">
      <attribute name="Adipose Clipped">No</attribute>
      <attribute name="Confidence Level">3</attribute>
      <attribute name="Injury">No</attribute>
      <attribute name="Notes"></attribute>
      <attribute name="Sex">Male</attribute>
      <attribute name="View">Side</attribute>
    </box>
    <box frame="105" outside="0" occluded="0" keyframe="0" xtl="0.00" ytl="138.90" xbr="853.20" ybr="702.90" z_order="0">
      <attribute name="Adipose Clipped">No</attribute>
      <attribute name="Confidence Level">3</attribute>
      <attribute name="Injury">No</attribute>
      <attribute name="Notes"></attribute>
      <attribute name="Sex">Male</attribute>
      <attribute name="View">Side</attribute>
    </box>
    <box frame="106" outside="0" occluded="0" keyframe="0" xtl="0.00" ytl="138.90" xbr="891.56" ybr="715.34" z_order="0">
      <attribute name="Adipose Clipped">No</attribute>
      <attribute name="Confidence Level">3</attribute>
      <attribute name="Injury">No</attribute>
      <attribute name="Notes"></attribute>
      <attribute name="Sex">Male</attribute>
      <attribute name="View">Side</attribute>
    </box>
    <box frame="107" outside="0" occluded="0" keyframe="0" xtl="0.00" ytl="138.90" xbr="929.92" ybr="727.78" z_order="0">
      <attribute name="Adipose Clipped">No</attribute>
      <attribute name="Confidence Level">3</attribute>
      <attribute name="Injury">No</attribute>
      <attribute name="Notes"></attribute>
      <attribute name="Sex">Male</attribute>
      <attribute name="View">Side</attribute>
    </box>
    <box frame="108" outside="0" occluded="0" keyframe="0" xtl="0.00" ytl="138.90" xbr="968.28" ybr="740.22" z_order="0">
      <attribute name="Adipose Clipped">No</attribute>
      <attribute name="Confidence Level">3</attribute>
      <attribute name="Injury">No</attribute>
      <attribute name="Notes"></attribute>
      <attribute name="Sex">Male</attribute>
      <attribute name="View">Side</attribute>
    </box>
    <box frame="109" outside="0" occluded="0" keyframe="0" xtl="0.00" ytl="138.90" xbr="1006.64" ybr="752.66" z_order="0">
      <attribute name="Adipose Clipped">No</attribute>
      <attribute name="Confidence Level">3</attribute>
      <attribute name="Injury">No</attribute>
      <attribute name="Notes"></attribute>
      <attribute name="Sex">Male</attribute>
      <attribute name="View">Side</attribute>
    </box>
    <box frame="110" outside="0" occluded="0" keyframe="1" xtl="0.00" ytl="138.90" xbr="1045.00" ybr="765.10" z_order="0">
      <attribute name="Adipose Clipped">No</attribute>
      <attribute name="Confidence Level">3</attribute>
      <attribute name="Injury">No</attribute>
      <attribute name="Notes"></attribute>
      <attribute name="Sex">Male</attribute>
      <attribute name="View">Side</attribute>
    </box>
    <box frame="111" outside="0" occluded="0" keyframe="0" xtl="0.00" ytl="148.23" xbr="1075.48" ybr="774.43" z_order="0">
      <attribute name="Adipose Clipped">No</attribute>
      <attribute name="Confidence Level">3</attribute>
      <attribute name="Injury">No</attribute>
      <attribute name="Notes"></attribute>
      <attribute name="Sex">Male</attribute>
      <attribute name="View">Side</attribute>
    </box>
    <box frame="112" outside="0" occluded="0" keyframe="0" xtl="0.00" ytl="157.56" xbr="1105.96" ybr="783.76" z_order="0">
      <attribute name="Adipose Clipped">No</attribute>
      <attribute name="Confidence Level">3</attribute>
      <attribute name="Injury">No</attribute>
      <attribute name="Notes"></attribute>
      <attribute name="Sex">Male</attribute>
      <attribute name="View">Side</attribute>
    </box>
    <box frame="113" outside="0" occluded="0" keyframe="0" xtl="0.00" ytl="166.89" xbr="1136.44" ybr="793.09" z_order="0">
      <attribute name="Adipose Clipped">No</attribute>
      <attribute name="Confidence Level">3</attribute>
      <attribute name="Injury">No</attribute>
      <attribute name="Notes"></attribute>
      <attribute name="Sex">Male</attribute>
      <attribute name="View">Side</attribute>
    </box>
    <box frame="114" outside="0" occluded="0" keyframe="0" xtl="0.00" ytl="176.22" xbr="1166.92" ybr="802.42" z_order="0">
      <attribute name="Adipose Clipped">No</attribute>
      <attribute name="Confidence Level">3</attribute>
      <attribute name="Injury">No</attribute>
      <attribute name="Notes"></attribute>
      <attribute name="Sex">Male</attribute>
      <attribute name="View">Side</attribute>
    </box>
    <box frame="115" outside="0" occluded="0" keyframe="0" xtl="0.00" ytl="185.55" xbr="1197.40" ybr="811.75" z_order="0">
      <attribute name="Adipose Clipped">No</attribute>
      <attribute name="Confidence Level">3</attribute>
      <attribute name="Injury">No</attribute>
      <attribute name="Notes"></attribute>
      <attribute name="Sex">Male</attribute>
      <attribute name="View">Side</attribute>
    </box>
    <box frame="116" outside="0" occluded="0" keyframe="0" xtl="0.00" ytl="194.88" xbr="1227.88" ybr="821.08" z_order="0">
      <attribute name="Adipose Clipped">No</attribute>
      <attribute name="Confidence Level">3</attribute>
      <attribute name="Injury">No</attribute>
      <attribute name="Notes"></attribute>
      <attribute name="Sex">Male</attribute>
      <attribute name="View">Side</attribute>
    </box>
    <box frame="117" outside="0" occluded="0" keyframe="0" xtl="0.00" ytl="204.21" xbr="1258.36" ybr="830.41" z_order="0">
      <attribute name="Adipose Clipped">No</attribute>
      <attribute name="Confidence Level">3</attribute>
      <attribute name="Injury">No</attribute>
      <attribute name="Notes"></attribute>
      <attribute name="Sex">Male</attribute>
      <attribute name="View">Side</attribute>
    </box>
    <box frame="118" outside="0" occluded="0" keyframe="0" xtl="0.00" ytl="213.54" xbr="1288.84" ybr="839.74" z_order="0">
      <attribute name="Adipose Clipped">No</attribute>
      <attribute name="Confidence Level">3</attribute>
      <attribute name="Injury">No</attribute>
      <attribute name="Notes"></attribute>
      <attribute name="Sex">Male</attribute>
      <attribute name="View">Side</attribute>
    </box>
    <box frame="119" outside="0" occluded="0" keyframe="0" xtl="0.00" ytl="222.87" xbr="1319.32" ybr="849.07" z_order="0">
      <attribute name="Adipose Clipped">No</attribute>
      <attribute name="Confidence Level">3</attribute>
      <attribute name="Injury">No</attribute>
      <attribute name="Notes"></attribute>
      <attribute name="Sex">Male</attribute>
      <attribute name="View">Side</attribute>
    </box>
    <box frame="120" outside="0" occluded="0" keyframe="1" xtl="0.00" ytl="232.21" xbr="1349.80" ybr="858.40" z_order="0">
      <attribute name="Adipose Clipped">No</attribute>
      <attribute name="Confidence Level">3</attribute>
      <attribute name="Injury">No</attribute>
      <attribute name="Notes"></attribute>
      <attribute name="Sex">Male</attribute>
      <attribute name="View">Side</attribute>
    </box>
    <box frame="121" outside="0" occluded="0" keyframe="0" xtl="0.00" ytl="235.52" xbr="1373.85" ybr="861.72" z_order="0">
      <attribute name="Adipose Clipped">No</attribute>
      <attribute name="Confidence Level">3</attribute>
      <attribute name="Injury">No</attribute>
      <attribute name="Notes"></attribute>
      <attribute name="Sex">Male</attribute>
      <attribute name="View">Side</attribute>
    </box>
    <box frame="122" outside="0" occluded="0" keyframe="0" xtl="0.00" ytl="238.84" xbr="1397.91" ybr="865.04" z_order="0">
      <attribute name="Adipose Clipped">No</attribute>
      <attribute name="Confidence Level">3</attribute>
      <attribute name="Injury">No</attribute>
      <attribute name="Notes"></attribute>
      <attribute name="Sex">Male</attribute>
      <attribute name="View">Side</attribute>
    </box>
    <box frame="123" outside="0" occluded="0" keyframe="0" xtl="0.00" ytl="242.16" xbr="1421.96" ybr="868.36" z_order="0">
      <attribute name="Adipose Clipped">No</attribute>
      <attribute name="Confidence Level">3</attribute>
      <attribute name="Injury">No</attribute>
      <attribute name="Notes"></attribute>
      <attribute name="Sex">Male</attribute>
      <attribute name="View">Side</attribute>
    </box>
    <box frame="124" outside="0" occluded="0" keyframe="0" xtl="0.00" ytl="245.47" xbr="1446.01" ybr="871.67" z_order="0">
      <attribute name="Adipose Clipped">No</attribute>
      <attribute name="Confidence Level">3</attribute>
      <attribute name="Injury">No</attribute>
      <attribute name="Notes"></attribute>
      <attribute name="Sex">Male</attribute>
      <attribute name="View">Side</attribute>
    </box>
    <box frame="125" outside="0" occluded="0" keyframe="0" xtl="0.00" ytl="248.79" xbr="1470.07" ybr="874.99" z_order="0">
      <attribute name="Adipose Clipped">No</attribute>
      <attribute name="Confidence Level">3</attribute>
      <attribute name="Injury">No</attribute>
      <attribute name="Notes"></attribute>
      <attribute name="Sex">Male</attribute>
      <attribute name="View">Side</attribute>
    </box>
    <box frame="126" outside="0" occluded="0" keyframe="0" xtl="0.00" ytl="252.11" xbr="1494.12" ybr="878.31" z_order="0">
      <attribute name="Adipose Clipped">No</attribute>
      <attribute name="Confidence Level">3</attribute>
      <attribute name="Injury">No</attribute>
      <attribute name="Notes"></attribute>
      <attribute name="Sex">Male</attribute>
      <attribute name="View">Side</attribute>
    </box>
    <box frame="127" outside="0" occluded="0" keyframe="0" xtl="0.00" ytl="255.43" xbr="1518.17" ybr="881.63" z_order="0">
      <attribute name="Adipose Clipped">No</attribute>
      <attribute name="Confidence Level">3</attribute>
      <attribute name="Injury">No</attribute>
      <attribute name="Notes"></attribute>
      <attribute name="Sex">Male</attribute>
      <attribute name="View">Side</attribute>
    </box>
    <box frame="128" outside="0" occluded="0" keyframe="0" xtl="0.00" ytl="258.74" xbr="1542.23" ybr="884.94" z_order="0">
      <attribute name="Adipose Clipped">No</attribute>
      <attribute name="Confidence Level">3</attribute>
      <attribute name="Injury">No</attribute>
      <attribute name="Notes"></attribute>
      <attribute name="Sex">Male</attribute>
      <attribute name="View">Side</attribute>
    </box>
    <box frame="129" outside="0" occluded="0" keyframe="0" xtl="0.00" ytl="262.06" xbr="1566.28" ybr="888.26" z_order="0">
      <attribute name="Adipose Clipped">No</attribute>
      <attribute name="Confidence Level">3</attribute>
      <attribute name="Injury">No</attribute>
      <attribute name="Notes"></attribute>
      <attribute name="Sex">Male</attribute>
      <attribute name="View">Side</attribute>
    </box>
    <box frame="130" outside="0" occluded="0" keyframe="1" xtl="0.00" ytl="265.38" xbr="1590.33" ybr="891.58" z_order="0">
      <attribute name="Adipose Clipped">No</attribute>
      <attribute name="Confidence Level">3</attribute>
      <attribute name="Injury">No</attribute>
      <attribute name="Notes"></attribute>
      <attribute name="Sex">Male</attribute>
      <attribute name="View">Side</attribute>
    </box>
    <box frame="131" outside="0" occluded="0" keyframe="0" xtl="0.00" ytl="261.02" xbr="1617.08" ybr="891.58" z_order="0">
      <attribute name="Adipose Clipped">No</attribute>
      <attribute name="Confidence Level">3</attribute>
      <attribute name="Injury">No</attribute>
      <attribute name="Notes"></attribute>
      <attribute name="Sex">Male</attribute>
      <attribute name="View">Side</attribute>
    </box>
    <box frame="132" outside="0" occluded="0" keyframe="0" xtl="0.00" ytl="256.66" xbr="1643.83" ybr="891.58" z_order="0">
      <attribute name="Adipose Clipped">No</attribute>
      <attribute name="Confidence Level">3</attribute>
      <attribute name="Injury">No</attribute>
      <attribute name="Notes"></attribute>
      <attribute name="Sex">Male</attribute>
      <attribute name="View">Side</attribute>
    </box>
    <box frame="133" outside="0" occluded="0" keyframe="0" xtl="0.00" ytl="252.31" xbr="1670.57" ybr="891.58" z_order="0">
      <attribute name="Adipose Clipped">No</attribute>
      <attribute name="Confidence Level">3</attribute>
      <attribute name="Injury">No</attribute>
      <attribute name="Notes"></attribute>
      <attribute name="Sex">Male</attribute>
      <attribute name="View">Side</attribute>
    </box>
    <box frame="134" outside="0" occluded="0" keyframe="0" xtl="0.00" ytl="247.95" xbr="1697.32" ybr="891.58" z_order="0">
      <attribute name="Adipose Clipped">No</attribute>
      <attribute name="Confidence Level">3</attribute>
      <attribute name="Injury">No</attribute>
      <attribute name="Notes"></attribute>
      <attribute name="Sex">Male</attribute>
      <attribute name="View">Side</attribute>
    </box>
    <box frame="135" outside="0" occluded="0" keyframe="0" xtl="0.00" ytl="243.59" xbr="1724.07" ybr="891.58" z_order="0">
      <attribute name="Adipose Clipped">No</attribute>
      <attribute name="Confidence Level">3</attribute>
      <attribute name="Injury">No</attribute>
      <attribute name="Notes"></attribute>
      <attribute name="Sex">Male</attribute>
      <attribute name="View">Side</attribute>
    </box>
    <box frame="136" outside="0" occluded="0" keyframe="0" xtl="0.00" ytl="239.23" xbr="1750.81" ybr="891.58" z_order="0">
      <attribute name="Adipose Clipped">No</attribute>
      <attribute name="Confidence Level">3</attribute>
      <attribute name="Injury">No</attribute>
      <attribute name="Notes"></attribute>
      <attribute name="Sex">Male</attribute>
      <attribute name="View">Side</attribute>
    </box>
    <box frame="137" outside="0" occluded="0" keyframe="0" xtl="0.00" ytl="234.87" xbr="1777.56" ybr="891.58" z_order="0">
      <attribute name="Adipose Clipped">No</attribute>
      <attribute name="Confidence Level">3</attribute>
      <attribute name="Injury">No</attribute>
      <attribute name="Notes"></attribute>
      <attribute name="Sex">Male</attribute>
      <attribute name="View">Side</attribute>
    </box>
    <box frame="138" outside="0" occluded="0" keyframe="0" xtl="0.00" ytl="230.52" xbr="1804.31" ybr="891.58" z_order="0">
      <attribute name="Adipose Clipped">No</attribute>
      <attribute name="Confidence Level">3</attribute>
      <attribute name="Injury">No</attribute>
      <attribute name="Notes"></attribute>
      <attribute name="Sex">Male</attribute>
      <attribute name="View">Side</attribute>
    </box>
    <box frame="139" outside="0" occluded="0" keyframe="0" xtl="0.00" ytl="226.16" xbr="1831.05" ybr="891.58" z_order="0">
      <attribute name="Adipose Clipped">No</attribute>
      <attribute name="Confidence Level">3</attribute>
      <attribute name="Injury">No</attribute>
      <attribute name="Notes"></attribute>
      <attribute name="Sex">Male</attribute>
      <attribute name="View">Side</attribute>
    </box>
    <box frame="140" outside="0" occluded="0" keyframe="1" xtl="0.00" ytl="221.80" xbr="1857.80" ybr="891.58" z_order="0">
      <attribute name="Adipose Clipped">No</attribute>
      <attribute name="Confidence Level">3</attribute>
      <attribute name="Injury">No</attribute>
      <attribute name="Notes"></attribute>
      <attribute name="Sex">Male</attribute>
      <attribute name="View">Side</attribute>
    </box>
    <box frame="141" outside="0" occluded="0" keyframe="0" xtl="18.66" ytl="221.50" xbr="1866.69" ybr="891.28" z_order="0">
      <attribute name="Adipose Clipped">No</attribute>
      <attribute name="Confidence Level">3</attribute>
      <attribute name="Injury">No</attribute>
      <attribute name="Notes"></attribute>
      <attribute name="Sex">Male</attribute>
      <attribute name="View">Side</attribute>
    </box>
    <box frame="142" outside="0" occluded="0" keyframe="0" xtl="37.32" ytl="221.21" xbr="1875.57" ybr="890.99" z_order="0">
      <attribute name="Adipose Clipped">No</attribute>
      <attribute name="Confidence Level">3</attribute>
      <attribute name="Injury">No</attribute>
      <attribute name="Notes"></attribute>
      <attribute name="Sex">Male</attribute>
      <attribute name="View">Side</attribute>
    </box>
    <box frame="143" outside="0" occluded="0" keyframe="0" xtl="55.98" ytl="220.91" xbr="1884.46" ybr="890.69" z_order="0">
      <attribute name="Adipose Clipped">No</attribute>
      <attribute name="Confidence Level">3</attribute>
      <attribute name="Injury">No</attribute>
      <attribute name="Notes"></attribute>
      <attribute name="Sex">Male</attribute>
      <attribute name="View">Side</attribute>
    </box>
    <box frame="144" outside="0" occluded="0" keyframe="0" xtl="74.64" ytl="220.62" xbr="1893.34" ybr="890.39" z_order="0">
      <attribute name="Adipose Clipped">No</attribute>
      <attribute name="Confidence Level">3</attribute>
      <attribute name="Injury">No</attribute>
      <attribute name="Notes"></attribute>
      <attribute name="Sex">Male</attribute>
      <attribute name="View">Side</attribute>
    </box>
    <box frame="145" outside="0" occluded="0" keyframe="0" xtl="93.30" ytl="220.32" xbr="1902.23" ybr="890.10" z_order="0">
      <attribute name="Adipose Clipped">No</attribute>
      <attribute name="Confidence Level">3</attribute>
      <attribute name="Injury">No</attribute>
      <attribute name="Notes"></attribute>
      <attribute name="Sex">Male</attribute>
      <attribute name="View">Side</attribute>
    </box>
    <box frame="146" outside="0" occluded="0" keyframe="0" xtl="111.97" ytl="220.02" xbr="1911.11" ybr="889.80" z_order="0">
      <attribute name="Adipose Clipped">No</attribute>
      <attribute name="Confidence Level">3</attribute>
      <attribute name="Injury">No</attribute>
      <attribute name="Notes"></attribute>
      <attribute name="Sex">Male</attribute>
      <attribute name="View">Side</attribute>
    </box>
    <box frame="147" outside="0" occluded="0" keyframe="1" xtl="130.63" ytl="219.73" xbr="1920.00" ybr="889.51" z_order="0">
      <attribute name="Adipose Clipped">No</attribute>
      <attribute name="Confidence Level">3</attribute>
      <attribute name="Injury">No</attribute>
      <attribute name="Notes"></attribute>
      <attribute name="Sex">Male</attribute>
      <attribute name="View">Side</attribute>
    </box>
    <box frame="148" outside="0" occluded="0" keyframe="0" xtl="158.79" ytl="220.76" xbr="1920.00" ybr="890.54" z_order="0">
      <attribute name="Adipose Clipped">No</attribute>
      <attribute name="Confidence Level">3</attribute>
      <attribute name="Injury">No</attribute>
      <attribute name="Notes"></attribute>
      <attribute name="Sex">Male</attribute>
      <attribute name="View">Side</attribute>
    </box>
    <box frame="149" outside="0" occluded="0" keyframe="0" xtl="186.96" ytl="221.80" xbr="1920.00" ybr="891.58" z_order="0">
      <attribute name="Adipose Clipped">No</attribute>
      <attribute name="Confidence Level">3</attribute>
      <attribute name="Injury">No</attribute>
      <attribute name="Notes"></attribute>
      <attribute name="Sex">Male</attribute>
      <attribute name="View">Side</attribute>
    </box>
    <box frame="150" outside="0" occluded="0" keyframe="0" xtl="215.12" ytl="222.84" xbr="1920.00" ybr="892.62" z_order="0">
      <attribute name="Adipose Clipped">No</attribute>
      <attribute name="Confidence Level">3</attribute>
      <attribute name="Injury">No</attribute>
      <attribute name="Notes"></attribute>
      <attribute name="Sex">Male</attribute>
      <attribute name="View">Side</attribute>
    </box>
    <box frame="151" outside="0" occluded="0" keyframe="0" xtl="243.28" ytl="223.87" xbr="1920.00" ybr="893.65" z_order="0">
      <attribute name="Adipose Clipped">No</attribute>
      <attribute name="Confidence Level">3</attribute>
      <attribute name="Injury">No</attribute>
      <attribute name="Notes"></attribute>
      <attribute name="Sex">Male</attribute>
      <attribute name="View">Side</attribute>
    </box>
    <box frame="152" outside="0" occluded="0" keyframe="0" xtl="271.45" ytl="224.91" xbr="1920.00" ybr="894.69" z_order="0">
      <attribute name="Adipose Clipped">No</attribute>
      <attribute name="Confidence Level">3</attribute>
      <attribute name="Injury">No</attribute>
      <attribute name="Notes"></attribute>
      <attribute name="Sex">Male</attribute>
      <attribute name="View">Side</attribute>
    </box>
    <box frame="153" outside="0" occluded="0" keyframe="0" xtl="299.61" ytl="225.95" xbr="1920.00" ybr="895.73" z_order="0">
      <attribute name="Adipose Clipped">No</attribute>
      <attribute name="Confidence Level">3</attribute>
      <attribute name="Injury">No</attribute>
      <attribute name="Notes"></attribute>
      <attribute name="Sex">Male</attribute>
      <attribute name="View">Side</attribute>
    </box>
    <box frame="154" outside="0" occluded="0" keyframe="0" xtl="327.78" ytl="226.98" xbr="1920.00" ybr="896.76" z_order="0">
      <attribute name="Adipose Clipped">No</attribute>
      <attribute name="Confidence Level">3</attribute>
      <attribute name="Injury">No</attribute>
      <attribute name="Notes"></attribute>
      <attribute name="Sex">Male</attribute>
      <attribute name="View">Side</attribute>
    </box>
    <box frame="155" outside="0" occluded="0" keyframe="0" xtl="355.94" ytl="228.02" xbr="1920.00" ybr="897.80" z_order="0">
      <attribute name="Adipose Clipped">No</attribute>
      <attribute name="Confidence Level">3</attribute>
      <attribute name="Injury">No</attribute>
      <attribute name="Notes"></attribute>
      <attribute name="Sex">Male</attribute>
      <attribute name="View">Side</attribute>
    </box>
    <box frame="156" outside="0" occluded="0" keyframe="0" xtl="384.10" ytl="229.06" xbr="1920.00" ybr="898.84" z_order="0">
      <attribute name="Adipose Clipped">No</attribute>
      <attribute name="Confidence Level">3</attribute>
      <attribute name="Injury">No</attribute>
      <attribute name="Notes"></attribute>
      <attribute name="Sex">Male</attribute>
      <attribute name="View">Side</attribute>
    </box>
    <box frame="157" outside="0" occluded="0" keyframe="0" xtl="412.27" ytl="230.09" xbr="1920.00" ybr="899.87" z_order="0">
      <attribute name="Adipose Clipped">No</attribute>
      <attribute name="Confidence Level">3</attribute>
      <attribute name="Injury">No</attribute>
      <attribute name="Notes"></attribute>
      <attribute name="Sex">Male</attribute>
      <attribute name="View">Side</attribute>
    </box>
    <box frame="158" outside="0" occluded="0" keyframe="0" xtl="440.43" ytl="231.13" xbr="1920.00" ybr="900.91" z_order="0">
      <attribute name="Adipose Clipped">No</attribute>
      <attribute name="Confidence Level">3</attribute>
      <attribute name="Injury">No</attribute>
      <attribute name="Notes"></attribute>
      <attribute name="Sex">Male</attribute>
      <attribute name="View">Side</attribute>
    </box>
    <box frame="159" outside="0" occluded="0" keyframe="1" xtl="468.60" ytl="232.17" xbr="1920.00" ybr="901.95" z_order="0">
      <attribute name="Adipose Clipped">No</attribute>
      <attribute name="Confidence Level">3</attribute>
      <attribute name="Injury">No</attribute>
      <attribute name="Notes"></attribute>
      <attribute name="Sex">Male</attribute>
      <attribute name="View">Side</attribute>
    </box>
    <box frame="160" outside="0" occluded="0" keyframe="0" xtl="503.85" ytl="231.96" xbr="1920.00" ybr="901.74" z_order="0">
      <attribute name="Adipose Clipped">No</attribute>
      <attribute name="Confidence Level">3</attribute>
      <attribute name="Injury">No</attribute>
      <attribute name="Notes"></attribute>
      <attribute name="Sex">Male</attribute>
      <attribute name="View">Side</attribute>
    </box>
    <box frame="161" outside="0" occluded="0" keyframe="0" xtl="539.09" ytl="231.75" xbr="1920.00" ybr="901.53" z_order="0">
      <attribute name="Adipose Clipped">No</attribute>
      <attribute name="Confidence Level">3</attribute>
      <attribute name="Injury">No</attribute>
      <attribute name="Notes"></attribute>
      <attribute name="Sex">Male</attribute>
      <attribute name="View">Side</attribute>
    </box>
    <box frame="162" outside="0" occluded="0" keyframe="0" xtl="574.34" ytl="231.55" xbr="1920.00" ybr="901.32" z_order="0">
      <attribute name="Adipose Clipped">No</attribute>
      <attribute name="Confidence Level">3</attribute>
      <attribute name="Injury">No</attribute>
      <attribute name="Notes"></attribute>
      <attribute name="Sex">Male</attribute>
      <attribute name="View">Side</attribute>
    </box>
    <box frame="163" outside="0" occluded="0" keyframe="0" xtl="609.59" ytl="231.34" xbr="1920.00" ybr="901.12" z_order="0">
      <attribute name="Adipose Clipped">No</attribute>
      <attribute name="Confidence Level">3</attribute>
      <attribute name="Injury">No</attribute>
      <attribute name="Notes"></attribute>
      <attribute name="Sex">Male</attribute>
      <attribute name="View">Side</attribute>
    </box>
    <box frame="164" outside="0" occluded="0" keyframe="0" xtl="644.84" ytl="231.13" xbr="1920.00" ybr="900.91" z_order="0">
      <attribute name="Adipose Clipped">No</attribute>
      <attribute name="Confidence Level">3</attribute>
      <attribute name="Injury">No</attribute>
      <attribute name="Notes"></attribute>
      <attribute name="Sex">Male</attribute>
      <attribute name="View">Side</attribute>
    </box>
    <box frame="165" outside="0" occluded="0" keyframe="0" xtl="680.09" ytl="230.92" xbr="1920.00" ybr="900.70" z_order="0">
      <attribute name="Adipose Clipped">No</attribute>
      <attribute name="Confidence Level">3</attribute>
      <attribute name="Injury">No</attribute>
      <attribute name="Notes"></attribute>
      <attribute name="Sex">Male</attribute>
      <attribute name="View">Side</attribute>
    </box>
    <box frame="166" outside="0" occluded="0" keyframe="0" xtl="715.34" ytl="230.72" xbr="1920.00" ybr="900.50" z_order="0">
      <attribute name="Adipose Clipped">No</attribute>
      <attribute name="Confidence Level">3</attribute>
      <attribute name="Injury">No</attribute>
      <attribute name="Notes"></attribute>
      <attribute name="Sex">Male</attribute>
      <attribute name="View">Side</attribute>
    </box>
    <box frame="167" outside="0" occluded="0" keyframe="0" xtl="750.58" ytl="230.51" xbr="1920.00" ybr="900.29" z_order="0">
      <attribute name="Adipose Clipped">No</attribute>
      <attribute name="Confidence Level">3</attribute>
      <attribute name="Injury">No</attribute>
      <attribute name="Notes"></attribute>
      <attribute name="Sex">Male</attribute>
      <attribute name="View">Side</attribute>
    </box>
    <box frame="168" outside="0" occluded="0" keyframe="0" xtl="785.83" ytl="230.30" xbr="1920.00" ybr="900.08" z_order="0">
      <attribute name="Adipose Clipped">No</attribute>
      <attribute name="Confidence Level">3</attribute>
      <attribute name="Injury">No</attribute>
      <attribute name="Notes"></attribute>
      <attribute name="Sex">Male</attribute>
      <attribute name="View">Side</attribute>
    </box>
    <box frame="169" outside="0" occluded="0" keyframe="1" xtl="821.08" ytl="230.09" xbr="1920.00" ybr="899.87" z_order="0">
      <attribute name="Adipose Clipped">No</attribute>
      <attribute name="Confidence Level">3</attribute>
      <attribute name="Injury">No</attribute>
      <attribute name="Notes"></attribute>
      <attribute name="Sex">Male</attribute>
      <attribute name="View">Side</attribute>
    </box>
    <box frame="170" outside="0" occluded="0" keyframe="0" xtl="865.51" ytl="231.58" xbr="1920.00" ybr="898.10" z_order="0">
      <attribute name="Adipose Clipped">No</attribute>
      <attribute name="Confidence Level">3</attribute>
      <attribute name="Injury">No</attribute>
      <attribute name="Notes"></attribute>
      <attribute name="Sex">Male</attribute>
      <attribute name="View">Side</attribute>
    </box>
    <box frame="171" outside="0" occluded="0" keyframe="0" xtl="909.94" ytl="233.07" xbr="1920.00" ybr="896.32" z_order="0">
      <attribute name="Adipose Clipped">No</attribute>
      <attribute name="Confidence Level">3</attribute>
      <attribute name="Injury">No</attribute>
      <attribute name="Notes"></attribute>
      <attribute name="Sex">Male</attribute>
      <attribute name="View">Side</attribute>
    </box>
    <box frame="172" outside="0" occluded="0" keyframe="0" xtl="954.37" ytl="234.55" xbr="1920.00" ybr="894.54" z_order="0">
      <attribute name="Adipose Clipped">No</attribute>
      <attribute name="Confidence Level">3</attribute>
      <attribute name="Injury">No</attribute>
      <attribute name="Notes"></attribute>
      <attribute name="Sex">Male</attribute>
      <attribute name="View">Side</attribute>
    </box>
    <box frame="173" outside="0" occluded="0" keyframe="0" xtl="998.81" ytl="236.04" xbr="1920.00" ybr="892.76" z_order="0">
      <attribute name="Adipose Clipped">No</attribute>
      <attribute name="Confidence Level">3</attribute>
      <attribute name="Injury">No</attribute>
      <attribute name="Notes"></attribute>
      <attribute name="Sex">Male</attribute>
      <attribute name="View">Side</attribute>
    </box>
    <box frame="174" outside="0" occluded="0" keyframe="0" xtl="1043.24" ytl="237.53" xbr="1920.00" ybr="890.99" z_order="0">
      <attribute name="Adipose Clipped">No</attribute>
      <attribute name="Confidence Level">3</attribute>
      <attribute name="Injury">No</attribute>
      <attribute name="Notes"></attribute>
      <attribute name="Sex">Male</attribute>
      <attribute name="View">Side</attribute>
    </box>
    <box frame="175" outside="0" occluded="0" keyframe="0" xtl="1087.67" ytl="239.01" xbr="1920.00" ybr="889.21" z_order="0">
      <attribute name="Adipose Clipped">No</attribute>
      <attribute name="Confidence Level">3</attribute>
      <attribute name="Injury">No</attribute>
      <attribute name="Notes"></attribute>
      <attribute name="Sex">Male</attribute>
      <attribute name="View">Side</attribute>
    </box>
    <box frame="176" outside="0" occluded="0" keyframe="1" xtl="1132.10" ytl="240.50" xbr="1920.00" ybr="887.43" z_order="0">
      <attribute name="Adipose Clipped">No</attribute>
      <attribute name="Confidence Level">3</attribute>
      <attribute name="Injury">No</attribute>
      <attribute name="Notes"></attribute>
      <attribute name="Sex">Male</attribute>
      <attribute name="View">Side</attribute>
    </box>
    <box frame="177" outside="0" occluded="0" keyframe="0" xtl="1173.27" ytl="243.46" xbr="1920.00" ybr="881.51" z_order="0">
      <attribute name="Adipose Clipped">No</attribute>
      <attribute name="Confidence Level">3</attribute>
      <attribute name="Injury">No</attribute>
      <attribute name="Notes"></attribute>
      <attribute name="Sex">Male</attribute>
      <attribute name="View">Side</attribute>
    </box>
    <box frame="178" outside="0" occluded="0" keyframe="0" xtl="1214.44" ytl="246.41" xbr="1920.00" ybr="875.58" z_order="0">
      <attribute name="Adipose Clipped">No</attribute>
      <attribute name="Confidence Level">3</attribute>
      <attribute name="Injury">No</attribute>
      <attribute name="Notes"></attribute>
      <attribute name="Sex">Male</attribute>
      <attribute name="View">Side</attribute>
    </box>
    <box frame="179" outside="0" occluded="0" keyframe="0" xtl="1255.61" ytl="249.37" xbr="1920.00" ybr="869.66" z_order="0">
      <attribute name="Adipose Clipped">No</attribute>
      <attribute name="Confidence Level">3</attribute>
      <attribute name="Injury">No</attribute>
      <attribute name="Notes"></attribute>
      <attribute name="Sex">Male</attribute>
      <attribute name="View">Side</attribute>
    </box>
    <box frame="180" outside="0" occluded="0" keyframe="0" xtl="1296.79" ytl="252.33" xbr="1920.00" ybr="863.74" z_order="0">
      <attribute name="Adipose Clipped">No</attribute>
      <attribute name="Confidence Level">3</attribute>
      <attribute name="Injury">No</attribute>
      <attribute name="Notes"></attribute>
      <attribute name="Sex">Male</attribute>
      <attribute name="View">Side</attribute>
    </box>
    <box frame="181" outside="0" occluded="0" keyframe="0" xtl="1337.96" ytl="255.29" xbr="1920.00" ybr="857.81" z_order="0">
      <attribute name="Adipose Clipped">No</attribute>
      <attribute name="Confidence Level">3</attribute>
      <attribute name="Injury">No</attribute>
      <attribute name="Notes"></attribute>
      <attribute name="Sex">Male</attribute>
      <attribute name="View">Side</attribute>
    </box>
    <box frame="182" outside="0" occluded="0" keyframe="0" xtl="1379.13" ytl="258.24" xbr="1920.00" ybr="851.89" z_order="0">
      <attribute name="Adipose Clipped">No</attribute>
      <attribute name="Confidence Level">3</attribute>
      <attribute name="Injury">No</attribute>
      <attribute name="Notes"></attribute>
      <attribute name="Sex">Male</attribute>
      <attribute name="View">Side</attribute>
    </box>
    <box frame="183" outside="0" occluded="1" keyframe="1" xtl="1420.30" ytl="261.20" xbr="1920.00" ybr="845.96" z_order="0">
      <attribute name="Adipose Clipped">No</attribute>
      <attribute name="Confidence Level">3</attribute>
      <attribute name="Injury">No</attribute>
      <attribute name="Notes"></attribute>
      <attribute name="Sex">Male</attribute>
      <attribute name="View">Side</attribute>
    </box>
    <box frame="184" outside="0" occluded="1" keyframe="0" xtl="1454.96" ytl="263.27" xbr="1920.00" ybr="836.78" z_order="0">
      <attribute name="Adipose Clipped">No</attribute>
      <attribute name="Confidence Level">3</attribute>
      <attribute name="Injury">No</attribute>
      <attribute name="Notes"></attribute>
      <attribute name="Sex">Male</attribute>
      <attribute name="View">Side</attribute>
    </box>
    <box frame="185" outside="0" occluded="1" keyframe="0" xtl="1489.61" ytl="265.34" xbr="1920.00" ybr="827.60" z_order="0">
      <attribute name="Adipose Clipped">No</attribute>
      <attribute name="Confidence Level">3</attribute>
      <attribute name="Injury">No</attribute>
      <attribute name="Notes"></attribute>
      <attribute name="Sex">Male</attribute>
      <attribute name="View">Side</attribute>
    </box>
    <box frame="186" outside="0" occluded="1" keyframe="0" xtl="1524.27" ytl="267.41" xbr="1920.00" ybr="818.42" z_order="0">
      <attribute name="Adipose Clipped">No</attribute>
      <attribute name="Confidence Level">3</attribute>
      <attribute name="Injury">No</attribute>
      <attribute name="Notes"></attribute>
      <attribute name="Sex">Male</attribute>
      <attribute name="View">Side</attribute>
    </box>
    <box frame="187" outside="0" occluded="1" keyframe="0" xtl="1558.93" ytl="269.49" xbr="1920.00" ybr="809.23" z_order="0">
      <attribute name="Adipose Clipped">No</attribute>
      <attribute name="Confidence Level">3</attribute>
      <attribute name="Injury">No</attribute>
      <attribute name="Notes"></attribute>
      <attribute name="Sex">Male</attribute>
      <attribute name="View">Side</attribute>
    </box>
    <box frame="188" outside="0" occluded="1" keyframe="0" xtl="1593.59" ytl="271.56" xbr="1920.00" ybr="800.05" z_order="0">
      <attribute name="Adipose Clipped">No</attribute>
      <attribute name="Confidence Level">3</attribute>
      <attribute name="Injury">No</attribute>
      <attribute name="Notes"></attribute>
      <attribute name="Sex">Male</attribute>
      <attribute name="View">Side</attribute>
    </box>
    <box frame="189" outside="0" occluded="1" keyframe="0" xtl="1628.24" ytl="273.63" xbr="1920.00" ybr="790.87" z_order="0">
      <attribute name="Adipose Clipped">No</attribute>
      <attribute name="Confidence Level">3</attribute>
      <attribute name="Injury">No</attribute>
      <attribute name="Notes"></attribute>
      <attribute name="Sex">Male</attribute>
      <attribute name="View">Side</attribute>
    </box>
    <box frame="190" outside="0" occluded="1" keyframe="1" xtl="1662.90" ytl="275.70" xbr="1920.00" ybr="781.69" z_order="0">
      <attribute name="Adipose Clipped">No</attribute>
      <attribute name="Confidence Level">3</attribute>
      <attribute name="Injury">No</attribute>
      <attribute name="Notes"></attribute>
      <attribute name="Sex">Male</attribute>
      <attribute name="View">Side</attribute>
    </box>
    <box frame="191" outside="0" occluded="1" keyframe="1" xtl="1737.54" ytl="296.43" xbr="1920.00" ybr="802.42" z_order="0">
      <attribute name="Adipose Clipped">No</attribute>
      <attribute name="Confidence Level">3</attribute>
      <attribute name="Injury">No</attribute>
      <attribute name="Notes"></attribute>
      <attribute name="Sex">Male</attribute>
      <attribute name="View">Side</attribute>
    </box>
    <box frame="192" outside="0" occluded="1" keyframe="1" xtl="1797.70" ytl="300.58" xbr="1920.00" ybr="628.30" z_order="0">
      <attribute name="Adipose Clipped">No</attribute>
      <attribute name="Confidence Level">3</attribute>
      <attribute name="Injury">No</attribute>
      <attribute name="Notes"></attribute>
      <attribute name="Sex">Male</attribute>
      <attribute name="View">Side</attribute>
    </box>
    <box frame="193" outside="0" occluded="1" keyframe="0" xtl="1797.70" ytl="300.58" xbr="1920.00" ybr="628.30" z_order="0">
      <attribute name="Adipose Clipped">No</attribute>
      <attribute name="Confidence Level">3</attribute>
      <attribute name="Injury">No</attribute>
      <attribute name="Notes"></attribute>
      <attribute name="Sex">Male</attribute>
      <attribute name="View">Side</attribute>
    </box>
    <box frame="194" outside="1" occluded="1" keyframe="1" xtl="1797.70" ytl="300.58" xbr="1920.00" ybr="628.30" z_order="0">
      <attribute name="Adipose Clipped">No</attribute>
      <attribute name="Confidence Level">3</attribute>
      <attribute name="Injury">No</attribute>
      <attribute name="Notes"></attribute>
      <attribute name="Sex">Male</attribute>
      <attribute name="View">Side</attribute>
    </box>
  </track>
</annotations>