<?xml version="1.0" encoding="utf-8"?>
<annotations>
  <version>1.1</version>
  <meta>
    <task>
      <id>199</id>
      <name>10-24-2019 15-20-14 M Right Bank Underwater</name>
      <size>450</size>
      <mode>interpolation</mode>
      <overlap>5</overlap>
      <bugtracker></bugtracker>
      <created>2021-02-09 23:53:53.675491+00:00</created>
      <updated>2021-02-10 01:02:58.655173+00:00</updated>
      <start_frame>0</start_frame>
      <stop_frame>449</stop_frame>
      <frame_filter></frame_filter>
      <labels>
        <label>
          <name>Coho</name>
          <color>#66c893</color>
          <attributes>
            <attribute>
              <name>Adipose Clipped</name>
              <mutable>False</mutable>
              <input_type>select</input_type>
              <default_value>No</default_value>
              <values>No
Yes
NA</values>
            </attribute>
            <attribute>
              <name>Confidence Level</name>
              <mutable>False</mutable>
              <input_type>select</input_type>
              <default_value>3</default_value>
              <values>3
2
1</values>
            </attribute>
            <attribute>
              <name>Injury</name>
              <mutable>False</mutable>
              <input_type>select</input_type>
              <default_value>No</default_value>
              <values>No
Yes
NA</values>
            </attribute>
            <attribute>
              <name>Notes</name>
              <mutable>False</mutable>
              <input_type>text</input_type>
              <default_value>NA</default_value>
              <values>NA</values>
            </attribute>
            <attribute>
              <name>Sex</name>
              <mutable>False</mutable>
              <input_type>select</input_type>
              <default_value>Male</default_value>
              <values>Male
Female
Jack</values>
            </attribute>
          </attributes>
        </label>
        <label>
          <name>Pink</name>
          <color>#fa7dbb</color>
          <attributes>
            <attribute>
              <name>Adipose Clipped</name>
              <mutable>False</mutable>
              <input_type>select</input_type>
              <default_value>No</default_value>
              <values>No
Yes
NA</values>
            </attribute>
            <attribute>
              <name>Confidence Level</name>
              <mutable>False</mutable>
              <input_type>select</input_type>
              <default_value>3</default_value>
              <values>3
2
1</values>
            </attribute>
            <attribute>
              <name>Injury</name>
              <mutable>False</mutable>
              <input_type>select</input_type>
              <default_value>No</default_value>
              <values>No
Yes
NA</values>
            </attribute>
            <attribute>
              <name>Notes</name>
              <mutable>False</mutable>
              <input_type>text</input_type>
              <default_value>NA</default_value>
              <values>NA</values>
            </attribute>
            <attribute>
              <name>Sex</name>
              <mutable>False</mutable>
              <input_type>select</input_type>
              <default_value>Male</default_value>
              <values>Male
Female</values>
            </attribute>
          </attributes>
        </label>
        <label>
          <name>Bull</name>
          <color>#ff6037</color>
          <attributes>
            <attribute>
              <name>Adipose Clipped</name>
              <mutable>False</mutable>
              <input_type>select</input_type>
              <default_value>No</default_value>
              <values>No
NA</values>
            </attribute>
            <attribute>
              <name>Confidence Level</name>
              <mutable>False</mutable>
              <input_type>select</input_type>
              <default_value>3</default_value>
              <values>3
2
1</values>
            </attribute>
            <attribute>
              <name>Injury</name>
              <mutable>False</mutable>
              <input_type>select</input_type>
              <default_value>No</default_value>
              <values>No
Yes
NA</values>
            </attribute>
            <attribute>
              <name>Notes</name>
              <mutable>False</mutable>
              <input_type>text</input_type>
              <default_value>NA</default_value>
              <values>NA</values>
            </attribute>
            <attribute>
              <name>Sex</name>
              <mutable>False</mutable>
              <input_type>select</input_type>
              <default_value>NA</default_value>
              <values>NA</values>
            </attribute>
          </attributes>
        </label>
        <label>
          <name>Chum</name>
          <color>#b83df5</color>
          <attributes>
            <attribute>
              <name>Sex</name>
              <mutable>False</mutable>
              <input_type>select</input_type>
              <default_value>Male</default_value>
              <values>Male
Female</values>
            </attribute>
            <attribute>
              <name>Adipose Clipped</name>
              <mutable>False</mutable>
              <input_type>select</input_type>
              <default_value>No</default_value>
              <values>No
Yes
NA</values>
            </attribute>
            <attribute>
              <name>Injury</name>
              <mutable>False</mutable>
              <input_type>select</input_type>
              <default_value>No</default_value>
              <values>No
Yes
NA</values>
            </attribute>
            <attribute>
              <name>Confidence Level</name>
              <mutable>False</mutable>
              <input_type>select</input_type>
              <default_value>3</default_value>
              <values>3
2
1</values>
            </attribute>
            <attribute>
              <name>Notes</name>
              <mutable>False</mutable>
              <input_type>text</input_type>
              <default_value>NA</default_value>
              <values>NA</values>
            </attribute>
          </attributes>
        </label>
        <label>
          <name>Whitefish</name>
          <color>#e2f1ee</color>
          <attributes>
            <attribute>
              <name>Sex</name>
              <mutable>False</mutable>
              <input_type>select</input_type>
              <default_value>NA</default_value>
              <values>NA</values>
            </attribute>
            <attribute>
              <name>Adipose Clipped</name>
              <mutable>False</mutable>
              <input_type>select</input_type>
              <default_value>No</default_value>
              <values>No
Yes
NA</values>
            </attribute>
            <attribute>
              <name>Injury</name>
              <mutable>False</mutable>
              <input_type>select</input_type>
              <default_value>No</default_value>
              <values>No
Yes
NA</values>
            </attribute>
            <attribute>
              <name>Confidence Level</name>
              <mutable>False</mutable>
              <input_type>select</input_type>
              <default_value>3</default_value>
              <values>3
2
1</values>
            </attribute>
            <attribute>
              <name>Notes</name>
              <mutable>False</mutable>
              <input_type>text</input_type>
              <default_value>NA</default_value>
              <values>NA</values>
            </attribute>
          </attributes>
        </label>
        <label>
          <name>Sockeye</name>
          <color>#fa3253</color>
          <attributes>
            <attribute>
              <name>Sex</name>
              <mutable>False</mutable>
              <input_type>select</input_type>
              <default_value>Male</default_value>
              <values>Male
Female</values>
            </attribute>
            <attribute>
              <name>Adipose Clipped</name>
              <mutable>False</mutable>
              <input_type>select</input_type>
              <default_value>No</default_value>
              <values>No
Yes
NA</values>
            </attribute>
            <attribute>
              <name>Injury</name>
              <mutable>False</mutable>
              <input_type>select</input_type>
              <default_value>No</default_value>
              <values>No
Yes
NA</values>
            </attribute>
            <attribute>
              <name>Confidence Level</name>
              <mutable>False</mutable>
              <input_type>select</input_type>
              <default_value>3</default_value>
              <values>3
2
1</values>
            </attribute>
            <attribute>
              <name>Notes</name>
              <mutable>False</mutable>
              <input_type>text</input_type>
              <default_value>NA</default_value>
              <values>NA</values>
            </attribute>
          </attributes>
        </label>
        <label>
          <name>Steelhead</name>
          <color>#66ff66</color>
          <attributes>
            <attribute>
              <name>Sex</name>
              <mutable>False</mutable>
              <input_type>select</input_type>
              <default_value>Male</default_value>
              <values>Male
Female</values>
            </attribute>
            <attribute>
              <name>Adipose Clipped</name>
              <mutable>False</mutable>
              <input_type>select</input_type>
              <default_value>No</default_value>
              <values>No
Yes
NA</values>
            </attribute>
            <attribute>
              <name>Injury</name>
              <mutable>False</mutable>
              <input_type>select</input_type>
              <default_value>No</default_value>
              <values>No
Yes
NA</values>
            </attribute>
            <attribute>
              <name>Confidence Level</name>
              <mutable>False</mutable>
              <input_type>select</input_type>
              <default_value>3</default_value>
              <values>3
2
1</values>
            </attribute>
            <attribute>
              <name>Notes</name>
              <mutable>False</mutable>
              <input_type>text</input_type>
              <default_value>NA</default_value>
              <values>NA</values>
            </attribute>
          </attributes>
        </label>
        <label>
          <name>Rainbow</name>
          <color>#ff00cc</color>
          <attributes>
            <attribute>
              <name>Sex</name>
              <mutable>False</mutable>
              <input_type>select</input_type>
              <default_value>NA</default_value>
              <values>NA</values>
            </attribute>
            <attribute>
              <name>Adipose Clipped</name>
              <mutable>False</mutable>
              <input_type>select</input_type>
              <default_value>No</default_value>
              <values>No
Yes
NA</values>
            </attribute>
            <attribute>
              <name>Injury</name>
              <mutable>False</mutable>
              <input_type>select</input_type>
              <default_value>No</default_value>
              <values>No
Yes
NA</values>
            </attribute>
            <attribute>
              <name>Confidence Level</name>
              <mutable>False</mutable>
              <input_type>select</input_type>
              <default_value>3</default_value>
              <values>3
2
1</values>
            </attribute>
            <attribute>
              <name>Notes</name>
              <mutable>False</mutable>
              <input_type>text</input_type>
              <default_value>NA</default_value>
              <values>NA</values>
            </attribute>
          </attributes>
        </label>
      </labels>
      <segments>
        <segment>
          <id>196</id>
          <start>0</start>
          <stop>449</stop>
          <url>httplocalhost:8080/?id=196</url>
        </segment>
      </segments>
      <owner>
        <username>bna19</username>
        <email>bna19@sfu.ca</email>
      </owner>
      <assignee></assignee>
      <original_size>
        <width>1920</width>
        <height>1080</height>
      </original_size>
    </task>
    <dumped>2021-02-10 01:10:53.874989+00:00</dumped>
    <source>10-24-2019 15-20-14 M Right Bank Underwater.m4v</source>
  </meta>
  <track id="0" label="Coho" source="manual">
    <box frame="75" outside="0" occluded="0" keyframe="1" xtl="0.00" ytl="350.22" xbr="523.94" ybr="767.99" z_order="0">
      <attribute name="Notes">Tail is torn</attribute>
      <attribute name="Sex">Male</attribute>
      <attribute name="Adipose Clipped">No</attribute>
      <attribute name="Injury">Yes</attribute>
      <attribute name="Confidence Level">3</attribute>
    </box>
    <box frame="76" outside="0" occluded="0" keyframe="0" xtl="0.00" ytl="356.84" xbr="570.94" ybr="780.70" z_order="0">
      <attribute name="Notes">Tail is torn</attribute>
      <attribute name="Sex">Male</attribute>
      <attribute name="Adipose Clipped">No</attribute>
      <attribute name="Injury">Yes</attribute>
      <attribute name="Confidence Level">3</attribute>
    </box>
    <box frame="77" outside="0" occluded="0" keyframe="0" xtl="0.00" ytl="363.45" xbr="617.94" ybr="793.41" z_order="0">
      <attribute name="Notes">Tail is torn</attribute>
      <attribute name="Sex">Male</attribute>
      <attribute name="Adipose Clipped">No</attribute>
      <attribute name="Injury">Yes</attribute>
      <attribute name="Confidence Level">3</attribute>
    </box>
    <box frame="78" outside="0" occluded="0" keyframe="0" xtl="0.00" ytl="370.06" xbr="664.93" ybr="806.12" z_order="0">
      <attribute name="Notes">Tail is torn</attribute>
      <attribute name="Sex">Male</attribute>
      <attribute name="Adipose Clipped">No</attribute>
      <attribute name="Injury">Yes</attribute>
      <attribute name="Confidence Level">3</attribute>
    </box>
    <box frame="79" outside="0" occluded="0" keyframe="0" xtl="0.00" ytl="376.68" xbr="711.93" ybr="818.83" z_order="0">
      <attribute name="Notes">Tail is torn</attribute>
      <attribute name="Sex">Male</attribute>
      <attribute name="Adipose Clipped">No</attribute>
      <attribute name="Injury">Yes</attribute>
      <attribute name="Confidence Level">3</attribute>
    </box>
    <box frame="80" outside="0" occluded="0" keyframe="0" xtl="0.00" ytl="383.29" xbr="758.92" ybr="831.55" z_order="0">
      <attribute name="Notes">Tail is torn</attribute>
      <attribute name="Sex">Male</attribute>
      <attribute name="Adipose Clipped">No</attribute>
      <attribute name="Injury">Yes</attribute>
      <attribute name="Confidence Level">3</attribute>
    </box>
    <box frame="81" outside="0" occluded="0" keyframe="0" xtl="0.00" ytl="389.91" xbr="805.92" ybr="844.26" z_order="0">
      <attribute name="Notes">Tail is torn</attribute>
      <attribute name="Sex">Male</attribute>
      <attribute name="Adipose Clipped">No</attribute>
      <attribute name="Injury">Yes</attribute>
      <attribute name="Confidence Level">3</attribute>
    </box>
    <box frame="82" outside="0" occluded="0" keyframe="0" xtl="0.00" ytl="396.52" xbr="852.91" ybr="856.97" z_order="0">
      <attribute name="Notes">Tail is torn</attribute>
      <attribute name="Sex">Male</attribute>
      <attribute name="Adipose Clipped">No</attribute>
      <attribute name="Injury">Yes</attribute>
      <attribute name="Confidence Level">3</attribute>
    </box>
    <box frame="83" outside="0" occluded="0" keyframe="0" xtl="0.00" ytl="403.14" xbr="899.91" ybr="869.68" z_order="0">
      <attribute name="Notes">Tail is torn</attribute>
      <attribute name="Sex">Male</attribute>
      <attribute name="Adipose Clipped">No</attribute>
      <attribute name="Injury">Yes</attribute>
      <attribute name="Confidence Level">3</attribute>
    </box>
    <box frame="84" outside="0" occluded="0" keyframe="0" xtl="0.00" ytl="409.75" xbr="946.90" ybr="882.39" z_order="0">
      <attribute name="Notes">Tail is torn</attribute>
      <attribute name="Sex">Male</attribute>
      <attribute name="Adipose Clipped">No</attribute>
      <attribute name="Injury">Yes</attribute>
      <attribute name="Confidence Level">3</attribute>
    </box>
    <box frame="85" outside="0" occluded="0" keyframe="1" xtl="0.00" ytl="416.37" xbr="993.90" ybr="895.10" z_order="0">
      <attribute name="Notes">Tail is torn</attribute>
      <attribute name="Sex">Male</attribute>
      <attribute name="Adipose Clipped">No</attribute>
      <attribute name="Injury">Yes</attribute>
      <attribute name="Confidence Level">3</attribute>
    </box>
    <box frame="86" outside="0" occluded="0" keyframe="0" xtl="0.00" ytl="412.19" xbr="1028.89" ybr="895.10" z_order="0">
      <attribute name="Notes">Tail is torn</attribute>
      <attribute name="Sex">Male</attribute>
      <attribute name="Adipose Clipped">No</attribute>
      <attribute name="Injury">Yes</attribute>
      <attribute name="Confidence Level">3</attribute>
    </box>
    <box frame="87" outside="0" occluded="0" keyframe="0" xtl="0.00" ytl="408.01" xbr="1063.88" ybr="895.10" z_order="0">
      <attribute name="Notes">Tail is torn</attribute>
      <attribute name="Sex">Male</attribute>
      <attribute name="Adipose Clipped">No</attribute>
      <attribute name="Injury">Yes</attribute>
      <attribute name="Confidence Level">3</attribute>
    </box>
    <box frame="88" outside="0" occluded="0" keyframe="0" xtl="0.00" ytl="403.84" xbr="1098.87" ybr="895.10" z_order="0">
      <attribute name="Notes">Tail is torn</attribute>
      <attribute name="Sex">Male</attribute>
      <attribute name="Adipose Clipped">No</attribute>
      <attribute name="Injury">Yes</attribute>
      <attribute name="Confidence Level">3</attribute>
    </box>
    <box frame="89" outside="0" occluded="0" keyframe="0" xtl="0.00" ytl="399.66" xbr="1133.86" ybr="895.10" z_order="0">
      <attribute name="Notes">Tail is torn</attribute>
      <attribute name="Sex">Male</attribute>
      <attribute name="Adipose Clipped">No</attribute>
      <attribute name="Injury">Yes</attribute>
      <attribute name="Confidence Level">3</attribute>
    </box>
    <box frame="90" outside="0" occluded="0" keyframe="0" xtl="0.00" ytl="395.48" xbr="1168.85" ybr="895.10" z_order="0">
      <attribute name="Notes">Tail is torn</attribute>
      <attribute name="Sex">Male</attribute>
      <attribute name="Adipose Clipped">No</attribute>
      <attribute name="Injury">Yes</attribute>
      <attribute name="Confidence Level">3</attribute>
    </box>
    <box frame="91" outside="0" occluded="0" keyframe="0" xtl="0.00" ytl="391.31" xbr="1203.84" ybr="895.10" z_order="0">
      <attribute name="Notes">Tail is torn</attribute>
      <attribute name="Sex">Male</attribute>
      <attribute name="Adipose Clipped">No</attribute>
      <attribute name="Injury">Yes</attribute>
      <attribute name="Confidence Level">3</attribute>
    </box>
    <box frame="92" outside="0" occluded="0" keyframe="0" xtl="0.00" ytl="387.13" xbr="1238.83" ybr="895.10" z_order="0">
      <attribute name="Notes">Tail is torn</attribute>
      <attribute name="Sex">Male</attribute>
      <attribute name="Adipose Clipped">No</attribute>
      <attribute name="Injury">Yes</attribute>
      <attribute name="Confidence Level">3</attribute>
    </box>
    <box frame="93" outside="0" occluded="0" keyframe="0" xtl="0.00" ytl="382.95" xbr="1273.82" ybr="895.10" z_order="0">
      <attribute name="Notes">Tail is torn</attribute>
      <attribute name="Sex">Male</attribute>
      <attribute name="Adipose Clipped">No</attribute>
      <attribute name="Injury">Yes</attribute>
      <attribute name="Confidence Level">3</attribute>
    </box>
    <box frame="94" outside="0" occluded="0" keyframe="0" xtl="0.00" ytl="378.78" xbr="1308.81" ybr="895.10" z_order="0">
      <attribute name="Notes">Tail is torn</attribute>
      <attribute name="Sex">Male</attribute>
      <attribute name="Adipose Clipped">No</attribute>
      <attribute name="Injury">Yes</attribute>
      <attribute name="Confidence Level">3</attribute>
    </box>
    <box frame="95" outside="0" occluded="0" keyframe="1" xtl="0.00" ytl="374.60" xbr="1343.80" ybr="895.10" z_order="0">
      <attribute name="Notes">Tail is torn</attribute>
      <attribute name="Sex">Male</attribute>
      <attribute name="Adipose Clipped">No</attribute>
      <attribute name="Injury">Yes</attribute>
      <attribute name="Confidence Level">3</attribute>
    </box>
    <box frame="96" outside="0" occluded="0" keyframe="0" xtl="0.00" ytl="374.60" xbr="1364.25" ybr="889.00" z_order="0">
      <attribute name="Notes">Tail is torn</attribute>
      <attribute name="Sex">Male</attribute>
      <attribute name="Adipose Clipped">No</attribute>
      <attribute name="Injury">Yes</attribute>
      <attribute name="Confidence Level">3</attribute>
    </box>
    <box frame="97" outside="0" occluded="0" keyframe="0" xtl="0.00" ytl="374.60" xbr="1384.70" ybr="882.90" z_order="0">
      <attribute name="Notes">Tail is torn</attribute>
      <attribute name="Sex">Male</attribute>
      <attribute name="Adipose Clipped">No</attribute>
      <attribute name="Injury">Yes</attribute>
      <attribute name="Confidence Level">3</attribute>
    </box>
    <box frame="98" outside="0" occluded="0" keyframe="0" xtl="0.00" ytl="374.60" xbr="1405.15" ybr="876.80" z_order="0">
      <attribute name="Notes">Tail is torn</attribute>
      <attribute name="Sex">Male</attribute>
      <attribute name="Adipose Clipped">No</attribute>
      <attribute name="Injury">Yes</attribute>
      <attribute name="Confidence Level">3</attribute>
    </box>
    <box frame="99" outside="0" occluded="0" keyframe="1" xtl="0.00" ytl="374.60" xbr="1425.60" ybr="870.70" z_order="0">
      <attribute name="Notes">Tail is torn</attribute>
      <attribute name="Sex">Male</attribute>
      <attribute name="Adipose Clipped">No</attribute>
      <attribute name="Injury">Yes</attribute>
      <attribute name="Confidence Level">3</attribute>
    </box>
    <box frame="100" outside="0" occluded="0" keyframe="0" xtl="2.18" ytl="374.60" xbr="1446.93" ybr="870.70" z_order="0">
      <attribute name="Notes">Tail is torn</attribute>
      <attribute name="Sex">Male</attribute>
      <attribute name="Adipose Clipped">No</attribute>
      <attribute name="Injury">Yes</attribute>
      <attribute name="Confidence Level">3</attribute>
    </box>
    <box frame="101" outside="0" occluded="0" keyframe="0" xtl="4.35" ytl="374.60" xbr="1468.25" ybr="870.70" z_order="0">
      <attribute name="Notes">Tail is torn</attribute>
      <attribute name="Sex">Male</attribute>
      <attribute name="Adipose Clipped">No</attribute>
      <attribute name="Injury">Yes</attribute>
      <attribute name="Confidence Level">3</attribute>
    </box>
    <box frame="102" outside="0" occluded="0" keyframe="0" xtl="6.53" ytl="374.60" xbr="1489.58" ybr="870.70" z_order="0">
      <attribute name="Notes">Tail is torn</attribute>
      <attribute name="Sex">Male</attribute>
      <attribute name="Adipose Clipped">No</attribute>
      <attribute name="Injury">Yes</attribute>
      <attribute name="Confidence Level">3</attribute>
    </box>
    <box frame="103" outside="0" occluded="0" keyframe="1" xtl="8.70" ytl="374.60" xbr="1510.90" ybr="870.70" z_order="0">
      <attribute name="Notes">Tail is torn</attribute>
      <attribute name="Sex">Male</attribute>
      <attribute name="Adipose Clipped">No</attribute>
      <attribute name="Injury">Yes</attribute>
      <attribute name="Confidence Level">3</attribute>
    </box>
    <box frame="104" outside="0" occluded="0" keyframe="0" xtl="33.94" ytl="371.99" xbr="1536.14" ybr="868.09" z_order="0">
      <attribute name="Notes">Tail is torn</attribute>
      <attribute name="Sex">Male</attribute>
      <attribute name="Adipose Clipped">No</attribute>
      <attribute name="Injury">Yes</attribute>
      <attribute name="Confidence Level">3</attribute>
    </box>
    <box frame="105" outside="0" occluded="0" keyframe="1" xtl="59.18" ytl="369.38" xbr="1561.38" ybr="865.48" z_order="0">
      <attribute name="Notes">Tail is torn</attribute>
      <attribute name="Sex">Male</attribute>
      <attribute name="Adipose Clipped">No</attribute>
      <attribute name="Injury">Yes</attribute>
      <attribute name="Confidence Level">3</attribute>
    </box>
    <box frame="106" outside="0" occluded="0" keyframe="0" xtl="61.10" ytl="370.25" xbr="1574.43" ybr="869.66" z_order="0">
      <attribute name="Notes">Tail is torn</attribute>
      <attribute name="Sex">Male</attribute>
      <attribute name="Adipose Clipped">No</attribute>
      <attribute name="Injury">Yes</attribute>
      <attribute name="Confidence Level">3</attribute>
    </box>
    <box frame="107" outside="0" occluded="0" keyframe="0" xtl="63.01" ytl="371.12" xbr="1587.48" ybr="873.84" z_order="0">
      <attribute name="Notes">Tail is torn</attribute>
      <attribute name="Sex">Male</attribute>
      <attribute name="Adipose Clipped">No</attribute>
      <attribute name="Injury">Yes</attribute>
      <attribute name="Confidence Level">3</attribute>
    </box>
    <box frame="108" outside="0" occluded="0" keyframe="0" xtl="64.93" ytl="371.99" xbr="1600.54" ybr="878.02" z_order="0">
      <attribute name="Notes">Tail is torn</attribute>
      <attribute name="Sex">Male</attribute>
      <attribute name="Adipose Clipped">No</attribute>
      <attribute name="Injury">Yes</attribute>
      <attribute name="Confidence Level">3</attribute>
    </box>
    <box frame="109" outside="0" occluded="0" keyframe="0" xtl="66.84" ytl="372.86" xbr="1613.59" ybr="882.21" z_order="0">
      <attribute name="Notes">Tail is torn</attribute>
      <attribute name="Sex">Male</attribute>
      <attribute name="Adipose Clipped">No</attribute>
      <attribute name="Injury">Yes</attribute>
      <attribute name="Confidence Level">3</attribute>
    </box>
    <box frame="110" outside="0" occluded="0" keyframe="0" xtl="68.76" ytl="373.73" xbr="1626.64" ybr="886.39" z_order="0">
      <attribute name="Notes">Tail is torn</attribute>
      <attribute name="Sex">Male</attribute>
      <attribute name="Adipose Clipped">No</attribute>
      <attribute name="Injury">Yes</attribute>
      <attribute name="Confidence Level">3</attribute>
    </box>
    <box frame="111" outside="0" occluded="0" keyframe="0" xtl="70.67" ytl="374.60" xbr="1639.69" ybr="890.57" z_order="0">
      <attribute name="Notes">Tail is torn</attribute>
      <attribute name="Sex">Male</attribute>
      <attribute name="Adipose Clipped">No</attribute>
      <attribute name="Injury">Yes</attribute>
      <attribute name="Confidence Level">3</attribute>
    </box>
    <box frame="112" outside="0" occluded="0" keyframe="0" xtl="72.59" ytl="375.47" xbr="1652.74" ybr="894.75" z_order="0">
      <attribute name="Notes">Tail is torn</attribute>
      <attribute name="Sex">Male</attribute>
      <attribute name="Adipose Clipped">No</attribute>
      <attribute name="Injury">Yes</attribute>
      <attribute name="Confidence Level">3</attribute>
    </box>
    <box frame="113" outside="0" occluded="0" keyframe="0" xtl="74.50" ytl="376.34" xbr="1665.80" ybr="898.94" z_order="0">
      <attribute name="Notes">Tail is torn</attribute>
      <attribute name="Sex">Male</attribute>
      <attribute name="Adipose Clipped">No</attribute>
      <attribute name="Injury">Yes</attribute>
      <attribute name="Confidence Level">3</attribute>
    </box>
    <box frame="114" outside="0" occluded="0" keyframe="0" xtl="76.42" ytl="377.21" xbr="1678.85" ybr="903.12" z_order="0">
      <attribute name="Notes">Tail is torn</attribute>
      <attribute name="Sex">Male</attribute>
      <attribute name="Adipose Clipped">No</attribute>
      <attribute name="Injury">Yes</attribute>
      <attribute name="Confidence Level">3</attribute>
    </box>
    <box frame="115" outside="0" occluded="0" keyframe="1" xtl="78.33" ytl="378.08" xbr="1691.90" ybr="907.30" z_order="0">
      <attribute name="Notes">Tail is torn</attribute>
      <attribute name="Sex">Male</attribute>
      <attribute name="Adipose Clipped">No</attribute>
      <attribute name="Injury">Yes</attribute>
      <attribute name="Confidence Level">3</attribute>
    </box>
    <box frame="116" outside="0" occluded="0" keyframe="0" xtl="80.20" ytl="377.46" xbr="1693.77" ybr="906.68" z_order="0">
      <attribute name="Notes">Tail is torn</attribute>
      <attribute name="Sex">Male</attribute>
      <attribute name="Adipose Clipped">No</attribute>
      <attribute name="Injury">Yes</attribute>
      <attribute name="Confidence Level">3</attribute>
    </box>
    <box frame="117" outside="0" occluded="0" keyframe="0" xtl="82.06" ytl="376.84" xbr="1695.63" ybr="906.06" z_order="0">
      <attribute name="Notes">Tail is torn</attribute>
      <attribute name="Sex">Male</attribute>
      <attribute name="Adipose Clipped">No</attribute>
      <attribute name="Injury">Yes</attribute>
      <attribute name="Confidence Level">3</attribute>
    </box>
    <box frame="118" outside="0" occluded="0" keyframe="0" xtl="83.93" ytl="376.22" xbr="1697.50" ybr="905.44" z_order="0">
      <attribute name="Notes">Tail is torn</attribute>
      <attribute name="Sex">Male</attribute>
      <attribute name="Adipose Clipped">No</attribute>
      <attribute name="Injury">Yes</attribute>
      <attribute name="Confidence Level">3</attribute>
    </box>
    <box frame="119" outside="0" occluded="0" keyframe="0" xtl="85.79" ytl="375.59" xbr="1699.36" ybr="904.81" z_order="0">
      <attribute name="Notes">Tail is torn</attribute>
      <attribute name="Sex">Male</attribute>
      <attribute name="Adipose Clipped">No</attribute>
      <attribute name="Injury">Yes</attribute>
      <attribute name="Confidence Level">3</attribute>
    </box>
    <box frame="120" outside="0" occluded="0" keyframe="0" xtl="87.66" ytl="374.97" xbr="1701.23" ybr="904.19" z_order="0">
      <attribute name="Notes">Tail is torn</attribute>
      <attribute name="Sex">Male</attribute>
      <attribute name="Adipose Clipped">No</attribute>
      <attribute name="Injury">Yes</attribute>
      <attribute name="Confidence Level">3</attribute>
    </box>
    <box frame="121" outside="0" occluded="0" keyframe="0" xtl="89.52" ytl="374.35" xbr="1703.09" ybr="903.57" z_order="0">
      <attribute name="Notes">Tail is torn</attribute>
      <attribute name="Sex">Male</attribute>
      <attribute name="Adipose Clipped">No</attribute>
      <attribute name="Injury">Yes</attribute>
      <attribute name="Confidence Level">3</attribute>
    </box>
    <box frame="122" outside="0" occluded="0" keyframe="0" xtl="91.39" ytl="373.73" xbr="1704.96" ybr="902.95" z_order="0">
      <attribute name="Notes">Tail is torn</attribute>
      <attribute name="Sex">Male</attribute>
      <attribute name="Adipose Clipped">No</attribute>
      <attribute name="Injury">Yes</attribute>
      <attribute name="Confidence Level">3</attribute>
    </box>
    <box frame="123" outside="0" occluded="0" keyframe="0" xtl="93.25" ytl="373.11" xbr="1706.82" ybr="902.33" z_order="0">
      <attribute name="Notes">Tail is torn</attribute>
      <attribute name="Sex">Male</attribute>
      <attribute name="Adipose Clipped">No</attribute>
      <attribute name="Injury">Yes</attribute>
      <attribute name="Confidence Level">3</attribute>
    </box>
    <box frame="124" outside="0" occluded="0" keyframe="0" xtl="95.12" ytl="372.49" xbr="1708.69" ybr="901.71" z_order="0">
      <attribute name="Notes">Tail is torn</attribute>
      <attribute name="Sex">Male</attribute>
      <attribute name="Adipose Clipped">No</attribute>
      <attribute name="Injury">Yes</attribute>
      <attribute name="Confidence Level">3</attribute>
    </box>
    <box frame="125" outside="0" occluded="0" keyframe="0" xtl="96.98" ytl="371.86" xbr="1710.55" ybr="901.08" z_order="0">
      <attribute name="Notes">Tail is torn</attribute>
      <attribute name="Sex">Male</attribute>
      <attribute name="Adipose Clipped">No</attribute>
      <attribute name="Injury">Yes</attribute>
      <attribute name="Confidence Level">3</attribute>
    </box>
    <box frame="126" outside="0" occluded="0" keyframe="0" xtl="98.85" ytl="371.24" xbr="1712.42" ybr="900.46" z_order="0">
      <attribute name="Notes">Tail is torn</attribute>
      <attribute name="Sex">Male</attribute>
      <attribute name="Adipose Clipped">No</attribute>
      <attribute name="Injury">Yes</attribute>
      <attribute name="Confidence Level">3</attribute>
    </box>
    <box frame="127" outside="0" occluded="0" keyframe="0" xtl="100.71" ytl="370.62" xbr="1714.28" ybr="899.84" z_order="0">
      <attribute name="Notes">Tail is torn</attribute>
      <attribute name="Sex">Male</attribute>
      <attribute name="Adipose Clipped">No</attribute>
      <attribute name="Injury">Yes</attribute>
      <attribute name="Confidence Level">3</attribute>
    </box>
    <box frame="128" outside="0" occluded="0" keyframe="0" xtl="102.58" ytl="370.00" xbr="1716.15" ybr="899.22" z_order="0">
      <attribute name="Notes">Tail is torn</attribute>
      <attribute name="Sex">Male</attribute>
      <attribute name="Adipose Clipped">No</attribute>
      <attribute name="Injury">Yes</attribute>
      <attribute name="Confidence Level">3</attribute>
    </box>
    <box frame="129" outside="0" occluded="0" keyframe="1" xtl="104.44" ytl="369.38" xbr="1718.01" ybr="898.60" z_order="0">
      <attribute name="Notes">Tail is torn</attribute>
      <attribute name="Sex">Male</attribute>
      <attribute name="Adipose Clipped">No</attribute>
      <attribute name="Injury">Yes</attribute>
      <attribute name="Confidence Level">3</attribute>
    </box>
    <box frame="130" outside="0" occluded="0" keyframe="0" xtl="104.19" ytl="364.40" xbr="1717.76" ybr="893.62" z_order="0">
      <attribute name="Notes">Tail is torn</attribute>
      <attribute name="Sex">Male</attribute>
      <attribute name="Adipose Clipped">No</attribute>
      <attribute name="Injury">Yes</attribute>
      <attribute name="Confidence Level">3</attribute>
    </box>
    <box frame="131" outside="0" occluded="0" keyframe="0" xtl="103.95" ytl="359.43" xbr="1717.51" ybr="888.65" z_order="0">
      <attribute name="Notes">Tail is torn</attribute>
      <attribute name="Sex">Male</attribute>
      <attribute name="Adipose Clipped">No</attribute>
      <attribute name="Injury">Yes</attribute>
      <attribute name="Confidence Level">3</attribute>
    </box>
    <box frame="132" outside="0" occluded="0" keyframe="0" xtl="103.70" ytl="354.46" xbr="1717.26" ybr="883.68" z_order="0">
      <attribute name="Notes">Tail is torn</attribute>
      <attribute name="Sex">Male</attribute>
      <attribute name="Adipose Clipped">No</attribute>
      <attribute name="Injury">Yes</attribute>
      <attribute name="Confidence Level">3</attribute>
    </box>
    <box frame="133" outside="0" occluded="0" keyframe="0" xtl="103.45" ytl="349.48" xbr="1717.02" ybr="878.70" z_order="0">
      <attribute name="Notes">Tail is torn</attribute>
      <attribute name="Sex">Male</attribute>
      <attribute name="Adipose Clipped">No</attribute>
      <attribute name="Injury">Yes</attribute>
      <attribute name="Confidence Level">3</attribute>
    </box>
    <box frame="134" outside="0" occluded="0" keyframe="0" xtl="103.20" ytl="344.51" xbr="1716.77" ybr="873.73" z_order="0">
      <attribute name="Notes">Tail is torn</attribute>
      <attribute name="Sex">Male</attribute>
      <attribute name="Adipose Clipped">No</attribute>
      <attribute name="Injury">Yes</attribute>
      <attribute name="Confidence Level">3</attribute>
    </box>
    <box frame="135" outside="0" occluded="0" keyframe="0" xtl="102.95" ytl="339.54" xbr="1716.52" ybr="868.76" z_order="0">
      <attribute name="Notes">Tail is torn</attribute>
      <attribute name="Sex">Male</attribute>
      <attribute name="Adipose Clipped">No</attribute>
      <attribute name="Injury">Yes</attribute>
      <attribute name="Confidence Level">3</attribute>
    </box>
    <box frame="136" outside="0" occluded="0" keyframe="1" xtl="102.70" ytl="334.56" xbr="1716.27" ybr="863.78" z_order="0">
      <attribute name="Notes">Tail is torn</attribute>
      <attribute name="Sex">Male</attribute>
      <attribute name="Adipose Clipped">No</attribute>
      <attribute name="Injury">Yes</attribute>
      <attribute name="Confidence Level">3</attribute>
    </box>
    <box frame="137" outside="0" occluded="0" keyframe="0" xtl="99.04" ytl="332.82" xbr="1719.06" ybr="858.03" z_order="0">
      <attribute name="Notes">Tail is torn</attribute>
      <attribute name="Sex">Male</attribute>
      <attribute name="Adipose Clipped">No</attribute>
      <attribute name="Injury">Yes</attribute>
      <attribute name="Confidence Level">3</attribute>
    </box>
    <box frame="138" outside="0" occluded="0" keyframe="0" xtl="95.38" ytl="331.08" xbr="1721.84" ybr="852.29" z_order="0">
      <attribute name="Notes">Tail is torn</attribute>
      <attribute name="Sex">Male</attribute>
      <attribute name="Adipose Clipped">No</attribute>
      <attribute name="Injury">Yes</attribute>
      <attribute name="Confidence Level">3</attribute>
    </box>
    <box frame="139" outside="0" occluded="0" keyframe="0" xtl="91.72" ytl="329.34" xbr="1724.63" ybr="846.54" z_order="0">
      <attribute name="Notes">Tail is torn</attribute>
      <attribute name="Sex">Male</attribute>
      <attribute name="Adipose Clipped">No</attribute>
      <attribute name="Injury">Yes</attribute>
      <attribute name="Confidence Level">3</attribute>
    </box>
    <box frame="140" outside="0" occluded="0" keyframe="0" xtl="88.06" ytl="327.60" xbr="1727.41" ybr="840.79" z_order="0">
      <attribute name="Notes">Tail is torn</attribute>
      <attribute name="Sex">Male</attribute>
      <attribute name="Adipose Clipped">No</attribute>
      <attribute name="Injury">Yes</attribute>
      <attribute name="Confidence Level">3</attribute>
    </box>
    <box frame="141" outside="0" occluded="0" keyframe="1" xtl="84.40" ytl="325.86" xbr="1730.20" ybr="835.04" z_order="0">
      <attribute name="Notes">Tail is torn</attribute>
      <attribute name="Sex">Male</attribute>
      <attribute name="Adipose Clipped">No</attribute>
      <attribute name="Injury">Yes</attribute>
      <attribute name="Confidence Level">3</attribute>
    </box>
    <box frame="142" outside="0" occluded="0" keyframe="0" xtl="105.12" ytl="324.12" xbr="1714.88" ybr="829.29" z_order="0">
      <attribute name="Notes">Tail is torn</attribute>
      <attribute name="Sex">Male</attribute>
      <attribute name="Adipose Clipped">No</attribute>
      <attribute name="Injury">Yes</attribute>
      <attribute name="Confidence Level">3</attribute>
    </box>
    <box frame="143" outside="0" occluded="0" keyframe="0" xtl="125.84" ytl="322.38" xbr="1699.56" ybr="823.54" z_order="0">
      <attribute name="Notes">Tail is torn</attribute>
      <attribute name="Sex">Male</attribute>
      <attribute name="Adipose Clipped">No</attribute>
      <attribute name="Injury">Yes</attribute>
      <attribute name="Confidence Level">3</attribute>
    </box>
    <box frame="144" outside="0" occluded="0" keyframe="0" xtl="146.56" ytl="320.64" xbr="1684.24" ybr="817.80" z_order="0">
      <attribute name="Notes">Tail is torn</attribute>
      <attribute name="Sex">Male</attribute>
      <attribute name="Adipose Clipped">No</attribute>
      <attribute name="Injury">Yes</attribute>
      <attribute name="Confidence Level">3</attribute>
    </box>
    <box frame="145" outside="0" occluded="0" keyframe="0" xtl="167.28" ytl="318.90" xbr="1668.92" ybr="812.05" z_order="0">
      <attribute name="Notes">Tail is torn</attribute>
      <attribute name="Sex">Male</attribute>
      <attribute name="Adipose Clipped">No</attribute>
      <attribute name="Injury">Yes</attribute>
      <attribute name="Confidence Level">3</attribute>
    </box>
    <box frame="146" outside="0" occluded="0" keyframe="1" xtl="188.00" ytl="317.16" xbr="1653.60" ybr="806.30" z_order="0">
      <attribute name="Notes">Tail is torn</attribute>
      <attribute name="Sex">Male</attribute>
      <attribute name="Adipose Clipped">No</attribute>
      <attribute name="Injury">Yes</attribute>
      <attribute name="Confidence Level">3</attribute>
    </box>
    <box frame="147" outside="0" occluded="0" keyframe="0" xtl="191.48" ytl="315.91" xbr="1657.09" ybr="805.06" z_order="0">
      <attribute name="Notes">Tail is torn</attribute>
      <attribute name="Sex">Male</attribute>
      <attribute name="Adipose Clipped">No</attribute>
      <attribute name="Injury">Yes</attribute>
      <attribute name="Confidence Level">3</attribute>
    </box>
    <box frame="148" outside="0" occluded="0" keyframe="0" xtl="194.96" ytl="314.67" xbr="1660.57" ybr="803.81" z_order="0">
      <attribute name="Notes">Tail is torn</attribute>
      <attribute name="Sex">Male</attribute>
      <attribute name="Adipose Clipped">No</attribute>
      <attribute name="Injury">Yes</attribute>
      <attribute name="Confidence Level">3</attribute>
    </box>
    <box frame="149" outside="0" occluded="0" keyframe="0" xtl="198.44" ytl="313.43" xbr="1664.05" ybr="802.57" z_order="0">
      <attribute name="Notes">Tail is torn</attribute>
      <attribute name="Sex">Male</attribute>
      <attribute name="Adipose Clipped">No</attribute>
      <attribute name="Injury">Yes</attribute>
      <attribute name="Confidence Level">3</attribute>
    </box>
    <box frame="150" outside="0" occluded="0" keyframe="0" xtl="201.93" ytl="312.18" xbr="1667.53" ybr="801.33" z_order="0">
      <attribute name="Notes">Tail is torn</attribute>
      <attribute name="Sex">Male</attribute>
      <attribute name="Adipose Clipped">No</attribute>
      <attribute name="Injury">Yes</attribute>
      <attribute name="Confidence Level">3</attribute>
    </box>
    <box frame="151" outside="0" occluded="0" keyframe="0" xtl="205.41" ytl="310.94" xbr="1671.01" ybr="800.08" z_order="0">
      <attribute name="Notes">Tail is torn</attribute>
      <attribute name="Sex">Male</attribute>
      <attribute name="Adipose Clipped">No</attribute>
      <attribute name="Injury">Yes</attribute>
      <attribute name="Confidence Level">3</attribute>
    </box>
    <box frame="152" outside="0" occluded="0" keyframe="0" xtl="208.89" ytl="309.70" xbr="1674.49" ybr="798.84" z_order="0">
      <attribute name="Notes">Tail is torn</attribute>
      <attribute name="Sex">Male</attribute>
      <attribute name="Adipose Clipped">No</attribute>
      <attribute name="Injury">Yes</attribute>
      <attribute name="Confidence Level">3</attribute>
    </box>
    <box frame="153" outside="0" occluded="0" keyframe="1" xtl="212.37" ytl="308.45" xbr="1677.97" ybr="797.60" z_order="0">
      <attribute name="Notes">Tail is torn</attribute>
      <attribute name="Sex">Male</attribute>
      <attribute name="Adipose Clipped">No</attribute>
      <attribute name="Injury">Yes</attribute>
      <attribute name="Confidence Level">3</attribute>
    </box>
    <box frame="154" outside="0" occluded="0" keyframe="0" xtl="268.08" ytl="298.45" xbr="1682.76" ybr="777.57" z_order="0">
      <attribute name="Notes">Tail is torn</attribute>
      <attribute name="Sex">Male</attribute>
      <attribute name="Adipose Clipped">No</attribute>
      <attribute name="Injury">Yes</attribute>
      <attribute name="Confidence Level">3</attribute>
    </box>
    <box frame="155" outside="0" occluded="0" keyframe="0" xtl="323.79" ytl="288.44" xbr="1687.55" ybr="757.55" z_order="0">
      <attribute name="Notes">Tail is torn</attribute>
      <attribute name="Sex">Male</attribute>
      <attribute name="Adipose Clipped">No</attribute>
      <attribute name="Injury">Yes</attribute>
      <attribute name="Confidence Level">3</attribute>
    </box>
    <box frame="156" outside="0" occluded="0" keyframe="0" xtl="379.49" ytl="278.43" xbr="1692.33" ybr="737.52" z_order="0">
      <attribute name="Notes">Tail is torn</attribute>
      <attribute name="Sex">Male</attribute>
      <attribute name="Adipose Clipped">No</attribute>
      <attribute name="Injury">Yes</attribute>
      <attribute name="Confidence Level">3</attribute>
    </box>
    <box frame="157" outside="0" occluded="0" keyframe="1" xtl="435.20" ytl="268.42" xbr="1697.12" ybr="717.50" z_order="0">
      <attribute name="Notes">Tail is torn</attribute>
      <attribute name="Sex">Male</attribute>
      <attribute name="Adipose Clipped">No</attribute>
      <attribute name="Injury">Yes</attribute>
      <attribute name="Confidence Level">3</attribute>
    </box>
    <box frame="158" outside="0" occluded="0" keyframe="0" xtl="435.20" ytl="268.42" xbr="1722.08" ybr="710.53" z_order="0">
      <attribute name="Notes">Tail is torn</attribute>
      <attribute name="Sex">Male</attribute>
      <attribute name="Adipose Clipped">No</attribute>
      <attribute name="Injury">Yes</attribute>
      <attribute name="Confidence Level">3</attribute>
    </box>
    <box frame="159" outside="0" occluded="0" keyframe="0" xtl="435.20" ytl="268.42" xbr="1747.04" ybr="703.57" z_order="0">
      <attribute name="Notes">Tail is torn</attribute>
      <attribute name="Sex">Male</attribute>
      <attribute name="Adipose Clipped">No</attribute>
      <attribute name="Injury">Yes</attribute>
      <attribute name="Confidence Level">3</attribute>
    </box>
    <box frame="160" outside="0" occluded="0" keyframe="1" xtl="435.20" ytl="268.42" xbr="1772.00" ybr="696.60" z_order="0">
      <attribute name="Notes">Tail is torn</attribute>
      <attribute name="Sex">Male</attribute>
      <attribute name="Adipose Clipped">No</attribute>
      <attribute name="Injury">Yes</attribute>
      <attribute name="Confidence Level">3</attribute>
    </box>
    <box frame="161" outside="0" occluded="0" keyframe="0" xtl="465.48" ytl="266.68" xbr="1786.97" ybr="687.90" z_order="0">
      <attribute name="Notes">Tail is torn</attribute>
      <attribute name="Sex">Male</attribute>
      <attribute name="Adipose Clipped">No</attribute>
      <attribute name="Injury">Yes</attribute>
      <attribute name="Confidence Level">3</attribute>
    </box>
    <box frame="162" outside="0" occluded="0" keyframe="0" xtl="495.76" ytl="264.94" xbr="1801.94" ybr="679.20" z_order="0">
      <attribute name="Notes">Tail is torn</attribute>
      <attribute name="Sex">Male</attribute>
      <attribute name="Adipose Clipped">No</attribute>
      <attribute name="Injury">Yes</attribute>
      <attribute name="Confidence Level">3</attribute>
    </box>
    <box frame="163" outside="0" occluded="0" keyframe="0" xtl="526.04" ytl="263.20" xbr="1816.91" ybr="670.50" z_order="0">
      <attribute name="Notes">Tail is torn</attribute>
      <attribute name="Sex">Male</attribute>
      <attribute name="Adipose Clipped">No</attribute>
      <attribute name="Injury">Yes</attribute>
      <attribute name="Confidence Level">3</attribute>
    </box>
    <box frame="164" outside="0" occluded="0" keyframe="0" xtl="556.32" ytl="261.46" xbr="1831.88" ybr="661.80" z_order="0">
      <attribute name="Notes">Tail is torn</attribute>
      <attribute name="Sex">Male</attribute>
      <attribute name="Adipose Clipped">No</attribute>
      <attribute name="Injury">Yes</attribute>
      <attribute name="Confidence Level">3</attribute>
    </box>
    <box frame="165" outside="0" occluded="0" keyframe="1" xtl="586.60" ytl="259.72" xbr="1846.85" ybr="653.10" z_order="0">
      <attribute name="Notes">Tail is torn</attribute>
      <attribute name="Sex">Male</attribute>
      <attribute name="Adipose Clipped">No</attribute>
      <attribute name="Injury">Yes</attribute>
      <attribute name="Confidence Level">3</attribute>
    </box>
    <box frame="166" outside="0" occluded="0" keyframe="0" xtl="610.53" ytl="253.19" xbr="1865.14" ybr="646.57" z_order="0">
      <attribute name="Notes">Tail is torn</attribute>
      <attribute name="Sex">Male</attribute>
      <attribute name="Adipose Clipped">No</attribute>
      <attribute name="Injury">Yes</attribute>
      <attribute name="Confidence Level">3</attribute>
    </box>
    <box frame="167" outside="0" occluded="0" keyframe="0" xtl="634.47" ytl="246.66" xbr="1883.43" ybr="640.04" z_order="0">
      <attribute name="Notes">Tail is torn</attribute>
      <attribute name="Sex">Male</attribute>
      <attribute name="Adipose Clipped">No</attribute>
      <attribute name="Injury">Yes</attribute>
      <attribute name="Confidence Level">3</attribute>
    </box>
    <box frame="168" outside="0" occluded="0" keyframe="0" xtl="658.40" ytl="240.13" xbr="1901.71" ybr="633.52" z_order="0">
      <attribute name="Notes">Tail is torn</attribute>
      <attribute name="Sex">Male</attribute>
      <attribute name="Adipose Clipped">No</attribute>
      <attribute name="Injury">Yes</attribute>
      <attribute name="Confidence Level">3</attribute>
    </box>
    <box frame="169" outside="0" occluded="0" keyframe="1" xtl="682.34" ytl="233.61" xbr="1920.00" ybr="626.99" z_order="0">
      <attribute name="Notes">Tail is torn</attribute>
      <attribute name="Sex">Male</attribute>
      <attribute name="Adipose Clipped">No</attribute>
      <attribute name="Injury">Yes</attribute>
      <attribute name="Confidence Level">3</attribute>
    </box>
    <box frame="170" outside="0" occluded="0" keyframe="0" xtl="722.38" ytl="235.78" xbr="1920.00" ybr="629.17" z_order="0">
      <attribute name="Notes">Tail is torn</attribute>
      <attribute name="Sex">Male</attribute>
      <attribute name="Adipose Clipped">No</attribute>
      <attribute name="Injury">Yes</attribute>
      <attribute name="Confidence Level">3</attribute>
    </box>
    <box frame="171" outside="0" occluded="0" keyframe="0" xtl="762.41" ytl="237.96" xbr="1920.00" ybr="631.34" z_order="0">
      <attribute name="Notes">Tail is torn</attribute>
      <attribute name="Sex">Male</attribute>
      <attribute name="Adipose Clipped">No</attribute>
      <attribute name="Injury">Yes</attribute>
      <attribute name="Confidence Level">3</attribute>
    </box>
    <box frame="172" outside="0" occluded="0" keyframe="0" xtl="802.45" ytl="240.13" xbr="1920.00" ybr="633.52" z_order="0">
      <attribute name="Notes">Tail is torn</attribute>
      <attribute name="Sex">Male</attribute>
      <attribute name="Adipose Clipped">No</attribute>
      <attribute name="Injury">Yes</attribute>
      <attribute name="Confidence Level">3</attribute>
    </box>
    <box frame="173" outside="0" occluded="0" keyframe="1" xtl="842.48" ytl="242.31" xbr="1920.00" ybr="635.69" z_order="0">
      <attribute name="Notes">Tail is torn</attribute>
      <attribute name="Sex">Male</attribute>
      <attribute name="Adipose Clipped">No</attribute>
      <attribute name="Injury">Yes</attribute>
      <attribute name="Confidence Level">3</attribute>
    </box>
    <box frame="174" outside="0" occluded="0" keyframe="0" xtl="892.09" ytl="242.74" xbr="1920.00" ybr="636.13" z_order="0">
      <attribute name="Notes">Tail is torn</attribute>
      <attribute name="Sex">Male</attribute>
      <attribute name="Adipose Clipped">No</attribute>
      <attribute name="Injury">Yes</attribute>
      <attribute name="Confidence Level">3</attribute>
    </box>
    <box frame="175" outside="0" occluded="0" keyframe="0" xtl="941.70" ytl="243.18" xbr="1920.00" ybr="636.56" z_order="0">
      <attribute name="Notes">Tail is torn</attribute>
      <attribute name="Sex">Male</attribute>
      <attribute name="Adipose Clipped">No</attribute>
      <attribute name="Injury">Yes</attribute>
      <attribute name="Confidence Level">3</attribute>
    </box>
    <box frame="176" outside="0" occluded="0" keyframe="0" xtl="991.31" ytl="243.61" xbr="1920.00" ybr="637.00" z_order="0">
      <attribute name="Notes">Tail is torn</attribute>
      <attribute name="Sex">Male</attribute>
      <attribute name="Adipose Clipped">No</attribute>
      <attribute name="Injury">Yes</attribute>
      <attribute name="Confidence Level">3</attribute>
    </box>
    <box frame="177" outside="0" occluded="0" keyframe="1" xtl="1040.92" ytl="244.05" xbr="1920.00" ybr="637.43" z_order="0">
      <attribute name="Notes">Tail is torn</attribute>
      <attribute name="Sex">Male</attribute>
      <attribute name="Adipose Clipped">No</attribute>
      <attribute name="Injury">Yes</attribute>
      <attribute name="Confidence Level">3</attribute>
    </box>
    <box frame="178" outside="0" occluded="0" keyframe="0" xtl="1077.92" ytl="257.99" xbr="1920.00" ybr="637.43" z_order="0">
      <attribute name="Notes">Tail is torn</attribute>
      <attribute name="Sex">Male</attribute>
      <attribute name="Adipose Clipped">No</attribute>
      <attribute name="Injury">Yes</attribute>
      <attribute name="Confidence Level">3</attribute>
    </box>
    <box frame="179" outside="0" occluded="0" keyframe="0" xtl="1114.91" ytl="271.92" xbr="1920.00" ybr="637.43" z_order="0">
      <attribute name="Notes">Tail is torn</attribute>
      <attribute name="Sex">Male</attribute>
      <attribute name="Adipose Clipped">No</attribute>
      <attribute name="Injury">Yes</attribute>
      <attribute name="Confidence Level">3</attribute>
    </box>
    <box frame="180" outside="0" occluded="0" keyframe="0" xtl="1151.90" ytl="285.86" xbr="1920.00" ybr="637.43" z_order="0">
      <attribute name="Notes">Tail is torn</attribute>
      <attribute name="Sex">Male</attribute>
      <attribute name="Adipose Clipped">No</attribute>
      <attribute name="Injury">Yes</attribute>
      <attribute name="Confidence Level">3</attribute>
    </box>
    <box frame="181" outside="0" occluded="0" keyframe="1" xtl="1188.89" ytl="299.80" xbr="1920.00" ybr="637.43" z_order="0">
      <attribute name="Notes">Tail is torn</attribute>
      <attribute name="Sex">Male</attribute>
      <attribute name="Adipose Clipped">No</attribute>
      <attribute name="Injury">Yes</attribute>
      <attribute name="Confidence Level">3</attribute>
    </box>
    <box frame="182" outside="0" occluded="0" keyframe="0" xtl="1234.15" ytl="299.80" xbr="1920.00" ybr="637.43" z_order="0">
      <attribute name="Notes">Tail is torn</attribute>
      <attribute name="Sex">Male</attribute>
      <attribute name="Adipose Clipped">No</attribute>
      <attribute name="Injury">Yes</attribute>
      <attribute name="Confidence Level">3</attribute>
    </box>
    <box frame="183" outside="0" occluded="0" keyframe="0" xtl="1279.41" ytl="299.80" xbr="1920.00" ybr="637.43" z_order="0">
      <attribute name="Notes">Tail is torn</attribute>
      <attribute name="Sex">Male</attribute>
      <attribute name="Adipose Clipped">No</attribute>
      <attribute name="Injury">Yes</attribute>
      <attribute name="Confidence Level">3</attribute>
    </box>
    <box frame="184" outside="0" occluded="0" keyframe="0" xtl="1324.68" ytl="299.80" xbr="1920.00" ybr="637.43" z_order="0">
      <attribute name="Notes">Tail is torn</attribute>
      <attribute name="Sex">Male</attribute>
      <attribute name="Adipose Clipped">No</attribute>
      <attribute name="Injury">Yes</attribute>
      <attribute name="Confidence Level">3</attribute>
    </box>
    <box frame="185" outside="0" occluded="0" keyframe="0" xtl="1369.94" ytl="299.80" xbr="1920.00" ybr="637.43" z_order="0">
      <attribute name="Notes">Tail is torn</attribute>
      <attribute name="Sex">Male</attribute>
      <attribute name="Adipose Clipped">No</attribute>
      <attribute name="Injury">Yes</attribute>
      <attribute name="Confidence Level">3</attribute>
    </box>
    <box frame="186" outside="0" occluded="0" keyframe="0" xtl="1415.21" ytl="299.80" xbr="1920.00" ybr="637.43" z_order="0">
      <attribute name="Notes">Tail is torn</attribute>
      <attribute name="Sex">Male</attribute>
      <attribute name="Adipose Clipped">No</attribute>
      <attribute name="Injury">Yes</attribute>
      <attribute name="Confidence Level">3</attribute>
    </box>
    <box frame="187" outside="0" occluded="0" keyframe="0" xtl="1460.47" ytl="299.80" xbr="1920.00" ybr="637.43" z_order="0">
      <attribute name="Notes">Tail is torn</attribute>
      <attribute name="Sex">Male</attribute>
      <attribute name="Adipose Clipped">No</attribute>
      <attribute name="Injury">Yes</attribute>
      <attribute name="Confidence Level">3</attribute>
    </box>
    <box frame="188" outside="0" occluded="0" keyframe="0" xtl="1505.74" ytl="299.80" xbr="1920.00" ybr="637.43" z_order="0">
      <attribute name="Notes">Tail is torn</attribute>
      <attribute name="Sex">Male</attribute>
      <attribute name="Adipose Clipped">No</attribute>
      <attribute name="Injury">Yes</attribute>
      <attribute name="Confidence Level">3</attribute>
    </box>
    <box frame="189" outside="0" occluded="0" keyframe="1" xtl="1551.00" ytl="299.80" xbr="1920.00" ybr="637.43" z_order="0">
      <attribute name="Notes">Tail is torn</attribute>
      <attribute name="Sex">Male</attribute>
      <attribute name="Adipose Clipped">No</attribute>
      <attribute name="Injury">Yes</attribute>
      <attribute name="Confidence Level">3</attribute>
    </box>
    <box frame="190" outside="0" occluded="0" keyframe="0" xtl="1600.60" ytl="293.27" xbr="1920.00" ybr="627.00" z_order="0">
      <attribute name="Notes">Tail is torn</attribute>
      <attribute name="Sex">Male</attribute>
      <attribute name="Adipose Clipped">No</attribute>
      <attribute name="Injury">Yes</attribute>
      <attribute name="Confidence Level">3</attribute>
    </box>
    <box frame="191" outside="0" occluded="0" keyframe="0" xtl="1650.20" ytl="286.75" xbr="1920.00" ybr="616.57" z_order="0">
      <attribute name="Notes">Tail is torn</attribute>
      <attribute name="Sex">Male</attribute>
      <attribute name="Adipose Clipped">No</attribute>
      <attribute name="Injury">Yes</attribute>
      <attribute name="Confidence Level">3</attribute>
    </box>
    <box frame="192" outside="0" occluded="0" keyframe="0" xtl="1699.80" ytl="280.23" xbr="1920.00" ybr="606.13" z_order="0">
      <attribute name="Notes">Tail is torn</attribute>
      <attribute name="Sex">Male</attribute>
      <attribute name="Adipose Clipped">No</attribute>
      <attribute name="Injury">Yes</attribute>
      <attribute name="Confidence Level">3</attribute>
    </box>
    <box frame="193" outside="0" occluded="0" keyframe="1" xtl="1749.40" ytl="273.70" xbr="1920.00" ybr="595.70" z_order="0">
      <attribute name="Notes">Tail is torn</attribute>
      <attribute name="Sex">Male</attribute>
      <attribute name="Adipose Clipped">No</attribute>
      <attribute name="Injury">Yes</attribute>
      <attribute name="Confidence Level">3</attribute>
    </box>
    <box frame="194" outside="0" occluded="0" keyframe="0" xtl="1749.40" ytl="273.70" xbr="1920.00" ybr="595.70" z_order="0">
      <attribute name="Notes">Tail is torn</attribute>
      <attribute name="Sex">Male</attribute>
      <attribute name="Adipose Clipped">No</attribute>
      <attribute name="Injury">Yes</attribute>
      <attribute name="Confidence Level">3</attribute>
    </box>
    <box frame="195" outside="0" occluded="0" keyframe="0" xtl="1749.40" ytl="273.70" xbr="1920.00" ybr="595.70" z_order="0">
      <attribute name="Notes">Tail is torn</attribute>
      <attribute name="Sex">Male</attribute>
      <attribute name="Adipose Clipped">No</attribute>
      <attribute name="Injury">Yes</attribute>
      <attribute name="Confidence Level">3</attribute>
    </box>
    <box frame="196" outside="0" occluded="0" keyframe="0" xtl="1749.40" ytl="273.70" xbr="1920.00" ybr="595.70" z_order="0">
      <attribute name="Notes">Tail is torn</attribute>
      <attribute name="Sex">Male</attribute>
      <attribute name="Adipose Clipped">No</attribute>
      <attribute name="Injury">Yes</attribute>
      <attribute name="Confidence Level">3</attribute>
    </box>
    <box frame="197" outside="0" occluded="0" keyframe="0" xtl="1749.40" ytl="273.70" xbr="1920.00" ybr="595.70" z_order="0">
      <attribute name="Notes">Tail is torn</attribute>
      <attribute name="Sex">Male</attribute>
      <attribute name="Adipose Clipped">No</attribute>
      <attribute name="Injury">Yes</attribute>
      <attribute name="Confidence Level">3</attribute>
    </box>
    <box frame="198" outside="1" occluded="0" keyframe="1" xtl="1749.40" ytl="273.70" xbr="1920.00" ybr="595.70" z_order="0">
      <attribute name="Notes">Tail is torn</attribute>
      <attribute name="Sex">Male</attribute>
      <attribute name="Adipose Clipped">No</attribute>
      <attribute name="Injury">Yes</attribute>
      <attribute name="Confidence Level">3</attribute>
    </box>
  </track>
</annotations>