<?xml version="1.0" encoding="utf-8"?>
<annotations>
  <version>1.1</version>
  <meta>
    <task>
      <id>338</id>
      <name>08-30-2020 17-32-38 M Salmon Camera</name>
      <size>880</size>
      <mode>interpolation</mode>
      <overlap>5</overlap>
      <bugtracker></bugtracker>
      <created>2021-07-27 05:35:31.061891+00:00</created>
      <updated>2021-07-27 14:01:58.122168+00:00</updated>
      <start_frame>0</start_frame>
      <stop_frame>879</stop_frame>
      <frame_filter></frame_filter>
      <labels>
        <label>
          <name>Chinook</name>
          <color>#38794c</color>
          <attributes>
            <attribute>
              <name>Adipose Clipped</name>
              <mutable>False</mutable>
              <input_type>select</input_type>
              <default_value>No</default_value>
              <values>No
Yes
NA</values>
            </attribute>
            <attribute>
              <name>Confidence Level</name>
              <mutable>False</mutable>
              <input_type>select</input_type>
              <default_value>3</default_value>
              <values>3
2
1</values>
            </attribute>
            <attribute>
              <name>Injury</name>
              <mutable>False</mutable>
              <input_type>select</input_type>
              <default_value>No</default_value>
              <values>No
Yes
NA</values>
            </attribute>
            <attribute>
              <name>Notes</name>
              <mutable>False</mutable>
              <input_type>text</input_type>
              <default_value></default_value>
              <values></values>
            </attribute>
            <attribute>
              <name>Sex</name>
              <mutable>False</mutable>
              <input_type>select</input_type>
              <default_value>Male</default_value>
              <values>Male
Female
Jack</values>
            </attribute>
            <attribute>
              <name>View</name>
              <mutable>False</mutable>
              <input_type>select</input_type>
              <default_value>Top-down</default_value>
              <values>Top-down
Side</values>
            </attribute>
          </attributes>
        </label>
        <label>
          <name>Steelhead</name>
          <color>#888888</color>
          <attributes>
            <attribute>
              <name>Adipose Clipped</name>
              <mutable>False</mutable>
              <input_type>select</input_type>
              <default_value>No</default_value>
              <values>No
Yes
NA</values>
            </attribute>
            <attribute>
              <name>Confidence Level</name>
              <mutable>False</mutable>
              <input_type>select</input_type>
              <default_value>3</default_value>
              <values>3
2
1</values>
            </attribute>
            <attribute>
              <name>Injury</name>
              <mutable>False</mutable>
              <input_type>select</input_type>
              <default_value>No</default_value>
              <values>No
Yes
NA</values>
            </attribute>
            <attribute>
              <name>Notes</name>
              <mutable>False</mutable>
              <input_type>text</input_type>
              <default_value></default_value>
              <values></values>
            </attribute>
            <attribute>
              <name>Sex</name>
              <mutable>False</mutable>
              <input_type>select</input_type>
              <default_value>Male</default_value>
              <values>Male
Female</values>
            </attribute>
            <attribute>
              <name>View</name>
              <mutable>False</mutable>
              <input_type>select</input_type>
              <default_value>Top-down</default_value>
              <values>Top-down
Side</values>
            </attribute>
          </attributes>
        </label>
        <label>
          <name>Sockeye</name>
          <color>#f00026</color>
          <attributes>
            <attribute>
              <name>Adipose Clipped</name>
              <mutable>False</mutable>
              <input_type>select</input_type>
              <default_value>No</default_value>
              <values>No
Yes
NA</values>
            </attribute>
            <attribute>
              <name>Confidence Level</name>
              <mutable>False</mutable>
              <input_type>select</input_type>
              <default_value>3</default_value>
              <values>3
2
1</values>
            </attribute>
            <attribute>
              <name>Injury</name>
              <mutable>False</mutable>
              <input_type>select</input_type>
              <default_value>No</default_value>
              <values>No
Yes
NA</values>
            </attribute>
            <attribute>
              <name>Notes</name>
              <mutable>False</mutable>
              <input_type>text</input_type>
              <default_value></default_value>
              <values></values>
            </attribute>
            <attribute>
              <name>Sex</name>
              <mutable>False</mutable>
              <input_type>select</input_type>
              <default_value>Male</default_value>
              <values>Male
Female</values>
            </attribute>
            <attribute>
              <name>View</name>
              <mutable>False</mutable>
              <input_type>select</input_type>
              <default_value>Top-down</default_value>
              <values>Top-down
Side</values>
            </attribute>
          </attributes>
        </label>
        <label>
          <name>Pink</name>
          <color>#fa7dbb</color>
          <attributes>
            <attribute>
              <name>Adipose Clipped</name>
              <mutable>False</mutable>
              <input_type>select</input_type>
              <default_value>No</default_value>
              <values>No
Yes
NA</values>
            </attribute>
            <attribute>
              <name>Confidence Level</name>
              <mutable>False</mutable>
              <input_type>select</input_type>
              <default_value>3</default_value>
              <values>3
2
1</values>
            </attribute>
            <attribute>
              <name>Injury</name>
              <mutable>False</mutable>
              <input_type>select</input_type>
              <default_value>No</default_value>
              <values>No
Yes
NA</values>
            </attribute>
            <attribute>
              <name>Notes</name>
              <mutable>False</mutable>
              <input_type>text</input_type>
              <default_value></default_value>
              <values></values>
            </attribute>
            <attribute>
              <name>Sex</name>
              <mutable>False</mutable>
              <input_type>select</input_type>
              <default_value>Male</default_value>
              <values>Male
Female</values>
            </attribute>
            <attribute>
              <name>View</name>
              <mutable>False</mutable>
              <input_type>select</input_type>
              <default_value>Top-down</default_value>
              <values>Top-down
Side</values>
            </attribute>
          </attributes>
        </label>
        <label>
          <name>Whitefish</name>
          <color>#d8d8db</color>
          <attributes>
            <attribute>
              <name>Adipose Clipped</name>
              <mutable>False</mutable>
              <input_type>select</input_type>
              <default_value>No</default_value>
              <values>No
Yes
NA</values>
            </attribute>
            <attribute>
              <name>Confidence Level</name>
              <mutable>False</mutable>
              <input_type>select</input_type>
              <default_value>3</default_value>
              <values>3
2
1</values>
            </attribute>
            <attribute>
              <name>Injury</name>
              <mutable>False</mutable>
              <input_type>select</input_type>
              <default_value>No</default_value>
              <values>No
Yes
NA</values>
            </attribute>
            <attribute>
              <name>Notes</name>
              <mutable>False</mutable>
              <input_type>text</input_type>
              <default_value></default_value>
              <values></values>
            </attribute>
            <attribute>
              <name>Sex</name>
              <mutable>False</mutable>
              <input_type>select</input_type>
              <default_value>NA</default_value>
              <values>NA</values>
            </attribute>
            <attribute>
              <name>View</name>
              <mutable>False</mutable>
              <input_type>select</input_type>
              <default_value>Top-down</default_value>
              <values>Top-down
Side</values>
            </attribute>
          </attributes>
        </label>
        <label>
          <name>Chum</name>
          <color>#ffcc33</color>
          <attributes>
            <attribute>
              <name>Adipose Clipped</name>
              <mutable>False</mutable>
              <input_type>select</input_type>
              <default_value>No</default_value>
              <values>No
Yes
NA</values>
            </attribute>
            <attribute>
              <name>Confidence Level</name>
              <mutable>False</mutable>
              <input_type>select</input_type>
              <default_value>3</default_value>
              <values>3
2
1</values>
            </attribute>
            <attribute>
              <name>Injury</name>
              <mutable>False</mutable>
              <input_type>select</input_type>
              <default_value>No</default_value>
              <values>No
Yes
NA</values>
            </attribute>
            <attribute>
              <name>Notes</name>
              <mutable>False</mutable>
              <input_type>text</input_type>
              <default_value></default_value>
              <values></values>
            </attribute>
            <attribute>
              <name>Sex</name>
              <mutable>False</mutable>
              <input_type>select</input_type>
              <default_value>Male</default_value>
              <values>Male
Female</values>
            </attribute>
            <attribute>
              <name>View</name>
              <mutable>False</mutable>
              <input_type>select</input_type>
              <default_value>Top-down</default_value>
              <values>Top-down
Side</values>
            </attribute>
          </attributes>
        </label>
        <label>
          <name>Bull</name>
          <color>#3d3df5</color>
          <attributes>
            <attribute>
              <name>Adipose Clipped</name>
              <mutable>False</mutable>
              <input_type>select</input_type>
              <default_value>No</default_value>
              <values>No
NA</values>
            </attribute>
            <attribute>
              <name>Confidence Level</name>
              <mutable>False</mutable>
              <input_type>select</input_type>
              <default_value>3</default_value>
              <values>3
2
1</values>
            </attribute>
            <attribute>
              <name>Injury</name>
              <mutable>False</mutable>
              <input_type>select</input_type>
              <default_value>No</default_value>
              <values>No
Yes
NA</values>
            </attribute>
            <attribute>
              <name>Notes</name>
              <mutable>False</mutable>
              <input_type>text</input_type>
              <default_value>NA</default_value>
              <values>NA</values>
            </attribute>
            <attribute>
              <name>Sex</name>
              <mutable>False</mutable>
              <input_type>select</input_type>
              <default_value>NA</default_value>
              <values>NA</values>
            </attribute>
            <attribute>
              <name>View</name>
              <mutable>False</mutable>
              <input_type>select</input_type>
              <default_value>Top-down</default_value>
              <values>Top-down
Side</values>
            </attribute>
          </attributes>
        </label>
        <label>
          <name>Coho</name>
          <color>#32b7fa</color>
          <attributes>
            <attribute>
              <name>View</name>
              <mutable>False</mutable>
              <input_type>select</input_type>
              <default_value>Top-down</default_value>
              <values>Top-down
Side</values>
            </attribute>
            <attribute>
              <name>Adipose Clipped</name>
              <mutable>False</mutable>
              <input_type>select</input_type>
              <default_value>No</default_value>
              <values>No
Yes
NA</values>
            </attribute>
            <attribute>
              <name>Confidence Level</name>
              <mutable>False</mutable>
              <input_type>select</input_type>
              <default_value>3</default_value>
              <values>3
2
1</values>
            </attribute>
            <attribute>
              <name>Injury</name>
              <mutable>False</mutable>
              <input_type>select</input_type>
              <default_value>No</default_value>
              <values>No
Yes
NA</values>
            </attribute>
            <attribute>
              <name>Notes</name>
              <mutable>False</mutable>
              <input_type>text</input_type>
              <default_value></default_value>
              <values></values>
            </attribute>
            <attribute>
              <name>Sex</name>
              <mutable>False</mutable>
              <input_type>select</input_type>
              <default_value>Male</default_value>
              <values>Male
Female
Jack</values>
            </attribute>
          </attributes>
        </label>
        <label>
          <name>Rainbow</name>
          <color>#ff914d</color>
          <attributes>
            <attribute>
              <name>Adipose Clipped</name>
              <mutable>False</mutable>
              <input_type>select</input_type>
              <default_value>No</default_value>
              <values>No
Yes
NA</values>
            </attribute>
            <attribute>
              <name>Confidence Level</name>
              <mutable>False</mutable>
              <input_type>select</input_type>
              <default_value>3</default_value>
              <values>3
2
1</values>
            </attribute>
            <attribute>
              <name>Injury</name>
              <mutable>False</mutable>
              <input_type>select</input_type>
              <default_value>No</default_value>
              <values>No
Yes
NA</values>
            </attribute>
            <attribute>
              <name>Notes</name>
              <mutable>False</mutable>
              <input_type>text</input_type>
              <default_value></default_value>
              <values></values>
            </attribute>
            <attribute>
              <name>Sex</name>
              <mutable>False</mutable>
              <input_type>select</input_type>
              <default_value>NA</default_value>
              <values>NA
Juvenile</values>
            </attribute>
            <attribute>
              <name>View</name>
              <mutable>False</mutable>
              <input_type>select</input_type>
              <default_value>Top-down</default_value>
              <values>Top-down
Side</values>
            </attribute>
          </attributes>
        </label>
        <label>
          <name>Pikeminnow</name>
          <color>#a16b00</color>
          <attributes>
            <attribute>
              <name>Confidence Level</name>
              <mutable>False</mutable>
              <input_type>select</input_type>
              <default_value>3</default_value>
              <values>3
2
1</values>
            </attribute>
            <attribute>
              <name>Notes</name>
              <mutable>False</mutable>
              <input_type>text</input_type>
              <default_value>NA</default_value>
              <values>NA</values>
            </attribute>
          </attributes>
        </label>
      </labels>
      <segments>
        <segment>
          <id>338</id>
          <start>0</start>
          <stop>879</stop>
          <url>httplocalhost:8080/?id=338</url>
        </segment>
      </segments>
      <owner>
        <username>jtravers</username>
        <email>jtravers@uoregon.edu</email>
      </owner>
      <assignee></assignee>
      <original_size>
        <width>1920</width>
        <height>1080</height>
      </original_size>
    </task>
    <dumped>2021-07-27 14:02:09.977338+00:00</dumped>
    <source>08-30-2020 17-32-38 M Salmon Camera.m4v</source>
  </meta>
  <track id="0" label="Chinook" source="manual">
    <box frame="88" outside="0" occluded="1" keyframe="1" xtl="0.00" ytl="617.84" xbr="91.19" ybr="765.05" z_order="0">
      <attribute name="Adipose Clipped">No</attribute>
      <attribute name="Confidence Level">3</attribute>
      <attribute name="Injury">Yes</attribute>
      <attribute name="Notes">Fin Wear</attribute>
      <attribute name="Sex">Jack</attribute>
      <attribute name="View">Side</attribute>
    </box>
    <box frame="89" outside="0" occluded="1" keyframe="0" xtl="0.00" ytl="613.39" xbr="109.56" ybr="770.69" z_order="0">
      <attribute name="Adipose Clipped">No</attribute>
      <attribute name="Confidence Level">3</attribute>
      <attribute name="Injury">Yes</attribute>
      <attribute name="Notes">Fin Wear</attribute>
      <attribute name="Sex">Jack</attribute>
      <attribute name="View">Side</attribute>
    </box>
    <box frame="90" outside="0" occluded="1" keyframe="0" xtl="0.00" ytl="608.94" xbr="127.93" ybr="776.32" z_order="0">
      <attribute name="Adipose Clipped">No</attribute>
      <attribute name="Confidence Level">3</attribute>
      <attribute name="Injury">Yes</attribute>
      <attribute name="Notes">Fin Wear</attribute>
      <attribute name="Sex">Jack</attribute>
      <attribute name="View">Side</attribute>
    </box>
    <box frame="91" outside="0" occluded="1" keyframe="0" xtl="0.00" ytl="604.49" xbr="146.31" ybr="781.96" z_order="0">
      <attribute name="Adipose Clipped">No</attribute>
      <attribute name="Confidence Level">3</attribute>
      <attribute name="Injury">Yes</attribute>
      <attribute name="Notes">Fin Wear</attribute>
      <attribute name="Sex">Jack</attribute>
      <attribute name="View">Side</attribute>
    </box>
    <box frame="92" outside="0" occluded="1" keyframe="0" xtl="0.00" ytl="600.05" xbr="164.68" ybr="787.59" z_order="0">
      <attribute name="Adipose Clipped">No</attribute>
      <attribute name="Confidence Level">3</attribute>
      <attribute name="Injury">Yes</attribute>
      <attribute name="Notes">Fin Wear</attribute>
      <attribute name="Sex">Jack</attribute>
      <attribute name="View">Side</attribute>
    </box>
    <box frame="93" outside="0" occluded="1" keyframe="0" xtl="0.00" ytl="595.60" xbr="183.05" ybr="793.23" z_order="0">
      <attribute name="Adipose Clipped">No</attribute>
      <attribute name="Confidence Level">3</attribute>
      <attribute name="Injury">Yes</attribute>
      <attribute name="Notes">Fin Wear</attribute>
      <attribute name="Sex">Jack</attribute>
      <attribute name="View">Side</attribute>
    </box>
    <box frame="94" outside="0" occluded="1" keyframe="0" xtl="0.00" ytl="591.15" xbr="201.43" ybr="798.86" z_order="0">
      <attribute name="Adipose Clipped">No</attribute>
      <attribute name="Confidence Level">3</attribute>
      <attribute name="Injury">Yes</attribute>
      <attribute name="Notes">Fin Wear</attribute>
      <attribute name="Sex">Jack</attribute>
      <attribute name="View">Side</attribute>
    </box>
    <box frame="95" outside="0" occluded="0" keyframe="1" xtl="0.00" ytl="586.70" xbr="219.80" ybr="804.50" z_order="0">
      <attribute name="Adipose Clipped">No</attribute>
      <attribute name="Confidence Level">3</attribute>
      <attribute name="Injury">Yes</attribute>
      <attribute name="Notes">Fin Wear</attribute>
      <attribute name="Sex">Jack</attribute>
      <attribute name="View">Side</attribute>
    </box>
    <box frame="96" outside="0" occluded="0" keyframe="0" xtl="0.00" ytl="586.70" xbr="239.91" ybr="806.78" z_order="0">
      <attribute name="Adipose Clipped">No</attribute>
      <attribute name="Confidence Level">3</attribute>
      <attribute name="Injury">Yes</attribute>
      <attribute name="Notes">Fin Wear</attribute>
      <attribute name="Sex">Jack</attribute>
      <attribute name="View">Side</attribute>
    </box>
    <box frame="97" outside="0" occluded="0" keyframe="0" xtl="0.00" ytl="586.70" xbr="260.02" ybr="809.06" z_order="0">
      <attribute name="Adipose Clipped">No</attribute>
      <attribute name="Confidence Level">3</attribute>
      <attribute name="Injury">Yes</attribute>
      <attribute name="Notes">Fin Wear</attribute>
      <attribute name="Sex">Jack</attribute>
      <attribute name="View">Side</attribute>
    </box>
    <box frame="98" outside="0" occluded="0" keyframe="0" xtl="0.00" ytl="586.70" xbr="280.13" ybr="811.34" z_order="0">
      <attribute name="Adipose Clipped">No</attribute>
      <attribute name="Confidence Level">3</attribute>
      <attribute name="Injury">Yes</attribute>
      <attribute name="Notes">Fin Wear</attribute>
      <attribute name="Sex">Jack</attribute>
      <attribute name="View">Side</attribute>
    </box>
    <box frame="99" outside="0" occluded="0" keyframe="0" xtl="0.00" ytl="586.70" xbr="300.24" ybr="813.62" z_order="0">
      <attribute name="Adipose Clipped">No</attribute>
      <attribute name="Confidence Level">3</attribute>
      <attribute name="Injury">Yes</attribute>
      <attribute name="Notes">Fin Wear</attribute>
      <attribute name="Sex">Jack</attribute>
      <attribute name="View">Side</attribute>
    </box>
    <box frame="100" outside="0" occluded="0" keyframe="0" xtl="0.00" ytl="586.70" xbr="320.35" ybr="815.90" z_order="0">
      <attribute name="Adipose Clipped">No</attribute>
      <attribute name="Confidence Level">3</attribute>
      <attribute name="Injury">Yes</attribute>
      <attribute name="Notes">Fin Wear</attribute>
      <attribute name="Sex">Jack</attribute>
      <attribute name="View">Side</attribute>
    </box>
    <box frame="101" outside="0" occluded="0" keyframe="0" xtl="0.00" ytl="586.70" xbr="340.46" ybr="818.18" z_order="0">
      <attribute name="Adipose Clipped">No</attribute>
      <attribute name="Confidence Level">3</attribute>
      <attribute name="Injury">Yes</attribute>
      <attribute name="Notes">Fin Wear</attribute>
      <attribute name="Sex">Jack</attribute>
      <attribute name="View">Side</attribute>
    </box>
    <box frame="102" outside="0" occluded="0" keyframe="0" xtl="0.00" ytl="586.70" xbr="360.57" ybr="820.46" z_order="0">
      <attribute name="Adipose Clipped">No</attribute>
      <attribute name="Confidence Level">3</attribute>
      <attribute name="Injury">Yes</attribute>
      <attribute name="Notes">Fin Wear</attribute>
      <attribute name="Sex">Jack</attribute>
      <attribute name="View">Side</attribute>
    </box>
    <box frame="103" outside="0" occluded="0" keyframe="0" xtl="0.00" ytl="586.70" xbr="380.68" ybr="822.74" z_order="0">
      <attribute name="Adipose Clipped">No</attribute>
      <attribute name="Confidence Level">3</attribute>
      <attribute name="Injury">Yes</attribute>
      <attribute name="Notes">Fin Wear</attribute>
      <attribute name="Sex">Jack</attribute>
      <attribute name="View">Side</attribute>
    </box>
    <box frame="104" outside="0" occluded="0" keyframe="0" xtl="0.00" ytl="586.70" xbr="400.79" ybr="825.02" z_order="0">
      <attribute name="Adipose Clipped">No</attribute>
      <attribute name="Confidence Level">3</attribute>
      <attribute name="Injury">Yes</attribute>
      <attribute name="Notes">Fin Wear</attribute>
      <attribute name="Sex">Jack</attribute>
      <attribute name="View">Side</attribute>
    </box>
    <box frame="105" outside="0" occluded="0" keyframe="1" xtl="0.00" ytl="586.70" xbr="420.90" ybr="827.30" z_order="0">
      <attribute name="Adipose Clipped">No</attribute>
      <attribute name="Confidence Level">3</attribute>
      <attribute name="Injury">Yes</attribute>
      <attribute name="Notes">Fin Wear</attribute>
      <attribute name="Sex">Jack</attribute>
      <attribute name="View">Side</attribute>
    </box>
    <box frame="106" outside="0" occluded="0" keyframe="0" xtl="0.00" ytl="586.70" xbr="443.71" ybr="827.30" z_order="0">
      <attribute name="Adipose Clipped">No</attribute>
      <attribute name="Confidence Level">3</attribute>
      <attribute name="Injury">Yes</attribute>
      <attribute name="Notes">Fin Wear</attribute>
      <attribute name="Sex">Jack</attribute>
      <attribute name="View">Side</attribute>
    </box>
    <box frame="107" outside="0" occluded="0" keyframe="0" xtl="0.00" ytl="586.70" xbr="466.52" ybr="827.30" z_order="0">
      <attribute name="Adipose Clipped">No</attribute>
      <attribute name="Confidence Level">3</attribute>
      <attribute name="Injury">Yes</attribute>
      <attribute name="Notes">Fin Wear</attribute>
      <attribute name="Sex">Jack</attribute>
      <attribute name="View">Side</attribute>
    </box>
    <box frame="108" outside="0" occluded="0" keyframe="0" xtl="0.00" ytl="586.70" xbr="489.33" ybr="827.30" z_order="0">
      <attribute name="Adipose Clipped">No</attribute>
      <attribute name="Confidence Level">3</attribute>
      <attribute name="Injury">Yes</attribute>
      <attribute name="Notes">Fin Wear</attribute>
      <attribute name="Sex">Jack</attribute>
      <attribute name="View">Side</attribute>
    </box>
    <box frame="109" outside="0" occluded="0" keyframe="0" xtl="0.00" ytl="586.70" xbr="512.14" ybr="827.30" z_order="0">
      <attribute name="Adipose Clipped">No</attribute>
      <attribute name="Confidence Level">3</attribute>
      <attribute name="Injury">Yes</attribute>
      <attribute name="Notes">Fin Wear</attribute>
      <attribute name="Sex">Jack</attribute>
      <attribute name="View">Side</attribute>
    </box>
    <box frame="110" outside="0" occluded="0" keyframe="0" xtl="0.00" ytl="586.70" xbr="534.95" ybr="827.30" z_order="0">
      <attribute name="Adipose Clipped">No</attribute>
      <attribute name="Confidence Level">3</attribute>
      <attribute name="Injury">Yes</attribute>
      <attribute name="Notes">Fin Wear</attribute>
      <attribute name="Sex">Jack</attribute>
      <attribute name="View">Side</attribute>
    </box>
    <box frame="111" outside="0" occluded="0" keyframe="0" xtl="0.00" ytl="586.70" xbr="557.76" ybr="827.30" z_order="0">
      <attribute name="Adipose Clipped">No</attribute>
      <attribute name="Confidence Level">3</attribute>
      <attribute name="Injury">Yes</attribute>
      <attribute name="Notes">Fin Wear</attribute>
      <attribute name="Sex">Jack</attribute>
      <attribute name="View">Side</attribute>
    </box>
    <box frame="112" outside="0" occluded="0" keyframe="0" xtl="0.00" ytl="586.70" xbr="580.57" ybr="827.30" z_order="0">
      <attribute name="Adipose Clipped">No</attribute>
      <attribute name="Confidence Level">3</attribute>
      <attribute name="Injury">Yes</attribute>
      <attribute name="Notes">Fin Wear</attribute>
      <attribute name="Sex">Jack</attribute>
      <attribute name="View">Side</attribute>
    </box>
    <box frame="113" outside="0" occluded="0" keyframe="0" xtl="0.00" ytl="586.70" xbr="603.38" ybr="827.30" z_order="0">
      <attribute name="Adipose Clipped">No</attribute>
      <attribute name="Confidence Level">3</attribute>
      <attribute name="Injury">Yes</attribute>
      <attribute name="Notes">Fin Wear</attribute>
      <attribute name="Sex">Jack</attribute>
      <attribute name="View">Side</attribute>
    </box>
    <box frame="114" outside="0" occluded="0" keyframe="0" xtl="0.00" ytl="586.70" xbr="626.19" ybr="827.30" z_order="0">
      <attribute name="Adipose Clipped">No</attribute>
      <attribute name="Confidence Level">3</attribute>
      <attribute name="Injury">Yes</attribute>
      <attribute name="Notes">Fin Wear</attribute>
      <attribute name="Sex">Jack</attribute>
      <attribute name="View">Side</attribute>
    </box>
    <box frame="115" outside="0" occluded="0" keyframe="1" xtl="0.00" ytl="586.70" xbr="649.00" ybr="827.30" z_order="0">
      <attribute name="Adipose Clipped">No</attribute>
      <attribute name="Confidence Level">3</attribute>
      <attribute name="Injury">Yes</attribute>
      <attribute name="Notes">Fin Wear</attribute>
      <attribute name="Sex">Jack</attribute>
      <attribute name="View">Side</attribute>
    </box>
    <box frame="116" outside="0" occluded="0" keyframe="0" xtl="0.00" ytl="586.70" xbr="670.77" ybr="832.48" z_order="0">
      <attribute name="Adipose Clipped">No</attribute>
      <attribute name="Confidence Level">3</attribute>
      <attribute name="Injury">Yes</attribute>
      <attribute name="Notes">Fin Wear</attribute>
      <attribute name="Sex">Jack</attribute>
      <attribute name="View">Side</attribute>
    </box>
    <box frame="117" outside="0" occluded="0" keyframe="0" xtl="0.00" ytl="586.70" xbr="692.54" ybr="837.66" z_order="0">
      <attribute name="Adipose Clipped">No</attribute>
      <attribute name="Confidence Level">3</attribute>
      <attribute name="Injury">Yes</attribute>
      <attribute name="Notes">Fin Wear</attribute>
      <attribute name="Sex">Jack</attribute>
      <attribute name="View">Side</attribute>
    </box>
    <box frame="118" outside="0" occluded="0" keyframe="0" xtl="0.00" ytl="586.70" xbr="714.31" ybr="842.84" z_order="0">
      <attribute name="Adipose Clipped">No</attribute>
      <attribute name="Confidence Level">3</attribute>
      <attribute name="Injury">Yes</attribute>
      <attribute name="Notes">Fin Wear</attribute>
      <attribute name="Sex">Jack</attribute>
      <attribute name="View">Side</attribute>
    </box>
    <box frame="119" outside="0" occluded="0" keyframe="0" xtl="0.00" ytl="586.70" xbr="736.08" ybr="848.02" z_order="0">
      <attribute name="Adipose Clipped">No</attribute>
      <attribute name="Confidence Level">3</attribute>
      <attribute name="Injury">Yes</attribute>
      <attribute name="Notes">Fin Wear</attribute>
      <attribute name="Sex">Jack</attribute>
      <attribute name="View">Side</attribute>
    </box>
    <box frame="120" outside="0" occluded="0" keyframe="0" xtl="0.00" ytl="586.70" xbr="757.85" ybr="853.20" z_order="0">
      <attribute name="Adipose Clipped">No</attribute>
      <attribute name="Confidence Level">3</attribute>
      <attribute name="Injury">Yes</attribute>
      <attribute name="Notes">Fin Wear</attribute>
      <attribute name="Sex">Jack</attribute>
      <attribute name="View">Side</attribute>
    </box>
    <box frame="121" outside="0" occluded="0" keyframe="0" xtl="0.00" ytl="586.70" xbr="779.62" ybr="858.38" z_order="0">
      <attribute name="Adipose Clipped">No</attribute>
      <attribute name="Confidence Level">3</attribute>
      <attribute name="Injury">Yes</attribute>
      <attribute name="Notes">Fin Wear</attribute>
      <attribute name="Sex">Jack</attribute>
      <attribute name="View">Side</attribute>
    </box>
    <box frame="122" outside="0" occluded="0" keyframe="0" xtl="0.00" ytl="586.70" xbr="801.39" ybr="863.56" z_order="0">
      <attribute name="Adipose Clipped">No</attribute>
      <attribute name="Confidence Level">3</attribute>
      <attribute name="Injury">Yes</attribute>
      <attribute name="Notes">Fin Wear</attribute>
      <attribute name="Sex">Jack</attribute>
      <attribute name="View">Side</attribute>
    </box>
    <box frame="123" outside="0" occluded="0" keyframe="0" xtl="0.00" ytl="586.70" xbr="823.16" ybr="868.74" z_order="0">
      <attribute name="Adipose Clipped">No</attribute>
      <attribute name="Confidence Level">3</attribute>
      <attribute name="Injury">Yes</attribute>
      <attribute name="Notes">Fin Wear</attribute>
      <attribute name="Sex">Jack</attribute>
      <attribute name="View">Side</attribute>
    </box>
    <box frame="124" outside="0" occluded="0" keyframe="0" xtl="0.00" ytl="586.70" xbr="844.93" ybr="873.92" z_order="0">
      <attribute name="Adipose Clipped">No</attribute>
      <attribute name="Confidence Level">3</attribute>
      <attribute name="Injury">Yes</attribute>
      <attribute name="Notes">Fin Wear</attribute>
      <attribute name="Sex">Jack</attribute>
      <attribute name="View">Side</attribute>
    </box>
    <box frame="125" outside="0" occluded="0" keyframe="1" xtl="0.00" ytl="586.70" xbr="866.70" ybr="879.10" z_order="0">
      <attribute name="Adipose Clipped">No</attribute>
      <attribute name="Confidence Level">3</attribute>
      <attribute name="Injury">Yes</attribute>
      <attribute name="Notes">Fin Wear</attribute>
      <attribute name="Sex">Jack</attribute>
      <attribute name="View">Side</attribute>
    </box>
    <box frame="126" outside="0" occluded="0" keyframe="0" xtl="34.66" ytl="586.11" xbr="901.36" ybr="878.51" z_order="0">
      <attribute name="Adipose Clipped">No</attribute>
      <attribute name="Confidence Level">3</attribute>
      <attribute name="Injury">Yes</attribute>
      <attribute name="Notes">Fin Wear</attribute>
      <attribute name="Sex">Jack</attribute>
      <attribute name="View">Side</attribute>
    </box>
    <box frame="127" outside="0" occluded="0" keyframe="0" xtl="69.31" ytl="585.52" xbr="936.01" ybr="877.92" z_order="0">
      <attribute name="Adipose Clipped">No</attribute>
      <attribute name="Confidence Level">3</attribute>
      <attribute name="Injury">Yes</attribute>
      <attribute name="Notes">Fin Wear</attribute>
      <attribute name="Sex">Jack</attribute>
      <attribute name="View">Side</attribute>
    </box>
    <box frame="128" outside="0" occluded="0" keyframe="0" xtl="103.97" ytl="584.92" xbr="970.67" ybr="877.32" z_order="0">
      <attribute name="Adipose Clipped">No</attribute>
      <attribute name="Confidence Level">3</attribute>
      <attribute name="Injury">Yes</attribute>
      <attribute name="Notes">Fin Wear</attribute>
      <attribute name="Sex">Jack</attribute>
      <attribute name="View">Side</attribute>
    </box>
    <box frame="129" outside="0" occluded="0" keyframe="0" xtl="138.62" ytl="584.33" xbr="1005.32" ybr="876.73" z_order="0">
      <attribute name="Adipose Clipped">No</attribute>
      <attribute name="Confidence Level">3</attribute>
      <attribute name="Injury">Yes</attribute>
      <attribute name="Notes">Fin Wear</attribute>
      <attribute name="Sex">Jack</attribute>
      <attribute name="View">Side</attribute>
    </box>
    <box frame="130" outside="0" occluded="0" keyframe="0" xtl="173.28" ytl="583.74" xbr="1039.98" ybr="876.14" z_order="0">
      <attribute name="Adipose Clipped">No</attribute>
      <attribute name="Confidence Level">3</attribute>
      <attribute name="Injury">Yes</attribute>
      <attribute name="Notes">Fin Wear</attribute>
      <attribute name="Sex">Jack</attribute>
      <attribute name="View">Side</attribute>
    </box>
    <box frame="131" outside="0" occluded="0" keyframe="0" xtl="207.94" ytl="583.15" xbr="1074.64" ybr="875.55" z_order="0">
      <attribute name="Adipose Clipped">No</attribute>
      <attribute name="Confidence Level">3</attribute>
      <attribute name="Injury">Yes</attribute>
      <attribute name="Notes">Fin Wear</attribute>
      <attribute name="Sex">Jack</attribute>
      <attribute name="View">Side</attribute>
    </box>
    <box frame="132" outside="0" occluded="0" keyframe="1" xtl="242.59" ytl="582.55" xbr="1109.29" ybr="874.95" z_order="0">
      <attribute name="Adipose Clipped">No</attribute>
      <attribute name="Confidence Level">3</attribute>
      <attribute name="Injury">Yes</attribute>
      <attribute name="Notes">Fin Wear</attribute>
      <attribute name="Sex">Jack</attribute>
      <attribute name="View">Side</attribute>
    </box>
    <box frame="133" outside="0" occluded="0" keyframe="0" xtl="261.05" ytl="582.55" xbr="1127.75" ybr="874.95" z_order="0">
      <attribute name="Adipose Clipped">No</attribute>
      <attribute name="Confidence Level">3</attribute>
      <attribute name="Injury">Yes</attribute>
      <attribute name="Notes">Fin Wear</attribute>
      <attribute name="Sex">Jack</attribute>
      <attribute name="View">Side</attribute>
    </box>
    <box frame="134" outside="0" occluded="0" keyframe="0" xtl="279.50" ytl="582.55" xbr="1146.20" ybr="874.95" z_order="0">
      <attribute name="Adipose Clipped">No</attribute>
      <attribute name="Confidence Level">3</attribute>
      <attribute name="Injury">Yes</attribute>
      <attribute name="Notes">Fin Wear</attribute>
      <attribute name="Sex">Jack</attribute>
      <attribute name="View">Side</attribute>
    </box>
    <box frame="135" outside="0" occluded="0" keyframe="0" xtl="297.95" ytl="582.55" xbr="1164.65" ybr="874.95" z_order="0">
      <attribute name="Adipose Clipped">No</attribute>
      <attribute name="Confidence Level">3</attribute>
      <attribute name="Injury">Yes</attribute>
      <attribute name="Notes">Fin Wear</attribute>
      <attribute name="Sex">Jack</attribute>
      <attribute name="View">Side</attribute>
    </box>
    <box frame="136" outside="0" occluded="0" keyframe="0" xtl="316.41" ytl="582.55" xbr="1183.11" ybr="874.95" z_order="0">
      <attribute name="Adipose Clipped">No</attribute>
      <attribute name="Confidence Level">3</attribute>
      <attribute name="Injury">Yes</attribute>
      <attribute name="Notes">Fin Wear</attribute>
      <attribute name="Sex">Jack</attribute>
      <attribute name="View">Side</attribute>
    </box>
    <box frame="137" outside="0" occluded="0" keyframe="0" xtl="334.86" ytl="582.55" xbr="1201.56" ybr="874.95" z_order="0">
      <attribute name="Adipose Clipped">No</attribute>
      <attribute name="Confidence Level">3</attribute>
      <attribute name="Injury">Yes</attribute>
      <attribute name="Notes">Fin Wear</attribute>
      <attribute name="Sex">Jack</attribute>
      <attribute name="View">Side</attribute>
    </box>
    <box frame="138" outside="0" occluded="0" keyframe="0" xtl="353.31" ytl="582.55" xbr="1220.01" ybr="874.95" z_order="0">
      <attribute name="Adipose Clipped">No</attribute>
      <attribute name="Confidence Level">3</attribute>
      <attribute name="Injury">Yes</attribute>
      <attribute name="Notes">Fin Wear</attribute>
      <attribute name="Sex">Jack</attribute>
      <attribute name="View">Side</attribute>
    </box>
    <box frame="139" outside="0" occluded="0" keyframe="0" xtl="371.77" ytl="582.55" xbr="1238.47" ybr="874.95" z_order="0">
      <attribute name="Adipose Clipped">No</attribute>
      <attribute name="Confidence Level">3</attribute>
      <attribute name="Injury">Yes</attribute>
      <attribute name="Notes">Fin Wear</attribute>
      <attribute name="Sex">Jack</attribute>
      <attribute name="View">Side</attribute>
    </box>
    <box frame="140" outside="0" occluded="0" keyframe="0" xtl="390.22" ytl="582.55" xbr="1256.92" ybr="874.95" z_order="0">
      <attribute name="Adipose Clipped">No</attribute>
      <attribute name="Confidence Level">3</attribute>
      <attribute name="Injury">Yes</attribute>
      <attribute name="Notes">Fin Wear</attribute>
      <attribute name="Sex">Jack</attribute>
      <attribute name="View">Side</attribute>
    </box>
    <box frame="141" outside="0" occluded="0" keyframe="0" xtl="408.67" ytl="582.55" xbr="1275.37" ybr="874.95" z_order="0">
      <attribute name="Adipose Clipped">No</attribute>
      <attribute name="Confidence Level">3</attribute>
      <attribute name="Injury">Yes</attribute>
      <attribute name="Notes">Fin Wear</attribute>
      <attribute name="Sex">Jack</attribute>
      <attribute name="View">Side</attribute>
    </box>
    <box frame="142" outside="0" occluded="0" keyframe="1" xtl="427.13" ytl="582.55" xbr="1293.83" ybr="874.95" z_order="0">
      <attribute name="Adipose Clipped">No</attribute>
      <attribute name="Confidence Level">3</attribute>
      <attribute name="Injury">Yes</attribute>
      <attribute name="Notes">Fin Wear</attribute>
      <attribute name="Sex">Jack</attribute>
      <attribute name="View">Side</attribute>
    </box>
    <box frame="143" outside="0" occluded="0" keyframe="0" xtl="450.14" ytl="582.35" xbr="1316.84" ybr="874.75" z_order="0">
      <attribute name="Adipose Clipped">No</attribute>
      <attribute name="Confidence Level">3</attribute>
      <attribute name="Injury">Yes</attribute>
      <attribute name="Notes">Fin Wear</attribute>
      <attribute name="Sex">Jack</attribute>
      <attribute name="View">Side</attribute>
    </box>
    <box frame="144" outside="0" occluded="0" keyframe="0" xtl="473.16" ytl="582.14" xbr="1339.86" ybr="874.54" z_order="0">
      <attribute name="Adipose Clipped">No</attribute>
      <attribute name="Confidence Level">3</attribute>
      <attribute name="Injury">Yes</attribute>
      <attribute name="Notes">Fin Wear</attribute>
      <attribute name="Sex">Jack</attribute>
      <attribute name="View">Side</attribute>
    </box>
    <box frame="145" outside="0" occluded="0" keyframe="0" xtl="496.17" ytl="581.93" xbr="1362.87" ybr="874.33" z_order="0">
      <attribute name="Adipose Clipped">No</attribute>
      <attribute name="Confidence Level">3</attribute>
      <attribute name="Injury">Yes</attribute>
      <attribute name="Notes">Fin Wear</attribute>
      <attribute name="Sex">Jack</attribute>
      <attribute name="View">Side</attribute>
    </box>
    <box frame="146" outside="0" occluded="0" keyframe="0" xtl="519.19" ytl="581.72" xbr="1385.89" ybr="874.12" z_order="0">
      <attribute name="Adipose Clipped">No</attribute>
      <attribute name="Confidence Level">3</attribute>
      <attribute name="Injury">Yes</attribute>
      <attribute name="Notes">Fin Wear</attribute>
      <attribute name="Sex">Jack</attribute>
      <attribute name="View">Side</attribute>
    </box>
    <box frame="147" outside="0" occluded="0" keyframe="0" xtl="542.20" ytl="581.52" xbr="1408.90" ybr="873.92" z_order="0">
      <attribute name="Adipose Clipped">No</attribute>
      <attribute name="Confidence Level">3</attribute>
      <attribute name="Injury">Yes</attribute>
      <attribute name="Notes">Fin Wear</attribute>
      <attribute name="Sex">Jack</attribute>
      <attribute name="View">Side</attribute>
    </box>
    <box frame="148" outside="0" occluded="0" keyframe="0" xtl="565.22" ytl="581.31" xbr="1431.92" ybr="873.71" z_order="0">
      <attribute name="Adipose Clipped">No</attribute>
      <attribute name="Confidence Level">3</attribute>
      <attribute name="Injury">Yes</attribute>
      <attribute name="Notes">Fin Wear</attribute>
      <attribute name="Sex">Jack</attribute>
      <attribute name="View">Side</attribute>
    </box>
    <box frame="149" outside="0" occluded="0" keyframe="0" xtl="588.23" ytl="581.10" xbr="1454.93" ybr="873.50" z_order="0">
      <attribute name="Adipose Clipped">No</attribute>
      <attribute name="Confidence Level">3</attribute>
      <attribute name="Injury">Yes</attribute>
      <attribute name="Notes">Fin Wear</attribute>
      <attribute name="Sex">Jack</attribute>
      <attribute name="View">Side</attribute>
    </box>
    <box frame="150" outside="0" occluded="0" keyframe="0" xtl="611.25" ytl="580.90" xbr="1477.95" ybr="873.29" z_order="0">
      <attribute name="Adipose Clipped">No</attribute>
      <attribute name="Confidence Level">3</attribute>
      <attribute name="Injury">Yes</attribute>
      <attribute name="Notes">Fin Wear</attribute>
      <attribute name="Sex">Jack</attribute>
      <attribute name="View">Side</attribute>
    </box>
    <box frame="151" outside="0" occluded="0" keyframe="0" xtl="634.26" ytl="580.69" xbr="1500.96" ybr="873.09" z_order="0">
      <attribute name="Adipose Clipped">No</attribute>
      <attribute name="Confidence Level">3</attribute>
      <attribute name="Injury">Yes</attribute>
      <attribute name="Notes">Fin Wear</attribute>
      <attribute name="Sex">Jack</attribute>
      <attribute name="View">Side</attribute>
    </box>
    <box frame="152" outside="0" occluded="0" keyframe="1" xtl="657.28" ytl="580.48" xbr="1523.98" ybr="872.88" z_order="0">
      <attribute name="Adipose Clipped">No</attribute>
      <attribute name="Confidence Level">3</attribute>
      <attribute name="Injury">Yes</attribute>
      <attribute name="Notes">Fin Wear</attribute>
      <attribute name="Sex">Jack</attribute>
      <attribute name="View">Side</attribute>
    </box>
    <box frame="153" outside="0" occluded="0" keyframe="0" xtl="676.15" ytl="580.90" xbr="1542.85" ybr="873.29" z_order="0">
      <attribute name="Adipose Clipped">No</attribute>
      <attribute name="Confidence Level">3</attribute>
      <attribute name="Injury">Yes</attribute>
      <attribute name="Notes">Fin Wear</attribute>
      <attribute name="Sex">Jack</attribute>
      <attribute name="View">Side</attribute>
    </box>
    <box frame="154" outside="0" occluded="0" keyframe="0" xtl="695.01" ytl="581.31" xbr="1561.71" ybr="873.71" z_order="0">
      <attribute name="Adipose Clipped">No</attribute>
      <attribute name="Confidence Level">3</attribute>
      <attribute name="Injury">Yes</attribute>
      <attribute name="Notes">Fin Wear</attribute>
      <attribute name="Sex">Jack</attribute>
      <attribute name="View">Side</attribute>
    </box>
    <box frame="155" outside="0" occluded="0" keyframe="0" xtl="713.88" ytl="581.72" xbr="1580.58" ybr="874.12" z_order="0">
      <attribute name="Adipose Clipped">No</attribute>
      <attribute name="Confidence Level">3</attribute>
      <attribute name="Injury">Yes</attribute>
      <attribute name="Notes">Fin Wear</attribute>
      <attribute name="Sex">Jack</attribute>
      <attribute name="View">Side</attribute>
    </box>
    <box frame="156" outside="0" occluded="0" keyframe="0" xtl="732.75" ytl="582.14" xbr="1599.45" ybr="874.54" z_order="0">
      <attribute name="Adipose Clipped">No</attribute>
      <attribute name="Confidence Level">3</attribute>
      <attribute name="Injury">Yes</attribute>
      <attribute name="Notes">Fin Wear</attribute>
      <attribute name="Sex">Jack</attribute>
      <attribute name="View">Side</attribute>
    </box>
    <box frame="157" outside="0" occluded="0" keyframe="0" xtl="751.62" ytl="582.55" xbr="1618.32" ybr="874.95" z_order="0">
      <attribute name="Adipose Clipped">No</attribute>
      <attribute name="Confidence Level">3</attribute>
      <attribute name="Injury">Yes</attribute>
      <attribute name="Notes">Fin Wear</attribute>
      <attribute name="Sex">Jack</attribute>
      <attribute name="View">Side</attribute>
    </box>
    <box frame="158" outside="0" occluded="0" keyframe="0" xtl="770.49" ytl="582.97" xbr="1637.19" ybr="875.37" z_order="0">
      <attribute name="Adipose Clipped">No</attribute>
      <attribute name="Confidence Level">3</attribute>
      <attribute name="Injury">Yes</attribute>
      <attribute name="Notes">Fin Wear</attribute>
      <attribute name="Sex">Jack</attribute>
      <attribute name="View">Side</attribute>
    </box>
    <box frame="159" outside="0" occluded="0" keyframe="0" xtl="789.36" ytl="583.38" xbr="1656.06" ybr="875.78" z_order="0">
      <attribute name="Adipose Clipped">No</attribute>
      <attribute name="Confidence Level">3</attribute>
      <attribute name="Injury">Yes</attribute>
      <attribute name="Notes">Fin Wear</attribute>
      <attribute name="Sex">Jack</attribute>
      <attribute name="View">Side</attribute>
    </box>
    <box frame="160" outside="0" occluded="0" keyframe="0" xtl="808.22" ytl="583.80" xbr="1674.92" ybr="876.20" z_order="0">
      <attribute name="Adipose Clipped">No</attribute>
      <attribute name="Confidence Level">3</attribute>
      <attribute name="Injury">Yes</attribute>
      <attribute name="Notes">Fin Wear</attribute>
      <attribute name="Sex">Jack</attribute>
      <attribute name="View">Side</attribute>
    </box>
    <box frame="161" outside="0" occluded="0" keyframe="0" xtl="827.09" ytl="584.21" xbr="1693.79" ybr="876.61" z_order="0">
      <attribute name="Adipose Clipped">No</attribute>
      <attribute name="Confidence Level">3</attribute>
      <attribute name="Injury">Yes</attribute>
      <attribute name="Notes">Fin Wear</attribute>
      <attribute name="Sex">Jack</attribute>
      <attribute name="View">Side</attribute>
    </box>
    <box frame="162" outside="0" occluded="0" keyframe="1" xtl="845.96" ytl="584.63" xbr="1712.66" ybr="877.03" z_order="0">
      <attribute name="Adipose Clipped">No</attribute>
      <attribute name="Confidence Level">3</attribute>
      <attribute name="Injury">Yes</attribute>
      <attribute name="Notes">Fin Wear</attribute>
      <attribute name="Sex">Jack</attribute>
      <attribute name="View">Side</attribute>
    </box>
    <box frame="163" outside="0" occluded="0" keyframe="0" xtl="868.15" ytl="582.14" xbr="1733.39" ybr="874.54" z_order="0">
      <attribute name="Adipose Clipped">No</attribute>
      <attribute name="Confidence Level">3</attribute>
      <attribute name="Injury">Yes</attribute>
      <attribute name="Notes">Fin Wear</attribute>
      <attribute name="Sex">Jack</attribute>
      <attribute name="View">Side</attribute>
    </box>
    <box frame="164" outside="0" occluded="0" keyframe="0" xtl="890.33" ytl="579.65" xbr="1754.13" ybr="872.05" z_order="0">
      <attribute name="Adipose Clipped">No</attribute>
      <attribute name="Confidence Level">3</attribute>
      <attribute name="Injury">Yes</attribute>
      <attribute name="Notes">Fin Wear</attribute>
      <attribute name="Sex">Jack</attribute>
      <attribute name="View">Side</attribute>
    </box>
    <box frame="165" outside="0" occluded="0" keyframe="0" xtl="912.52" ytl="577.16" xbr="1774.86" ybr="869.56" z_order="0">
      <attribute name="Adipose Clipped">No</attribute>
      <attribute name="Confidence Level">3</attribute>
      <attribute name="Injury">Yes</attribute>
      <attribute name="Notes">Fin Wear</attribute>
      <attribute name="Sex">Jack</attribute>
      <attribute name="View">Side</attribute>
    </box>
    <box frame="166" outside="0" occluded="0" keyframe="0" xtl="934.70" ytl="574.67" xbr="1795.60" ybr="867.07" z_order="0">
      <attribute name="Adipose Clipped">No</attribute>
      <attribute name="Confidence Level">3</attribute>
      <attribute name="Injury">Yes</attribute>
      <attribute name="Notes">Fin Wear</attribute>
      <attribute name="Sex">Jack</attribute>
      <attribute name="View">Side</attribute>
    </box>
    <box frame="167" outside="0" occluded="0" keyframe="0" xtl="956.89" ytl="572.19" xbr="1816.33" ybr="864.59" z_order="0">
      <attribute name="Adipose Clipped">No</attribute>
      <attribute name="Confidence Level">3</attribute>
      <attribute name="Injury">Yes</attribute>
      <attribute name="Notes">Fin Wear</attribute>
      <attribute name="Sex">Jack</attribute>
      <attribute name="View">Side</attribute>
    </box>
    <box frame="168" outside="0" occluded="0" keyframe="0" xtl="979.07" ytl="569.70" xbr="1837.06" ybr="862.10" z_order="0">
      <attribute name="Adipose Clipped">No</attribute>
      <attribute name="Confidence Level">3</attribute>
      <attribute name="Injury">Yes</attribute>
      <attribute name="Notes">Fin Wear</attribute>
      <attribute name="Sex">Jack</attribute>
      <attribute name="View">Side</attribute>
    </box>
    <box frame="169" outside="0" occluded="0" keyframe="0" xtl="1001.26" ytl="567.21" xbr="1857.80" ybr="859.61" z_order="0">
      <attribute name="Adipose Clipped">No</attribute>
      <attribute name="Confidence Level">3</attribute>
      <attribute name="Injury">Yes</attribute>
      <attribute name="Notes">Fin Wear</attribute>
      <attribute name="Sex">Jack</attribute>
      <attribute name="View">Side</attribute>
    </box>
    <box frame="170" outside="0" occluded="0" keyframe="0" xtl="1023.45" ytl="564.72" xbr="1878.53" ybr="857.12" z_order="0">
      <attribute name="Adipose Clipped">No</attribute>
      <attribute name="Confidence Level">3</attribute>
      <attribute name="Injury">Yes</attribute>
      <attribute name="Notes">Fin Wear</attribute>
      <attribute name="Sex">Jack</attribute>
      <attribute name="View">Side</attribute>
    </box>
    <box frame="171" outside="0" occluded="0" keyframe="0" xtl="1045.63" ytl="562.23" xbr="1899.27" ybr="854.63" z_order="0">
      <attribute name="Adipose Clipped">No</attribute>
      <attribute name="Confidence Level">3</attribute>
      <attribute name="Injury">Yes</attribute>
      <attribute name="Notes">Fin Wear</attribute>
      <attribute name="Sex">Jack</attribute>
      <attribute name="View">Side</attribute>
    </box>
    <box frame="172" outside="0" occluded="0" keyframe="1" xtl="1067.82" ytl="559.75" xbr="1920.00" ybr="852.14" z_order="0">
      <attribute name="Adipose Clipped">No</attribute>
      <attribute name="Confidence Level">3</attribute>
      <attribute name="Injury">Yes</attribute>
      <attribute name="Notes">Fin Wear</attribute>
      <attribute name="Sex">Jack</attribute>
      <attribute name="View">Side</attribute>
    </box>
    <box frame="173" outside="0" occluded="0" keyframe="0" xtl="1092.91" ytl="560.37" xbr="1920.00" ybr="850.49" z_order="0">
      <attribute name="Adipose Clipped">No</attribute>
      <attribute name="Confidence Level">3</attribute>
      <attribute name="Injury">Yes</attribute>
      <attribute name="Notes">Fin Wear</attribute>
      <attribute name="Sex">Jack</attribute>
      <attribute name="View">Side</attribute>
    </box>
    <box frame="174" outside="0" occluded="0" keyframe="0" xtl="1117.99" ytl="560.99" xbr="1920.00" ybr="848.84" z_order="0">
      <attribute name="Adipose Clipped">No</attribute>
      <attribute name="Confidence Level">3</attribute>
      <attribute name="Injury">Yes</attribute>
      <attribute name="Notes">Fin Wear</attribute>
      <attribute name="Sex">Jack</attribute>
      <attribute name="View">Side</attribute>
    </box>
    <box frame="175" outside="0" occluded="0" keyframe="0" xtl="1143.08" ytl="561.61" xbr="1920.00" ybr="847.18" z_order="0">
      <attribute name="Adipose Clipped">No</attribute>
      <attribute name="Confidence Level">3</attribute>
      <attribute name="Injury">Yes</attribute>
      <attribute name="Notes">Fin Wear</attribute>
      <attribute name="Sex">Jack</attribute>
      <attribute name="View">Side</attribute>
    </box>
    <box frame="176" outside="0" occluded="0" keyframe="0" xtl="1168.17" ytl="562.23" xbr="1920.00" ybr="845.53" z_order="0">
      <attribute name="Adipose Clipped">No</attribute>
      <attribute name="Confidence Level">3</attribute>
      <attribute name="Injury">Yes</attribute>
      <attribute name="Notes">Fin Wear</attribute>
      <attribute name="Sex">Jack</attribute>
      <attribute name="View">Side</attribute>
    </box>
    <box frame="177" outside="0" occluded="0" keyframe="0" xtl="1193.26" ytl="562.85" xbr="1920.00" ybr="843.87" z_order="0">
      <attribute name="Adipose Clipped">No</attribute>
      <attribute name="Confidence Level">3</attribute>
      <attribute name="Injury">Yes</attribute>
      <attribute name="Notes">Fin Wear</attribute>
      <attribute name="Sex">Jack</attribute>
      <attribute name="View">Side</attribute>
    </box>
    <box frame="178" outside="0" occluded="0" keyframe="0" xtl="1218.35" ytl="563.48" xbr="1920.00" ybr="842.22" z_order="0">
      <attribute name="Adipose Clipped">No</attribute>
      <attribute name="Confidence Level">3</attribute>
      <attribute name="Injury">Yes</attribute>
      <attribute name="Notes">Fin Wear</attribute>
      <attribute name="Sex">Jack</attribute>
      <attribute name="View">Side</attribute>
    </box>
    <box frame="179" outside="0" occluded="0" keyframe="0" xtl="1243.44" ytl="564.10" xbr="1920.00" ybr="840.56" z_order="0">
      <attribute name="Adipose Clipped">No</attribute>
      <attribute name="Confidence Level">3</attribute>
      <attribute name="Injury">Yes</attribute>
      <attribute name="Notes">Fin Wear</attribute>
      <attribute name="Sex">Jack</attribute>
      <attribute name="View">Side</attribute>
    </box>
    <box frame="180" outside="0" occluded="0" keyframe="0" xtl="1268.52" ytl="564.72" xbr="1920.00" ybr="838.91" z_order="0">
      <attribute name="Adipose Clipped">No</attribute>
      <attribute name="Confidence Level">3</attribute>
      <attribute name="Injury">Yes</attribute>
      <attribute name="Notes">Fin Wear</attribute>
      <attribute name="Sex">Jack</attribute>
      <attribute name="View">Side</attribute>
    </box>
    <box frame="181" outside="0" occluded="0" keyframe="0" xtl="1293.61" ytl="565.34" xbr="1920.00" ybr="837.25" z_order="0">
      <attribute name="Adipose Clipped">No</attribute>
      <attribute name="Confidence Level">3</attribute>
      <attribute name="Injury">Yes</attribute>
      <attribute name="Notes">Fin Wear</attribute>
      <attribute name="Sex">Jack</attribute>
      <attribute name="View">Side</attribute>
    </box>
    <box frame="182" outside="0" occluded="0" keyframe="1" xtl="1318.70" ytl="565.96" xbr="1920.00" ybr="835.60" z_order="0">
      <attribute name="Adipose Clipped">No</attribute>
      <attribute name="Confidence Level">3</attribute>
      <attribute name="Injury">Yes</attribute>
      <attribute name="Notes">Fin Wear</attribute>
      <attribute name="Sex">Jack</attribute>
      <attribute name="View">Side</attribute>
    </box>
    <box frame="183" outside="0" occluded="0" keyframe="0" xtl="1335.70" ytl="566.59" xbr="1920.00" ybr="834.15" z_order="0">
      <attribute name="Adipose Clipped">No</attribute>
      <attribute name="Confidence Level">3</attribute>
      <attribute name="Injury">Yes</attribute>
      <attribute name="Notes">Fin Wear</attribute>
      <attribute name="Sex">Jack</attribute>
      <attribute name="View">Side</attribute>
    </box>
    <box frame="184" outside="0" occluded="0" keyframe="0" xtl="1352.70" ytl="567.21" xbr="1920.00" ybr="832.70" z_order="0">
      <attribute name="Adipose Clipped">No</attribute>
      <attribute name="Confidence Level">3</attribute>
      <attribute name="Injury">Yes</attribute>
      <attribute name="Notes">Fin Wear</attribute>
      <attribute name="Sex">Jack</attribute>
      <attribute name="View">Side</attribute>
    </box>
    <box frame="185" outside="0" occluded="0" keyframe="0" xtl="1369.70" ytl="567.84" xbr="1920.00" ybr="831.25" z_order="0">
      <attribute name="Adipose Clipped">No</attribute>
      <attribute name="Confidence Level">3</attribute>
      <attribute name="Injury">Yes</attribute>
      <attribute name="Notes">Fin Wear</attribute>
      <attribute name="Sex">Jack</attribute>
      <attribute name="View">Side</attribute>
    </box>
    <box frame="186" outside="0" occluded="0" keyframe="0" xtl="1386.70" ytl="568.46" xbr="1920.00" ybr="829.79" z_order="0">
      <attribute name="Adipose Clipped">No</attribute>
      <attribute name="Confidence Level">3</attribute>
      <attribute name="Injury">Yes</attribute>
      <attribute name="Notes">Fin Wear</attribute>
      <attribute name="Sex">Jack</attribute>
      <attribute name="View">Side</attribute>
    </box>
    <box frame="187" outside="0" occluded="0" keyframe="0" xtl="1403.70" ytl="569.08" xbr="1920.00" ybr="828.34" z_order="0">
      <attribute name="Adipose Clipped">No</attribute>
      <attribute name="Confidence Level">3</attribute>
      <attribute name="Injury">Yes</attribute>
      <attribute name="Notes">Fin Wear</attribute>
      <attribute name="Sex">Jack</attribute>
      <attribute name="View">Side</attribute>
    </box>
    <box frame="188" outside="0" occluded="0" keyframe="0" xtl="1420.70" ytl="569.71" xbr="1920.00" ybr="826.89" z_order="0">
      <attribute name="Adipose Clipped">No</attribute>
      <attribute name="Confidence Level">3</attribute>
      <attribute name="Injury">Yes</attribute>
      <attribute name="Notes">Fin Wear</attribute>
      <attribute name="Sex">Jack</attribute>
      <attribute name="View">Side</attribute>
    </box>
    <box frame="189" outside="0" occluded="0" keyframe="0" xtl="1437.70" ytl="570.33" xbr="1920.00" ybr="825.44" z_order="0">
      <attribute name="Adipose Clipped">No</attribute>
      <attribute name="Confidence Level">3</attribute>
      <attribute name="Injury">Yes</attribute>
      <attribute name="Notes">Fin Wear</attribute>
      <attribute name="Sex">Jack</attribute>
      <attribute name="View">Side</attribute>
    </box>
    <box frame="190" outside="0" occluded="0" keyframe="0" xtl="1454.70" ytl="570.95" xbr="1920.00" ybr="823.99" z_order="0">
      <attribute name="Adipose Clipped">No</attribute>
      <attribute name="Confidence Level">3</attribute>
      <attribute name="Injury">Yes</attribute>
      <attribute name="Notes">Fin Wear</attribute>
      <attribute name="Sex">Jack</attribute>
      <attribute name="View">Side</attribute>
    </box>
    <box frame="191" outside="0" occluded="0" keyframe="0" xtl="1471.70" ytl="571.58" xbr="1920.00" ybr="822.54" z_order="0">
      <attribute name="Adipose Clipped">No</attribute>
      <attribute name="Confidence Level">3</attribute>
      <attribute name="Injury">Yes</attribute>
      <attribute name="Notes">Fin Wear</attribute>
      <attribute name="Sex">Jack</attribute>
      <attribute name="View">Side</attribute>
    </box>
    <box frame="192" outside="0" occluded="0" keyframe="1" xtl="1488.70" ytl="572.20" xbr="1920.00" ybr="821.09" z_order="0">
      <attribute name="Adipose Clipped">No</attribute>
      <attribute name="Confidence Level">3</attribute>
      <attribute name="Injury">Yes</attribute>
      <attribute name="Notes">Fin Wear</attribute>
      <attribute name="Sex">Jack</attribute>
      <attribute name="View">Side</attribute>
    </box>
    <box frame="193" outside="0" occluded="0" keyframe="0" xtl="1507.15" ytl="574.27" xbr="1920.00" ybr="820.46" z_order="0">
      <attribute name="Adipose Clipped">No</attribute>
      <attribute name="Confidence Level">3</attribute>
      <attribute name="Injury">Yes</attribute>
      <attribute name="Notes">Fin Wear</attribute>
      <attribute name="Sex">Jack</attribute>
      <attribute name="View">Side</attribute>
    </box>
    <box frame="194" outside="0" occluded="0" keyframe="0" xtl="1525.60" ytl="576.34" xbr="1920.00" ybr="819.84" z_order="0">
      <attribute name="Adipose Clipped">No</attribute>
      <attribute name="Confidence Level">3</attribute>
      <attribute name="Injury">Yes</attribute>
      <attribute name="Notes">Fin Wear</attribute>
      <attribute name="Sex">Jack</attribute>
      <attribute name="View">Side</attribute>
    </box>
    <box frame="195" outside="0" occluded="0" keyframe="0" xtl="1544.05" ytl="578.41" xbr="1920.00" ybr="819.22" z_order="0">
      <attribute name="Adipose Clipped">No</attribute>
      <attribute name="Confidence Level">3</attribute>
      <attribute name="Injury">Yes</attribute>
      <attribute name="Notes">Fin Wear</attribute>
      <attribute name="Sex">Jack</attribute>
      <attribute name="View">Side</attribute>
    </box>
    <box frame="196" outside="0" occluded="0" keyframe="0" xtl="1562.50" ytl="580.48" xbr="1920.00" ybr="818.60" z_order="0">
      <attribute name="Adipose Clipped">No</attribute>
      <attribute name="Confidence Level">3</attribute>
      <attribute name="Injury">Yes</attribute>
      <attribute name="Notes">Fin Wear</attribute>
      <attribute name="Sex">Jack</attribute>
      <attribute name="View">Side</attribute>
    </box>
    <box frame="197" outside="0" occluded="0" keyframe="0" xtl="1580.95" ytl="582.55" xbr="1920.00" ybr="817.98" z_order="0">
      <attribute name="Adipose Clipped">No</attribute>
      <attribute name="Confidence Level">3</attribute>
      <attribute name="Injury">Yes</attribute>
      <attribute name="Notes">Fin Wear</attribute>
      <attribute name="Sex">Jack</attribute>
      <attribute name="View">Side</attribute>
    </box>
    <box frame="198" outside="0" occluded="0" keyframe="0" xtl="1599.40" ytl="584.62" xbr="1920.00" ybr="817.35" z_order="0">
      <attribute name="Adipose Clipped">No</attribute>
      <attribute name="Confidence Level">3</attribute>
      <attribute name="Injury">Yes</attribute>
      <attribute name="Notes">Fin Wear</attribute>
      <attribute name="Sex">Jack</attribute>
      <attribute name="View">Side</attribute>
    </box>
    <box frame="199" outside="0" occluded="0" keyframe="0" xtl="1617.85" ytl="586.69" xbr="1920.00" ybr="816.73" z_order="0">
      <attribute name="Adipose Clipped">No</attribute>
      <attribute name="Confidence Level">3</attribute>
      <attribute name="Injury">Yes</attribute>
      <attribute name="Notes">Fin Wear</attribute>
      <attribute name="Sex">Jack</attribute>
      <attribute name="View">Side</attribute>
    </box>
    <box frame="200" outside="0" occluded="0" keyframe="0" xtl="1636.30" ytl="588.76" xbr="1920.00" ybr="816.11" z_order="0">
      <attribute name="Adipose Clipped">No</attribute>
      <attribute name="Confidence Level">3</attribute>
      <attribute name="Injury">Yes</attribute>
      <attribute name="Notes">Fin Wear</attribute>
      <attribute name="Sex">Jack</attribute>
      <attribute name="View">Side</attribute>
    </box>
    <box frame="201" outside="0" occluded="0" keyframe="0" xtl="1654.75" ytl="590.83" xbr="1920.00" ybr="815.49" z_order="0">
      <attribute name="Adipose Clipped">No</attribute>
      <attribute name="Confidence Level">3</attribute>
      <attribute name="Injury">Yes</attribute>
      <attribute name="Notes">Fin Wear</attribute>
      <attribute name="Sex">Jack</attribute>
      <attribute name="View">Side</attribute>
    </box>
    <box frame="202" outside="0" occluded="1" keyframe="1" xtl="1673.20" ytl="592.90" xbr="1920.00" ybr="814.87" z_order="0">
      <attribute name="Adipose Clipped">No</attribute>
      <attribute name="Confidence Level">3</attribute>
      <attribute name="Injury">Yes</attribute>
      <attribute name="Notes">Fin Wear</attribute>
      <attribute name="Sex">Jack</attribute>
      <attribute name="View">Side</attribute>
    </box>
    <box frame="203" outside="0" occluded="1" keyframe="0" xtl="1711.04" ytl="595.49" xbr="1920.00" ybr="817.46" z_order="0">
      <attribute name="Adipose Clipped">No</attribute>
      <attribute name="Confidence Level">3</attribute>
      <attribute name="Injury">Yes</attribute>
      <attribute name="Notes">Fin Wear</attribute>
      <attribute name="Sex">Jack</attribute>
      <attribute name="View">Side</attribute>
    </box>
    <box frame="204" outside="0" occluded="1" keyframe="0" xtl="1748.88" ytl="598.08" xbr="1920.00" ybr="820.05" z_order="0">
      <attribute name="Adipose Clipped">No</attribute>
      <attribute name="Confidence Level">3</attribute>
      <attribute name="Injury">Yes</attribute>
      <attribute name="Notes">Fin Wear</attribute>
      <attribute name="Sex">Jack</attribute>
      <attribute name="View">Side</attribute>
    </box>
    <box frame="205" outside="0" occluded="1" keyframe="0" xtl="1786.72" ytl="600.68" xbr="1920.00" ybr="822.64" z_order="0">
      <attribute name="Adipose Clipped">No</attribute>
      <attribute name="Confidence Level">3</attribute>
      <attribute name="Injury">Yes</attribute>
      <attribute name="Notes">Fin Wear</attribute>
      <attribute name="Sex">Jack</attribute>
      <attribute name="View">Side</attribute>
    </box>
    <box frame="206" outside="0" occluded="1" keyframe="1" xtl="1824.56" ytl="603.27" xbr="1920.00" ybr="825.23" z_order="0">
      <attribute name="Adipose Clipped">No</attribute>
      <attribute name="Confidence Level">3</attribute>
      <attribute name="Injury">Yes</attribute>
      <attribute name="Notes">Fin Wear</attribute>
      <attribute name="Sex">Jack</attribute>
      <attribute name="View">Side</attribute>
    </box>
    <box frame="207" outside="0" occluded="1" keyframe="0" xtl="1850.48" ytl="594.97" xbr="1920.00" ybr="816.94" z_order="0">
      <attribute name="Adipose Clipped">No</attribute>
      <attribute name="Confidence Level">3</attribute>
      <attribute name="Injury">Yes</attribute>
      <attribute name="Notes">Fin Wear</attribute>
      <attribute name="Sex">Jack</attribute>
      <attribute name="View">Side</attribute>
    </box>
    <box frame="208" outside="0" occluded="1" keyframe="1" xtl="1876.40" ytl="586.68" xbr="1920.00" ybr="808.65" z_order="0">
      <attribute name="Adipose Clipped">No</attribute>
      <attribute name="Confidence Level">3</attribute>
      <attribute name="Injury">Yes</attribute>
      <attribute name="Notes">Fin Wear</attribute>
      <attribute name="Sex">Jack</attribute>
      <attribute name="View">Side</attribute>
    </box>
    <box frame="209" outside="0" occluded="1" keyframe="0" xtl="1877.43" ytl="577.35" xbr="1920.00" ybr="799.32" z_order="0">
      <attribute name="Adipose Clipped">No</attribute>
      <attribute name="Confidence Level">3</attribute>
      <attribute name="Injury">Yes</attribute>
      <attribute name="Notes">Fin Wear</attribute>
      <attribute name="Sex">Jack</attribute>
      <attribute name="View">Side</attribute>
    </box>
    <box frame="210" outside="0" occluded="1" keyframe="1" xtl="1878.47" ytl="568.02" xbr="1920.00" ybr="789.99" z_order="0">
      <attribute name="Adipose Clipped">No</attribute>
      <attribute name="Confidence Level">3</attribute>
      <attribute name="Injury">Yes</attribute>
      <attribute name="Notes">Fin Wear</attribute>
      <attribute name="Sex">Jack</attribute>
      <attribute name="View">Side</attribute>
    </box>
    <box frame="211" outside="1" occluded="1" keyframe="1" xtl="1878.47" ytl="568.02" xbr="1920.00" ybr="789.99" z_order="0">
      <attribute name="Adipose Clipped">No</attribute>
      <attribute name="Confidence Level">3</attribute>
      <attribute name="Injury">Yes</attribute>
      <attribute name="Notes">Fin Wear</attribute>
      <attribute name="Sex">Jack</attribute>
      <attribute name="View">Side</attribute>
    </box>
  </track>
</annotations>