<?xml version="1.0" encoding="utf-8"?>
<annotations>
  <version>1.1</version>
  <meta>
    <task>
      <id>423</id>
      <name>09-02-2020 12-44-03 M Salmon Camera</name>
      <size>641</size>
      <mode>interpolation</mode>
      <overlap>5</overlap>
      <bugtracker></bugtracker>
      <created>2021-08-05 17:28:42.179035+00:00</created>
      <updated>2021-08-05 18:00:09.756690+00:00</updated>
      <start_frame>0</start_frame>
      <stop_frame>640</stop_frame>
      <frame_filter></frame_filter>
      <labels>
        <label>
          <name>Chinook</name>
          <color>#38794c</color>
          <attributes>
            <attribute>
              <name>Adipose Clipped</name>
              <mutable>False</mutable>
              <input_type>select</input_type>
              <default_value>No</default_value>
              <values>No
Yes
NA</values>
            </attribute>
            <attribute>
              <name>Confidence Level</name>
              <mutable>False</mutable>
              <input_type>select</input_type>
              <default_value>3</default_value>
              <values>3
2
1</values>
            </attribute>
            <attribute>
              <name>Injury</name>
              <mutable>False</mutable>
              <input_type>select</input_type>
              <default_value>No</default_value>
              <values>No
Yes
NA</values>
            </attribute>
            <attribute>
              <name>Notes</name>
              <mutable>False</mutable>
              <input_type>text</input_type>
              <default_value></default_value>
              <values></values>
            </attribute>
            <attribute>
              <name>Sex</name>
              <mutable>False</mutable>
              <input_type>select</input_type>
              <default_value>Male</default_value>
              <values>Male
Female
Jack</values>
            </attribute>
            <attribute>
              <name>View</name>
              <mutable>False</mutable>
              <input_type>select</input_type>
              <default_value>Top-down</default_value>
              <values>Top-down
Side</values>
            </attribute>
          </attributes>
        </label>
        <label>
          <name>Steelhead</name>
          <color>#888888</color>
          <attributes>
            <attribute>
              <name>Adipose Clipped</name>
              <mutable>False</mutable>
              <input_type>select</input_type>
              <default_value>No</default_value>
              <values>No
Yes
NA</values>
            </attribute>
            <attribute>
              <name>Confidence Level</name>
              <mutable>False</mutable>
              <input_type>select</input_type>
              <default_value>3</default_value>
              <values>3
2
1</values>
            </attribute>
            <attribute>
              <name>Injury</name>
              <mutable>False</mutable>
              <input_type>select</input_type>
              <default_value>No</default_value>
              <values>No
Yes
NA</values>
            </attribute>
            <attribute>
              <name>Notes</name>
              <mutable>False</mutable>
              <input_type>text</input_type>
              <default_value></default_value>
              <values></values>
            </attribute>
            <attribute>
              <name>Sex</name>
              <mutable>False</mutable>
              <input_type>select</input_type>
              <default_value>Male</default_value>
              <values>Male
Female</values>
            </attribute>
            <attribute>
              <name>View</name>
              <mutable>False</mutable>
              <input_type>select</input_type>
              <default_value>Top-down</default_value>
              <values>Top-down
Side</values>
            </attribute>
          </attributes>
        </label>
        <label>
          <name>Sockeye</name>
          <color>#f00026</color>
          <attributes>
            <attribute>
              <name>Adipose Clipped</name>
              <mutable>False</mutable>
              <input_type>select</input_type>
              <default_value>No</default_value>
              <values>No
Yes
NA</values>
            </attribute>
            <attribute>
              <name>Confidence Level</name>
              <mutable>False</mutable>
              <input_type>select</input_type>
              <default_value>3</default_value>
              <values>3
2
1</values>
            </attribute>
            <attribute>
              <name>Injury</name>
              <mutable>False</mutable>
              <input_type>select</input_type>
              <default_value>No</default_value>
              <values>No
Yes
NA</values>
            </attribute>
            <attribute>
              <name>Notes</name>
              <mutable>False</mutable>
              <input_type>text</input_type>
              <default_value></default_value>
              <values></values>
            </attribute>
            <attribute>
              <name>Sex</name>
              <mutable>False</mutable>
              <input_type>select</input_type>
              <default_value>Male</default_value>
              <values>Male
Female</values>
            </attribute>
            <attribute>
              <name>View</name>
              <mutable>False</mutable>
              <input_type>select</input_type>
              <default_value>Top-down</default_value>
              <values>Top-down
Side</values>
            </attribute>
          </attributes>
        </label>
        <label>
          <name>Pink</name>
          <color>#fa7dbb</color>
          <attributes>
            <attribute>
              <name>Adipose Clipped</name>
              <mutable>False</mutable>
              <input_type>select</input_type>
              <default_value>No</default_value>
              <values>No
Yes
NA</values>
            </attribute>
            <attribute>
              <name>Confidence Level</name>
              <mutable>False</mutable>
              <input_type>select</input_type>
              <default_value>3</default_value>
              <values>3
2
1</values>
            </attribute>
            <attribute>
              <name>Injury</name>
              <mutable>False</mutable>
              <input_type>select</input_type>
              <default_value>No</default_value>
              <values>No
Yes
NA</values>
            </attribute>
            <attribute>
              <name>Notes</name>
              <mutable>False</mutable>
              <input_type>text</input_type>
              <default_value></default_value>
              <values></values>
            </attribute>
            <attribute>
              <name>Sex</name>
              <mutable>False</mutable>
              <input_type>select</input_type>
              <default_value>Male</default_value>
              <values>Male
Female</values>
            </attribute>
            <attribute>
              <name>View</name>
              <mutable>False</mutable>
              <input_type>select</input_type>
              <default_value>Top-down</default_value>
              <values>Top-down
Side</values>
            </attribute>
          </attributes>
        </label>
        <label>
          <name>Whitefish</name>
          <color>#d8d8db</color>
          <attributes>
            <attribute>
              <name>Adipose Clipped</name>
              <mutable>False</mutable>
              <input_type>select</input_type>
              <default_value>No</default_value>
              <values>No
Yes
NA</values>
            </attribute>
            <attribute>
              <name>Confidence Level</name>
              <mutable>False</mutable>
              <input_type>select</input_type>
              <default_value>3</default_value>
              <values>3
2
1</values>
            </attribute>
            <attribute>
              <name>Injury</name>
              <mutable>False</mutable>
              <input_type>select</input_type>
              <default_value>No</default_value>
              <values>No
Yes
NA</values>
            </attribute>
            <attribute>
              <name>Notes</name>
              <mutable>False</mutable>
              <input_type>text</input_type>
              <default_value></default_value>
              <values></values>
            </attribute>
            <attribute>
              <name>Sex</name>
              <mutable>False</mutable>
              <input_type>select</input_type>
              <default_value>NA</default_value>
              <values>NA</values>
            </attribute>
            <attribute>
              <name>View</name>
              <mutable>False</mutable>
              <input_type>select</input_type>
              <default_value>Top-down</default_value>
              <values>Top-down
Side</values>
            </attribute>
          </attributes>
        </label>
        <label>
          <name>Chum</name>
          <color>#ffcc33</color>
          <attributes>
            <attribute>
              <name>Adipose Clipped</name>
              <mutable>False</mutable>
              <input_type>select</input_type>
              <default_value>No</default_value>
              <values>No
Yes
NA</values>
            </attribute>
            <attribute>
              <name>Confidence Level</name>
              <mutable>False</mutable>
              <input_type>select</input_type>
              <default_value>3</default_value>
              <values>3
2
1</values>
            </attribute>
            <attribute>
              <name>Injury</name>
              <mutable>False</mutable>
              <input_type>select</input_type>
              <default_value>No</default_value>
              <values>No
Yes
NA</values>
            </attribute>
            <attribute>
              <name>Notes</name>
              <mutable>False</mutable>
              <input_type>text</input_type>
              <default_value></default_value>
              <values></values>
            </attribute>
            <attribute>
              <name>Sex</name>
              <mutable>False</mutable>
              <input_type>select</input_type>
              <default_value>Male</default_value>
              <values>Male
Female</values>
            </attribute>
            <attribute>
              <name>View</name>
              <mutable>False</mutable>
              <input_type>select</input_type>
              <default_value>Top-down</default_value>
              <values>Top-down
Side</values>
            </attribute>
          </attributes>
        </label>
        <label>
          <name>Bull</name>
          <color>#3d3df5</color>
          <attributes>
            <attribute>
              <name>Adipose Clipped</name>
              <mutable>False</mutable>
              <input_type>select</input_type>
              <default_value>No</default_value>
              <values>No
NA</values>
            </attribute>
            <attribute>
              <name>Confidence Level</name>
              <mutable>False</mutable>
              <input_type>select</input_type>
              <default_value>3</default_value>
              <values>3
2
1</values>
            </attribute>
            <attribute>
              <name>Injury</name>
              <mutable>False</mutable>
              <input_type>select</input_type>
              <default_value>No</default_value>
              <values>No
Yes
NA</values>
            </attribute>
            <attribute>
              <name>Notes</name>
              <mutable>False</mutable>
              <input_type>text</input_type>
              <default_value>NA</default_value>
              <values>NA</values>
            </attribute>
            <attribute>
              <name>Sex</name>
              <mutable>False</mutable>
              <input_type>select</input_type>
              <default_value>NA</default_value>
              <values>NA</values>
            </attribute>
            <attribute>
              <name>View</name>
              <mutable>False</mutable>
              <input_type>select</input_type>
              <default_value>Top-down</default_value>
              <values>Top-down
Side</values>
            </attribute>
          </attributes>
        </label>
        <label>
          <name>Coho</name>
          <color>#32b7fa</color>
          <attributes>
            <attribute>
              <name>View</name>
              <mutable>False</mutable>
              <input_type>select</input_type>
              <default_value>Top-down</default_value>
              <values>Top-down
Side</values>
            </attribute>
            <attribute>
              <name>Adipose Clipped</name>
              <mutable>False</mutable>
              <input_type>select</input_type>
              <default_value>No</default_value>
              <values>No
Yes
NA</values>
            </attribute>
            <attribute>
              <name>Confidence Level</name>
              <mutable>False</mutable>
              <input_type>select</input_type>
              <default_value>3</default_value>
              <values>3
2
1</values>
            </attribute>
            <attribute>
              <name>Injury</name>
              <mutable>False</mutable>
              <input_type>select</input_type>
              <default_value>No</default_value>
              <values>No
Yes
NA</values>
            </attribute>
            <attribute>
              <name>Notes</name>
              <mutable>False</mutable>
              <input_type>text</input_type>
              <default_value></default_value>
              <values></values>
            </attribute>
            <attribute>
              <name>Sex</name>
              <mutable>False</mutable>
              <input_type>select</input_type>
              <default_value>Male</default_value>
              <values>Male
Female
Jack</values>
            </attribute>
          </attributes>
        </label>
        <label>
          <name>Rainbow</name>
          <color>#ff914d</color>
          <attributes>
            <attribute>
              <name>Adipose Clipped</name>
              <mutable>False</mutable>
              <input_type>select</input_type>
              <default_value>No</default_value>
              <values>No
Yes
NA</values>
            </attribute>
            <attribute>
              <name>Confidence Level</name>
              <mutable>False</mutable>
              <input_type>select</input_type>
              <default_value>3</default_value>
              <values>3
2
1</values>
            </attribute>
            <attribute>
              <name>Injury</name>
              <mutable>False</mutable>
              <input_type>select</input_type>
              <default_value>No</default_value>
              <values>No
Yes
NA</values>
            </attribute>
            <attribute>
              <name>Notes</name>
              <mutable>False</mutable>
              <input_type>text</input_type>
              <default_value></default_value>
              <values></values>
            </attribute>
            <attribute>
              <name>Sex</name>
              <mutable>False</mutable>
              <input_type>select</input_type>
              <default_value>NA</default_value>
              <values>NA
Juvenile</values>
            </attribute>
            <attribute>
              <name>View</name>
              <mutable>False</mutable>
              <input_type>select</input_type>
              <default_value>Top-down</default_value>
              <values>Top-down
Side</values>
            </attribute>
          </attributes>
        </label>
        <label>
          <name>Pikeminnow</name>
          <color>#a16b00</color>
          <attributes>
            <attribute>
              <name>Confidence Level</name>
              <mutable>False</mutable>
              <input_type>select</input_type>
              <default_value>3</default_value>
              <values>3
2
1</values>
            </attribute>
            <attribute>
              <name>Notes</name>
              <mutable>False</mutable>
              <input_type>text</input_type>
              <default_value>NA</default_value>
              <values>NA</values>
            </attribute>
          </attributes>
        </label>
      </labels>
      <segments>
        <segment>
          <id>423</id>
          <start>0</start>
          <stop>640</stop>
          <url>httplocalhost:8080/?id=423</url>
        </segment>
      </segments>
      <owner>
        <username>jtravers</username>
        <email>jtravers@uoregon.edu</email>
      </owner>
      <assignee></assignee>
      <original_size>
        <width>1920</width>
        <height>1080</height>
      </original_size>
    </task>
    <dumped>2021-08-05 18:00:18.958526+00:00</dumped>
    <source>09-02-2020 12-44-03 M Salmon Camera.m4v</source>
  </meta>
  <track id="0" label="Chinook" source="manual">
    <box frame="105" outside="0" occluded="1" keyframe="1" xtl="0.00" ytl="371.10" xbr="74.60" ybr="499.65" z_order="0">
      <attribute name="View">Side</attribute>
      <attribute name="Adipose Clipped">No</attribute>
      <attribute name="Confidence Level">3</attribute>
      <attribute name="Injury">Yes</attribute>
      <attribute name="Notes">Fin Wear</attribute>
      <attribute name="Sex">Male</attribute>
    </box>
    <box frame="106" outside="0" occluded="1" keyframe="0" xtl="0.00" ytl="359.70" xbr="106.73" ybr="512.72" z_order="0">
      <attribute name="View">Side</attribute>
      <attribute name="Adipose Clipped">No</attribute>
      <attribute name="Confidence Level">3</attribute>
      <attribute name="Injury">Yes</attribute>
      <attribute name="Notes">Fin Wear</attribute>
      <attribute name="Sex">Male</attribute>
    </box>
    <box frame="107" outside="0" occluded="1" keyframe="0" xtl="0.00" ytl="348.30" xbr="138.86" ybr="525.78" z_order="0">
      <attribute name="View">Side</attribute>
      <attribute name="Adipose Clipped">No</attribute>
      <attribute name="Confidence Level">3</attribute>
      <attribute name="Injury">Yes</attribute>
      <attribute name="Notes">Fin Wear</attribute>
      <attribute name="Sex">Male</attribute>
    </box>
    <box frame="108" outside="0" occluded="1" keyframe="0" xtl="0.00" ytl="336.90" xbr="170.99" ybr="538.85" z_order="0">
      <attribute name="View">Side</attribute>
      <attribute name="Adipose Clipped">No</attribute>
      <attribute name="Confidence Level">3</attribute>
      <attribute name="Injury">Yes</attribute>
      <attribute name="Notes">Fin Wear</attribute>
      <attribute name="Sex">Male</attribute>
    </box>
    <box frame="109" outside="0" occluded="1" keyframe="0" xtl="0.00" ytl="325.50" xbr="203.12" ybr="551.91" z_order="0">
      <attribute name="View">Side</attribute>
      <attribute name="Adipose Clipped">No</attribute>
      <attribute name="Confidence Level">3</attribute>
      <attribute name="Injury">Yes</attribute>
      <attribute name="Notes">Fin Wear</attribute>
      <attribute name="Sex">Male</attribute>
    </box>
    <box frame="110" outside="0" occluded="1" keyframe="0" xtl="0.00" ytl="314.10" xbr="235.25" ybr="564.98" z_order="0">
      <attribute name="View">Side</attribute>
      <attribute name="Adipose Clipped">No</attribute>
      <attribute name="Confidence Level">3</attribute>
      <attribute name="Injury">Yes</attribute>
      <attribute name="Notes">Fin Wear</attribute>
      <attribute name="Sex">Male</attribute>
    </box>
    <box frame="111" outside="0" occluded="1" keyframe="0" xtl="0.00" ytl="302.70" xbr="267.38" ybr="578.04" z_order="0">
      <attribute name="View">Side</attribute>
      <attribute name="Adipose Clipped">No</attribute>
      <attribute name="Confidence Level">3</attribute>
      <attribute name="Injury">Yes</attribute>
      <attribute name="Notes">Fin Wear</attribute>
      <attribute name="Sex">Male</attribute>
    </box>
    <box frame="112" outside="0" occluded="1" keyframe="0" xtl="0.00" ytl="291.30" xbr="299.51" ybr="591.11" z_order="0">
      <attribute name="View">Side</attribute>
      <attribute name="Adipose Clipped">No</attribute>
      <attribute name="Confidence Level">3</attribute>
      <attribute name="Injury">Yes</attribute>
      <attribute name="Notes">Fin Wear</attribute>
      <attribute name="Sex">Male</attribute>
    </box>
    <box frame="113" outside="0" occluded="1" keyframe="0" xtl="0.00" ytl="279.90" xbr="331.64" ybr="604.17" z_order="0">
      <attribute name="View">Side</attribute>
      <attribute name="Adipose Clipped">No</attribute>
      <attribute name="Confidence Level">3</attribute>
      <attribute name="Injury">Yes</attribute>
      <attribute name="Notes">Fin Wear</attribute>
      <attribute name="Sex">Male</attribute>
    </box>
    <box frame="114" outside="0" occluded="1" keyframe="0" xtl="0.00" ytl="268.50" xbr="363.77" ybr="617.24" z_order="0">
      <attribute name="View">Side</attribute>
      <attribute name="Adipose Clipped">No</attribute>
      <attribute name="Confidence Level">3</attribute>
      <attribute name="Injury">Yes</attribute>
      <attribute name="Notes">Fin Wear</attribute>
      <attribute name="Sex">Male</attribute>
    </box>
    <box frame="115" outside="0" occluded="0" keyframe="1" xtl="0.00" ytl="257.10" xbr="395.90" ybr="630.30" z_order="0">
      <attribute name="View">Side</attribute>
      <attribute name="Adipose Clipped">No</attribute>
      <attribute name="Confidence Level">3</attribute>
      <attribute name="Injury">Yes</attribute>
      <attribute name="Notes">Fin Wear</attribute>
      <attribute name="Sex">Male</attribute>
    </box>
    <box frame="116" outside="0" occluded="0" keyframe="0" xtl="0.00" ytl="254.61" xbr="445.04" ybr="635.07" z_order="0">
      <attribute name="View">Side</attribute>
      <attribute name="Adipose Clipped">No</attribute>
      <attribute name="Confidence Level">3</attribute>
      <attribute name="Injury">Yes</attribute>
      <attribute name="Notes">Fin Wear</attribute>
      <attribute name="Sex">Male</attribute>
    </box>
    <box frame="117" outside="0" occluded="0" keyframe="0" xtl="0.00" ytl="252.12" xbr="494.18" ybr="639.84" z_order="0">
      <attribute name="View">Side</attribute>
      <attribute name="Adipose Clipped">No</attribute>
      <attribute name="Confidence Level">3</attribute>
      <attribute name="Injury">Yes</attribute>
      <attribute name="Notes">Fin Wear</attribute>
      <attribute name="Sex">Male</attribute>
    </box>
    <box frame="118" outside="0" occluded="0" keyframe="0" xtl="0.00" ytl="249.64" xbr="543.32" ybr="644.61" z_order="0">
      <attribute name="View">Side</attribute>
      <attribute name="Adipose Clipped">No</attribute>
      <attribute name="Confidence Level">3</attribute>
      <attribute name="Injury">Yes</attribute>
      <attribute name="Notes">Fin Wear</attribute>
      <attribute name="Sex">Male</attribute>
    </box>
    <box frame="119" outside="0" occluded="0" keyframe="0" xtl="0.00" ytl="247.15" xbr="592.46" ybr="649.38" z_order="0">
      <attribute name="View">Side</attribute>
      <attribute name="Adipose Clipped">No</attribute>
      <attribute name="Confidence Level">3</attribute>
      <attribute name="Injury">Yes</attribute>
      <attribute name="Notes">Fin Wear</attribute>
      <attribute name="Sex">Male</attribute>
    </box>
    <box frame="120" outside="0" occluded="0" keyframe="0" xtl="0.00" ytl="244.66" xbr="641.60" ybr="654.15" z_order="0">
      <attribute name="View">Side</attribute>
      <attribute name="Adipose Clipped">No</attribute>
      <attribute name="Confidence Level">3</attribute>
      <attribute name="Injury">Yes</attribute>
      <attribute name="Notes">Fin Wear</attribute>
      <attribute name="Sex">Male</attribute>
    </box>
    <box frame="121" outside="0" occluded="0" keyframe="0" xtl="0.00" ytl="242.17" xbr="690.74" ybr="658.92" z_order="0">
      <attribute name="View">Side</attribute>
      <attribute name="Adipose Clipped">No</attribute>
      <attribute name="Confidence Level">3</attribute>
      <attribute name="Injury">Yes</attribute>
      <attribute name="Notes">Fin Wear</attribute>
      <attribute name="Sex">Male</attribute>
    </box>
    <box frame="122" outside="0" occluded="0" keyframe="0" xtl="0.00" ytl="239.68" xbr="739.88" ybr="663.69" z_order="0">
      <attribute name="View">Side</attribute>
      <attribute name="Adipose Clipped">No</attribute>
      <attribute name="Confidence Level">3</attribute>
      <attribute name="Injury">Yes</attribute>
      <attribute name="Notes">Fin Wear</attribute>
      <attribute name="Sex">Male</attribute>
    </box>
    <box frame="123" outside="0" occluded="0" keyframe="0" xtl="0.00" ytl="237.19" xbr="789.02" ybr="668.46" z_order="0">
      <attribute name="View">Side</attribute>
      <attribute name="Adipose Clipped">No</attribute>
      <attribute name="Confidence Level">3</attribute>
      <attribute name="Injury">Yes</attribute>
      <attribute name="Notes">Fin Wear</attribute>
      <attribute name="Sex">Male</attribute>
    </box>
    <box frame="124" outside="0" occluded="0" keyframe="0" xtl="0.00" ytl="234.71" xbr="838.16" ybr="673.23" z_order="0">
      <attribute name="View">Side</attribute>
      <attribute name="Adipose Clipped">No</attribute>
      <attribute name="Confidence Level">3</attribute>
      <attribute name="Injury">Yes</attribute>
      <attribute name="Notes">Fin Wear</attribute>
      <attribute name="Sex">Male</attribute>
    </box>
    <box frame="125" outside="0" occluded="0" keyframe="1" xtl="0.00" ytl="232.22" xbr="887.30" ybr="678.00" z_order="0">
      <attribute name="View">Side</attribute>
      <attribute name="Adipose Clipped">No</attribute>
      <attribute name="Confidence Level">3</attribute>
      <attribute name="Injury">Yes</attribute>
      <attribute name="Notes">Fin Wear</attribute>
      <attribute name="Sex">Male</attribute>
    </box>
    <box frame="126" outside="0" occluded="0" keyframe="0" xtl="0.00" ytl="227.04" xbr="928.56" ybr="681.11" z_order="0">
      <attribute name="View">Side</attribute>
      <attribute name="Adipose Clipped">No</attribute>
      <attribute name="Confidence Level">3</attribute>
      <attribute name="Injury">Yes</attribute>
      <attribute name="Notes">Fin Wear</attribute>
      <attribute name="Sex">Male</attribute>
    </box>
    <box frame="127" outside="0" occluded="0" keyframe="0" xtl="0.00" ytl="221.85" xbr="969.82" ybr="684.22" z_order="0">
      <attribute name="View">Side</attribute>
      <attribute name="Adipose Clipped">No</attribute>
      <attribute name="Confidence Level">3</attribute>
      <attribute name="Injury">Yes</attribute>
      <attribute name="Notes">Fin Wear</attribute>
      <attribute name="Sex">Male</attribute>
    </box>
    <box frame="128" outside="0" occluded="0" keyframe="0" xtl="0.00" ytl="216.67" xbr="1011.08" ybr="687.33" z_order="0">
      <attribute name="View">Side</attribute>
      <attribute name="Adipose Clipped">No</attribute>
      <attribute name="Confidence Level">3</attribute>
      <attribute name="Injury">Yes</attribute>
      <attribute name="Notes">Fin Wear</attribute>
      <attribute name="Sex">Male</attribute>
    </box>
    <box frame="129" outside="0" occluded="0" keyframe="0" xtl="0.00" ytl="211.49" xbr="1052.34" ybr="690.44" z_order="0">
      <attribute name="View">Side</attribute>
      <attribute name="Adipose Clipped">No</attribute>
      <attribute name="Confidence Level">3</attribute>
      <attribute name="Injury">Yes</attribute>
      <attribute name="Notes">Fin Wear</attribute>
      <attribute name="Sex">Male</attribute>
    </box>
    <box frame="130" outside="0" occluded="0" keyframe="0" xtl="0.00" ytl="206.31" xbr="1093.60" ybr="693.55" z_order="0">
      <attribute name="View">Side</attribute>
      <attribute name="Adipose Clipped">No</attribute>
      <attribute name="Confidence Level">3</attribute>
      <attribute name="Injury">Yes</attribute>
      <attribute name="Notes">Fin Wear</attribute>
      <attribute name="Sex">Male</attribute>
    </box>
    <box frame="131" outside="0" occluded="0" keyframe="0" xtl="0.00" ytl="201.13" xbr="1134.86" ybr="696.66" z_order="0">
      <attribute name="View">Side</attribute>
      <attribute name="Adipose Clipped">No</attribute>
      <attribute name="Confidence Level">3</attribute>
      <attribute name="Injury">Yes</attribute>
      <attribute name="Notes">Fin Wear</attribute>
      <attribute name="Sex">Male</attribute>
    </box>
    <box frame="132" outside="0" occluded="0" keyframe="0" xtl="0.00" ytl="195.95" xbr="1176.12" ybr="699.77" z_order="0">
      <attribute name="View">Side</attribute>
      <attribute name="Adipose Clipped">No</attribute>
      <attribute name="Confidence Level">3</attribute>
      <attribute name="Injury">Yes</attribute>
      <attribute name="Notes">Fin Wear</attribute>
      <attribute name="Sex">Male</attribute>
    </box>
    <box frame="133" outside="0" occluded="0" keyframe="0" xtl="0.00" ytl="190.76" xbr="1217.38" ybr="702.88" z_order="0">
      <attribute name="View">Side</attribute>
      <attribute name="Adipose Clipped">No</attribute>
      <attribute name="Confidence Level">3</attribute>
      <attribute name="Injury">Yes</attribute>
      <attribute name="Notes">Fin Wear</attribute>
      <attribute name="Sex">Male</attribute>
    </box>
    <box frame="134" outside="0" occluded="0" keyframe="0" xtl="0.00" ytl="185.58" xbr="1258.64" ybr="705.99" z_order="0">
      <attribute name="View">Side</attribute>
      <attribute name="Adipose Clipped">No</attribute>
      <attribute name="Confidence Level">3</attribute>
      <attribute name="Injury">Yes</attribute>
      <attribute name="Notes">Fin Wear</attribute>
      <attribute name="Sex">Male</attribute>
    </box>
    <box frame="135" outside="0" occluded="0" keyframe="1" xtl="0.00" ytl="180.40" xbr="1299.90" ybr="709.10" z_order="0">
      <attribute name="View">Side</attribute>
      <attribute name="Adipose Clipped">No</attribute>
      <attribute name="Confidence Level">3</attribute>
      <attribute name="Injury">Yes</attribute>
      <attribute name="Notes">Fin Wear</attribute>
      <attribute name="Sex">Male</attribute>
    </box>
    <box frame="136" outside="0" occluded="0" keyframe="0" xtl="0.00" ytl="180.40" xbr="1340.95" ybr="711.80" z_order="0">
      <attribute name="View">Side</attribute>
      <attribute name="Adipose Clipped">No</attribute>
      <attribute name="Confidence Level">3</attribute>
      <attribute name="Injury">Yes</attribute>
      <attribute name="Notes">Fin Wear</attribute>
      <attribute name="Sex">Male</attribute>
    </box>
    <box frame="137" outside="0" occluded="0" keyframe="0" xtl="0.00" ytl="180.40" xbr="1382.00" ybr="714.50" z_order="0">
      <attribute name="View">Side</attribute>
      <attribute name="Adipose Clipped">No</attribute>
      <attribute name="Confidence Level">3</attribute>
      <attribute name="Injury">Yes</attribute>
      <attribute name="Notes">Fin Wear</attribute>
      <attribute name="Sex">Male</attribute>
    </box>
    <box frame="138" outside="0" occluded="0" keyframe="0" xtl="0.00" ytl="180.40" xbr="1423.05" ybr="717.20" z_order="0">
      <attribute name="View">Side</attribute>
      <attribute name="Adipose Clipped">No</attribute>
      <attribute name="Confidence Level">3</attribute>
      <attribute name="Injury">Yes</attribute>
      <attribute name="Notes">Fin Wear</attribute>
      <attribute name="Sex">Male</attribute>
    </box>
    <box frame="139" outside="0" occluded="0" keyframe="0" xtl="0.00" ytl="180.40" xbr="1464.10" ybr="719.90" z_order="0">
      <attribute name="View">Side</attribute>
      <attribute name="Adipose Clipped">No</attribute>
      <attribute name="Confidence Level">3</attribute>
      <attribute name="Injury">Yes</attribute>
      <attribute name="Notes">Fin Wear</attribute>
      <attribute name="Sex">Male</attribute>
    </box>
    <box frame="140" outside="0" occluded="0" keyframe="0" xtl="0.00" ytl="180.40" xbr="1505.15" ybr="722.60" z_order="0">
      <attribute name="View">Side</attribute>
      <attribute name="Adipose Clipped">No</attribute>
      <attribute name="Confidence Level">3</attribute>
      <attribute name="Injury">Yes</attribute>
      <attribute name="Notes">Fin Wear</attribute>
      <attribute name="Sex">Male</attribute>
    </box>
    <box frame="141" outside="0" occluded="0" keyframe="0" xtl="0.00" ytl="180.40" xbr="1546.20" ybr="725.30" z_order="0">
      <attribute name="View">Side</attribute>
      <attribute name="Adipose Clipped">No</attribute>
      <attribute name="Confidence Level">3</attribute>
      <attribute name="Injury">Yes</attribute>
      <attribute name="Notes">Fin Wear</attribute>
      <attribute name="Sex">Male</attribute>
    </box>
    <box frame="142" outside="0" occluded="0" keyframe="0" xtl="0.00" ytl="180.40" xbr="1587.25" ybr="728.00" z_order="0">
      <attribute name="View">Side</attribute>
      <attribute name="Adipose Clipped">No</attribute>
      <attribute name="Confidence Level">3</attribute>
      <attribute name="Injury">Yes</attribute>
      <attribute name="Notes">Fin Wear</attribute>
      <attribute name="Sex">Male</attribute>
    </box>
    <box frame="143" outside="0" occluded="0" keyframe="0" xtl="0.00" ytl="180.40" xbr="1628.30" ybr="730.70" z_order="0">
      <attribute name="View">Side</attribute>
      <attribute name="Adipose Clipped">No</attribute>
      <attribute name="Confidence Level">3</attribute>
      <attribute name="Injury">Yes</attribute>
      <attribute name="Notes">Fin Wear</attribute>
      <attribute name="Sex">Male</attribute>
    </box>
    <box frame="144" outside="0" occluded="0" keyframe="0" xtl="0.00" ytl="180.40" xbr="1669.35" ybr="733.40" z_order="0">
      <attribute name="View">Side</attribute>
      <attribute name="Adipose Clipped">No</attribute>
      <attribute name="Confidence Level">3</attribute>
      <attribute name="Injury">Yes</attribute>
      <attribute name="Notes">Fin Wear</attribute>
      <attribute name="Sex">Male</attribute>
    </box>
    <box frame="145" outside="0" occluded="0" keyframe="1" xtl="0.00" ytl="180.40" xbr="1710.40" ybr="736.10" z_order="0">
      <attribute name="View">Side</attribute>
      <attribute name="Adipose Clipped">No</attribute>
      <attribute name="Confidence Level">3</attribute>
      <attribute name="Injury">Yes</attribute>
      <attribute name="Notes">Fin Wear</attribute>
      <attribute name="Sex">Male</attribute>
    </box>
    <box frame="146" outside="0" occluded="0" keyframe="0" xtl="31.40" ytl="180.99" xbr="1740.34" ybr="744.99" z_order="0">
      <attribute name="View">Side</attribute>
      <attribute name="Adipose Clipped">No</attribute>
      <attribute name="Confidence Level">3</attribute>
      <attribute name="Injury">Yes</attribute>
      <attribute name="Notes">Fin Wear</attribute>
      <attribute name="Sex">Male</attribute>
    </box>
    <box frame="147" outside="0" occluded="0" keyframe="0" xtl="62.80" ytl="181.59" xbr="1770.29" ybr="753.87" z_order="0">
      <attribute name="View">Side</attribute>
      <attribute name="Adipose Clipped">No</attribute>
      <attribute name="Confidence Level">3</attribute>
      <attribute name="Injury">Yes</attribute>
      <attribute name="Notes">Fin Wear</attribute>
      <attribute name="Sex">Male</attribute>
    </box>
    <box frame="148" outside="0" occluded="0" keyframe="0" xtl="94.20" ytl="182.18" xbr="1800.23" ybr="762.76" z_order="0">
      <attribute name="View">Side</attribute>
      <attribute name="Adipose Clipped">No</attribute>
      <attribute name="Confidence Level">3</attribute>
      <attribute name="Injury">Yes</attribute>
      <attribute name="Notes">Fin Wear</attribute>
      <attribute name="Sex">Male</attribute>
    </box>
    <box frame="149" outside="0" occluded="0" keyframe="0" xtl="125.60" ytl="182.77" xbr="1830.17" ybr="771.64" z_order="0">
      <attribute name="View">Side</attribute>
      <attribute name="Adipose Clipped">No</attribute>
      <attribute name="Confidence Level">3</attribute>
      <attribute name="Injury">Yes</attribute>
      <attribute name="Notes">Fin Wear</attribute>
      <attribute name="Sex">Male</attribute>
    </box>
    <box frame="150" outside="0" occluded="0" keyframe="0" xtl="157.00" ytl="183.36" xbr="1860.11" ybr="780.53" z_order="0">
      <attribute name="View">Side</attribute>
      <attribute name="Adipose Clipped">No</attribute>
      <attribute name="Confidence Level">3</attribute>
      <attribute name="Injury">Yes</attribute>
      <attribute name="Notes">Fin Wear</attribute>
      <attribute name="Sex">Male</attribute>
    </box>
    <box frame="151" outside="0" occluded="0" keyframe="0" xtl="188.40" ytl="183.95" xbr="1890.06" ybr="789.41" z_order="0">
      <attribute name="View">Side</attribute>
      <attribute name="Adipose Clipped">No</attribute>
      <attribute name="Confidence Level">3</attribute>
      <attribute name="Injury">Yes</attribute>
      <attribute name="Notes">Fin Wear</attribute>
      <attribute name="Sex">Male</attribute>
    </box>
    <box frame="152" outside="0" occluded="0" keyframe="1" xtl="219.80" ytl="184.55" xbr="1920.00" ybr="798.30" z_order="0">
      <attribute name="View">Side</attribute>
      <attribute name="Adipose Clipped">No</attribute>
      <attribute name="Confidence Level">3</attribute>
      <attribute name="Injury">Yes</attribute>
      <attribute name="Notes">Fin Wear</attribute>
      <attribute name="Sex">Male</attribute>
    </box>
    <box frame="153" outside="0" occluded="0" keyframe="0" xtl="273.50" ytl="185.79" xbr="1920.00" ybr="793.32" z_order="0">
      <attribute name="View">Side</attribute>
      <attribute name="Adipose Clipped">No</attribute>
      <attribute name="Confidence Level">3</attribute>
      <attribute name="Injury">Yes</attribute>
      <attribute name="Notes">Fin Wear</attribute>
      <attribute name="Sex">Male</attribute>
    </box>
    <box frame="154" outside="0" occluded="0" keyframe="0" xtl="327.20" ytl="187.04" xbr="1920.00" ybr="788.34" z_order="0">
      <attribute name="View">Side</attribute>
      <attribute name="Adipose Clipped">No</attribute>
      <attribute name="Confidence Level">3</attribute>
      <attribute name="Injury">Yes</attribute>
      <attribute name="Notes">Fin Wear</attribute>
      <attribute name="Sex">Male</attribute>
    </box>
    <box frame="155" outside="0" occluded="0" keyframe="0" xtl="380.91" ytl="188.28" xbr="1920.00" ybr="783.36" z_order="0">
      <attribute name="View">Side</attribute>
      <attribute name="Adipose Clipped">No</attribute>
      <attribute name="Confidence Level">3</attribute>
      <attribute name="Injury">Yes</attribute>
      <attribute name="Notes">Fin Wear</attribute>
      <attribute name="Sex">Male</attribute>
    </box>
    <box frame="156" outside="0" occluded="0" keyframe="0" xtl="434.61" ytl="189.53" xbr="1920.00" ybr="778.38" z_order="0">
      <attribute name="View">Side</attribute>
      <attribute name="Adipose Clipped">No</attribute>
      <attribute name="Confidence Level">3</attribute>
      <attribute name="Injury">Yes</attribute>
      <attribute name="Notes">Fin Wear</attribute>
      <attribute name="Sex">Male</attribute>
    </box>
    <box frame="157" outside="0" occluded="0" keyframe="0" xtl="488.31" ytl="190.77" xbr="1920.00" ybr="773.40" z_order="0">
      <attribute name="View">Side</attribute>
      <attribute name="Adipose Clipped">No</attribute>
      <attribute name="Confidence Level">3</attribute>
      <attribute name="Injury">Yes</attribute>
      <attribute name="Notes">Fin Wear</attribute>
      <attribute name="Sex">Male</attribute>
    </box>
    <box frame="158" outside="0" occluded="0" keyframe="0" xtl="542.01" ytl="192.02" xbr="1920.00" ybr="768.42" z_order="0">
      <attribute name="View">Side</attribute>
      <attribute name="Adipose Clipped">No</attribute>
      <attribute name="Confidence Level">3</attribute>
      <attribute name="Injury">Yes</attribute>
      <attribute name="Notes">Fin Wear</attribute>
      <attribute name="Sex">Male</attribute>
    </box>
    <box frame="159" outside="0" occluded="0" keyframe="0" xtl="595.71" ytl="193.26" xbr="1920.00" ybr="763.44" z_order="0">
      <attribute name="View">Side</attribute>
      <attribute name="Adipose Clipped">No</attribute>
      <attribute name="Confidence Level">3</attribute>
      <attribute name="Injury">Yes</attribute>
      <attribute name="Notes">Fin Wear</attribute>
      <attribute name="Sex">Male</attribute>
    </box>
    <box frame="160" outside="0" occluded="0" keyframe="0" xtl="649.42" ytl="194.51" xbr="1920.00" ybr="758.46" z_order="0">
      <attribute name="View">Side</attribute>
      <attribute name="Adipose Clipped">No</attribute>
      <attribute name="Confidence Level">3</attribute>
      <attribute name="Injury">Yes</attribute>
      <attribute name="Notes">Fin Wear</attribute>
      <attribute name="Sex">Male</attribute>
    </box>
    <box frame="161" outside="0" occluded="0" keyframe="0" xtl="703.12" ytl="195.75" xbr="1920.00" ybr="753.48" z_order="0">
      <attribute name="View">Side</attribute>
      <attribute name="Adipose Clipped">No</attribute>
      <attribute name="Confidence Level">3</attribute>
      <attribute name="Injury">Yes</attribute>
      <attribute name="Notes">Fin Wear</attribute>
      <attribute name="Sex">Male</attribute>
    </box>
    <box frame="162" outside="0" occluded="0" keyframe="1" xtl="756.82" ytl="197.00" xbr="1920.00" ybr="748.50" z_order="0">
      <attribute name="View">Side</attribute>
      <attribute name="Adipose Clipped">No</attribute>
      <attribute name="Confidence Level">3</attribute>
      <attribute name="Injury">Yes</attribute>
      <attribute name="Notes">Fin Wear</attribute>
      <attribute name="Sex">Male</attribute>
    </box>
    <box frame="163" outside="0" occluded="0" keyframe="0" xtl="814.05" ytl="198.45" xbr="1920.00" ybr="749.95" z_order="0">
      <attribute name="View">Side</attribute>
      <attribute name="Adipose Clipped">No</attribute>
      <attribute name="Confidence Level">3</attribute>
      <attribute name="Injury">Yes</attribute>
      <attribute name="Notes">Fin Wear</attribute>
      <attribute name="Sex">Male</attribute>
    </box>
    <box frame="164" outside="0" occluded="0" keyframe="0" xtl="871.27" ytl="199.90" xbr="1920.00" ybr="751.40" z_order="0">
      <attribute name="View">Side</attribute>
      <attribute name="Adipose Clipped">No</attribute>
      <attribute name="Confidence Level">3</attribute>
      <attribute name="Injury">Yes</attribute>
      <attribute name="Notes">Fin Wear</attribute>
      <attribute name="Sex">Male</attribute>
    </box>
    <box frame="165" outside="0" occluded="0" keyframe="0" xtl="928.50" ytl="201.35" xbr="1920.00" ybr="752.85" z_order="0">
      <attribute name="View">Side</attribute>
      <attribute name="Adipose Clipped">No</attribute>
      <attribute name="Confidence Level">3</attribute>
      <attribute name="Injury">Yes</attribute>
      <attribute name="Notes">Fin Wear</attribute>
      <attribute name="Sex">Male</attribute>
    </box>
    <box frame="166" outside="0" occluded="0" keyframe="0" xtl="985.73" ytl="202.81" xbr="1920.00" ybr="754.31" z_order="0">
      <attribute name="View">Side</attribute>
      <attribute name="Adipose Clipped">No</attribute>
      <attribute name="Confidence Level">3</attribute>
      <attribute name="Injury">Yes</attribute>
      <attribute name="Notes">Fin Wear</attribute>
      <attribute name="Sex">Male</attribute>
    </box>
    <box frame="167" outside="0" occluded="0" keyframe="0" xtl="1042.95" ytl="204.26" xbr="1920.00" ybr="755.76" z_order="0">
      <attribute name="View">Side</attribute>
      <attribute name="Adipose Clipped">No</attribute>
      <attribute name="Confidence Level">3</attribute>
      <attribute name="Injury">Yes</attribute>
      <attribute name="Notes">Fin Wear</attribute>
      <attribute name="Sex">Male</attribute>
    </box>
    <box frame="168" outside="0" occluded="0" keyframe="0" xtl="1100.18" ytl="205.71" xbr="1920.00" ybr="757.21" z_order="0">
      <attribute name="View">Side</attribute>
      <attribute name="Adipose Clipped">No</attribute>
      <attribute name="Confidence Level">3</attribute>
      <attribute name="Injury">Yes</attribute>
      <attribute name="Notes">Fin Wear</attribute>
      <attribute name="Sex">Male</attribute>
    </box>
    <box frame="169" outside="0" occluded="0" keyframe="0" xtl="1157.41" ytl="207.16" xbr="1920.00" ybr="758.66" z_order="0">
      <attribute name="View">Side</attribute>
      <attribute name="Adipose Clipped">No</attribute>
      <attribute name="Confidence Level">3</attribute>
      <attribute name="Injury">Yes</attribute>
      <attribute name="Notes">Fin Wear</attribute>
      <attribute name="Sex">Male</attribute>
    </box>
    <box frame="170" outside="0" occluded="0" keyframe="0" xtl="1214.63" ytl="208.61" xbr="1920.00" ybr="760.11" z_order="0">
      <attribute name="View">Side</attribute>
      <attribute name="Adipose Clipped">No</attribute>
      <attribute name="Confidence Level">3</attribute>
      <attribute name="Injury">Yes</attribute>
      <attribute name="Notes">Fin Wear</attribute>
      <attribute name="Sex">Male</attribute>
    </box>
    <box frame="171" outside="0" occluded="0" keyframe="0" xtl="1271.86" ytl="210.06" xbr="1920.00" ybr="761.56" z_order="0">
      <attribute name="View">Side</attribute>
      <attribute name="Adipose Clipped">No</attribute>
      <attribute name="Confidence Level">3</attribute>
      <attribute name="Injury">Yes</attribute>
      <attribute name="Notes">Fin Wear</attribute>
      <attribute name="Sex">Male</attribute>
    </box>
    <box frame="172" outside="0" occluded="0" keyframe="1" xtl="1329.09" ytl="211.51" xbr="1920.00" ybr="763.01" z_order="0">
      <attribute name="View">Side</attribute>
      <attribute name="Adipose Clipped">No</attribute>
      <attribute name="Confidence Level">3</attribute>
      <attribute name="Injury">Yes</attribute>
      <attribute name="Notes">Fin Wear</attribute>
      <attribute name="Sex">Male</attribute>
    </box>
    <box frame="173" outside="0" occluded="0" keyframe="0" xtl="1374.29" ytl="221.87" xbr="1920.00" ybr="763.01" z_order="0">
      <attribute name="View">Side</attribute>
      <attribute name="Adipose Clipped">No</attribute>
      <attribute name="Confidence Level">3</attribute>
      <attribute name="Injury">Yes</attribute>
      <attribute name="Notes">Fin Wear</attribute>
      <attribute name="Sex">Male</attribute>
    </box>
    <box frame="174" outside="0" occluded="0" keyframe="0" xtl="1419.49" ytl="232.23" xbr="1920.00" ybr="763.01" z_order="0">
      <attribute name="View">Side</attribute>
      <attribute name="Adipose Clipped">No</attribute>
      <attribute name="Confidence Level">3</attribute>
      <attribute name="Injury">Yes</attribute>
      <attribute name="Notes">Fin Wear</attribute>
      <attribute name="Sex">Male</attribute>
    </box>
    <box frame="175" outside="0" occluded="0" keyframe="0" xtl="1464.69" ytl="242.59" xbr="1920.00" ybr="763.01" z_order="0">
      <attribute name="View">Side</attribute>
      <attribute name="Adipose Clipped">No</attribute>
      <attribute name="Confidence Level">3</attribute>
      <attribute name="Injury">Yes</attribute>
      <attribute name="Notes">Fin Wear</attribute>
      <attribute name="Sex">Male</attribute>
    </box>
    <box frame="176" outside="0" occluded="0" keyframe="0" xtl="1509.90" ytl="252.94" xbr="1920.00" ybr="763.01" z_order="0">
      <attribute name="View">Side</attribute>
      <attribute name="Adipose Clipped">No</attribute>
      <attribute name="Confidence Level">3</attribute>
      <attribute name="Injury">Yes</attribute>
      <attribute name="Notes">Fin Wear</attribute>
      <attribute name="Sex">Male</attribute>
    </box>
    <box frame="177" outside="0" occluded="1" keyframe="1" xtl="1555.10" ytl="263.30" xbr="1920.00" ybr="763.01" z_order="0">
      <attribute name="View">Side</attribute>
      <attribute name="Adipose Clipped">No</attribute>
      <attribute name="Confidence Level">3</attribute>
      <attribute name="Injury">Yes</attribute>
      <attribute name="Notes">Fin Wear</attribute>
      <attribute name="Sex">Male</attribute>
    </box>
    <box frame="178" outside="0" occluded="1" keyframe="0" xtl="1633.89" ytl="285.07" xbr="1920.00" ybr="784.78" z_order="0">
      <attribute name="View">Side</attribute>
      <attribute name="Adipose Clipped">No</attribute>
      <attribute name="Confidence Level">3</attribute>
      <attribute name="Injury">Yes</attribute>
      <attribute name="Notes">Fin Wear</attribute>
      <attribute name="Sex">Male</attribute>
    </box>
    <box frame="179" outside="0" occluded="1" keyframe="1" xtl="1712.68" ytl="306.84" xbr="1920.00" ybr="806.56" z_order="0">
      <attribute name="View">Side</attribute>
      <attribute name="Adipose Clipped">No</attribute>
      <attribute name="Confidence Level">3</attribute>
      <attribute name="Injury">Yes</attribute>
      <attribute name="Notes">Fin Wear</attribute>
      <attribute name="Sex">Male</attribute>
    </box>
    <box frame="180" outside="0" occluded="1" keyframe="0" xtl="1713.27" ytl="305.06" xbr="1920.00" ybr="804.29" z_order="0">
      <attribute name="View">Side</attribute>
      <attribute name="Adipose Clipped">No</attribute>
      <attribute name="Confidence Level">3</attribute>
      <attribute name="Injury">Yes</attribute>
      <attribute name="Notes">Fin Wear</attribute>
      <attribute name="Sex">Male</attribute>
    </box>
    <box frame="181" outside="0" occluded="1" keyframe="0" xtl="1713.86" ytl="303.29" xbr="1920.00" ybr="802.02" z_order="0">
      <attribute name="View">Side</attribute>
      <attribute name="Adipose Clipped">No</attribute>
      <attribute name="Confidence Level">3</attribute>
      <attribute name="Injury">Yes</attribute>
      <attribute name="Notes">Fin Wear</attribute>
      <attribute name="Sex">Male</attribute>
    </box>
    <box frame="182" outside="0" occluded="1" keyframe="0" xtl="1714.45" ytl="301.51" xbr="1920.00" ybr="799.75" z_order="0">
      <attribute name="View">Side</attribute>
      <attribute name="Adipose Clipped">No</attribute>
      <attribute name="Confidence Level">3</attribute>
      <attribute name="Injury">Yes</attribute>
      <attribute name="Notes">Fin Wear</attribute>
      <attribute name="Sex">Male</attribute>
    </box>
    <box frame="183" outside="0" occluded="1" keyframe="0" xtl="1715.05" ytl="299.73" xbr="1920.00" ybr="797.48" z_order="0">
      <attribute name="View">Side</attribute>
      <attribute name="Adipose Clipped">No</attribute>
      <attribute name="Confidence Level">3</attribute>
      <attribute name="Injury">Yes</attribute>
      <attribute name="Notes">Fin Wear</attribute>
      <attribute name="Sex">Male</attribute>
    </box>
    <box frame="184" outside="0" occluded="1" keyframe="0" xtl="1715.64" ytl="297.96" xbr="1920.00" ybr="795.21" z_order="0">
      <attribute name="View">Side</attribute>
      <attribute name="Adipose Clipped">No</attribute>
      <attribute name="Confidence Level">3</attribute>
      <attribute name="Injury">Yes</attribute>
      <attribute name="Notes">Fin Wear</attribute>
      <attribute name="Sex">Male</attribute>
    </box>
    <box frame="185" outside="0" occluded="1" keyframe="0" xtl="1716.23" ytl="296.18" xbr="1920.00" ybr="792.94" z_order="0">
      <attribute name="View">Side</attribute>
      <attribute name="Adipose Clipped">No</attribute>
      <attribute name="Confidence Level">3</attribute>
      <attribute name="Injury">Yes</attribute>
      <attribute name="Notes">Fin Wear</attribute>
      <attribute name="Sex">Male</attribute>
    </box>
    <box frame="186" outside="0" occluded="1" keyframe="0" xtl="1716.82" ytl="294.40" xbr="1920.00" ybr="790.67" z_order="0">
      <attribute name="View">Side</attribute>
      <attribute name="Adipose Clipped">No</attribute>
      <attribute name="Confidence Level">3</attribute>
      <attribute name="Injury">Yes</attribute>
      <attribute name="Notes">Fin Wear</attribute>
      <attribute name="Sex">Male</attribute>
    </box>
    <box frame="187" outside="0" occluded="1" keyframe="0" xtl="1717.41" ytl="292.62" xbr="1920.00" ybr="788.40" z_order="0">
      <attribute name="View">Side</attribute>
      <attribute name="Adipose Clipped">No</attribute>
      <attribute name="Confidence Level">3</attribute>
      <attribute name="Injury">Yes</attribute>
      <attribute name="Notes">Fin Wear</attribute>
      <attribute name="Sex">Male</attribute>
    </box>
    <box frame="188" outside="0" occluded="1" keyframe="0" xtl="1718.00" ytl="290.85" xbr="1920.00" ybr="786.13" z_order="0">
      <attribute name="View">Side</attribute>
      <attribute name="Adipose Clipped">No</attribute>
      <attribute name="Confidence Level">3</attribute>
      <attribute name="Injury">Yes</attribute>
      <attribute name="Notes">Fin Wear</attribute>
      <attribute name="Sex">Male</attribute>
    </box>
    <box frame="189" outside="0" occluded="1" keyframe="0" xtl="1718.59" ytl="289.07" xbr="1920.00" ybr="783.86" z_order="0">
      <attribute name="View">Side</attribute>
      <attribute name="Adipose Clipped">No</attribute>
      <attribute name="Confidence Level">3</attribute>
      <attribute name="Injury">Yes</attribute>
      <attribute name="Notes">Fin Wear</attribute>
      <attribute name="Sex">Male</attribute>
    </box>
    <box frame="190" outside="0" occluded="1" keyframe="0" xtl="1719.19" ytl="287.29" xbr="1920.00" ybr="781.59" z_order="0">
      <attribute name="View">Side</attribute>
      <attribute name="Adipose Clipped">No</attribute>
      <attribute name="Confidence Level">3</attribute>
      <attribute name="Injury">Yes</attribute>
      <attribute name="Notes">Fin Wear</attribute>
      <attribute name="Sex">Male</attribute>
    </box>
    <box frame="191" outside="0" occluded="1" keyframe="0" xtl="1719.78" ytl="285.51" xbr="1920.00" ybr="779.32" z_order="0">
      <attribute name="View">Side</attribute>
      <attribute name="Adipose Clipped">No</attribute>
      <attribute name="Confidence Level">3</attribute>
      <attribute name="Injury">Yes</attribute>
      <attribute name="Notes">Fin Wear</attribute>
      <attribute name="Sex">Male</attribute>
    </box>
    <box frame="192" outside="0" occluded="1" keyframe="0" xtl="1720.37" ytl="283.74" xbr="1920.00" ybr="777.05" z_order="0">
      <attribute name="View">Side</attribute>
      <attribute name="Adipose Clipped">No</attribute>
      <attribute name="Confidence Level">3</attribute>
      <attribute name="Injury">Yes</attribute>
      <attribute name="Notes">Fin Wear</attribute>
      <attribute name="Sex">Male</attribute>
    </box>
    <box frame="193" outside="0" occluded="1" keyframe="0" xtl="1720.96" ytl="281.96" xbr="1920.00" ybr="774.79" z_order="0">
      <attribute name="View">Side</attribute>
      <attribute name="Adipose Clipped">No</attribute>
      <attribute name="Confidence Level">3</attribute>
      <attribute name="Injury">Yes</attribute>
      <attribute name="Notes">Fin Wear</attribute>
      <attribute name="Sex">Male</attribute>
    </box>
    <box frame="194" outside="0" occluded="1" keyframe="0" xtl="1721.55" ytl="280.18" xbr="1920.00" ybr="772.52" z_order="0">
      <attribute name="View">Side</attribute>
      <attribute name="Adipose Clipped">No</attribute>
      <attribute name="Confidence Level">3</attribute>
      <attribute name="Injury">Yes</attribute>
      <attribute name="Notes">Fin Wear</attribute>
      <attribute name="Sex">Male</attribute>
    </box>
    <box frame="195" outside="0" occluded="1" keyframe="0" xtl="1722.14" ytl="278.41" xbr="1920.00" ybr="770.25" z_order="0">
      <attribute name="View">Side</attribute>
      <attribute name="Adipose Clipped">No</attribute>
      <attribute name="Confidence Level">3</attribute>
      <attribute name="Injury">Yes</attribute>
      <attribute name="Notes">Fin Wear</attribute>
      <attribute name="Sex">Male</attribute>
    </box>
    <box frame="196" outside="0" occluded="1" keyframe="0" xtl="1722.73" ytl="276.63" xbr="1920.00" ybr="767.98" z_order="0">
      <attribute name="View">Side</attribute>
      <attribute name="Adipose Clipped">No</attribute>
      <attribute name="Confidence Level">3</attribute>
      <attribute name="Injury">Yes</attribute>
      <attribute name="Notes">Fin Wear</attribute>
      <attribute name="Sex">Male</attribute>
    </box>
    <box frame="197" outside="0" occluded="1" keyframe="0" xtl="1723.33" ytl="274.85" xbr="1920.00" ybr="765.71" z_order="0">
      <attribute name="View">Side</attribute>
      <attribute name="Adipose Clipped">No</attribute>
      <attribute name="Confidence Level">3</attribute>
      <attribute name="Injury">Yes</attribute>
      <attribute name="Notes">Fin Wear</attribute>
      <attribute name="Sex">Male</attribute>
    </box>
    <box frame="198" outside="0" occluded="1" keyframe="0" xtl="1723.92" ytl="273.07" xbr="1920.00" ybr="763.44" z_order="0">
      <attribute name="View">Side</attribute>
      <attribute name="Adipose Clipped">No</attribute>
      <attribute name="Confidence Level">3</attribute>
      <attribute name="Injury">Yes</attribute>
      <attribute name="Notes">Fin Wear</attribute>
      <attribute name="Sex">Male</attribute>
    </box>
    <box frame="199" outside="0" occluded="1" keyframe="0" xtl="1724.51" ytl="271.30" xbr="1920.00" ybr="761.17" z_order="0">
      <attribute name="View">Side</attribute>
      <attribute name="Adipose Clipped">No</attribute>
      <attribute name="Confidence Level">3</attribute>
      <attribute name="Injury">Yes</attribute>
      <attribute name="Notes">Fin Wear</attribute>
      <attribute name="Sex">Male</attribute>
    </box>
    <box frame="200" outside="0" occluded="1" keyframe="1" xtl="1725.10" ytl="269.52" xbr="1920.00" ybr="758.90" z_order="0">
      <attribute name="View">Side</attribute>
      <attribute name="Adipose Clipped">No</attribute>
      <attribute name="Confidence Level">3</attribute>
      <attribute name="Injury">Yes</attribute>
      <attribute name="Notes">Fin Wear</attribute>
      <attribute name="Sex">Male</attribute>
    </box>
    <box frame="201" outside="0" occluded="1" keyframe="0" xtl="1719.80" ytl="274.58" xbr="1920.00" ybr="758.90" z_order="0">
      <attribute name="View">Side</attribute>
      <attribute name="Adipose Clipped">No</attribute>
      <attribute name="Confidence Level">3</attribute>
      <attribute name="Injury">Yes</attribute>
      <attribute name="Notes">Fin Wear</attribute>
      <attribute name="Sex">Male</attribute>
    </box>
    <box frame="202" outside="0" occluded="1" keyframe="0" xtl="1714.50" ytl="279.65" xbr="1920.00" ybr="758.90" z_order="0">
      <attribute name="View">Side</attribute>
      <attribute name="Adipose Clipped">No</attribute>
      <attribute name="Confidence Level">3</attribute>
      <attribute name="Injury">Yes</attribute>
      <attribute name="Notes">Fin Wear</attribute>
      <attribute name="Sex">Male</attribute>
    </box>
    <box frame="203" outside="0" occluded="1" keyframe="0" xtl="1709.20" ytl="284.71" xbr="1920.00" ybr="758.90" z_order="0">
      <attribute name="View">Side</attribute>
      <attribute name="Adipose Clipped">No</attribute>
      <attribute name="Confidence Level">3</attribute>
      <attribute name="Injury">Yes</attribute>
      <attribute name="Notes">Fin Wear</attribute>
      <attribute name="Sex">Male</attribute>
    </box>
    <box frame="204" outside="0" occluded="1" keyframe="0" xtl="1703.90" ytl="289.78" xbr="1920.00" ybr="758.90" z_order="0">
      <attribute name="View">Side</attribute>
      <attribute name="Adipose Clipped">No</attribute>
      <attribute name="Confidence Level">3</attribute>
      <attribute name="Injury">Yes</attribute>
      <attribute name="Notes">Fin Wear</attribute>
      <attribute name="Sex">Male</attribute>
    </box>
    <box frame="205" outside="0" occluded="1" keyframe="0" xtl="1698.60" ytl="294.84" xbr="1920.00" ybr="758.90" z_order="0">
      <attribute name="View">Side</attribute>
      <attribute name="Adipose Clipped">No</attribute>
      <attribute name="Confidence Level">3</attribute>
      <attribute name="Injury">Yes</attribute>
      <attribute name="Notes">Fin Wear</attribute>
      <attribute name="Sex">Male</attribute>
    </box>
    <box frame="206" outside="0" occluded="1" keyframe="0" xtl="1693.30" ytl="299.91" xbr="1920.00" ybr="758.90" z_order="0">
      <attribute name="View">Side</attribute>
      <attribute name="Adipose Clipped">No</attribute>
      <attribute name="Confidence Level">3</attribute>
      <attribute name="Injury">Yes</attribute>
      <attribute name="Notes">Fin Wear</attribute>
      <attribute name="Sex">Male</attribute>
    </box>
    <box frame="207" outside="0" occluded="1" keyframe="0" xtl="1688.00" ytl="304.97" xbr="1920.00" ybr="758.90" z_order="0">
      <attribute name="View">Side</attribute>
      <attribute name="Adipose Clipped">No</attribute>
      <attribute name="Confidence Level">3</attribute>
      <attribute name="Injury">Yes</attribute>
      <attribute name="Notes">Fin Wear</attribute>
      <attribute name="Sex">Male</attribute>
    </box>
    <box frame="208" outside="0" occluded="1" keyframe="0" xtl="1682.70" ytl="310.04" xbr="1920.00" ybr="758.90" z_order="0">
      <attribute name="View">Side</attribute>
      <attribute name="Adipose Clipped">No</attribute>
      <attribute name="Confidence Level">3</attribute>
      <attribute name="Injury">Yes</attribute>
      <attribute name="Notes">Fin Wear</attribute>
      <attribute name="Sex">Male</attribute>
    </box>
    <box frame="209" outside="0" occluded="1" keyframe="1" xtl="1677.40" ytl="315.10" xbr="1920.00" ybr="758.90" z_order="0">
      <attribute name="View">Side</attribute>
      <attribute name="Adipose Clipped">No</attribute>
      <attribute name="Confidence Level">3</attribute>
      <attribute name="Injury">Yes</attribute>
      <attribute name="Notes">Fin Wear</attribute>
      <attribute name="Sex">Male</attribute>
    </box>
    <box frame="210" outside="0" occluded="1" keyframe="0" xtl="1677.40" ytl="315.10" xbr="1920.00" ybr="758.90" z_order="0">
      <attribute name="View">Side</attribute>
      <attribute name="Adipose Clipped">No</attribute>
      <attribute name="Confidence Level">3</attribute>
      <attribute name="Injury">Yes</attribute>
      <attribute name="Notes">Fin Wear</attribute>
      <attribute name="Sex">Male</attribute>
    </box>
    <box frame="211" outside="0" occluded="1" keyframe="0" xtl="1677.40" ytl="315.10" xbr="1920.00" ybr="758.90" z_order="0">
      <attribute name="View">Side</attribute>
      <attribute name="Adipose Clipped">No</attribute>
      <attribute name="Confidence Level">3</attribute>
      <attribute name="Injury">Yes</attribute>
      <attribute name="Notes">Fin Wear</attribute>
      <attribute name="Sex">Male</attribute>
    </box>
    <box frame="212" outside="0" occluded="1" keyframe="0" xtl="1677.40" ytl="315.10" xbr="1920.00" ybr="758.90" z_order="0">
      <attribute name="View">Side</attribute>
      <attribute name="Adipose Clipped">No</attribute>
      <attribute name="Confidence Level">3</attribute>
      <attribute name="Injury">Yes</attribute>
      <attribute name="Notes">Fin Wear</attribute>
      <attribute name="Sex">Male</attribute>
    </box>
    <box frame="213" outside="0" occluded="1" keyframe="0" xtl="1677.40" ytl="315.10" xbr="1920.00" ybr="758.90" z_order="0">
      <attribute name="View">Side</attribute>
      <attribute name="Adipose Clipped">No</attribute>
      <attribute name="Confidence Level">3</attribute>
      <attribute name="Injury">Yes</attribute>
      <attribute name="Notes">Fin Wear</attribute>
      <attribute name="Sex">Male</attribute>
    </box>
    <box frame="214" outside="0" occluded="1" keyframe="0" xtl="1677.40" ytl="315.10" xbr="1920.00" ybr="758.90" z_order="0">
      <attribute name="View">Side</attribute>
      <attribute name="Adipose Clipped">No</attribute>
      <attribute name="Confidence Level">3</attribute>
      <attribute name="Injury">Yes</attribute>
      <attribute name="Notes">Fin Wear</attribute>
      <attribute name="Sex">Male</attribute>
    </box>
    <box frame="215" outside="0" occluded="1" keyframe="0" xtl="1677.40" ytl="315.10" xbr="1920.00" ybr="758.90" z_order="0">
      <attribute name="View">Side</attribute>
      <attribute name="Adipose Clipped">No</attribute>
      <attribute name="Confidence Level">3</attribute>
      <attribute name="Injury">Yes</attribute>
      <attribute name="Notes">Fin Wear</attribute>
      <attribute name="Sex">Male</attribute>
    </box>
    <box frame="216" outside="0" occluded="1" keyframe="0" xtl="1677.40" ytl="315.10" xbr="1920.00" ybr="758.90" z_order="0">
      <attribute name="View">Side</attribute>
      <attribute name="Adipose Clipped">No</attribute>
      <attribute name="Confidence Level">3</attribute>
      <attribute name="Injury">Yes</attribute>
      <attribute name="Notes">Fin Wear</attribute>
      <attribute name="Sex">Male</attribute>
    </box>
    <box frame="217" outside="0" occluded="1" keyframe="0" xtl="1677.40" ytl="315.10" xbr="1920.00" ybr="758.90" z_order="0">
      <attribute name="View">Side</attribute>
      <attribute name="Adipose Clipped">No</attribute>
      <attribute name="Confidence Level">3</attribute>
      <attribute name="Injury">Yes</attribute>
      <attribute name="Notes">Fin Wear</attribute>
      <attribute name="Sex">Male</attribute>
    </box>
    <box frame="218" outside="0" occluded="1" keyframe="0" xtl="1677.40" ytl="315.10" xbr="1920.00" ybr="758.90" z_order="0">
      <attribute name="View">Side</attribute>
      <attribute name="Adipose Clipped">No</attribute>
      <attribute name="Confidence Level">3</attribute>
      <attribute name="Injury">Yes</attribute>
      <attribute name="Notes">Fin Wear</attribute>
      <attribute name="Sex">Male</attribute>
    </box>
    <box frame="219" outside="0" occluded="1" keyframe="0" xtl="1677.40" ytl="315.10" xbr="1920.00" ybr="758.90" z_order="0">
      <attribute name="View">Side</attribute>
      <attribute name="Adipose Clipped">No</attribute>
      <attribute name="Confidence Level">3</attribute>
      <attribute name="Injury">Yes</attribute>
      <attribute name="Notes">Fin Wear</attribute>
      <attribute name="Sex">Male</attribute>
    </box>
    <box frame="220" outside="0" occluded="1" keyframe="0" xtl="1677.40" ytl="315.10" xbr="1920.00" ybr="758.90" z_order="0">
      <attribute name="View">Side</attribute>
      <attribute name="Adipose Clipped">No</attribute>
      <attribute name="Confidence Level">3</attribute>
      <attribute name="Injury">Yes</attribute>
      <attribute name="Notes">Fin Wear</attribute>
      <attribute name="Sex">Male</attribute>
    </box>
    <box frame="221" outside="0" occluded="1" keyframe="0" xtl="1677.40" ytl="315.10" xbr="1920.00" ybr="758.90" z_order="0">
      <attribute name="View">Side</attribute>
      <attribute name="Adipose Clipped">No</attribute>
      <attribute name="Confidence Level">3</attribute>
      <attribute name="Injury">Yes</attribute>
      <attribute name="Notes">Fin Wear</attribute>
      <attribute name="Sex">Male</attribute>
    </box>
    <box frame="222" outside="0" occluded="1" keyframe="0" xtl="1677.40" ytl="315.10" xbr="1920.00" ybr="758.90" z_order="0">
      <attribute name="View">Side</attribute>
      <attribute name="Adipose Clipped">No</attribute>
      <attribute name="Confidence Level">3</attribute>
      <attribute name="Injury">Yes</attribute>
      <attribute name="Notes">Fin Wear</attribute>
      <attribute name="Sex">Male</attribute>
    </box>
    <box frame="223" outside="0" occluded="1" keyframe="0" xtl="1677.40" ytl="315.10" xbr="1920.00" ybr="758.90" z_order="0">
      <attribute name="View">Side</attribute>
      <attribute name="Adipose Clipped">No</attribute>
      <attribute name="Confidence Level">3</attribute>
      <attribute name="Injury">Yes</attribute>
      <attribute name="Notes">Fin Wear</attribute>
      <attribute name="Sex">Male</attribute>
    </box>
    <box frame="224" outside="0" occluded="1" keyframe="0" xtl="1677.40" ytl="315.10" xbr="1920.00" ybr="758.90" z_order="0">
      <attribute name="View">Side</attribute>
      <attribute name="Adipose Clipped">No</attribute>
      <attribute name="Confidence Level">3</attribute>
      <attribute name="Injury">Yes</attribute>
      <attribute name="Notes">Fin Wear</attribute>
      <attribute name="Sex">Male</attribute>
    </box>
    <box frame="225" outside="0" occluded="1" keyframe="0" xtl="1677.40" ytl="315.10" xbr="1920.00" ybr="758.90" z_order="0">
      <attribute name="View">Side</attribute>
      <attribute name="Adipose Clipped">No</attribute>
      <attribute name="Confidence Level">3</attribute>
      <attribute name="Injury">Yes</attribute>
      <attribute name="Notes">Fin Wear</attribute>
      <attribute name="Sex">Male</attribute>
    </box>
    <box frame="226" outside="0" occluded="1" keyframe="0" xtl="1677.40" ytl="315.10" xbr="1920.00" ybr="758.90" z_order="0">
      <attribute name="View">Side</attribute>
      <attribute name="Adipose Clipped">No</attribute>
      <attribute name="Confidence Level">3</attribute>
      <attribute name="Injury">Yes</attribute>
      <attribute name="Notes">Fin Wear</attribute>
      <attribute name="Sex">Male</attribute>
    </box>
    <box frame="227" outside="0" occluded="1" keyframe="0" xtl="1677.40" ytl="315.10" xbr="1920.00" ybr="758.90" z_order="0">
      <attribute name="View">Side</attribute>
      <attribute name="Adipose Clipped">No</attribute>
      <attribute name="Confidence Level">3</attribute>
      <attribute name="Injury">Yes</attribute>
      <attribute name="Notes">Fin Wear</attribute>
      <attribute name="Sex">Male</attribute>
    </box>
    <box frame="228" outside="0" occluded="1" keyframe="0" xtl="1677.40" ytl="315.10" xbr="1920.00" ybr="758.90" z_order="0">
      <attribute name="View">Side</attribute>
      <attribute name="Adipose Clipped">No</attribute>
      <attribute name="Confidence Level">3</attribute>
      <attribute name="Injury">Yes</attribute>
      <attribute name="Notes">Fin Wear</attribute>
      <attribute name="Sex">Male</attribute>
    </box>
    <box frame="229" outside="0" occluded="1" keyframe="0" xtl="1677.40" ytl="315.10" xbr="1920.00" ybr="758.90" z_order="0">
      <attribute name="View">Side</attribute>
      <attribute name="Adipose Clipped">No</attribute>
      <attribute name="Confidence Level">3</attribute>
      <attribute name="Injury">Yes</attribute>
      <attribute name="Notes">Fin Wear</attribute>
      <attribute name="Sex">Male</attribute>
    </box>
    <box frame="230" outside="0" occluded="1" keyframe="0" xtl="1677.40" ytl="315.10" xbr="1920.00" ybr="758.90" z_order="0">
      <attribute name="View">Side</attribute>
      <attribute name="Adipose Clipped">No</attribute>
      <attribute name="Confidence Level">3</attribute>
      <attribute name="Injury">Yes</attribute>
      <attribute name="Notes">Fin Wear</attribute>
      <attribute name="Sex">Male</attribute>
    </box>
    <box frame="231" outside="0" occluded="1" keyframe="0" xtl="1677.40" ytl="315.10" xbr="1920.00" ybr="758.90" z_order="0">
      <attribute name="View">Side</attribute>
      <attribute name="Adipose Clipped">No</attribute>
      <attribute name="Confidence Level">3</attribute>
      <attribute name="Injury">Yes</attribute>
      <attribute name="Notes">Fin Wear</attribute>
      <attribute name="Sex">Male</attribute>
    </box>
    <box frame="232" outside="0" occluded="1" keyframe="0" xtl="1677.40" ytl="315.10" xbr="1920.00" ybr="758.90" z_order="0">
      <attribute name="View">Side</attribute>
      <attribute name="Adipose Clipped">No</attribute>
      <attribute name="Confidence Level">3</attribute>
      <attribute name="Injury">Yes</attribute>
      <attribute name="Notes">Fin Wear</attribute>
      <attribute name="Sex">Male</attribute>
    </box>
    <box frame="233" outside="0" occluded="1" keyframe="0" xtl="1677.40" ytl="315.10" xbr="1920.00" ybr="758.90" z_order="0">
      <attribute name="View">Side</attribute>
      <attribute name="Adipose Clipped">No</attribute>
      <attribute name="Confidence Level">3</attribute>
      <attribute name="Injury">Yes</attribute>
      <attribute name="Notes">Fin Wear</attribute>
      <attribute name="Sex">Male</attribute>
    </box>
    <box frame="234" outside="0" occluded="1" keyframe="0" xtl="1677.40" ytl="315.10" xbr="1920.00" ybr="758.90" z_order="0">
      <attribute name="View">Side</attribute>
      <attribute name="Adipose Clipped">No</attribute>
      <attribute name="Confidence Level">3</attribute>
      <attribute name="Injury">Yes</attribute>
      <attribute name="Notes">Fin Wear</attribute>
      <attribute name="Sex">Male</attribute>
    </box>
    <box frame="235" outside="0" occluded="1" keyframe="0" xtl="1677.40" ytl="315.10" xbr="1920.00" ybr="758.90" z_order="0">
      <attribute name="View">Side</attribute>
      <attribute name="Adipose Clipped">No</attribute>
      <attribute name="Confidence Level">3</attribute>
      <attribute name="Injury">Yes</attribute>
      <attribute name="Notes">Fin Wear</attribute>
      <attribute name="Sex">Male</attribute>
    </box>
    <box frame="236" outside="0" occluded="1" keyframe="0" xtl="1677.40" ytl="315.10" xbr="1920.00" ybr="758.90" z_order="0">
      <attribute name="View">Side</attribute>
      <attribute name="Adipose Clipped">No</attribute>
      <attribute name="Confidence Level">3</attribute>
      <attribute name="Injury">Yes</attribute>
      <attribute name="Notes">Fin Wear</attribute>
      <attribute name="Sex">Male</attribute>
    </box>
    <box frame="237" outside="1" occluded="1" keyframe="1" xtl="1677.40" ytl="315.10" xbr="1920.00" ybr="758.90" z_order="0">
      <attribute name="View">Side</attribute>
      <attribute name="Adipose Clipped">No</attribute>
      <attribute name="Confidence Level">3</attribute>
      <attribute name="Injury">Yes</attribute>
      <attribute name="Notes">Fin Wear</attribute>
      <attribute name="Sex">Male</attribute>
    </box>
  </track>
</annotations>