<?xml version="1.0" encoding="utf-8"?>
<annotations>
  <version>1.1</version>
  <meta>
    <task>
      <id>275</id>
      <name>09-16-2020 20-32-44 M Salmon Camera</name>
      <size>658</size>
      <mode>interpolation</mode>
      <overlap>5</overlap>
      <bugtracker></bugtracker>
      <created>2022-01-04 21:46:03.893805+00:00</created>
      <updated>2022-01-04 21:52:28.688814+00:00</updated>
      <subset>default</subset>
      <start_frame>0</start_frame>
      <stop_frame>657</stop_frame>
      <frame_filter></frame_filter>
      <segments>
        <segment>
          <id>272</id>
          <start>0</start>
          <stop>657</stop>
          <url>httplocalhost:8080/?id=272</url>
        </segment>
      </segments>
      <owner>
        <username>scurfield</username>
        <email>dan.scurfield@gmail.com</email>
      </owner>
      <assignee></assignee>
      <labels>
        <label>
          <name>Coho</name>
          <color>#83e070</color>
          <attributes>
            <attribute>
              <name>Adipose Clipped</name>
              <mutable>False</mutable>
              <input_type>select</input_type>
              <default_value>No</default_value>
              <values>No
Yes
NA</values>
            </attribute>
            <attribute>
              <name>confidence level</name>
              <mutable>False</mutable>
              <input_type>select</input_type>
              <default_value>3</default_value>
              <values>3
2
1</values>
            </attribute>
            <attribute>
              <name>injury</name>
              <mutable>False</mutable>
              <input_type>select</input_type>
              <default_value>No</default_value>
              <values>No
Yes
NA</values>
            </attribute>
            <attribute>
              <name>notes</name>
              <mutable>False</mutable>
              <input_type>text</input_type>
              <default_value>NA</default_value>
              <values>NA</values>
            </attribute>
            <attribute>
              <name>sex</name>
              <mutable>False</mutable>
              <input_type>select</input_type>
              <default_value>Male</default_value>
              <values>Male
Female
Jack</values>
            </attribute>
            <attribute>
              <name>view</name>
              <mutable>False</mutable>
              <input_type>select</input_type>
              <default_value>Side</default_value>
              <values>Side
Top-down</values>
            </attribute>
          </attributes>
        </label>
        <label>
          <name>Bull</name>
          <color>#20c000</color>
          <attributes>
            <attribute>
              <name>adipose clipped</name>
              <mutable>False</mutable>
              <input_type>select</input_type>
              <default_value>No</default_value>
              <values>No
NA</values>
            </attribute>
            <attribute>
              <name>confidence level</name>
              <mutable>False</mutable>
              <input_type>select</input_type>
              <default_value>3</default_value>
              <values>3
2
1</values>
            </attribute>
            <attribute>
              <name>injury</name>
              <mutable>False</mutable>
              <input_type>select</input_type>
              <default_value>No</default_value>
              <values>No
Yes
NA</values>
            </attribute>
            <attribute>
              <name>notes</name>
              <mutable>False</mutable>
              <input_type>text</input_type>
              <default_value>NA</default_value>
              <values>NA</values>
            </attribute>
            <attribute>
              <name>sex</name>
              <mutable>False</mutable>
              <input_type>select</input_type>
              <default_value>NA</default_value>
              <values>NA</values>
            </attribute>
            <attribute>
              <name>view</name>
              <mutable>False</mutable>
              <input_type>select</input_type>
              <default_value>Side</default_value>
              <values>Side
Top-down</values>
            </attribute>
          </attributes>
        </label>
        <label>
          <name>Chum</name>
          <color>#b83df5</color>
          <attributes>
            <attribute>
              <name>view</name>
              <mutable>False</mutable>
              <input_type>select</input_type>
              <default_value>Side</default_value>
              <values>Side
Top-down</values>
            </attribute>
            <attribute>
              <name>injury</name>
              <mutable>False</mutable>
              <input_type>select</input_type>
              <default_value>No</default_value>
              <values>No
Yes
NA</values>
            </attribute>
            <attribute>
              <name>adipose clipped</name>
              <mutable>False</mutable>
              <input_type>select</input_type>
              <default_value>No</default_value>
              <values>No
Yes
NA</values>
            </attribute>
            <attribute>
              <name>notes</name>
              <mutable>False</mutable>
              <input_type>text</input_type>
              <default_value>NA</default_value>
              <values>NA</values>
            </attribute>
            <attribute>
              <name>sex</name>
              <mutable>False</mutable>
              <input_type>select</input_type>
              <default_value>Male</default_value>
              <values>Male
Female</values>
            </attribute>
            <attribute>
              <name>confidence level</name>
              <mutable>False</mutable>
              <input_type>select</input_type>
              <default_value>3</default_value>
              <values>3
2
1</values>
            </attribute>
          </attributes>
        </label>
        <label>
          <name>Whitefish</name>
          <color>#e5e3ee</color>
          <attributes>
            <attribute>
              <name>adipose clipped</name>
              <mutable>False</mutable>
              <input_type>select</input_type>
              <default_value>No</default_value>
              <values>No
Yes
NA</values>
            </attribute>
            <attribute>
              <name>confidence level</name>
              <mutable>False</mutable>
              <input_type>select</input_type>
              <default_value>3</default_value>
              <values>3
2
1</values>
            </attribute>
            <attribute>
              <name>injury</name>
              <mutable>False</mutable>
              <input_type>select</input_type>
              <default_value>No</default_value>
              <values>No
Yes
NA</values>
            </attribute>
            <attribute>
              <name>notes</name>
              <mutable>False</mutable>
              <input_type>text</input_type>
              <default_value>NA</default_value>
              <values>NA</values>
            </attribute>
            <attribute>
              <name>sex</name>
              <mutable>False</mutable>
              <input_type>select</input_type>
              <default_value>NA</default_value>
              <values>NA</values>
            </attribute>
            <attribute>
              <name>view</name>
              <mutable>False</mutable>
              <input_type>select</input_type>
              <default_value>Side</default_value>
              <values>Side
Top-down</values>
            </attribute>
          </attributes>
        </label>
        <label>
          <name>Pink</name>
          <color>#fa7dbb</color>
          <attributes>
            <attribute>
              <name>confidence level</name>
              <mutable>False</mutable>
              <input_type>select</input_type>
              <default_value>3</default_value>
              <values>3
2
1</values>
            </attribute>
            <attribute>
              <name>injury</name>
              <mutable>False</mutable>
              <input_type>select</input_type>
              <default_value>No</default_value>
              <values>No
Yes
NA</values>
            </attribute>
            <attribute>
              <name>notes</name>
              <mutable>False</mutable>
              <input_type>text</input_type>
              <default_value>NA</default_value>
              <values>NA</values>
            </attribute>
            <attribute>
              <name>sex</name>
              <mutable>False</mutable>
              <input_type>select</input_type>
              <default_value>Male</default_value>
              <values>Male
Female</values>
            </attribute>
            <attribute>
              <name>view</name>
              <mutable>False</mutable>
              <input_type>select</input_type>
              <default_value>Side</default_value>
              <values>Side
Top-down</values>
            </attribute>
            <attribute>
              <name>adipose clipped</name>
              <mutable>False</mutable>
              <input_type>select</input_type>
              <default_value>No</default_value>
              <values>No
Yes
NA</values>
            </attribute>
          </attributes>
        </label>
        <label>
          <name>Sockeye</name>
          <color>#fa3253</color>
          <attributes>
            <attribute>
              <name>sex</name>
              <mutable>False</mutable>
              <input_type>select</input_type>
              <default_value>Male</default_value>
              <values>Male
Female
Jack</values>
            </attribute>
            <attribute>
              <name>view</name>
              <mutable>False</mutable>
              <input_type>select</input_type>
              <default_value>Side</default_value>
              <values>Side
Top-down</values>
            </attribute>
            <attribute>
              <name>adipose clipped</name>
              <mutable>False</mutable>
              <input_type>select</input_type>
              <default_value>No</default_value>
              <values>No
Yes
NA</values>
            </attribute>
            <attribute>
              <name>confidence level</name>
              <mutable>False</mutable>
              <input_type>select</input_type>
              <default_value>3</default_value>
              <values>3
2
1</values>
            </attribute>
            <attribute>
              <name>injury</name>
              <mutable>False</mutable>
              <input_type>select</input_type>
              <default_value>No</default_value>
              <values>No
Yes
NA</values>
            </attribute>
            <attribute>
              <name>notes</name>
              <mutable>False</mutable>
              <input_type>text</input_type>
              <default_value>NA</default_value>
              <values>NA</values>
            </attribute>
          </attributes>
        </label>
        <label>
          <name>Steelhead</name>
          <color>#32b7fa</color>
          <attributes>
            <attribute>
              <name>confidence level</name>
              <mutable>False</mutable>
              <input_type>select</input_type>
              <default_value>3</default_value>
              <values>3
2
1</values>
            </attribute>
            <attribute>
              <name>injury</name>
              <mutable>False</mutable>
              <input_type>select</input_type>
              <default_value>No</default_value>
              <values>No
Yes
NA</values>
            </attribute>
            <attribute>
              <name>notes</name>
              <mutable>False</mutable>
              <input_type>text</input_type>
              <default_value>NA</default_value>
              <values>NA</values>
            </attribute>
            <attribute>
              <name>sex</name>
              <mutable>False</mutable>
              <input_type>select</input_type>
              <default_value>Male</default_value>
              <values>Male
Female</values>
            </attribute>
            <attribute>
              <name>view</name>
              <mutable>False</mutable>
              <input_type>select</input_type>
              <default_value>Side</default_value>
              <values>Side
Top-down</values>
            </attribute>
            <attribute>
              <name>adipose clipped</name>
              <mutable>False</mutable>
              <input_type>select</input_type>
              <default_value>No</default_value>
              <values>No
Yes
NA</values>
            </attribute>
          </attributes>
        </label>
        <label>
          <name>Rainbow</name>
          <color>#f1c6e3</color>
          <attributes>
            <attribute>
              <name>injury</name>
              <mutable>False</mutable>
              <input_type>select</input_type>
              <default_value>No</default_value>
              <values>No
Yes
NA</values>
            </attribute>
            <attribute>
              <name>notes</name>
              <mutable>False</mutable>
              <input_type>text</input_type>
              <default_value>NA</default_value>
              <values>NA</values>
            </attribute>
            <attribute>
              <name>view</name>
              <mutable>False</mutable>
              <input_type>select</input_type>
              <default_value>Side</default_value>
              <values>Side
Top-down</values>
            </attribute>
            <attribute>
              <name>sex</name>
              <mutable>False</mutable>
              <input_type>select</input_type>
              <default_value>NA</default_value>
              <values>NA
Juvenile</values>
            </attribute>
            <attribute>
              <name>adipose clipped</name>
              <mutable>False</mutable>
              <input_type>select</input_type>
              <default_value>No</default_value>
              <values>No
Yes
NA</values>
            </attribute>
            <attribute>
              <name>confidence level</name>
              <mutable>False</mutable>
              <input_type>select</input_type>
              <default_value>3</default_value>
              <values>3
2
1</values>
            </attribute>
          </attributes>
        </label>
        <label>
          <name>Chinook</name>
          <color>#2a7dd1</color>
          <attributes>
            <attribute>
              <name>adipose clipped</name>
              <mutable>False</mutable>
              <input_type>select</input_type>
              <default_value>No</default_value>
              <values>No
Yes
NA</values>
            </attribute>
            <attribute>
              <name>confidence level</name>
              <mutable>False</mutable>
              <input_type>select</input_type>
              <default_value>3</default_value>
              <values>3
2
1</values>
            </attribute>
            <attribute>
              <name>injury</name>
              <mutable>False</mutable>
              <input_type>select</input_type>
              <default_value>No</default_value>
              <values>No
Yes
NA</values>
            </attribute>
            <attribute>
              <name>notes</name>
              <mutable>False</mutable>
              <input_type>text</input_type>
              <default_value>NA</default_value>
              <values>NA</values>
            </attribute>
            <attribute>
              <name>sex</name>
              <mutable>False</mutable>
              <input_type>select</input_type>
              <default_value>Male</default_value>
              <values>Male
Female
Jack</values>
            </attribute>
            <attribute>
              <name>view</name>
              <mutable>False</mutable>
              <input_type>select</input_type>
              <default_value>Side</default_value>
              <values>Side
Top-down</values>
            </attribute>
          </attributes>
        </label>
        <label>
          <name>Pikeminnow</name>
          <color>#ecc49c</color>
          <attributes>
            <attribute>
              <name>confidence level</name>
              <mutable>False</mutable>
              <input_type>select</input_type>
              <default_value>3</default_value>
              <values>3
2
1</values>
            </attribute>
            <attribute>
              <name>notes</name>
              <mutable>False</mutable>
              <input_type>text</input_type>
              <default_value>NA</default_value>
              <values>NA</values>
            </attribute>
          </attributes>
        </label>
        <label>
          <name>Shiner</name>
          <color>#8c78f0</color>
          <attributes>
            <attribute>
              <name>confidence level</name>
              <mutable>False</mutable>
              <input_type>select</input_type>
              <default_value>3</default_value>
              <values>3
2
1</values>
            </attribute>
            <attribute>
              <name>notes</name>
              <mutable>False</mutable>
              <input_type>text</input_type>
              <default_value>NA</default_value>
              <values>NA</values>
            </attribute>
          </attributes>
        </label>
        <label>
          <name>Lampray</name>
          <color>#2e2930</color>
          <attributes>
            <attribute>
              <name>confidence level</name>
              <mutable>False</mutable>
              <input_type>select</input_type>
              <default_value>3</default_value>
              <values>3
2
1</values>
            </attribute>
            <attribute>
              <name>notes</name>
              <mutable>False</mutable>
              <input_type>text</input_type>
              <default_value>NA</default_value>
              <values>NA</values>
            </attribute>
          </attributes>
        </label>
        <label>
          <name>Cutthroat</name>
          <color>#cc9933</color>
          <attributes>
            <attribute>
              <name>adipose clipped</name>
              <mutable>False</mutable>
              <input_type>select</input_type>
              <default_value>No</default_value>
              <values>No
Yes
NA</values>
            </attribute>
            <attribute>
              <name>confidence level</name>
              <mutable>False</mutable>
              <input_type>select</input_type>
              <default_value>3</default_value>
              <values>3
2
1</values>
            </attribute>
            <attribute>
              <name>injury</name>
              <mutable>False</mutable>
              <input_type>select</input_type>
              <default_value>No</default_value>
              <values>No
Yes
NA</values>
            </attribute>
            <attribute>
              <name>notes</name>
              <mutable>False</mutable>
              <input_type>text</input_type>
              <default_value>NA</default_value>
              <values>NA</values>
            </attribute>
            <attribute>
              <name>sex</name>
              <mutable>False</mutable>
              <input_type>select</input_type>
              <default_value>NA</default_value>
              <values>NA
Juvenile</values>
            </attribute>
            <attribute>
              <name>view</name>
              <mutable>False</mutable>
              <input_type>select</input_type>
              <default_value>Side</default_value>
              <values>Side
Top-down</values>
            </attribute>
          </attributes>
        </label>
      </labels>
      <original_size>
        <width>1920</width>
        <height>1080</height>
      </original_size>
    </task>
    <dumped>2022-01-04 21:52:34.720734+00:00</dumped>
    <source>09-16-2020 20-32-44 M Salmon Camera.m4v</source>
  </meta>
  <track id="0" label="Sockeye" source="manual">
    <box frame="87" outside="0" occluded="1" keyframe="1" xtl="0.00" ytl="493.32" xbr="83.44" ybr="767.13" z_order="0">
      <attribute name="adipose clipped">No</attribute>
      <attribute name="confidence level">2</attribute>
      <attribute name="injury">No</attribute>
      <attribute name="notes">NA</attribute>
      <attribute name="sex">Male</attribute>
      <attribute name="view">Side</attribute>
    </box>
    <box frame="88" outside="0" occluded="1" keyframe="0" xtl="0.00" ytl="497.83" xbr="107.15" ybr="772.97" z_order="0">
      <attribute name="adipose clipped">No</attribute>
      <attribute name="confidence level">2</attribute>
      <attribute name="injury">No</attribute>
      <attribute name="notes">NA</attribute>
      <attribute name="sex">Male</attribute>
      <attribute name="view">Side</attribute>
    </box>
    <box frame="89" outside="0" occluded="1" keyframe="0" xtl="0.00" ytl="502.34" xbr="130.85" ybr="778.82" z_order="0">
      <attribute name="adipose clipped">No</attribute>
      <attribute name="confidence level">2</attribute>
      <attribute name="injury">No</attribute>
      <attribute name="notes">NA</attribute>
      <attribute name="sex">Male</attribute>
      <attribute name="view">Side</attribute>
    </box>
    <box frame="90" outside="0" occluded="1" keyframe="0" xtl="0.00" ytl="506.86" xbr="154.56" ybr="784.66" z_order="0">
      <attribute name="adipose clipped">No</attribute>
      <attribute name="confidence level">2</attribute>
      <attribute name="injury">No</attribute>
      <attribute name="notes">NA</attribute>
      <attribute name="sex">Male</attribute>
      <attribute name="view">Side</attribute>
    </box>
    <box frame="91" outside="0" occluded="1" keyframe="0" xtl="0.00" ytl="511.37" xbr="178.26" ybr="790.50" z_order="0">
      <attribute name="adipose clipped">No</attribute>
      <attribute name="confidence level">2</attribute>
      <attribute name="injury">No</attribute>
      <attribute name="notes">NA</attribute>
      <attribute name="sex">Male</attribute>
      <attribute name="view">Side</attribute>
    </box>
    <box frame="92" outside="0" occluded="1" keyframe="0" xtl="0.00" ytl="515.88" xbr="201.97" ybr="796.35" z_order="0">
      <attribute name="adipose clipped">No</attribute>
      <attribute name="confidence level">2</attribute>
      <attribute name="injury">No</attribute>
      <attribute name="notes">NA</attribute>
      <attribute name="sex">Male</attribute>
      <attribute name="view">Side</attribute>
    </box>
    <box frame="93" outside="0" occluded="1" keyframe="0" xtl="0.00" ytl="520.39" xbr="225.67" ybr="802.19" z_order="0">
      <attribute name="adipose clipped">No</attribute>
      <attribute name="confidence level">2</attribute>
      <attribute name="injury">No</attribute>
      <attribute name="notes">NA</attribute>
      <attribute name="sex">Male</attribute>
      <attribute name="view">Side</attribute>
    </box>
    <box frame="94" outside="0" occluded="1" keyframe="0" xtl="0.00" ytl="524.90" xbr="249.37" ybr="808.03" z_order="0">
      <attribute name="adipose clipped">No</attribute>
      <attribute name="confidence level">2</attribute>
      <attribute name="injury">No</attribute>
      <attribute name="notes">NA</attribute>
      <attribute name="sex">Male</attribute>
      <attribute name="view">Side</attribute>
    </box>
    <box frame="95" outside="0" occluded="1" keyframe="0" xtl="0.00" ytl="529.41" xbr="273.08" ybr="813.88" z_order="0">
      <attribute name="adipose clipped">No</attribute>
      <attribute name="confidence level">2</attribute>
      <attribute name="injury">No</attribute>
      <attribute name="notes">NA</attribute>
      <attribute name="sex">Male</attribute>
      <attribute name="view">Side</attribute>
    </box>
    <box frame="96" outside="0" occluded="1" keyframe="0" xtl="0.00" ytl="533.92" xbr="296.78" ybr="819.72" z_order="0">
      <attribute name="adipose clipped">No</attribute>
      <attribute name="confidence level">2</attribute>
      <attribute name="injury">No</attribute>
      <attribute name="notes">NA</attribute>
      <attribute name="sex">Male</attribute>
      <attribute name="view">Side</attribute>
    </box>
    <box frame="97" outside="0" occluded="1" keyframe="1" xtl="0.00" ytl="538.43" xbr="320.49" ybr="825.56" z_order="0">
      <attribute name="adipose clipped">No</attribute>
      <attribute name="confidence level">2</attribute>
      <attribute name="injury">No</attribute>
      <attribute name="notes">NA</attribute>
      <attribute name="sex">Male</attribute>
      <attribute name="view">Side</attribute>
    </box>
    <box frame="98" outside="0" occluded="1" keyframe="0" xtl="0.00" ytl="531.76" xbr="352.54" ybr="825.56" z_order="0">
      <attribute name="adipose clipped">No</attribute>
      <attribute name="confidence level">2</attribute>
      <attribute name="injury">No</attribute>
      <attribute name="notes">NA</attribute>
      <attribute name="sex">Male</attribute>
      <attribute name="view">Side</attribute>
    </box>
    <box frame="99" outside="0" occluded="1" keyframe="0" xtl="0.00" ytl="525.09" xbr="384.59" ybr="825.56" z_order="0">
      <attribute name="adipose clipped">No</attribute>
      <attribute name="confidence level">2</attribute>
      <attribute name="injury">No</attribute>
      <attribute name="notes">NA</attribute>
      <attribute name="sex">Male</attribute>
      <attribute name="view">Side</attribute>
    </box>
    <box frame="100" outside="0" occluded="1" keyframe="0" xtl="0.00" ytl="518.41" xbr="416.64" ybr="825.56" z_order="0">
      <attribute name="adipose clipped">No</attribute>
      <attribute name="confidence level">2</attribute>
      <attribute name="injury">No</attribute>
      <attribute name="notes">NA</attribute>
      <attribute name="sex">Male</attribute>
      <attribute name="view">Side</attribute>
    </box>
    <box frame="101" outside="0" occluded="1" keyframe="0" xtl="0.00" ytl="511.74" xbr="448.69" ybr="825.56" z_order="0">
      <attribute name="adipose clipped">No</attribute>
      <attribute name="confidence level">2</attribute>
      <attribute name="injury">No</attribute>
      <attribute name="notes">NA</attribute>
      <attribute name="sex">Male</attribute>
      <attribute name="view">Side</attribute>
    </box>
    <box frame="102" outside="0" occluded="1" keyframe="0" xtl="0.00" ytl="505.07" xbr="480.74" ybr="825.56" z_order="0">
      <attribute name="adipose clipped">No</attribute>
      <attribute name="confidence level">2</attribute>
      <attribute name="injury">No</attribute>
      <attribute name="notes">NA</attribute>
      <attribute name="sex">Male</attribute>
      <attribute name="view">Side</attribute>
    </box>
    <box frame="103" outside="0" occluded="1" keyframe="0" xtl="0.00" ytl="498.39" xbr="512.80" ybr="825.56" z_order="0">
      <attribute name="adipose clipped">No</attribute>
      <attribute name="confidence level">2</attribute>
      <attribute name="injury">No</attribute>
      <attribute name="notes">NA</attribute>
      <attribute name="sex">Male</attribute>
      <attribute name="view">Side</attribute>
    </box>
    <box frame="104" outside="0" occluded="1" keyframe="0" xtl="0.00" ytl="491.72" xbr="544.85" ybr="825.56" z_order="0">
      <attribute name="adipose clipped">No</attribute>
      <attribute name="confidence level">2</attribute>
      <attribute name="injury">No</attribute>
      <attribute name="notes">NA</attribute>
      <attribute name="sex">Male</attribute>
      <attribute name="view">Side</attribute>
    </box>
    <box frame="105" outside="0" occluded="1" keyframe="0" xtl="0.00" ytl="485.05" xbr="576.90" ybr="825.56" z_order="0">
      <attribute name="adipose clipped">No</attribute>
      <attribute name="confidence level">2</attribute>
      <attribute name="injury">No</attribute>
      <attribute name="notes">NA</attribute>
      <attribute name="sex">Male</attribute>
      <attribute name="view">Side</attribute>
    </box>
    <box frame="106" outside="0" occluded="1" keyframe="0" xtl="0.00" ytl="478.37" xbr="608.95" ybr="825.56" z_order="0">
      <attribute name="adipose clipped">No</attribute>
      <attribute name="confidence level">2</attribute>
      <attribute name="injury">No</attribute>
      <attribute name="notes">NA</attribute>
      <attribute name="sex">Male</attribute>
      <attribute name="view">Side</attribute>
    </box>
    <box frame="107" outside="0" occluded="1" keyframe="1" xtl="0.00" ytl="471.70" xbr="641.00" ybr="825.56" z_order="0">
      <attribute name="adipose clipped">No</attribute>
      <attribute name="confidence level">2</attribute>
      <attribute name="injury">No</attribute>
      <attribute name="notes">NA</attribute>
      <attribute name="sex">Male</attribute>
      <attribute name="view">Side</attribute>
    </box>
    <box frame="108" outside="0" occluded="1" keyframe="0" xtl="0.00" ytl="471.37" xbr="663.87" ybr="825.56" z_order="0">
      <attribute name="adipose clipped">No</attribute>
      <attribute name="confidence level">2</attribute>
      <attribute name="injury">No</attribute>
      <attribute name="notes">NA</attribute>
      <attribute name="sex">Male</attribute>
      <attribute name="view">Side</attribute>
    </box>
    <box frame="109" outside="0" occluded="1" keyframe="0" xtl="0.00" ytl="471.04" xbr="686.74" ybr="825.56" z_order="0">
      <attribute name="adipose clipped">No</attribute>
      <attribute name="confidence level">2</attribute>
      <attribute name="injury">No</attribute>
      <attribute name="notes">NA</attribute>
      <attribute name="sex">Male</attribute>
      <attribute name="view">Side</attribute>
    </box>
    <box frame="110" outside="0" occluded="1" keyframe="0" xtl="0.00" ytl="470.71" xbr="709.61" ybr="825.56" z_order="0">
      <attribute name="adipose clipped">No</attribute>
      <attribute name="confidence level">2</attribute>
      <attribute name="injury">No</attribute>
      <attribute name="notes">NA</attribute>
      <attribute name="sex">Male</attribute>
      <attribute name="view">Side</attribute>
    </box>
    <box frame="111" outside="0" occluded="1" keyframe="0" xtl="0.00" ytl="470.38" xbr="732.48" ybr="825.56" z_order="0">
      <attribute name="adipose clipped">No</attribute>
      <attribute name="confidence level">2</attribute>
      <attribute name="injury">No</attribute>
      <attribute name="notes">NA</attribute>
      <attribute name="sex">Male</attribute>
      <attribute name="view">Side</attribute>
    </box>
    <box frame="112" outside="0" occluded="1" keyframe="0" xtl="0.00" ytl="470.05" xbr="755.35" ybr="825.56" z_order="0">
      <attribute name="adipose clipped">No</attribute>
      <attribute name="confidence level">2</attribute>
      <attribute name="injury">No</attribute>
      <attribute name="notes">NA</attribute>
      <attribute name="sex">Male</attribute>
      <attribute name="view">Side</attribute>
    </box>
    <box frame="113" outside="0" occluded="1" keyframe="0" xtl="0.00" ytl="469.72" xbr="778.22" ybr="825.56" z_order="0">
      <attribute name="adipose clipped">No</attribute>
      <attribute name="confidence level">2</attribute>
      <attribute name="injury">No</attribute>
      <attribute name="notes">NA</attribute>
      <attribute name="sex">Male</attribute>
      <attribute name="view">Side</attribute>
    </box>
    <box frame="114" outside="0" occluded="1" keyframe="0" xtl="0.00" ytl="469.39" xbr="801.09" ybr="825.56" z_order="0">
      <attribute name="adipose clipped">No</attribute>
      <attribute name="confidence level">2</attribute>
      <attribute name="injury">No</attribute>
      <attribute name="notes">NA</attribute>
      <attribute name="sex">Male</attribute>
      <attribute name="view">Side</attribute>
    </box>
    <box frame="115" outside="0" occluded="1" keyframe="0" xtl="0.00" ytl="469.06" xbr="823.96" ybr="825.56" z_order="0">
      <attribute name="adipose clipped">No</attribute>
      <attribute name="confidence level">2</attribute>
      <attribute name="injury">No</attribute>
      <attribute name="notes">NA</attribute>
      <attribute name="sex">Male</attribute>
      <attribute name="view">Side</attribute>
    </box>
    <box frame="116" outside="0" occluded="1" keyframe="0" xtl="0.00" ytl="468.73" xbr="846.83" ybr="825.56" z_order="0">
      <attribute name="adipose clipped">No</attribute>
      <attribute name="confidence level">2</attribute>
      <attribute name="injury">No</attribute>
      <attribute name="notes">NA</attribute>
      <attribute name="sex">Male</attribute>
      <attribute name="view">Side</attribute>
    </box>
    <box frame="117" outside="0" occluded="1" keyframe="1" xtl="0.00" ytl="468.40" xbr="869.70" ybr="825.56" z_order="0">
      <attribute name="adipose clipped">No</attribute>
      <attribute name="confidence level">2</attribute>
      <attribute name="injury">No</attribute>
      <attribute name="notes">NA</attribute>
      <attribute name="sex">Male</attribute>
      <attribute name="view">Side</attribute>
    </box>
    <box frame="118" outside="0" occluded="1" keyframe="0" xtl="5.18" ytl="466.56" xbr="884.73" ybr="824.06" z_order="0">
      <attribute name="adipose clipped">No</attribute>
      <attribute name="confidence level">2</attribute>
      <attribute name="injury">No</attribute>
      <attribute name="notes">NA</attribute>
      <attribute name="sex">Male</attribute>
      <attribute name="view">Side</attribute>
    </box>
    <box frame="119" outside="0" occluded="1" keyframe="0" xtl="10.35" ytl="464.72" xbr="899.76" ybr="822.56" z_order="0">
      <attribute name="adipose clipped">No</attribute>
      <attribute name="confidence level">2</attribute>
      <attribute name="injury">No</attribute>
      <attribute name="notes">NA</attribute>
      <attribute name="sex">Male</attribute>
      <attribute name="view">Side</attribute>
    </box>
    <box frame="120" outside="0" occluded="1" keyframe="0" xtl="15.53" ytl="462.88" xbr="914.79" ybr="821.06" z_order="0">
      <attribute name="adipose clipped">No</attribute>
      <attribute name="confidence level">2</attribute>
      <attribute name="injury">No</attribute>
      <attribute name="notes">NA</attribute>
      <attribute name="sex">Male</attribute>
      <attribute name="view">Side</attribute>
    </box>
    <box frame="121" outside="0" occluded="1" keyframe="0" xtl="20.70" ytl="461.04" xbr="929.82" ybr="819.55" z_order="0">
      <attribute name="adipose clipped">No</attribute>
      <attribute name="confidence level">2</attribute>
      <attribute name="injury">No</attribute>
      <attribute name="notes">NA</attribute>
      <attribute name="sex">Male</attribute>
      <attribute name="view">Side</attribute>
    </box>
    <box frame="122" outside="0" occluded="1" keyframe="0" xtl="25.88" ytl="459.20" xbr="944.85" ybr="818.05" z_order="0">
      <attribute name="adipose clipped">No</attribute>
      <attribute name="confidence level">2</attribute>
      <attribute name="injury">No</attribute>
      <attribute name="notes">NA</attribute>
      <attribute name="sex">Male</attribute>
      <attribute name="view">Side</attribute>
    </box>
    <box frame="123" outside="0" occluded="1" keyframe="0" xtl="31.05" ytl="457.36" xbr="959.88" ybr="816.55" z_order="0">
      <attribute name="adipose clipped">No</attribute>
      <attribute name="confidence level">2</attribute>
      <attribute name="injury">No</attribute>
      <attribute name="notes">NA</attribute>
      <attribute name="sex">Male</attribute>
      <attribute name="view">Side</attribute>
    </box>
    <box frame="124" outside="0" occluded="1" keyframe="0" xtl="36.23" ytl="455.52" xbr="974.91" ybr="815.05" z_order="0">
      <attribute name="adipose clipped">No</attribute>
      <attribute name="confidence level">2</attribute>
      <attribute name="injury">No</attribute>
      <attribute name="notes">NA</attribute>
      <attribute name="sex">Male</attribute>
      <attribute name="view">Side</attribute>
    </box>
    <box frame="125" outside="0" occluded="1" keyframe="0" xtl="41.40" ytl="453.68" xbr="989.94" ybr="813.54" z_order="0">
      <attribute name="adipose clipped">No</attribute>
      <attribute name="confidence level">2</attribute>
      <attribute name="injury">No</attribute>
      <attribute name="notes">NA</attribute>
      <attribute name="sex">Male</attribute>
      <attribute name="view">Side</attribute>
    </box>
    <box frame="126" outside="0" occluded="1" keyframe="0" xtl="46.58" ytl="451.84" xbr="1004.97" ybr="812.04" z_order="0">
      <attribute name="adipose clipped">No</attribute>
      <attribute name="confidence level">2</attribute>
      <attribute name="injury">No</attribute>
      <attribute name="notes">NA</attribute>
      <attribute name="sex">Male</attribute>
      <attribute name="view">Side</attribute>
    </box>
    <box frame="127" outside="0" occluded="0" keyframe="1" xtl="51.75" ytl="450.00" xbr="1020.00" ybr="810.54" z_order="0">
      <attribute name="adipose clipped">No</attribute>
      <attribute name="confidence level">2</attribute>
      <attribute name="injury">No</attribute>
      <attribute name="notes">NA</attribute>
      <attribute name="sex">Male</attribute>
      <attribute name="view">Side</attribute>
    </box>
    <box frame="128" outside="0" occluded="0" keyframe="0" xtl="65.11" ytl="441.15" xbr="1042.37" ybr="810.20" z_order="0">
      <attribute name="adipose clipped">No</attribute>
      <attribute name="confidence level">2</attribute>
      <attribute name="injury">No</attribute>
      <attribute name="notes">NA</attribute>
      <attribute name="sex">Male</attribute>
      <attribute name="view">Side</attribute>
    </box>
    <box frame="129" outside="0" occluded="0" keyframe="0" xtl="78.46" ytl="432.30" xbr="1064.74" ybr="809.87" z_order="0">
      <attribute name="adipose clipped">No</attribute>
      <attribute name="confidence level">2</attribute>
      <attribute name="injury">No</attribute>
      <attribute name="notes">NA</attribute>
      <attribute name="sex">Male</attribute>
      <attribute name="view">Side</attribute>
    </box>
    <box frame="130" outside="0" occluded="0" keyframe="0" xtl="91.82" ytl="423.45" xbr="1087.12" ybr="809.53" z_order="0">
      <attribute name="adipose clipped">No</attribute>
      <attribute name="confidence level">2</attribute>
      <attribute name="injury">No</attribute>
      <attribute name="notes">NA</attribute>
      <attribute name="sex">Male</attribute>
      <attribute name="view">Side</attribute>
    </box>
    <box frame="131" outside="0" occluded="0" keyframe="0" xtl="105.17" ytl="414.60" xbr="1109.49" ybr="809.20" z_order="0">
      <attribute name="adipose clipped">No</attribute>
      <attribute name="confidence level">2</attribute>
      <attribute name="injury">No</attribute>
      <attribute name="notes">NA</attribute>
      <attribute name="sex">Male</attribute>
      <attribute name="view">Side</attribute>
    </box>
    <box frame="132" outside="0" occluded="0" keyframe="0" xtl="118.53" ytl="405.75" xbr="1131.86" ybr="808.87" z_order="0">
      <attribute name="adipose clipped">No</attribute>
      <attribute name="confidence level">2</attribute>
      <attribute name="injury">No</attribute>
      <attribute name="notes">NA</attribute>
      <attribute name="sex">Male</attribute>
      <attribute name="view">Side</attribute>
    </box>
    <box frame="133" outside="0" occluded="0" keyframe="0" xtl="131.88" ytl="396.90" xbr="1154.23" ybr="808.53" z_order="0">
      <attribute name="adipose clipped">No</attribute>
      <attribute name="confidence level">2</attribute>
      <attribute name="injury">No</attribute>
      <attribute name="notes">NA</attribute>
      <attribute name="sex">Male</attribute>
      <attribute name="view">Side</attribute>
    </box>
    <box frame="134" outside="0" occluded="0" keyframe="0" xtl="145.24" ytl="388.05" xbr="1176.61" ybr="808.20" z_order="0">
      <attribute name="adipose clipped">No</attribute>
      <attribute name="confidence level">2</attribute>
      <attribute name="injury">No</attribute>
      <attribute name="notes">NA</attribute>
      <attribute name="sex">Male</attribute>
      <attribute name="view">Side</attribute>
    </box>
    <box frame="135" outside="0" occluded="0" keyframe="0" xtl="158.59" ytl="379.20" xbr="1198.98" ybr="807.86" z_order="0">
      <attribute name="adipose clipped">No</attribute>
      <attribute name="confidence level">2</attribute>
      <attribute name="injury">No</attribute>
      <attribute name="notes">NA</attribute>
      <attribute name="sex">Male</attribute>
      <attribute name="view">Side</attribute>
    </box>
    <box frame="136" outside="0" occluded="0" keyframe="0" xtl="171.95" ytl="370.35" xbr="1221.35" ybr="807.53" z_order="0">
      <attribute name="adipose clipped">No</attribute>
      <attribute name="confidence level">2</attribute>
      <attribute name="injury">No</attribute>
      <attribute name="notes">NA</attribute>
      <attribute name="sex">Male</attribute>
      <attribute name="view">Side</attribute>
    </box>
    <box frame="137" outside="0" occluded="0" keyframe="1" xtl="185.30" ytl="361.50" xbr="1243.72" ybr="807.20" z_order="0">
      <attribute name="adipose clipped">No</attribute>
      <attribute name="confidence level">2</attribute>
      <attribute name="injury">No</attribute>
      <attribute name="notes">NA</attribute>
      <attribute name="sex">Male</attribute>
      <attribute name="view">Side</attribute>
    </box>
    <box frame="138" outside="0" occluded="0" keyframe="0" xtl="198.32" ytl="370.85" xbr="1256.74" ybr="816.55" z_order="0">
      <attribute name="adipose clipped">No</attribute>
      <attribute name="confidence level">2</attribute>
      <attribute name="injury">No</attribute>
      <attribute name="notes">NA</attribute>
      <attribute name="sex">Male</attribute>
      <attribute name="view">Side</attribute>
    </box>
    <box frame="139" outside="0" occluded="0" keyframe="0" xtl="211.35" ytl="380.20" xbr="1269.77" ybr="825.90" z_order="0">
      <attribute name="adipose clipped">No</attribute>
      <attribute name="confidence level">2</attribute>
      <attribute name="injury">No</attribute>
      <attribute name="notes">NA</attribute>
      <attribute name="sex">Male</attribute>
      <attribute name="view">Side</attribute>
    </box>
    <box frame="140" outside="0" occluded="0" keyframe="0" xtl="224.37" ytl="389.55" xbr="1282.79" ybr="835.25" z_order="0">
      <attribute name="adipose clipped">No</attribute>
      <attribute name="confidence level">2</attribute>
      <attribute name="injury">No</attribute>
      <attribute name="notes">NA</attribute>
      <attribute name="sex">Male</attribute>
      <attribute name="view">Side</attribute>
    </box>
    <box frame="141" outside="0" occluded="0" keyframe="0" xtl="237.39" ytl="398.90" xbr="1295.81" ybr="844.59" z_order="0">
      <attribute name="adipose clipped">No</attribute>
      <attribute name="confidence level">2</attribute>
      <attribute name="injury">No</attribute>
      <attribute name="notes">NA</attribute>
      <attribute name="sex">Male</attribute>
      <attribute name="view">Side</attribute>
    </box>
    <box frame="142" outside="0" occluded="0" keyframe="0" xtl="250.41" ytl="408.25" xbr="1308.83" ybr="853.94" z_order="0">
      <attribute name="adipose clipped">No</attribute>
      <attribute name="confidence level">2</attribute>
      <attribute name="injury">No</attribute>
      <attribute name="notes">NA</attribute>
      <attribute name="sex">Male</attribute>
      <attribute name="view">Side</attribute>
    </box>
    <box frame="143" outside="0" occluded="0" keyframe="0" xtl="263.44" ytl="417.60" xbr="1321.86" ybr="863.29" z_order="0">
      <attribute name="adipose clipped">No</attribute>
      <attribute name="confidence level">2</attribute>
      <attribute name="injury">No</attribute>
      <attribute name="notes">NA</attribute>
      <attribute name="sex">Male</attribute>
      <attribute name="view">Side</attribute>
    </box>
    <box frame="144" outside="0" occluded="0" keyframe="0" xtl="276.46" ytl="426.95" xbr="1334.88" ybr="872.64" z_order="0">
      <attribute name="adipose clipped">No</attribute>
      <attribute name="confidence level">2</attribute>
      <attribute name="injury">No</attribute>
      <attribute name="notes">NA</attribute>
      <attribute name="sex">Male</attribute>
      <attribute name="view">Side</attribute>
    </box>
    <box frame="145" outside="0" occluded="0" keyframe="0" xtl="289.48" ytl="436.30" xbr="1347.90" ybr="881.99" z_order="0">
      <attribute name="adipose clipped">No</attribute>
      <attribute name="confidence level">2</attribute>
      <attribute name="injury">No</attribute>
      <attribute name="notes">NA</attribute>
      <attribute name="sex">Male</attribute>
      <attribute name="view">Side</attribute>
    </box>
    <box frame="146" outside="0" occluded="0" keyframe="0" xtl="302.50" ytl="445.65" xbr="1360.92" ybr="891.34" z_order="0">
      <attribute name="adipose clipped">No</attribute>
      <attribute name="confidence level">2</attribute>
      <attribute name="injury">No</attribute>
      <attribute name="notes">NA</attribute>
      <attribute name="sex">Male</attribute>
      <attribute name="view">Side</attribute>
    </box>
    <box frame="147" outside="0" occluded="0" keyframe="1" xtl="315.53" ytl="455.00" xbr="1373.95" ybr="900.69" z_order="0">
      <attribute name="adipose clipped">No</attribute>
      <attribute name="confidence level">2</attribute>
      <attribute name="injury">No</attribute>
      <attribute name="notes">NA</attribute>
      <attribute name="sex">Male</attribute>
      <attribute name="view">Side</attribute>
    </box>
    <box frame="148" outside="0" occluded="0" keyframe="0" xtl="340.57" ytl="458.84" xbr="1398.99" ybr="893.35" z_order="0">
      <attribute name="adipose clipped">No</attribute>
      <attribute name="confidence level">2</attribute>
      <attribute name="injury">No</attribute>
      <attribute name="notes">NA</attribute>
      <attribute name="sex">Male</attribute>
      <attribute name="view">Side</attribute>
    </box>
    <box frame="149" outside="0" occluded="0" keyframe="0" xtl="365.61" ytl="462.68" xbr="1424.03" ybr="886.00" z_order="0">
      <attribute name="adipose clipped">No</attribute>
      <attribute name="confidence level">2</attribute>
      <attribute name="injury">No</attribute>
      <attribute name="notes">NA</attribute>
      <attribute name="sex">Male</attribute>
      <attribute name="view">Side</attribute>
    </box>
    <box frame="150" outside="0" occluded="0" keyframe="0" xtl="390.66" ytl="466.52" xbr="1449.08" ybr="878.65" z_order="0">
      <attribute name="adipose clipped">No</attribute>
      <attribute name="confidence level">2</attribute>
      <attribute name="injury">No</attribute>
      <attribute name="notes">NA</attribute>
      <attribute name="sex">Male</attribute>
      <attribute name="view">Side</attribute>
    </box>
    <box frame="151" outside="0" occluded="0" keyframe="0" xtl="415.70" ytl="470.36" xbr="1474.12" ybr="871.31" z_order="0">
      <attribute name="adipose clipped">No</attribute>
      <attribute name="confidence level">2</attribute>
      <attribute name="injury">No</attribute>
      <attribute name="notes">NA</attribute>
      <attribute name="sex">Male</attribute>
      <attribute name="view">Side</attribute>
    </box>
    <box frame="152" outside="0" occluded="0" keyframe="0" xtl="440.74" ytl="474.20" xbr="1499.16" ybr="863.96" z_order="0">
      <attribute name="adipose clipped">No</attribute>
      <attribute name="confidence level">2</attribute>
      <attribute name="injury">No</attribute>
      <attribute name="notes">NA</attribute>
      <attribute name="sex">Male</attribute>
      <attribute name="view">Side</attribute>
    </box>
    <box frame="153" outside="0" occluded="0" keyframe="0" xtl="465.79" ytl="478.04" xbr="1524.21" ybr="856.62" z_order="0">
      <attribute name="adipose clipped">No</attribute>
      <attribute name="confidence level">2</attribute>
      <attribute name="injury">No</attribute>
      <attribute name="notes">NA</attribute>
      <attribute name="sex">Male</attribute>
      <attribute name="view">Side</attribute>
    </box>
    <box frame="154" outside="0" occluded="0" keyframe="0" xtl="490.83" ytl="481.88" xbr="1549.25" ybr="849.27" z_order="0">
      <attribute name="adipose clipped">No</attribute>
      <attribute name="confidence level">2</attribute>
      <attribute name="injury">No</attribute>
      <attribute name="notes">NA</attribute>
      <attribute name="sex">Male</attribute>
      <attribute name="view">Side</attribute>
    </box>
    <box frame="155" outside="0" occluded="0" keyframe="0" xtl="515.87" ytl="485.72" xbr="1574.30" ybr="841.92" z_order="0">
      <attribute name="adipose clipped">No</attribute>
      <attribute name="confidence level">2</attribute>
      <attribute name="injury">No</attribute>
      <attribute name="notes">NA</attribute>
      <attribute name="sex">Male</attribute>
      <attribute name="view">Side</attribute>
    </box>
    <box frame="156" outside="0" occluded="0" keyframe="0" xtl="540.92" ytl="489.56" xbr="1599.34" ybr="834.58" z_order="0">
      <attribute name="adipose clipped">No</attribute>
      <attribute name="confidence level">2</attribute>
      <attribute name="injury">No</attribute>
      <attribute name="notes">NA</attribute>
      <attribute name="sex">Male</attribute>
      <attribute name="view">Side</attribute>
    </box>
    <box frame="157" outside="0" occluded="0" keyframe="1" xtl="565.96" ytl="493.40" xbr="1624.38" ybr="827.23" z_order="0">
      <attribute name="adipose clipped">No</attribute>
      <attribute name="confidence level">2</attribute>
      <attribute name="injury">No</attribute>
      <attribute name="notes">NA</attribute>
      <attribute name="sex">Male</attribute>
      <attribute name="view">Side</attribute>
    </box>
    <box frame="158" outside="0" occluded="0" keyframe="0" xtl="593.34" ytl="493.40" xbr="1651.76" ybr="827.23" z_order="0">
      <attribute name="adipose clipped">No</attribute>
      <attribute name="confidence level">2</attribute>
      <attribute name="injury">No</attribute>
      <attribute name="notes">NA</attribute>
      <attribute name="sex">Male</attribute>
      <attribute name="view">Side</attribute>
    </box>
    <box frame="159" outside="0" occluded="0" keyframe="0" xtl="620.72" ytl="493.40" xbr="1679.14" ybr="827.23" z_order="0">
      <attribute name="adipose clipped">No</attribute>
      <attribute name="confidence level">2</attribute>
      <attribute name="injury">No</attribute>
      <attribute name="notes">NA</attribute>
      <attribute name="sex">Male</attribute>
      <attribute name="view">Side</attribute>
    </box>
    <box frame="160" outside="0" occluded="0" keyframe="0" xtl="648.10" ytl="493.40" xbr="1706.53" ybr="827.23" z_order="0">
      <attribute name="adipose clipped">No</attribute>
      <attribute name="confidence level">2</attribute>
      <attribute name="injury">No</attribute>
      <attribute name="notes">NA</attribute>
      <attribute name="sex">Male</attribute>
      <attribute name="view">Side</attribute>
    </box>
    <box frame="161" outside="0" occluded="0" keyframe="0" xtl="675.48" ytl="493.40" xbr="1733.91" ybr="827.23" z_order="0">
      <attribute name="adipose clipped">No</attribute>
      <attribute name="confidence level">2</attribute>
      <attribute name="injury">No</attribute>
      <attribute name="notes">NA</attribute>
      <attribute name="sex">Male</attribute>
      <attribute name="view">Side</attribute>
    </box>
    <box frame="162" outside="0" occluded="0" keyframe="0" xtl="702.87" ytl="493.40" xbr="1761.29" ybr="827.23" z_order="0">
      <attribute name="adipose clipped">No</attribute>
      <attribute name="confidence level">2</attribute>
      <attribute name="injury">No</attribute>
      <attribute name="notes">NA</attribute>
      <attribute name="sex">Male</attribute>
      <attribute name="view">Side</attribute>
    </box>
    <box frame="163" outside="0" occluded="0" keyframe="0" xtl="730.25" ytl="493.40" xbr="1788.67" ybr="827.23" z_order="0">
      <attribute name="adipose clipped">No</attribute>
      <attribute name="confidence level">2</attribute>
      <attribute name="injury">No</attribute>
      <attribute name="notes">NA</attribute>
      <attribute name="sex">Male</attribute>
      <attribute name="view">Side</attribute>
    </box>
    <box frame="164" outside="0" occluded="0" keyframe="0" xtl="757.63" ytl="493.40" xbr="1816.05" ybr="827.23" z_order="0">
      <attribute name="adipose clipped">No</attribute>
      <attribute name="confidence level">2</attribute>
      <attribute name="injury">No</attribute>
      <attribute name="notes">NA</attribute>
      <attribute name="sex">Male</attribute>
      <attribute name="view">Side</attribute>
    </box>
    <box frame="165" outside="0" occluded="0" keyframe="0" xtl="785.01" ytl="493.40" xbr="1843.43" ybr="827.23" z_order="0">
      <attribute name="adipose clipped">No</attribute>
      <attribute name="confidence level">2</attribute>
      <attribute name="injury">No</attribute>
      <attribute name="notes">NA</attribute>
      <attribute name="sex">Male</attribute>
      <attribute name="view">Side</attribute>
    </box>
    <box frame="166" outside="0" occluded="0" keyframe="0" xtl="812.39" ytl="493.40" xbr="1870.81" ybr="827.23" z_order="0">
      <attribute name="adipose clipped">No</attribute>
      <attribute name="confidence level">2</attribute>
      <attribute name="injury">No</attribute>
      <attribute name="notes">NA</attribute>
      <attribute name="sex">Male</attribute>
      <attribute name="view">Side</attribute>
    </box>
    <box frame="167" outside="0" occluded="0" keyframe="1" xtl="839.77" ytl="493.40" xbr="1898.19" ybr="827.23" z_order="0">
      <attribute name="adipose clipped">No</attribute>
      <attribute name="confidence level">2</attribute>
      <attribute name="injury">No</attribute>
      <attribute name="notes">NA</attribute>
      <attribute name="sex">Male</attribute>
      <attribute name="view">Side</attribute>
    </box>
    <box frame="168" outside="0" occluded="0" keyframe="0" xtl="872.99" ytl="493.40" xbr="1900.37" ybr="827.23" z_order="0">
      <attribute name="adipose clipped">No</attribute>
      <attribute name="confidence level">2</attribute>
      <attribute name="injury">No</attribute>
      <attribute name="notes">NA</attribute>
      <attribute name="sex">Male</attribute>
      <attribute name="view">Side</attribute>
    </box>
    <box frame="169" outside="0" occluded="0" keyframe="0" xtl="906.22" ytl="493.40" xbr="1902.55" ybr="827.23" z_order="0">
      <attribute name="adipose clipped">No</attribute>
      <attribute name="confidence level">2</attribute>
      <attribute name="injury">No</attribute>
      <attribute name="notes">NA</attribute>
      <attribute name="sex">Male</attribute>
      <attribute name="view">Side</attribute>
    </box>
    <box frame="170" outside="0" occluded="0" keyframe="0" xtl="939.44" ytl="493.40" xbr="1904.73" ybr="827.23" z_order="0">
      <attribute name="adipose clipped">No</attribute>
      <attribute name="confidence level">2</attribute>
      <attribute name="injury">No</attribute>
      <attribute name="notes">NA</attribute>
      <attribute name="sex">Male</attribute>
      <attribute name="view">Side</attribute>
    </box>
    <box frame="171" outside="0" occluded="0" keyframe="0" xtl="972.67" ytl="493.40" xbr="1906.92" ybr="827.23" z_order="0">
      <attribute name="adipose clipped">No</attribute>
      <attribute name="confidence level">2</attribute>
      <attribute name="injury">No</attribute>
      <attribute name="notes">NA</attribute>
      <attribute name="sex">Male</attribute>
      <attribute name="view">Side</attribute>
    </box>
    <box frame="172" outside="0" occluded="0" keyframe="0" xtl="1005.89" ytl="493.40" xbr="1909.10" ybr="827.23" z_order="0">
      <attribute name="adipose clipped">No</attribute>
      <attribute name="confidence level">2</attribute>
      <attribute name="injury">No</attribute>
      <attribute name="notes">NA</attribute>
      <attribute name="sex">Male</attribute>
      <attribute name="view">Side</attribute>
    </box>
    <box frame="173" outside="0" occluded="0" keyframe="0" xtl="1039.12" ytl="493.40" xbr="1911.28" ybr="827.23" z_order="0">
      <attribute name="adipose clipped">No</attribute>
      <attribute name="confidence level">2</attribute>
      <attribute name="injury">No</attribute>
      <attribute name="notes">NA</attribute>
      <attribute name="sex">Male</attribute>
      <attribute name="view">Side</attribute>
    </box>
    <box frame="174" outside="0" occluded="0" keyframe="0" xtl="1072.34" ytl="493.40" xbr="1913.46" ybr="827.23" z_order="0">
      <attribute name="adipose clipped">No</attribute>
      <attribute name="confidence level">2</attribute>
      <attribute name="injury">No</attribute>
      <attribute name="notes">NA</attribute>
      <attribute name="sex">Male</attribute>
      <attribute name="view">Side</attribute>
    </box>
    <box frame="175" outside="0" occluded="0" keyframe="0" xtl="1105.57" ytl="493.40" xbr="1915.64" ybr="827.23" z_order="0">
      <attribute name="adipose clipped">No</attribute>
      <attribute name="confidence level">2</attribute>
      <attribute name="injury">No</attribute>
      <attribute name="notes">NA</attribute>
      <attribute name="sex">Male</attribute>
      <attribute name="view">Side</attribute>
    </box>
    <box frame="176" outside="0" occluded="0" keyframe="0" xtl="1138.79" ytl="493.40" xbr="1917.82" ybr="827.23" z_order="0">
      <attribute name="adipose clipped">No</attribute>
      <attribute name="confidence level">2</attribute>
      <attribute name="injury">No</attribute>
      <attribute name="notes">NA</attribute>
      <attribute name="sex">Male</attribute>
      <attribute name="view">Side</attribute>
    </box>
    <box frame="177" outside="0" occluded="1" keyframe="1" xtl="1172.01" ytl="493.40" xbr="1920.00" ybr="827.23" z_order="0">
      <attribute name="adipose clipped">No</attribute>
      <attribute name="confidence level">2</attribute>
      <attribute name="injury">No</attribute>
      <attribute name="notes">NA</attribute>
      <attribute name="sex">Male</attribute>
      <attribute name="view">Side</attribute>
    </box>
    <box frame="178" outside="0" occluded="1" keyframe="0" xtl="1188.38" ytl="494.74" xbr="1920.00" ybr="828.57" z_order="0">
      <attribute name="adipose clipped">No</attribute>
      <attribute name="confidence level">2</attribute>
      <attribute name="injury">No</attribute>
      <attribute name="notes">NA</attribute>
      <attribute name="sex">Male</attribute>
      <attribute name="view">Side</attribute>
    </box>
    <box frame="179" outside="0" occluded="1" keyframe="0" xtl="1204.74" ytl="496.07" xbr="1920.00" ybr="829.90" z_order="0">
      <attribute name="adipose clipped">No</attribute>
      <attribute name="confidence level">2</attribute>
      <attribute name="injury">No</attribute>
      <attribute name="notes">NA</attribute>
      <attribute name="sex">Male</attribute>
      <attribute name="view">Side</attribute>
    </box>
    <box frame="180" outside="0" occluded="1" keyframe="0" xtl="1221.10" ytl="497.41" xbr="1920.00" ybr="831.24" z_order="0">
      <attribute name="adipose clipped">No</attribute>
      <attribute name="confidence level">2</attribute>
      <attribute name="injury">No</attribute>
      <attribute name="notes">NA</attribute>
      <attribute name="sex">Male</attribute>
      <attribute name="view">Side</attribute>
    </box>
    <box frame="181" outside="0" occluded="1" keyframe="0" xtl="1237.46" ytl="498.74" xbr="1920.00" ybr="832.57" z_order="0">
      <attribute name="adipose clipped">No</attribute>
      <attribute name="confidence level">2</attribute>
      <attribute name="injury">No</attribute>
      <attribute name="notes">NA</attribute>
      <attribute name="sex">Male</attribute>
      <attribute name="view">Side</attribute>
    </box>
    <box frame="182" outside="0" occluded="1" keyframe="0" xtl="1253.82" ytl="500.08" xbr="1920.00" ybr="833.91" z_order="0">
      <attribute name="adipose clipped">No</attribute>
      <attribute name="confidence level">2</attribute>
      <attribute name="injury">No</attribute>
      <attribute name="notes">NA</attribute>
      <attribute name="sex">Male</attribute>
      <attribute name="view">Side</attribute>
    </box>
    <box frame="183" outside="0" occluded="1" keyframe="0" xtl="1270.19" ytl="501.41" xbr="1920.00" ybr="835.24" z_order="0">
      <attribute name="adipose clipped">No</attribute>
      <attribute name="confidence level">2</attribute>
      <attribute name="injury">No</attribute>
      <attribute name="notes">NA</attribute>
      <attribute name="sex">Male</attribute>
      <attribute name="view">Side</attribute>
    </box>
    <box frame="184" outside="0" occluded="1" keyframe="0" xtl="1286.55" ytl="502.75" xbr="1920.00" ybr="836.58" z_order="0">
      <attribute name="adipose clipped">No</attribute>
      <attribute name="confidence level">2</attribute>
      <attribute name="injury">No</attribute>
      <attribute name="notes">NA</attribute>
      <attribute name="sex">Male</attribute>
      <attribute name="view">Side</attribute>
    </box>
    <box frame="185" outside="0" occluded="1" keyframe="0" xtl="1302.91" ytl="504.08" xbr="1920.00" ybr="837.92" z_order="0">
      <attribute name="adipose clipped">No</attribute>
      <attribute name="confidence level">2</attribute>
      <attribute name="injury">No</attribute>
      <attribute name="notes">NA</attribute>
      <attribute name="sex">Male</attribute>
      <attribute name="view">Side</attribute>
    </box>
    <box frame="186" outside="0" occluded="1" keyframe="0" xtl="1319.27" ytl="505.42" xbr="1920.00" ybr="839.25" z_order="0">
      <attribute name="adipose clipped">No</attribute>
      <attribute name="confidence level">2</attribute>
      <attribute name="injury">No</attribute>
      <attribute name="notes">NA</attribute>
      <attribute name="sex">Male</attribute>
      <attribute name="view">Side</attribute>
    </box>
    <box frame="187" outside="0" occluded="1" keyframe="1" xtl="1335.63" ytl="506.76" xbr="1920.00" ybr="840.59" z_order="0">
      <attribute name="adipose clipped">No</attribute>
      <attribute name="confidence level">2</attribute>
      <attribute name="injury">No</attribute>
      <attribute name="notes">NA</attribute>
      <attribute name="sex">Male</attribute>
      <attribute name="view">Side</attribute>
    </box>
    <box frame="188" outside="0" occluded="1" keyframe="0" xtl="1358.84" ytl="505.75" xbr="1920.00" ybr="839.59" z_order="0">
      <attribute name="adipose clipped">No</attribute>
      <attribute name="confidence level">2</attribute>
      <attribute name="injury">No</attribute>
      <attribute name="notes">NA</attribute>
      <attribute name="sex">Male</attribute>
      <attribute name="view">Side</attribute>
    </box>
    <box frame="189" outside="0" occluded="1" keyframe="0" xtl="1382.05" ytl="504.75" xbr="1920.00" ybr="838.58" z_order="0">
      <attribute name="adipose clipped">No</attribute>
      <attribute name="confidence level">2</attribute>
      <attribute name="injury">No</attribute>
      <attribute name="notes">NA</attribute>
      <attribute name="sex">Male</attribute>
      <attribute name="view">Side</attribute>
    </box>
    <box frame="190" outside="0" occluded="1" keyframe="0" xtl="1405.25" ytl="503.75" xbr="1920.00" ybr="837.58" z_order="0">
      <attribute name="adipose clipped">No</attribute>
      <attribute name="confidence level">2</attribute>
      <attribute name="injury">No</attribute>
      <attribute name="notes">NA</attribute>
      <attribute name="sex">Male</attribute>
      <attribute name="view">Side</attribute>
    </box>
    <box frame="191" outside="0" occluded="1" keyframe="0" xtl="1428.46" ytl="502.75" xbr="1920.00" ybr="836.58" z_order="0">
      <attribute name="adipose clipped">No</attribute>
      <attribute name="confidence level">2</attribute>
      <attribute name="injury">No</attribute>
      <attribute name="notes">NA</attribute>
      <attribute name="sex">Male</attribute>
      <attribute name="view">Side</attribute>
    </box>
    <box frame="192" outside="0" occluded="1" keyframe="0" xtl="1451.67" ytl="501.75" xbr="1920.00" ybr="835.58" z_order="0">
      <attribute name="adipose clipped">No</attribute>
      <attribute name="confidence level">2</attribute>
      <attribute name="injury">No</attribute>
      <attribute name="notes">NA</attribute>
      <attribute name="sex">Male</attribute>
      <attribute name="view">Side</attribute>
    </box>
    <box frame="193" outside="0" occluded="1" keyframe="0" xtl="1474.87" ytl="500.74" xbr="1920.00" ybr="834.58" z_order="0">
      <attribute name="adipose clipped">No</attribute>
      <attribute name="confidence level">2</attribute>
      <attribute name="injury">No</attribute>
      <attribute name="notes">NA</attribute>
      <attribute name="sex">Male</attribute>
      <attribute name="view">Side</attribute>
    </box>
    <box frame="194" outside="0" occluded="1" keyframe="0" xtl="1498.08" ytl="499.74" xbr="1920.00" ybr="833.57" z_order="0">
      <attribute name="adipose clipped">No</attribute>
      <attribute name="confidence level">2</attribute>
      <attribute name="injury">No</attribute>
      <attribute name="notes">NA</attribute>
      <attribute name="sex">Male</attribute>
      <attribute name="view">Side</attribute>
    </box>
    <box frame="195" outside="0" occluded="1" keyframe="0" xtl="1521.29" ytl="498.74" xbr="1920.00" ybr="832.57" z_order="0">
      <attribute name="adipose clipped">No</attribute>
      <attribute name="confidence level">2</attribute>
      <attribute name="injury">No</attribute>
      <attribute name="notes">NA</attribute>
      <attribute name="sex">Male</attribute>
      <attribute name="view">Side</attribute>
    </box>
    <box frame="196" outside="0" occluded="1" keyframe="0" xtl="1544.50" ytl="497.74" xbr="1920.00" ybr="831.57" z_order="0">
      <attribute name="adipose clipped">No</attribute>
      <attribute name="confidence level">2</attribute>
      <attribute name="injury">No</attribute>
      <attribute name="notes">NA</attribute>
      <attribute name="sex">Male</attribute>
      <attribute name="view">Side</attribute>
    </box>
    <box frame="197" outside="0" occluded="1" keyframe="1" xtl="1567.70" ytl="496.74" xbr="1920.00" ybr="830.57" z_order="0">
      <attribute name="adipose clipped">No</attribute>
      <attribute name="confidence level">2</attribute>
      <attribute name="injury">No</attribute>
      <attribute name="notes">NA</attribute>
      <attribute name="sex">Male</attribute>
      <attribute name="view">Side</attribute>
    </box>
    <box frame="198" outside="0" occluded="1" keyframe="0" xtl="1588.57" ytl="496.74" xbr="1920.00" ybr="830.57" z_order="0">
      <attribute name="adipose clipped">No</attribute>
      <attribute name="confidence level">2</attribute>
      <attribute name="injury">No</attribute>
      <attribute name="notes">NA</attribute>
      <attribute name="sex">Male</attribute>
      <attribute name="view">Side</attribute>
    </box>
    <box frame="199" outside="0" occluded="1" keyframe="0" xtl="1609.44" ytl="496.74" xbr="1920.00" ybr="830.57" z_order="0">
      <attribute name="adipose clipped">No</attribute>
      <attribute name="confidence level">2</attribute>
      <attribute name="injury">No</attribute>
      <attribute name="notes">NA</attribute>
      <attribute name="sex">Male</attribute>
      <attribute name="view">Side</attribute>
    </box>
    <box frame="200" outside="0" occluded="1" keyframe="0" xtl="1630.31" ytl="496.74" xbr="1920.00" ybr="830.57" z_order="0">
      <attribute name="adipose clipped">No</attribute>
      <attribute name="confidence level">2</attribute>
      <attribute name="injury">No</attribute>
      <attribute name="notes">NA</attribute>
      <attribute name="sex">Male</attribute>
      <attribute name="view">Side</attribute>
    </box>
    <box frame="201" outside="0" occluded="1" keyframe="0" xtl="1651.18" ytl="496.74" xbr="1920.00" ybr="830.57" z_order="0">
      <attribute name="adipose clipped">No</attribute>
      <attribute name="confidence level">2</attribute>
      <attribute name="injury">No</attribute>
      <attribute name="notes">NA</attribute>
      <attribute name="sex">Male</attribute>
      <attribute name="view">Side</attribute>
    </box>
    <box frame="202" outside="0" occluded="1" keyframe="0" xtl="1672.05" ytl="496.74" xbr="1920.00" ybr="830.57" z_order="0">
      <attribute name="adipose clipped">No</attribute>
      <attribute name="confidence level">2</attribute>
      <attribute name="injury">No</attribute>
      <attribute name="notes">NA</attribute>
      <attribute name="sex">Male</attribute>
      <attribute name="view">Side</attribute>
    </box>
    <box frame="203" outside="0" occluded="1" keyframe="0" xtl="1692.92" ytl="496.74" xbr="1920.00" ybr="830.57" z_order="0">
      <attribute name="adipose clipped">No</attribute>
      <attribute name="confidence level">2</attribute>
      <attribute name="injury">No</attribute>
      <attribute name="notes">NA</attribute>
      <attribute name="sex">Male</attribute>
      <attribute name="view">Side</attribute>
    </box>
    <box frame="204" outside="0" occluded="1" keyframe="0" xtl="1713.79" ytl="496.74" xbr="1920.00" ybr="830.57" z_order="0">
      <attribute name="adipose clipped">No</attribute>
      <attribute name="confidence level">2</attribute>
      <attribute name="injury">No</attribute>
      <attribute name="notes">NA</attribute>
      <attribute name="sex">Male</attribute>
      <attribute name="view">Side</attribute>
    </box>
    <box frame="205" outside="0" occluded="1" keyframe="0" xtl="1734.66" ytl="496.74" xbr="1920.00" ybr="830.57" z_order="0">
      <attribute name="adipose clipped">No</attribute>
      <attribute name="confidence level">2</attribute>
      <attribute name="injury">No</attribute>
      <attribute name="notes">NA</attribute>
      <attribute name="sex">Male</attribute>
      <attribute name="view">Side</attribute>
    </box>
    <box frame="206" outside="0" occluded="1" keyframe="0" xtl="1755.53" ytl="496.74" xbr="1920.00" ybr="830.57" z_order="0">
      <attribute name="adipose clipped">No</attribute>
      <attribute name="confidence level">2</attribute>
      <attribute name="injury">No</attribute>
      <attribute name="notes">NA</attribute>
      <attribute name="sex">Male</attribute>
      <attribute name="view">Side</attribute>
    </box>
    <box frame="207" outside="0" occluded="1" keyframe="1" xtl="1776.40" ytl="496.74" xbr="1920.00" ybr="830.57" z_order="0">
      <attribute name="adipose clipped">No</attribute>
      <attribute name="confidence level">2</attribute>
      <attribute name="injury">No</attribute>
      <attribute name="notes">NA</attribute>
      <attribute name="sex">Male</attribute>
      <attribute name="view">Side</attribute>
    </box>
    <box frame="208" outside="0" occluded="1" keyframe="0" xtl="1776.40" ytl="496.74" xbr="1920.00" ybr="830.57" z_order="0">
      <attribute name="adipose clipped">No</attribute>
      <attribute name="confidence level">2</attribute>
      <attribute name="injury">No</attribute>
      <attribute name="notes">NA</attribute>
      <attribute name="sex">Male</attribute>
      <attribute name="view">Side</attribute>
    </box>
    <box frame="209" outside="1" occluded="1" keyframe="1" xtl="1776.40" ytl="496.74" xbr="1920.00" ybr="830.57" z_order="0">
      <attribute name="adipose clipped">No</attribute>
      <attribute name="confidence level">2</attribute>
      <attribute name="injury">No</attribute>
      <attribute name="notes">NA</attribute>
      <attribute name="sex">Male</attribute>
      <attribute name="view">Side</attribute>
    </box>
  </track>
</annotations>
