<?xml version="1.0" encoding="utf-8"?>
<annotations>
  <version>1.1</version>
  <meta>
    <task>
      <id>167</id>
      <name>10-23-2019 20-24-43 M Right Bank Underwater</name>
      <size>330</size>
      <mode>interpolation</mode>
      <overlap>5</overlap>
      <bugtracker></bugtracker>
      <created>2021-02-09 02:02:27.573715+00:00</created>
      <updated>2021-02-09 04:40:09.435441+00:00</updated>
      <start_frame>0</start_frame>
      <stop_frame>329</stop_frame>
      <frame_filter></frame_filter>
      <labels>
        <label>
          <name>Coho</name>
          <color>#66c893</color>
          <attributes>
            <attribute>
              <name>Adipose Clipped</name>
              <mutable>False</mutable>
              <input_type>select</input_type>
              <default_value>No</default_value>
              <values>No
Yes
NA</values>
            </attribute>
            <attribute>
              <name>Confidence Level</name>
              <mutable>False</mutable>
              <input_type>select</input_type>
              <default_value>3</default_value>
              <values>3
2
1</values>
            </attribute>
            <attribute>
              <name>Injury</name>
              <mutable>False</mutable>
              <input_type>select</input_type>
              <default_value>No</default_value>
              <values>No
Yes
NA</values>
            </attribute>
            <attribute>
              <name>Notes</name>
              <mutable>False</mutable>
              <input_type>text</input_type>
              <default_value>NA</default_value>
              <values>NA</values>
            </attribute>
            <attribute>
              <name>Sex</name>
              <mutable>False</mutable>
              <input_type>select</input_type>
              <default_value>Male</default_value>
              <values>Male
Female
Jack</values>
            </attribute>
          </attributes>
        </label>
        <label>
          <name>Pink</name>
          <color>#fa7dbb</color>
          <attributes>
            <attribute>
              <name>Adipose Clipped</name>
              <mutable>False</mutable>
              <input_type>select</input_type>
              <default_value>No</default_value>
              <values>No
Yes
NA</values>
            </attribute>
            <attribute>
              <name>Confidence Level</name>
              <mutable>False</mutable>
              <input_type>select</input_type>
              <default_value>3</default_value>
              <values>3
2
1</values>
            </attribute>
            <attribute>
              <name>Injury</name>
              <mutable>False</mutable>
              <input_type>select</input_type>
              <default_value>No</default_value>
              <values>No
Yes
NA</values>
            </attribute>
            <attribute>
              <name>Notes</name>
              <mutable>False</mutable>
              <input_type>text</input_type>
              <default_value>NA</default_value>
              <values>NA</values>
            </attribute>
            <attribute>
              <name>Sex</name>
              <mutable>False</mutable>
              <input_type>select</input_type>
              <default_value>Male</default_value>
              <values>Male
Female</values>
            </attribute>
          </attributes>
        </label>
        <label>
          <name>Bull</name>
          <color>#ff6037</color>
          <attributes>
            <attribute>
              <name>Adipose Clipped</name>
              <mutable>False</mutable>
              <input_type>select</input_type>
              <default_value>No</default_value>
              <values>No
NA</values>
            </attribute>
            <attribute>
              <name>Confidence Level</name>
              <mutable>False</mutable>
              <input_type>select</input_type>
              <default_value>3</default_value>
              <values>3
2
1</values>
            </attribute>
            <attribute>
              <name>Injury</name>
              <mutable>False</mutable>
              <input_type>select</input_type>
              <default_value>No</default_value>
              <values>No
Yes
NA</values>
            </attribute>
            <attribute>
              <name>Notes</name>
              <mutable>False</mutable>
              <input_type>text</input_type>
              <default_value>NA</default_value>
              <values>NA</values>
            </attribute>
            <attribute>
              <name>Sex</name>
              <mutable>False</mutable>
              <input_type>select</input_type>
              <default_value>NA</default_value>
              <values>NA</values>
            </attribute>
          </attributes>
        </label>
        <label>
          <name>Chum</name>
          <color>#b83df5</color>
          <attributes>
            <attribute>
              <name>Sex</name>
              <mutable>False</mutable>
              <input_type>select</input_type>
              <default_value>Male</default_value>
              <values>Male
Female</values>
            </attribute>
            <attribute>
              <name>Adipose Clipped</name>
              <mutable>False</mutable>
              <input_type>select</input_type>
              <default_value>No</default_value>
              <values>No
Yes
NA</values>
            </attribute>
            <attribute>
              <name>Injury</name>
              <mutable>False</mutable>
              <input_type>select</input_type>
              <default_value>No</default_value>
              <values>No
Yes
NA</values>
            </attribute>
            <attribute>
              <name>Confidence Level</name>
              <mutable>False</mutable>
              <input_type>select</input_type>
              <default_value>3</default_value>
              <values>3
2
1</values>
            </attribute>
            <attribute>
              <name>Notes</name>
              <mutable>False</mutable>
              <input_type>text</input_type>
              <default_value>NA</default_value>
              <values>NA</values>
            </attribute>
          </attributes>
        </label>
        <label>
          <name>Whitefish</name>
          <color>#e2f1ee</color>
          <attributes>
            <attribute>
              <name>Sex</name>
              <mutable>False</mutable>
              <input_type>select</input_type>
              <default_value>NA</default_value>
              <values>NA</values>
            </attribute>
            <attribute>
              <name>Adipose Clipped</name>
              <mutable>False</mutable>
              <input_type>select</input_type>
              <default_value>No</default_value>
              <values>No
Yes
NA</values>
            </attribute>
            <attribute>
              <name>Injury</name>
              <mutable>False</mutable>
              <input_type>select</input_type>
              <default_value>No</default_value>
              <values>No
Yes
NA</values>
            </attribute>
            <attribute>
              <name>Confidence Level</name>
              <mutable>False</mutable>
              <input_type>select</input_type>
              <default_value>3</default_value>
              <values>3
2
1</values>
            </attribute>
            <attribute>
              <name>Notes</name>
              <mutable>False</mutable>
              <input_type>text</input_type>
              <default_value>NA</default_value>
              <values>NA</values>
            </attribute>
          </attributes>
        </label>
        <label>
          <name>Sockeye</name>
          <color>#fa3253</color>
          <attributes>
            <attribute>
              <name>Sex</name>
              <mutable>False</mutable>
              <input_type>select</input_type>
              <default_value>Male</default_value>
              <values>Male
Female</values>
            </attribute>
            <attribute>
              <name>Adipose Clipped</name>
              <mutable>False</mutable>
              <input_type>select</input_type>
              <default_value>No</default_value>
              <values>No
Yes
NA</values>
            </attribute>
            <attribute>
              <name>Injury</name>
              <mutable>False</mutable>
              <input_type>select</input_type>
              <default_value>No</default_value>
              <values>No
Yes
NA</values>
            </attribute>
            <attribute>
              <name>Confidence Level</name>
              <mutable>False</mutable>
              <input_type>select</input_type>
              <default_value>3</default_value>
              <values>3
2
1</values>
            </attribute>
            <attribute>
              <name>Notes</name>
              <mutable>False</mutable>
              <input_type>text</input_type>
              <default_value>NA</default_value>
              <values>NA</values>
            </attribute>
          </attributes>
        </label>
        <label>
          <name>Steelhead</name>
          <color>#66ff66</color>
          <attributes>
            <attribute>
              <name>Sex</name>
              <mutable>False</mutable>
              <input_type>select</input_type>
              <default_value>Male</default_value>
              <values>Male
Female</values>
            </attribute>
            <attribute>
              <name>Adipose Clipped</name>
              <mutable>False</mutable>
              <input_type>select</input_type>
              <default_value>No</default_value>
              <values>No
Yes
NA</values>
            </attribute>
            <attribute>
              <name>Injury</name>
              <mutable>False</mutable>
              <input_type>select</input_type>
              <default_value>No</default_value>
              <values>No
Yes
NA</values>
            </attribute>
            <attribute>
              <name>Confidence Level</name>
              <mutable>False</mutable>
              <input_type>select</input_type>
              <default_value>3</default_value>
              <values>3
2
1</values>
            </attribute>
            <attribute>
              <name>Notes</name>
              <mutable>False</mutable>
              <input_type>text</input_type>
              <default_value>NA</default_value>
              <values>NA</values>
            </attribute>
          </attributes>
        </label>
        <label>
          <name>Rainbow</name>
          <color>#ff00cc</color>
          <attributes>
            <attribute>
              <name>Sex</name>
              <mutable>False</mutable>
              <input_type>select</input_type>
              <default_value>NA</default_value>
              <values>NA</values>
            </attribute>
            <attribute>
              <name>Adipose Clipped</name>
              <mutable>False</mutable>
              <input_type>select</input_type>
              <default_value>No</default_value>
              <values>No
Yes
NA</values>
            </attribute>
            <attribute>
              <name>Injury</name>
              <mutable>False</mutable>
              <input_type>select</input_type>
              <default_value>No</default_value>
              <values>No
Yes
NA</values>
            </attribute>
            <attribute>
              <name>Confidence Level</name>
              <mutable>False</mutable>
              <input_type>select</input_type>
              <default_value>3</default_value>
              <values>3
2
1</values>
            </attribute>
            <attribute>
              <name>Notes</name>
              <mutable>False</mutable>
              <input_type>text</input_type>
              <default_value>NA</default_value>
              <values>NA</values>
            </attribute>
          </attributes>
        </label>
      </labels>
      <segments>
        <segment>
          <id>164</id>
          <start>0</start>
          <stop>329</stop>
          <url>httplocalhost:8080/?id=164</url>
        </segment>
      </segments>
      <owner>
        <username>bna19</username>
        <email>bna19@sfu.ca</email>
      </owner>
      <assignee></assignee>
      <original_size>
        <width>1920</width>
        <height>1080</height>
      </original_size>
    </task>
    <dumped>2021-02-09 04:40:16.997353+00:00</dumped>
    <source>10-23-2019 20-24-43 M Right Bank Underwater.m4v</source>
  </meta>
  <track id="0" label="Rainbow" source="manual">
    <box frame="64" outside="0" occluded="0" keyframe="1" xtl="187.99" ytl="280.59" xbr="1255.04" ybr="665.29" z_order="0">
      <attribute name="Sex">NA</attribute>
      <attribute name="Adipose Clipped">No</attribute>
      <attribute name="Injury">No</attribute>
      <attribute name="Confidence Level">3</attribute>
      <attribute name="Notes">Very heavily spotted - could be a cutthroat?</attribute>
    </box>
    <box frame="65" outside="0" occluded="0" keyframe="0" xtl="187.99" ytl="292.77" xbr="1278.98" ybr="667.89" z_order="0">
      <attribute name="Sex">NA</attribute>
      <attribute name="Adipose Clipped">No</attribute>
      <attribute name="Injury">No</attribute>
      <attribute name="Confidence Level">3</attribute>
      <attribute name="Notes">Very heavily spotted - could be a cutthroat?</attribute>
    </box>
    <box frame="66" outside="0" occluded="0" keyframe="0" xtl="187.99" ytl="304.95" xbr="1302.92" ybr="670.49" z_order="0">
      <attribute name="Sex">NA</attribute>
      <attribute name="Adipose Clipped">No</attribute>
      <attribute name="Injury">No</attribute>
      <attribute name="Confidence Level">3</attribute>
      <attribute name="Notes">Very heavily spotted - could be a cutthroat?</attribute>
    </box>
    <box frame="67" outside="0" occluded="0" keyframe="0" xtl="187.99" ytl="317.12" xbr="1326.86" ybr="673.10" z_order="0">
      <attribute name="Sex">NA</attribute>
      <attribute name="Adipose Clipped">No</attribute>
      <attribute name="Injury">No</attribute>
      <attribute name="Confidence Level">3</attribute>
      <attribute name="Notes">Very heavily spotted - could be a cutthroat?</attribute>
    </box>
    <box frame="68" outside="0" occluded="0" keyframe="1" xtl="187.99" ytl="329.30" xbr="1350.80" ybr="675.70" z_order="0">
      <attribute name="Sex">NA</attribute>
      <attribute name="Adipose Clipped">No</attribute>
      <attribute name="Injury">No</attribute>
      <attribute name="Confidence Level">3</attribute>
      <attribute name="Notes">Very heavily spotted - could be a cutthroat?</attribute>
    </box>
    <box frame="69" outside="0" occluded="0" keyframe="0" xtl="219.32" ytl="336.26" xbr="1382.13" ybr="682.66" z_order="0">
      <attribute name="Sex">NA</attribute>
      <attribute name="Adipose Clipped">No</attribute>
      <attribute name="Injury">No</attribute>
      <attribute name="Confidence Level">3</attribute>
      <attribute name="Notes">Very heavily spotted - could be a cutthroat?</attribute>
    </box>
    <box frame="70" outside="0" occluded="0" keyframe="0" xtl="250.65" ytl="343.23" xbr="1413.47" ybr="689.63" z_order="0">
      <attribute name="Sex">NA</attribute>
      <attribute name="Adipose Clipped">No</attribute>
      <attribute name="Injury">No</attribute>
      <attribute name="Confidence Level">3</attribute>
      <attribute name="Notes">Very heavily spotted - could be a cutthroat?</attribute>
    </box>
    <box frame="71" outside="0" occluded="0" keyframe="1" xtl="281.99" ytl="350.19" xbr="1444.80" ybr="696.59" z_order="0">
      <attribute name="Sex">NA</attribute>
      <attribute name="Adipose Clipped">No</attribute>
      <attribute name="Injury">No</attribute>
      <attribute name="Confidence Level">3</attribute>
      <attribute name="Notes">Very heavily spotted - could be a cutthroat?</attribute>
    </box>
    <box frame="72" outside="0" occluded="0" keyframe="0" xtl="335.96" ytl="371.09" xbr="1459.30" ybr="694.86" z_order="0">
      <attribute name="Sex">NA</attribute>
      <attribute name="Adipose Clipped">No</attribute>
      <attribute name="Injury">No</attribute>
      <attribute name="Confidence Level">3</attribute>
      <attribute name="Notes">Very heavily spotted - could be a cutthroat?</attribute>
    </box>
    <box frame="73" outside="0" occluded="0" keyframe="0" xtl="389.93" ytl="392.00" xbr="1473.81" ybr="693.13" z_order="0">
      <attribute name="Sex">NA</attribute>
      <attribute name="Adipose Clipped">No</attribute>
      <attribute name="Injury">No</attribute>
      <attribute name="Confidence Level">3</attribute>
      <attribute name="Notes">Very heavily spotted - could be a cutthroat?</attribute>
    </box>
    <box frame="74" outside="0" occluded="0" keyframe="1" xtl="443.90" ytl="412.90" xbr="1488.32" ybr="691.40" z_order="0">
      <attribute name="Sex">NA</attribute>
      <attribute name="Adipose Clipped">No</attribute>
      <attribute name="Injury">No</attribute>
      <attribute name="Confidence Level">3</attribute>
      <attribute name="Notes">Very heavily spotted - could be a cutthroat?</attribute>
    </box>
    <box frame="75" outside="0" occluded="0" keyframe="0" xtl="461.31" ytl="422.18" xbr="1505.72" ybr="700.68" z_order="0">
      <attribute name="Sex">NA</attribute>
      <attribute name="Adipose Clipped">No</attribute>
      <attribute name="Injury">No</attribute>
      <attribute name="Confidence Level">3</attribute>
      <attribute name="Notes">Very heavily spotted - could be a cutthroat?</attribute>
    </box>
    <box frame="76" outside="0" occluded="0" keyframe="0" xtl="478.71" ytl="431.47" xbr="1523.13" ybr="709.97" z_order="0">
      <attribute name="Sex">NA</attribute>
      <attribute name="Adipose Clipped">No</attribute>
      <attribute name="Injury">No</attribute>
      <attribute name="Confidence Level">3</attribute>
      <attribute name="Notes">Very heavily spotted - could be a cutthroat?</attribute>
    </box>
    <box frame="77" outside="0" occluded="0" keyframe="1" xtl="496.12" ytl="440.75" xbr="1540.54" ybr="719.25" z_order="0">
      <attribute name="Sex">NA</attribute>
      <attribute name="Adipose Clipped">No</attribute>
      <attribute name="Injury">No</attribute>
      <attribute name="Confidence Level">3</attribute>
      <attribute name="Notes">Very heavily spotted - could be a cutthroat?</attribute>
    </box>
    <box frame="78" outside="0" occluded="0" keyframe="0" xtl="504.83" ytl="445.97" xbr="1549.24" ybr="724.47" z_order="0">
      <attribute name="Sex">NA</attribute>
      <attribute name="Adipose Clipped">No</attribute>
      <attribute name="Injury">No</attribute>
      <attribute name="Confidence Level">3</attribute>
      <attribute name="Notes">Very heavily spotted - could be a cutthroat?</attribute>
    </box>
    <box frame="79" outside="0" occluded="0" keyframe="1" xtl="513.53" ytl="451.20" xbr="1557.95" ybr="729.70" z_order="0">
      <attribute name="Sex">NA</attribute>
      <attribute name="Adipose Clipped">No</attribute>
      <attribute name="Injury">No</attribute>
      <attribute name="Confidence Level">3</attribute>
      <attribute name="Notes">Very heavily spotted - could be a cutthroat?</attribute>
    </box>
    <box frame="80" outside="0" occluded="0" keyframe="0" xtl="521.65" ytl="451.20" xbr="1566.07" ybr="729.70" z_order="0">
      <attribute name="Sex">NA</attribute>
      <attribute name="Adipose Clipped">No</attribute>
      <attribute name="Injury">No</attribute>
      <attribute name="Confidence Level">3</attribute>
      <attribute name="Notes">Very heavily spotted - could be a cutthroat?</attribute>
    </box>
    <box frame="81" outside="0" occluded="0" keyframe="0" xtl="529.78" ytl="451.20" xbr="1574.19" ybr="729.70" z_order="0">
      <attribute name="Sex">NA</attribute>
      <attribute name="Adipose Clipped">No</attribute>
      <attribute name="Injury">No</attribute>
      <attribute name="Confidence Level">3</attribute>
      <attribute name="Notes">Very heavily spotted - could be a cutthroat?</attribute>
    </box>
    <box frame="82" outside="0" occluded="0" keyframe="1" xtl="537.90" ytl="451.20" xbr="1582.32" ybr="729.70" z_order="0">
      <attribute name="Sex">NA</attribute>
      <attribute name="Adipose Clipped">No</attribute>
      <attribute name="Injury">No</attribute>
      <attribute name="Confidence Level">3</attribute>
      <attribute name="Notes">Very heavily spotted - could be a cutthroat?</attribute>
    </box>
    <box frame="83" outside="0" occluded="0" keyframe="0" xtl="537.90" ytl="441.20" xbr="1582.32" ybr="736.65" z_order="0">
      <attribute name="Sex">NA</attribute>
      <attribute name="Adipose Clipped">No</attribute>
      <attribute name="Injury">No</attribute>
      <attribute name="Confidence Level">3</attribute>
      <attribute name="Notes">Very heavily spotted - could be a cutthroat?</attribute>
    </box>
    <box frame="84" outside="0" occluded="0" keyframe="0" xtl="537.90" ytl="431.20" xbr="1582.32" ybr="743.60" z_order="0">
      <attribute name="Sex">NA</attribute>
      <attribute name="Adipose Clipped">No</attribute>
      <attribute name="Injury">No</attribute>
      <attribute name="Confidence Level">3</attribute>
      <attribute name="Notes">Very heavily spotted - could be a cutthroat?</attribute>
    </box>
    <box frame="85" outside="0" occluded="0" keyframe="0" xtl="537.90" ytl="421.20" xbr="1582.32" ybr="750.55" z_order="0">
      <attribute name="Sex">NA</attribute>
      <attribute name="Adipose Clipped">No</attribute>
      <attribute name="Injury">No</attribute>
      <attribute name="Confidence Level">3</attribute>
      <attribute name="Notes">Very heavily spotted - could be a cutthroat?</attribute>
    </box>
    <box frame="86" outside="0" occluded="0" keyframe="1" xtl="537.90" ytl="411.20" xbr="1582.32" ybr="757.50" z_order="0">
      <attribute name="Sex">NA</attribute>
      <attribute name="Adipose Clipped">No</attribute>
      <attribute name="Injury">No</attribute>
      <attribute name="Confidence Level">3</attribute>
      <attribute name="Notes">Very heavily spotted - could be a cutthroat?</attribute>
    </box>
    <box frame="87" outside="0" occluded="0" keyframe="0" xtl="538.89" ytl="416.42" xbr="1583.31" ybr="762.72" z_order="0">
      <attribute name="Sex">NA</attribute>
      <attribute name="Adipose Clipped">No</attribute>
      <attribute name="Injury">No</attribute>
      <attribute name="Confidence Level">3</attribute>
      <attribute name="Notes">Very heavily spotted - could be a cutthroat?</attribute>
    </box>
    <box frame="88" outside="0" occluded="0" keyframe="0" xtl="539.89" ytl="421.64" xbr="1584.31" ybr="767.94" z_order="0">
      <attribute name="Sex">NA</attribute>
      <attribute name="Adipose Clipped">No</attribute>
      <attribute name="Injury">No</attribute>
      <attribute name="Confidence Level">3</attribute>
      <attribute name="Notes">Very heavily spotted - could be a cutthroat?</attribute>
    </box>
    <box frame="89" outside="0" occluded="0" keyframe="0" xtl="540.88" ytl="426.87" xbr="1585.30" ybr="773.17" z_order="0">
      <attribute name="Sex">NA</attribute>
      <attribute name="Adipose Clipped">No</attribute>
      <attribute name="Injury">No</attribute>
      <attribute name="Confidence Level">3</attribute>
      <attribute name="Notes">Very heavily spotted - could be a cutthroat?</attribute>
    </box>
    <box frame="90" outside="0" occluded="0" keyframe="0" xtl="541.88" ytl="432.09" xbr="1586.29" ybr="778.39" z_order="0">
      <attribute name="Sex">NA</attribute>
      <attribute name="Adipose Clipped">No</attribute>
      <attribute name="Injury">No</attribute>
      <attribute name="Confidence Level">3</attribute>
      <attribute name="Notes">Very heavily spotted - could be a cutthroat?</attribute>
    </box>
    <box frame="91" outside="0" occluded="0" keyframe="0" xtl="542.87" ytl="437.31" xbr="1587.29" ybr="783.61" z_order="0">
      <attribute name="Sex">NA</attribute>
      <attribute name="Adipose Clipped">No</attribute>
      <attribute name="Injury">No</attribute>
      <attribute name="Confidence Level">3</attribute>
      <attribute name="Notes">Very heavily spotted - could be a cutthroat?</attribute>
    </box>
    <box frame="92" outside="0" occluded="0" keyframe="0" xtl="543.87" ytl="442.53" xbr="1588.28" ybr="788.83" z_order="0">
      <attribute name="Sex">NA</attribute>
      <attribute name="Adipose Clipped">No</attribute>
      <attribute name="Injury">No</attribute>
      <attribute name="Confidence Level">3</attribute>
      <attribute name="Notes">Very heavily spotted - could be a cutthroat?</attribute>
    </box>
    <box frame="93" outside="0" occluded="0" keyframe="1" xtl="544.86" ytl="447.75" xbr="1589.28" ybr="794.05" z_order="0">
      <attribute name="Sex">NA</attribute>
      <attribute name="Adipose Clipped">No</attribute>
      <attribute name="Injury">No</attribute>
      <attribute name="Confidence Level">3</attribute>
      <attribute name="Notes">Very heavily spotted - could be a cutthroat?</attribute>
    </box>
    <box frame="94" outside="0" occluded="0" keyframe="0" xtl="546.60" ytl="456.46" xbr="1591.02" ybr="802.76" z_order="0">
      <attribute name="Sex">NA</attribute>
      <attribute name="Adipose Clipped">No</attribute>
      <attribute name="Injury">No</attribute>
      <attribute name="Confidence Level">3</attribute>
      <attribute name="Notes">Very heavily spotted - could be a cutthroat?</attribute>
    </box>
    <box frame="95" outside="0" occluded="0" keyframe="0" xtl="548.34" ytl="465.16" xbr="1592.76" ybr="811.46" z_order="0">
      <attribute name="Sex">NA</attribute>
      <attribute name="Adipose Clipped">No</attribute>
      <attribute name="Injury">No</attribute>
      <attribute name="Confidence Level">3</attribute>
      <attribute name="Notes">Very heavily spotted - could be a cutthroat?</attribute>
    </box>
    <box frame="96" outside="0" occluded="0" keyframe="1" xtl="550.08" ytl="473.87" xbr="1594.50" ybr="820.17" z_order="0">
      <attribute name="Sex">NA</attribute>
      <attribute name="Adipose Clipped">No</attribute>
      <attribute name="Injury">No</attribute>
      <attribute name="Confidence Level">3</attribute>
      <attribute name="Notes">Very heavily spotted - could be a cutthroat?</attribute>
    </box>
    <box frame="97" outside="0" occluded="0" keyframe="0" xtl="565.45" ytl="476.77" xbr="1598.85" ybr="824.52" z_order="0">
      <attribute name="Sex">NA</attribute>
      <attribute name="Adipose Clipped">No</attribute>
      <attribute name="Injury">No</attribute>
      <attribute name="Confidence Level">3</attribute>
      <attribute name="Notes">Very heavily spotted - could be a cutthroat?</attribute>
    </box>
    <box frame="98" outside="0" occluded="0" keyframe="0" xtl="580.82" ytl="479.67" xbr="1603.20" ybr="828.88" z_order="0">
      <attribute name="Sex">NA</attribute>
      <attribute name="Adipose Clipped">No</attribute>
      <attribute name="Injury">No</attribute>
      <attribute name="Confidence Level">3</attribute>
      <attribute name="Notes">Very heavily spotted - could be a cutthroat?</attribute>
    </box>
    <box frame="99" outside="0" occluded="0" keyframe="0" xtl="596.19" ytl="482.57" xbr="1607.56" ybr="833.23" z_order="0">
      <attribute name="Sex">NA</attribute>
      <attribute name="Adipose Clipped">No</attribute>
      <attribute name="Injury">No</attribute>
      <attribute name="Confidence Level">3</attribute>
      <attribute name="Notes">Very heavily spotted - could be a cutthroat?</attribute>
    </box>
    <box frame="100" outside="0" occluded="0" keyframe="0" xtl="611.56" ytl="485.47" xbr="1611.91" ybr="837.59" z_order="0">
      <attribute name="Sex">NA</attribute>
      <attribute name="Adipose Clipped">No</attribute>
      <attribute name="Injury">No</attribute>
      <attribute name="Confidence Level">3</attribute>
      <attribute name="Notes">Very heavily spotted - could be a cutthroat?</attribute>
    </box>
    <box frame="101" outside="0" occluded="0" keyframe="0" xtl="626.93" ytl="488.37" xbr="1616.26" ybr="841.94" z_order="0">
      <attribute name="Sex">NA</attribute>
      <attribute name="Adipose Clipped">No</attribute>
      <attribute name="Injury">No</attribute>
      <attribute name="Confidence Level">3</attribute>
      <attribute name="Notes">Very heavily spotted - could be a cutthroat?</attribute>
    </box>
    <box frame="102" outside="0" occluded="0" keyframe="1" xtl="642.30" ytl="491.27" xbr="1620.61" ybr="846.30" z_order="0">
      <attribute name="Sex">NA</attribute>
      <attribute name="Adipose Clipped">No</attribute>
      <attribute name="Injury">No</attribute>
      <attribute name="Confidence Level">3</attribute>
      <attribute name="Notes">Very heavily spotted - could be a cutthroat?</attribute>
    </box>
    <box frame="103" outside="0" occluded="0" keyframe="0" xtl="664.50" ytl="490.40" xbr="1630.62" ybr="831.50" z_order="0">
      <attribute name="Sex">NA</attribute>
      <attribute name="Adipose Clipped">No</attribute>
      <attribute name="Injury">No</attribute>
      <attribute name="Confidence Level">3</attribute>
      <attribute name="Notes">Very heavily spotted - could be a cutthroat?</attribute>
    </box>
    <box frame="104" outside="0" occluded="0" keyframe="0" xtl="686.70" ytl="489.53" xbr="1640.63" ybr="816.70" z_order="0">
      <attribute name="Sex">NA</attribute>
      <attribute name="Adipose Clipped">No</attribute>
      <attribute name="Injury">No</attribute>
      <attribute name="Confidence Level">3</attribute>
      <attribute name="Notes">Very heavily spotted - could be a cutthroat?</attribute>
    </box>
    <box frame="105" outside="0" occluded="0" keyframe="0" xtl="708.90" ytl="488.66" xbr="1650.64" ybr="801.90" z_order="0">
      <attribute name="Sex">NA</attribute>
      <attribute name="Adipose Clipped">No</attribute>
      <attribute name="Injury">No</attribute>
      <attribute name="Confidence Level">3</attribute>
      <attribute name="Notes">Very heavily spotted - could be a cutthroat?</attribute>
    </box>
    <box frame="106" outside="0" occluded="0" keyframe="1" xtl="731.10" ytl="487.79" xbr="1660.65" ybr="787.10" z_order="0">
      <attribute name="Sex">NA</attribute>
      <attribute name="Adipose Clipped">No</attribute>
      <attribute name="Injury">No</attribute>
      <attribute name="Confidence Level">3</attribute>
      <attribute name="Notes">Very heavily spotted - could be a cutthroat?</attribute>
    </box>
    <box frame="107" outside="0" occluded="0" keyframe="0" xtl="740.30" ytl="488.79" xbr="1669.85" ybr="788.09" z_order="0">
      <attribute name="Sex">NA</attribute>
      <attribute name="Adipose Clipped">No</attribute>
      <attribute name="Injury">No</attribute>
      <attribute name="Confidence Level">3</attribute>
      <attribute name="Notes">Very heavily spotted - could be a cutthroat?</attribute>
    </box>
    <box frame="108" outside="0" occluded="0" keyframe="0" xtl="749.50" ytl="489.78" xbr="1679.05" ybr="789.09" z_order="0">
      <attribute name="Sex">NA</attribute>
      <attribute name="Adipose Clipped">No</attribute>
      <attribute name="Injury">No</attribute>
      <attribute name="Confidence Level">3</attribute>
      <attribute name="Notes">Very heavily spotted - could be a cutthroat?</attribute>
    </box>
    <box frame="109" outside="0" occluded="0" keyframe="0" xtl="758.70" ytl="490.78" xbr="1688.25" ybr="790.08" z_order="0">
      <attribute name="Sex">NA</attribute>
      <attribute name="Adipose Clipped">No</attribute>
      <attribute name="Injury">No</attribute>
      <attribute name="Confidence Level">3</attribute>
      <attribute name="Notes">Very heavily spotted - could be a cutthroat?</attribute>
    </box>
    <box frame="110" outside="0" occluded="0" keyframe="0" xtl="767.90" ytl="491.77" xbr="1697.45" ybr="791.08" z_order="0">
      <attribute name="Sex">NA</attribute>
      <attribute name="Adipose Clipped">No</attribute>
      <attribute name="Injury">No</attribute>
      <attribute name="Confidence Level">3</attribute>
      <attribute name="Notes">Very heavily spotted - could be a cutthroat?</attribute>
    </box>
    <box frame="111" outside="0" occluded="0" keyframe="0" xtl="777.10" ytl="492.77" xbr="1706.65" ybr="792.07" z_order="0">
      <attribute name="Sex">NA</attribute>
      <attribute name="Adipose Clipped">No</attribute>
      <attribute name="Injury">No</attribute>
      <attribute name="Confidence Level">3</attribute>
      <attribute name="Notes">Very heavily spotted - could be a cutthroat?</attribute>
    </box>
    <box frame="112" outside="0" occluded="0" keyframe="0" xtl="786.31" ytl="493.76" xbr="1715.85" ybr="793.07" z_order="0">
      <attribute name="Sex">NA</attribute>
      <attribute name="Adipose Clipped">No</attribute>
      <attribute name="Injury">No</attribute>
      <attribute name="Confidence Level">3</attribute>
      <attribute name="Notes">Very heavily spotted - could be a cutthroat?</attribute>
    </box>
    <box frame="113" outside="0" occluded="0" keyframe="1" xtl="795.51" ytl="494.75" xbr="1725.05" ybr="794.06" z_order="0">
      <attribute name="Sex">NA</attribute>
      <attribute name="Adipose Clipped">No</attribute>
      <attribute name="Injury">No</attribute>
      <attribute name="Confidence Level">3</attribute>
      <attribute name="Notes">Very heavily spotted - could be a cutthroat?</attribute>
    </box>
    <box frame="114" outside="0" occluded="0" keyframe="0" xtl="825.10" ytl="494.75" xbr="1725.05" ybr="793.48" z_order="0">
      <attribute name="Sex">NA</attribute>
      <attribute name="Adipose Clipped">No</attribute>
      <attribute name="Injury">No</attribute>
      <attribute name="Confidence Level">3</attribute>
      <attribute name="Notes">Very heavily spotted - could be a cutthroat?</attribute>
    </box>
    <box frame="115" outside="0" occluded="0" keyframe="0" xtl="854.70" ytl="494.75" xbr="1725.05" ybr="792.89" z_order="0">
      <attribute name="Sex">NA</attribute>
      <attribute name="Adipose Clipped">No</attribute>
      <attribute name="Injury">No</attribute>
      <attribute name="Confidence Level">3</attribute>
      <attribute name="Notes">Very heavily spotted - could be a cutthroat?</attribute>
    </box>
    <box frame="116" outside="0" occluded="0" keyframe="1" xtl="884.30" ytl="494.75" xbr="1725.05" ybr="792.30" z_order="0">
      <attribute name="Sex">NA</attribute>
      <attribute name="Adipose Clipped">No</attribute>
      <attribute name="Injury">No</attribute>
      <attribute name="Confidence Level">3</attribute>
      <attribute name="Notes">Very heavily spotted - could be a cutthroat?</attribute>
    </box>
    <box frame="117" outside="0" occluded="0" keyframe="0" xtl="886.91" ytl="494.75" xbr="1725.05" ybr="791.16" z_order="0">
      <attribute name="Sex">NA</attribute>
      <attribute name="Adipose Clipped">No</attribute>
      <attribute name="Injury">No</attribute>
      <attribute name="Confidence Level">3</attribute>
      <attribute name="Notes">Very heavily spotted - could be a cutthroat?</attribute>
    </box>
    <box frame="118" outside="0" occluded="0" keyframe="0" xtl="889.52" ytl="494.75" xbr="1725.05" ybr="790.01" z_order="0">
      <attribute name="Sex">NA</attribute>
      <attribute name="Adipose Clipped">No</attribute>
      <attribute name="Injury">No</attribute>
      <attribute name="Confidence Level">3</attribute>
      <attribute name="Notes">Very heavily spotted - could be a cutthroat?</attribute>
    </box>
    <box frame="119" outside="0" occluded="0" keyframe="0" xtl="892.13" ytl="494.75" xbr="1725.05" ybr="788.87" z_order="0">
      <attribute name="Sex">NA</attribute>
      <attribute name="Adipose Clipped">No</attribute>
      <attribute name="Injury">No</attribute>
      <attribute name="Confidence Level">3</attribute>
      <attribute name="Notes">Very heavily spotted - could be a cutthroat?</attribute>
    </box>
    <box frame="120" outside="0" occluded="0" keyframe="0" xtl="894.74" ytl="494.75" xbr="1725.05" ybr="787.72" z_order="0">
      <attribute name="Sex">NA</attribute>
      <attribute name="Adipose Clipped">No</attribute>
      <attribute name="Injury">No</attribute>
      <attribute name="Confidence Level">3</attribute>
      <attribute name="Notes">Very heavily spotted - could be a cutthroat?</attribute>
    </box>
    <box frame="121" outside="0" occluded="0" keyframe="0" xtl="897.35" ytl="494.75" xbr="1725.05" ybr="786.58" z_order="0">
      <attribute name="Sex">NA</attribute>
      <attribute name="Adipose Clipped">No</attribute>
      <attribute name="Injury">No</attribute>
      <attribute name="Confidence Level">3</attribute>
      <attribute name="Notes">Very heavily spotted - could be a cutthroat?</attribute>
    </box>
    <box frame="122" outside="0" occluded="0" keyframe="0" xtl="899.96" ytl="494.75" xbr="1725.05" ybr="785.43" z_order="0">
      <attribute name="Sex">NA</attribute>
      <attribute name="Adipose Clipped">No</attribute>
      <attribute name="Injury">No</attribute>
      <attribute name="Confidence Level">3</attribute>
      <attribute name="Notes">Very heavily spotted - could be a cutthroat?</attribute>
    </box>
    <box frame="123" outside="0" occluded="0" keyframe="0" xtl="902.57" ytl="494.75" xbr="1725.05" ybr="784.29" z_order="0">
      <attribute name="Sex">NA</attribute>
      <attribute name="Adipose Clipped">No</attribute>
      <attribute name="Injury">No</attribute>
      <attribute name="Confidence Level">3</attribute>
      <attribute name="Notes">Very heavily spotted - could be a cutthroat?</attribute>
    </box>
    <box frame="124" outside="0" occluded="0" keyframe="0" xtl="905.18" ytl="494.75" xbr="1725.05" ybr="783.14" z_order="0">
      <attribute name="Sex">NA</attribute>
      <attribute name="Adipose Clipped">No</attribute>
      <attribute name="Injury">No</attribute>
      <attribute name="Confidence Level">3</attribute>
      <attribute name="Notes">Very heavily spotted - could be a cutthroat?</attribute>
    </box>
    <box frame="125" outside="0" occluded="0" keyframe="0" xtl="907.79" ytl="494.75" xbr="1725.05" ybr="782.00" z_order="0">
      <attribute name="Sex">NA</attribute>
      <attribute name="Adipose Clipped">No</attribute>
      <attribute name="Injury">No</attribute>
      <attribute name="Confidence Level">3</attribute>
      <attribute name="Notes">Very heavily spotted - could be a cutthroat?</attribute>
    </box>
    <box frame="126" outside="0" occluded="0" keyframe="0" xtl="910.41" ytl="494.75" xbr="1725.05" ybr="780.85" z_order="0">
      <attribute name="Sex">NA</attribute>
      <attribute name="Adipose Clipped">No</attribute>
      <attribute name="Injury">No</attribute>
      <attribute name="Confidence Level">3</attribute>
      <attribute name="Notes">Very heavily spotted - could be a cutthroat?</attribute>
    </box>
    <box frame="127" outside="0" occluded="0" keyframe="0" xtl="913.02" ytl="494.75" xbr="1725.05" ybr="779.71" z_order="0">
      <attribute name="Sex">NA</attribute>
      <attribute name="Adipose Clipped">No</attribute>
      <attribute name="Injury">No</attribute>
      <attribute name="Confidence Level">3</attribute>
      <attribute name="Notes">Very heavily spotted - could be a cutthroat?</attribute>
    </box>
    <box frame="128" outside="0" occluded="0" keyframe="0" xtl="915.63" ytl="494.75" xbr="1725.05" ybr="778.56" z_order="0">
      <attribute name="Sex">NA</attribute>
      <attribute name="Adipose Clipped">No</attribute>
      <attribute name="Injury">No</attribute>
      <attribute name="Confidence Level">3</attribute>
      <attribute name="Notes">Very heavily spotted - could be a cutthroat?</attribute>
    </box>
    <box frame="129" outside="0" occluded="0" keyframe="0" xtl="918.24" ytl="494.75" xbr="1725.05" ybr="777.42" z_order="0">
      <attribute name="Sex">NA</attribute>
      <attribute name="Adipose Clipped">No</attribute>
      <attribute name="Injury">No</attribute>
      <attribute name="Confidence Level">3</attribute>
      <attribute name="Notes">Very heavily spotted - could be a cutthroat?</attribute>
    </box>
    <box frame="130" outside="0" occluded="0" keyframe="0" xtl="920.85" ytl="494.75" xbr="1725.05" ybr="776.27" z_order="0">
      <attribute name="Sex">NA</attribute>
      <attribute name="Adipose Clipped">No</attribute>
      <attribute name="Injury">No</attribute>
      <attribute name="Confidence Level">3</attribute>
      <attribute name="Notes">Very heavily spotted - could be a cutthroat?</attribute>
    </box>
    <box frame="131" outside="0" occluded="0" keyframe="0" xtl="923.46" ytl="494.75" xbr="1725.05" ybr="775.13" z_order="0">
      <attribute name="Sex">NA</attribute>
      <attribute name="Adipose Clipped">No</attribute>
      <attribute name="Injury">No</attribute>
      <attribute name="Confidence Level">3</attribute>
      <attribute name="Notes">Very heavily spotted - could be a cutthroat?</attribute>
    </box>
    <box frame="132" outside="0" occluded="0" keyframe="0" xtl="926.07" ytl="494.75" xbr="1725.05" ybr="773.98" z_order="0">
      <attribute name="Sex">NA</attribute>
      <attribute name="Adipose Clipped">No</attribute>
      <attribute name="Injury">No</attribute>
      <attribute name="Confidence Level">3</attribute>
      <attribute name="Notes">Very heavily spotted - could be a cutthroat?</attribute>
    </box>
    <box frame="133" outside="0" occluded="0" keyframe="0" xtl="928.68" ytl="494.75" xbr="1725.05" ybr="772.84" z_order="0">
      <attribute name="Sex">NA</attribute>
      <attribute name="Adipose Clipped">No</attribute>
      <attribute name="Injury">No</attribute>
      <attribute name="Confidence Level">3</attribute>
      <attribute name="Notes">Very heavily spotted - could be a cutthroat?</attribute>
    </box>
    <box frame="134" outside="0" occluded="0" keyframe="0" xtl="931.29" ytl="494.75" xbr="1725.06" ybr="771.69" z_order="0">
      <attribute name="Sex">NA</attribute>
      <attribute name="Adipose Clipped">No</attribute>
      <attribute name="Injury">No</attribute>
      <attribute name="Confidence Level">3</attribute>
      <attribute name="Notes">Very heavily spotted - could be a cutthroat?</attribute>
    </box>
    <box frame="135" outside="0" occluded="0" keyframe="0" xtl="933.90" ytl="494.75" xbr="1725.06" ybr="770.55" z_order="0">
      <attribute name="Sex">NA</attribute>
      <attribute name="Adipose Clipped">No</attribute>
      <attribute name="Injury">No</attribute>
      <attribute name="Confidence Level">3</attribute>
      <attribute name="Notes">Very heavily spotted - could be a cutthroat?</attribute>
    </box>
    <box frame="136" outside="0" occluded="0" keyframe="0" xtl="936.51" ytl="494.75" xbr="1725.06" ybr="769.41" z_order="0">
      <attribute name="Sex">NA</attribute>
      <attribute name="Adipose Clipped">No</attribute>
      <attribute name="Injury">No</attribute>
      <attribute name="Confidence Level">3</attribute>
      <attribute name="Notes">Very heavily spotted - could be a cutthroat?</attribute>
    </box>
    <box frame="137" outside="0" occluded="0" keyframe="0" xtl="939.12" ytl="494.75" xbr="1725.06" ybr="768.26" z_order="0">
      <attribute name="Sex">NA</attribute>
      <attribute name="Adipose Clipped">No</attribute>
      <attribute name="Injury">No</attribute>
      <attribute name="Confidence Level">3</attribute>
      <attribute name="Notes">Very heavily spotted - could be a cutthroat?</attribute>
    </box>
    <box frame="138" outside="0" occluded="0" keyframe="0" xtl="941.73" ytl="494.75" xbr="1725.06" ybr="767.12" z_order="0">
      <attribute name="Sex">NA</attribute>
      <attribute name="Adipose Clipped">No</attribute>
      <attribute name="Injury">No</attribute>
      <attribute name="Confidence Level">3</attribute>
      <attribute name="Notes">Very heavily spotted - could be a cutthroat?</attribute>
    </box>
    <box frame="139" outside="0" occluded="0" keyframe="0" xtl="944.34" ytl="494.75" xbr="1725.06" ybr="765.97" z_order="0">
      <attribute name="Sex">NA</attribute>
      <attribute name="Adipose Clipped">No</attribute>
      <attribute name="Injury">No</attribute>
      <attribute name="Confidence Level">3</attribute>
      <attribute name="Notes">Very heavily spotted - could be a cutthroat?</attribute>
    </box>
    <box frame="140" outside="0" occluded="0" keyframe="0" xtl="946.95" ytl="494.75" xbr="1725.06" ybr="764.83" z_order="0">
      <attribute name="Sex">NA</attribute>
      <attribute name="Adipose Clipped">No</attribute>
      <attribute name="Injury">No</attribute>
      <attribute name="Confidence Level">3</attribute>
      <attribute name="Notes">Very heavily spotted - could be a cutthroat?</attribute>
    </box>
    <box frame="141" outside="0" occluded="0" keyframe="0" xtl="949.56" ytl="494.75" xbr="1725.06" ybr="763.68" z_order="0">
      <attribute name="Sex">NA</attribute>
      <attribute name="Adipose Clipped">No</attribute>
      <attribute name="Injury">No</attribute>
      <attribute name="Confidence Level">3</attribute>
      <attribute name="Notes">Very heavily spotted - could be a cutthroat?</attribute>
    </box>
    <box frame="142" outside="0" occluded="0" keyframe="0" xtl="952.17" ytl="494.75" xbr="1725.06" ybr="762.54" z_order="0">
      <attribute name="Sex">NA</attribute>
      <attribute name="Adipose Clipped">No</attribute>
      <attribute name="Injury">No</attribute>
      <attribute name="Confidence Level">3</attribute>
      <attribute name="Notes">Very heavily spotted - could be a cutthroat?</attribute>
    </box>
    <box frame="143" outside="0" occluded="0" keyframe="0" xtl="954.78" ytl="494.75" xbr="1725.06" ybr="761.39" z_order="0">
      <attribute name="Sex">NA</attribute>
      <attribute name="Adipose Clipped">No</attribute>
      <attribute name="Injury">No</attribute>
      <attribute name="Confidence Level">3</attribute>
      <attribute name="Notes">Very heavily spotted - could be a cutthroat?</attribute>
    </box>
    <box frame="144" outside="0" occluded="0" keyframe="0" xtl="957.39" ytl="494.75" xbr="1725.06" ybr="760.25" z_order="0">
      <attribute name="Sex">NA</attribute>
      <attribute name="Adipose Clipped">No</attribute>
      <attribute name="Injury">No</attribute>
      <attribute name="Confidence Level">3</attribute>
      <attribute name="Notes">Very heavily spotted - could be a cutthroat?</attribute>
    </box>
    <box frame="145" outside="0" occluded="0" keyframe="0" xtl="960.01" ytl="494.75" xbr="1725.06" ybr="759.10" z_order="0">
      <attribute name="Sex">NA</attribute>
      <attribute name="Adipose Clipped">No</attribute>
      <attribute name="Injury">No</attribute>
      <attribute name="Confidence Level">3</attribute>
      <attribute name="Notes">Very heavily spotted - could be a cutthroat?</attribute>
    </box>
    <box frame="146" outside="0" occluded="0" keyframe="0" xtl="962.62" ytl="494.75" xbr="1725.06" ybr="757.96" z_order="0">
      <attribute name="Sex">NA</attribute>
      <attribute name="Adipose Clipped">No</attribute>
      <attribute name="Injury">No</attribute>
      <attribute name="Confidence Level">3</attribute>
      <attribute name="Notes">Very heavily spotted - could be a cutthroat?</attribute>
    </box>
    <box frame="147" outside="0" occluded="0" keyframe="0" xtl="965.23" ytl="494.75" xbr="1725.06" ybr="756.81" z_order="0">
      <attribute name="Sex">NA</attribute>
      <attribute name="Adipose Clipped">No</attribute>
      <attribute name="Injury">No</attribute>
      <attribute name="Confidence Level">3</attribute>
      <attribute name="Notes">Very heavily spotted - could be a cutthroat?</attribute>
    </box>
    <box frame="148" outside="0" occluded="0" keyframe="0" xtl="967.84" ytl="494.75" xbr="1725.06" ybr="755.67" z_order="0">
      <attribute name="Sex">NA</attribute>
      <attribute name="Adipose Clipped">No</attribute>
      <attribute name="Injury">No</attribute>
      <attribute name="Confidence Level">3</attribute>
      <attribute name="Notes">Very heavily spotted - could be a cutthroat?</attribute>
    </box>
    <box frame="149" outside="0" occluded="0" keyframe="0" xtl="970.45" ytl="494.75" xbr="1725.06" ybr="754.52" z_order="0">
      <attribute name="Sex">NA</attribute>
      <attribute name="Adipose Clipped">No</attribute>
      <attribute name="Injury">No</attribute>
      <attribute name="Confidence Level">3</attribute>
      <attribute name="Notes">Very heavily spotted - could be a cutthroat?</attribute>
    </box>
    <box frame="150" outside="0" occluded="0" keyframe="0" xtl="973.06" ytl="494.75" xbr="1725.06" ybr="753.38" z_order="0">
      <attribute name="Sex">NA</attribute>
      <attribute name="Adipose Clipped">No</attribute>
      <attribute name="Injury">No</attribute>
      <attribute name="Confidence Level">3</attribute>
      <attribute name="Notes">Very heavily spotted - could be a cutthroat?</attribute>
    </box>
    <box frame="151" outside="0" occluded="0" keyframe="0" xtl="975.67" ytl="494.75" xbr="1725.06" ybr="752.23" z_order="0">
      <attribute name="Sex">NA</attribute>
      <attribute name="Adipose Clipped">No</attribute>
      <attribute name="Injury">No</attribute>
      <attribute name="Confidence Level">3</attribute>
      <attribute name="Notes">Very heavily spotted - could be a cutthroat?</attribute>
    </box>
    <box frame="152" outside="0" occluded="0" keyframe="0" xtl="978.28" ytl="494.75" xbr="1725.06" ybr="751.09" z_order="0">
      <attribute name="Sex">NA</attribute>
      <attribute name="Adipose Clipped">No</attribute>
      <attribute name="Injury">No</attribute>
      <attribute name="Confidence Level">3</attribute>
      <attribute name="Notes">Very heavily spotted - could be a cutthroat?</attribute>
    </box>
    <box frame="153" outside="0" occluded="0" keyframe="0" xtl="980.89" ytl="494.75" xbr="1725.06" ybr="749.94" z_order="0">
      <attribute name="Sex">NA</attribute>
      <attribute name="Adipose Clipped">No</attribute>
      <attribute name="Injury">No</attribute>
      <attribute name="Confidence Level">3</attribute>
      <attribute name="Notes">Very heavily spotted - could be a cutthroat?</attribute>
    </box>
    <box frame="154" outside="0" occluded="0" keyframe="1" xtl="983.50" ytl="494.75" xbr="1725.06" ybr="748.80" z_order="0">
      <attribute name="Sex">NA</attribute>
      <attribute name="Adipose Clipped">No</attribute>
      <attribute name="Injury">No</attribute>
      <attribute name="Confidence Level">3</attribute>
      <attribute name="Notes">Very heavily spotted - could be a cutthroat?</attribute>
    </box>
    <box frame="155" outside="0" occluded="0" keyframe="0" xtl="997.11" ytl="494.75" xbr="1725.06" ybr="746.43" z_order="0">
      <attribute name="Sex">NA</attribute>
      <attribute name="Adipose Clipped">No</attribute>
      <attribute name="Injury">No</attribute>
      <attribute name="Confidence Level">3</attribute>
      <attribute name="Notes">Very heavily spotted - could be a cutthroat?</attribute>
    </box>
    <box frame="156" outside="0" occluded="0" keyframe="0" xtl="1010.72" ytl="494.75" xbr="1725.06" ybr="744.05" z_order="0">
      <attribute name="Sex">NA</attribute>
      <attribute name="Adipose Clipped">No</attribute>
      <attribute name="Injury">No</attribute>
      <attribute name="Confidence Level">3</attribute>
      <attribute name="Notes">Very heavily spotted - could be a cutthroat?</attribute>
    </box>
    <box frame="157" outside="0" occluded="0" keyframe="0" xtl="1024.33" ytl="494.75" xbr="1725.06" ybr="741.68" z_order="0">
      <attribute name="Sex">NA</attribute>
      <attribute name="Adipose Clipped">No</attribute>
      <attribute name="Injury">No</attribute>
      <attribute name="Confidence Level">3</attribute>
      <attribute name="Notes">Very heavily spotted - could be a cutthroat?</attribute>
    </box>
    <box frame="158" outside="0" occluded="0" keyframe="0" xtl="1037.94" ytl="494.75" xbr="1725.06" ybr="739.31" z_order="0">
      <attribute name="Sex">NA</attribute>
      <attribute name="Adipose Clipped">No</attribute>
      <attribute name="Injury">No</attribute>
      <attribute name="Confidence Level">3</attribute>
      <attribute name="Notes">Very heavily spotted - could be a cutthroat?</attribute>
    </box>
    <box frame="159" outside="0" occluded="0" keyframe="0" xtl="1051.55" ytl="494.75" xbr="1725.06" ybr="736.94" z_order="0">
      <attribute name="Sex">NA</attribute>
      <attribute name="Adipose Clipped">No</attribute>
      <attribute name="Injury">No</attribute>
      <attribute name="Confidence Level">3</attribute>
      <attribute name="Notes">Very heavily spotted - could be a cutthroat?</attribute>
    </box>
    <box frame="160" outside="0" occluded="0" keyframe="0" xtl="1065.15" ytl="494.75" xbr="1725.06" ybr="734.56" z_order="0">
      <attribute name="Sex">NA</attribute>
      <attribute name="Adipose Clipped">No</attribute>
      <attribute name="Injury">No</attribute>
      <attribute name="Confidence Level">3</attribute>
      <attribute name="Notes">Very heavily spotted - could be a cutthroat?</attribute>
    </box>
    <box frame="161" outside="0" occluded="0" keyframe="0" xtl="1078.76" ytl="494.75" xbr="1725.06" ybr="732.19" z_order="0">
      <attribute name="Sex">NA</attribute>
      <attribute name="Adipose Clipped">No</attribute>
      <attribute name="Injury">No</attribute>
      <attribute name="Confidence Level">3</attribute>
      <attribute name="Notes">Very heavily spotted - could be a cutthroat?</attribute>
    </box>
    <box frame="162" outside="0" occluded="0" keyframe="0" xtl="1092.37" ytl="494.75" xbr="1725.06" ybr="729.82" z_order="0">
      <attribute name="Sex">NA</attribute>
      <attribute name="Adipose Clipped">No</attribute>
      <attribute name="Injury">No</attribute>
      <attribute name="Confidence Level">3</attribute>
      <attribute name="Notes">Very heavily spotted - could be a cutthroat?</attribute>
    </box>
    <box frame="163" outside="0" occluded="0" keyframe="0" xtl="1105.98" ytl="494.75" xbr="1725.06" ybr="727.45" z_order="0">
      <attribute name="Sex">NA</attribute>
      <attribute name="Adipose Clipped">No</attribute>
      <attribute name="Injury">No</attribute>
      <attribute name="Confidence Level">3</attribute>
      <attribute name="Notes">Very heavily spotted - could be a cutthroat?</attribute>
    </box>
    <box frame="164" outside="0" occluded="0" keyframe="0" xtl="1119.59" ytl="494.75" xbr="1725.06" ybr="725.07" z_order="0">
      <attribute name="Sex">NA</attribute>
      <attribute name="Adipose Clipped">No</attribute>
      <attribute name="Injury">No</attribute>
      <attribute name="Confidence Level">3</attribute>
      <attribute name="Notes">Very heavily spotted - could be a cutthroat?</attribute>
    </box>
    <box frame="165" outside="0" occluded="0" keyframe="1" xtl="1133.20" ytl="494.75" xbr="1725.06" ybr="722.70" z_order="0">
      <attribute name="Sex">NA</attribute>
      <attribute name="Adipose Clipped">No</attribute>
      <attribute name="Injury">No</attribute>
      <attribute name="Confidence Level">3</attribute>
      <attribute name="Notes">Very heavily spotted - could be a cutthroat?</attribute>
    </box>
    <box frame="166" outside="0" occluded="0" keyframe="0" xtl="1141.90" ytl="495.45" xbr="1733.76" ybr="723.40" z_order="0">
      <attribute name="Sex">NA</attribute>
      <attribute name="Adipose Clipped">No</attribute>
      <attribute name="Injury">No</attribute>
      <attribute name="Confidence Level">3</attribute>
      <attribute name="Notes">Very heavily spotted - could be a cutthroat?</attribute>
    </box>
    <box frame="167" outside="0" occluded="0" keyframe="0" xtl="1150.61" ytl="496.15" xbr="1742.46" ybr="724.09" z_order="0">
      <attribute name="Sex">NA</attribute>
      <attribute name="Adipose Clipped">No</attribute>
      <attribute name="Injury">No</attribute>
      <attribute name="Confidence Level">3</attribute>
      <attribute name="Notes">Very heavily spotted - could be a cutthroat?</attribute>
    </box>
    <box frame="168" outside="0" occluded="0" keyframe="0" xtl="1159.31" ytl="496.84" xbr="1751.17" ybr="724.79" z_order="0">
      <attribute name="Sex">NA</attribute>
      <attribute name="Adipose Clipped">No</attribute>
      <attribute name="Injury">No</attribute>
      <attribute name="Confidence Level">3</attribute>
      <attribute name="Notes">Very heavily spotted - could be a cutthroat?</attribute>
    </box>
    <box frame="169" outside="0" occluded="0" keyframe="0" xtl="1168.01" ytl="497.54" xbr="1759.87" ybr="725.49" z_order="0">
      <attribute name="Sex">NA</attribute>
      <attribute name="Adipose Clipped">No</attribute>
      <attribute name="Injury">No</attribute>
      <attribute name="Confidence Level">3</attribute>
      <attribute name="Notes">Very heavily spotted - could be a cutthroat?</attribute>
    </box>
    <box frame="170" outside="0" occluded="0" keyframe="0" xtl="1176.72" ytl="498.24" xbr="1768.57" ybr="726.18" z_order="0">
      <attribute name="Sex">NA</attribute>
      <attribute name="Adipose Clipped">No</attribute>
      <attribute name="Injury">No</attribute>
      <attribute name="Confidence Level">3</attribute>
      <attribute name="Notes">Very heavily spotted - could be a cutthroat?</attribute>
    </box>
    <box frame="171" outside="0" occluded="0" keyframe="0" xtl="1185.42" ytl="498.93" xbr="1777.28" ybr="726.88" z_order="0">
      <attribute name="Sex">NA</attribute>
      <attribute name="Adipose Clipped">No</attribute>
      <attribute name="Injury">No</attribute>
      <attribute name="Confidence Level">3</attribute>
      <attribute name="Notes">Very heavily spotted - could be a cutthroat?</attribute>
    </box>
    <box frame="172" outside="0" occluded="0" keyframe="0" xtl="1194.12" ytl="499.63" xbr="1785.98" ybr="727.57" z_order="0">
      <attribute name="Sex">NA</attribute>
      <attribute name="Adipose Clipped">No</attribute>
      <attribute name="Injury">No</attribute>
      <attribute name="Confidence Level">3</attribute>
      <attribute name="Notes">Very heavily spotted - could be a cutthroat?</attribute>
    </box>
    <box frame="173" outside="0" occluded="0" keyframe="0" xtl="1202.83" ytl="500.33" xbr="1794.68" ybr="728.27" z_order="0">
      <attribute name="Sex">NA</attribute>
      <attribute name="Adipose Clipped">No</attribute>
      <attribute name="Injury">No</attribute>
      <attribute name="Confidence Level">3</attribute>
      <attribute name="Notes">Very heavily spotted - could be a cutthroat?</attribute>
    </box>
    <box frame="174" outside="0" occluded="0" keyframe="0" xtl="1211.53" ytl="501.02" xbr="1803.39" ybr="728.97" z_order="0">
      <attribute name="Sex">NA</attribute>
      <attribute name="Adipose Clipped">No</attribute>
      <attribute name="Injury">No</attribute>
      <attribute name="Confidence Level">3</attribute>
      <attribute name="Notes">Very heavily spotted - could be a cutthroat?</attribute>
    </box>
    <box frame="175" outside="0" occluded="0" keyframe="1" xtl="1220.24" ytl="501.72" xbr="1812.09" ybr="729.66" z_order="0">
      <attribute name="Sex">NA</attribute>
      <attribute name="Adipose Clipped">No</attribute>
      <attribute name="Injury">No</attribute>
      <attribute name="Confidence Level">3</attribute>
      <attribute name="Notes">Very heavily spotted - could be a cutthroat?</attribute>
    </box>
    <box frame="176" outside="0" occluded="0" keyframe="0" xtl="1229.57" ytl="502.67" xbr="1821.43" ybr="730.61" z_order="0">
      <attribute name="Sex">NA</attribute>
      <attribute name="Adipose Clipped">No</attribute>
      <attribute name="Injury">No</attribute>
      <attribute name="Confidence Level">3</attribute>
      <attribute name="Notes">Very heavily spotted - could be a cutthroat?</attribute>
    </box>
    <box frame="177" outside="0" occluded="0" keyframe="0" xtl="1238.91" ytl="503.62" xbr="1830.76" ybr="731.56" z_order="0">
      <attribute name="Sex">NA</attribute>
      <attribute name="Adipose Clipped">No</attribute>
      <attribute name="Injury">No</attribute>
      <attribute name="Confidence Level">3</attribute>
      <attribute name="Notes">Very heavily spotted - could be a cutthroat?</attribute>
    </box>
    <box frame="178" outside="0" occluded="0" keyframe="0" xtl="1248.24" ytl="504.57" xbr="1840.10" ybr="732.51" z_order="0">
      <attribute name="Sex">NA</attribute>
      <attribute name="Adipose Clipped">No</attribute>
      <attribute name="Injury">No</attribute>
      <attribute name="Confidence Level">3</attribute>
      <attribute name="Notes">Very heavily spotted - could be a cutthroat?</attribute>
    </box>
    <box frame="179" outside="0" occluded="0" keyframe="0" xtl="1257.58" ytl="505.52" xbr="1849.44" ybr="733.46" z_order="0">
      <attribute name="Sex">NA</attribute>
      <attribute name="Adipose Clipped">No</attribute>
      <attribute name="Injury">No</attribute>
      <attribute name="Confidence Level">3</attribute>
      <attribute name="Notes">Very heavily spotted - could be a cutthroat?</attribute>
    </box>
    <box frame="180" outside="0" occluded="0" keyframe="0" xtl="1266.92" ytl="506.46" xbr="1858.77" ybr="734.41" z_order="0">
      <attribute name="Sex">NA</attribute>
      <attribute name="Adipose Clipped">No</attribute>
      <attribute name="Injury">No</attribute>
      <attribute name="Confidence Level">3</attribute>
      <attribute name="Notes">Very heavily spotted - could be a cutthroat?</attribute>
    </box>
    <box frame="181" outside="0" occluded="0" keyframe="0" xtl="1276.25" ytl="507.41" xbr="1868.11" ybr="735.36" z_order="0">
      <attribute name="Sex">NA</attribute>
      <attribute name="Adipose Clipped">No</attribute>
      <attribute name="Injury">No</attribute>
      <attribute name="Confidence Level">3</attribute>
      <attribute name="Notes">Very heavily spotted - could be a cutthroat?</attribute>
    </box>
    <box frame="182" outside="0" occluded="0" keyframe="0" xtl="1285.59" ytl="508.36" xbr="1877.45" ybr="736.31" z_order="0">
      <attribute name="Sex">NA</attribute>
      <attribute name="Adipose Clipped">No</attribute>
      <attribute name="Injury">No</attribute>
      <attribute name="Confidence Level">3</attribute>
      <attribute name="Notes">Very heavily spotted - could be a cutthroat?</attribute>
    </box>
    <box frame="183" outside="0" occluded="0" keyframe="0" xtl="1294.93" ytl="509.31" xbr="1886.78" ybr="737.26" z_order="0">
      <attribute name="Sex">NA</attribute>
      <attribute name="Adipose Clipped">No</attribute>
      <attribute name="Injury">No</attribute>
      <attribute name="Confidence Level">3</attribute>
      <attribute name="Notes">Very heavily spotted - could be a cutthroat?</attribute>
    </box>
    <box frame="184" outside="0" occluded="0" keyframe="0" xtl="1304.26" ytl="510.26" xbr="1896.12" ybr="738.21" z_order="0">
      <attribute name="Sex">NA</attribute>
      <attribute name="Adipose Clipped">No</attribute>
      <attribute name="Injury">No</attribute>
      <attribute name="Confidence Level">3</attribute>
      <attribute name="Notes">Very heavily spotted - could be a cutthroat?</attribute>
    </box>
    <box frame="185" outside="0" occluded="0" keyframe="0" xtl="1313.60" ytl="511.21" xbr="1905.46" ybr="739.16" z_order="0">
      <attribute name="Sex">NA</attribute>
      <attribute name="Adipose Clipped">No</attribute>
      <attribute name="Injury">No</attribute>
      <attribute name="Confidence Level">3</attribute>
      <attribute name="Notes">Very heavily spotted - could be a cutthroat?</attribute>
    </box>
    <box frame="186" outside="0" occluded="0" keyframe="1" xtl="1322.94" ytl="512.16" xbr="1914.79" ybr="740.11" z_order="0">
      <attribute name="Sex">NA</attribute>
      <attribute name="Adipose Clipped">No</attribute>
      <attribute name="Injury">No</attribute>
      <attribute name="Confidence Level">3</attribute>
      <attribute name="Notes">Very heavily spotted - could be a cutthroat?</attribute>
    </box>
    <box frame="187" outside="0" occluded="0" keyframe="0" xtl="1322.94" ytl="512.16" xbr="1914.79" ybr="740.11" z_order="0">
      <attribute name="Sex">NA</attribute>
      <attribute name="Adipose Clipped">No</attribute>
      <attribute name="Injury">No</attribute>
      <attribute name="Confidence Level">3</attribute>
      <attribute name="Notes">Very heavily spotted - could be a cutthroat?</attribute>
    </box>
    <box frame="188" outside="0" occluded="0" keyframe="0" xtl="1322.94" ytl="512.16" xbr="1914.79" ybr="740.11" z_order="0">
      <attribute name="Sex">NA</attribute>
      <attribute name="Adipose Clipped">No</attribute>
      <attribute name="Injury">No</attribute>
      <attribute name="Confidence Level">3</attribute>
      <attribute name="Notes">Very heavily spotted - could be a cutthroat?</attribute>
    </box>
    <box frame="189" outside="1" occluded="0" keyframe="1" xtl="1322.94" ytl="512.16" xbr="1914.79" ybr="740.11" z_order="0">
      <attribute name="Sex">NA</attribute>
      <attribute name="Adipose Clipped">No</attribute>
      <attribute name="Injury">No</attribute>
      <attribute name="Confidence Level">3</attribute>
      <attribute name="Notes">Very heavily spotted - could be a cutthroat?</attribute>
    </box>
  </track>
</annotations>