<?xml version="1.0" encoding="utf-8"?>
<annotations>
  <version>1.1</version>
  <meta>
    <task>
      <id>237</id>
      <name>2019-08-10 12-03-26 Right Bank</name>
      <size>168</size>
      <mode>interpolation</mode>
      <overlap>5</overlap>
      <bugtracker></bugtracker>
      <created>2021-02-25 07:17:59.016638+00:00</created>
      <updated>2021-02-25 21:06:30.269397+00:00</updated>
      <start_frame>0</start_frame>
      <stop_frame>167</stop_frame>
      <frame_filter></frame_filter>
      <labels>
        <label>
          <name>Coho</name>
          <color>#66c893</color>
          <attributes>
            <attribute>
              <name>Adipose Clipped</name>
              <mutable>False</mutable>
              <input_type>select</input_type>
              <default_value>No</default_value>
              <values>No
Yes
NA</values>
            </attribute>
            <attribute>
              <name>Confidence Level</name>
              <mutable>False</mutable>
              <input_type>select</input_type>
              <default_value>3</default_value>
              <values>3
2
1</values>
            </attribute>
            <attribute>
              <name>Injury</name>
              <mutable>False</mutable>
              <input_type>select</input_type>
              <default_value>No</default_value>
              <values>No
Yes
NA</values>
            </attribute>
            <attribute>
              <name>Notes</name>
              <mutable>False</mutable>
              <input_type>text</input_type>
              <default_value>NA</default_value>
              <values>NA</values>
            </attribute>
            <attribute>
              <name>Sex</name>
              <mutable>False</mutable>
              <input_type>select</input_type>
              <default_value>Male</default_value>
              <values>Male
Female
Jack</values>
            </attribute>
          </attributes>
        </label>
        <label>
          <name>Pink</name>
          <color>#fa7dbb</color>
          <attributes>
            <attribute>
              <name>Adipose Clipped</name>
              <mutable>False</mutable>
              <input_type>select</input_type>
              <default_value>No</default_value>
              <values>No
Yes
NA</values>
            </attribute>
            <attribute>
              <name>Confidence Level</name>
              <mutable>False</mutable>
              <input_type>select</input_type>
              <default_value>3</default_value>
              <values>3
2
1</values>
            </attribute>
            <attribute>
              <name>Injury</name>
              <mutable>False</mutable>
              <input_type>select</input_type>
              <default_value>No</default_value>
              <values>No
Yes
NA</values>
            </attribute>
            <attribute>
              <name>Notes</name>
              <mutable>False</mutable>
              <input_type>text</input_type>
              <default_value>NA</default_value>
              <values>NA</values>
            </attribute>
            <attribute>
              <name>Sex</name>
              <mutable>False</mutable>
              <input_type>select</input_type>
              <default_value>Male</default_value>
              <values>Male
Female</values>
            </attribute>
          </attributes>
        </label>
        <label>
          <name>Bull</name>
          <color>#ff6037</color>
          <attributes>
            <attribute>
              <name>Adipose Clipped</name>
              <mutable>False</mutable>
              <input_type>select</input_type>
              <default_value>No</default_value>
              <values>No
NA</values>
            </attribute>
            <attribute>
              <name>Confidence Level</name>
              <mutable>False</mutable>
              <input_type>select</input_type>
              <default_value>3</default_value>
              <values>3
2
1</values>
            </attribute>
            <attribute>
              <name>Injury</name>
              <mutable>False</mutable>
              <input_type>select</input_type>
              <default_value>No</default_value>
              <values>No
Yes
NA</values>
            </attribute>
            <attribute>
              <name>Notes</name>
              <mutable>False</mutable>
              <input_type>text</input_type>
              <default_value>NA</default_value>
              <values>NA</values>
            </attribute>
            <attribute>
              <name>Sex</name>
              <mutable>False</mutable>
              <input_type>select</input_type>
              <default_value>NA</default_value>
              <values>NA</values>
            </attribute>
          </attributes>
        </label>
        <label>
          <name>Chum</name>
          <color>#b83df5</color>
          <attributes>
            <attribute>
              <name>Sex</name>
              <mutable>False</mutable>
              <input_type>select</input_type>
              <default_value>Male</default_value>
              <values>Male
Female</values>
            </attribute>
            <attribute>
              <name>Adipose Clipped</name>
              <mutable>False</mutable>
              <input_type>select</input_type>
              <default_value>No</default_value>
              <values>No
Yes
NA</values>
            </attribute>
            <attribute>
              <name>Injury</name>
              <mutable>False</mutable>
              <input_type>select</input_type>
              <default_value>No</default_value>
              <values>No
Yes
NA</values>
            </attribute>
            <attribute>
              <name>Confidence Level</name>
              <mutable>False</mutable>
              <input_type>select</input_type>
              <default_value>3</default_value>
              <values>3
2
1</values>
            </attribute>
            <attribute>
              <name>Notes</name>
              <mutable>False</mutable>
              <input_type>text</input_type>
              <default_value>NA</default_value>
              <values>NA</values>
            </attribute>
          </attributes>
        </label>
        <label>
          <name>Whitefish</name>
          <color>#e2f1ee</color>
          <attributes>
            <attribute>
              <name>Sex</name>
              <mutable>False</mutable>
              <input_type>select</input_type>
              <default_value>NA</default_value>
              <values>NA</values>
            </attribute>
            <attribute>
              <name>Adipose Clipped</name>
              <mutable>False</mutable>
              <input_type>select</input_type>
              <default_value>No</default_value>
              <values>No
Yes
NA</values>
            </attribute>
            <attribute>
              <name>Injury</name>
              <mutable>False</mutable>
              <input_type>select</input_type>
              <default_value>No</default_value>
              <values>No
Yes
NA</values>
            </attribute>
            <attribute>
              <name>Confidence Level</name>
              <mutable>False</mutable>
              <input_type>select</input_type>
              <default_value>3</default_value>
              <values>3
2
1</values>
            </attribute>
            <attribute>
              <name>Notes</name>
              <mutable>False</mutable>
              <input_type>text</input_type>
              <default_value>NA</default_value>
              <values>NA</values>
            </attribute>
          </attributes>
        </label>
        <label>
          <name>Sockeye</name>
          <color>#fa3253</color>
          <attributes>
            <attribute>
              <name>Sex</name>
              <mutable>False</mutable>
              <input_type>select</input_type>
              <default_value>Male</default_value>
              <values>Male
Female</values>
            </attribute>
            <attribute>
              <name>Adipose Clipped</name>
              <mutable>False</mutable>
              <input_type>select</input_type>
              <default_value>No</default_value>
              <values>No
Yes
NA</values>
            </attribute>
            <attribute>
              <name>Injury</name>
              <mutable>False</mutable>
              <input_type>select</input_type>
              <default_value>No</default_value>
              <values>No
Yes
NA</values>
            </attribute>
            <attribute>
              <name>Confidence Level</name>
              <mutable>False</mutable>
              <input_type>select</input_type>
              <default_value>3</default_value>
              <values>3
2
1</values>
            </attribute>
            <attribute>
              <name>Notes</name>
              <mutable>False</mutable>
              <input_type>text</input_type>
              <default_value>NA</default_value>
              <values>NA</values>
            </attribute>
          </attributes>
        </label>
        <label>
          <name>Steelhead</name>
          <color>#66ff66</color>
          <attributes>
            <attribute>
              <name>Sex</name>
              <mutable>False</mutable>
              <input_type>select</input_type>
              <default_value>Male</default_value>
              <values>Male
Female</values>
            </attribute>
            <attribute>
              <name>Adipose Clipped</name>
              <mutable>False</mutable>
              <input_type>select</input_type>
              <default_value>No</default_value>
              <values>No
Yes
NA</values>
            </attribute>
            <attribute>
              <name>Injury</name>
              <mutable>False</mutable>
              <input_type>select</input_type>
              <default_value>No</default_value>
              <values>No
Yes
NA</values>
            </attribute>
            <attribute>
              <name>Confidence Level</name>
              <mutable>False</mutable>
              <input_type>select</input_type>
              <default_value>3</default_value>
              <values>3
2
1</values>
            </attribute>
            <attribute>
              <name>Notes</name>
              <mutable>False</mutable>
              <input_type>text</input_type>
              <default_value>NA</default_value>
              <values>NA</values>
            </attribute>
          </attributes>
        </label>
        <label>
          <name>Rainbow</name>
          <color>#ff00cc</color>
          <attributes>
            <attribute>
              <name>Sex</name>
              <mutable>False</mutable>
              <input_type>select</input_type>
              <default_value>NA</default_value>
              <values>NA</values>
            </attribute>
            <attribute>
              <name>Adipose Clipped</name>
              <mutable>False</mutable>
              <input_type>select</input_type>
              <default_value>No</default_value>
              <values>No
Yes
NA</values>
            </attribute>
            <attribute>
              <name>Injury</name>
              <mutable>False</mutable>
              <input_type>select</input_type>
              <default_value>No</default_value>
              <values>No
Yes
NA</values>
            </attribute>
            <attribute>
              <name>Confidence Level</name>
              <mutable>False</mutable>
              <input_type>select</input_type>
              <default_value>3</default_value>
              <values>3
2
1</values>
            </attribute>
            <attribute>
              <name>Notes</name>
              <mutable>False</mutable>
              <input_type>text</input_type>
              <default_value>NA</default_value>
              <values>NA</values>
            </attribute>
          </attributes>
        </label>
        <label>
          <name>Chinook</name>
          <color>#cc3366</color>
          <attributes>
            <attribute>
              <name>Sex</name>
              <mutable>False</mutable>
              <input_type>select</input_type>
              <default_value>Male</default_value>
              <values>Male
Female
NA</values>
            </attribute>
            <attribute>
              <name>Adipose Clipped</name>
              <mutable>False</mutable>
              <input_type>select</input_type>
              <default_value>No</default_value>
              <values>No
Yes
NA</values>
            </attribute>
            <attribute>
              <name>Injury</name>
              <mutable>False</mutable>
              <input_type>select</input_type>
              <default_value>No</default_value>
              <values>No
Yes
NA</values>
            </attribute>
            <attribute>
              <name>Confidence Level</name>
              <mutable>False</mutable>
              <input_type>select</input_type>
              <default_value>3</default_value>
              <values>3
2
1</values>
            </attribute>
            <attribute>
              <name>Notes</name>
              <mutable>False</mutable>
              <input_type>text</input_type>
              <default_value>NA</default_value>
              <values>NA</values>
            </attribute>
          </attributes>
        </label>
      </labels>
      <segments>
        <segment>
          <id>234</id>
          <start>0</start>
          <stop>167</stop>
          <url>httplocalhost:8080/?id=234</url>
        </segment>
      </segments>
      <owner>
        <username>bna19</username>
        <email>bna19@sfu.ca</email>
      </owner>
      <assignee></assignee>
      <original_size>
        <width>1920</width>
        <height>1080</height>
      </original_size>
    </task>
    <dumped>2021-02-25 21:06:39.028180+00:00</dumped>
    <source>2019-08-10 12-03-26 Right Bank.mp4</source>
  </meta>
  <track id="0" label="Pink" source="manual">
    <box frame="15" outside="0" occluded="0" keyframe="1" xtl="0.09" ytl="276.27" xbr="728.63" ybr="1000.91" z_order="0">
      <attribute name="Sex">Male</attribute>
      <attribute name="Adipose Clipped">No</attribute>
      <attribute name="Injury">Yes</attribute>
      <attribute name="Confidence Level">3</attribute>
      <attribute name="Notes">Top jaw is deformed</attribute>
    </box>
    <box frame="16" outside="0" occluded="0" keyframe="0" xtl="0.09" ytl="276.27" xbr="766.33" ybr="1001.50" z_order="0">
      <attribute name="Sex">Male</attribute>
      <attribute name="Adipose Clipped">No</attribute>
      <attribute name="Injury">Yes</attribute>
      <attribute name="Confidence Level">3</attribute>
      <attribute name="Notes">Top jaw is deformed</attribute>
    </box>
    <box frame="17" outside="0" occluded="0" keyframe="0" xtl="0.09" ytl="276.27" xbr="804.03" ybr="1002.09" z_order="0">
      <attribute name="Sex">Male</attribute>
      <attribute name="Adipose Clipped">No</attribute>
      <attribute name="Injury">Yes</attribute>
      <attribute name="Confidence Level">3</attribute>
      <attribute name="Notes">Top jaw is deformed</attribute>
    </box>
    <box frame="18" outside="0" occluded="0" keyframe="0" xtl="0.09" ytl="276.27" xbr="841.72" ybr="1002.68" z_order="0">
      <attribute name="Sex">Male</attribute>
      <attribute name="Adipose Clipped">No</attribute>
      <attribute name="Injury">Yes</attribute>
      <attribute name="Confidence Level">3</attribute>
      <attribute name="Notes">Top jaw is deformed</attribute>
    </box>
    <box frame="19" outside="0" occluded="0" keyframe="0" xtl="0.09" ytl="276.27" xbr="879.42" ybr="1003.27" z_order="0">
      <attribute name="Sex">Male</attribute>
      <attribute name="Adipose Clipped">No</attribute>
      <attribute name="Injury">Yes</attribute>
      <attribute name="Confidence Level">3</attribute>
      <attribute name="Notes">Top jaw is deformed</attribute>
    </box>
    <box frame="20" outside="0" occluded="0" keyframe="0" xtl="0.09" ytl="276.27" xbr="917.12" ybr="1003.85" z_order="0">
      <attribute name="Sex">Male</attribute>
      <attribute name="Adipose Clipped">No</attribute>
      <attribute name="Injury">Yes</attribute>
      <attribute name="Confidence Level">3</attribute>
      <attribute name="Notes">Top jaw is deformed</attribute>
    </box>
    <box frame="21" outside="0" occluded="0" keyframe="0" xtl="0.09" ytl="276.27" xbr="954.81" ybr="1004.44" z_order="0">
      <attribute name="Sex">Male</attribute>
      <attribute name="Adipose Clipped">No</attribute>
      <attribute name="Injury">Yes</attribute>
      <attribute name="Confidence Level">3</attribute>
      <attribute name="Notes">Top jaw is deformed</attribute>
    </box>
    <box frame="22" outside="0" occluded="0" keyframe="0" xtl="0.09" ytl="276.27" xbr="992.51" ybr="1005.03" z_order="0">
      <attribute name="Sex">Male</attribute>
      <attribute name="Adipose Clipped">No</attribute>
      <attribute name="Injury">Yes</attribute>
      <attribute name="Confidence Level">3</attribute>
      <attribute name="Notes">Top jaw is deformed</attribute>
    </box>
    <box frame="23" outside="0" occluded="0" keyframe="0" xtl="0.09" ytl="276.27" xbr="1030.21" ybr="1005.62" z_order="0">
      <attribute name="Sex">Male</attribute>
      <attribute name="Adipose Clipped">No</attribute>
      <attribute name="Injury">Yes</attribute>
      <attribute name="Confidence Level">3</attribute>
      <attribute name="Notes">Top jaw is deformed</attribute>
    </box>
    <box frame="24" outside="0" occluded="0" keyframe="0" xtl="0.09" ytl="276.27" xbr="1067.90" ybr="1006.21" z_order="0">
      <attribute name="Sex">Male</attribute>
      <attribute name="Adipose Clipped">No</attribute>
      <attribute name="Injury">Yes</attribute>
      <attribute name="Confidence Level">3</attribute>
      <attribute name="Notes">Top jaw is deformed</attribute>
    </box>
    <box frame="25" outside="0" occluded="0" keyframe="1" xtl="0.09" ytl="276.27" xbr="1105.60" ybr="1006.80" z_order="0">
      <attribute name="Sex">Male</attribute>
      <attribute name="Adipose Clipped">No</attribute>
      <attribute name="Injury">Yes</attribute>
      <attribute name="Confidence Level">3</attribute>
      <attribute name="Notes">Top jaw is deformed</attribute>
    </box>
    <box frame="26" outside="0" occluded="0" keyframe="0" xtl="0.09" ytl="276.27" xbr="1105.99" ybr="1008.62" z_order="0">
      <attribute name="Sex">Male</attribute>
      <attribute name="Adipose Clipped">No</attribute>
      <attribute name="Injury">Yes</attribute>
      <attribute name="Confidence Level">3</attribute>
      <attribute name="Notes">Top jaw is deformed</attribute>
    </box>
    <box frame="27" outside="0" occluded="0" keyframe="0" xtl="0.09" ytl="276.27" xbr="1106.38" ybr="1010.45" z_order="0">
      <attribute name="Sex">Male</attribute>
      <attribute name="Adipose Clipped">No</attribute>
      <attribute name="Injury">Yes</attribute>
      <attribute name="Confidence Level">3</attribute>
      <attribute name="Notes">Top jaw is deformed</attribute>
    </box>
    <box frame="28" outside="0" occluded="0" keyframe="0" xtl="0.09" ytl="276.27" xbr="1106.77" ybr="1012.27" z_order="0">
      <attribute name="Sex">Male</attribute>
      <attribute name="Adipose Clipped">No</attribute>
      <attribute name="Injury">Yes</attribute>
      <attribute name="Confidence Level">3</attribute>
      <attribute name="Notes">Top jaw is deformed</attribute>
    </box>
    <box frame="29" outside="0" occluded="0" keyframe="0" xtl="0.09" ytl="276.27" xbr="1107.16" ybr="1014.09" z_order="0">
      <attribute name="Sex">Male</attribute>
      <attribute name="Adipose Clipped">No</attribute>
      <attribute name="Injury">Yes</attribute>
      <attribute name="Confidence Level">3</attribute>
      <attribute name="Notes">Top jaw is deformed</attribute>
    </box>
    <box frame="30" outside="0" occluded="0" keyframe="0" xtl="0.09" ytl="276.27" xbr="1107.55" ybr="1015.92" z_order="0">
      <attribute name="Sex">Male</attribute>
      <attribute name="Adipose Clipped">No</attribute>
      <attribute name="Injury">Yes</attribute>
      <attribute name="Confidence Level">3</attribute>
      <attribute name="Notes">Top jaw is deformed</attribute>
    </box>
    <box frame="31" outside="0" occluded="0" keyframe="0" xtl="0.09" ytl="276.27" xbr="1107.94" ybr="1017.74" z_order="0">
      <attribute name="Sex">Male</attribute>
      <attribute name="Adipose Clipped">No</attribute>
      <attribute name="Injury">Yes</attribute>
      <attribute name="Confidence Level">3</attribute>
      <attribute name="Notes">Top jaw is deformed</attribute>
    </box>
    <box frame="32" outside="0" occluded="0" keyframe="0" xtl="0.09" ytl="276.27" xbr="1108.33" ybr="1019.56" z_order="0">
      <attribute name="Sex">Male</attribute>
      <attribute name="Adipose Clipped">No</attribute>
      <attribute name="Injury">Yes</attribute>
      <attribute name="Confidence Level">3</attribute>
      <attribute name="Notes">Top jaw is deformed</attribute>
    </box>
    <box frame="33" outside="0" occluded="0" keyframe="0" xtl="0.09" ytl="276.27" xbr="1108.72" ybr="1021.39" z_order="0">
      <attribute name="Sex">Male</attribute>
      <attribute name="Adipose Clipped">No</attribute>
      <attribute name="Injury">Yes</attribute>
      <attribute name="Confidence Level">3</attribute>
      <attribute name="Notes">Top jaw is deformed</attribute>
    </box>
    <box frame="34" outside="0" occluded="0" keyframe="0" xtl="0.09" ytl="276.27" xbr="1109.11" ybr="1023.21" z_order="0">
      <attribute name="Sex">Male</attribute>
      <attribute name="Adipose Clipped">No</attribute>
      <attribute name="Injury">Yes</attribute>
      <attribute name="Confidence Level">3</attribute>
      <attribute name="Notes">Top jaw is deformed</attribute>
    </box>
    <box frame="35" outside="0" occluded="0" keyframe="0" xtl="0.09" ytl="276.27" xbr="1109.50" ybr="1025.03" z_order="0">
      <attribute name="Sex">Male</attribute>
      <attribute name="Adipose Clipped">No</attribute>
      <attribute name="Injury">Yes</attribute>
      <attribute name="Confidence Level">3</attribute>
      <attribute name="Notes">Top jaw is deformed</attribute>
    </box>
    <box frame="36" outside="0" occluded="0" keyframe="0" xtl="0.09" ytl="276.27" xbr="1109.89" ybr="1026.86" z_order="0">
      <attribute name="Sex">Male</attribute>
      <attribute name="Adipose Clipped">No</attribute>
      <attribute name="Injury">Yes</attribute>
      <attribute name="Confidence Level">3</attribute>
      <attribute name="Notes">Top jaw is deformed</attribute>
    </box>
    <box frame="37" outside="0" occluded="0" keyframe="0" xtl="0.09" ytl="276.27" xbr="1110.28" ybr="1028.68" z_order="0">
      <attribute name="Sex">Male</attribute>
      <attribute name="Adipose Clipped">No</attribute>
      <attribute name="Injury">Yes</attribute>
      <attribute name="Confidence Level">3</attribute>
      <attribute name="Notes">Top jaw is deformed</attribute>
    </box>
    <box frame="38" outside="0" occluded="0" keyframe="0" xtl="0.09" ytl="276.27" xbr="1110.67" ybr="1030.50" z_order="0">
      <attribute name="Sex">Male</attribute>
      <attribute name="Adipose Clipped">No</attribute>
      <attribute name="Injury">Yes</attribute>
      <attribute name="Confidence Level">3</attribute>
      <attribute name="Notes">Top jaw is deformed</attribute>
    </box>
    <box frame="39" outside="0" occluded="0" keyframe="0" xtl="0.09" ytl="276.27" xbr="1111.06" ybr="1032.33" z_order="0">
      <attribute name="Sex">Male</attribute>
      <attribute name="Adipose Clipped">No</attribute>
      <attribute name="Injury">Yes</attribute>
      <attribute name="Confidence Level">3</attribute>
      <attribute name="Notes">Top jaw is deformed</attribute>
    </box>
    <box frame="40" outside="0" occluded="0" keyframe="0" xtl="0.09" ytl="276.27" xbr="1111.45" ybr="1034.15" z_order="0">
      <attribute name="Sex">Male</attribute>
      <attribute name="Adipose Clipped">No</attribute>
      <attribute name="Injury">Yes</attribute>
      <attribute name="Confidence Level">3</attribute>
      <attribute name="Notes">Top jaw is deformed</attribute>
    </box>
    <box frame="41" outside="0" occluded="0" keyframe="0" xtl="0.09" ytl="276.27" xbr="1111.84" ybr="1035.97" z_order="0">
      <attribute name="Sex">Male</attribute>
      <attribute name="Adipose Clipped">No</attribute>
      <attribute name="Injury">Yes</attribute>
      <attribute name="Confidence Level">3</attribute>
      <attribute name="Notes">Top jaw is deformed</attribute>
    </box>
    <box frame="42" outside="0" occluded="0" keyframe="0" xtl="0.09" ytl="276.27" xbr="1112.23" ybr="1037.80" z_order="0">
      <attribute name="Sex">Male</attribute>
      <attribute name="Adipose Clipped">No</attribute>
      <attribute name="Injury">Yes</attribute>
      <attribute name="Confidence Level">3</attribute>
      <attribute name="Notes">Top jaw is deformed</attribute>
    </box>
    <box frame="43" outside="0" occluded="0" keyframe="0" xtl="0.09" ytl="276.27" xbr="1112.62" ybr="1039.62" z_order="0">
      <attribute name="Sex">Male</attribute>
      <attribute name="Adipose Clipped">No</attribute>
      <attribute name="Injury">Yes</attribute>
      <attribute name="Confidence Level">3</attribute>
      <attribute name="Notes">Top jaw is deformed</attribute>
    </box>
    <box frame="44" outside="0" occluded="0" keyframe="0" xtl="0.09" ytl="276.27" xbr="1113.01" ybr="1041.44" z_order="0">
      <attribute name="Sex">Male</attribute>
      <attribute name="Adipose Clipped">No</attribute>
      <attribute name="Injury">Yes</attribute>
      <attribute name="Confidence Level">3</attribute>
      <attribute name="Notes">Top jaw is deformed</attribute>
    </box>
    <box frame="45" outside="0" occluded="0" keyframe="0" xtl="0.09" ytl="276.27" xbr="1113.40" ybr="1043.27" z_order="0">
      <attribute name="Sex">Male</attribute>
      <attribute name="Adipose Clipped">No</attribute>
      <attribute name="Injury">Yes</attribute>
      <attribute name="Confidence Level">3</attribute>
      <attribute name="Notes">Top jaw is deformed</attribute>
    </box>
    <box frame="46" outside="0" occluded="0" keyframe="0" xtl="0.09" ytl="276.27" xbr="1113.79" ybr="1045.09" z_order="0">
      <attribute name="Sex">Male</attribute>
      <attribute name="Adipose Clipped">No</attribute>
      <attribute name="Injury">Yes</attribute>
      <attribute name="Confidence Level">3</attribute>
      <attribute name="Notes">Top jaw is deformed</attribute>
    </box>
    <box frame="47" outside="0" occluded="0" keyframe="0" xtl="0.09" ytl="276.27" xbr="1114.18" ybr="1046.91" z_order="0">
      <attribute name="Sex">Male</attribute>
      <attribute name="Adipose Clipped">No</attribute>
      <attribute name="Injury">Yes</attribute>
      <attribute name="Confidence Level">3</attribute>
      <attribute name="Notes">Top jaw is deformed</attribute>
    </box>
    <box frame="48" outside="0" occluded="0" keyframe="0" xtl="0.09" ytl="276.27" xbr="1114.57" ybr="1048.74" z_order="0">
      <attribute name="Sex">Male</attribute>
      <attribute name="Adipose Clipped">No</attribute>
      <attribute name="Injury">Yes</attribute>
      <attribute name="Confidence Level">3</attribute>
      <attribute name="Notes">Top jaw is deformed</attribute>
    </box>
    <box frame="49" outside="0" occluded="0" keyframe="0" xtl="0.09" ytl="276.27" xbr="1114.96" ybr="1050.56" z_order="0">
      <attribute name="Sex">Male</attribute>
      <attribute name="Adipose Clipped">No</attribute>
      <attribute name="Injury">Yes</attribute>
      <attribute name="Confidence Level">3</attribute>
      <attribute name="Notes">Top jaw is deformed</attribute>
    </box>
    <box frame="50" outside="0" occluded="0" keyframe="0" xtl="0.09" ytl="276.27" xbr="1115.35" ybr="1052.38" z_order="0">
      <attribute name="Sex">Male</attribute>
      <attribute name="Adipose Clipped">No</attribute>
      <attribute name="Injury">Yes</attribute>
      <attribute name="Confidence Level">3</attribute>
      <attribute name="Notes">Top jaw is deformed</attribute>
    </box>
    <box frame="51" outside="0" occluded="0" keyframe="0" xtl="0.09" ytl="276.27" xbr="1115.74" ybr="1054.21" z_order="0">
      <attribute name="Sex">Male</attribute>
      <attribute name="Adipose Clipped">No</attribute>
      <attribute name="Injury">Yes</attribute>
      <attribute name="Confidence Level">3</attribute>
      <attribute name="Notes">Top jaw is deformed</attribute>
    </box>
    <box frame="52" outside="0" occluded="0" keyframe="0" xtl="0.09" ytl="276.27" xbr="1116.13" ybr="1056.03" z_order="0">
      <attribute name="Sex">Male</attribute>
      <attribute name="Adipose Clipped">No</attribute>
      <attribute name="Injury">Yes</attribute>
      <attribute name="Confidence Level">3</attribute>
      <attribute name="Notes">Top jaw is deformed</attribute>
    </box>
    <box frame="53" outside="0" occluded="0" keyframe="0" xtl="0.09" ytl="276.27" xbr="1116.52" ybr="1057.85" z_order="0">
      <attribute name="Sex">Male</attribute>
      <attribute name="Adipose Clipped">No</attribute>
      <attribute name="Injury">Yes</attribute>
      <attribute name="Confidence Level">3</attribute>
      <attribute name="Notes">Top jaw is deformed</attribute>
    </box>
    <box frame="54" outside="0" occluded="0" keyframe="0" xtl="0.09" ytl="276.27" xbr="1116.91" ybr="1059.68" z_order="0">
      <attribute name="Sex">Male</attribute>
      <attribute name="Adipose Clipped">No</attribute>
      <attribute name="Injury">Yes</attribute>
      <attribute name="Confidence Level">3</attribute>
      <attribute name="Notes">Top jaw is deformed</attribute>
    </box>
    <box frame="55" outside="0" occluded="0" keyframe="1" xtl="0.09" ytl="276.27" xbr="1117.30" ybr="1061.50" z_order="0">
      <attribute name="Sex">Male</attribute>
      <attribute name="Adipose Clipped">No</attribute>
      <attribute name="Injury">Yes</attribute>
      <attribute name="Confidence Level">3</attribute>
      <attribute name="Notes">Top jaw is deformed</attribute>
    </box>
    <box frame="56" outside="0" occluded="0" keyframe="0" xtl="0.09" ytl="269.82" xbr="1117.30" ybr="1063.35" z_order="0">
      <attribute name="Sex">Male</attribute>
      <attribute name="Adipose Clipped">No</attribute>
      <attribute name="Injury">Yes</attribute>
      <attribute name="Confidence Level">3</attribute>
      <attribute name="Notes">Top jaw is deformed</attribute>
    </box>
    <box frame="57" outside="0" occluded="0" keyframe="0" xtl="0.09" ytl="263.38" xbr="1117.30" ybr="1065.20" z_order="0">
      <attribute name="Sex">Male</attribute>
      <attribute name="Adipose Clipped">No</attribute>
      <attribute name="Injury">Yes</attribute>
      <attribute name="Confidence Level">3</attribute>
      <attribute name="Notes">Top jaw is deformed</attribute>
    </box>
    <box frame="58" outside="0" occluded="0" keyframe="0" xtl="0.09" ytl="256.93" xbr="1117.30" ybr="1067.05" z_order="0">
      <attribute name="Sex">Male</attribute>
      <attribute name="Adipose Clipped">No</attribute>
      <attribute name="Injury">Yes</attribute>
      <attribute name="Confidence Level">3</attribute>
      <attribute name="Notes">Top jaw is deformed</attribute>
    </box>
    <box frame="59" outside="0" occluded="0" keyframe="0" xtl="0.09" ytl="250.48" xbr="1117.30" ybr="1068.90" z_order="0">
      <attribute name="Sex">Male</attribute>
      <attribute name="Adipose Clipped">No</attribute>
      <attribute name="Injury">Yes</attribute>
      <attribute name="Confidence Level">3</attribute>
      <attribute name="Notes">Top jaw is deformed</attribute>
    </box>
    <box frame="60" outside="0" occluded="0" keyframe="0" xtl="0.09" ytl="244.04" xbr="1117.30" ybr="1070.75" z_order="0">
      <attribute name="Sex">Male</attribute>
      <attribute name="Adipose Clipped">No</attribute>
      <attribute name="Injury">Yes</attribute>
      <attribute name="Confidence Level">3</attribute>
      <attribute name="Notes">Top jaw is deformed</attribute>
    </box>
    <box frame="61" outside="0" occluded="0" keyframe="0" xtl="0.09" ytl="237.59" xbr="1117.30" ybr="1072.60" z_order="0">
      <attribute name="Sex">Male</attribute>
      <attribute name="Adipose Clipped">No</attribute>
      <attribute name="Injury">Yes</attribute>
      <attribute name="Confidence Level">3</attribute>
      <attribute name="Notes">Top jaw is deformed</attribute>
    </box>
    <box frame="62" outside="0" occluded="0" keyframe="0" xtl="0.09" ytl="231.14" xbr="1117.30" ybr="1074.45" z_order="0">
      <attribute name="Sex">Male</attribute>
      <attribute name="Adipose Clipped">No</attribute>
      <attribute name="Injury">Yes</attribute>
      <attribute name="Confidence Level">3</attribute>
      <attribute name="Notes">Top jaw is deformed</attribute>
    </box>
    <box frame="63" outside="0" occluded="0" keyframe="0" xtl="0.09" ytl="224.69" xbr="1117.30" ybr="1076.30" z_order="0">
      <attribute name="Sex">Male</attribute>
      <attribute name="Adipose Clipped">No</attribute>
      <attribute name="Injury">Yes</attribute>
      <attribute name="Confidence Level">3</attribute>
      <attribute name="Notes">Top jaw is deformed</attribute>
    </box>
    <box frame="64" outside="0" occluded="0" keyframe="0" xtl="0.09" ytl="218.25" xbr="1117.30" ybr="1078.15" z_order="0">
      <attribute name="Sex">Male</attribute>
      <attribute name="Adipose Clipped">No</attribute>
      <attribute name="Injury">Yes</attribute>
      <attribute name="Confidence Level">3</attribute>
      <attribute name="Notes">Top jaw is deformed</attribute>
    </box>
    <box frame="65" outside="0" occluded="0" keyframe="1" xtl="0.09" ytl="211.80" xbr="1117.30" ybr="1080.00" z_order="0">
      <attribute name="Sex">Male</attribute>
      <attribute name="Adipose Clipped">No</attribute>
      <attribute name="Injury">Yes</attribute>
      <attribute name="Confidence Level">3</attribute>
      <attribute name="Notes">Top jaw is deformed</attribute>
    </box>
    <box frame="66" outside="0" occluded="0" keyframe="0" xtl="0.09" ytl="211.80" xbr="1098.74" ybr="1080.00" z_order="0">
      <attribute name="Sex">Male</attribute>
      <attribute name="Adipose Clipped">No</attribute>
      <attribute name="Injury">Yes</attribute>
      <attribute name="Confidence Level">3</attribute>
      <attribute name="Notes">Top jaw is deformed</attribute>
    </box>
    <box frame="67" outside="0" occluded="0" keyframe="0" xtl="0.09" ytl="211.80" xbr="1080.18" ybr="1080.00" z_order="0">
      <attribute name="Sex">Male</attribute>
      <attribute name="Adipose Clipped">No</attribute>
      <attribute name="Injury">Yes</attribute>
      <attribute name="Confidence Level">3</attribute>
      <attribute name="Notes">Top jaw is deformed</attribute>
    </box>
    <box frame="68" outside="0" occluded="0" keyframe="0" xtl="0.09" ytl="211.80" xbr="1061.62" ybr="1080.00" z_order="0">
      <attribute name="Sex">Male</attribute>
      <attribute name="Adipose Clipped">No</attribute>
      <attribute name="Injury">Yes</attribute>
      <attribute name="Confidence Level">3</attribute>
      <attribute name="Notes">Top jaw is deformed</attribute>
    </box>
    <box frame="69" outside="0" occluded="0" keyframe="0" xtl="0.09" ytl="211.80" xbr="1043.06" ybr="1080.00" z_order="0">
      <attribute name="Sex">Male</attribute>
      <attribute name="Adipose Clipped">No</attribute>
      <attribute name="Injury">Yes</attribute>
      <attribute name="Confidence Level">3</attribute>
      <attribute name="Notes">Top jaw is deformed</attribute>
    </box>
    <box frame="70" outside="0" occluded="0" keyframe="0" xtl="0.09" ytl="211.80" xbr="1024.50" ybr="1080.00" z_order="0">
      <attribute name="Sex">Male</attribute>
      <attribute name="Adipose Clipped">No</attribute>
      <attribute name="Injury">Yes</attribute>
      <attribute name="Confidence Level">3</attribute>
      <attribute name="Notes">Top jaw is deformed</attribute>
    </box>
    <box frame="71" outside="0" occluded="0" keyframe="0" xtl="0.09" ytl="211.80" xbr="1005.94" ybr="1080.00" z_order="0">
      <attribute name="Sex">Male</attribute>
      <attribute name="Adipose Clipped">No</attribute>
      <attribute name="Injury">Yes</attribute>
      <attribute name="Confidence Level">3</attribute>
      <attribute name="Notes">Top jaw is deformed</attribute>
    </box>
    <box frame="72" outside="0" occluded="0" keyframe="0" xtl="0.09" ytl="211.80" xbr="987.38" ybr="1080.00" z_order="0">
      <attribute name="Sex">Male</attribute>
      <attribute name="Adipose Clipped">No</attribute>
      <attribute name="Injury">Yes</attribute>
      <attribute name="Confidence Level">3</attribute>
      <attribute name="Notes">Top jaw is deformed</attribute>
    </box>
    <box frame="73" outside="0" occluded="0" keyframe="0" xtl="0.09" ytl="211.80" xbr="968.82" ybr="1080.00" z_order="0">
      <attribute name="Sex">Male</attribute>
      <attribute name="Adipose Clipped">No</attribute>
      <attribute name="Injury">Yes</attribute>
      <attribute name="Confidence Level">3</attribute>
      <attribute name="Notes">Top jaw is deformed</attribute>
    </box>
    <box frame="74" outside="0" occluded="0" keyframe="0" xtl="0.09" ytl="211.80" xbr="950.26" ybr="1080.00" z_order="0">
      <attribute name="Sex">Male</attribute>
      <attribute name="Adipose Clipped">No</attribute>
      <attribute name="Injury">Yes</attribute>
      <attribute name="Confidence Level">3</attribute>
      <attribute name="Notes">Top jaw is deformed</attribute>
    </box>
    <box frame="75" outside="0" occluded="0" keyframe="1" xtl="0.09" ytl="211.80" xbr="931.70" ybr="1080.00" z_order="0">
      <attribute name="Sex">Male</attribute>
      <attribute name="Adipose Clipped">No</attribute>
      <attribute name="Injury">Yes</attribute>
      <attribute name="Confidence Level">3</attribute>
      <attribute name="Notes">Top jaw is deformed</attribute>
    </box>
    <box frame="76" outside="0" occluded="0" keyframe="0" xtl="0.09" ytl="214.92" xbr="919.79" ybr="1076.19" z_order="0">
      <attribute name="Sex">Male</attribute>
      <attribute name="Adipose Clipped">No</attribute>
      <attribute name="Injury">Yes</attribute>
      <attribute name="Confidence Level">3</attribute>
      <attribute name="Notes">Top jaw is deformed</attribute>
    </box>
    <box frame="77" outside="0" occluded="0" keyframe="0" xtl="0.09" ytl="218.05" xbr="907.87" ybr="1072.38" z_order="0">
      <attribute name="Sex">Male</attribute>
      <attribute name="Adipose Clipped">No</attribute>
      <attribute name="Injury">Yes</attribute>
      <attribute name="Confidence Level">3</attribute>
      <attribute name="Notes">Top jaw is deformed</attribute>
    </box>
    <box frame="78" outside="0" occluded="0" keyframe="0" xtl="0.09" ytl="221.17" xbr="895.96" ybr="1068.57" z_order="0">
      <attribute name="Sex">Male</attribute>
      <attribute name="Adipose Clipped">No</attribute>
      <attribute name="Injury">Yes</attribute>
      <attribute name="Confidence Level">3</attribute>
      <attribute name="Notes">Top jaw is deformed</attribute>
    </box>
    <box frame="79" outside="0" occluded="0" keyframe="0" xtl="0.09" ytl="224.30" xbr="884.04" ybr="1064.76" z_order="0">
      <attribute name="Sex">Male</attribute>
      <attribute name="Adipose Clipped">No</attribute>
      <attribute name="Injury">Yes</attribute>
      <attribute name="Confidence Level">3</attribute>
      <attribute name="Notes">Top jaw is deformed</attribute>
    </box>
    <box frame="80" outside="0" occluded="0" keyframe="0" xtl="0.09" ytl="227.42" xbr="872.13" ybr="1060.95" z_order="0">
      <attribute name="Sex">Male</attribute>
      <attribute name="Adipose Clipped">No</attribute>
      <attribute name="Injury">Yes</attribute>
      <attribute name="Confidence Level">3</attribute>
      <attribute name="Notes">Top jaw is deformed</attribute>
    </box>
    <box frame="81" outside="0" occluded="0" keyframe="0" xtl="0.09" ytl="230.55" xbr="860.21" ybr="1057.14" z_order="0">
      <attribute name="Sex">Male</attribute>
      <attribute name="Adipose Clipped">No</attribute>
      <attribute name="Injury">Yes</attribute>
      <attribute name="Confidence Level">3</attribute>
      <attribute name="Notes">Top jaw is deformed</attribute>
    </box>
    <box frame="82" outside="0" occluded="0" keyframe="0" xtl="0.09" ytl="233.67" xbr="848.30" ybr="1053.33" z_order="0">
      <attribute name="Sex">Male</attribute>
      <attribute name="Adipose Clipped">No</attribute>
      <attribute name="Injury">Yes</attribute>
      <attribute name="Confidence Level">3</attribute>
      <attribute name="Notes">Top jaw is deformed</attribute>
    </box>
    <box frame="83" outside="0" occluded="0" keyframe="0" xtl="0.09" ytl="236.80" xbr="836.38" ybr="1049.52" z_order="0">
      <attribute name="Sex">Male</attribute>
      <attribute name="Adipose Clipped">No</attribute>
      <attribute name="Injury">Yes</attribute>
      <attribute name="Confidence Level">3</attribute>
      <attribute name="Notes">Top jaw is deformed</attribute>
    </box>
    <box frame="84" outside="0" occluded="0" keyframe="0" xtl="0.09" ytl="239.92" xbr="824.47" ybr="1045.71" z_order="0">
      <attribute name="Sex">Male</attribute>
      <attribute name="Adipose Clipped">No</attribute>
      <attribute name="Injury">Yes</attribute>
      <attribute name="Confidence Level">3</attribute>
      <attribute name="Notes">Top jaw is deformed</attribute>
    </box>
    <box frame="85" outside="0" occluded="0" keyframe="0" xtl="0.09" ytl="243.05" xbr="812.55" ybr="1041.90" z_order="0">
      <attribute name="Sex">Male</attribute>
      <attribute name="Adipose Clipped">No</attribute>
      <attribute name="Injury">Yes</attribute>
      <attribute name="Confidence Level">3</attribute>
      <attribute name="Notes">Top jaw is deformed</attribute>
    </box>
    <box frame="86" outside="0" occluded="0" keyframe="0" xtl="0.09" ytl="246.17" xbr="800.64" ybr="1038.09" z_order="0">
      <attribute name="Sex">Male</attribute>
      <attribute name="Adipose Clipped">No</attribute>
      <attribute name="Injury">Yes</attribute>
      <attribute name="Confidence Level">3</attribute>
      <attribute name="Notes">Top jaw is deformed</attribute>
    </box>
    <box frame="87" outside="0" occluded="0" keyframe="0" xtl="0.09" ytl="249.30" xbr="788.72" ybr="1034.28" z_order="0">
      <attribute name="Sex">Male</attribute>
      <attribute name="Adipose Clipped">No</attribute>
      <attribute name="Injury">Yes</attribute>
      <attribute name="Confidence Level">3</attribute>
      <attribute name="Notes">Top jaw is deformed</attribute>
    </box>
    <box frame="88" outside="0" occluded="0" keyframe="0" xtl="0.09" ytl="252.42" xbr="776.81" ybr="1030.47" z_order="0">
      <attribute name="Sex">Male</attribute>
      <attribute name="Adipose Clipped">No</attribute>
      <attribute name="Injury">Yes</attribute>
      <attribute name="Confidence Level">3</attribute>
      <attribute name="Notes">Top jaw is deformed</attribute>
    </box>
    <box frame="89" outside="0" occluded="0" keyframe="0" xtl="0.09" ytl="255.55" xbr="764.89" ybr="1026.66" z_order="0">
      <attribute name="Sex">Male</attribute>
      <attribute name="Adipose Clipped">No</attribute>
      <attribute name="Injury">Yes</attribute>
      <attribute name="Confidence Level">3</attribute>
      <attribute name="Notes">Top jaw is deformed</attribute>
    </box>
    <box frame="90" outside="0" occluded="0" keyframe="0" xtl="0.09" ytl="258.67" xbr="752.98" ybr="1022.85" z_order="0">
      <attribute name="Sex">Male</attribute>
      <attribute name="Adipose Clipped">No</attribute>
      <attribute name="Injury">Yes</attribute>
      <attribute name="Confidence Level">3</attribute>
      <attribute name="Notes">Top jaw is deformed</attribute>
    </box>
    <box frame="91" outside="0" occluded="0" keyframe="0" xtl="0.09" ytl="261.80" xbr="741.06" ybr="1019.04" z_order="0">
      <attribute name="Sex">Male</attribute>
      <attribute name="Adipose Clipped">No</attribute>
      <attribute name="Injury">Yes</attribute>
      <attribute name="Confidence Level">3</attribute>
      <attribute name="Notes">Top jaw is deformed</attribute>
    </box>
    <box frame="92" outside="0" occluded="0" keyframe="0" xtl="0.09" ytl="264.92" xbr="729.15" ybr="1015.23" z_order="0">
      <attribute name="Sex">Male</attribute>
      <attribute name="Adipose Clipped">No</attribute>
      <attribute name="Injury">Yes</attribute>
      <attribute name="Confidence Level">3</attribute>
      <attribute name="Notes">Top jaw is deformed</attribute>
    </box>
    <box frame="93" outside="0" occluded="0" keyframe="0" xtl="0.09" ytl="268.05" xbr="717.23" ybr="1011.42" z_order="0">
      <attribute name="Sex">Male</attribute>
      <attribute name="Adipose Clipped">No</attribute>
      <attribute name="Injury">Yes</attribute>
      <attribute name="Confidence Level">3</attribute>
      <attribute name="Notes">Top jaw is deformed</attribute>
    </box>
    <box frame="94" outside="0" occluded="0" keyframe="0" xtl="0.09" ytl="271.17" xbr="705.32" ybr="1007.61" z_order="0">
      <attribute name="Sex">Male</attribute>
      <attribute name="Adipose Clipped">No</attribute>
      <attribute name="Injury">Yes</attribute>
      <attribute name="Confidence Level">3</attribute>
      <attribute name="Notes">Top jaw is deformed</attribute>
    </box>
    <box frame="95" outside="0" occluded="0" keyframe="1" xtl="0.09" ytl="274.30" xbr="693.40" ybr="1003.80" z_order="0">
      <attribute name="Sex">Male</attribute>
      <attribute name="Adipose Clipped">No</attribute>
      <attribute name="Injury">Yes</attribute>
      <attribute name="Confidence Level">3</attribute>
      <attribute name="Notes">Top jaw is deformed</attribute>
    </box>
    <box frame="96" outside="0" occluded="0" keyframe="0" xtl="0.09" ytl="274.30" xbr="684.22" ybr="997.35" z_order="0">
      <attribute name="Sex">Male</attribute>
      <attribute name="Adipose Clipped">No</attribute>
      <attribute name="Injury">Yes</attribute>
      <attribute name="Confidence Level">3</attribute>
      <attribute name="Notes">Top jaw is deformed</attribute>
    </box>
    <box frame="97" outside="0" occluded="0" keyframe="0" xtl="0.09" ytl="274.30" xbr="675.04" ybr="990.90" z_order="0">
      <attribute name="Sex">Male</attribute>
      <attribute name="Adipose Clipped">No</attribute>
      <attribute name="Injury">Yes</attribute>
      <attribute name="Confidence Level">3</attribute>
      <attribute name="Notes">Top jaw is deformed</attribute>
    </box>
    <box frame="98" outside="0" occluded="0" keyframe="0" xtl="0.09" ytl="274.30" xbr="665.86" ybr="984.45" z_order="0">
      <attribute name="Sex">Male</attribute>
      <attribute name="Adipose Clipped">No</attribute>
      <attribute name="Injury">Yes</attribute>
      <attribute name="Confidence Level">3</attribute>
      <attribute name="Notes">Top jaw is deformed</attribute>
    </box>
    <box frame="99" outside="0" occluded="0" keyframe="0" xtl="0.09" ytl="274.30" xbr="656.68" ybr="978.00" z_order="0">
      <attribute name="Sex">Male</attribute>
      <attribute name="Adipose Clipped">No</attribute>
      <attribute name="Injury">Yes</attribute>
      <attribute name="Confidence Level">3</attribute>
      <attribute name="Notes">Top jaw is deformed</attribute>
    </box>
    <box frame="100" outside="0" occluded="0" keyframe="0" xtl="0.09" ytl="274.30" xbr="647.50" ybr="971.55" z_order="0">
      <attribute name="Sex">Male</attribute>
      <attribute name="Adipose Clipped">No</attribute>
      <attribute name="Injury">Yes</attribute>
      <attribute name="Confidence Level">3</attribute>
      <attribute name="Notes">Top jaw is deformed</attribute>
    </box>
    <box frame="101" outside="0" occluded="0" keyframe="0" xtl="0.09" ytl="274.30" xbr="638.32" ybr="965.10" z_order="0">
      <attribute name="Sex">Male</attribute>
      <attribute name="Adipose Clipped">No</attribute>
      <attribute name="Injury">Yes</attribute>
      <attribute name="Confidence Level">3</attribute>
      <attribute name="Notes">Top jaw is deformed</attribute>
    </box>
    <box frame="102" outside="0" occluded="0" keyframe="0" xtl="0.09" ytl="274.30" xbr="629.14" ybr="958.65" z_order="0">
      <attribute name="Sex">Male</attribute>
      <attribute name="Adipose Clipped">No</attribute>
      <attribute name="Injury">Yes</attribute>
      <attribute name="Confidence Level">3</attribute>
      <attribute name="Notes">Top jaw is deformed</attribute>
    </box>
    <box frame="103" outside="0" occluded="0" keyframe="0" xtl="0.09" ytl="274.30" xbr="619.96" ybr="952.20" z_order="0">
      <attribute name="Sex">Male</attribute>
      <attribute name="Adipose Clipped">No</attribute>
      <attribute name="Injury">Yes</attribute>
      <attribute name="Confidence Level">3</attribute>
      <attribute name="Notes">Top jaw is deformed</attribute>
    </box>
    <box frame="104" outside="0" occluded="0" keyframe="0" xtl="0.09" ytl="274.30" xbr="610.78" ybr="945.75" z_order="0">
      <attribute name="Sex">Male</attribute>
      <attribute name="Adipose Clipped">No</attribute>
      <attribute name="Injury">Yes</attribute>
      <attribute name="Confidence Level">3</attribute>
      <attribute name="Notes">Top jaw is deformed</attribute>
    </box>
    <box frame="105" outside="0" occluded="0" keyframe="1" xtl="0.09" ytl="274.30" xbr="601.60" ybr="939.30" z_order="0">
      <attribute name="Sex">Male</attribute>
      <attribute name="Adipose Clipped">No</attribute>
      <attribute name="Injury">Yes</attribute>
      <attribute name="Confidence Level">3</attribute>
      <attribute name="Notes">Top jaw is deformed</attribute>
    </box>
    <box frame="106" outside="0" occluded="0" keyframe="0" xtl="0.09" ytl="274.30" xbr="610.39" ybr="939.30" z_order="0">
      <attribute name="Sex">Male</attribute>
      <attribute name="Adipose Clipped">No</attribute>
      <attribute name="Injury">Yes</attribute>
      <attribute name="Confidence Level">3</attribute>
      <attribute name="Notes">Top jaw is deformed</attribute>
    </box>
    <box frame="107" outside="0" occluded="0" keyframe="0" xtl="0.09" ytl="274.30" xbr="619.18" ybr="939.30" z_order="0">
      <attribute name="Sex">Male</attribute>
      <attribute name="Adipose Clipped">No</attribute>
      <attribute name="Injury">Yes</attribute>
      <attribute name="Confidence Level">3</attribute>
      <attribute name="Notes">Top jaw is deformed</attribute>
    </box>
    <box frame="108" outside="0" occluded="0" keyframe="0" xtl="0.09" ytl="274.30" xbr="627.97" ybr="939.30" z_order="0">
      <attribute name="Sex">Male</attribute>
      <attribute name="Adipose Clipped">No</attribute>
      <attribute name="Injury">Yes</attribute>
      <attribute name="Confidence Level">3</attribute>
      <attribute name="Notes">Top jaw is deformed</attribute>
    </box>
    <box frame="109" outside="0" occluded="0" keyframe="0" xtl="0.09" ytl="274.30" xbr="636.76" ybr="939.30" z_order="0">
      <attribute name="Sex">Male</attribute>
      <attribute name="Adipose Clipped">No</attribute>
      <attribute name="Injury">Yes</attribute>
      <attribute name="Confidence Level">3</attribute>
      <attribute name="Notes">Top jaw is deformed</attribute>
    </box>
    <box frame="110" outside="0" occluded="0" keyframe="0" xtl="0.09" ytl="274.30" xbr="645.55" ybr="939.30" z_order="0">
      <attribute name="Sex">Male</attribute>
      <attribute name="Adipose Clipped">No</attribute>
      <attribute name="Injury">Yes</attribute>
      <attribute name="Confidence Level">3</attribute>
      <attribute name="Notes">Top jaw is deformed</attribute>
    </box>
    <box frame="111" outside="0" occluded="0" keyframe="0" xtl="0.09" ytl="274.30" xbr="654.34" ybr="939.30" z_order="0">
      <attribute name="Sex">Male</attribute>
      <attribute name="Adipose Clipped">No</attribute>
      <attribute name="Injury">Yes</attribute>
      <attribute name="Confidence Level">3</attribute>
      <attribute name="Notes">Top jaw is deformed</attribute>
    </box>
    <box frame="112" outside="0" occluded="0" keyframe="0" xtl="0.09" ytl="274.30" xbr="663.13" ybr="939.30" z_order="0">
      <attribute name="Sex">Male</attribute>
      <attribute name="Adipose Clipped">No</attribute>
      <attribute name="Injury">Yes</attribute>
      <attribute name="Confidence Level">3</attribute>
      <attribute name="Notes">Top jaw is deformed</attribute>
    </box>
    <box frame="113" outside="0" occluded="0" keyframe="0" xtl="0.09" ytl="274.30" xbr="671.92" ybr="939.30" z_order="0">
      <attribute name="Sex">Male</attribute>
      <attribute name="Adipose Clipped">No</attribute>
      <attribute name="Injury">Yes</attribute>
      <attribute name="Confidence Level">3</attribute>
      <attribute name="Notes">Top jaw is deformed</attribute>
    </box>
    <box frame="114" outside="0" occluded="0" keyframe="0" xtl="0.09" ytl="274.30" xbr="680.71" ybr="939.30" z_order="0">
      <attribute name="Sex">Male</attribute>
      <attribute name="Adipose Clipped">No</attribute>
      <attribute name="Injury">Yes</attribute>
      <attribute name="Confidence Level">3</attribute>
      <attribute name="Notes">Top jaw is deformed</attribute>
    </box>
    <box frame="115" outside="0" occluded="0" keyframe="1" xtl="0.09" ytl="274.30" xbr="689.50" ybr="939.30" z_order="0">
      <attribute name="Sex">Male</attribute>
      <attribute name="Adipose Clipped">No</attribute>
      <attribute name="Injury">Yes</attribute>
      <attribute name="Confidence Level">3</attribute>
      <attribute name="Notes">Top jaw is deformed</attribute>
    </box>
    <box frame="116" outside="0" occluded="0" keyframe="0" xtl="0.09" ytl="274.30" xbr="711.63" ybr="930.20" z_order="0">
      <attribute name="Sex">Male</attribute>
      <attribute name="Adipose Clipped">No</attribute>
      <attribute name="Injury">Yes</attribute>
      <attribute name="Confidence Level">3</attribute>
      <attribute name="Notes">Top jaw is deformed</attribute>
    </box>
    <box frame="117" outside="0" occluded="0" keyframe="0" xtl="0.09" ytl="274.30" xbr="733.77" ybr="921.10" z_order="0">
      <attribute name="Sex">Male</attribute>
      <attribute name="Adipose Clipped">No</attribute>
      <attribute name="Injury">Yes</attribute>
      <attribute name="Confidence Level">3</attribute>
      <attribute name="Notes">Top jaw is deformed</attribute>
    </box>
    <box frame="118" outside="0" occluded="0" keyframe="1" xtl="0.09" ytl="274.30" xbr="755.90" ybr="912.00" z_order="0">
      <attribute name="Sex">Male</attribute>
      <attribute name="Adipose Clipped">No</attribute>
      <attribute name="Injury">Yes</attribute>
      <attribute name="Confidence Level">3</attribute>
      <attribute name="Notes">Top jaw is deformed</attribute>
    </box>
    <box frame="119" outside="0" occluded="0" keyframe="0" xtl="0.09" ytl="277.62" xbr="792.82" ybr="914.34" z_order="0">
      <attribute name="Sex">Male</attribute>
      <attribute name="Adipose Clipped">No</attribute>
      <attribute name="Injury">Yes</attribute>
      <attribute name="Confidence Level">3</attribute>
      <attribute name="Notes">Top jaw is deformed</attribute>
    </box>
    <box frame="120" outside="0" occluded="0" keyframe="0" xtl="0.09" ytl="280.94" xbr="829.74" ybr="916.68" z_order="0">
      <attribute name="Sex">Male</attribute>
      <attribute name="Adipose Clipped">No</attribute>
      <attribute name="Injury">Yes</attribute>
      <attribute name="Confidence Level">3</attribute>
      <attribute name="Notes">Top jaw is deformed</attribute>
    </box>
    <box frame="121" outside="0" occluded="0" keyframe="0" xtl="0.09" ytl="284.26" xbr="866.66" ybr="919.02" z_order="0">
      <attribute name="Sex">Male</attribute>
      <attribute name="Adipose Clipped">No</attribute>
      <attribute name="Injury">Yes</attribute>
      <attribute name="Confidence Level">3</attribute>
      <attribute name="Notes">Top jaw is deformed</attribute>
    </box>
    <box frame="122" outside="0" occluded="0" keyframe="0" xtl="0.09" ytl="287.58" xbr="903.58" ybr="921.36" z_order="0">
      <attribute name="Sex">Male</attribute>
      <attribute name="Adipose Clipped">No</attribute>
      <attribute name="Injury">Yes</attribute>
      <attribute name="Confidence Level">3</attribute>
      <attribute name="Notes">Top jaw is deformed</attribute>
    </box>
    <box frame="123" outside="0" occluded="0" keyframe="0" xtl="0.09" ytl="290.90" xbr="940.50" ybr="923.70" z_order="0">
      <attribute name="Sex">Male</attribute>
      <attribute name="Adipose Clipped">No</attribute>
      <attribute name="Injury">Yes</attribute>
      <attribute name="Confidence Level">3</attribute>
      <attribute name="Notes">Top jaw is deformed</attribute>
    </box>
    <box frame="124" outside="0" occluded="0" keyframe="0" xtl="0.09" ytl="294.22" xbr="977.42" ybr="926.04" z_order="0">
      <attribute name="Sex">Male</attribute>
      <attribute name="Adipose Clipped">No</attribute>
      <attribute name="Injury">Yes</attribute>
      <attribute name="Confidence Level">3</attribute>
      <attribute name="Notes">Top jaw is deformed</attribute>
    </box>
    <box frame="125" outside="0" occluded="0" keyframe="0" xtl="0.09" ytl="297.54" xbr="1014.34" ybr="928.38" z_order="0">
      <attribute name="Sex">Male</attribute>
      <attribute name="Adipose Clipped">No</attribute>
      <attribute name="Injury">Yes</attribute>
      <attribute name="Confidence Level">3</attribute>
      <attribute name="Notes">Top jaw is deformed</attribute>
    </box>
    <box frame="126" outside="0" occluded="0" keyframe="0" xtl="0.09" ytl="300.86" xbr="1051.26" ybr="930.72" z_order="0">
      <attribute name="Sex">Male</attribute>
      <attribute name="Adipose Clipped">No</attribute>
      <attribute name="Injury">Yes</attribute>
      <attribute name="Confidence Level">3</attribute>
      <attribute name="Notes">Top jaw is deformed</attribute>
    </box>
    <box frame="127" outside="0" occluded="0" keyframe="0" xtl="0.09" ytl="304.18" xbr="1088.18" ybr="933.06" z_order="0">
      <attribute name="Sex">Male</attribute>
      <attribute name="Adipose Clipped">No</attribute>
      <attribute name="Injury">Yes</attribute>
      <attribute name="Confidence Level">3</attribute>
      <attribute name="Notes">Top jaw is deformed</attribute>
    </box>
    <box frame="128" outside="0" occluded="0" keyframe="1" xtl="0.09" ytl="307.50" xbr="1125.10" ybr="935.40" z_order="0">
      <attribute name="Sex">Male</attribute>
      <attribute name="Adipose Clipped">No</attribute>
      <attribute name="Injury">Yes</attribute>
      <attribute name="Confidence Level">3</attribute>
      <attribute name="Notes">Top jaw is deformed</attribute>
    </box>
    <box frame="129" outside="0" occluded="0" keyframe="0" xtl="0.09" ytl="307.50" xbr="1183.94" ybr="940.04" z_order="0">
      <attribute name="Sex">Male</attribute>
      <attribute name="Adipose Clipped">No</attribute>
      <attribute name="Injury">Yes</attribute>
      <attribute name="Confidence Level">3</attribute>
      <attribute name="Notes">Top jaw is deformed</attribute>
    </box>
    <box frame="130" outside="0" occluded="0" keyframe="0" xtl="0.09" ytl="307.50" xbr="1242.78" ybr="944.68" z_order="0">
      <attribute name="Sex">Male</attribute>
      <attribute name="Adipose Clipped">No</attribute>
      <attribute name="Injury">Yes</attribute>
      <attribute name="Confidence Level">3</attribute>
      <attribute name="Notes">Top jaw is deformed</attribute>
    </box>
    <box frame="131" outside="0" occluded="0" keyframe="0" xtl="0.09" ytl="307.50" xbr="1301.61" ybr="949.31" z_order="0">
      <attribute name="Sex">Male</attribute>
      <attribute name="Adipose Clipped">No</attribute>
      <attribute name="Injury">Yes</attribute>
      <attribute name="Confidence Level">3</attribute>
      <attribute name="Notes">Top jaw is deformed</attribute>
    </box>
    <box frame="132" outside="0" occluded="0" keyframe="0" xtl="0.09" ytl="307.50" xbr="1360.45" ybr="953.95" z_order="0">
      <attribute name="Sex">Male</attribute>
      <attribute name="Adipose Clipped">No</attribute>
      <attribute name="Injury">Yes</attribute>
      <attribute name="Confidence Level">3</attribute>
      <attribute name="Notes">Top jaw is deformed</attribute>
    </box>
    <box frame="133" outside="0" occluded="0" keyframe="0" xtl="0.09" ytl="307.50" xbr="1419.29" ybr="958.59" z_order="0">
      <attribute name="Sex">Male</attribute>
      <attribute name="Adipose Clipped">No</attribute>
      <attribute name="Injury">Yes</attribute>
      <attribute name="Confidence Level">3</attribute>
      <attribute name="Notes">Top jaw is deformed</attribute>
    </box>
    <box frame="134" outside="0" occluded="0" keyframe="0" xtl="0.09" ytl="307.50" xbr="1478.13" ybr="963.23" z_order="0">
      <attribute name="Sex">Male</attribute>
      <attribute name="Adipose Clipped">No</attribute>
      <attribute name="Injury">Yes</attribute>
      <attribute name="Confidence Level">3</attribute>
      <attribute name="Notes">Top jaw is deformed</attribute>
    </box>
    <box frame="135" outside="0" occluded="0" keyframe="0" xtl="0.09" ytl="307.50" xbr="1536.96" ybr="967.86" z_order="0">
      <attribute name="Sex">Male</attribute>
      <attribute name="Adipose Clipped">No</attribute>
      <attribute name="Injury">Yes</attribute>
      <attribute name="Confidence Level">3</attribute>
      <attribute name="Notes">Top jaw is deformed</attribute>
    </box>
    <box frame="136" outside="0" occluded="0" keyframe="1" xtl="0.09" ytl="307.50" xbr="1595.80" ybr="972.50" z_order="0">
      <attribute name="Sex">Male</attribute>
      <attribute name="Adipose Clipped">No</attribute>
      <attribute name="Injury">Yes</attribute>
      <attribute name="Confidence Level">3</attribute>
      <attribute name="Notes">Top jaw is deformed</attribute>
    </box>
    <box frame="137" outside="0" occluded="0" keyframe="0" xtl="0.04" ytl="308.09" xbr="1636.32" ybr="977.58" z_order="0">
      <attribute name="Sex">Male</attribute>
      <attribute name="Adipose Clipped">No</attribute>
      <attribute name="Injury">Yes</attribute>
      <attribute name="Confidence Level">3</attribute>
      <attribute name="Notes">Top jaw is deformed</attribute>
    </box>
    <box frame="138" outside="0" occluded="0" keyframe="1" xtl="0.00" ytl="308.67" xbr="1676.85" ybr="982.65" z_order="0">
      <attribute name="Sex">Male</attribute>
      <attribute name="Adipose Clipped">No</attribute>
      <attribute name="Injury">Yes</attribute>
      <attribute name="Confidence Level">3</attribute>
      <attribute name="Notes">Top jaw is deformed</attribute>
    </box>
    <box frame="139" outside="0" occluded="0" keyframe="1" xtl="20.80" ytl="309.26" xbr="1779.90" ybr="987.73" z_order="0">
      <attribute name="Sex">Male</attribute>
      <attribute name="Adipose Clipped">No</attribute>
      <attribute name="Injury">Yes</attribute>
      <attribute name="Confidence Level">3</attribute>
      <attribute name="Notes">Top jaw is deformed</attribute>
    </box>
    <box frame="140" outside="0" occluded="0" keyframe="1" xtl="102.60" ytl="311.80" xbr="1831.36" ybr="994.76" z_order="0">
      <attribute name="Sex">Male</attribute>
      <attribute name="Adipose Clipped">No</attribute>
      <attribute name="Injury">Yes</attribute>
      <attribute name="Confidence Level">3</attribute>
      <attribute name="Notes">Top jaw is deformed</attribute>
    </box>
    <box frame="141" outside="0" occluded="0" keyframe="1" xtl="162.91" ytl="311.89" xbr="1861.33" ybr="999.34" z_order="0">
      <attribute name="Sex">Male</attribute>
      <attribute name="Adipose Clipped">No</attribute>
      <attribute name="Injury">Yes</attribute>
      <attribute name="Confidence Level">3</attribute>
      <attribute name="Notes">Top jaw is deformed</attribute>
    </box>
    <box frame="142" outside="0" occluded="0" keyframe="1" xtl="185.50" ytl="311.99" xbr="1920.00" ybr="1003.93" z_order="0">
      <attribute name="Sex">Male</attribute>
      <attribute name="Adipose Clipped">No</attribute>
      <attribute name="Injury">Yes</attribute>
      <attribute name="Confidence Level">3</attribute>
      <attribute name="Notes">Top jaw is deformed</attribute>
    </box>
    <box frame="143" outside="0" occluded="0" keyframe="1" xtl="192.40" ytl="312.09" xbr="1920.00" ybr="1008.52" z_order="0">
      <attribute name="Sex">Male</attribute>
      <attribute name="Adipose Clipped">No</attribute>
      <attribute name="Injury">Yes</attribute>
      <attribute name="Confidence Level">3</attribute>
      <attribute name="Notes">Top jaw is deformed</attribute>
    </box>
    <box frame="144" outside="0" occluded="0" keyframe="1" xtl="312.60" ytl="312.19" xbr="1920.00" ybr="1013.11" z_order="0">
      <attribute name="Sex">Male</attribute>
      <attribute name="Adipose Clipped">No</attribute>
      <attribute name="Injury">Yes</attribute>
      <attribute name="Confidence Level">3</attribute>
      <attribute name="Notes">Top jaw is deformed</attribute>
    </box>
    <box frame="145" outside="0" occluded="0" keyframe="0" xtl="351.66" ytl="312.77" xbr="1920.00" ybr="1018.18" z_order="0">
      <attribute name="Sex">Male</attribute>
      <attribute name="Adipose Clipped">No</attribute>
      <attribute name="Injury">Yes</attribute>
      <attribute name="Confidence Level">3</attribute>
      <attribute name="Notes">Top jaw is deformed</attribute>
    </box>
    <box frame="146" outside="0" occluded="0" keyframe="1" xtl="390.73" ytl="313.36" xbr="1920.00" ybr="1023.26" z_order="0">
      <attribute name="Sex">Male</attribute>
      <attribute name="Adipose Clipped">No</attribute>
      <attribute name="Injury">Yes</attribute>
      <attribute name="Confidence Level">3</attribute>
      <attribute name="Notes">Top jaw is deformed</attribute>
    </box>
    <box frame="147" outside="0" occluded="0" keyframe="0" xtl="476.02" ytl="309.45" xbr="1920.00" ybr="1019.35" z_order="0">
      <attribute name="Sex">Male</attribute>
      <attribute name="Adipose Clipped">No</attribute>
      <attribute name="Injury">Yes</attribute>
      <attribute name="Confidence Level">3</attribute>
      <attribute name="Notes">Top jaw is deformed</attribute>
    </box>
    <box frame="148" outside="0" occluded="0" keyframe="0" xtl="561.31" ytl="305.55" xbr="1920.00" ybr="1015.45" z_order="0">
      <attribute name="Sex">Male</attribute>
      <attribute name="Adipose Clipped">No</attribute>
      <attribute name="Injury">Yes</attribute>
      <attribute name="Confidence Level">3</attribute>
      <attribute name="Notes">Top jaw is deformed</attribute>
    </box>
    <box frame="149" outside="0" occluded="0" keyframe="1" xtl="646.60" ytl="301.64" xbr="1920.00" ybr="1011.54" z_order="0">
      <attribute name="Sex">Male</attribute>
      <attribute name="Adipose Clipped">No</attribute>
      <attribute name="Injury">Yes</attribute>
      <attribute name="Confidence Level">3</attribute>
      <attribute name="Notes">Top jaw is deformed</attribute>
    </box>
    <box frame="150" outside="0" occluded="0" keyframe="0" xtl="720.33" ytl="303.11" xbr="1920.00" ybr="1013.01" z_order="0">
      <attribute name="Sex">Male</attribute>
      <attribute name="Adipose Clipped">No</attribute>
      <attribute name="Injury">Yes</attribute>
      <attribute name="Confidence Level">3</attribute>
      <attribute name="Notes">Top jaw is deformed</attribute>
    </box>
    <box frame="151" outside="0" occluded="0" keyframe="0" xtl="794.07" ytl="304.57" xbr="1920.00" ybr="1014.47" z_order="0">
      <attribute name="Sex">Male</attribute>
      <attribute name="Adipose Clipped">No</attribute>
      <attribute name="Injury">Yes</attribute>
      <attribute name="Confidence Level">3</attribute>
      <attribute name="Notes">Top jaw is deformed</attribute>
    </box>
    <box frame="152" outside="0" occluded="0" keyframe="0" xtl="867.80" ytl="306.04" xbr="1920.00" ybr="1015.94" z_order="0">
      <attribute name="Sex">Male</attribute>
      <attribute name="Adipose Clipped">No</attribute>
      <attribute name="Injury">Yes</attribute>
      <attribute name="Confidence Level">3</attribute>
      <attribute name="Notes">Top jaw is deformed</attribute>
    </box>
    <box frame="153" outside="0" occluded="0" keyframe="1" xtl="941.53" ytl="307.50" xbr="1920.00" ybr="1017.40" z_order="0">
      <attribute name="Sex">Male</attribute>
      <attribute name="Adipose Clipped">No</attribute>
      <attribute name="Injury">Yes</attribute>
      <attribute name="Confidence Level">3</attribute>
      <attribute name="Notes">Top jaw is deformed</attribute>
    </box>
    <box frame="154" outside="0" occluded="0" keyframe="0" xtl="1052.87" ytl="308.48" xbr="1920.00" ybr="1018.38" z_order="0">
      <attribute name="Sex">Male</attribute>
      <attribute name="Adipose Clipped">No</attribute>
      <attribute name="Injury">Yes</attribute>
      <attribute name="Confidence Level">3</attribute>
      <attribute name="Notes">Top jaw is deformed</attribute>
    </box>
    <box frame="155" outside="0" occluded="0" keyframe="1" xtl="1164.20" ytl="309.45" xbr="1920.00" ybr="1019.35" z_order="0">
      <attribute name="Sex">Male</attribute>
      <attribute name="Adipose Clipped">No</attribute>
      <attribute name="Injury">Yes</attribute>
      <attribute name="Confidence Level">3</attribute>
      <attribute name="Notes">Top jaw is deformed</attribute>
    </box>
    <box frame="156" outside="0" occluded="0" keyframe="0" xtl="1255.35" ytl="308.15" xbr="1920.00" ybr="1018.05" z_order="0">
      <attribute name="Sex">Male</attribute>
      <attribute name="Adipose Clipped">No</attribute>
      <attribute name="Injury">Yes</attribute>
      <attribute name="Confidence Level">3</attribute>
      <attribute name="Notes">Top jaw is deformed</attribute>
    </box>
    <box frame="157" outside="0" occluded="0" keyframe="0" xtl="1346.50" ytl="306.85" xbr="1920.00" ybr="1016.75" z_order="0">
      <attribute name="Sex">Male</attribute>
      <attribute name="Adipose Clipped">No</attribute>
      <attribute name="Injury">Yes</attribute>
      <attribute name="Confidence Level">3</attribute>
      <attribute name="Notes">Top jaw is deformed</attribute>
    </box>
    <box frame="158" outside="0" occluded="0" keyframe="1" xtl="1437.65" ytl="305.55" xbr="1920.00" ybr="1015.45" z_order="0">
      <attribute name="Sex">Male</attribute>
      <attribute name="Adipose Clipped">No</attribute>
      <attribute name="Injury">Yes</attribute>
      <attribute name="Confidence Level">3</attribute>
      <attribute name="Notes">Top jaw is deformed</attribute>
    </box>
    <box frame="159" outside="0" occluded="0" keyframe="0" xtl="1568.51" ytl="310.43" xbr="1920.00" ybr="1020.33" z_order="0">
      <attribute name="Sex">Male</attribute>
      <attribute name="Adipose Clipped">No</attribute>
      <attribute name="Injury">Yes</attribute>
      <attribute name="Confidence Level">3</attribute>
      <attribute name="Notes">Top jaw is deformed</attribute>
    </box>
    <box frame="160" outside="0" occluded="0" keyframe="1" xtl="1699.38" ytl="315.31" xbr="1920.00" ybr="1025.21" z_order="0">
      <attribute name="Sex">Male</attribute>
      <attribute name="Adipose Clipped">No</attribute>
      <attribute name="Injury">Yes</attribute>
      <attribute name="Confidence Level">3</attribute>
      <attribute name="Notes">Top jaw is deformed</attribute>
    </box>
    <box frame="161" outside="0" occluded="0" keyframe="0" xtl="1716.94" ytl="363.16" xbr="1920.00" ybr="1025.21" z_order="0">
      <attribute name="Sex">Male</attribute>
      <attribute name="Adipose Clipped">No</attribute>
      <attribute name="Injury">Yes</attribute>
      <attribute name="Confidence Level">3</attribute>
      <attribute name="Notes">Top jaw is deformed</attribute>
    </box>
    <box frame="162" outside="0" occluded="0" keyframe="1" xtl="1734.50" ytl="411.00" xbr="1920.00" ybr="1025.21" z_order="0">
      <attribute name="Sex">Male</attribute>
      <attribute name="Adipose Clipped">No</attribute>
      <attribute name="Injury">Yes</attribute>
      <attribute name="Confidence Level">3</attribute>
      <attribute name="Notes">Top jaw is deformed</attribute>
    </box>
    <box frame="163" outside="0" occluded="0" keyframe="0" xtl="1734.50" ytl="411.00" xbr="1920.00" ybr="1025.21" z_order="0">
      <attribute name="Sex">Male</attribute>
      <attribute name="Adipose Clipped">No</attribute>
      <attribute name="Injury">Yes</attribute>
      <attribute name="Confidence Level">3</attribute>
      <attribute name="Notes">Top jaw is deformed</attribute>
    </box>
    <box frame="164" outside="1" occluded="0" keyframe="1" xtl="1734.50" ytl="411.00" xbr="1920.00" ybr="1025.21" z_order="0">
      <attribute name="Sex">Male</attribute>
      <attribute name="Adipose Clipped">No</attribute>
      <attribute name="Injury">Yes</attribute>
      <attribute name="Confidence Level">3</attribute>
      <attribute name="Notes">Top jaw is deformed</attribute>
    </box>
  </track>
</annotations>