<?xml version="1.0" encoding="utf-8"?>
<annotations>
  <version>1.1</version>
  <meta>
    <task>
      <id>357</id>
      <name>09-25-2019 23-43-38 M Right Bank Underwater</name>
      <size>108</size>
      <mode>interpolation</mode>
      <overlap>5</overlap>
      <bugtracker></bugtracker>
      <created>2021-03-22 22:38:36.487274+00:00</created>
      <updated>2021-03-23 01:04:26.850914+00:00</updated>
      <start_frame>0</start_frame>
      <stop_frame>107</stop_frame>
      <frame_filter></frame_filter>
      <labels>
        <label>
          <name>Coho</name>
          <color>#24b353</color>
          <attributes>
            <attribute>
              <name>Adipose Clipped</name>
              <mutable>False</mutable>
              <input_type>select</input_type>
              <default_value>No</default_value>
              <values>No
Yes
NA</values>
            </attribute>
            <attribute>
              <name>Confidence Level</name>
              <mutable>False</mutable>
              <input_type>select</input_type>
              <default_value>3</default_value>
              <values>3
2
1</values>
            </attribute>
            <attribute>
              <name>Injury</name>
              <mutable>False</mutable>
              <input_type>select</input_type>
              <default_value>No</default_value>
              <values>No
Yes
NA</values>
            </attribute>
            <attribute>
              <name>Notes</name>
              <mutable>False</mutable>
              <input_type>text</input_type>
              <default_value>NA</default_value>
              <values>NA</values>
            </attribute>
            <attribute>
              <name>Sex</name>
              <mutable>False</mutable>
              <input_type>select</input_type>
              <default_value>Male</default_value>
              <values>Male
Female
Jack</values>
            </attribute>
          </attributes>
        </label>
        <label>
          <name>Bull</name>
          <color>#ff6037</color>
          <attributes>
            <attribute>
              <name>Adipose Clipped</name>
              <mutable>False</mutable>
              <input_type>select</input_type>
              <default_value>No</default_value>
              <values>No
NA</values>
            </attribute>
            <attribute>
              <name>Confidence Level</name>
              <mutable>False</mutable>
              <input_type>select</input_type>
              <default_value>3</default_value>
              <values>3
2
1</values>
            </attribute>
            <attribute>
              <name>Injury</name>
              <mutable>False</mutable>
              <input_type>select</input_type>
              <default_value>No</default_value>
              <values>No
Yes
NA</values>
            </attribute>
            <attribute>
              <name>Notes</name>
              <mutable>False</mutable>
              <input_type>text</input_type>
              <default_value>NA</default_value>
              <values>NA</values>
            </attribute>
            <attribute>
              <name>Sex</name>
              <mutable>False</mutable>
              <input_type>select</input_type>
              <default_value>NA</default_value>
              <values>NA</values>
            </attribute>
          </attributes>
        </label>
        <label>
          <name>Chum</name>
          <color>#b83df5</color>
          <attributes>
            <attribute>
              <name>Adipose Clipped</name>
              <mutable>False</mutable>
              <input_type>select</input_type>
              <default_value>No</default_value>
              <values>No
Yes
NA</values>
            </attribute>
            <attribute>
              <name>Confidence Level</name>
              <mutable>False</mutable>
              <input_type>select</input_type>
              <default_value>3</default_value>
              <values>3
2
1</values>
            </attribute>
            <attribute>
              <name>Injury</name>
              <mutable>False</mutable>
              <input_type>select</input_type>
              <default_value>No</default_value>
              <values>No
Yes
NA</values>
            </attribute>
            <attribute>
              <name>Notes</name>
              <mutable>False</mutable>
              <input_type>text</input_type>
              <default_value>NA</default_value>
              <values>NA</values>
            </attribute>
            <attribute>
              <name>Sex</name>
              <mutable>False</mutable>
              <input_type>select</input_type>
              <default_value>Male</default_value>
              <values>Male
Female</values>
            </attribute>
          </attributes>
        </label>
        <label>
          <name>Whitefish</name>
          <color>#e5e5f3</color>
          <attributes>
            <attribute>
              <name>Adipose Clipped</name>
              <mutable>False</mutable>
              <input_type>select</input_type>
              <default_value>No</default_value>
              <values>No
Yes
NA</values>
            </attribute>
            <attribute>
              <name>Confidence Level</name>
              <mutable>False</mutable>
              <input_type>select</input_type>
              <default_value>3</default_value>
              <values>3
2
1</values>
            </attribute>
            <attribute>
              <name>Injury</name>
              <mutable>False</mutable>
              <input_type>select</input_type>
              <default_value>No</default_value>
              <values>No
Yes
NA</values>
            </attribute>
            <attribute>
              <name>Notes</name>
              <mutable>False</mutable>
              <input_type>text</input_type>
              <default_value>NA</default_value>
              <values>NA</values>
            </attribute>
            <attribute>
              <name>Sex</name>
              <mutable>False</mutable>
              <input_type>select</input_type>
              <default_value>NA</default_value>
              <values>NA</values>
            </attribute>
          </attributes>
        </label>
        <label>
          <name>Pink</name>
          <color>#fa7dbb</color>
          <attributes>
            <attribute>
              <name>Adipose Clipped</name>
              <mutable>False</mutable>
              <input_type>select</input_type>
              <default_value>No</default_value>
              <values>No
Yes
NA</values>
            </attribute>
            <attribute>
              <name>Confidence Level</name>
              <mutable>False</mutable>
              <input_type>select</input_type>
              <default_value>3</default_value>
              <values>3
2
1</values>
            </attribute>
            <attribute>
              <name>Injury</name>
              <mutable>False</mutable>
              <input_type>select</input_type>
              <default_value>No</default_value>
              <values>No
Yes
NA</values>
            </attribute>
            <attribute>
              <name>Notes</name>
              <mutable>False</mutable>
              <input_type>text</input_type>
              <default_value>NA</default_value>
              <values>NA</values>
            </attribute>
            <attribute>
              <name>Sex</name>
              <mutable>False</mutable>
              <input_type>select</input_type>
              <default_value>Male</default_value>
              <values>Male
Female
NA</values>
            </attribute>
          </attributes>
        </label>
        <label>
          <name>Sockeye</name>
          <color>#fa3253</color>
          <attributes>
            <attribute>
              <name>Adipose Clipped</name>
              <mutable>False</mutable>
              <input_type>select</input_type>
              <default_value>No</default_value>
              <values>No
Yes
NA</values>
            </attribute>
            <attribute>
              <name>Confidence Level</name>
              <mutable>False</mutable>
              <input_type>select</input_type>
              <default_value>3</default_value>
              <values>3
2
1</values>
            </attribute>
            <attribute>
              <name>Injury</name>
              <mutable>False</mutable>
              <input_type>select</input_type>
              <default_value>No</default_value>
              <values>No
Yes
NA</values>
            </attribute>
            <attribute>
              <name>Notes</name>
              <mutable>False</mutable>
              <input_type>text</input_type>
              <default_value>NA</default_value>
              <values>NA</values>
            </attribute>
            <attribute>
              <name>Sex</name>
              <mutable>False</mutable>
              <input_type>select</input_type>
              <default_value>Male</default_value>
              <values>Male
Female</values>
            </attribute>
          </attributes>
        </label>
        <label>
          <name>Rainbow</name>
          <color>#ff00cc</color>
          <attributes>
            <attribute>
              <name>Adipose Clipped</name>
              <mutable>False</mutable>
              <input_type>select</input_type>
              <default_value>No</default_value>
              <values>No
Yes
NA</values>
            </attribute>
            <attribute>
              <name>Confidence Level</name>
              <mutable>False</mutable>
              <input_type>select</input_type>
              <default_value>3</default_value>
              <values>3
2
1</values>
            </attribute>
            <attribute>
              <name>Injury</name>
              <mutable>False</mutable>
              <input_type>select</input_type>
              <default_value>No</default_value>
              <values>No
Yes
NA</values>
            </attribute>
            <attribute>
              <name>Notes</name>
              <mutable>False</mutable>
              <input_type>text</input_type>
              <default_value>NA</default_value>
              <values>NA</values>
            </attribute>
            <attribute>
              <name>Sex</name>
              <mutable>False</mutable>
              <input_type>select</input_type>
              <default_value>NA</default_value>
              <values>NA
Juvenile</values>
            </attribute>
          </attributes>
        </label>
        <label>
          <name>Steelhead</name>
          <color>#66ff66</color>
          <attributes>
            <attribute>
              <name>Adipose Clipped</name>
              <mutable>False</mutable>
              <input_type>select</input_type>
              <default_value>No</default_value>
              <values>No
Yes
NA</values>
            </attribute>
            <attribute>
              <name>Confidence Level</name>
              <mutable>False</mutable>
              <input_type>select</input_type>
              <default_value>3</default_value>
              <values>3
2
1</values>
            </attribute>
            <attribute>
              <name>Injury</name>
              <mutable>False</mutable>
              <input_type>select</input_type>
              <default_value>No</default_value>
              <values>No
Yes
NA</values>
            </attribute>
            <attribute>
              <name>Notes</name>
              <mutable>False</mutable>
              <input_type>select</input_type>
              <default_value>NA</default_value>
              <values>NA</values>
            </attribute>
            <attribute>
              <name>Sex</name>
              <mutable>False</mutable>
              <input_type>select</input_type>
              <default_value>Male</default_value>
              <values>Male
Female</values>
            </attribute>
          </attributes>
        </label>
        <label>
          <name>Chinook</name>
          <color>#cc3366</color>
          <attributes>
            <attribute>
              <name>Adipose Clipped</name>
              <mutable>False</mutable>
              <input_type>select</input_type>
              <default_value>No</default_value>
              <values>No
Yes
NA</values>
            </attribute>
            <attribute>
              <name>Confidence Level</name>
              <mutable>False</mutable>
              <input_type>select</input_type>
              <default_value>3</default_value>
              <values>3
2
1</values>
            </attribute>
            <attribute>
              <name>Injury</name>
              <mutable>False</mutable>
              <input_type>select</input_type>
              <default_value>No</default_value>
              <values>No
Yes
NA</values>
            </attribute>
            <attribute>
              <name>Notes</name>
              <mutable>False</mutable>
              <input_type>text</input_type>
              <default_value>NA</default_value>
              <values>NA</values>
            </attribute>
            <attribute>
              <name>Sex</name>
              <mutable>False</mutable>
              <input_type>select</input_type>
              <default_value>Male</default_value>
              <values>Male
Female</values>
            </attribute>
          </attributes>
        </label>
        <label>
          <name>Pikeminnow</name>
          <color>#cc9933</color>
          <attributes>
          </attributes>
        </label>
      </labels>
      <segments>
        <segment>
          <id>353</id>
          <start>0</start>
          <stop>107</stop>
          <url>httplocalhost:8080/?id=353</url>
        </segment>
      </segments>
      <owner>
        <username>bna19</username>
        <email>bna19@sfu.ca</email>
      </owner>
      <assignee></assignee>
      <original_size>
        <width>1920</width>
        <height>1080</height>
      </original_size>
    </task>
    <dumped>2021-03-23 01:04:34.890399+00:00</dumped>
    <source>09-25-2019 23-43-38 M Right Bank Underwater.mp4</source>
  </meta>
  <track id="0" label="Bull" source="manual">
    <box frame="11" outside="0" occluded="0" keyframe="1" xtl="0.00" ytl="483.12" xbr="410.00" ybr="800.00" z_order="0">
      <attribute name="Sex">NA</attribute>
      <attribute name="Adipose Clipped">No</attribute>
      <attribute name="Injury">No</attribute>
      <attribute name="Confidence Level">3</attribute>
      <attribute name="Notes">NA</attribute>
    </box>
    <box frame="12" outside="0" occluded="0" keyframe="0" xtl="0.00" ytl="483.12" xbr="423.29" ybr="799.83" z_order="0">
      <attribute name="Sex">NA</attribute>
      <attribute name="Adipose Clipped">No</attribute>
      <attribute name="Injury">No</attribute>
      <attribute name="Confidence Level">3</attribute>
      <attribute name="Notes">NA</attribute>
    </box>
    <box frame="13" outside="0" occluded="0" keyframe="0" xtl="0.00" ytl="483.12" xbr="436.58" ybr="799.65" z_order="0">
      <attribute name="Sex">NA</attribute>
      <attribute name="Adipose Clipped">No</attribute>
      <attribute name="Injury">No</attribute>
      <attribute name="Confidence Level">3</attribute>
      <attribute name="Notes">NA</attribute>
    </box>
    <box frame="14" outside="0" occluded="0" keyframe="0" xtl="0.00" ytl="483.12" xbr="449.87" ybr="799.48" z_order="0">
      <attribute name="Sex">NA</attribute>
      <attribute name="Adipose Clipped">No</attribute>
      <attribute name="Injury">No</attribute>
      <attribute name="Confidence Level">3</attribute>
      <attribute name="Notes">NA</attribute>
    </box>
    <box frame="15" outside="0" occluded="0" keyframe="0" xtl="0.00" ytl="483.12" xbr="463.16" ybr="799.31" z_order="0">
      <attribute name="Sex">NA</attribute>
      <attribute name="Adipose Clipped">No</attribute>
      <attribute name="Injury">No</attribute>
      <attribute name="Confidence Level">3</attribute>
      <attribute name="Notes">NA</attribute>
    </box>
    <box frame="16" outside="0" occluded="0" keyframe="0" xtl="0.00" ytl="483.12" xbr="476.45" ybr="799.14" z_order="0">
      <attribute name="Sex">NA</attribute>
      <attribute name="Adipose Clipped">No</attribute>
      <attribute name="Injury">No</attribute>
      <attribute name="Confidence Level">3</attribute>
      <attribute name="Notes">NA</attribute>
    </box>
    <box frame="17" outside="0" occluded="0" keyframe="0" xtl="0.00" ytl="483.12" xbr="489.75" ybr="798.96" z_order="0">
      <attribute name="Sex">NA</attribute>
      <attribute name="Adipose Clipped">No</attribute>
      <attribute name="Injury">No</attribute>
      <attribute name="Confidence Level">3</attribute>
      <attribute name="Notes">NA</attribute>
    </box>
    <box frame="18" outside="0" occluded="0" keyframe="0" xtl="0.00" ytl="483.12" xbr="503.04" ybr="798.79" z_order="0">
      <attribute name="Sex">NA</attribute>
      <attribute name="Adipose Clipped">No</attribute>
      <attribute name="Injury">No</attribute>
      <attribute name="Confidence Level">3</attribute>
      <attribute name="Notes">NA</attribute>
    </box>
    <box frame="19" outside="0" occluded="0" keyframe="0" xtl="0.00" ytl="483.12" xbr="516.33" ybr="798.62" z_order="0">
      <attribute name="Sex">NA</attribute>
      <attribute name="Adipose Clipped">No</attribute>
      <attribute name="Injury">No</attribute>
      <attribute name="Confidence Level">3</attribute>
      <attribute name="Notes">NA</attribute>
    </box>
    <box frame="20" outside="0" occluded="0" keyframe="0" xtl="0.00" ytl="483.12" xbr="529.62" ybr="798.45" z_order="0">
      <attribute name="Sex">NA</attribute>
      <attribute name="Adipose Clipped">No</attribute>
      <attribute name="Injury">No</attribute>
      <attribute name="Confidence Level">3</attribute>
      <attribute name="Notes">NA</attribute>
    </box>
    <box frame="21" outside="0" occluded="0" keyframe="0" xtl="0.00" ytl="483.12" xbr="542.91" ybr="798.27" z_order="0">
      <attribute name="Sex">NA</attribute>
      <attribute name="Adipose Clipped">No</attribute>
      <attribute name="Injury">No</attribute>
      <attribute name="Confidence Level">3</attribute>
      <attribute name="Notes">NA</attribute>
    </box>
    <box frame="22" outside="0" occluded="0" keyframe="1" xtl="0.00" ytl="483.12" xbr="556.20" ybr="798.10" z_order="0">
      <attribute name="Sex">NA</attribute>
      <attribute name="Adipose Clipped">No</attribute>
      <attribute name="Injury">No</attribute>
      <attribute name="Confidence Level">3</attribute>
      <attribute name="Notes">NA</attribute>
    </box>
    <box frame="23" outside="0" occluded="0" keyframe="0" xtl="0.00" ytl="483.12" xbr="571.76" ybr="798.29" z_order="0">
      <attribute name="Sex">NA</attribute>
      <attribute name="Adipose Clipped">No</attribute>
      <attribute name="Injury">No</attribute>
      <attribute name="Confidence Level">3</attribute>
      <attribute name="Notes">NA</attribute>
    </box>
    <box frame="24" outside="0" occluded="0" keyframe="0" xtl="0.00" ytl="483.12" xbr="587.32" ybr="798.48" z_order="0">
      <attribute name="Sex">NA</attribute>
      <attribute name="Adipose Clipped">No</attribute>
      <attribute name="Injury">No</attribute>
      <attribute name="Confidence Level">3</attribute>
      <attribute name="Notes">NA</attribute>
    </box>
    <box frame="25" outside="0" occluded="0" keyframe="0" xtl="0.00" ytl="483.12" xbr="602.88" ybr="798.67" z_order="0">
      <attribute name="Sex">NA</attribute>
      <attribute name="Adipose Clipped">No</attribute>
      <attribute name="Injury">No</attribute>
      <attribute name="Confidence Level">3</attribute>
      <attribute name="Notes">NA</attribute>
    </box>
    <box frame="26" outside="0" occluded="0" keyframe="0" xtl="0.00" ytl="483.12" xbr="618.44" ybr="798.86" z_order="0">
      <attribute name="Sex">NA</attribute>
      <attribute name="Adipose Clipped">No</attribute>
      <attribute name="Injury">No</attribute>
      <attribute name="Confidence Level">3</attribute>
      <attribute name="Notes">NA</attribute>
    </box>
    <box frame="27" outside="0" occluded="0" keyframe="0" xtl="0.00" ytl="483.12" xbr="634.00" ybr="799.05" z_order="0">
      <attribute name="Sex">NA</attribute>
      <attribute name="Adipose Clipped">No</attribute>
      <attribute name="Injury">No</attribute>
      <attribute name="Confidence Level">3</attribute>
      <attribute name="Notes">NA</attribute>
    </box>
    <box frame="28" outside="0" occluded="0" keyframe="0" xtl="0.00" ytl="483.12" xbr="649.56" ybr="799.24" z_order="0">
      <attribute name="Sex">NA</attribute>
      <attribute name="Adipose Clipped">No</attribute>
      <attribute name="Injury">No</attribute>
      <attribute name="Confidence Level">3</attribute>
      <attribute name="Notes">NA</attribute>
    </box>
    <box frame="29" outside="0" occluded="0" keyframe="0" xtl="0.00" ytl="483.12" xbr="665.12" ybr="799.43" z_order="0">
      <attribute name="Sex">NA</attribute>
      <attribute name="Adipose Clipped">No</attribute>
      <attribute name="Injury">No</attribute>
      <attribute name="Confidence Level">3</attribute>
      <attribute name="Notes">NA</attribute>
    </box>
    <box frame="30" outside="0" occluded="0" keyframe="0" xtl="0.00" ytl="483.12" xbr="680.68" ybr="799.62" z_order="0">
      <attribute name="Sex">NA</attribute>
      <attribute name="Adipose Clipped">No</attribute>
      <attribute name="Injury">No</attribute>
      <attribute name="Confidence Level">3</attribute>
      <attribute name="Notes">NA</attribute>
    </box>
    <box frame="31" outside="0" occluded="0" keyframe="0" xtl="0.00" ytl="483.12" xbr="696.24" ybr="799.81" z_order="0">
      <attribute name="Sex">NA</attribute>
      <attribute name="Adipose Clipped">No</attribute>
      <attribute name="Injury">No</attribute>
      <attribute name="Confidence Level">3</attribute>
      <attribute name="Notes">NA</attribute>
    </box>
    <box frame="32" outside="0" occluded="0" keyframe="1" xtl="0.00" ytl="483.12" xbr="711.80" ybr="800.00" z_order="0">
      <attribute name="Sex">NA</attribute>
      <attribute name="Adipose Clipped">No</attribute>
      <attribute name="Injury">No</attribute>
      <attribute name="Confidence Level">3</attribute>
      <attribute name="Notes">NA</attribute>
    </box>
    <box frame="33" outside="0" occluded="0" keyframe="0" xtl="0.00" ytl="483.12" xbr="720.80" ybr="800.19" z_order="0">
      <attribute name="Sex">NA</attribute>
      <attribute name="Adipose Clipped">No</attribute>
      <attribute name="Injury">No</attribute>
      <attribute name="Confidence Level">3</attribute>
      <attribute name="Notes">NA</attribute>
    </box>
    <box frame="34" outside="0" occluded="0" keyframe="0" xtl="0.00" ytl="483.12" xbr="729.80" ybr="800.38" z_order="0">
      <attribute name="Sex">NA</attribute>
      <attribute name="Adipose Clipped">No</attribute>
      <attribute name="Injury">No</attribute>
      <attribute name="Confidence Level">3</attribute>
      <attribute name="Notes">NA</attribute>
    </box>
    <box frame="35" outside="0" occluded="0" keyframe="0" xtl="0.00" ytl="483.12" xbr="738.80" ybr="800.57" z_order="0">
      <attribute name="Sex">NA</attribute>
      <attribute name="Adipose Clipped">No</attribute>
      <attribute name="Injury">No</attribute>
      <attribute name="Confidence Level">3</attribute>
      <attribute name="Notes">NA</attribute>
    </box>
    <box frame="36" outside="0" occluded="0" keyframe="0" xtl="0.00" ytl="483.12" xbr="747.80" ybr="800.76" z_order="0">
      <attribute name="Sex">NA</attribute>
      <attribute name="Adipose Clipped">No</attribute>
      <attribute name="Injury">No</attribute>
      <attribute name="Confidence Level">3</attribute>
      <attribute name="Notes">NA</attribute>
    </box>
    <box frame="37" outside="0" occluded="0" keyframe="0" xtl="0.00" ytl="483.12" xbr="756.80" ybr="800.95" z_order="0">
      <attribute name="Sex">NA</attribute>
      <attribute name="Adipose Clipped">No</attribute>
      <attribute name="Injury">No</attribute>
      <attribute name="Confidence Level">3</attribute>
      <attribute name="Notes">NA</attribute>
    </box>
    <box frame="38" outside="0" occluded="0" keyframe="0" xtl="0.00" ytl="483.12" xbr="765.80" ybr="801.14" z_order="0">
      <attribute name="Sex">NA</attribute>
      <attribute name="Adipose Clipped">No</attribute>
      <attribute name="Injury">No</attribute>
      <attribute name="Confidence Level">3</attribute>
      <attribute name="Notes">NA</attribute>
    </box>
    <box frame="39" outside="0" occluded="0" keyframe="0" xtl="0.00" ytl="483.12" xbr="774.80" ybr="801.33" z_order="0">
      <attribute name="Sex">NA</attribute>
      <attribute name="Adipose Clipped">No</attribute>
      <attribute name="Injury">No</attribute>
      <attribute name="Confidence Level">3</attribute>
      <attribute name="Notes">NA</attribute>
    </box>
    <box frame="40" outside="0" occluded="0" keyframe="0" xtl="0.00" ytl="483.12" xbr="783.80" ybr="801.52" z_order="0">
      <attribute name="Sex">NA</attribute>
      <attribute name="Adipose Clipped">No</attribute>
      <attribute name="Injury">No</attribute>
      <attribute name="Confidence Level">3</attribute>
      <attribute name="Notes">NA</attribute>
    </box>
    <box frame="41" outside="0" occluded="0" keyframe="0" xtl="0.00" ytl="483.12" xbr="792.80" ybr="801.71" z_order="0">
      <attribute name="Sex">NA</attribute>
      <attribute name="Adipose Clipped">No</attribute>
      <attribute name="Injury">No</attribute>
      <attribute name="Confidence Level">3</attribute>
      <attribute name="Notes">NA</attribute>
    </box>
    <box frame="42" outside="0" occluded="0" keyframe="1" xtl="0.00" ytl="483.12" xbr="801.80" ybr="801.90" z_order="0">
      <attribute name="Sex">NA</attribute>
      <attribute name="Adipose Clipped">No</attribute>
      <attribute name="Injury">No</attribute>
      <attribute name="Confidence Level">3</attribute>
      <attribute name="Notes">NA</attribute>
    </box>
    <box frame="43" outside="0" occluded="0" keyframe="0" xtl="2.86" ytl="482.56" xbr="814.22" ybr="805.09" z_order="0">
      <attribute name="Sex">NA</attribute>
      <attribute name="Adipose Clipped">No</attribute>
      <attribute name="Injury">No</attribute>
      <attribute name="Confidence Level">3</attribute>
      <attribute name="Notes">NA</attribute>
    </box>
    <box frame="44" outside="0" occluded="0" keyframe="0" xtl="5.72" ytl="482.00" xbr="826.64" ybr="808.28" z_order="0">
      <attribute name="Sex">NA</attribute>
      <attribute name="Adipose Clipped">No</attribute>
      <attribute name="Injury">No</attribute>
      <attribute name="Confidence Level">3</attribute>
      <attribute name="Notes">NA</attribute>
    </box>
    <box frame="45" outside="0" occluded="0" keyframe="0" xtl="8.58" ytl="481.44" xbr="839.07" ybr="811.47" z_order="0">
      <attribute name="Sex">NA</attribute>
      <attribute name="Adipose Clipped">No</attribute>
      <attribute name="Injury">No</attribute>
      <attribute name="Confidence Level">3</attribute>
      <attribute name="Notes">NA</attribute>
    </box>
    <box frame="46" outside="0" occluded="0" keyframe="0" xtl="11.44" ytl="480.88" xbr="851.49" ybr="814.66" z_order="0">
      <attribute name="Sex">NA</attribute>
      <attribute name="Adipose Clipped">No</attribute>
      <attribute name="Injury">No</attribute>
      <attribute name="Confidence Level">3</attribute>
      <attribute name="Notes">NA</attribute>
    </box>
    <box frame="47" outside="0" occluded="0" keyframe="0" xtl="14.30" ytl="480.31" xbr="863.91" ybr="817.85" z_order="0">
      <attribute name="Sex">NA</attribute>
      <attribute name="Adipose Clipped">No</attribute>
      <attribute name="Injury">No</attribute>
      <attribute name="Confidence Level">3</attribute>
      <attribute name="Notes">NA</attribute>
    </box>
    <box frame="48" outside="0" occluded="0" keyframe="0" xtl="17.16" ytl="479.75" xbr="876.33" ybr="821.04" z_order="0">
      <attribute name="Sex">NA</attribute>
      <attribute name="Adipose Clipped">No</attribute>
      <attribute name="Injury">No</attribute>
      <attribute name="Confidence Level">3</attribute>
      <attribute name="Notes">NA</attribute>
    </box>
    <box frame="49" outside="0" occluded="0" keyframe="0" xtl="20.02" ytl="479.19" xbr="888.75" ybr="824.23" z_order="0">
      <attribute name="Sex">NA</attribute>
      <attribute name="Adipose Clipped">No</attribute>
      <attribute name="Injury">No</attribute>
      <attribute name="Confidence Level">3</attribute>
      <attribute name="Notes">NA</attribute>
    </box>
    <box frame="50" outside="0" occluded="0" keyframe="1" xtl="22.88" ytl="478.62" xbr="901.18" ybr="827.42" z_order="0">
      <attribute name="Sex">NA</attribute>
      <attribute name="Adipose Clipped">No</attribute>
      <attribute name="Injury">No</attribute>
      <attribute name="Confidence Level">3</attribute>
      <attribute name="Notes">NA</attribute>
    </box>
    <box frame="51" outside="0" occluded="0" keyframe="0" xtl="57.38" ytl="478.06" xbr="945.24" ybr="830.61" z_order="0">
      <attribute name="Sex">NA</attribute>
      <attribute name="Adipose Clipped">No</attribute>
      <attribute name="Injury">No</attribute>
      <attribute name="Confidence Level">3</attribute>
      <attribute name="Notes">NA</attribute>
    </box>
    <box frame="52" outside="0" occluded="0" keyframe="1" xtl="91.88" ytl="477.50" xbr="989.30" ybr="833.80" z_order="0">
      <attribute name="Sex">NA</attribute>
      <attribute name="Adipose Clipped">No</attribute>
      <attribute name="Injury">No</attribute>
      <attribute name="Confidence Level">3</attribute>
      <attribute name="Notes">NA</attribute>
    </box>
    <box frame="53" outside="0" occluded="0" keyframe="0" xtl="107.95" ytl="482.37" xbr="1037.67" ybr="834.92" z_order="0">
      <attribute name="Sex">NA</attribute>
      <attribute name="Adipose Clipped">No</attribute>
      <attribute name="Injury">No</attribute>
      <attribute name="Confidence Level">3</attribute>
      <attribute name="Notes">NA</attribute>
    </box>
    <box frame="54" outside="0" occluded="0" keyframe="0" xtl="124.02" ytl="487.24" xbr="1086.04" ybr="836.05" z_order="0">
      <attribute name="Sex">NA</attribute>
      <attribute name="Adipose Clipped">No</attribute>
      <attribute name="Injury">No</attribute>
      <attribute name="Confidence Level">3</attribute>
      <attribute name="Notes">NA</attribute>
    </box>
    <box frame="55" outside="0" occluded="0" keyframe="0" xtl="140.09" ytl="492.11" xbr="1134.41" ybr="837.17" z_order="0">
      <attribute name="Sex">NA</attribute>
      <attribute name="Adipose Clipped">No</attribute>
      <attribute name="Injury">No</attribute>
      <attribute name="Confidence Level">3</attribute>
      <attribute name="Notes">NA</attribute>
    </box>
    <box frame="56" outside="0" occluded="0" keyframe="0" xtl="156.16" ytl="496.98" xbr="1182.78" ybr="838.30" z_order="0">
      <attribute name="Sex">NA</attribute>
      <attribute name="Adipose Clipped">No</attribute>
      <attribute name="Injury">No</attribute>
      <attribute name="Confidence Level">3</attribute>
      <attribute name="Notes">NA</attribute>
    </box>
    <box frame="57" outside="0" occluded="0" keyframe="0" xtl="172.23" ytl="501.85" xbr="1231.15" ybr="839.42" z_order="0">
      <attribute name="Sex">NA</attribute>
      <attribute name="Adipose Clipped">No</attribute>
      <attribute name="Injury">No</attribute>
      <attribute name="Confidence Level">3</attribute>
      <attribute name="Notes">NA</attribute>
    </box>
    <box frame="58" outside="0" occluded="0" keyframe="1" xtl="188.30" ytl="506.72" xbr="1279.52" ybr="840.55" z_order="0">
      <attribute name="Sex">NA</attribute>
      <attribute name="Adipose Clipped">No</attribute>
      <attribute name="Injury">No</attribute>
      <attribute name="Confidence Level">3</attribute>
      <attribute name="Notes">NA</attribute>
    </box>
    <box frame="59" outside="0" occluded="0" keyframe="0" xtl="262.16" ytl="511.59" xbr="1327.89" ybr="841.67" z_order="0">
      <attribute name="Sex">NA</attribute>
      <attribute name="Adipose Clipped">No</attribute>
      <attribute name="Injury">No</attribute>
      <attribute name="Confidence Level">3</attribute>
      <attribute name="Notes">NA</attribute>
    </box>
    <box frame="60" outside="0" occluded="0" keyframe="0" xtl="336.03" ytl="516.46" xbr="1376.26" ybr="842.80" z_order="0">
      <attribute name="Sex">NA</attribute>
      <attribute name="Adipose Clipped">No</attribute>
      <attribute name="Injury">No</attribute>
      <attribute name="Confidence Level">3</attribute>
      <attribute name="Notes">NA</attribute>
    </box>
    <box frame="61" outside="0" occluded="0" keyframe="0" xtl="409.89" ytl="521.33" xbr="1424.63" ybr="843.92" z_order="0">
      <attribute name="Sex">NA</attribute>
      <attribute name="Adipose Clipped">No</attribute>
      <attribute name="Injury">No</attribute>
      <attribute name="Confidence Level">3</attribute>
      <attribute name="Notes">NA</attribute>
    </box>
    <box frame="62" outside="0" occluded="0" keyframe="1" xtl="483.75" ytl="526.20" xbr="1473.00" ybr="845.05" z_order="0">
      <attribute name="Sex">NA</attribute>
      <attribute name="Adipose Clipped">No</attribute>
      <attribute name="Injury">No</attribute>
      <attribute name="Confidence Level">3</attribute>
      <attribute name="Notes">NA</attribute>
    </box>
    <box frame="63" outside="0" occluded="0" keyframe="0" xtl="483.75" ytl="526.20" xbr="1512.35" ybr="845.05" z_order="0">
      <attribute name="Sex">NA</attribute>
      <attribute name="Adipose Clipped">No</attribute>
      <attribute name="Injury">No</attribute>
      <attribute name="Confidence Level">3</attribute>
      <attribute name="Notes">NA</attribute>
    </box>
    <box frame="64" outside="0" occluded="0" keyframe="1" xtl="483.75" ytl="526.20" xbr="1551.70" ybr="845.05" z_order="0">
      <attribute name="Sex">NA</attribute>
      <attribute name="Adipose Clipped">No</attribute>
      <attribute name="Injury">No</attribute>
      <attribute name="Confidence Level">3</attribute>
      <attribute name="Notes">NA</attribute>
    </box>
    <box frame="65" outside="0" occluded="0" keyframe="0" xtl="525.00" ytl="526.20" xbr="1592.95" ybr="845.05" z_order="0">
      <attribute name="Sex">NA</attribute>
      <attribute name="Adipose Clipped">No</attribute>
      <attribute name="Injury">No</attribute>
      <attribute name="Confidence Level">3</attribute>
      <attribute name="Notes">NA</attribute>
    </box>
    <box frame="66" outside="0" occluded="0" keyframe="0" xtl="566.25" ytl="526.20" xbr="1634.20" ybr="845.05" z_order="0">
      <attribute name="Sex">NA</attribute>
      <attribute name="Adipose Clipped">No</attribute>
      <attribute name="Injury">No</attribute>
      <attribute name="Confidence Level">3</attribute>
      <attribute name="Notes">NA</attribute>
    </box>
    <box frame="67" outside="0" occluded="0" keyframe="1" xtl="607.50" ytl="526.20" xbr="1675.45" ybr="845.05" z_order="0">
      <attribute name="Sex">NA</attribute>
      <attribute name="Adipose Clipped">No</attribute>
      <attribute name="Injury">No</attribute>
      <attribute name="Confidence Level">3</attribute>
      <attribute name="Notes">NA</attribute>
    </box>
    <box frame="68" outside="0" occluded="0" keyframe="0" xtl="650.25" ytl="526.20" xbr="1725.59" ybr="845.05" z_order="0">
      <attribute name="Sex">NA</attribute>
      <attribute name="Adipose Clipped">No</attribute>
      <attribute name="Injury">No</attribute>
      <attribute name="Confidence Level">3</attribute>
      <attribute name="Notes">NA</attribute>
    </box>
    <box frame="69" outside="0" occluded="0" keyframe="0" xtl="693.00" ytl="526.20" xbr="1775.73" ybr="845.05" z_order="0">
      <attribute name="Sex">NA</attribute>
      <attribute name="Adipose Clipped">No</attribute>
      <attribute name="Injury">No</attribute>
      <attribute name="Confidence Level">3</attribute>
      <attribute name="Notes">NA</attribute>
    </box>
    <box frame="70" outside="0" occluded="0" keyframe="0" xtl="735.75" ytl="526.20" xbr="1825.86" ybr="845.05" z_order="0">
      <attribute name="Sex">NA</attribute>
      <attribute name="Adipose Clipped">No</attribute>
      <attribute name="Injury">No</attribute>
      <attribute name="Confidence Level">3</attribute>
      <attribute name="Notes">NA</attribute>
    </box>
    <box frame="71" outside="0" occluded="0" keyframe="1" xtl="778.50" ytl="526.20" xbr="1876.00" ybr="845.05" z_order="0">
      <attribute name="Sex">NA</attribute>
      <attribute name="Adipose Clipped">No</attribute>
      <attribute name="Injury">No</attribute>
      <attribute name="Confidence Level">3</attribute>
      <attribute name="Notes">NA</attribute>
    </box>
    <box frame="72" outside="0" occluded="0" keyframe="1" xtl="821.25" ytl="535.60" xbr="1920.00" ybr="845.05" z_order="0">
      <attribute name="Sex">NA</attribute>
      <attribute name="Adipose Clipped">No</attribute>
      <attribute name="Injury">No</attribute>
      <attribute name="Confidence Level">3</attribute>
      <attribute name="Notes">NA</attribute>
    </box>
    <box frame="73" outside="0" occluded="0" keyframe="1" xtl="864.00" ytl="526.20" xbr="1920.00" ybr="845.05" z_order="0">
      <attribute name="Sex">NA</attribute>
      <attribute name="Adipose Clipped">No</attribute>
      <attribute name="Injury">No</attribute>
      <attribute name="Confidence Level">3</attribute>
      <attribute name="Notes">NA</attribute>
    </box>
    <box frame="74" outside="0" occluded="0" keyframe="0" xtl="906.75" ytl="526.20" xbr="1920.00" ybr="845.05" z_order="0">
      <attribute name="Sex">NA</attribute>
      <attribute name="Adipose Clipped">No</attribute>
      <attribute name="Injury">No</attribute>
      <attribute name="Confidence Level">3</attribute>
      <attribute name="Notes">NA</attribute>
    </box>
    <box frame="75" outside="0" occluded="0" keyframe="0" xtl="949.50" ytl="526.20" xbr="1920.00" ybr="845.05" z_order="0">
      <attribute name="Sex">NA</attribute>
      <attribute name="Adipose Clipped">No</attribute>
      <attribute name="Injury">No</attribute>
      <attribute name="Confidence Level">3</attribute>
      <attribute name="Notes">NA</attribute>
    </box>
    <box frame="76" outside="0" occluded="0" keyframe="0" xtl="992.25" ytl="526.20" xbr="1920.00" ybr="845.05" z_order="0">
      <attribute name="Sex">NA</attribute>
      <attribute name="Adipose Clipped">No</attribute>
      <attribute name="Injury">No</attribute>
      <attribute name="Confidence Level">3</attribute>
      <attribute name="Notes">NA</attribute>
    </box>
    <box frame="77" outside="0" occluded="0" keyframe="1" xtl="1035.00" ytl="526.20" xbr="1920.00" ybr="845.05" z_order="0">
      <attribute name="Sex">NA</attribute>
      <attribute name="Adipose Clipped">No</attribute>
      <attribute name="Injury">No</attribute>
      <attribute name="Confidence Level">3</attribute>
      <attribute name="Notes">NA</attribute>
    </box>
    <box frame="78" outside="0" occluded="0" keyframe="0" xtl="1072.97" ytl="526.20" xbr="1920.00" ybr="845.05" z_order="0">
      <attribute name="Sex">NA</attribute>
      <attribute name="Adipose Clipped">No</attribute>
      <attribute name="Injury">No</attribute>
      <attribute name="Confidence Level">3</attribute>
      <attribute name="Notes">NA</attribute>
    </box>
    <box frame="79" outside="0" occluded="0" keyframe="0" xtl="1110.94" ytl="526.20" xbr="1920.00" ybr="845.05" z_order="0">
      <attribute name="Sex">NA</attribute>
      <attribute name="Adipose Clipped">No</attribute>
      <attribute name="Injury">No</attribute>
      <attribute name="Confidence Level">3</attribute>
      <attribute name="Notes">NA</attribute>
    </box>
    <box frame="80" outside="0" occluded="0" keyframe="0" xtl="1148.91" ytl="526.20" xbr="1920.00" ybr="845.05" z_order="0">
      <attribute name="Sex">NA</attribute>
      <attribute name="Adipose Clipped">No</attribute>
      <attribute name="Injury">No</attribute>
      <attribute name="Confidence Level">3</attribute>
      <attribute name="Notes">NA</attribute>
    </box>
    <box frame="81" outside="0" occluded="0" keyframe="1" xtl="1186.88" ytl="526.20" xbr="1920.00" ybr="845.05" z_order="0">
      <attribute name="Sex">NA</attribute>
      <attribute name="Adipose Clipped">No</attribute>
      <attribute name="Injury">No</attribute>
      <attribute name="Confidence Level">3</attribute>
      <attribute name="Notes">NA</attribute>
    </box>
    <box frame="82" outside="0" occluded="0" keyframe="0" xtl="1248.75" ytl="531.20" xbr="1920.00" ybr="850.05" z_order="0">
      <attribute name="Sex">NA</attribute>
      <attribute name="Adipose Clipped">No</attribute>
      <attribute name="Injury">No</attribute>
      <attribute name="Confidence Level">3</attribute>
      <attribute name="Notes">NA</attribute>
    </box>
    <box frame="83" outside="0" occluded="0" keyframe="0" xtl="1310.62" ytl="536.20" xbr="1920.00" ybr="855.05" z_order="0">
      <attribute name="Sex">NA</attribute>
      <attribute name="Adipose Clipped">No</attribute>
      <attribute name="Injury">No</attribute>
      <attribute name="Confidence Level">3</attribute>
      <attribute name="Notes">NA</attribute>
    </box>
    <box frame="84" outside="0" occluded="0" keyframe="1" xtl="1372.50" ytl="541.20" xbr="1920.00" ybr="860.05" z_order="0">
      <attribute name="Sex">NA</attribute>
      <attribute name="Adipose Clipped">No</attribute>
      <attribute name="Injury">No</attribute>
      <attribute name="Confidence Level">3</attribute>
      <attribute name="Notes">NA</attribute>
    </box>
    <box frame="85" outside="0" occluded="0" keyframe="0" xtl="1406.25" ytl="554.33" xbr="1920.00" ybr="873.18" z_order="0">
      <attribute name="Sex">NA</attribute>
      <attribute name="Adipose Clipped">No</attribute>
      <attribute name="Injury">No</attribute>
      <attribute name="Confidence Level">3</attribute>
      <attribute name="Notes">NA</attribute>
    </box>
    <box frame="86" outside="0" occluded="0" keyframe="1" xtl="1440.00" ytl="567.45" xbr="1920.00" ybr="886.30" z_order="0">
      <attribute name="Sex">NA</attribute>
      <attribute name="Adipose Clipped">No</attribute>
      <attribute name="Injury">No</attribute>
      <attribute name="Confidence Level">3</attribute>
      <attribute name="Notes">NA</attribute>
    </box>
    <box frame="87" outside="0" occluded="0" keyframe="0" xtl="1470.94" ytl="567.45" xbr="1920.00" ybr="886.30" z_order="0">
      <attribute name="Sex">NA</attribute>
      <attribute name="Adipose Clipped">No</attribute>
      <attribute name="Injury">No</attribute>
      <attribute name="Confidence Level">3</attribute>
      <attribute name="Notes">NA</attribute>
    </box>
    <box frame="88" outside="0" occluded="0" keyframe="1" xtl="1501.88" ytl="567.45" xbr="1920.00" ybr="886.30" z_order="0">
      <attribute name="Sex">NA</attribute>
      <attribute name="Adipose Clipped">No</attribute>
      <attribute name="Injury">No</attribute>
      <attribute name="Confidence Level">3</attribute>
      <attribute name="Notes">NA</attribute>
    </box>
    <box frame="89" outside="0" occluded="1" keyframe="1" xtl="1558.12" ytl="565.58" xbr="1920.00" ybr="884.43" z_order="0">
      <attribute name="Sex">NA</attribute>
      <attribute name="Adipose Clipped">No</attribute>
      <attribute name="Injury">No</attribute>
      <attribute name="Confidence Level">3</attribute>
      <attribute name="Notes">NA</attribute>
    </box>
    <box frame="90" outside="0" occluded="1" keyframe="1" xtl="1625.62" ytl="541.20" xbr="1920.00" ybr="860.05" z_order="0">
      <attribute name="Sex">NA</attribute>
      <attribute name="Adipose Clipped">No</attribute>
      <attribute name="Injury">No</attribute>
      <attribute name="Confidence Level">3</attribute>
      <attribute name="Notes">NA</attribute>
    </box>
    <box frame="91" outside="0" occluded="1" keyframe="0" xtl="1625.62" ytl="541.20" xbr="1920.00" ybr="860.05" z_order="0">
      <attribute name="Sex">NA</attribute>
      <attribute name="Adipose Clipped">No</attribute>
      <attribute name="Injury">No</attribute>
      <attribute name="Confidence Level">3</attribute>
      <attribute name="Notes">NA</attribute>
    </box>
    <box frame="92" outside="0" occluded="1" keyframe="0" xtl="1625.62" ytl="541.20" xbr="1920.00" ybr="860.05" z_order="0">
      <attribute name="Sex">NA</attribute>
      <attribute name="Adipose Clipped">No</attribute>
      <attribute name="Injury">No</attribute>
      <attribute name="Confidence Level">3</attribute>
      <attribute name="Notes">NA</attribute>
    </box>
    <box frame="93" outside="1" occluded="1" keyframe="1" xtl="1762.50" ytl="522.45" xbr="1920.00" ybr="841.30" z_order="0">
      <attribute name="Sex">NA</attribute>
      <attribute name="Adipose Clipped">No</attribute>
      <attribute name="Injury">No</attribute>
      <attribute name="Confidence Level">3</attribute>
      <attribute name="Notes">NA</attribute>
    </box>
  </track>
</annotations>