<?xml version="1.0" encoding="utf-8"?>
<annotations>
  <version>1.1</version>
  <meta>
    <task>
      <id>191</id>
      <name>09-12-2020 22-13-42 M Salmon Camera</name>
      <size>763</size>
      <mode>interpolation</mode>
      <overlap>5</overlap>
      <bugtracker></bugtracker>
      <created>2021-12-14 21:15:27.534612+00:00</created>
      <updated>2021-12-14 21:25:43.479918+00:00</updated>
      <subset>default</subset>
      <start_frame>0</start_frame>
      <stop_frame>762</stop_frame>
      <frame_filter></frame_filter>
      <segments>
        <segment>
          <id>191</id>
          <start>0</start>
          <stop>762</stop>
          <url>httplocalhost:8080/?id=191</url>
        </segment>
      </segments>
      <owner>
        <username>scurfield</username>
        <email>dan.scurfield@gmail.com</email>
      </owner>
      <assignee></assignee>
      <labels>
        <label>
          <name>Coho</name>
          <color>#83e070</color>
          <attributes>
            <attribute>
              <name>Adipose Clipped</name>
              <mutable>False</mutable>
              <input_type>select</input_type>
              <default_value>No</default_value>
              <values>No
Yes
NA</values>
            </attribute>
            <attribute>
              <name>confidence level</name>
              <mutable>False</mutable>
              <input_type>select</input_type>
              <default_value>3</default_value>
              <values>3
2
1</values>
            </attribute>
            <attribute>
              <name>injury</name>
              <mutable>False</mutable>
              <input_type>select</input_type>
              <default_value>No</default_value>
              <values>No
Yes
NA</values>
            </attribute>
            <attribute>
              <name>notes</name>
              <mutable>False</mutable>
              <input_type>text</input_type>
              <default_value>NA</default_value>
              <values>NA</values>
            </attribute>
            <attribute>
              <name>sex</name>
              <mutable>False</mutable>
              <input_type>select</input_type>
              <default_value>Male</default_value>
              <values>Male
Female
Jack</values>
            </attribute>
            <attribute>
              <name>view</name>
              <mutable>False</mutable>
              <input_type>select</input_type>
              <default_value>Side</default_value>
              <values>Side
Top-down</values>
            </attribute>
          </attributes>
        </label>
        <label>
          <name>Bull</name>
          <color>#20c000</color>
          <attributes>
            <attribute>
              <name>adipose clipped</name>
              <mutable>False</mutable>
              <input_type>select</input_type>
              <default_value>No</default_value>
              <values>No
NA</values>
            </attribute>
            <attribute>
              <name>confidence level</name>
              <mutable>False</mutable>
              <input_type>select</input_type>
              <default_value>3</default_value>
              <values>3
2
1</values>
            </attribute>
            <attribute>
              <name>injury</name>
              <mutable>False</mutable>
              <input_type>select</input_type>
              <default_value>No</default_value>
              <values>No
Yes
NA</values>
            </attribute>
            <attribute>
              <name>notes</name>
              <mutable>False</mutable>
              <input_type>text</input_type>
              <default_value>NA</default_value>
              <values>NA</values>
            </attribute>
            <attribute>
              <name>sex</name>
              <mutable>False</mutable>
              <input_type>select</input_type>
              <default_value>NA</default_value>
              <values>NA</values>
            </attribute>
            <attribute>
              <name>view</name>
              <mutable>False</mutable>
              <input_type>select</input_type>
              <default_value>Side</default_value>
              <values>Side
Top-down</values>
            </attribute>
          </attributes>
        </label>
        <label>
          <name>Chum</name>
          <color>#b83df5</color>
          <attributes>
            <attribute>
              <name>adipose clipped</name>
              <mutable>False</mutable>
              <input_type>select</input_type>
              <default_value>No</default_value>
              <values>No
Yes
NA</values>
            </attribute>
            <attribute>
              <name>confidence level</name>
              <mutable>False</mutable>
              <input_type>select</input_type>
              <default_value>3</default_value>
              <values>3
2
1</values>
            </attribute>
            <attribute>
              <name>injury</name>
              <mutable>False</mutable>
              <input_type>select</input_type>
              <default_value>No</default_value>
              <values>No
Yes
NA</values>
            </attribute>
            <attribute>
              <name>notes</name>
              <mutable>False</mutable>
              <input_type>text</input_type>
              <default_value>NA</default_value>
              <values>NA</values>
            </attribute>
            <attribute>
              <name>sex</name>
              <mutable>False</mutable>
              <input_type>select</input_type>
              <default_value>Male</default_value>
              <values>Male
Female</values>
            </attribute>
            <attribute>
              <name>view</name>
              <mutable>False</mutable>
              <input_type>select</input_type>
              <default_value>Side</default_value>
              <values>Side
Top-down</values>
            </attribute>
          </attributes>
        </label>
        <label>
          <name>Whitefish</name>
          <color>#e5e3ee</color>
          <attributes>
            <attribute>
              <name>adipose clipped</name>
              <mutable>False</mutable>
              <input_type>select</input_type>
              <default_value>No</default_value>
              <values>No
Yes
NA</values>
            </attribute>
            <attribute>
              <name>confidence level</name>
              <mutable>False</mutable>
              <input_type>select</input_type>
              <default_value>3</default_value>
              <values>3
2
1</values>
            </attribute>
            <attribute>
              <name>injury</name>
              <mutable>False</mutable>
              <input_type>select</input_type>
              <default_value>No</default_value>
              <values>No
Yes
NA</values>
            </attribute>
            <attribute>
              <name>notes</name>
              <mutable>False</mutable>
              <input_type>text</input_type>
              <default_value>NA</default_value>
              <values>NA</values>
            </attribute>
            <attribute>
              <name>sex</name>
              <mutable>False</mutable>
              <input_type>select</input_type>
              <default_value>NA</default_value>
              <values>NA</values>
            </attribute>
            <attribute>
              <name>view</name>
              <mutable>False</mutable>
              <input_type>select</input_type>
              <default_value>Side</default_value>
              <values>Side
Top-down</values>
            </attribute>
          </attributes>
        </label>
        <label>
          <name>Pink</name>
          <color>#fa7dbb</color>
          <attributes>
            <attribute>
              <name>adipose clipped</name>
              <mutable>False</mutable>
              <input_type>select</input_type>
              <default_value>No</default_value>
              <values>No
Yes
NA</values>
            </attribute>
            <attribute>
              <name>confidence level</name>
              <mutable>False</mutable>
              <input_type>select</input_type>
              <default_value>3</default_value>
              <values>3
2
1</values>
            </attribute>
            <attribute>
              <name>injury</name>
              <mutable>False</mutable>
              <input_type>select</input_type>
              <default_value>No</default_value>
              <values>No
Yes
NA</values>
            </attribute>
            <attribute>
              <name>notes</name>
              <mutable>False</mutable>
              <input_type>text</input_type>
              <default_value>NA</default_value>
              <values>NA</values>
            </attribute>
            <attribute>
              <name>sex</name>
              <mutable>False</mutable>
              <input_type>select</input_type>
              <default_value>Male</default_value>
              <values>Male
Female</values>
            </attribute>
            <attribute>
              <name>view</name>
              <mutable>False</mutable>
              <input_type>select</input_type>
              <default_value>Side</default_value>
              <values>Side
Top-down</values>
            </attribute>
          </attributes>
        </label>
        <label>
          <name>Sockeye</name>
          <color>#fa3253</color>
          <attributes>
            <attribute>
              <name>adipose clipped</name>
              <mutable>False</mutable>
              <input_type>select</input_type>
              <default_value>No</default_value>
              <values>No
Yes
NA</values>
            </attribute>
            <attribute>
              <name>confidence level</name>
              <mutable>False</mutable>
              <input_type>select</input_type>
              <default_value>3</default_value>
              <values>3
2
1</values>
            </attribute>
            <attribute>
              <name>injury</name>
              <mutable>False</mutable>
              <input_type>select</input_type>
              <default_value>No</default_value>
              <values>No
Yes
NA</values>
            </attribute>
            <attribute>
              <name>notes</name>
              <mutable>False</mutable>
              <input_type>text</input_type>
              <default_value>NA</default_value>
              <values>NA</values>
            </attribute>
            <attribute>
              <name>sex</name>
              <mutable>False</mutable>
              <input_type>select</input_type>
              <default_value>Male</default_value>
              <values>Male
Female
Jack</values>
            </attribute>
            <attribute>
              <name>view</name>
              <mutable>False</mutable>
              <input_type>select</input_type>
              <default_value>Side</default_value>
              <values>Side
Top-down</values>
            </attribute>
          </attributes>
        </label>
        <label>
          <name>Steelhead</name>
          <color>#32b7fa</color>
          <attributes>
            <attribute>
              <name>adipose clipped</name>
              <mutable>False</mutable>
              <input_type>select</input_type>
              <default_value>No</default_value>
              <values>No
Yes
NA</values>
            </attribute>
            <attribute>
              <name>confidence level</name>
              <mutable>False</mutable>
              <input_type>select</input_type>
              <default_value>3</default_value>
              <values>3
2
1</values>
            </attribute>
            <attribute>
              <name>injury</name>
              <mutable>False</mutable>
              <input_type>select</input_type>
              <default_value>No</default_value>
              <values>No
Yes
NA</values>
            </attribute>
            <attribute>
              <name>notes</name>
              <mutable>False</mutable>
              <input_type>text</input_type>
              <default_value>NA</default_value>
              <values>NA</values>
            </attribute>
            <attribute>
              <name>sex</name>
              <mutable>False</mutable>
              <input_type>select</input_type>
              <default_value>Male</default_value>
              <values>Male
Female</values>
            </attribute>
            <attribute>
              <name>view</name>
              <mutable>False</mutable>
              <input_type>select</input_type>
              <default_value>Side</default_value>
              <values>Side
Top-down</values>
            </attribute>
          </attributes>
        </label>
        <label>
          <name>Rainbow</name>
          <color>#f1c6e3</color>
          <attributes>
            <attribute>
              <name>adipose clipped</name>
              <mutable>False</mutable>
              <input_type>select</input_type>
              <default_value>No</default_value>
              <values>No
Yes
NA</values>
            </attribute>
            <attribute>
              <name>confidence level</name>
              <mutable>False</mutable>
              <input_type>select</input_type>
              <default_value>3</default_value>
              <values>3
2
1</values>
            </attribute>
            <attribute>
              <name>injury</name>
              <mutable>False</mutable>
              <input_type>select</input_type>
              <default_value>No</default_value>
              <values>No
Yes
NA</values>
            </attribute>
            <attribute>
              <name>notes</name>
              <mutable>False</mutable>
              <input_type>text</input_type>
              <default_value>NA</default_value>
              <values>NA</values>
            </attribute>
            <attribute>
              <name>sex</name>
              <mutable>False</mutable>
              <input_type>select</input_type>
              <default_value>NA</default_value>
              <values>NA
Juvenile</values>
            </attribute>
            <attribute>
              <name>view</name>
              <mutable>False</mutable>
              <input_type>select</input_type>
              <default_value>Side</default_value>
              <values>Side
Top-down</values>
            </attribute>
          </attributes>
        </label>
        <label>
          <name>Chinook</name>
          <color>#2a7dd1</color>
          <attributes>
            <attribute>
              <name>adipose clipped</name>
              <mutable>False</mutable>
              <input_type>select</input_type>
              <default_value>No</default_value>
              <values>No
Yes
NA</values>
            </attribute>
            <attribute>
              <name>confidence level</name>
              <mutable>False</mutable>
              <input_type>select</input_type>
              <default_value>3</default_value>
              <values>3
2
1</values>
            </attribute>
            <attribute>
              <name>injury</name>
              <mutable>False</mutable>
              <input_type>select</input_type>
              <default_value>No</default_value>
              <values>No
Yes
NA</values>
            </attribute>
            <attribute>
              <name>notes</name>
              <mutable>False</mutable>
              <input_type>text</input_type>
              <default_value>NA</default_value>
              <values>NA</values>
            </attribute>
            <attribute>
              <name>sex</name>
              <mutable>False</mutable>
              <input_type>select</input_type>
              <default_value>Male</default_value>
              <values>Male
Female
Jack</values>
            </attribute>
            <attribute>
              <name>view</name>
              <mutable>False</mutable>
              <input_type>select</input_type>
              <default_value>Side</default_value>
              <values>Side
Top-down</values>
            </attribute>
          </attributes>
        </label>
        <label>
          <name>Pikeminnow</name>
          <color>#ecc49c</color>
          <attributes>
            <attribute>
              <name>confidence level</name>
              <mutable>False</mutable>
              <input_type>select</input_type>
              <default_value>3</default_value>
              <values>3
2
1</values>
            </attribute>
            <attribute>
              <name>notes</name>
              <mutable>False</mutable>
              <input_type>text</input_type>
              <default_value>NA</default_value>
              <values>NA</values>
            </attribute>
          </attributes>
        </label>
        <label>
          <name>Shiner</name>
          <color>#8c78f0</color>
          <attributes>
            <attribute>
              <name>confidence level</name>
              <mutable>False</mutable>
              <input_type>select</input_type>
              <default_value>3</default_value>
              <values>3
2
1</values>
            </attribute>
            <attribute>
              <name>notes</name>
              <mutable>False</mutable>
              <input_type>text</input_type>
              <default_value>NA</default_value>
              <values>NA</values>
            </attribute>
          </attributes>
        </label>
        <label>
          <name>Lampray</name>
          <color>#2e2930</color>
          <attributes>
            <attribute>
              <name>confidence level</name>
              <mutable>False</mutable>
              <input_type>select</input_type>
              <default_value>3</default_value>
              <values>3
2
1</values>
            </attribute>
            <attribute>
              <name>notes</name>
              <mutable>False</mutable>
              <input_type>text</input_type>
              <default_value>NA</default_value>
              <values>NA</values>
            </attribute>
          </attributes>
        </label>
      </labels>
      <original_size>
        <width>1920</width>
        <height>1080</height>
      </original_size>
    </task>
    <dumped>2021-12-14 21:25:59.242368+00:00</dumped>
    <source>09-12-2020 22-13-42 M Salmon Camera.m4v</source>
  </meta>
  <track id="0" label="Coho" source="manual">
    <box frame="102" outside="0" occluded="1" keyframe="1" xtl="0.00" ytl="603.35" xbr="88.45" ybr="897.36" z_order="0">
      <attribute name="notes">NA</attribute>
      <attribute name="sex">Male</attribute>
      <attribute name="view">Side</attribute>
      <attribute name="Adipose Clipped">No</attribute>
      <attribute name="confidence level">3</attribute>
      <attribute name="injury">No</attribute>
    </box>
    <box frame="103" outside="0" occluded="1" keyframe="0" xtl="0.00" ytl="587.65" xbr="184.79" ybr="897.36" z_order="0">
      <attribute name="notes">NA</attribute>
      <attribute name="sex">Male</attribute>
      <attribute name="view">Side</attribute>
      <attribute name="Adipose Clipped">No</attribute>
      <attribute name="confidence level">3</attribute>
      <attribute name="injury">No</attribute>
    </box>
    <box frame="104" outside="0" occluded="1" keyframe="0" xtl="0.00" ytl="571.96" xbr="281.12" ybr="897.36" z_order="0">
      <attribute name="notes">NA</attribute>
      <attribute name="sex">Male</attribute>
      <attribute name="view">Side</attribute>
      <attribute name="Adipose Clipped">No</attribute>
      <attribute name="confidence level">3</attribute>
      <attribute name="injury">No</attribute>
    </box>
    <box frame="105" outside="0" occluded="1" keyframe="0" xtl="0.00" ytl="556.26" xbr="377.46" ybr="897.36" z_order="0">
      <attribute name="notes">NA</attribute>
      <attribute name="sex">Male</attribute>
      <attribute name="view">Side</attribute>
      <attribute name="Adipose Clipped">No</attribute>
      <attribute name="confidence level">3</attribute>
      <attribute name="injury">No</attribute>
    </box>
    <box frame="106" outside="0" occluded="1" keyframe="0" xtl="0.00" ytl="540.57" xbr="473.79" ybr="897.36" z_order="0">
      <attribute name="notes">NA</attribute>
      <attribute name="sex">Male</attribute>
      <attribute name="view">Side</attribute>
      <attribute name="Adipose Clipped">No</attribute>
      <attribute name="confidence level">3</attribute>
      <attribute name="injury">No</attribute>
    </box>
    <box frame="107" outside="0" occluded="1" keyframe="0" xtl="0.00" ytl="524.87" xbr="570.13" ybr="897.36" z_order="0">
      <attribute name="notes">NA</attribute>
      <attribute name="sex">Male</attribute>
      <attribute name="view">Side</attribute>
      <attribute name="Adipose Clipped">No</attribute>
      <attribute name="confidence level">3</attribute>
      <attribute name="injury">No</attribute>
    </box>
    <box frame="108" outside="0" occluded="1" keyframe="0" xtl="0.00" ytl="509.18" xbr="666.46" ybr="897.36" z_order="0">
      <attribute name="notes">NA</attribute>
      <attribute name="sex">Male</attribute>
      <attribute name="view">Side</attribute>
      <attribute name="Adipose Clipped">No</attribute>
      <attribute name="confidence level">3</attribute>
      <attribute name="injury">No</attribute>
    </box>
    <box frame="109" outside="0" occluded="1" keyframe="0" xtl="0.00" ytl="493.48" xbr="762.80" ybr="897.36" z_order="0">
      <attribute name="notes">NA</attribute>
      <attribute name="sex">Male</attribute>
      <attribute name="view">Side</attribute>
      <attribute name="Adipose Clipped">No</attribute>
      <attribute name="confidence level">3</attribute>
      <attribute name="injury">No</attribute>
    </box>
    <box frame="110" outside="0" occluded="1" keyframe="0" xtl="0.00" ytl="477.79" xbr="859.13" ybr="897.36" z_order="0">
      <attribute name="notes">NA</attribute>
      <attribute name="sex">Male</attribute>
      <attribute name="view">Side</attribute>
      <attribute name="Adipose Clipped">No</attribute>
      <attribute name="confidence level">3</attribute>
      <attribute name="injury">No</attribute>
    </box>
    <box frame="111" outside="0" occluded="1" keyframe="0" xtl="0.00" ytl="462.09" xbr="955.47" ybr="897.36" z_order="0">
      <attribute name="notes">NA</attribute>
      <attribute name="sex">Male</attribute>
      <attribute name="view">Side</attribute>
      <attribute name="Adipose Clipped">No</attribute>
      <attribute name="confidence level">3</attribute>
      <attribute name="injury">No</attribute>
    </box>
    <box frame="112" outside="0" occluded="0" keyframe="1" xtl="0.00" ytl="446.40" xbr="1051.80" ybr="897.36" z_order="0">
      <attribute name="notes">NA</attribute>
      <attribute name="sex">Male</attribute>
      <attribute name="view">Side</attribute>
      <attribute name="Adipose Clipped">No</attribute>
      <attribute name="confidence level">3</attribute>
      <attribute name="injury">No</attribute>
    </box>
    <box frame="113" outside="0" occluded="0" keyframe="0" xtl="1.34" ytl="441.73" xbr="1138.62" ybr="905.87" z_order="0">
      <attribute name="notes">NA</attribute>
      <attribute name="sex">Male</attribute>
      <attribute name="view">Side</attribute>
      <attribute name="Adipose Clipped">No</attribute>
      <attribute name="confidence level">3</attribute>
      <attribute name="injury">No</attribute>
    </box>
    <box frame="114" outside="0" occluded="0" keyframe="0" xtl="2.68" ytl="437.05" xbr="1225.44" ybr="914.39" z_order="0">
      <attribute name="notes">NA</attribute>
      <attribute name="sex">Male</attribute>
      <attribute name="view">Side</attribute>
      <attribute name="Adipose Clipped">No</attribute>
      <attribute name="confidence level">3</attribute>
      <attribute name="injury">No</attribute>
    </box>
    <box frame="115" outside="0" occluded="0" keyframe="0" xtl="4.02" ytl="432.38" xbr="1312.26" ybr="922.90" z_order="0">
      <attribute name="notes">NA</attribute>
      <attribute name="sex">Male</attribute>
      <attribute name="view">Side</attribute>
      <attribute name="Adipose Clipped">No</attribute>
      <attribute name="confidence level">3</attribute>
      <attribute name="injury">No</attribute>
    </box>
    <box frame="116" outside="0" occluded="0" keyframe="0" xtl="5.36" ytl="427.70" xbr="1399.08" ybr="931.41" z_order="0">
      <attribute name="notes">NA</attribute>
      <attribute name="sex">Male</attribute>
      <attribute name="view">Side</attribute>
      <attribute name="Adipose Clipped">No</attribute>
      <attribute name="confidence level">3</attribute>
      <attribute name="injury">No</attribute>
    </box>
    <box frame="117" outside="0" occluded="0" keyframe="1" xtl="6.70" ytl="423.03" xbr="1485.90" ybr="939.93" z_order="0">
      <attribute name="notes">NA</attribute>
      <attribute name="sex">Male</attribute>
      <attribute name="view">Side</attribute>
      <attribute name="Adipose Clipped">No</attribute>
      <attribute name="confidence level">3</attribute>
      <attribute name="injury">No</attribute>
    </box>
    <box frame="118" outside="0" occluded="0" keyframe="0" xtl="29.25" ytl="418.35" xbr="1572.72" ybr="948.44" z_order="0">
      <attribute name="notes">NA</attribute>
      <attribute name="sex">Male</attribute>
      <attribute name="view">Side</attribute>
      <attribute name="Adipose Clipped">No</attribute>
      <attribute name="confidence level">3</attribute>
      <attribute name="injury">No</attribute>
    </box>
    <box frame="119" outside="0" occluded="0" keyframe="1" xtl="51.80" ytl="413.68" xbr="1659.54" ybr="956.96" z_order="0">
      <attribute name="notes">NA</attribute>
      <attribute name="sex">Male</attribute>
      <attribute name="view">Side</attribute>
      <attribute name="Adipose Clipped">No</attribute>
      <attribute name="confidence level">3</attribute>
      <attribute name="injury">No</attribute>
    </box>
    <box frame="120" outside="0" occluded="0" keyframe="0" xtl="142.50" ytl="409.00" xbr="1746.36" ybr="965.47" z_order="0">
      <attribute name="notes">NA</attribute>
      <attribute name="sex">Male</attribute>
      <attribute name="view">Side</attribute>
      <attribute name="Adipose Clipped">No</attribute>
      <attribute name="confidence level">3</attribute>
      <attribute name="injury">No</attribute>
    </box>
    <box frame="121" outside="0" occluded="0" keyframe="0" xtl="233.20" ytl="404.33" xbr="1833.18" ybr="973.99" z_order="0">
      <attribute name="notes">NA</attribute>
      <attribute name="sex">Male</attribute>
      <attribute name="view">Side</attribute>
      <attribute name="Adipose Clipped">No</attribute>
      <attribute name="confidence level">3</attribute>
      <attribute name="injury">No</attribute>
    </box>
    <box frame="122" outside="0" occluded="0" keyframe="1" xtl="323.90" ytl="399.65" xbr="1920.00" ybr="982.50" z_order="0">
      <attribute name="notes">NA</attribute>
      <attribute name="sex">Male</attribute>
      <attribute name="view">Side</attribute>
      <attribute name="Adipose Clipped">No</attribute>
      <attribute name="confidence level">3</attribute>
      <attribute name="injury">No</attribute>
    </box>
    <box frame="123" outside="0" occluded="0" keyframe="0" xtl="391.01" ytl="389.47" xbr="1920.00" ybr="972.32" z_order="0">
      <attribute name="notes">NA</attribute>
      <attribute name="sex">Male</attribute>
      <attribute name="view">Side</attribute>
      <attribute name="Adipose Clipped">No</attribute>
      <attribute name="confidence level">3</attribute>
      <attribute name="injury">No</attribute>
    </box>
    <box frame="124" outside="0" occluded="0" keyframe="0" xtl="458.13" ytl="379.28" xbr="1920.00" ybr="962.13" z_order="0">
      <attribute name="notes">NA</attribute>
      <attribute name="sex">Male</attribute>
      <attribute name="view">Side</attribute>
      <attribute name="Adipose Clipped">No</attribute>
      <attribute name="confidence level">3</attribute>
      <attribute name="injury">No</attribute>
    </box>
    <box frame="125" outside="0" occluded="0" keyframe="0" xtl="525.25" ytl="369.10" xbr="1920.00" ybr="951.95" z_order="0">
      <attribute name="notes">NA</attribute>
      <attribute name="sex">Male</attribute>
      <attribute name="view">Side</attribute>
      <attribute name="Adipose Clipped">No</attribute>
      <attribute name="confidence level">3</attribute>
      <attribute name="injury">No</attribute>
    </box>
    <box frame="126" outside="0" occluded="0" keyframe="0" xtl="592.36" ytl="358.91" xbr="1920.00" ybr="941.76" z_order="0">
      <attribute name="notes">NA</attribute>
      <attribute name="sex">Male</attribute>
      <attribute name="view">Side</attribute>
      <attribute name="Adipose Clipped">No</attribute>
      <attribute name="confidence level">3</attribute>
      <attribute name="injury">No</attribute>
    </box>
    <box frame="127" outside="0" occluded="0" keyframe="0" xtl="659.48" ytl="348.73" xbr="1920.00" ybr="931.58" z_order="0">
      <attribute name="notes">NA</attribute>
      <attribute name="sex">Male</attribute>
      <attribute name="view">Side</attribute>
      <attribute name="Adipose Clipped">No</attribute>
      <attribute name="confidence level">3</attribute>
      <attribute name="injury">No</attribute>
    </box>
    <box frame="128" outside="0" occluded="0" keyframe="0" xtl="726.59" ytl="338.55" xbr="1920.00" ybr="921.39" z_order="0">
      <attribute name="notes">NA</attribute>
      <attribute name="sex">Male</attribute>
      <attribute name="view">Side</attribute>
      <attribute name="Adipose Clipped">No</attribute>
      <attribute name="confidence level">3</attribute>
      <attribute name="injury">No</attribute>
    </box>
    <box frame="129" outside="0" occluded="0" keyframe="0" xtl="793.71" ytl="328.36" xbr="1920.00" ybr="911.21" z_order="0">
      <attribute name="notes">NA</attribute>
      <attribute name="sex">Male</attribute>
      <attribute name="view">Side</attribute>
      <attribute name="Adipose Clipped">No</attribute>
      <attribute name="confidence level">3</attribute>
      <attribute name="injury">No</attribute>
    </box>
    <box frame="130" outside="0" occluded="0" keyframe="0" xtl="860.83" ytl="318.18" xbr="1920.00" ybr="901.02" z_order="0">
      <attribute name="notes">NA</attribute>
      <attribute name="sex">Male</attribute>
      <attribute name="view">Side</attribute>
      <attribute name="Adipose Clipped">No</attribute>
      <attribute name="confidence level">3</attribute>
      <attribute name="injury">No</attribute>
    </box>
    <box frame="131" outside="0" occluded="0" keyframe="0" xtl="927.94" ytl="307.99" xbr="1920.00" ybr="890.84" z_order="0">
      <attribute name="notes">NA</attribute>
      <attribute name="sex">Male</attribute>
      <attribute name="view">Side</attribute>
      <attribute name="Adipose Clipped">No</attribute>
      <attribute name="confidence level">3</attribute>
      <attribute name="injury">No</attribute>
    </box>
    <box frame="132" outside="0" occluded="1" keyframe="1" xtl="995.06" ytl="297.81" xbr="1920.00" ybr="880.66" z_order="0">
      <attribute name="notes">NA</attribute>
      <attribute name="sex">Male</attribute>
      <attribute name="view">Side</attribute>
      <attribute name="Adipose Clipped">No</attribute>
      <attribute name="confidence level">3</attribute>
      <attribute name="injury">No</attribute>
    </box>
    <box frame="133" outside="0" occluded="1" keyframe="0" xtl="1012.92" ytl="294.81" xbr="1920.00" ybr="880.66" z_order="0">
      <attribute name="notes">NA</attribute>
      <attribute name="sex">Male</attribute>
      <attribute name="view">Side</attribute>
      <attribute name="Adipose Clipped">No</attribute>
      <attribute name="confidence level">3</attribute>
      <attribute name="injury">No</attribute>
    </box>
    <box frame="134" outside="0" occluded="1" keyframe="0" xtl="1030.79" ytl="291.81" xbr="1920.00" ybr="880.66" z_order="0">
      <attribute name="notes">NA</attribute>
      <attribute name="sex">Male</attribute>
      <attribute name="view">Side</attribute>
      <attribute name="Adipose Clipped">No</attribute>
      <attribute name="confidence level">3</attribute>
      <attribute name="injury">No</attribute>
    </box>
    <box frame="135" outside="0" occluded="1" keyframe="0" xtl="1048.65" ytl="288.81" xbr="1920.00" ybr="880.66" z_order="0">
      <attribute name="notes">NA</attribute>
      <attribute name="sex">Male</attribute>
      <attribute name="view">Side</attribute>
      <attribute name="Adipose Clipped">No</attribute>
      <attribute name="confidence level">3</attribute>
      <attribute name="injury">No</attribute>
    </box>
    <box frame="136" outside="0" occluded="1" keyframe="0" xtl="1066.52" ytl="285.81" xbr="1920.00" ybr="880.66" z_order="0">
      <attribute name="notes">NA</attribute>
      <attribute name="sex">Male</attribute>
      <attribute name="view">Side</attribute>
      <attribute name="Adipose Clipped">No</attribute>
      <attribute name="confidence level">3</attribute>
      <attribute name="injury">No</attribute>
    </box>
    <box frame="137" outside="0" occluded="1" keyframe="0" xtl="1084.38" ytl="282.80" xbr="1920.00" ybr="880.66" z_order="0">
      <attribute name="notes">NA</attribute>
      <attribute name="sex">Male</attribute>
      <attribute name="view">Side</attribute>
      <attribute name="Adipose Clipped">No</attribute>
      <attribute name="confidence level">3</attribute>
      <attribute name="injury">No</attribute>
    </box>
    <box frame="138" outside="0" occluded="1" keyframe="0" xtl="1102.24" ytl="279.80" xbr="1920.00" ybr="880.66" z_order="0">
      <attribute name="notes">NA</attribute>
      <attribute name="sex">Male</attribute>
      <attribute name="view">Side</attribute>
      <attribute name="Adipose Clipped">No</attribute>
      <attribute name="confidence level">3</attribute>
      <attribute name="injury">No</attribute>
    </box>
    <box frame="139" outside="0" occluded="1" keyframe="0" xtl="1120.11" ytl="276.80" xbr="1920.00" ybr="880.66" z_order="0">
      <attribute name="notes">NA</attribute>
      <attribute name="sex">Male</attribute>
      <attribute name="view">Side</attribute>
      <attribute name="Adipose Clipped">No</attribute>
      <attribute name="confidence level">3</attribute>
      <attribute name="injury">No</attribute>
    </box>
    <box frame="140" outside="0" occluded="1" keyframe="0" xtl="1137.97" ytl="273.80" xbr="1920.00" ybr="880.66" z_order="0">
      <attribute name="notes">NA</attribute>
      <attribute name="sex">Male</attribute>
      <attribute name="view">Side</attribute>
      <attribute name="Adipose Clipped">No</attribute>
      <attribute name="confidence level">3</attribute>
      <attribute name="injury">No</attribute>
    </box>
    <box frame="141" outside="0" occluded="1" keyframe="0" xtl="1155.84" ytl="270.80" xbr="1920.00" ybr="880.66" z_order="0">
      <attribute name="notes">NA</attribute>
      <attribute name="sex">Male</attribute>
      <attribute name="view">Side</attribute>
      <attribute name="Adipose Clipped">No</attribute>
      <attribute name="confidence level">3</attribute>
      <attribute name="injury">No</attribute>
    </box>
    <box frame="142" outside="0" occluded="1" keyframe="1" xtl="1173.70" ytl="267.80" xbr="1920.00" ybr="880.66" z_order="0">
      <attribute name="notes">NA</attribute>
      <attribute name="sex">Male</attribute>
      <attribute name="view">Side</attribute>
      <attribute name="Adipose Clipped">No</attribute>
      <attribute name="confidence level">3</attribute>
      <attribute name="injury">No</attribute>
    </box>
    <box frame="143" outside="0" occluded="1" keyframe="0" xtl="1093.75" ytl="267.30" xbr="1918.66" ybr="866.13" z_order="0">
      <attribute name="notes">NA</attribute>
      <attribute name="sex">Male</attribute>
      <attribute name="view">Side</attribute>
      <attribute name="Adipose Clipped">No</attribute>
      <attribute name="confidence level">3</attribute>
      <attribute name="injury">No</attribute>
    </box>
    <box frame="144" outside="0" occluded="1" keyframe="1" xtl="1013.80" ytl="266.80" xbr="1917.32" ybr="851.60" z_order="0">
      <attribute name="notes">NA</attribute>
      <attribute name="sex">Male</attribute>
      <attribute name="view">Side</attribute>
      <attribute name="Adipose Clipped">No</attribute>
      <attribute name="confidence level">3</attribute>
      <attribute name="injury">No</attribute>
    </box>
    <box frame="145" outside="0" occluded="1" keyframe="0" xtl="991.00" ytl="266.30" xbr="1915.98" ybr="837.08" z_order="0">
      <attribute name="notes">NA</attribute>
      <attribute name="sex">Male</attribute>
      <attribute name="view">Side</attribute>
      <attribute name="Adipose Clipped">No</attribute>
      <attribute name="confidence level">3</attribute>
      <attribute name="injury">No</attribute>
    </box>
    <box frame="146" outside="0" occluded="1" keyframe="1" xtl="968.20" ytl="265.80" xbr="1914.64" ybr="822.55" z_order="0">
      <attribute name="notes">NA</attribute>
      <attribute name="sex">Male</attribute>
      <attribute name="view">Side</attribute>
      <attribute name="Adipose Clipped">No</attribute>
      <attribute name="confidence level">3</attribute>
      <attribute name="injury">No</attribute>
    </box>
    <box frame="147" outside="0" occluded="1" keyframe="0" xtl="953.05" ytl="265.30" xbr="1913.30" ybr="808.03" z_order="0">
      <attribute name="notes">NA</attribute>
      <attribute name="sex">Male</attribute>
      <attribute name="view">Side</attribute>
      <attribute name="Adipose Clipped">No</attribute>
      <attribute name="confidence level">3</attribute>
      <attribute name="injury">No</attribute>
    </box>
    <box frame="148" outside="0" occluded="1" keyframe="0" xtl="937.90" ytl="264.80" xbr="1911.96" ybr="793.50" z_order="0">
      <attribute name="notes">NA</attribute>
      <attribute name="sex">Male</attribute>
      <attribute name="view">Side</attribute>
      <attribute name="Adipose Clipped">No</attribute>
      <attribute name="confidence level">3</attribute>
      <attribute name="injury">No</attribute>
    </box>
    <box frame="149" outside="0" occluded="1" keyframe="0" xtl="922.75" ytl="264.29" xbr="1910.62" ybr="778.98" z_order="0">
      <attribute name="notes">NA</attribute>
      <attribute name="sex">Male</attribute>
      <attribute name="view">Side</attribute>
      <attribute name="Adipose Clipped">No</attribute>
      <attribute name="confidence level">3</attribute>
      <attribute name="injury">No</attribute>
    </box>
    <box frame="150" outside="0" occluded="1" keyframe="1" xtl="907.60" ytl="263.79" xbr="1909.28" ybr="764.45" z_order="0">
      <attribute name="notes">NA</attribute>
      <attribute name="sex">Male</attribute>
      <attribute name="view">Side</attribute>
      <attribute name="Adipose Clipped">No</attribute>
      <attribute name="confidence level">3</attribute>
      <attribute name="injury">No</attribute>
    </box>
    <box frame="151" outside="0" occluded="1" keyframe="0" xtl="916.27" ytl="263.29" xbr="1907.94" ybr="749.93" z_order="0">
      <attribute name="notes">NA</attribute>
      <attribute name="sex">Male</attribute>
      <attribute name="view">Side</attribute>
      <attribute name="Adipose Clipped">No</attribute>
      <attribute name="confidence level">3</attribute>
      <attribute name="injury">No</attribute>
    </box>
    <box frame="152" outside="0" occluded="1" keyframe="1" xtl="924.93" ytl="262.79" xbr="1906.60" ybr="735.40" z_order="0">
      <attribute name="notes">NA</attribute>
      <attribute name="sex">Male</attribute>
      <attribute name="view">Side</attribute>
      <attribute name="Adipose Clipped">No</attribute>
      <attribute name="confidence level">3</attribute>
      <attribute name="injury">No</attribute>
    </box>
    <box frame="153" outside="0" occluded="1" keyframe="0" xtl="925.27" ytl="260.29" xbr="1906.93" ybr="732.90" z_order="0">
      <attribute name="notes">NA</attribute>
      <attribute name="sex">Male</attribute>
      <attribute name="view">Side</attribute>
      <attribute name="Adipose Clipped">No</attribute>
      <attribute name="confidence level">3</attribute>
      <attribute name="injury">No</attribute>
    </box>
    <box frame="154" outside="0" occluded="1" keyframe="0" xtl="925.60" ytl="257.78" xbr="1907.27" ybr="730.39" z_order="0">
      <attribute name="notes">NA</attribute>
      <attribute name="sex">Male</attribute>
      <attribute name="view">Side</attribute>
      <attribute name="Adipose Clipped">No</attribute>
      <attribute name="confidence level">3</attribute>
      <attribute name="injury">No</attribute>
    </box>
    <box frame="155" outside="0" occluded="1" keyframe="0" xtl="925.94" ytl="255.28" xbr="1907.60" ybr="727.89" z_order="0">
      <attribute name="notes">NA</attribute>
      <attribute name="sex">Male</attribute>
      <attribute name="view">Side</attribute>
      <attribute name="Adipose Clipped">No</attribute>
      <attribute name="confidence level">3</attribute>
      <attribute name="injury">No</attribute>
    </box>
    <box frame="156" outside="0" occluded="1" keyframe="0" xtl="926.27" ytl="252.77" xbr="1907.94" ybr="725.38" z_order="0">
      <attribute name="notes">NA</attribute>
      <attribute name="sex">Male</attribute>
      <attribute name="view">Side</attribute>
      <attribute name="Adipose Clipped">No</attribute>
      <attribute name="confidence level">3</attribute>
      <attribute name="injury">No</attribute>
    </box>
    <box frame="157" outside="0" occluded="1" keyframe="0" xtl="926.60" ytl="250.27" xbr="1908.27" ybr="722.88" z_order="0">
      <attribute name="notes">NA</attribute>
      <attribute name="sex">Male</attribute>
      <attribute name="view">Side</attribute>
      <attribute name="Adipose Clipped">No</attribute>
      <attribute name="confidence level">3</attribute>
      <attribute name="injury">No</attribute>
    </box>
    <box frame="158" outside="0" occluded="1" keyframe="0" xtl="926.94" ytl="247.77" xbr="1908.60" ybr="720.37" z_order="0">
      <attribute name="notes">NA</attribute>
      <attribute name="sex">Male</attribute>
      <attribute name="view">Side</attribute>
      <attribute name="Adipose Clipped">No</attribute>
      <attribute name="confidence level">3</attribute>
      <attribute name="injury">No</attribute>
    </box>
    <box frame="159" outside="0" occluded="1" keyframe="0" xtl="927.27" ytl="245.26" xbr="1908.94" ybr="717.87" z_order="0">
      <attribute name="notes">NA</attribute>
      <attribute name="sex">Male</attribute>
      <attribute name="view">Side</attribute>
      <attribute name="Adipose Clipped">No</attribute>
      <attribute name="confidence level">3</attribute>
      <attribute name="injury">No</attribute>
    </box>
    <box frame="160" outside="0" occluded="1" keyframe="0" xtl="927.61" ytl="242.76" xbr="1909.27" ybr="715.37" z_order="0">
      <attribute name="notes">NA</attribute>
      <attribute name="sex">Male</attribute>
      <attribute name="view">Side</attribute>
      <attribute name="Adipose Clipped">No</attribute>
      <attribute name="confidence level">3</attribute>
      <attribute name="injury">No</attribute>
    </box>
    <box frame="161" outside="0" occluded="1" keyframe="0" xtl="927.94" ytl="240.25" xbr="1909.61" ybr="712.86" z_order="0">
      <attribute name="notes">NA</attribute>
      <attribute name="sex">Male</attribute>
      <attribute name="view">Side</attribute>
      <attribute name="Adipose Clipped">No</attribute>
      <attribute name="confidence level">3</attribute>
      <attribute name="injury">No</attribute>
    </box>
    <box frame="162" outside="0" occluded="1" keyframe="1" xtl="928.27" ytl="237.75" xbr="1909.94" ybr="710.36" z_order="0">
      <attribute name="notes">NA</attribute>
      <attribute name="sex">Male</attribute>
      <attribute name="view">Side</attribute>
      <attribute name="Adipose Clipped">No</attribute>
      <attribute name="confidence level">3</attribute>
      <attribute name="injury">No</attribute>
    </box>
    <box frame="163" outside="0" occluded="1" keyframe="0" xtl="931.78" ytl="240.09" xbr="1910.95" ybr="712.69" z_order="0">
      <attribute name="notes">NA</attribute>
      <attribute name="sex">Male</attribute>
      <attribute name="view">Side</attribute>
      <attribute name="Adipose Clipped">No</attribute>
      <attribute name="confidence level">3</attribute>
      <attribute name="injury">No</attribute>
    </box>
    <box frame="164" outside="0" occluded="1" keyframe="0" xtl="935.29" ytl="242.42" xbr="1911.95" ybr="715.03" z_order="0">
      <attribute name="notes">NA</attribute>
      <attribute name="sex">Male</attribute>
      <attribute name="view">Side</attribute>
      <attribute name="Adipose Clipped">No</attribute>
      <attribute name="confidence level">3</attribute>
      <attribute name="injury">No</attribute>
    </box>
    <box frame="165" outside="0" occluded="1" keyframe="0" xtl="938.79" ytl="244.76" xbr="1912.96" ybr="717.37" z_order="0">
      <attribute name="notes">NA</attribute>
      <attribute name="sex">Male</attribute>
      <attribute name="view">Side</attribute>
      <attribute name="Adipose Clipped">No</attribute>
      <attribute name="confidence level">3</attribute>
      <attribute name="injury">No</attribute>
    </box>
    <box frame="166" outside="0" occluded="1" keyframe="0" xtl="942.30" ytl="247.10" xbr="1913.96" ybr="719.71" z_order="0">
      <attribute name="notes">NA</attribute>
      <attribute name="sex">Male</attribute>
      <attribute name="view">Side</attribute>
      <attribute name="Adipose Clipped">No</attribute>
      <attribute name="confidence level">3</attribute>
      <attribute name="injury">No</attribute>
    </box>
    <box frame="167" outside="0" occluded="1" keyframe="0" xtl="945.81" ytl="249.44" xbr="1914.97" ybr="722.04" z_order="0">
      <attribute name="notes">NA</attribute>
      <attribute name="sex">Male</attribute>
      <attribute name="view">Side</attribute>
      <attribute name="Adipose Clipped">No</attribute>
      <attribute name="confidence level">3</attribute>
      <attribute name="injury">No</attribute>
    </box>
    <box frame="168" outside="0" occluded="1" keyframe="0" xtl="949.31" ytl="251.77" xbr="1915.98" ybr="724.38" z_order="0">
      <attribute name="notes">NA</attribute>
      <attribute name="sex">Male</attribute>
      <attribute name="view">Side</attribute>
      <attribute name="Adipose Clipped">No</attribute>
      <attribute name="confidence level">3</attribute>
      <attribute name="injury">No</attribute>
    </box>
    <box frame="169" outside="0" occluded="1" keyframe="0" xtl="952.82" ytl="254.11" xbr="1916.98" ybr="726.72" z_order="0">
      <attribute name="notes">NA</attribute>
      <attribute name="sex">Male</attribute>
      <attribute name="view">Side</attribute>
      <attribute name="Adipose Clipped">No</attribute>
      <attribute name="confidence level">3</attribute>
      <attribute name="injury">No</attribute>
    </box>
    <box frame="170" outside="0" occluded="1" keyframe="0" xtl="956.32" ytl="256.45" xbr="1917.99" ybr="729.06" z_order="0">
      <attribute name="notes">NA</attribute>
      <attribute name="sex">Male</attribute>
      <attribute name="view">Side</attribute>
      <attribute name="Adipose Clipped">No</attribute>
      <attribute name="confidence level">3</attribute>
      <attribute name="injury">No</attribute>
    </box>
    <box frame="171" outside="0" occluded="1" keyframe="0" xtl="959.83" ytl="258.79" xbr="1918.99" ybr="731.39" z_order="0">
      <attribute name="notes">NA</attribute>
      <attribute name="sex">Male</attribute>
      <attribute name="view">Side</attribute>
      <attribute name="Adipose Clipped">No</attribute>
      <attribute name="confidence level">3</attribute>
      <attribute name="injury">No</attribute>
    </box>
    <box frame="172" outside="0" occluded="1" keyframe="1" xtl="963.34" ytl="261.12" xbr="1920.00" ybr="733.73" z_order="0">
      <attribute name="notes">NA</attribute>
      <attribute name="sex">Male</attribute>
      <attribute name="view">Side</attribute>
      <attribute name="Adipose Clipped">No</attribute>
      <attribute name="confidence level">3</attribute>
      <attribute name="injury">No</attribute>
    </box>
    <box frame="173" outside="0" occluded="1" keyframe="0" xtl="946.31" ytl="254.12" xbr="1915.33" ybr="745.75" z_order="0">
      <attribute name="notes">NA</attribute>
      <attribute name="sex">Male</attribute>
      <attribute name="view">Side</attribute>
      <attribute name="Adipose Clipped">No</attribute>
      <attribute name="confidence level">3</attribute>
      <attribute name="injury">No</attribute>
    </box>
    <box frame="174" outside="0" occluded="1" keyframe="0" xtl="929.28" ytl="247.11" xbr="1910.65" ybr="757.77" z_order="0">
      <attribute name="notes">NA</attribute>
      <attribute name="sex">Male</attribute>
      <attribute name="view">Side</attribute>
      <attribute name="Adipose Clipped">No</attribute>
      <attribute name="confidence level">3</attribute>
      <attribute name="injury">No</attribute>
    </box>
    <box frame="175" outside="0" occluded="1" keyframe="0" xtl="912.25" ytl="240.11" xbr="1905.98" ybr="769.79" z_order="0">
      <attribute name="notes">NA</attribute>
      <attribute name="sex">Male</attribute>
      <attribute name="view">Side</attribute>
      <attribute name="Adipose Clipped">No</attribute>
      <attribute name="confidence level">3</attribute>
      <attribute name="injury">No</attribute>
    </box>
    <box frame="176" outside="0" occluded="1" keyframe="0" xtl="895.23" ytl="233.10" xbr="1901.30" ybr="781.81" z_order="0">
      <attribute name="notes">NA</attribute>
      <attribute name="sex">Male</attribute>
      <attribute name="view">Side</attribute>
      <attribute name="Adipose Clipped">No</attribute>
      <attribute name="confidence level">3</attribute>
      <attribute name="injury">No</attribute>
    </box>
    <box frame="177" outside="0" occluded="1" keyframe="1" xtl="878.20" ytl="226.10" xbr="1896.63" ybr="793.83" z_order="0">
      <attribute name="notes">NA</attribute>
      <attribute name="sex">Male</attribute>
      <attribute name="view">Side</attribute>
      <attribute name="Adipose Clipped">No</attribute>
      <attribute name="confidence level">3</attribute>
      <attribute name="injury">No</attribute>
    </box>
    <box frame="178" outside="0" occluded="1" keyframe="0" xtl="872.51" ytl="257.15" xbr="1891.95" ybr="805.86" z_order="0">
      <attribute name="notes">NA</attribute>
      <attribute name="sex">Male</attribute>
      <attribute name="view">Side</attribute>
      <attribute name="Adipose Clipped">No</attribute>
      <attribute name="confidence level">3</attribute>
      <attribute name="injury">No</attribute>
    </box>
    <box frame="179" outside="0" occluded="1" keyframe="0" xtl="866.82" ytl="288.19" xbr="1887.28" ybr="817.88" z_order="0">
      <attribute name="notes">NA</attribute>
      <attribute name="sex">Male</attribute>
      <attribute name="view">Side</attribute>
      <attribute name="Adipose Clipped">No</attribute>
      <attribute name="confidence level">3</attribute>
      <attribute name="injury">No</attribute>
    </box>
    <box frame="180" outside="0" occluded="1" keyframe="0" xtl="861.13" ytl="319.24" xbr="1882.60" ybr="829.90" z_order="0">
      <attribute name="notes">NA</attribute>
      <attribute name="sex">Male</attribute>
      <attribute name="view">Side</attribute>
      <attribute name="Adipose Clipped">No</attribute>
      <attribute name="confidence level">3</attribute>
      <attribute name="injury">No</attribute>
    </box>
    <box frame="181" outside="0" occluded="1" keyframe="0" xtl="855.44" ytl="350.28" xbr="1877.93" ybr="841.92" z_order="0">
      <attribute name="notes">NA</attribute>
      <attribute name="sex">Male</attribute>
      <attribute name="view">Side</attribute>
      <attribute name="Adipose Clipped">No</attribute>
      <attribute name="confidence level">3</attribute>
      <attribute name="injury">No</attribute>
    </box>
    <box frame="182" outside="0" occluded="1" keyframe="1" xtl="849.76" ytl="381.33" xbr="1873.25" ybr="853.94" z_order="0">
      <attribute name="notes">NA</attribute>
      <attribute name="sex">Male</attribute>
      <attribute name="view">Side</attribute>
      <attribute name="Adipose Clipped">No</attribute>
      <attribute name="confidence level">3</attribute>
      <attribute name="injury">No</attribute>
    </box>
    <box frame="183" outside="0" occluded="1" keyframe="0" xtl="835.40" ytl="376.49" xbr="1865.74" ybr="855.11" z_order="0">
      <attribute name="notes">NA</attribute>
      <attribute name="sex">Male</attribute>
      <attribute name="view">Side</attribute>
      <attribute name="Adipose Clipped">No</attribute>
      <attribute name="confidence level">3</attribute>
      <attribute name="injury">No</attribute>
    </box>
    <box frame="184" outside="0" occluded="1" keyframe="0" xtl="821.04" ytl="371.64" xbr="1858.23" ybr="856.28" z_order="0">
      <attribute name="notes">NA</attribute>
      <attribute name="sex">Male</attribute>
      <attribute name="view">Side</attribute>
      <attribute name="Adipose Clipped">No</attribute>
      <attribute name="confidence level">3</attribute>
      <attribute name="injury">No</attribute>
    </box>
    <box frame="185" outside="0" occluded="1" keyframe="0" xtl="806.69" ytl="366.80" xbr="1850.71" ybr="857.45" z_order="0">
      <attribute name="notes">NA</attribute>
      <attribute name="sex">Male</attribute>
      <attribute name="view">Side</attribute>
      <attribute name="Adipose Clipped">No</attribute>
      <attribute name="confidence level">3</attribute>
      <attribute name="injury">No</attribute>
    </box>
    <box frame="186" outside="0" occluded="1" keyframe="0" xtl="792.33" ytl="361.96" xbr="1843.20" ybr="858.61" z_order="0">
      <attribute name="notes">NA</attribute>
      <attribute name="sex">Male</attribute>
      <attribute name="view">Side</attribute>
      <attribute name="Adipose Clipped">No</attribute>
      <attribute name="confidence level">3</attribute>
      <attribute name="injury">No</attribute>
    </box>
    <box frame="187" outside="0" occluded="1" keyframe="0" xtl="777.98" ytl="357.12" xbr="1835.69" ybr="859.78" z_order="0">
      <attribute name="notes">NA</attribute>
      <attribute name="sex">Male</attribute>
      <attribute name="view">Side</attribute>
      <attribute name="Adipose Clipped">No</attribute>
      <attribute name="confidence level">3</attribute>
      <attribute name="injury">No</attribute>
    </box>
    <box frame="188" outside="0" occluded="1" keyframe="0" xtl="763.62" ytl="352.27" xbr="1828.17" ybr="860.95" z_order="0">
      <attribute name="notes">NA</attribute>
      <attribute name="sex">Male</attribute>
      <attribute name="view">Side</attribute>
      <attribute name="Adipose Clipped">No</attribute>
      <attribute name="confidence level">3</attribute>
      <attribute name="injury">No</attribute>
    </box>
    <box frame="189" outside="0" occluded="1" keyframe="0" xtl="749.27" ytl="347.43" xbr="1820.66" ybr="862.12" z_order="0">
      <attribute name="notes">NA</attribute>
      <attribute name="sex">Male</attribute>
      <attribute name="view">Side</attribute>
      <attribute name="Adipose Clipped">No</attribute>
      <attribute name="confidence level">3</attribute>
      <attribute name="injury">No</attribute>
    </box>
    <box frame="190" outside="0" occluded="1" keyframe="0" xtl="734.91" ytl="342.59" xbr="1813.15" ybr="863.29" z_order="0">
      <attribute name="notes">NA</attribute>
      <attribute name="sex">Male</attribute>
      <attribute name="view">Side</attribute>
      <attribute name="Adipose Clipped">No</attribute>
      <attribute name="confidence level">3</attribute>
      <attribute name="injury">No</attribute>
    </box>
    <box frame="191" outside="0" occluded="1" keyframe="0" xtl="720.56" ytl="337.74" xbr="1805.63" ybr="864.46" z_order="0">
      <attribute name="notes">NA</attribute>
      <attribute name="sex">Male</attribute>
      <attribute name="view">Side</attribute>
      <attribute name="Adipose Clipped">No</attribute>
      <attribute name="confidence level">3</attribute>
      <attribute name="injury">No</attribute>
    </box>
    <box frame="192" outside="0" occluded="0" keyframe="1" xtl="706.20" ytl="332.90" xbr="1798.12" ybr="865.63" z_order="0">
      <attribute name="notes">NA</attribute>
      <attribute name="sex">Male</attribute>
      <attribute name="view">Side</attribute>
      <attribute name="Adipose Clipped">No</attribute>
      <attribute name="confidence level">3</attribute>
      <attribute name="injury">No</attribute>
    </box>
    <box frame="193" outside="0" occluded="0" keyframe="0" xtl="688.50" ytl="329.56" xbr="1780.42" ybr="862.29" z_order="0">
      <attribute name="notes">NA</attribute>
      <attribute name="sex">Male</attribute>
      <attribute name="view">Side</attribute>
      <attribute name="Adipose Clipped">No</attribute>
      <attribute name="confidence level">3</attribute>
      <attribute name="injury">No</attribute>
    </box>
    <box frame="194" outside="0" occluded="0" keyframe="0" xtl="670.81" ytl="326.22" xbr="1762.73" ybr="858.95" z_order="0">
      <attribute name="notes">NA</attribute>
      <attribute name="sex">Male</attribute>
      <attribute name="view">Side</attribute>
      <attribute name="Adipose Clipped">No</attribute>
      <attribute name="confidence level">3</attribute>
      <attribute name="injury">No</attribute>
    </box>
    <box frame="195" outside="0" occluded="0" keyframe="0" xtl="653.11" ytl="322.88" xbr="1745.03" ybr="855.61" z_order="0">
      <attribute name="notes">NA</attribute>
      <attribute name="sex">Male</attribute>
      <attribute name="view">Side</attribute>
      <attribute name="Adipose Clipped">No</attribute>
      <attribute name="confidence level">3</attribute>
      <attribute name="injury">No</attribute>
    </box>
    <box frame="196" outside="0" occluded="0" keyframe="0" xtl="635.41" ytl="319.54" xbr="1727.33" ybr="852.27" z_order="0">
      <attribute name="notes">NA</attribute>
      <attribute name="sex">Male</attribute>
      <attribute name="view">Side</attribute>
      <attribute name="Adipose Clipped">No</attribute>
      <attribute name="confidence level">3</attribute>
      <attribute name="injury">No</attribute>
    </box>
    <box frame="197" outside="0" occluded="0" keyframe="0" xtl="617.71" ytl="316.20" xbr="1709.63" ybr="848.93" z_order="0">
      <attribute name="notes">NA</attribute>
      <attribute name="sex">Male</attribute>
      <attribute name="view">Side</attribute>
      <attribute name="Adipose Clipped">No</attribute>
      <attribute name="confidence level">3</attribute>
      <attribute name="injury">No</attribute>
    </box>
    <box frame="198" outside="0" occluded="0" keyframe="0" xtl="600.02" ytl="312.86" xbr="1691.94" ybr="845.59" z_order="0">
      <attribute name="notes">NA</attribute>
      <attribute name="sex">Male</attribute>
      <attribute name="view">Side</attribute>
      <attribute name="Adipose Clipped">No</attribute>
      <attribute name="confidence level">3</attribute>
      <attribute name="injury">No</attribute>
    </box>
    <box frame="199" outside="0" occluded="0" keyframe="0" xtl="582.32" ytl="309.53" xbr="1674.24" ybr="842.25" z_order="0">
      <attribute name="notes">NA</attribute>
      <attribute name="sex">Male</attribute>
      <attribute name="view">Side</attribute>
      <attribute name="Adipose Clipped">No</attribute>
      <attribute name="confidence level">3</attribute>
      <attribute name="injury">No</attribute>
    </box>
    <box frame="200" outside="0" occluded="0" keyframe="0" xtl="564.62" ytl="306.19" xbr="1656.54" ybr="838.91" z_order="0">
      <attribute name="notes">NA</attribute>
      <attribute name="sex">Male</attribute>
      <attribute name="view">Side</attribute>
      <attribute name="Adipose Clipped">No</attribute>
      <attribute name="confidence level">3</attribute>
      <attribute name="injury">No</attribute>
    </box>
    <box frame="201" outside="0" occluded="0" keyframe="0" xtl="546.92" ytl="302.85" xbr="1638.84" ybr="835.57" z_order="0">
      <attribute name="notes">NA</attribute>
      <attribute name="sex">Male</attribute>
      <attribute name="view">Side</attribute>
      <attribute name="Adipose Clipped">No</attribute>
      <attribute name="confidence level">3</attribute>
      <attribute name="injury">No</attribute>
    </box>
    <box frame="202" outside="0" occluded="0" keyframe="1" xtl="529.23" ytl="299.51" xbr="1621.15" ybr="832.23" z_order="0">
      <attribute name="notes">NA</attribute>
      <attribute name="sex">Male</attribute>
      <attribute name="view">Side</attribute>
      <attribute name="Adipose Clipped">No</attribute>
      <attribute name="confidence level">3</attribute>
      <attribute name="injury">No</attribute>
    </box>
    <box frame="203" outside="0" occluded="0" keyframe="0" xtl="520.87" ytl="299.01" xbr="1618.47" ybr="832.57" z_order="0">
      <attribute name="notes">NA</attribute>
      <attribute name="sex">Male</attribute>
      <attribute name="view">Side</attribute>
      <attribute name="Adipose Clipped">No</attribute>
      <attribute name="confidence level">3</attribute>
      <attribute name="injury">No</attribute>
    </box>
    <box frame="204" outside="0" occluded="0" keyframe="0" xtl="512.52" ytl="298.51" xbr="1615.80" ybr="832.90" z_order="0">
      <attribute name="notes">NA</attribute>
      <attribute name="sex">Male</attribute>
      <attribute name="view">Side</attribute>
      <attribute name="Adipose Clipped">No</attribute>
      <attribute name="confidence level">3</attribute>
      <attribute name="injury">No</attribute>
    </box>
    <box frame="205" outside="0" occluded="0" keyframe="0" xtl="504.17" ytl="298.01" xbr="1613.13" ybr="833.24" z_order="0">
      <attribute name="notes">NA</attribute>
      <attribute name="sex">Male</attribute>
      <attribute name="view">Side</attribute>
      <attribute name="Adipose Clipped">No</attribute>
      <attribute name="confidence level">3</attribute>
      <attribute name="injury">No</attribute>
    </box>
    <box frame="206" outside="0" occluded="0" keyframe="0" xtl="495.82" ytl="297.50" xbr="1610.46" ybr="833.57" z_order="0">
      <attribute name="notes">NA</attribute>
      <attribute name="sex">Male</attribute>
      <attribute name="view">Side</attribute>
      <attribute name="Adipose Clipped">No</attribute>
      <attribute name="confidence level">3</attribute>
      <attribute name="injury">No</attribute>
    </box>
    <box frame="207" outside="0" occluded="0" keyframe="0" xtl="487.46" ytl="297.00" xbr="1607.79" ybr="833.90" z_order="0">
      <attribute name="notes">NA</attribute>
      <attribute name="sex">Male</attribute>
      <attribute name="view">Side</attribute>
      <attribute name="Adipose Clipped">No</attribute>
      <attribute name="confidence level">3</attribute>
      <attribute name="injury">No</attribute>
    </box>
    <box frame="208" outside="0" occluded="0" keyframe="0" xtl="479.11" ytl="296.50" xbr="1605.12" ybr="834.24" z_order="0">
      <attribute name="notes">NA</attribute>
      <attribute name="sex">Male</attribute>
      <attribute name="view">Side</attribute>
      <attribute name="Adipose Clipped">No</attribute>
      <attribute name="confidence level">3</attribute>
      <attribute name="injury">No</attribute>
    </box>
    <box frame="209" outside="0" occluded="0" keyframe="0" xtl="470.76" ytl="296.00" xbr="1602.45" ybr="834.57" z_order="0">
      <attribute name="notes">NA</attribute>
      <attribute name="sex">Male</attribute>
      <attribute name="view">Side</attribute>
      <attribute name="Adipose Clipped">No</attribute>
      <attribute name="confidence level">3</attribute>
      <attribute name="injury">No</attribute>
    </box>
    <box frame="210" outside="0" occluded="0" keyframe="0" xtl="462.41" ytl="295.50" xbr="1599.78" ybr="834.91" z_order="0">
      <attribute name="notes">NA</attribute>
      <attribute name="sex">Male</attribute>
      <attribute name="view">Side</attribute>
      <attribute name="Adipose Clipped">No</attribute>
      <attribute name="confidence level">3</attribute>
      <attribute name="injury">No</attribute>
    </box>
    <box frame="211" outside="0" occluded="0" keyframe="0" xtl="454.05" ytl="295.00" xbr="1597.10" ybr="835.24" z_order="0">
      <attribute name="notes">NA</attribute>
      <attribute name="sex">Male</attribute>
      <attribute name="view">Side</attribute>
      <attribute name="Adipose Clipped">No</attribute>
      <attribute name="confidence level">3</attribute>
      <attribute name="injury">No</attribute>
    </box>
    <box frame="212" outside="0" occluded="0" keyframe="1" xtl="445.70" ytl="294.50" xbr="1594.43" ybr="835.57" z_order="0">
      <attribute name="notes">NA</attribute>
      <attribute name="sex">Male</attribute>
      <attribute name="view">Side</attribute>
      <attribute name="Adipose Clipped">No</attribute>
      <attribute name="confidence level">3</attribute>
      <attribute name="injury">No</attribute>
    </box>
    <box frame="213" outside="0" occluded="0" keyframe="0" xtl="434.68" ytl="296.00" xbr="1576.07" ybr="837.08" z_order="0">
      <attribute name="notes">NA</attribute>
      <attribute name="sex">Male</attribute>
      <attribute name="view">Side</attribute>
      <attribute name="Adipose Clipped">No</attribute>
      <attribute name="confidence level">3</attribute>
      <attribute name="injury">No</attribute>
    </box>
    <box frame="214" outside="0" occluded="0" keyframe="0" xtl="423.66" ytl="297.51" xbr="1557.71" ybr="838.58" z_order="0">
      <attribute name="notes">NA</attribute>
      <attribute name="sex">Male</attribute>
      <attribute name="view">Side</attribute>
      <attribute name="Adipose Clipped">No</attribute>
      <attribute name="confidence level">3</attribute>
      <attribute name="injury">No</attribute>
    </box>
    <box frame="215" outside="0" occluded="0" keyframe="0" xtl="412.64" ytl="299.01" xbr="1539.34" ybr="840.08" z_order="0">
      <attribute name="notes">NA</attribute>
      <attribute name="sex">Male</attribute>
      <attribute name="view">Side</attribute>
      <attribute name="Adipose Clipped">No</attribute>
      <attribute name="confidence level">3</attribute>
      <attribute name="injury">No</attribute>
    </box>
    <box frame="216" outside="0" occluded="0" keyframe="0" xtl="401.62" ytl="300.51" xbr="1520.98" ybr="841.58" z_order="0">
      <attribute name="notes">NA</attribute>
      <attribute name="sex">Male</attribute>
      <attribute name="view">Side</attribute>
      <attribute name="Adipose Clipped">No</attribute>
      <attribute name="confidence level">3</attribute>
      <attribute name="injury">No</attribute>
    </box>
    <box frame="217" outside="0" occluded="0" keyframe="0" xtl="390.60" ytl="302.01" xbr="1502.62" ybr="843.09" z_order="0">
      <attribute name="notes">NA</attribute>
      <attribute name="sex">Male</attribute>
      <attribute name="view">Side</attribute>
      <attribute name="Adipose Clipped">No</attribute>
      <attribute name="confidence level">3</attribute>
      <attribute name="injury">No</attribute>
    </box>
    <box frame="218" outside="0" occluded="0" keyframe="0" xtl="379.59" ytl="303.52" xbr="1484.25" ybr="844.59" z_order="0">
      <attribute name="notes">NA</attribute>
      <attribute name="sex">Male</attribute>
      <attribute name="view">Side</attribute>
      <attribute name="Adipose Clipped">No</attribute>
      <attribute name="confidence level">3</attribute>
      <attribute name="injury">No</attribute>
    </box>
    <box frame="219" outside="0" occluded="0" keyframe="0" xtl="368.57" ytl="305.02" xbr="1465.89" ybr="846.09" z_order="0">
      <attribute name="notes">NA</attribute>
      <attribute name="sex">Male</attribute>
      <attribute name="view">Side</attribute>
      <attribute name="Adipose Clipped">No</attribute>
      <attribute name="confidence level">3</attribute>
      <attribute name="injury">No</attribute>
    </box>
    <box frame="220" outside="0" occluded="0" keyframe="0" xtl="357.55" ytl="306.52" xbr="1447.53" ybr="847.59" z_order="0">
      <attribute name="notes">NA</attribute>
      <attribute name="sex">Male</attribute>
      <attribute name="view">Side</attribute>
      <attribute name="Adipose Clipped">No</attribute>
      <attribute name="confidence level">3</attribute>
      <attribute name="injury">No</attribute>
    </box>
    <box frame="221" outside="0" occluded="0" keyframe="0" xtl="346.53" ytl="308.02" xbr="1429.16" ybr="849.10" z_order="0">
      <attribute name="notes">NA</attribute>
      <attribute name="sex">Male</attribute>
      <attribute name="view">Side</attribute>
      <attribute name="Adipose Clipped">No</attribute>
      <attribute name="confidence level">3</attribute>
      <attribute name="injury">No</attribute>
    </box>
    <box frame="222" outside="0" occluded="0" keyframe="1" xtl="335.51" ytl="309.53" xbr="1410.80" ybr="850.60" z_order="0">
      <attribute name="notes">NA</attribute>
      <attribute name="sex">Male</attribute>
      <attribute name="view">Side</attribute>
      <attribute name="Adipose Clipped">No</attribute>
      <attribute name="confidence level">3</attribute>
      <attribute name="injury">No</attribute>
    </box>
    <box frame="223" outside="0" occluded="0" keyframe="0" xtl="326.66" ytl="307.19" xbr="1382.08" ybr="872.81" z_order="0">
      <attribute name="notes">NA</attribute>
      <attribute name="sex">Male</attribute>
      <attribute name="view">Side</attribute>
      <attribute name="Adipose Clipped">No</attribute>
      <attribute name="confidence level">3</attribute>
      <attribute name="injury">No</attribute>
    </box>
    <box frame="224" outside="0" occluded="0" keyframe="0" xtl="317.81" ytl="304.85" xbr="1353.36" ybr="895.02" z_order="0">
      <attribute name="notes">NA</attribute>
      <attribute name="sex">Male</attribute>
      <attribute name="view">Side</attribute>
      <attribute name="Adipose Clipped">No</attribute>
      <attribute name="confidence level">3</attribute>
      <attribute name="injury">No</attribute>
    </box>
    <box frame="225" outside="0" occluded="0" keyframe="0" xtl="308.96" ytl="302.51" xbr="1324.64" ybr="917.23" z_order="0">
      <attribute name="notes">NA</attribute>
      <attribute name="sex">Male</attribute>
      <attribute name="view">Side</attribute>
      <attribute name="Adipose Clipped">No</attribute>
      <attribute name="confidence level">3</attribute>
      <attribute name="injury">No</attribute>
    </box>
    <box frame="226" outside="0" occluded="0" keyframe="0" xtl="300.11" ytl="300.18" xbr="1295.92" ybr="939.44" z_order="0">
      <attribute name="notes">NA</attribute>
      <attribute name="sex">Male</attribute>
      <attribute name="view">Side</attribute>
      <attribute name="Adipose Clipped">No</attribute>
      <attribute name="confidence level">3</attribute>
      <attribute name="injury">No</attribute>
    </box>
    <box frame="227" outside="0" occluded="0" keyframe="0" xtl="291.26" ytl="297.84" xbr="1267.20" ybr="961.65" z_order="0">
      <attribute name="notes">NA</attribute>
      <attribute name="sex">Male</attribute>
      <attribute name="view">Side</attribute>
      <attribute name="Adipose Clipped">No</attribute>
      <attribute name="confidence level">3</attribute>
      <attribute name="injury">No</attribute>
    </box>
    <box frame="228" outside="0" occluded="0" keyframe="0" xtl="282.42" ytl="295.50" xbr="1238.48" ybr="983.86" z_order="0">
      <attribute name="notes">NA</attribute>
      <attribute name="sex">Male</attribute>
      <attribute name="view">Side</attribute>
      <attribute name="Adipose Clipped">No</attribute>
      <attribute name="confidence level">3</attribute>
      <attribute name="injury">No</attribute>
    </box>
    <box frame="229" outside="0" occluded="0" keyframe="0" xtl="273.57" ytl="293.16" xbr="1209.76" ybr="1006.07" z_order="0">
      <attribute name="notes">NA</attribute>
      <attribute name="sex">Male</attribute>
      <attribute name="view">Side</attribute>
      <attribute name="Adipose Clipped">No</attribute>
      <attribute name="confidence level">3</attribute>
      <attribute name="injury">No</attribute>
    </box>
    <box frame="230" outside="0" occluded="0" keyframe="0" xtl="264.72" ytl="290.83" xbr="1181.04" ybr="1028.28" z_order="0">
      <attribute name="notes">NA</attribute>
      <attribute name="sex">Male</attribute>
      <attribute name="view">Side</attribute>
      <attribute name="Adipose Clipped">No</attribute>
      <attribute name="confidence level">3</attribute>
      <attribute name="injury">No</attribute>
    </box>
    <box frame="231" outside="0" occluded="0" keyframe="0" xtl="255.87" ytl="288.49" xbr="1152.32" ybr="1050.49" z_order="0">
      <attribute name="notes">NA</attribute>
      <attribute name="sex">Male</attribute>
      <attribute name="view">Side</attribute>
      <attribute name="Adipose Clipped">No</attribute>
      <attribute name="confidence level">3</attribute>
      <attribute name="injury">No</attribute>
    </box>
    <box frame="232" outside="0" occluded="0" keyframe="1" xtl="247.02" ytl="286.15" xbr="1123.60" ybr="1072.70" z_order="0">
      <attribute name="notes">NA</attribute>
      <attribute name="sex">Male</attribute>
      <attribute name="view">Side</attribute>
      <attribute name="Adipose Clipped">No</attribute>
      <attribute name="confidence level">3</attribute>
      <attribute name="injury">No</attribute>
    </box>
    <box frame="233" outside="0" occluded="0" keyframe="0" xtl="197.62" ytl="296.01" xbr="1072.18" ybr="1061.85" z_order="0">
      <attribute name="notes">NA</attribute>
      <attribute name="sex">Male</attribute>
      <attribute name="view">Side</attribute>
      <attribute name="Adipose Clipped">No</attribute>
      <attribute name="confidence level">3</attribute>
      <attribute name="injury">No</attribute>
    </box>
    <box frame="234" outside="0" occluded="0" keyframe="0" xtl="148.21" ytl="305.86" xbr="1020.76" ybr="1051.00" z_order="0">
      <attribute name="notes">NA</attribute>
      <attribute name="sex">Male</attribute>
      <attribute name="view">Side</attribute>
      <attribute name="Adipose Clipped">No</attribute>
      <attribute name="confidence level">3</attribute>
      <attribute name="injury">No</attribute>
    </box>
    <box frame="235" outside="0" occluded="0" keyframe="0" xtl="98.81" ytl="315.72" xbr="969.34" ybr="1040.15" z_order="0">
      <attribute name="notes">NA</attribute>
      <attribute name="sex">Male</attribute>
      <attribute name="view">Side</attribute>
      <attribute name="Adipose Clipped">No</attribute>
      <attribute name="confidence level">3</attribute>
      <attribute name="injury">No</attribute>
    </box>
    <box frame="236" outside="0" occluded="0" keyframe="0" xtl="49.40" ytl="325.57" xbr="917.92" ybr="1029.30" z_order="0">
      <attribute name="notes">NA</attribute>
      <attribute name="sex">Male</attribute>
      <attribute name="view">Side</attribute>
      <attribute name="Adipose Clipped">No</attribute>
      <attribute name="confidence level">3</attribute>
      <attribute name="injury">No</attribute>
    </box>
    <box frame="237" outside="0" occluded="0" keyframe="1" xtl="0.00" ytl="335.43" xbr="866.50" ybr="1018.45" z_order="0">
      <attribute name="notes">NA</attribute>
      <attribute name="sex">Male</attribute>
      <attribute name="view">Side</attribute>
      <attribute name="Adipose Clipped">No</attribute>
      <attribute name="confidence level">3</attribute>
      <attribute name="injury">No</attribute>
    </box>
    <box frame="238" outside="0" occluded="0" keyframe="0" xtl="0.00" ytl="345.28" xbr="815.08" ybr="1007.60" z_order="0">
      <attribute name="notes">NA</attribute>
      <attribute name="sex">Male</attribute>
      <attribute name="view">Side</attribute>
      <attribute name="Adipose Clipped">No</attribute>
      <attribute name="confidence level">3</attribute>
      <attribute name="injury">No</attribute>
    </box>
    <box frame="239" outside="0" occluded="0" keyframe="0" xtl="0.00" ytl="355.14" xbr="763.66" ybr="996.75" z_order="0">
      <attribute name="notes">NA</attribute>
      <attribute name="sex">Male</attribute>
      <attribute name="view">Side</attribute>
      <attribute name="Adipose Clipped">No</attribute>
      <attribute name="confidence level">3</attribute>
      <attribute name="injury">No</attribute>
    </box>
    <box frame="240" outside="0" occluded="0" keyframe="0" xtl="0.00" ytl="364.99" xbr="712.24" ybr="985.90" z_order="0">
      <attribute name="notes">NA</attribute>
      <attribute name="sex">Male</attribute>
      <attribute name="view">Side</attribute>
      <attribute name="Adipose Clipped">No</attribute>
      <attribute name="confidence level">3</attribute>
      <attribute name="injury">No</attribute>
    </box>
    <box frame="241" outside="0" occluded="0" keyframe="0" xtl="0.00" ytl="374.85" xbr="660.82" ybr="975.05" z_order="0">
      <attribute name="notes">NA</attribute>
      <attribute name="sex">Male</attribute>
      <attribute name="view">Side</attribute>
      <attribute name="Adipose Clipped">No</attribute>
      <attribute name="confidence level">3</attribute>
      <attribute name="injury">No</attribute>
    </box>
    <box frame="242" outside="0" occluded="0" keyframe="1" xtl="0.00" ytl="384.70" xbr="609.40" ybr="964.20" z_order="0">
      <attribute name="notes">NA</attribute>
      <attribute name="sex">Male</attribute>
      <attribute name="view">Side</attribute>
      <attribute name="Adipose Clipped">No</attribute>
      <attribute name="confidence level">3</attribute>
      <attribute name="injury">No</attribute>
    </box>
    <box frame="243" outside="0" occluded="0" keyframe="0" xtl="0.00" ytl="395.05" xbr="566.49" ybr="956.85" z_order="0">
      <attribute name="notes">NA</attribute>
      <attribute name="sex">Male</attribute>
      <attribute name="view">Side</attribute>
      <attribute name="Adipose Clipped">No</attribute>
      <attribute name="confidence level">3</attribute>
      <attribute name="injury">No</attribute>
    </box>
    <box frame="244" outside="0" occluded="0" keyframe="0" xtl="0.00" ytl="405.41" xbr="523.58" ybr="949.51" z_order="0">
      <attribute name="notes">NA</attribute>
      <attribute name="sex">Male</attribute>
      <attribute name="view">Side</attribute>
      <attribute name="Adipose Clipped">No</attribute>
      <attribute name="confidence level">3</attribute>
      <attribute name="injury">No</attribute>
    </box>
    <box frame="245" outside="0" occluded="0" keyframe="0" xtl="0.00" ytl="415.76" xbr="480.67" ybr="942.16" z_order="0">
      <attribute name="notes">NA</attribute>
      <attribute name="sex">Male</attribute>
      <attribute name="view">Side</attribute>
      <attribute name="Adipose Clipped">No</attribute>
      <attribute name="confidence level">3</attribute>
      <attribute name="injury">No</attribute>
    </box>
    <box frame="246" outside="0" occluded="0" keyframe="0" xtl="0.00" ytl="426.12" xbr="437.76" ybr="934.82" z_order="0">
      <attribute name="notes">NA</attribute>
      <attribute name="sex">Male</attribute>
      <attribute name="view">Side</attribute>
      <attribute name="Adipose Clipped">No</attribute>
      <attribute name="confidence level">3</attribute>
      <attribute name="injury">No</attribute>
    </box>
    <box frame="247" outside="0" occluded="0" keyframe="0" xtl="0.00" ytl="436.47" xbr="394.85" ybr="927.47" z_order="0">
      <attribute name="notes">NA</attribute>
      <attribute name="sex">Male</attribute>
      <attribute name="view">Side</attribute>
      <attribute name="Adipose Clipped">No</attribute>
      <attribute name="confidence level">3</attribute>
      <attribute name="injury">No</attribute>
    </box>
    <box frame="248" outside="0" occluded="0" keyframe="0" xtl="0.00" ytl="446.82" xbr="351.94" ybr="920.12" z_order="0">
      <attribute name="notes">NA</attribute>
      <attribute name="sex">Male</attribute>
      <attribute name="view">Side</attribute>
      <attribute name="Adipose Clipped">No</attribute>
      <attribute name="confidence level">3</attribute>
      <attribute name="injury">No</attribute>
    </box>
    <box frame="249" outside="0" occluded="0" keyframe="0" xtl="0.00" ytl="457.18" xbr="309.03" ybr="912.78" z_order="0">
      <attribute name="notes">NA</attribute>
      <attribute name="sex">Male</attribute>
      <attribute name="view">Side</attribute>
      <attribute name="Adipose Clipped">No</attribute>
      <attribute name="confidence level">3</attribute>
      <attribute name="injury">No</attribute>
    </box>
    <box frame="250" outside="0" occluded="0" keyframe="0" xtl="0.00" ytl="467.53" xbr="266.12" ybr="905.43" z_order="0">
      <attribute name="notes">NA</attribute>
      <attribute name="sex">Male</attribute>
      <attribute name="view">Side</attribute>
      <attribute name="Adipose Clipped">No</attribute>
      <attribute name="confidence level">3</attribute>
      <attribute name="injury">No</attribute>
    </box>
    <box frame="251" outside="0" occluded="0" keyframe="0" xtl="0.00" ytl="477.89" xbr="223.21" ybr="898.09" z_order="0">
      <attribute name="notes">NA</attribute>
      <attribute name="sex">Male</attribute>
      <attribute name="view">Side</attribute>
      <attribute name="Adipose Clipped">No</attribute>
      <attribute name="confidence level">3</attribute>
      <attribute name="injury">No</attribute>
    </box>
    <box frame="252" outside="0" occluded="0" keyframe="1" xtl="0.00" ytl="488.24" xbr="180.30" ybr="890.74" z_order="0">
      <attribute name="notes">NA</attribute>
      <attribute name="sex">Male</attribute>
      <attribute name="view">Side</attribute>
      <attribute name="Adipose Clipped">No</attribute>
      <attribute name="confidence level">3</attribute>
      <attribute name="injury">No</attribute>
    </box>
    <box frame="253" outside="0" occluded="0" keyframe="0" xtl="0.00" ytl="488.24" xbr="161.46" ybr="890.74" z_order="0">
      <attribute name="notes">NA</attribute>
      <attribute name="sex">Male</attribute>
      <attribute name="view">Side</attribute>
      <attribute name="Adipose Clipped">No</attribute>
      <attribute name="confidence level">3</attribute>
      <attribute name="injury">No</attribute>
    </box>
    <box frame="254" outside="0" occluded="0" keyframe="0" xtl="0.00" ytl="488.24" xbr="142.61" ybr="890.74" z_order="0">
      <attribute name="notes">NA</attribute>
      <attribute name="sex">Male</attribute>
      <attribute name="view">Side</attribute>
      <attribute name="Adipose Clipped">No</attribute>
      <attribute name="confidence level">3</attribute>
      <attribute name="injury">No</attribute>
    </box>
    <box frame="255" outside="0" occluded="0" keyframe="0" xtl="0.00" ytl="488.24" xbr="123.77" ybr="890.74" z_order="0">
      <attribute name="notes">NA</attribute>
      <attribute name="sex">Male</attribute>
      <attribute name="view">Side</attribute>
      <attribute name="Adipose Clipped">No</attribute>
      <attribute name="confidence level">3</attribute>
      <attribute name="injury">No</attribute>
    </box>
    <box frame="256" outside="0" occluded="0" keyframe="0" xtl="0.00" ytl="488.24" xbr="104.93" ybr="890.74" z_order="0">
      <attribute name="notes">NA</attribute>
      <attribute name="sex">Male</attribute>
      <attribute name="view">Side</attribute>
      <attribute name="Adipose Clipped">No</attribute>
      <attribute name="confidence level">3</attribute>
      <attribute name="injury">No</attribute>
    </box>
    <box frame="257" outside="0" occluded="0" keyframe="0" xtl="0.00" ytl="488.24" xbr="86.09" ybr="890.74" z_order="0">
      <attribute name="notes">NA</attribute>
      <attribute name="sex">Male</attribute>
      <attribute name="view">Side</attribute>
      <attribute name="Adipose Clipped">No</attribute>
      <attribute name="confidence level">3</attribute>
      <attribute name="injury">No</attribute>
    </box>
    <box frame="258" outside="0" occluded="0" keyframe="0" xtl="0.00" ytl="488.24" xbr="67.24" ybr="890.74" z_order="0">
      <attribute name="notes">NA</attribute>
      <attribute name="sex">Male</attribute>
      <attribute name="view">Side</attribute>
      <attribute name="Adipose Clipped">No</attribute>
      <attribute name="confidence level">3</attribute>
      <attribute name="injury">No</attribute>
    </box>
    <box frame="259" outside="0" occluded="0" keyframe="1" xtl="0.00" ytl="488.24" xbr="48.40" ybr="890.74" z_order="0">
      <attribute name="notes">NA</attribute>
      <attribute name="sex">Male</attribute>
      <attribute name="view">Side</attribute>
      <attribute name="Adipose Clipped">No</attribute>
      <attribute name="confidence level">3</attribute>
      <attribute name="injury">No</attribute>
    </box>
    <box frame="260" outside="1" occluded="0" keyframe="1" xtl="0.00" ytl="488.24" xbr="48.40" ybr="890.74" z_order="0">
      <attribute name="notes">NA</attribute>
      <attribute name="sex">Male</attribute>
      <attribute name="view">Side</attribute>
      <attribute name="Adipose Clipped">No</attribute>
      <attribute name="confidence level">3</attribute>
      <attribute name="injury">No</attribute>
    </box>
  </track>
</annotations>
