<?xml version="1.0" encoding="utf-8"?>
<annotations>
  <version>1.1</version>
  <meta>
    <task>
      <id>23</id>
      <name>Right Bank 2020-07-31_04_04_37_394</name>
      <size>309</size>
      <mode>interpolation</mode>
      <overlap>5</overlap>
      <bugtracker></bugtracker>
      <created>2021-03-29 21:01:17.456286+00:00</created>
      <updated>2021-03-29 22:51:27.994232+00:00</updated>
      <start_frame>0</start_frame>
      <stop_frame>308</stop_frame>
      <frame_filter></frame_filter>
      <labels>
        <label>
          <name>Coho</name>
          <color>#83e070</color>
          <attributes>
            <attribute>
              <name>Adipose Clipped</name>
              <mutable>False</mutable>
              <input_type>select</input_type>
              <default_value>No</default_value>
              <values>No
Yes
NA</values>
            </attribute>
            <attribute>
              <name>Confidence Level</name>
              <mutable>False</mutable>
              <input_type>select</input_type>
              <default_value>3</default_value>
              <values>3
2
1</values>
            </attribute>
            <attribute>
              <name>Injury</name>
              <mutable>False</mutable>
              <input_type>select</input_type>
              <default_value>No</default_value>
              <values>No
Yes
NA</values>
            </attribute>
            <attribute>
              <name>Notes</name>
              <mutable>False</mutable>
              <input_type>text</input_type>
              <default_value>NA</default_value>
              <values>NA</values>
            </attribute>
            <attribute>
              <name>Sex</name>
              <mutable>False</mutable>
              <input_type>select</input_type>
              <default_value>Male</default_value>
              <values>Male
Female
Jack</values>
            </attribute>
          </attributes>
        </label>
        <label>
          <name>Chum</name>
          <color>#b83df5</color>
          <attributes>
            <attribute>
              <name>Adipose Clipped</name>
              <mutable>False</mutable>
              <input_type>select</input_type>
              <default_value>No</default_value>
              <values>No
Yes
NA</values>
            </attribute>
            <attribute>
              <name>Confidence Level</name>
              <mutable>False</mutable>
              <input_type>select</input_type>
              <default_value>3</default_value>
              <values>3
2
1</values>
            </attribute>
            <attribute>
              <name>Injury</name>
              <mutable>False</mutable>
              <input_type>select</input_type>
              <default_value>No</default_value>
              <values>No
Yes
NA</values>
            </attribute>
            <attribute>
              <name>Notes</name>
              <mutable>False</mutable>
              <input_type>text</input_type>
              <default_value>NA</default_value>
              <values>NA</values>
            </attribute>
            <attribute>
              <name>Sex</name>
              <mutable>False</mutable>
              <input_type>select</input_type>
              <default_value>Male</default_value>
              <values>Male
Female</values>
            </attribute>
          </attributes>
        </label>
        <label>
          <name>Whitefish</name>
          <color>#f1f0f5</color>
          <attributes>
            <attribute>
              <name>Injury</name>
              <mutable>False</mutable>
              <input_type>select</input_type>
              <default_value>No</default_value>
              <values>No
Yes
NA</values>
            </attribute>
            <attribute>
              <name>Notes</name>
              <mutable>False</mutable>
              <input_type>text</input_type>
              <default_value>NA</default_value>
              <values>NA</values>
            </attribute>
            <attribute>
              <name>Sex</name>
              <mutable>False</mutable>
              <input_type>select</input_type>
              <default_value>NA</default_value>
              <values>NA</values>
            </attribute>
            <attribute>
              <name>View</name>
              <mutable>False</mutable>
              <input_type>select</input_type>
              <default_value>Top-down</default_value>
              <values>Top-down
Side</values>
            </attribute>
            <attribute>
              <name>Adipose Clipped</name>
              <mutable>False</mutable>
              <input_type>select</input_type>
              <default_value>No</default_value>
              <values>No
Yes
NA</values>
            </attribute>
            <attribute>
              <name>Confidence Level</name>
              <mutable>False</mutable>
              <input_type>select</input_type>
              <default_value>3</default_value>
              <values>3
2
1</values>
            </attribute>
          </attributes>
        </label>
        <label>
          <name>Rainbow</name>
          <color>#fa32b7</color>
          <attributes>
            <attribute>
              <name>Confidence Level</name>
              <mutable>False</mutable>
              <input_type>select</input_type>
              <default_value>3</default_value>
              <values>3
2
1</values>
            </attribute>
            <attribute>
              <name>Injury</name>
              <mutable>False</mutable>
              <input_type>select</input_type>
              <default_value>No</default_value>
              <values>No
Yes
NA</values>
            </attribute>
            <attribute>
              <name>Notes</name>
              <mutable>False</mutable>
              <input_type>text</input_type>
              <default_value>NA</default_value>
              <values>NA</values>
            </attribute>
            <attribute>
              <name>Sex</name>
              <mutable>False</mutable>
              <input_type>select</input_type>
              <default_value>NA</default_value>
              <values>NA
Juvenile</values>
            </attribute>
            <attribute>
              <name>Adipose Clipped</name>
              <mutable>False</mutable>
              <input_type>select</input_type>
              <default_value>No</default_value>
              <values>No
Yes
NA</values>
            </attribute>
          </attributes>
        </label>
        <label>
          <name>Bull</name>
          <color>#ff6a4d</color>
          <attributes>
            <attribute>
              <name>Adipose Clipped</name>
              <mutable>False</mutable>
              <input_type>select</input_type>
              <default_value>No</default_value>
              <values>No
NA</values>
            </attribute>
            <attribute>
              <name>Confidence Level</name>
              <mutable>False</mutable>
              <input_type>select</input_type>
              <default_value>3</default_value>
              <values>3
2
1</values>
            </attribute>
            <attribute>
              <name>Injury</name>
              <mutable>False</mutable>
              <input_type>select</input_type>
              <default_value>No</default_value>
              <values>No
Yes
NA</values>
            </attribute>
            <attribute>
              <name>Notes</name>
              <mutable>False</mutable>
              <input_type>text</input_type>
              <default_value>NA</default_value>
              <values>NA</values>
            </attribute>
            <attribute>
              <name>Sex</name>
              <mutable>False</mutable>
              <input_type>select</input_type>
              <default_value>NA</default_value>
              <values>NA
Juvenile</values>
            </attribute>
            <attribute>
              <name>View</name>
              <mutable>False</mutable>
              <input_type>select</input_type>
              <default_value>Top-down</default_value>
              <values>Top-down
Side</values>
            </attribute>
          </attributes>
        </label>
        <label>
          <name>Pink</name>
          <color>#fa7dbb</color>
          <attributes>
            <attribute>
              <name>Notes</name>
              <mutable>False</mutable>
              <input_type>text</input_type>
              <default_value>NA</default_value>
              <values>NA</values>
            </attribute>
            <attribute>
              <name>Sex</name>
              <mutable>False</mutable>
              <input_type>select</input_type>
              <default_value>Male</default_value>
              <values>Male
Female</values>
            </attribute>
            <attribute>
              <name>Adipose Clipped</name>
              <mutable>False</mutable>
              <input_type>select</input_type>
              <default_value>No</default_value>
              <values>No
Yes
NA</values>
            </attribute>
            <attribute>
              <name>Confidence Level</name>
              <mutable>False</mutable>
              <input_type>select</input_type>
              <default_value>3</default_value>
              <values>3
2
1</values>
            </attribute>
            <attribute>
              <name>Injury</name>
              <mutable>False</mutable>
              <input_type>select</input_type>
              <default_value>No</default_value>
              <values>No
Yes
NA</values>
            </attribute>
          </attributes>
        </label>
        <label>
          <name>Steelhead</name>
          <color>#66ff66</color>
          <attributes>
            <attribute>
              <name>Adipose Clipped</name>
              <mutable>False</mutable>
              <input_type>select</input_type>
              <default_value>No</default_value>
              <values>No
Yes
NA</values>
            </attribute>
            <attribute>
              <name>Confidence Level</name>
              <mutable>False</mutable>
              <input_type>select</input_type>
              <default_value>3</default_value>
              <values>3
2
1</values>
            </attribute>
            <attribute>
              <name>Injury</name>
              <mutable>False</mutable>
              <input_type>select</input_type>
              <default_value>No</default_value>
              <values>No
Yes
NA</values>
            </attribute>
            <attribute>
              <name>Notes</name>
              <mutable>False</mutable>
              <input_type>text</input_type>
              <default_value>NA</default_value>
              <values>NA</values>
            </attribute>
            <attribute>
              <name>Sex</name>
              <mutable>False</mutable>
              <input_type>select</input_type>
              <default_value>Male</default_value>
              <values>Male
Female</values>
            </attribute>
          </attributes>
        </label>
        <label>
          <name>Chinook</name>
          <color>#cc3366</color>
          <attributes>
            <attribute>
              <name>Adipose Clipped</name>
              <mutable>False</mutable>
              <input_type>select</input_type>
              <default_value>No</default_value>
              <values>No
Yes
NA</values>
            </attribute>
            <attribute>
              <name>Confidence Level</name>
              <mutable>False</mutable>
              <input_type>select</input_type>
              <default_value>3</default_value>
              <values>3
2
1</values>
            </attribute>
            <attribute>
              <name>Injury</name>
              <mutable>False</mutable>
              <input_type>select</input_type>
              <default_value>No</default_value>
              <values>No
Yes
NA</values>
            </attribute>
            <attribute>
              <name>Notes</name>
              <mutable>False</mutable>
              <input_type>text</input_type>
              <default_value>NA</default_value>
              <values>NA</values>
            </attribute>
            <attribute>
              <name>Sex</name>
              <mutable>False</mutable>
              <input_type>select</input_type>
              <default_value>Male</default_value>
              <values>Male
Female
Jack</values>
            </attribute>
            <attribute>
              <name>View</name>
              <mutable>False</mutable>
              <input_type>select</input_type>
              <default_value>Top-down</default_value>
              <values>Top-down
Side</values>
            </attribute>
          </attributes>
        </label>
        <label>
          <name>Sockeye</name>
          <color>#fa3253</color>
          <attributes>
            <attribute>
              <name>Injury</name>
              <mutable>False</mutable>
              <input_type>select</input_type>
              <default_value>No</default_value>
              <values>No
Yes
NA</values>
            </attribute>
            <attribute>
              <name>Notes</name>
              <mutable>False</mutable>
              <input_type>text</input_type>
              <default_value>NA</default_value>
              <values>NA</values>
            </attribute>
            <attribute>
              <name>Sex</name>
              <mutable>False</mutable>
              <input_type>select</input_type>
              <default_value>Male</default_value>
              <values>Male
Female</values>
            </attribute>
            <attribute>
              <name>View</name>
              <mutable>False</mutable>
              <input_type>select</input_type>
              <default_value>Top-down</default_value>
              <values>Top-down
Side</values>
            </attribute>
            <attribute>
              <name>Adipose Clipped</name>
              <mutable>False</mutable>
              <input_type>select</input_type>
              <default_value>No</default_value>
              <values>No
Yes
NA</values>
            </attribute>
            <attribute>
              <name>Confidence Level</name>
              <mutable>False</mutable>
              <input_type>select</input_type>
              <default_value>3</default_value>
              <values>3
2
1</values>
            </attribute>
          </attributes>
        </label>
      </labels>
      <segments>
        <segment>
          <id>23</id>
          <start>0</start>
          <stop>308</stop>
          <url>httplocalhost:8080/?id=23</url>
        </segment>
      </segments>
      <owner>
        <username>bna19</username>
        <email>bna19@sfu.ca</email>
      </owner>
      <assignee></assignee>
      <original_size>
        <width>1280</width>
        <height>720</height>
      </original_size>
    </task>
    <dumped>2021-03-29 22:51:34.931029+00:00</dumped>
    <source>Right Bank 2020-07-31_04_04_37_394.asf</source>
  </meta>
  <track id="0" label="Sockeye" source="manual">
    <box frame="54" outside="0" occluded="0" keyframe="1" xtl="0.00" ytl="208.75" xbr="187.50" ybr="377.50" z_order="0">
      <attribute name="Sex">Male</attribute>
      <attribute name="Adipose Clipped">No</attribute>
      <attribute name="Injury">No</attribute>
      <attribute name="Confidence Level">3</attribute>
      <attribute name="Notes">NA</attribute>
      <attribute name="View">Side</attribute>
    </box>
    <box frame="55" outside="0" occluded="0" keyframe="0" xtl="0.00" ytl="208.75" xbr="195.62" ybr="377.18" z_order="0">
      <attribute name="Sex">Male</attribute>
      <attribute name="Adipose Clipped">No</attribute>
      <attribute name="Injury">No</attribute>
      <attribute name="Confidence Level">3</attribute>
      <attribute name="Notes">NA</attribute>
      <attribute name="View">Side</attribute>
    </box>
    <box frame="56" outside="0" occluded="0" keyframe="0" xtl="0.00" ytl="208.75" xbr="203.75" ybr="376.85" z_order="0">
      <attribute name="Sex">Male</attribute>
      <attribute name="Adipose Clipped">No</attribute>
      <attribute name="Injury">No</attribute>
      <attribute name="Confidence Level">3</attribute>
      <attribute name="Notes">NA</attribute>
      <attribute name="View">Side</attribute>
    </box>
    <box frame="57" outside="0" occluded="0" keyframe="0" xtl="0.00" ytl="208.75" xbr="211.88" ybr="376.53" z_order="0">
      <attribute name="Sex">Male</attribute>
      <attribute name="Adipose Clipped">No</attribute>
      <attribute name="Injury">No</attribute>
      <attribute name="Confidence Level">3</attribute>
      <attribute name="Notes">NA</attribute>
      <attribute name="View">Side</attribute>
    </box>
    <box frame="58" outside="0" occluded="0" keyframe="1" xtl="0.00" ytl="208.75" xbr="220.00" ybr="376.20" z_order="0">
      <attribute name="Sex">Male</attribute>
      <attribute name="Adipose Clipped">No</attribute>
      <attribute name="Injury">No</attribute>
      <attribute name="Confidence Level">3</attribute>
      <attribute name="Notes">NA</attribute>
      <attribute name="View">Side</attribute>
    </box>
    <box frame="59" outside="0" occluded="0" keyframe="1" xtl="0.00" ytl="191.20" xbr="265.00" ybr="376.20" z_order="0">
      <attribute name="Sex">Male</attribute>
      <attribute name="Adipose Clipped">No</attribute>
      <attribute name="Injury">No</attribute>
      <attribute name="Confidence Level">3</attribute>
      <attribute name="Notes">NA</attribute>
      <attribute name="View">Side</attribute>
    </box>
    <box frame="60" outside="0" occluded="0" keyframe="1" xtl="0.00" ytl="191.20" xbr="292.50" ybr="376.20" z_order="0">
      <attribute name="Sex">Male</attribute>
      <attribute name="Adipose Clipped">No</attribute>
      <attribute name="Injury">No</attribute>
      <attribute name="Confidence Level">3</attribute>
      <attribute name="Notes">NA</attribute>
      <attribute name="View">Side</attribute>
    </box>
    <box frame="61" outside="0" occluded="0" keyframe="1" xtl="0.00" ytl="191.20" xbr="298.70" ybr="376.20" z_order="0">
      <attribute name="Sex">Male</attribute>
      <attribute name="Adipose Clipped">No</attribute>
      <attribute name="Injury">No</attribute>
      <attribute name="Confidence Level">3</attribute>
      <attribute name="Notes">NA</attribute>
      <attribute name="View">Side</attribute>
    </box>
    <box frame="62" outside="0" occluded="0" keyframe="0" xtl="0.00" ytl="184.95" xbr="316.20" ybr="376.20" z_order="0">
      <attribute name="Sex">Male</attribute>
      <attribute name="Adipose Clipped">No</attribute>
      <attribute name="Injury">No</attribute>
      <attribute name="Confidence Level">3</attribute>
      <attribute name="Notes">NA</attribute>
      <attribute name="View">Side</attribute>
    </box>
    <box frame="63" outside="0" occluded="0" keyframe="1" xtl="0.00" ytl="178.70" xbr="333.70" ybr="376.20" z_order="0">
      <attribute name="Sex">Male</attribute>
      <attribute name="Adipose Clipped">No</attribute>
      <attribute name="Injury">No</attribute>
      <attribute name="Confidence Level">3</attribute>
      <attribute name="Notes">NA</attribute>
      <attribute name="View">Side</attribute>
    </box>
    <box frame="64" outside="0" occluded="0" keyframe="1" xtl="0.00" ytl="163.70" xbr="398.70" ybr="376.20" z_order="0">
      <attribute name="Sex">Male</attribute>
      <attribute name="Adipose Clipped">No</attribute>
      <attribute name="Injury">No</attribute>
      <attribute name="Confidence Level">3</attribute>
      <attribute name="Notes">NA</attribute>
      <attribute name="View">Side</attribute>
    </box>
    <box frame="65" outside="0" occluded="0" keyframe="0" xtl="0.00" ytl="154.95" xbr="416.20" ybr="376.20" z_order="0">
      <attribute name="Sex">Male</attribute>
      <attribute name="Adipose Clipped">No</attribute>
      <attribute name="Injury">No</attribute>
      <attribute name="Confidence Level">3</attribute>
      <attribute name="Notes">NA</attribute>
      <attribute name="View">Side</attribute>
    </box>
    <box frame="66" outside="0" occluded="0" keyframe="1" xtl="0.00" ytl="146.20" xbr="433.70" ybr="376.20" z_order="0">
      <attribute name="Sex">Male</attribute>
      <attribute name="Adipose Clipped">No</attribute>
      <attribute name="Injury">No</attribute>
      <attribute name="Confidence Level">3</attribute>
      <attribute name="Notes">NA</attribute>
      <attribute name="View">Side</attribute>
    </box>
    <box frame="67" outside="0" occluded="0" keyframe="0" xtl="0.00" ytl="148.70" xbr="461.20" ybr="376.20" z_order="0">
      <attribute name="Sex">Male</attribute>
      <attribute name="Adipose Clipped">No</attribute>
      <attribute name="Injury">No</attribute>
      <attribute name="Confidence Level">3</attribute>
      <attribute name="Notes">NA</attribute>
      <attribute name="View">Side</attribute>
    </box>
    <box frame="68" outside="0" occluded="0" keyframe="1" xtl="0.00" ytl="151.20" xbr="488.70" ybr="376.20" z_order="0">
      <attribute name="Sex">Male</attribute>
      <attribute name="Adipose Clipped">No</attribute>
      <attribute name="Injury">No</attribute>
      <attribute name="Confidence Level">3</attribute>
      <attribute name="Notes">NA</attribute>
      <attribute name="View">Side</attribute>
    </box>
    <box frame="69" outside="0" occluded="0" keyframe="1" xtl="0.00" ytl="151.20" xbr="541.20" ybr="376.20" z_order="0">
      <attribute name="Sex">Male</attribute>
      <attribute name="Adipose Clipped">No</attribute>
      <attribute name="Injury">No</attribute>
      <attribute name="Confidence Level">3</attribute>
      <attribute name="Notes">NA</attribute>
      <attribute name="View">Side</attribute>
    </box>
    <box frame="70" outside="0" occluded="0" keyframe="0" xtl="0.00" ytl="151.20" xbr="582.45" ybr="378.70" z_order="0">
      <attribute name="Sex">Male</attribute>
      <attribute name="Adipose Clipped">No</attribute>
      <attribute name="Injury">No</attribute>
      <attribute name="Confidence Level">3</attribute>
      <attribute name="Notes">NA</attribute>
      <attribute name="View">Side</attribute>
    </box>
    <box frame="71" outside="0" occluded="0" keyframe="1" xtl="0.00" ytl="151.20" xbr="623.70" ybr="381.20" z_order="0">
      <attribute name="Sex">Male</attribute>
      <attribute name="Adipose Clipped">No</attribute>
      <attribute name="Injury">No</attribute>
      <attribute name="Confidence Level">3</attribute>
      <attribute name="Notes">NA</attribute>
      <attribute name="View">Side</attribute>
    </box>
    <box frame="72" outside="0" occluded="0" keyframe="0" xtl="0.00" ytl="165.60" xbr="662.45" ybr="389.30" z_order="0">
      <attribute name="Sex">Male</attribute>
      <attribute name="Adipose Clipped">No</attribute>
      <attribute name="Injury">No</attribute>
      <attribute name="Confidence Level">3</attribute>
      <attribute name="Notes">NA</attribute>
      <attribute name="View">Side</attribute>
    </box>
    <box frame="73" outside="0" occluded="0" keyframe="1" xtl="0.00" ytl="180.00" xbr="701.20" ybr="397.40" z_order="0">
      <attribute name="Sex">Male</attribute>
      <attribute name="Adipose Clipped">No</attribute>
      <attribute name="Injury">No</attribute>
      <attribute name="Confidence Level">3</attribute>
      <attribute name="Notes">NA</attribute>
      <attribute name="View">Side</attribute>
    </box>
    <box frame="74" outside="0" occluded="0" keyframe="1" xtl="30.00" ytl="180.00" xbr="793.70" ybr="397.40" z_order="0">
      <attribute name="Sex">Male</attribute>
      <attribute name="Adipose Clipped">No</attribute>
      <attribute name="Injury">No</attribute>
      <attribute name="Confidence Level">3</attribute>
      <attribute name="Notes">NA</attribute>
      <attribute name="View">Side</attribute>
    </box>
    <box frame="75" outside="0" occluded="0" keyframe="1" xtl="92.50" ytl="181.25" xbr="856.20" ybr="398.65" z_order="0">
      <attribute name="Sex">Male</attribute>
      <attribute name="Adipose Clipped">No</attribute>
      <attribute name="Injury">No</attribute>
      <attribute name="Confidence Level">3</attribute>
      <attribute name="Notes">NA</attribute>
      <attribute name="View">Side</attribute>
    </box>
    <box frame="76" outside="0" occluded="0" keyframe="1" xtl="156.25" ytl="178.75" xbr="919.95" ybr="396.15" z_order="0">
      <attribute name="Sex">Male</attribute>
      <attribute name="Adipose Clipped">No</attribute>
      <attribute name="Injury">No</attribute>
      <attribute name="Confidence Level">3</attribute>
      <attribute name="Notes">NA</attribute>
      <attribute name="View">Side</attribute>
    </box>
    <box frame="77" outside="0" occluded="0" keyframe="1" xtl="193.75" ytl="178.75" xbr="957.45" ybr="396.15" z_order="0">
      <attribute name="Sex">Male</attribute>
      <attribute name="Adipose Clipped">No</attribute>
      <attribute name="Injury">No</attribute>
      <attribute name="Confidence Level">3</attribute>
      <attribute name="Notes">NA</attribute>
      <attribute name="View">Side</attribute>
    </box>
    <box frame="78" outside="0" occluded="0" keyframe="1" xtl="218.75" ytl="172.50" xbr="982.45" ybr="389.90" z_order="0">
      <attribute name="Sex">Male</attribute>
      <attribute name="Adipose Clipped">No</attribute>
      <attribute name="Injury">No</attribute>
      <attribute name="Confidence Level">3</attribute>
      <attribute name="Notes">NA</attribute>
      <attribute name="View">Side</attribute>
    </box>
    <box frame="79" outside="0" occluded="0" keyframe="1" xtl="333.75" ytl="168.75" xbr="1097.45" ybr="386.15" z_order="0">
      <attribute name="Sex">Male</attribute>
      <attribute name="Adipose Clipped">No</attribute>
      <attribute name="Injury">No</attribute>
      <attribute name="Confidence Level">3</attribute>
      <attribute name="Notes">NA</attribute>
      <attribute name="View">Side</attribute>
    </box>
    <box frame="80" outside="0" occluded="0" keyframe="1" xtl="386.25" ytl="171.25" xbr="1149.95" ybr="388.65" z_order="0">
      <attribute name="Sex">Male</attribute>
      <attribute name="Adipose Clipped">No</attribute>
      <attribute name="Injury">No</attribute>
      <attribute name="Confidence Level">3</attribute>
      <attribute name="Notes">NA</attribute>
      <attribute name="View">Side</attribute>
    </box>
    <box frame="81" outside="0" occluded="0" keyframe="1" xtl="447.50" ytl="171.25" xbr="1211.20" ybr="388.65" z_order="0">
      <attribute name="Sex">Male</attribute>
      <attribute name="Adipose Clipped">No</attribute>
      <attribute name="Injury">No</attribute>
      <attribute name="Confidence Level">3</attribute>
      <attribute name="Notes">NA</attribute>
      <attribute name="View">Side</attribute>
    </box>
    <box frame="82" outside="0" occluded="0" keyframe="1" xtl="536.25" ytl="168.75" xbr="1280.00" ybr="386.15" z_order="0">
      <attribute name="Sex">Male</attribute>
      <attribute name="Adipose Clipped">No</attribute>
      <attribute name="Injury">No</attribute>
      <attribute name="Confidence Level">3</attribute>
      <attribute name="Notes">NA</attribute>
      <attribute name="View">Side</attribute>
    </box>
    <box frame="83" outside="0" occluded="0" keyframe="1" xtl="601.25" ytl="161.25" xbr="1280.00" ybr="378.65" z_order="0">
      <attribute name="Sex">Male</attribute>
      <attribute name="Adipose Clipped">No</attribute>
      <attribute name="Injury">No</attribute>
      <attribute name="Confidence Level">3</attribute>
      <attribute name="Notes">NA</attribute>
      <attribute name="View">Side</attribute>
    </box>
    <box frame="84" outside="0" occluded="0" keyframe="1" xtl="703.75" ytl="153.75" xbr="1280.00" ybr="371.15" z_order="0">
      <attribute name="Sex">Male</attribute>
      <attribute name="Adipose Clipped">No</attribute>
      <attribute name="Injury">No</attribute>
      <attribute name="Confidence Level">3</attribute>
      <attribute name="Notes">NA</attribute>
      <attribute name="View">Side</attribute>
    </box>
    <box frame="85" outside="0" occluded="0" keyframe="1" xtl="762.50" ytl="153.75" xbr="1280.00" ybr="371.15" z_order="0">
      <attribute name="Sex">Male</attribute>
      <attribute name="Adipose Clipped">No</attribute>
      <attribute name="Injury">No</attribute>
      <attribute name="Confidence Level">3</attribute>
      <attribute name="Notes">NA</attribute>
      <attribute name="View">Side</attribute>
    </box>
    <box frame="86" outside="0" occluded="0" keyframe="1" xtl="811.25" ytl="161.25" xbr="1280.00" ybr="378.65" z_order="0">
      <attribute name="Sex">Male</attribute>
      <attribute name="Adipose Clipped">No</attribute>
      <attribute name="Injury">No</attribute>
      <attribute name="Confidence Level">3</attribute>
      <attribute name="Notes">NA</attribute>
      <attribute name="View">Side</attribute>
    </box>
    <box frame="87" outside="0" occluded="0" keyframe="1" xtl="852.50" ytl="161.25" xbr="1280.00" ybr="378.65" z_order="0">
      <attribute name="Sex">Male</attribute>
      <attribute name="Adipose Clipped">No</attribute>
      <attribute name="Injury">No</attribute>
      <attribute name="Confidence Level">3</attribute>
      <attribute name="Notes">NA</attribute>
      <attribute name="View">Side</attribute>
    </box>
    <box frame="88" outside="0" occluded="0" keyframe="1" xtl="902.50" ytl="167.50" xbr="1280.00" ybr="384.90" z_order="0">
      <attribute name="Sex">Male</attribute>
      <attribute name="Adipose Clipped">No</attribute>
      <attribute name="Injury">No</attribute>
      <attribute name="Confidence Level">3</attribute>
      <attribute name="Notes">NA</attribute>
      <attribute name="View">Side</attribute>
    </box>
    <box frame="89" outside="0" occluded="1" keyframe="1" xtl="991.25" ytl="177.50" xbr="1280.00" ybr="394.90" z_order="0">
      <attribute name="Sex">Male</attribute>
      <attribute name="Adipose Clipped">No</attribute>
      <attribute name="Injury">No</attribute>
      <attribute name="Confidence Level">3</attribute>
      <attribute name="Notes">NA</attribute>
      <attribute name="View">Side</attribute>
    </box>
    <box frame="90" outside="0" occluded="1" keyframe="1" xtl="1042.50" ytl="157.50" xbr="1280.00" ybr="374.90" z_order="0">
      <attribute name="Sex">Male</attribute>
      <attribute name="Adipose Clipped">No</attribute>
      <attribute name="Injury">No</attribute>
      <attribute name="Confidence Level">3</attribute>
      <attribute name="Notes">NA</attribute>
      <attribute name="View">Side</attribute>
    </box>
    <box frame="91" outside="0" occluded="1" keyframe="1" xtl="1100.00" ytl="123.75" xbr="1280.00" ybr="341.15" z_order="0">
      <attribute name="Sex">Male</attribute>
      <attribute name="Adipose Clipped">No</attribute>
      <attribute name="Injury">No</attribute>
      <attribute name="Confidence Level">3</attribute>
      <attribute name="Notes">NA</attribute>
      <attribute name="View">Side</attribute>
    </box>
    <box frame="92" outside="0" occluded="1" keyframe="1" xtl="1176.25" ytl="87.50" xbr="1280.00" ybr="304.90" z_order="0">
      <attribute name="Sex">Male</attribute>
      <attribute name="Adipose Clipped">No</attribute>
      <attribute name="Injury">No</attribute>
      <attribute name="Confidence Level">3</attribute>
      <attribute name="Notes">NA</attribute>
      <attribute name="View">Side</attribute>
    </box>
    <box frame="93" outside="1" occluded="1" keyframe="1" xtl="1176.25" ytl="87.50" xbr="1280.00" ybr="304.90" z_order="0">
      <attribute name="Sex">Male</attribute>
      <attribute name="Adipose Clipped">No</attribute>
      <attribute name="Injury">No</attribute>
      <attribute name="Confidence Level">3</attribute>
      <attribute name="Notes">NA</attribute>
      <attribute name="View">Side</attribute>
    </box>
  </track>
  <track id="1" label="Sockeye" source="manual">
    <box frame="61" outside="0" occluded="0" keyframe="1" xtl="0.00" ytl="535.00" xbr="197.50" ybr="697.50" z_order="0">
      <attribute name="Sex">Male</attribute>
      <attribute name="Adipose Clipped">No</attribute>
      <attribute name="Injury">No</attribute>
      <attribute name="Confidence Level">3</attribute>
      <attribute name="Notes">NA</attribute>
      <attribute name="View">Top-down</attribute>
    </box>
    <box frame="62" outside="0" occluded="0" keyframe="0" xtl="0.00" ytl="524.57" xbr="239.17" ybr="697.50" z_order="0">
      <attribute name="Sex">Male</attribute>
      <attribute name="Adipose Clipped">No</attribute>
      <attribute name="Injury">No</attribute>
      <attribute name="Confidence Level">3</attribute>
      <attribute name="Notes">NA</attribute>
      <attribute name="View">Top-down</attribute>
    </box>
    <box frame="63" outside="0" occluded="0" keyframe="0" xtl="0.00" ytl="514.13" xbr="280.83" ybr="697.50" z_order="0">
      <attribute name="Sex">Male</attribute>
      <attribute name="Adipose Clipped">No</attribute>
      <attribute name="Injury">No</attribute>
      <attribute name="Confidence Level">3</attribute>
      <attribute name="Notes">NA</attribute>
      <attribute name="View">Top-down</attribute>
    </box>
    <box frame="64" outside="0" occluded="0" keyframe="1" xtl="0.00" ytl="503.70" xbr="322.50" ybr="697.50" z_order="0">
      <attribute name="Sex">Male</attribute>
      <attribute name="Adipose Clipped">No</attribute>
      <attribute name="Injury">No</attribute>
      <attribute name="Confidence Level">3</attribute>
      <attribute name="Notes">NA</attribute>
      <attribute name="View">Top-down</attribute>
    </box>
    <box frame="65" outside="0" occluded="0" keyframe="0" xtl="0.00" ytl="513.10" xbr="350.60" ybr="697.50" z_order="0">
      <attribute name="Sex">Male</attribute>
      <attribute name="Adipose Clipped">No</attribute>
      <attribute name="Injury">No</attribute>
      <attribute name="Confidence Level">3</attribute>
      <attribute name="Notes">NA</attribute>
      <attribute name="View">Top-down</attribute>
    </box>
    <box frame="66" outside="0" occluded="0" keyframe="1" xtl="0.00" ytl="522.50" xbr="378.70" ybr="697.50" z_order="0">
      <attribute name="Sex">Male</attribute>
      <attribute name="Adipose Clipped">No</attribute>
      <attribute name="Injury">No</attribute>
      <attribute name="Confidence Level">3</attribute>
      <attribute name="Notes">NA</attribute>
      <attribute name="View">Top-down</attribute>
    </box>
    <box frame="67" outside="0" occluded="0" keyframe="0" xtl="0.00" ytl="523.10" xbr="429.95" ybr="697.50" z_order="0">
      <attribute name="Sex">Male</attribute>
      <attribute name="Adipose Clipped">No</attribute>
      <attribute name="Injury">No</attribute>
      <attribute name="Confidence Level">3</attribute>
      <attribute name="Notes">NA</attribute>
      <attribute name="View">Top-down</attribute>
    </box>
    <box frame="68" outside="0" occluded="0" keyframe="1" xtl="0.00" ytl="523.70" xbr="481.20" ybr="697.50" z_order="0">
      <attribute name="Sex">Male</attribute>
      <attribute name="Adipose Clipped">No</attribute>
      <attribute name="Injury">No</attribute>
      <attribute name="Confidence Level">3</attribute>
      <attribute name="Notes">NA</attribute>
      <attribute name="View">Top-down</attribute>
    </box>
    <box frame="69" outside="0" occluded="0" keyframe="0" xtl="0.00" ytl="494.95" xbr="539.30" ybr="697.50" z_order="0">
      <attribute name="Sex">Male</attribute>
      <attribute name="Adipose Clipped">No</attribute>
      <attribute name="Injury">No</attribute>
      <attribute name="Confidence Level">3</attribute>
      <attribute name="Notes">NA</attribute>
      <attribute name="View">Top-down</attribute>
    </box>
    <box frame="70" outside="0" occluded="0" keyframe="1" xtl="0.00" ytl="466.20" xbr="597.40" ybr="697.50" z_order="0">
      <attribute name="Sex">Male</attribute>
      <attribute name="Adipose Clipped">No</attribute>
      <attribute name="Injury">No</attribute>
      <attribute name="Confidence Level">3</attribute>
      <attribute name="Notes">NA</attribute>
      <attribute name="View">Top-down</attribute>
    </box>
    <box frame="71" outside="0" occluded="0" keyframe="0" xtl="0.00" ytl="461.20" xbr="632.40" ybr="697.50" z_order="0">
      <attribute name="Sex">Male</attribute>
      <attribute name="Adipose Clipped">No</attribute>
      <attribute name="Injury">No</attribute>
      <attribute name="Confidence Level">3</attribute>
      <attribute name="Notes">NA</attribute>
      <attribute name="View">Top-down</attribute>
    </box>
    <box frame="72" outside="0" occluded="0" keyframe="1" xtl="0.00" ytl="456.20" xbr="667.40" ybr="697.50" z_order="0">
      <attribute name="Sex">Male</attribute>
      <attribute name="Adipose Clipped">No</attribute>
      <attribute name="Injury">No</attribute>
      <attribute name="Confidence Level">3</attribute>
      <attribute name="Notes">NA</attribute>
      <attribute name="View">Top-down</attribute>
    </box>
    <box frame="73" outside="0" occluded="0" keyframe="1" xtl="0.00" ytl="443.70" xbr="727.40" ybr="697.50" z_order="0">
      <attribute name="Sex">Male</attribute>
      <attribute name="Adipose Clipped">No</attribute>
      <attribute name="Injury">No</attribute>
      <attribute name="Confidence Level">3</attribute>
      <attribute name="Notes">NA</attribute>
      <attribute name="View">Top-down</attribute>
    </box>
    <box frame="74" outside="0" occluded="0" keyframe="1" xtl="0.00" ytl="425.00" xbr="852.40" ybr="697.50" z_order="0">
      <attribute name="Sex">Male</attribute>
      <attribute name="Adipose Clipped">No</attribute>
      <attribute name="Injury">No</attribute>
      <attribute name="Confidence Level">3</attribute>
      <attribute name="Notes">NA</attribute>
      <attribute name="View">Top-down</attribute>
    </box>
    <box frame="75" outside="0" occluded="0" keyframe="0" xtl="21.25" ytl="418.75" xbr="895.50" ybr="681.25" z_order="0">
      <attribute name="Sex">Male</attribute>
      <attribute name="Adipose Clipped">No</attribute>
      <attribute name="Injury">No</attribute>
      <attribute name="Confidence Level">3</attribute>
      <attribute name="Notes">NA</attribute>
      <attribute name="View">Top-down</attribute>
    </box>
    <box frame="76" outside="0" occluded="0" keyframe="1" xtl="42.50" ytl="412.50" xbr="938.60" ybr="665.00" z_order="0">
      <attribute name="Sex">Male</attribute>
      <attribute name="Adipose Clipped">No</attribute>
      <attribute name="Injury">No</attribute>
      <attribute name="Confidence Level">3</attribute>
      <attribute name="Notes">NA</attribute>
      <attribute name="View">Top-down</attribute>
    </box>
    <box frame="77" outside="0" occluded="0" keyframe="1" xtl="100.00" ytl="412.50" xbr="996.10" ybr="665.00" z_order="0">
      <attribute name="Sex">Male</attribute>
      <attribute name="Adipose Clipped">No</attribute>
      <attribute name="Injury">No</attribute>
      <attribute name="Confidence Level">3</attribute>
      <attribute name="Notes">NA</attribute>
      <attribute name="View">Top-down</attribute>
    </box>
    <box frame="78" outside="0" occluded="0" keyframe="1" xtl="168.75" ytl="412.50" xbr="1064.85" ybr="665.00" z_order="0">
      <attribute name="Sex">Male</attribute>
      <attribute name="Adipose Clipped">No</attribute>
      <attribute name="Injury">No</attribute>
      <attribute name="Confidence Level">3</attribute>
      <attribute name="Notes">NA</attribute>
      <attribute name="View">Top-down</attribute>
    </box>
    <box frame="79" outside="0" occluded="0" keyframe="1" xtl="312.50" ytl="436.25" xbr="1208.60" ybr="688.75" z_order="0">
      <attribute name="Sex">Male</attribute>
      <attribute name="Adipose Clipped">No</attribute>
      <attribute name="Injury">No</attribute>
      <attribute name="Confidence Level">3</attribute>
      <attribute name="Notes">NA</attribute>
      <attribute name="View">Top-down</attribute>
    </box>
    <box frame="80" outside="0" occluded="0" keyframe="1" xtl="387.50" ytl="443.75" xbr="1280.00" ybr="696.25" z_order="0">
      <attribute name="Sex">Male</attribute>
      <attribute name="Adipose Clipped">No</attribute>
      <attribute name="Injury">No</attribute>
      <attribute name="Confidence Level">3</attribute>
      <attribute name="Notes">NA</attribute>
      <attribute name="View">Top-down</attribute>
    </box>
    <box frame="81" outside="0" occluded="0" keyframe="1" xtl="477.50" ytl="477.50" xbr="1280.00" ybr="720.00" z_order="0">
      <attribute name="Sex">Male</attribute>
      <attribute name="Adipose Clipped">No</attribute>
      <attribute name="Injury">No</attribute>
      <attribute name="Confidence Level">3</attribute>
      <attribute name="Notes">NA</attribute>
      <attribute name="View">Top-down</attribute>
    </box>
    <box frame="82" outside="0" occluded="0" keyframe="1" xtl="530.00" ytl="467.50" xbr="1280.00" ybr="710.00" z_order="0">
      <attribute name="Sex">Male</attribute>
      <attribute name="Adipose Clipped">No</attribute>
      <attribute name="Injury">No</attribute>
      <attribute name="Confidence Level">3</attribute>
      <attribute name="Notes">NA</attribute>
      <attribute name="View">Top-down</attribute>
    </box>
    <box frame="83" outside="0" occluded="0" keyframe="0" xtl="636.25" ytl="486.25" xbr="1280.00" ybr="714.38" z_order="0">
      <attribute name="Sex">Male</attribute>
      <attribute name="Adipose Clipped">No</attribute>
      <attribute name="Injury">No</attribute>
      <attribute name="Confidence Level">3</attribute>
      <attribute name="Notes">NA</attribute>
      <attribute name="View">Top-down</attribute>
    </box>
    <box frame="84" outside="0" occluded="0" keyframe="1" xtl="742.50" ytl="505.00" xbr="1280.00" ybr="718.75" z_order="0">
      <attribute name="Sex">Male</attribute>
      <attribute name="Adipose Clipped">No</attribute>
      <attribute name="Injury">No</attribute>
      <attribute name="Confidence Level">3</attribute>
      <attribute name="Notes">NA</attribute>
      <attribute name="View">Top-down</attribute>
    </box>
    <box frame="85" outside="0" occluded="0" keyframe="0" xtl="797.50" ytl="503.75" xbr="1280.00" ybr="717.50" z_order="0">
      <attribute name="Sex">Male</attribute>
      <attribute name="Adipose Clipped">No</attribute>
      <attribute name="Injury">No</attribute>
      <attribute name="Confidence Level">3</attribute>
      <attribute name="Notes">NA</attribute>
      <attribute name="View">Top-down</attribute>
    </box>
    <box frame="86" outside="0" occluded="0" keyframe="1" xtl="852.50" ytl="502.50" xbr="1280.00" ybr="716.25" z_order="0">
      <attribute name="Sex">Male</attribute>
      <attribute name="Adipose Clipped">No</attribute>
      <attribute name="Injury">No</attribute>
      <attribute name="Confidence Level">3</attribute>
      <attribute name="Notes">NA</attribute>
      <attribute name="View">Top-down</attribute>
    </box>
    <box frame="87" outside="0" occluded="0" keyframe="0" xtl="918.12" ytl="495.62" xbr="1280.00" ybr="709.38" z_order="0">
      <attribute name="Sex">Male</attribute>
      <attribute name="Adipose Clipped">No</attribute>
      <attribute name="Injury">No</attribute>
      <attribute name="Confidence Level">3</attribute>
      <attribute name="Notes">NA</attribute>
      <attribute name="View">Top-down</attribute>
    </box>
    <box frame="88" outside="0" occluded="0" keyframe="1" xtl="983.75" ytl="488.75" xbr="1280.00" ybr="702.50" z_order="0">
      <attribute name="Sex">Male</attribute>
      <attribute name="Adipose Clipped">No</attribute>
      <attribute name="Injury">No</attribute>
      <attribute name="Confidence Level">3</attribute>
      <attribute name="Notes">NA</attribute>
      <attribute name="View">Top-down</attribute>
    </box>
    <box frame="89" outside="0" occluded="0" keyframe="1" xtl="1073.75" ytl="467.50" xbr="1280.00" ybr="681.25" z_order="0">
      <attribute name="Sex">Male</attribute>
      <attribute name="Adipose Clipped">No</attribute>
      <attribute name="Injury">No</attribute>
      <attribute name="Confidence Level">3</attribute>
      <attribute name="Notes">NA</attribute>
      <attribute name="View">Top-down</attribute>
    </box>
    <box frame="90" outside="0" occluded="0" keyframe="1" xtl="1145.00" ytl="502.50" xbr="1280.00" ybr="653.70" z_order="0">
      <attribute name="Sex">Male</attribute>
      <attribute name="Adipose Clipped">No</attribute>
      <attribute name="Injury">No</attribute>
      <attribute name="Confidence Level">3</attribute>
      <attribute name="Notes">NA</attribute>
      <attribute name="View">Top-down</attribute>
    </box>
    <box frame="91" outside="1" occluded="0" keyframe="1" xtl="1145.00" ytl="502.50" xbr="1280.00" ybr="653.70" z_order="0">
      <attribute name="Sex">Male</attribute>
      <attribute name="Adipose Clipped">No</attribute>
      <attribute name="Injury">No</attribute>
      <attribute name="Confidence Level">3</attribute>
      <attribute name="Notes">NA</attribute>
      <attribute name="View">Top-down</attribute>
    </box>
  </track>
</annotations>