<?xml version="1.0" encoding="utf-8"?>
<annotations>
  <version>1.1</version>
  <meta>
    <task>
      <id>495</id>
      <name>09-05-2020 07-06-46 M Salmon Camera</name>
      <size>709</size>
      <mode>interpolation</mode>
      <overlap>5</overlap>
      <bugtracker></bugtracker>
      <created>2021-08-19 17:11:04.635732+00:00</created>
      <updated>2021-08-26 15:40:33.194521+00:00</updated>
      <start_frame>0</start_frame>
      <stop_frame>708</stop_frame>
      <frame_filter></frame_filter>
      <labels>
        <label>
          <name>Chinook</name>
          <color>#38794c</color>
          <attributes>
            <attribute>
              <name>Adipose Clipped</name>
              <mutable>False</mutable>
              <input_type>select</input_type>
              <default_value>No</default_value>
              <values>No
Yes
NA</values>
            </attribute>
            <attribute>
              <name>Confidence Level</name>
              <mutable>False</mutable>
              <input_type>select</input_type>
              <default_value>3</default_value>
              <values>3
2
1</values>
            </attribute>
            <attribute>
              <name>Injury</name>
              <mutable>False</mutable>
              <input_type>select</input_type>
              <default_value>No</default_value>
              <values>No
Yes
NA</values>
            </attribute>
            <attribute>
              <name>Notes</name>
              <mutable>False</mutable>
              <input_type>text</input_type>
              <default_value></default_value>
              <values></values>
            </attribute>
            <attribute>
              <name>Sex</name>
              <mutable>False</mutable>
              <input_type>select</input_type>
              <default_value>Male</default_value>
              <values>Male
Female
Jack</values>
            </attribute>
            <attribute>
              <name>View</name>
              <mutable>False</mutable>
              <input_type>select</input_type>
              <default_value>Top-down</default_value>
              <values>Top-down
Side</values>
            </attribute>
          </attributes>
        </label>
        <label>
          <name>Steelhead</name>
          <color>#888888</color>
          <attributes>
            <attribute>
              <name>Adipose Clipped</name>
              <mutable>False</mutable>
              <input_type>select</input_type>
              <default_value>No</default_value>
              <values>No
Yes
NA</values>
            </attribute>
            <attribute>
              <name>Confidence Level</name>
              <mutable>False</mutable>
              <input_type>select</input_type>
              <default_value>3</default_value>
              <values>3
2
1</values>
            </attribute>
            <attribute>
              <name>Injury</name>
              <mutable>False</mutable>
              <input_type>select</input_type>
              <default_value>No</default_value>
              <values>No
Yes
NA</values>
            </attribute>
            <attribute>
              <name>Notes</name>
              <mutable>False</mutable>
              <input_type>text</input_type>
              <default_value></default_value>
              <values></values>
            </attribute>
            <attribute>
              <name>Sex</name>
              <mutable>False</mutable>
              <input_type>select</input_type>
              <default_value>Male</default_value>
              <values>Male
Female</values>
            </attribute>
            <attribute>
              <name>View</name>
              <mutable>False</mutable>
              <input_type>select</input_type>
              <default_value>Top-down</default_value>
              <values>Top-down
Side</values>
            </attribute>
          </attributes>
        </label>
        <label>
          <name>Sockeye</name>
          <color>#f00026</color>
          <attributes>
            <attribute>
              <name>Adipose Clipped</name>
              <mutable>False</mutable>
              <input_type>select</input_type>
              <default_value>No</default_value>
              <values>No
Yes
NA</values>
            </attribute>
            <attribute>
              <name>Confidence Level</name>
              <mutable>False</mutable>
              <input_type>select</input_type>
              <default_value>3</default_value>
              <values>3
2
1</values>
            </attribute>
            <attribute>
              <name>Injury</name>
              <mutable>False</mutable>
              <input_type>select</input_type>
              <default_value>No</default_value>
              <values>No
Yes
NA</values>
            </attribute>
            <attribute>
              <name>Notes</name>
              <mutable>False</mutable>
              <input_type>text</input_type>
              <default_value></default_value>
              <values></values>
            </attribute>
            <attribute>
              <name>Sex</name>
              <mutable>False</mutable>
              <input_type>select</input_type>
              <default_value>Male</default_value>
              <values>Male
Female</values>
            </attribute>
            <attribute>
              <name>View</name>
              <mutable>False</mutable>
              <input_type>select</input_type>
              <default_value>Top-down</default_value>
              <values>Top-down
Side</values>
            </attribute>
          </attributes>
        </label>
        <label>
          <name>Pink</name>
          <color>#fa7dbb</color>
          <attributes>
            <attribute>
              <name>Adipose Clipped</name>
              <mutable>False</mutable>
              <input_type>select</input_type>
              <default_value>No</default_value>
              <values>No
Yes
NA</values>
            </attribute>
            <attribute>
              <name>Confidence Level</name>
              <mutable>False</mutable>
              <input_type>select</input_type>
              <default_value>3</default_value>
              <values>3
2
1</values>
            </attribute>
            <attribute>
              <name>Injury</name>
              <mutable>False</mutable>
              <input_type>select</input_type>
              <default_value>No</default_value>
              <values>No
Yes
NA</values>
            </attribute>
            <attribute>
              <name>Notes</name>
              <mutable>False</mutable>
              <input_type>text</input_type>
              <default_value></default_value>
              <values></values>
            </attribute>
            <attribute>
              <name>Sex</name>
              <mutable>False</mutable>
              <input_type>select</input_type>
              <default_value>Male</default_value>
              <values>Male
Female</values>
            </attribute>
            <attribute>
              <name>View</name>
              <mutable>False</mutable>
              <input_type>select</input_type>
              <default_value>Top-down</default_value>
              <values>Top-down
Side</values>
            </attribute>
          </attributes>
        </label>
        <label>
          <name>Whitefish</name>
          <color>#d8d8db</color>
          <attributes>
            <attribute>
              <name>Adipose Clipped</name>
              <mutable>False</mutable>
              <input_type>select</input_type>
              <default_value>No</default_value>
              <values>No
Yes
NA</values>
            </attribute>
            <attribute>
              <name>Confidence Level</name>
              <mutable>False</mutable>
              <input_type>select</input_type>
              <default_value>3</default_value>
              <values>3
2
1</values>
            </attribute>
            <attribute>
              <name>Injury</name>
              <mutable>False</mutable>
              <input_type>select</input_type>
              <default_value>No</default_value>
              <values>No
Yes
NA</values>
            </attribute>
            <attribute>
              <name>Notes</name>
              <mutable>False</mutable>
              <input_type>text</input_type>
              <default_value></default_value>
              <values></values>
            </attribute>
            <attribute>
              <name>Sex</name>
              <mutable>False</mutable>
              <input_type>select</input_type>
              <default_value>NA</default_value>
              <values>NA</values>
            </attribute>
            <attribute>
              <name>View</name>
              <mutable>False</mutable>
              <input_type>select</input_type>
              <default_value>Top-down</default_value>
              <values>Top-down
Side</values>
            </attribute>
          </attributes>
        </label>
        <label>
          <name>Chum</name>
          <color>#ffcc33</color>
          <attributes>
            <attribute>
              <name>Adipose Clipped</name>
              <mutable>False</mutable>
              <input_type>select</input_type>
              <default_value>No</default_value>
              <values>No
Yes
NA</values>
            </attribute>
            <attribute>
              <name>Confidence Level</name>
              <mutable>False</mutable>
              <input_type>select</input_type>
              <default_value>3</default_value>
              <values>3
2
1</values>
            </attribute>
            <attribute>
              <name>Injury</name>
              <mutable>False</mutable>
              <input_type>select</input_type>
              <default_value>No</default_value>
              <values>No
Yes
NA</values>
            </attribute>
            <attribute>
              <name>Notes</name>
              <mutable>False</mutable>
              <input_type>text</input_type>
              <default_value></default_value>
              <values></values>
            </attribute>
            <attribute>
              <name>Sex</name>
              <mutable>False</mutable>
              <input_type>select</input_type>
              <default_value>Male</default_value>
              <values>Male
Female</values>
            </attribute>
            <attribute>
              <name>View</name>
              <mutable>False</mutable>
              <input_type>select</input_type>
              <default_value>Top-down</default_value>
              <values>Top-down
Side</values>
            </attribute>
          </attributes>
        </label>
        <label>
          <name>Bull</name>
          <color>#3d3df5</color>
          <attributes>
            <attribute>
              <name>Adipose Clipped</name>
              <mutable>False</mutable>
              <input_type>select</input_type>
              <default_value>No</default_value>
              <values>No
NA</values>
            </attribute>
            <attribute>
              <name>Confidence Level</name>
              <mutable>False</mutable>
              <input_type>select</input_type>
              <default_value>3</default_value>
              <values>3
2
1</values>
            </attribute>
            <attribute>
              <name>Injury</name>
              <mutable>False</mutable>
              <input_type>select</input_type>
              <default_value>No</default_value>
              <values>No
Yes
NA</values>
            </attribute>
            <attribute>
              <name>Notes</name>
              <mutable>False</mutable>
              <input_type>text</input_type>
              <default_value>NA</default_value>
              <values>NA</values>
            </attribute>
            <attribute>
              <name>Sex</name>
              <mutable>False</mutable>
              <input_type>select</input_type>
              <default_value>NA</default_value>
              <values>NA</values>
            </attribute>
            <attribute>
              <name>View</name>
              <mutable>False</mutable>
              <input_type>select</input_type>
              <default_value>Top-down</default_value>
              <values>Top-down
Side</values>
            </attribute>
          </attributes>
        </label>
        <label>
          <name>Coho</name>
          <color>#32b7fa</color>
          <attributes>
            <attribute>
              <name>View</name>
              <mutable>False</mutable>
              <input_type>select</input_type>
              <default_value>Top-down</default_value>
              <values>Top-down
Side</values>
            </attribute>
            <attribute>
              <name>Adipose Clipped</name>
              <mutable>False</mutable>
              <input_type>select</input_type>
              <default_value>No</default_value>
              <values>No
Yes
NA</values>
            </attribute>
            <attribute>
              <name>Confidence Level</name>
              <mutable>False</mutable>
              <input_type>select</input_type>
              <default_value>3</default_value>
              <values>3
2
1</values>
            </attribute>
            <attribute>
              <name>Injury</name>
              <mutable>False</mutable>
              <input_type>select</input_type>
              <default_value>No</default_value>
              <values>No
Yes
NA</values>
            </attribute>
            <attribute>
              <name>Notes</name>
              <mutable>False</mutable>
              <input_type>text</input_type>
              <default_value></default_value>
              <values></values>
            </attribute>
            <attribute>
              <name>Sex</name>
              <mutable>False</mutable>
              <input_type>select</input_type>
              <default_value>Male</default_value>
              <values>Male
Female
Jack</values>
            </attribute>
          </attributes>
        </label>
        <label>
          <name>Rainbow</name>
          <color>#ff914d</color>
          <attributes>
            <attribute>
              <name>Adipose Clipped</name>
              <mutable>False</mutable>
              <input_type>select</input_type>
              <default_value>No</default_value>
              <values>No
Yes
NA</values>
            </attribute>
            <attribute>
              <name>Confidence Level</name>
              <mutable>False</mutable>
              <input_type>select</input_type>
              <default_value>3</default_value>
              <values>3
2
1</values>
            </attribute>
            <attribute>
              <name>Injury</name>
              <mutable>False</mutable>
              <input_type>select</input_type>
              <default_value>No</default_value>
              <values>No
Yes
NA</values>
            </attribute>
            <attribute>
              <name>Notes</name>
              <mutable>False</mutable>
              <input_type>text</input_type>
              <default_value></default_value>
              <values></values>
            </attribute>
            <attribute>
              <name>Sex</name>
              <mutable>False</mutable>
              <input_type>select</input_type>
              <default_value>NA</default_value>
              <values>NA
Juvenile</values>
            </attribute>
            <attribute>
              <name>View</name>
              <mutable>False</mutable>
              <input_type>select</input_type>
              <default_value>Top-down</default_value>
              <values>Top-down
Side</values>
            </attribute>
          </attributes>
        </label>
        <label>
          <name>Pikeminnow</name>
          <color>#a16b00</color>
          <attributes>
            <attribute>
              <name>Confidence Level</name>
              <mutable>False</mutable>
              <input_type>select</input_type>
              <default_value>3</default_value>
              <values>3
2
1</values>
            </attribute>
            <attribute>
              <name>Notes</name>
              <mutable>False</mutable>
              <input_type>text</input_type>
              <default_value>NA</default_value>
              <values>NA</values>
            </attribute>
          </attributes>
        </label>
      </labels>
      <segments>
        <segment>
          <id>495</id>
          <start>0</start>
          <stop>708</stop>
          <url>httplocalhost:8080/?id=495</url>
        </segment>
      </segments>
      <owner>
        <username>jtravers</username>
        <email>jtravers@uoregon.edu</email>
      </owner>
      <assignee></assignee>
      <original_size>
        <width>1920</width>
        <height>1080</height>
      </original_size>
    </task>
    <dumped>2021-08-26 15:40:43.245653+00:00</dumped>
    <source>09-05-2020 07-06-46 M Salmon Camera.m4v</source>
  </meta>
  <track id="0" label="Chinook" source="manual">
    <box frame="86" outside="0" occluded="1" keyframe="1" xtl="0.00" ytl="327.56" xbr="82.86" ybr="518.32" z_order="0">
      <attribute name="Adipose Clipped">No</attribute>
      <attribute name="Confidence Level">3</attribute>
      <attribute name="Injury">Yes</attribute>
      <attribute name="Notes">Fin Wear</attribute>
      <attribute name="Sex">Male</attribute>
      <attribute name="View">Side</attribute>
    </box>
    <box frame="87" outside="0" occluded="1" keyframe="0" xtl="0.00" ytl="317.60" xbr="104.42" ybr="529.51" z_order="0">
      <attribute name="Adipose Clipped">No</attribute>
      <attribute name="Confidence Level">3</attribute>
      <attribute name="Injury">Yes</attribute>
      <attribute name="Notes">Fin Wear</attribute>
      <attribute name="Sex">Male</attribute>
      <attribute name="View">Side</attribute>
    </box>
    <box frame="88" outside="0" occluded="1" keyframe="0" xtl="0.00" ytl="307.65" xbr="125.99" ybr="540.71" z_order="0">
      <attribute name="Adipose Clipped">No</attribute>
      <attribute name="Confidence Level">3</attribute>
      <attribute name="Injury">Yes</attribute>
      <attribute name="Notes">Fin Wear</attribute>
      <attribute name="Sex">Male</attribute>
      <attribute name="View">Side</attribute>
    </box>
    <box frame="89" outside="0" occluded="1" keyframe="0" xtl="0.00" ytl="297.69" xbr="147.55" ybr="551.91" z_order="0">
      <attribute name="Adipose Clipped">No</attribute>
      <attribute name="Confidence Level">3</attribute>
      <attribute name="Injury">Yes</attribute>
      <attribute name="Notes">Fin Wear</attribute>
      <attribute name="Sex">Male</attribute>
      <attribute name="View">Side</attribute>
    </box>
    <box frame="90" outside="0" occluded="1" keyframe="0" xtl="0.00" ytl="287.74" xbr="169.12" ybr="563.11" z_order="0">
      <attribute name="Adipose Clipped">No</attribute>
      <attribute name="Confidence Level">3</attribute>
      <attribute name="Injury">Yes</attribute>
      <attribute name="Notes">Fin Wear</attribute>
      <attribute name="Sex">Male</attribute>
      <attribute name="View">Side</attribute>
    </box>
    <box frame="91" outside="0" occluded="1" keyframe="0" xtl="0.00" ytl="277.78" xbr="190.68" ybr="574.31" z_order="0">
      <attribute name="Adipose Clipped">No</attribute>
      <attribute name="Confidence Level">3</attribute>
      <attribute name="Injury">Yes</attribute>
      <attribute name="Notes">Fin Wear</attribute>
      <attribute name="Sex">Male</attribute>
      <attribute name="View">Side</attribute>
    </box>
    <box frame="92" outside="0" occluded="1" keyframe="0" xtl="0.00" ytl="267.82" xbr="212.24" ybr="585.51" z_order="0">
      <attribute name="Adipose Clipped">No</attribute>
      <attribute name="Confidence Level">3</attribute>
      <attribute name="Injury">Yes</attribute>
      <attribute name="Notes">Fin Wear</attribute>
      <attribute name="Sex">Male</attribute>
      <attribute name="View">Side</attribute>
    </box>
    <box frame="93" outside="0" occluded="1" keyframe="0" xtl="0.00" ytl="257.87" xbr="233.81" ybr="596.70" z_order="0">
      <attribute name="Adipose Clipped">No</attribute>
      <attribute name="Confidence Level">3</attribute>
      <attribute name="Injury">Yes</attribute>
      <attribute name="Notes">Fin Wear</attribute>
      <attribute name="Sex">Male</attribute>
      <attribute name="View">Side</attribute>
    </box>
    <box frame="94" outside="0" occluded="1" keyframe="0" xtl="0.00" ytl="247.91" xbr="255.37" ybr="607.90" z_order="0">
      <attribute name="Adipose Clipped">No</attribute>
      <attribute name="Confidence Level">3</attribute>
      <attribute name="Injury">Yes</attribute>
      <attribute name="Notes">Fin Wear</attribute>
      <attribute name="Sex">Male</attribute>
      <attribute name="View">Side</attribute>
    </box>
    <box frame="95" outside="0" occluded="1" keyframe="0" xtl="0.00" ytl="237.96" xbr="276.94" ybr="619.10" z_order="0">
      <attribute name="Adipose Clipped">No</attribute>
      <attribute name="Confidence Level">3</attribute>
      <attribute name="Injury">Yes</attribute>
      <attribute name="Notes">Fin Wear</attribute>
      <attribute name="Sex">Male</attribute>
      <attribute name="View">Side</attribute>
    </box>
    <box frame="96" outside="0" occluded="0" keyframe="1" xtl="0.00" ytl="228.00" xbr="298.50" ybr="630.30" z_order="0">
      <attribute name="Adipose Clipped">No</attribute>
      <attribute name="Confidence Level">3</attribute>
      <attribute name="Injury">Yes</attribute>
      <attribute name="Notes">Fin Wear</attribute>
      <attribute name="Sex">Male</attribute>
      <attribute name="View">Side</attribute>
    </box>
    <box frame="97" outside="0" occluded="0" keyframe="0" xtl="0.00" ytl="228.00" xbr="326.91" ybr="630.30" z_order="0">
      <attribute name="Adipose Clipped">No</attribute>
      <attribute name="Confidence Level">3</attribute>
      <attribute name="Injury">Yes</attribute>
      <attribute name="Notes">Fin Wear</attribute>
      <attribute name="Sex">Male</attribute>
      <attribute name="View">Side</attribute>
    </box>
    <box frame="98" outside="0" occluded="0" keyframe="0" xtl="0.00" ytl="228.00" xbr="355.32" ybr="630.30" z_order="0">
      <attribute name="Adipose Clipped">No</attribute>
      <attribute name="Confidence Level">3</attribute>
      <attribute name="Injury">Yes</attribute>
      <attribute name="Notes">Fin Wear</attribute>
      <attribute name="Sex">Male</attribute>
      <attribute name="View">Side</attribute>
    </box>
    <box frame="99" outside="0" occluded="0" keyframe="0" xtl="0.00" ytl="228.00" xbr="383.73" ybr="630.30" z_order="0">
      <attribute name="Adipose Clipped">No</attribute>
      <attribute name="Confidence Level">3</attribute>
      <attribute name="Injury">Yes</attribute>
      <attribute name="Notes">Fin Wear</attribute>
      <attribute name="Sex">Male</attribute>
      <attribute name="View">Side</attribute>
    </box>
    <box frame="100" outside="0" occluded="0" keyframe="0" xtl="0.00" ytl="228.00" xbr="412.14" ybr="630.30" z_order="0">
      <attribute name="Adipose Clipped">No</attribute>
      <attribute name="Confidence Level">3</attribute>
      <attribute name="Injury">Yes</attribute>
      <attribute name="Notes">Fin Wear</attribute>
      <attribute name="Sex">Male</attribute>
      <attribute name="View">Side</attribute>
    </box>
    <box frame="101" outside="0" occluded="0" keyframe="0" xtl="0.00" ytl="228.00" xbr="440.55" ybr="630.30" z_order="0">
      <attribute name="Adipose Clipped">No</attribute>
      <attribute name="Confidence Level">3</attribute>
      <attribute name="Injury">Yes</attribute>
      <attribute name="Notes">Fin Wear</attribute>
      <attribute name="Sex">Male</attribute>
      <attribute name="View">Side</attribute>
    </box>
    <box frame="102" outside="0" occluded="0" keyframe="0" xtl="0.00" ytl="228.00" xbr="468.96" ybr="630.30" z_order="0">
      <attribute name="Adipose Clipped">No</attribute>
      <attribute name="Confidence Level">3</attribute>
      <attribute name="Injury">Yes</attribute>
      <attribute name="Notes">Fin Wear</attribute>
      <attribute name="Sex">Male</attribute>
      <attribute name="View">Side</attribute>
    </box>
    <box frame="103" outside="0" occluded="0" keyframe="0" xtl="0.00" ytl="228.00" xbr="497.37" ybr="630.30" z_order="0">
      <attribute name="Adipose Clipped">No</attribute>
      <attribute name="Confidence Level">3</attribute>
      <attribute name="Injury">Yes</attribute>
      <attribute name="Notes">Fin Wear</attribute>
      <attribute name="Sex">Male</attribute>
      <attribute name="View">Side</attribute>
    </box>
    <box frame="104" outside="0" occluded="0" keyframe="0" xtl="0.00" ytl="228.00" xbr="525.78" ybr="630.30" z_order="0">
      <attribute name="Adipose Clipped">No</attribute>
      <attribute name="Confidence Level">3</attribute>
      <attribute name="Injury">Yes</attribute>
      <attribute name="Notes">Fin Wear</attribute>
      <attribute name="Sex">Male</attribute>
      <attribute name="View">Side</attribute>
    </box>
    <box frame="105" outside="0" occluded="0" keyframe="0" xtl="0.00" ytl="228.00" xbr="554.19" ybr="630.30" z_order="0">
      <attribute name="Adipose Clipped">No</attribute>
      <attribute name="Confidence Level">3</attribute>
      <attribute name="Injury">Yes</attribute>
      <attribute name="Notes">Fin Wear</attribute>
      <attribute name="Sex">Male</attribute>
      <attribute name="View">Side</attribute>
    </box>
    <box frame="106" outside="0" occluded="0" keyframe="1" xtl="0.00" ytl="228.00" xbr="582.60" ybr="630.30" z_order="0">
      <attribute name="Adipose Clipped">No</attribute>
      <attribute name="Confidence Level">3</attribute>
      <attribute name="Injury">Yes</attribute>
      <attribute name="Notes">Fin Wear</attribute>
      <attribute name="Sex">Male</attribute>
      <attribute name="View">Side</attribute>
    </box>
    <box frame="107" outside="0" occluded="0" keyframe="0" xtl="0.00" ytl="228.00" xbr="606.24" ybr="638.18" z_order="0">
      <attribute name="Adipose Clipped">No</attribute>
      <attribute name="Confidence Level">3</attribute>
      <attribute name="Injury">Yes</attribute>
      <attribute name="Notes">Fin Wear</attribute>
      <attribute name="Sex">Male</attribute>
      <attribute name="View">Side</attribute>
    </box>
    <box frame="108" outside="0" occluded="0" keyframe="0" xtl="0.00" ytl="228.00" xbr="629.88" ybr="646.06" z_order="0">
      <attribute name="Adipose Clipped">No</attribute>
      <attribute name="Confidence Level">3</attribute>
      <attribute name="Injury">Yes</attribute>
      <attribute name="Notes">Fin Wear</attribute>
      <attribute name="Sex">Male</attribute>
      <attribute name="View">Side</attribute>
    </box>
    <box frame="109" outside="0" occluded="0" keyframe="0" xtl="0.00" ytl="228.00" xbr="653.52" ybr="653.94" z_order="0">
      <attribute name="Adipose Clipped">No</attribute>
      <attribute name="Confidence Level">3</attribute>
      <attribute name="Injury">Yes</attribute>
      <attribute name="Notes">Fin Wear</attribute>
      <attribute name="Sex">Male</attribute>
      <attribute name="View">Side</attribute>
    </box>
    <box frame="110" outside="0" occluded="0" keyframe="0" xtl="0.00" ytl="228.00" xbr="677.16" ybr="661.82" z_order="0">
      <attribute name="Adipose Clipped">No</attribute>
      <attribute name="Confidence Level">3</attribute>
      <attribute name="Injury">Yes</attribute>
      <attribute name="Notes">Fin Wear</attribute>
      <attribute name="Sex">Male</attribute>
      <attribute name="View">Side</attribute>
    </box>
    <box frame="111" outside="0" occluded="0" keyframe="0" xtl="0.00" ytl="228.00" xbr="700.80" ybr="669.70" z_order="0">
      <attribute name="Adipose Clipped">No</attribute>
      <attribute name="Confidence Level">3</attribute>
      <attribute name="Injury">Yes</attribute>
      <attribute name="Notes">Fin Wear</attribute>
      <attribute name="Sex">Male</attribute>
      <attribute name="View">Side</attribute>
    </box>
    <box frame="112" outside="0" occluded="0" keyframe="0" xtl="0.00" ytl="228.00" xbr="724.44" ybr="677.58" z_order="0">
      <attribute name="Adipose Clipped">No</attribute>
      <attribute name="Confidence Level">3</attribute>
      <attribute name="Injury">Yes</attribute>
      <attribute name="Notes">Fin Wear</attribute>
      <attribute name="Sex">Male</attribute>
      <attribute name="View">Side</attribute>
    </box>
    <box frame="113" outside="0" occluded="0" keyframe="0" xtl="0.00" ytl="228.00" xbr="748.08" ybr="685.46" z_order="0">
      <attribute name="Adipose Clipped">No</attribute>
      <attribute name="Confidence Level">3</attribute>
      <attribute name="Injury">Yes</attribute>
      <attribute name="Notes">Fin Wear</attribute>
      <attribute name="Sex">Male</attribute>
      <attribute name="View">Side</attribute>
    </box>
    <box frame="114" outside="0" occluded="0" keyframe="0" xtl="0.00" ytl="228.00" xbr="771.72" ybr="693.34" z_order="0">
      <attribute name="Adipose Clipped">No</attribute>
      <attribute name="Confidence Level">3</attribute>
      <attribute name="Injury">Yes</attribute>
      <attribute name="Notes">Fin Wear</attribute>
      <attribute name="Sex">Male</attribute>
      <attribute name="View">Side</attribute>
    </box>
    <box frame="115" outside="0" occluded="0" keyframe="0" xtl="0.00" ytl="228.00" xbr="795.36" ybr="701.22" z_order="0">
      <attribute name="Adipose Clipped">No</attribute>
      <attribute name="Confidence Level">3</attribute>
      <attribute name="Injury">Yes</attribute>
      <attribute name="Notes">Fin Wear</attribute>
      <attribute name="Sex">Male</attribute>
      <attribute name="View">Side</attribute>
    </box>
    <box frame="116" outside="0" occluded="0" keyframe="1" xtl="0.00" ytl="228.00" xbr="819.00" ybr="709.10" z_order="0">
      <attribute name="Adipose Clipped">No</attribute>
      <attribute name="Confidence Level">3</attribute>
      <attribute name="Injury">Yes</attribute>
      <attribute name="Notes">Fin Wear</attribute>
      <attribute name="Sex">Male</attribute>
      <attribute name="View">Side</attribute>
    </box>
    <box frame="117" outside="0" occluded="0" keyframe="0" xtl="0.00" ytl="228.00" xbr="846.16" ybr="711.38" z_order="0">
      <attribute name="Adipose Clipped">No</attribute>
      <attribute name="Confidence Level">3</attribute>
      <attribute name="Injury">Yes</attribute>
      <attribute name="Notes">Fin Wear</attribute>
      <attribute name="Sex">Male</attribute>
      <attribute name="View">Side</attribute>
    </box>
    <box frame="118" outside="0" occluded="0" keyframe="0" xtl="0.00" ytl="228.00" xbr="873.32" ybr="713.66" z_order="0">
      <attribute name="Adipose Clipped">No</attribute>
      <attribute name="Confidence Level">3</attribute>
      <attribute name="Injury">Yes</attribute>
      <attribute name="Notes">Fin Wear</attribute>
      <attribute name="Sex">Male</attribute>
      <attribute name="View">Side</attribute>
    </box>
    <box frame="119" outside="0" occluded="0" keyframe="0" xtl="0.00" ytl="228.00" xbr="900.48" ybr="715.94" z_order="0">
      <attribute name="Adipose Clipped">No</attribute>
      <attribute name="Confidence Level">3</attribute>
      <attribute name="Injury">Yes</attribute>
      <attribute name="Notes">Fin Wear</attribute>
      <attribute name="Sex">Male</attribute>
      <attribute name="View">Side</attribute>
    </box>
    <box frame="120" outside="0" occluded="0" keyframe="0" xtl="0.00" ytl="228.00" xbr="927.64" ybr="718.22" z_order="0">
      <attribute name="Adipose Clipped">No</attribute>
      <attribute name="Confidence Level">3</attribute>
      <attribute name="Injury">Yes</attribute>
      <attribute name="Notes">Fin Wear</attribute>
      <attribute name="Sex">Male</attribute>
      <attribute name="View">Side</attribute>
    </box>
    <box frame="121" outside="0" occluded="0" keyframe="0" xtl="0.00" ytl="228.00" xbr="954.80" ybr="720.50" z_order="0">
      <attribute name="Adipose Clipped">No</attribute>
      <attribute name="Confidence Level">3</attribute>
      <attribute name="Injury">Yes</attribute>
      <attribute name="Notes">Fin Wear</attribute>
      <attribute name="Sex">Male</attribute>
      <attribute name="View">Side</attribute>
    </box>
    <box frame="122" outside="0" occluded="0" keyframe="0" xtl="0.00" ytl="228.00" xbr="981.96" ybr="722.78" z_order="0">
      <attribute name="Adipose Clipped">No</attribute>
      <attribute name="Confidence Level">3</attribute>
      <attribute name="Injury">Yes</attribute>
      <attribute name="Notes">Fin Wear</attribute>
      <attribute name="Sex">Male</attribute>
      <attribute name="View">Side</attribute>
    </box>
    <box frame="123" outside="0" occluded="0" keyframe="0" xtl="0.00" ytl="228.00" xbr="1009.12" ybr="725.06" z_order="0">
      <attribute name="Adipose Clipped">No</attribute>
      <attribute name="Confidence Level">3</attribute>
      <attribute name="Injury">Yes</attribute>
      <attribute name="Notes">Fin Wear</attribute>
      <attribute name="Sex">Male</attribute>
      <attribute name="View">Side</attribute>
    </box>
    <box frame="124" outside="0" occluded="0" keyframe="0" xtl="0.00" ytl="228.00" xbr="1036.28" ybr="727.34" z_order="0">
      <attribute name="Adipose Clipped">No</attribute>
      <attribute name="Confidence Level">3</attribute>
      <attribute name="Injury">Yes</attribute>
      <attribute name="Notes">Fin Wear</attribute>
      <attribute name="Sex">Male</attribute>
      <attribute name="View">Side</attribute>
    </box>
    <box frame="125" outside="0" occluded="0" keyframe="0" xtl="0.00" ytl="228.00" xbr="1063.44" ybr="729.62" z_order="0">
      <attribute name="Adipose Clipped">No</attribute>
      <attribute name="Confidence Level">3</attribute>
      <attribute name="Injury">Yes</attribute>
      <attribute name="Notes">Fin Wear</attribute>
      <attribute name="Sex">Male</attribute>
      <attribute name="View">Side</attribute>
    </box>
    <box frame="126" outside="0" occluded="0" keyframe="1" xtl="0.00" ytl="228.00" xbr="1090.60" ybr="731.90" z_order="0">
      <attribute name="Adipose Clipped">No</attribute>
      <attribute name="Confidence Level">3</attribute>
      <attribute name="Injury">Yes</attribute>
      <attribute name="Notes">Fin Wear</attribute>
      <attribute name="Sex">Male</attribute>
      <attribute name="View">Side</attribute>
    </box>
    <box frame="127" outside="0" occluded="0" keyframe="0" xtl="0.00" ytl="228.00" xbr="1111.75" ybr="735.01" z_order="0">
      <attribute name="Adipose Clipped">No</attribute>
      <attribute name="Confidence Level">3</attribute>
      <attribute name="Injury">Yes</attribute>
      <attribute name="Notes">Fin Wear</attribute>
      <attribute name="Sex">Male</attribute>
      <attribute name="View">Side</attribute>
    </box>
    <box frame="128" outside="0" occluded="0" keyframe="0" xtl="0.00" ytl="228.00" xbr="1132.90" ybr="738.12" z_order="0">
      <attribute name="Adipose Clipped">No</attribute>
      <attribute name="Confidence Level">3</attribute>
      <attribute name="Injury">Yes</attribute>
      <attribute name="Notes">Fin Wear</attribute>
      <attribute name="Sex">Male</attribute>
      <attribute name="View">Side</attribute>
    </box>
    <box frame="129" outside="0" occluded="0" keyframe="0" xtl="0.00" ytl="228.00" xbr="1154.05" ybr="741.23" z_order="0">
      <attribute name="Adipose Clipped">No</attribute>
      <attribute name="Confidence Level">3</attribute>
      <attribute name="Injury">Yes</attribute>
      <attribute name="Notes">Fin Wear</attribute>
      <attribute name="Sex">Male</attribute>
      <attribute name="View">Side</attribute>
    </box>
    <box frame="130" outside="0" occluded="0" keyframe="0" xtl="0.00" ytl="228.00" xbr="1175.20" ybr="744.34" z_order="0">
      <attribute name="Adipose Clipped">No</attribute>
      <attribute name="Confidence Level">3</attribute>
      <attribute name="Injury">Yes</attribute>
      <attribute name="Notes">Fin Wear</attribute>
      <attribute name="Sex">Male</attribute>
      <attribute name="View">Side</attribute>
    </box>
    <box frame="131" outside="0" occluded="0" keyframe="0" xtl="0.00" ytl="228.00" xbr="1196.35" ybr="747.45" z_order="0">
      <attribute name="Adipose Clipped">No</attribute>
      <attribute name="Confidence Level">3</attribute>
      <attribute name="Injury">Yes</attribute>
      <attribute name="Notes">Fin Wear</attribute>
      <attribute name="Sex">Male</attribute>
      <attribute name="View">Side</attribute>
    </box>
    <box frame="132" outside="0" occluded="0" keyframe="0" xtl="0.00" ytl="228.00" xbr="1217.50" ybr="750.56" z_order="0">
      <attribute name="Adipose Clipped">No</attribute>
      <attribute name="Confidence Level">3</attribute>
      <attribute name="Injury">Yes</attribute>
      <attribute name="Notes">Fin Wear</attribute>
      <attribute name="Sex">Male</attribute>
      <attribute name="View">Side</attribute>
    </box>
    <box frame="133" outside="0" occluded="0" keyframe="0" xtl="0.00" ytl="228.00" xbr="1238.65" ybr="753.67" z_order="0">
      <attribute name="Adipose Clipped">No</attribute>
      <attribute name="Confidence Level">3</attribute>
      <attribute name="Injury">Yes</attribute>
      <attribute name="Notes">Fin Wear</attribute>
      <attribute name="Sex">Male</attribute>
      <attribute name="View">Side</attribute>
    </box>
    <box frame="134" outside="0" occluded="0" keyframe="0" xtl="0.00" ytl="228.00" xbr="1259.80" ybr="756.78" z_order="0">
      <attribute name="Adipose Clipped">No</attribute>
      <attribute name="Confidence Level">3</attribute>
      <attribute name="Injury">Yes</attribute>
      <attribute name="Notes">Fin Wear</attribute>
      <attribute name="Sex">Male</attribute>
      <attribute name="View">Side</attribute>
    </box>
    <box frame="135" outside="0" occluded="0" keyframe="0" xtl="0.00" ytl="228.00" xbr="1280.95" ybr="759.89" z_order="0">
      <attribute name="Adipose Clipped">No</attribute>
      <attribute name="Confidence Level">3</attribute>
      <attribute name="Injury">Yes</attribute>
      <attribute name="Notes">Fin Wear</attribute>
      <attribute name="Sex">Male</attribute>
      <attribute name="View">Side</attribute>
    </box>
    <box frame="136" outside="0" occluded="0" keyframe="1" xtl="0.00" ytl="228.00" xbr="1302.10" ybr="763.00" z_order="0">
      <attribute name="Adipose Clipped">No</attribute>
      <attribute name="Confidence Level">3</attribute>
      <attribute name="Injury">Yes</attribute>
      <attribute name="Notes">Fin Wear</attribute>
      <attribute name="Sex">Male</attribute>
      <attribute name="View">Side</attribute>
    </box>
    <box frame="137" outside="0" occluded="0" keyframe="0" xtl="0.00" ytl="234.01" xbr="1322.00" ybr="769.01" z_order="0">
      <attribute name="Adipose Clipped">No</attribute>
      <attribute name="Confidence Level">3</attribute>
      <attribute name="Injury">Yes</attribute>
      <attribute name="Notes">Fin Wear</attribute>
      <attribute name="Sex">Male</attribute>
      <attribute name="View">Side</attribute>
    </box>
    <box frame="138" outside="0" occluded="0" keyframe="0" xtl="0.00" ytl="240.03" xbr="1341.90" ybr="775.03" z_order="0">
      <attribute name="Adipose Clipped">No</attribute>
      <attribute name="Confidence Level">3</attribute>
      <attribute name="Injury">Yes</attribute>
      <attribute name="Notes">Fin Wear</attribute>
      <attribute name="Sex">Male</attribute>
      <attribute name="View">Side</attribute>
    </box>
    <box frame="139" outside="0" occluded="0" keyframe="0" xtl="0.00" ytl="246.04" xbr="1361.80" ybr="781.04" z_order="0">
      <attribute name="Adipose Clipped">No</attribute>
      <attribute name="Confidence Level">3</attribute>
      <attribute name="Injury">Yes</attribute>
      <attribute name="Notes">Fin Wear</attribute>
      <attribute name="Sex">Male</attribute>
      <attribute name="View">Side</attribute>
    </box>
    <box frame="140" outside="0" occluded="0" keyframe="0" xtl="0.00" ytl="252.05" xbr="1381.70" ybr="787.05" z_order="0">
      <attribute name="Adipose Clipped">No</attribute>
      <attribute name="Confidence Level">3</attribute>
      <attribute name="Injury">Yes</attribute>
      <attribute name="Notes">Fin Wear</attribute>
      <attribute name="Sex">Male</attribute>
      <attribute name="View">Side</attribute>
    </box>
    <box frame="141" outside="0" occluded="0" keyframe="0" xtl="0.00" ytl="258.06" xbr="1401.60" ybr="793.06" z_order="0">
      <attribute name="Adipose Clipped">No</attribute>
      <attribute name="Confidence Level">3</attribute>
      <attribute name="Injury">Yes</attribute>
      <attribute name="Notes">Fin Wear</attribute>
      <attribute name="Sex">Male</attribute>
      <attribute name="View">Side</attribute>
    </box>
    <box frame="142" outside="0" occluded="0" keyframe="0" xtl="0.00" ytl="264.08" xbr="1421.50" ybr="799.08" z_order="0">
      <attribute name="Adipose Clipped">No</attribute>
      <attribute name="Confidence Level">3</attribute>
      <attribute name="Injury">Yes</attribute>
      <attribute name="Notes">Fin Wear</attribute>
      <attribute name="Sex">Male</attribute>
      <attribute name="View">Side</attribute>
    </box>
    <box frame="143" outside="0" occluded="0" keyframe="0" xtl="0.00" ytl="270.09" xbr="1441.40" ybr="805.09" z_order="0">
      <attribute name="Adipose Clipped">No</attribute>
      <attribute name="Confidence Level">3</attribute>
      <attribute name="Injury">Yes</attribute>
      <attribute name="Notes">Fin Wear</attribute>
      <attribute name="Sex">Male</attribute>
      <attribute name="View">Side</attribute>
    </box>
    <box frame="144" outside="0" occluded="0" keyframe="0" xtl="0.00" ytl="276.10" xbr="1461.30" ybr="811.10" z_order="0">
      <attribute name="Adipose Clipped">No</attribute>
      <attribute name="Confidence Level">3</attribute>
      <attribute name="Injury">Yes</attribute>
      <attribute name="Notes">Fin Wear</attribute>
      <attribute name="Sex">Male</attribute>
      <attribute name="View">Side</attribute>
    </box>
    <box frame="145" outside="0" occluded="0" keyframe="0" xtl="0.00" ytl="282.12" xbr="1481.20" ybr="817.12" z_order="0">
      <attribute name="Adipose Clipped">No</attribute>
      <attribute name="Confidence Level">3</attribute>
      <attribute name="Injury">Yes</attribute>
      <attribute name="Notes">Fin Wear</attribute>
      <attribute name="Sex">Male</attribute>
      <attribute name="View">Side</attribute>
    </box>
    <box frame="146" outside="0" occluded="0" keyframe="1" xtl="0.00" ytl="288.13" xbr="1501.10" ybr="823.13" z_order="0">
      <attribute name="Adipose Clipped">No</attribute>
      <attribute name="Confidence Level">3</attribute>
      <attribute name="Injury">Yes</attribute>
      <attribute name="Notes">Fin Wear</attribute>
      <attribute name="Sex">Male</attribute>
      <attribute name="View">Side</attribute>
    </box>
    <box frame="147" outside="0" occluded="0" keyframe="0" xtl="0.00" ytl="291.24" xbr="1519.55" ybr="826.24" z_order="0">
      <attribute name="Adipose Clipped">No</attribute>
      <attribute name="Confidence Level">3</attribute>
      <attribute name="Injury">Yes</attribute>
      <attribute name="Notes">Fin Wear</attribute>
      <attribute name="Sex">Male</attribute>
      <attribute name="View">Side</attribute>
    </box>
    <box frame="148" outside="0" occluded="0" keyframe="0" xtl="0.00" ytl="294.35" xbr="1538.00" ybr="829.35" z_order="0">
      <attribute name="Adipose Clipped">No</attribute>
      <attribute name="Confidence Level">3</attribute>
      <attribute name="Injury">Yes</attribute>
      <attribute name="Notes">Fin Wear</attribute>
      <attribute name="Sex">Male</attribute>
      <attribute name="View">Side</attribute>
    </box>
    <box frame="149" outside="0" occluded="0" keyframe="0" xtl="0.00" ytl="297.46" xbr="1556.45" ybr="832.46" z_order="0">
      <attribute name="Adipose Clipped">No</attribute>
      <attribute name="Confidence Level">3</attribute>
      <attribute name="Injury">Yes</attribute>
      <attribute name="Notes">Fin Wear</attribute>
      <attribute name="Sex">Male</attribute>
      <attribute name="View">Side</attribute>
    </box>
    <box frame="150" outside="0" occluded="0" keyframe="0" xtl="0.00" ytl="300.57" xbr="1574.90" ybr="835.57" z_order="0">
      <attribute name="Adipose Clipped">No</attribute>
      <attribute name="Confidence Level">3</attribute>
      <attribute name="Injury">Yes</attribute>
      <attribute name="Notes">Fin Wear</attribute>
      <attribute name="Sex">Male</attribute>
      <attribute name="View">Side</attribute>
    </box>
    <box frame="151" outside="0" occluded="0" keyframe="0" xtl="0.00" ytl="303.68" xbr="1593.35" ybr="838.68" z_order="0">
      <attribute name="Adipose Clipped">No</attribute>
      <attribute name="Confidence Level">3</attribute>
      <attribute name="Injury">Yes</attribute>
      <attribute name="Notes">Fin Wear</attribute>
      <attribute name="Sex">Male</attribute>
      <attribute name="View">Side</attribute>
    </box>
    <box frame="152" outside="0" occluded="0" keyframe="0" xtl="0.00" ytl="306.79" xbr="1611.80" ybr="841.79" z_order="0">
      <attribute name="Adipose Clipped">No</attribute>
      <attribute name="Confidence Level">3</attribute>
      <attribute name="Injury">Yes</attribute>
      <attribute name="Notes">Fin Wear</attribute>
      <attribute name="Sex">Male</attribute>
      <attribute name="View">Side</attribute>
    </box>
    <box frame="153" outside="0" occluded="0" keyframe="0" xtl="0.00" ytl="309.90" xbr="1630.25" ybr="844.90" z_order="0">
      <attribute name="Adipose Clipped">No</attribute>
      <attribute name="Confidence Level">3</attribute>
      <attribute name="Injury">Yes</attribute>
      <attribute name="Notes">Fin Wear</attribute>
      <attribute name="Sex">Male</attribute>
      <attribute name="View">Side</attribute>
    </box>
    <box frame="154" outside="0" occluded="0" keyframe="0" xtl="0.00" ytl="313.01" xbr="1648.70" ybr="848.01" z_order="0">
      <attribute name="Adipose Clipped">No</attribute>
      <attribute name="Confidence Level">3</attribute>
      <attribute name="Injury">Yes</attribute>
      <attribute name="Notes">Fin Wear</attribute>
      <attribute name="Sex">Male</attribute>
      <attribute name="View">Side</attribute>
    </box>
    <box frame="155" outside="0" occluded="0" keyframe="0" xtl="0.00" ytl="316.12" xbr="1667.15" ybr="851.12" z_order="0">
      <attribute name="Adipose Clipped">No</attribute>
      <attribute name="Confidence Level">3</attribute>
      <attribute name="Injury">Yes</attribute>
      <attribute name="Notes">Fin Wear</attribute>
      <attribute name="Sex">Male</attribute>
      <attribute name="View">Side</attribute>
    </box>
    <box frame="156" outside="0" occluded="0" keyframe="1" xtl="0.00" ytl="319.23" xbr="1685.60" ybr="854.23" z_order="0">
      <attribute name="Adipose Clipped">No</attribute>
      <attribute name="Confidence Level">3</attribute>
      <attribute name="Injury">Yes</attribute>
      <attribute name="Notes">Fin Wear</attribute>
      <attribute name="Sex">Male</attribute>
      <attribute name="View">Side</attribute>
    </box>
    <box frame="157" outside="0" occluded="0" keyframe="0" xtl="0.00" ytl="319.23" xbr="1700.11" ybr="857.55" z_order="0">
      <attribute name="Adipose Clipped">No</attribute>
      <attribute name="Confidence Level">3</attribute>
      <attribute name="Injury">Yes</attribute>
      <attribute name="Notes">Fin Wear</attribute>
      <attribute name="Sex">Male</attribute>
      <attribute name="View">Side</attribute>
    </box>
    <box frame="158" outside="0" occluded="0" keyframe="0" xtl="0.00" ytl="319.23" xbr="1714.62" ybr="860.87" z_order="0">
      <attribute name="Adipose Clipped">No</attribute>
      <attribute name="Confidence Level">3</attribute>
      <attribute name="Injury">Yes</attribute>
      <attribute name="Notes">Fin Wear</attribute>
      <attribute name="Sex">Male</attribute>
      <attribute name="View">Side</attribute>
    </box>
    <box frame="159" outside="0" occluded="0" keyframe="0" xtl="0.00" ytl="319.23" xbr="1729.13" ybr="864.18" z_order="0">
      <attribute name="Adipose Clipped">No</attribute>
      <attribute name="Confidence Level">3</attribute>
      <attribute name="Injury">Yes</attribute>
      <attribute name="Notes">Fin Wear</attribute>
      <attribute name="Sex">Male</attribute>
      <attribute name="View">Side</attribute>
    </box>
    <box frame="160" outside="0" occluded="0" keyframe="0" xtl="0.00" ytl="319.23" xbr="1743.64" ybr="867.50" z_order="0">
      <attribute name="Adipose Clipped">No</attribute>
      <attribute name="Confidence Level">3</attribute>
      <attribute name="Injury">Yes</attribute>
      <attribute name="Notes">Fin Wear</attribute>
      <attribute name="Sex">Male</attribute>
      <attribute name="View">Side</attribute>
    </box>
    <box frame="161" outside="0" occluded="0" keyframe="0" xtl="0.00" ytl="319.23" xbr="1758.15" ybr="870.82" z_order="0">
      <attribute name="Adipose Clipped">No</attribute>
      <attribute name="Confidence Level">3</attribute>
      <attribute name="Injury">Yes</attribute>
      <attribute name="Notes">Fin Wear</attribute>
      <attribute name="Sex">Male</attribute>
      <attribute name="View">Side</attribute>
    </box>
    <box frame="162" outside="0" occluded="0" keyframe="0" xtl="0.00" ytl="319.23" xbr="1772.66" ybr="874.13" z_order="0">
      <attribute name="Adipose Clipped">No</attribute>
      <attribute name="Confidence Level">3</attribute>
      <attribute name="Injury">Yes</attribute>
      <attribute name="Notes">Fin Wear</attribute>
      <attribute name="Sex">Male</attribute>
      <attribute name="View">Side</attribute>
    </box>
    <box frame="163" outside="0" occluded="0" keyframe="0" xtl="0.00" ytl="319.23" xbr="1787.17" ybr="877.45" z_order="0">
      <attribute name="Adipose Clipped">No</attribute>
      <attribute name="Confidence Level">3</attribute>
      <attribute name="Injury">Yes</attribute>
      <attribute name="Notes">Fin Wear</attribute>
      <attribute name="Sex">Male</attribute>
      <attribute name="View">Side</attribute>
    </box>
    <box frame="164" outside="0" occluded="0" keyframe="0" xtl="0.00" ytl="319.23" xbr="1801.68" ybr="880.77" z_order="0">
      <attribute name="Adipose Clipped">No</attribute>
      <attribute name="Confidence Level">3</attribute>
      <attribute name="Injury">Yes</attribute>
      <attribute name="Notes">Fin Wear</attribute>
      <attribute name="Sex">Male</attribute>
      <attribute name="View">Side</attribute>
    </box>
    <box frame="165" outside="0" occluded="0" keyframe="0" xtl="0.00" ytl="319.23" xbr="1816.19" ybr="884.08" z_order="0">
      <attribute name="Adipose Clipped">No</attribute>
      <attribute name="Confidence Level">3</attribute>
      <attribute name="Injury">Yes</attribute>
      <attribute name="Notes">Fin Wear</attribute>
      <attribute name="Sex">Male</attribute>
      <attribute name="View">Side</attribute>
    </box>
    <box frame="166" outside="0" occluded="0" keyframe="1" xtl="0.00" ytl="319.23" xbr="1830.70" ybr="887.40" z_order="0">
      <attribute name="Adipose Clipped">No</attribute>
      <attribute name="Confidence Level">3</attribute>
      <attribute name="Injury">Yes</attribute>
      <attribute name="Notes">Fin Wear</attribute>
      <attribute name="Sex">Male</attribute>
      <attribute name="View">Side</attribute>
    </box>
    <box frame="167" outside="0" occluded="0" keyframe="0" xtl="13.06" ytl="319.23" xbr="1839.63" ybr="887.40" z_order="0">
      <attribute name="Adipose Clipped">No</attribute>
      <attribute name="Confidence Level">3</attribute>
      <attribute name="Injury">Yes</attribute>
      <attribute name="Notes">Fin Wear</attribute>
      <attribute name="Sex">Male</attribute>
      <attribute name="View">Side</attribute>
    </box>
    <box frame="168" outside="0" occluded="0" keyframe="0" xtl="26.13" ytl="319.23" xbr="1848.56" ybr="887.40" z_order="0">
      <attribute name="Adipose Clipped">No</attribute>
      <attribute name="Confidence Level">3</attribute>
      <attribute name="Injury">Yes</attribute>
      <attribute name="Notes">Fin Wear</attribute>
      <attribute name="Sex">Male</attribute>
      <attribute name="View">Side</attribute>
    </box>
    <box frame="169" outside="0" occluded="0" keyframe="0" xtl="39.19" ytl="319.23" xbr="1857.49" ybr="887.40" z_order="0">
      <attribute name="Adipose Clipped">No</attribute>
      <attribute name="Confidence Level">3</attribute>
      <attribute name="Injury">Yes</attribute>
      <attribute name="Notes">Fin Wear</attribute>
      <attribute name="Sex">Male</attribute>
      <attribute name="View">Side</attribute>
    </box>
    <box frame="170" outside="0" occluded="0" keyframe="0" xtl="52.25" ytl="319.23" xbr="1866.42" ybr="887.40" z_order="0">
      <attribute name="Adipose Clipped">No</attribute>
      <attribute name="Confidence Level">3</attribute>
      <attribute name="Injury">Yes</attribute>
      <attribute name="Notes">Fin Wear</attribute>
      <attribute name="Sex">Male</attribute>
      <attribute name="View">Side</attribute>
    </box>
    <box frame="171" outside="0" occluded="0" keyframe="0" xtl="65.31" ytl="319.23" xbr="1875.35" ybr="887.40" z_order="0">
      <attribute name="Adipose Clipped">No</attribute>
      <attribute name="Confidence Level">3</attribute>
      <attribute name="Injury">Yes</attribute>
      <attribute name="Notes">Fin Wear</attribute>
      <attribute name="Sex">Male</attribute>
      <attribute name="View">Side</attribute>
    </box>
    <box frame="172" outside="0" occluded="0" keyframe="0" xtl="78.38" ytl="319.23" xbr="1884.28" ybr="887.40" z_order="0">
      <attribute name="Adipose Clipped">No</attribute>
      <attribute name="Confidence Level">3</attribute>
      <attribute name="Injury">Yes</attribute>
      <attribute name="Notes">Fin Wear</attribute>
      <attribute name="Sex">Male</attribute>
      <attribute name="View">Side</attribute>
    </box>
    <box frame="173" outside="0" occluded="0" keyframe="0" xtl="91.44" ytl="319.23" xbr="1893.21" ybr="887.40" z_order="0">
      <attribute name="Adipose Clipped">No</attribute>
      <attribute name="Confidence Level">3</attribute>
      <attribute name="Injury">Yes</attribute>
      <attribute name="Notes">Fin Wear</attribute>
      <attribute name="Sex">Male</attribute>
      <attribute name="View">Side</attribute>
    </box>
    <box frame="174" outside="0" occluded="0" keyframe="0" xtl="104.50" ytl="319.23" xbr="1902.14" ybr="887.40" z_order="0">
      <attribute name="Adipose Clipped">No</attribute>
      <attribute name="Confidence Level">3</attribute>
      <attribute name="Injury">Yes</attribute>
      <attribute name="Notes">Fin Wear</attribute>
      <attribute name="Sex">Male</attribute>
      <attribute name="View">Side</attribute>
    </box>
    <box frame="175" outside="0" occluded="0" keyframe="0" xtl="117.56" ytl="319.23" xbr="1911.07" ybr="887.40" z_order="0">
      <attribute name="Adipose Clipped">No</attribute>
      <attribute name="Confidence Level">3</attribute>
      <attribute name="Injury">Yes</attribute>
      <attribute name="Notes">Fin Wear</attribute>
      <attribute name="Sex">Male</attribute>
      <attribute name="View">Side</attribute>
    </box>
    <box frame="176" outside="0" occluded="0" keyframe="1" xtl="130.63" ytl="319.23" xbr="1920.00" ybr="887.40" z_order="0">
      <attribute name="Adipose Clipped">No</attribute>
      <attribute name="Confidence Level">3</attribute>
      <attribute name="Injury">Yes</attribute>
      <attribute name="Notes">Fin Wear</attribute>
      <attribute name="Sex">Male</attribute>
      <attribute name="View">Side</attribute>
    </box>
    <box frame="177" outside="0" occluded="0" keyframe="0" xtl="154.06" ytl="318.82" xbr="1920.00" ybr="886.99" z_order="0">
      <attribute name="Adipose Clipped">No</attribute>
      <attribute name="Confidence Level">3</attribute>
      <attribute name="Injury">Yes</attribute>
      <attribute name="Notes">Fin Wear</attribute>
      <attribute name="Sex">Male</attribute>
      <attribute name="View">Side</attribute>
    </box>
    <box frame="178" outside="0" occluded="0" keyframe="0" xtl="177.49" ytl="318.40" xbr="1920.00" ybr="886.57" z_order="0">
      <attribute name="Adipose Clipped">No</attribute>
      <attribute name="Confidence Level">3</attribute>
      <attribute name="Injury">Yes</attribute>
      <attribute name="Notes">Fin Wear</attribute>
      <attribute name="Sex">Male</attribute>
      <attribute name="View">Side</attribute>
    </box>
    <box frame="179" outside="0" occluded="0" keyframe="0" xtl="200.92" ytl="317.99" xbr="1920.00" ybr="886.16" z_order="0">
      <attribute name="Adipose Clipped">No</attribute>
      <attribute name="Confidence Level">3</attribute>
      <attribute name="Injury">Yes</attribute>
      <attribute name="Notes">Fin Wear</attribute>
      <attribute name="Sex">Male</attribute>
      <attribute name="View">Side</attribute>
    </box>
    <box frame="180" outside="0" occluded="0" keyframe="0" xtl="224.35" ytl="317.57" xbr="1920.00" ybr="885.74" z_order="0">
      <attribute name="Adipose Clipped">No</attribute>
      <attribute name="Confidence Level">3</attribute>
      <attribute name="Injury">Yes</attribute>
      <attribute name="Notes">Fin Wear</attribute>
      <attribute name="Sex">Male</attribute>
      <attribute name="View">Side</attribute>
    </box>
    <box frame="181" outside="0" occluded="0" keyframe="0" xtl="247.77" ytl="317.16" xbr="1920.00" ybr="885.33" z_order="0">
      <attribute name="Adipose Clipped">No</attribute>
      <attribute name="Confidence Level">3</attribute>
      <attribute name="Injury">Yes</attribute>
      <attribute name="Notes">Fin Wear</attribute>
      <attribute name="Sex">Male</attribute>
      <attribute name="View">Side</attribute>
    </box>
    <box frame="182" outside="0" occluded="0" keyframe="0" xtl="271.20" ytl="316.74" xbr="1920.00" ybr="884.91" z_order="0">
      <attribute name="Adipose Clipped">No</attribute>
      <attribute name="Confidence Level">3</attribute>
      <attribute name="Injury">Yes</attribute>
      <attribute name="Notes">Fin Wear</attribute>
      <attribute name="Sex">Male</attribute>
      <attribute name="View">Side</attribute>
    </box>
    <box frame="183" outside="0" occluded="0" keyframe="0" xtl="294.63" ytl="316.33" xbr="1920.00" ybr="884.50" z_order="0">
      <attribute name="Adipose Clipped">No</attribute>
      <attribute name="Confidence Level">3</attribute>
      <attribute name="Injury">Yes</attribute>
      <attribute name="Notes">Fin Wear</attribute>
      <attribute name="Sex">Male</attribute>
      <attribute name="View">Side</attribute>
    </box>
    <box frame="184" outside="0" occluded="0" keyframe="0" xtl="318.06" ytl="315.91" xbr="1920.00" ybr="884.08" z_order="0">
      <attribute name="Adipose Clipped">No</attribute>
      <attribute name="Confidence Level">3</attribute>
      <attribute name="Injury">Yes</attribute>
      <attribute name="Notes">Fin Wear</attribute>
      <attribute name="Sex">Male</attribute>
      <attribute name="View">Side</attribute>
    </box>
    <box frame="185" outside="0" occluded="0" keyframe="0" xtl="341.49" ytl="315.50" xbr="1920.00" ybr="883.67" z_order="0">
      <attribute name="Adipose Clipped">No</attribute>
      <attribute name="Confidence Level">3</attribute>
      <attribute name="Injury">Yes</attribute>
      <attribute name="Notes">Fin Wear</attribute>
      <attribute name="Sex">Male</attribute>
      <attribute name="View">Side</attribute>
    </box>
    <box frame="186" outside="0" occluded="0" keyframe="1" xtl="364.92" ytl="315.08" xbr="1920.00" ybr="883.25" z_order="0">
      <attribute name="Adipose Clipped">No</attribute>
      <attribute name="Confidence Level">3</attribute>
      <attribute name="Injury">Yes</attribute>
      <attribute name="Notes">Fin Wear</attribute>
      <attribute name="Sex">Male</attribute>
      <attribute name="View">Side</attribute>
    </box>
    <box frame="187" outside="0" occluded="0" keyframe="0" xtl="395.82" ytl="315.50" xbr="1920.00" ybr="883.67" z_order="0">
      <attribute name="Adipose Clipped">No</attribute>
      <attribute name="Confidence Level">3</attribute>
      <attribute name="Injury">Yes</attribute>
      <attribute name="Notes">Fin Wear</attribute>
      <attribute name="Sex">Male</attribute>
      <attribute name="View">Side</attribute>
    </box>
    <box frame="188" outside="0" occluded="0" keyframe="0" xtl="426.71" ytl="315.91" xbr="1920.00" ybr="884.08" z_order="0">
      <attribute name="Adipose Clipped">No</attribute>
      <attribute name="Confidence Level">3</attribute>
      <attribute name="Injury">Yes</attribute>
      <attribute name="Notes">Fin Wear</attribute>
      <attribute name="Sex">Male</attribute>
      <attribute name="View">Side</attribute>
    </box>
    <box frame="189" outside="0" occluded="0" keyframe="0" xtl="457.61" ytl="316.33" xbr="1920.00" ybr="884.50" z_order="0">
      <attribute name="Adipose Clipped">No</attribute>
      <attribute name="Confidence Level">3</attribute>
      <attribute name="Injury">Yes</attribute>
      <attribute name="Notes">Fin Wear</attribute>
      <attribute name="Sex">Male</attribute>
      <attribute name="View">Side</attribute>
    </box>
    <box frame="190" outside="0" occluded="0" keyframe="0" xtl="488.50" ytl="316.74" xbr="1920.00" ybr="884.91" z_order="0">
      <attribute name="Adipose Clipped">No</attribute>
      <attribute name="Confidence Level">3</attribute>
      <attribute name="Injury">Yes</attribute>
      <attribute name="Notes">Fin Wear</attribute>
      <attribute name="Sex">Male</attribute>
      <attribute name="View">Side</attribute>
    </box>
    <box frame="191" outside="0" occluded="0" keyframe="0" xtl="519.40" ytl="317.16" xbr="1920.00" ybr="885.33" z_order="0">
      <attribute name="Adipose Clipped">No</attribute>
      <attribute name="Confidence Level">3</attribute>
      <attribute name="Injury">Yes</attribute>
      <attribute name="Notes">Fin Wear</attribute>
      <attribute name="Sex">Male</attribute>
      <attribute name="View">Side</attribute>
    </box>
    <box frame="192" outside="0" occluded="0" keyframe="0" xtl="550.29" ytl="317.57" xbr="1920.00" ybr="885.74" z_order="0">
      <attribute name="Adipose Clipped">No</attribute>
      <attribute name="Confidence Level">3</attribute>
      <attribute name="Injury">Yes</attribute>
      <attribute name="Notes">Fin Wear</attribute>
      <attribute name="Sex">Male</attribute>
      <attribute name="View">Side</attribute>
    </box>
    <box frame="193" outside="0" occluded="0" keyframe="0" xtl="581.18" ytl="317.99" xbr="1920.00" ybr="886.16" z_order="0">
      <attribute name="Adipose Clipped">No</attribute>
      <attribute name="Confidence Level">3</attribute>
      <attribute name="Injury">Yes</attribute>
      <attribute name="Notes">Fin Wear</attribute>
      <attribute name="Sex">Male</attribute>
      <attribute name="View">Side</attribute>
    </box>
    <box frame="194" outside="0" occluded="0" keyframe="0" xtl="612.08" ytl="318.40" xbr="1920.00" ybr="886.57" z_order="0">
      <attribute name="Adipose Clipped">No</attribute>
      <attribute name="Confidence Level">3</attribute>
      <attribute name="Injury">Yes</attribute>
      <attribute name="Notes">Fin Wear</attribute>
      <attribute name="Sex">Male</attribute>
      <attribute name="View">Side</attribute>
    </box>
    <box frame="195" outside="0" occluded="0" keyframe="0" xtl="642.97" ytl="318.82" xbr="1920.00" ybr="886.99" z_order="0">
      <attribute name="Adipose Clipped">No</attribute>
      <attribute name="Confidence Level">3</attribute>
      <attribute name="Injury">Yes</attribute>
      <attribute name="Notes">Fin Wear</attribute>
      <attribute name="Sex">Male</attribute>
      <attribute name="View">Side</attribute>
    </box>
    <box frame="196" outside="0" occluded="0" keyframe="1" xtl="673.87" ytl="319.23" xbr="1920.00" ybr="887.40" z_order="0">
      <attribute name="Adipose Clipped">No</attribute>
      <attribute name="Confidence Level">3</attribute>
      <attribute name="Injury">Yes</attribute>
      <attribute name="Notes">Fin Wear</attribute>
      <attribute name="Sex">Male</attribute>
      <attribute name="View">Side</attribute>
    </box>
    <box frame="197" outside="0" occluded="0" keyframe="0" xtl="705.38" ytl="323.17" xbr="1920.00" ybr="885.12" z_order="0">
      <attribute name="Adipose Clipped">No</attribute>
      <attribute name="Confidence Level">3</attribute>
      <attribute name="Injury">Yes</attribute>
      <attribute name="Notes">Fin Wear</attribute>
      <attribute name="Sex">Male</attribute>
      <attribute name="View">Side</attribute>
    </box>
    <box frame="198" outside="0" occluded="0" keyframe="0" xtl="736.89" ytl="327.11" xbr="1920.00" ybr="882.84" z_order="0">
      <attribute name="Adipose Clipped">No</attribute>
      <attribute name="Confidence Level">3</attribute>
      <attribute name="Injury">Yes</attribute>
      <attribute name="Notes">Fin Wear</attribute>
      <attribute name="Sex">Male</attribute>
      <attribute name="View">Side</attribute>
    </box>
    <box frame="199" outside="0" occluded="0" keyframe="0" xtl="768.41" ytl="331.04" xbr="1920.00" ybr="880.56" z_order="0">
      <attribute name="Adipose Clipped">No</attribute>
      <attribute name="Confidence Level">3</attribute>
      <attribute name="Injury">Yes</attribute>
      <attribute name="Notes">Fin Wear</attribute>
      <attribute name="Sex">Male</attribute>
      <attribute name="View">Side</attribute>
    </box>
    <box frame="200" outside="0" occluded="0" keyframe="0" xtl="799.92" ytl="334.98" xbr="1920.00" ybr="878.28" z_order="0">
      <attribute name="Adipose Clipped">No</attribute>
      <attribute name="Confidence Level">3</attribute>
      <attribute name="Injury">Yes</attribute>
      <attribute name="Notes">Fin Wear</attribute>
      <attribute name="Sex">Male</attribute>
      <attribute name="View">Side</attribute>
    </box>
    <box frame="201" outside="0" occluded="0" keyframe="0" xtl="831.43" ytl="338.92" xbr="1920.00" ybr="876.00" z_order="0">
      <attribute name="Adipose Clipped">No</attribute>
      <attribute name="Confidence Level">3</attribute>
      <attribute name="Injury">Yes</attribute>
      <attribute name="Notes">Fin Wear</attribute>
      <attribute name="Sex">Male</attribute>
      <attribute name="View">Side</attribute>
    </box>
    <box frame="202" outside="0" occluded="0" keyframe="0" xtl="862.95" ytl="342.85" xbr="1920.00" ybr="873.72" z_order="0">
      <attribute name="Adipose Clipped">No</attribute>
      <attribute name="Confidence Level">3</attribute>
      <attribute name="Injury">Yes</attribute>
      <attribute name="Notes">Fin Wear</attribute>
      <attribute name="Sex">Male</attribute>
      <attribute name="View">Side</attribute>
    </box>
    <box frame="203" outside="0" occluded="0" keyframe="0" xtl="894.46" ytl="346.79" xbr="1920.00" ybr="871.43" z_order="0">
      <attribute name="Adipose Clipped">No</attribute>
      <attribute name="Confidence Level">3</attribute>
      <attribute name="Injury">Yes</attribute>
      <attribute name="Notes">Fin Wear</attribute>
      <attribute name="Sex">Male</attribute>
      <attribute name="View">Side</attribute>
    </box>
    <box frame="204" outside="0" occluded="0" keyframe="0" xtl="925.97" ytl="350.73" xbr="1920.00" ybr="869.15" z_order="0">
      <attribute name="Adipose Clipped">No</attribute>
      <attribute name="Confidence Level">3</attribute>
      <attribute name="Injury">Yes</attribute>
      <attribute name="Notes">Fin Wear</attribute>
      <attribute name="Sex">Male</attribute>
      <attribute name="View">Side</attribute>
    </box>
    <box frame="205" outside="0" occluded="0" keyframe="0" xtl="957.49" ytl="354.66" xbr="1920.00" ybr="866.87" z_order="0">
      <attribute name="Adipose Clipped">No</attribute>
      <attribute name="Confidence Level">3</attribute>
      <attribute name="Injury">Yes</attribute>
      <attribute name="Notes">Fin Wear</attribute>
      <attribute name="Sex">Male</attribute>
      <attribute name="View">Side</attribute>
    </box>
    <box frame="206" outside="0" occluded="0" keyframe="1" xtl="989.00" ytl="358.60" xbr="1920.00" ybr="864.59" z_order="0">
      <attribute name="Adipose Clipped">No</attribute>
      <attribute name="Confidence Level">3</attribute>
      <attribute name="Injury">Yes</attribute>
      <attribute name="Notes">Fin Wear</attribute>
      <attribute name="Sex">Male</attribute>
      <attribute name="View">Side</attribute>
    </box>
    <box frame="207" outside="0" occluded="0" keyframe="0" xtl="1033.16" ytl="356.53" xbr="1920.00" ybr="862.52" z_order="0">
      <attribute name="Adipose Clipped">No</attribute>
      <attribute name="Confidence Level">3</attribute>
      <attribute name="Injury">Yes</attribute>
      <attribute name="Notes">Fin Wear</attribute>
      <attribute name="Sex">Male</attribute>
      <attribute name="View">Side</attribute>
    </box>
    <box frame="208" outside="0" occluded="0" keyframe="0" xtl="1077.33" ytl="354.45" xbr="1920.00" ybr="860.45" z_order="0">
      <attribute name="Adipose Clipped">No</attribute>
      <attribute name="Confidence Level">3</attribute>
      <attribute name="Injury">Yes</attribute>
      <attribute name="Notes">Fin Wear</attribute>
      <attribute name="Sex">Male</attribute>
      <attribute name="View">Side</attribute>
    </box>
    <box frame="209" outside="0" occluded="0" keyframe="0" xtl="1121.49" ytl="352.38" xbr="1920.00" ybr="858.37" z_order="0">
      <attribute name="Adipose Clipped">No</attribute>
      <attribute name="Confidence Level">3</attribute>
      <attribute name="Injury">Yes</attribute>
      <attribute name="Notes">Fin Wear</attribute>
      <attribute name="Sex">Male</attribute>
      <attribute name="View">Side</attribute>
    </box>
    <box frame="210" outside="0" occluded="0" keyframe="0" xtl="1165.66" ytl="350.31" xbr="1920.00" ybr="856.30" z_order="0">
      <attribute name="Adipose Clipped">No</attribute>
      <attribute name="Confidence Level">3</attribute>
      <attribute name="Injury">Yes</attribute>
      <attribute name="Notes">Fin Wear</attribute>
      <attribute name="Sex">Male</attribute>
      <attribute name="View">Side</attribute>
    </box>
    <box frame="211" outside="0" occluded="0" keyframe="0" xtl="1209.82" ytl="348.23" xbr="1920.00" ybr="854.23" z_order="0">
      <attribute name="Adipose Clipped">No</attribute>
      <attribute name="Confidence Level">3</attribute>
      <attribute name="Injury">Yes</attribute>
      <attribute name="Notes">Fin Wear</attribute>
      <attribute name="Sex">Male</attribute>
      <attribute name="View">Side</attribute>
    </box>
    <box frame="212" outside="0" occluded="0" keyframe="0" xtl="1253.98" ytl="346.16" xbr="1920.00" ybr="852.15" z_order="0">
      <attribute name="Adipose Clipped">No</attribute>
      <attribute name="Confidence Level">3</attribute>
      <attribute name="Injury">Yes</attribute>
      <attribute name="Notes">Fin Wear</attribute>
      <attribute name="Sex">Male</attribute>
      <attribute name="View">Side</attribute>
    </box>
    <box frame="213" outside="0" occluded="0" keyframe="0" xtl="1298.15" ytl="344.09" xbr="1920.00" ybr="850.08" z_order="0">
      <attribute name="Adipose Clipped">No</attribute>
      <attribute name="Confidence Level">3</attribute>
      <attribute name="Injury">Yes</attribute>
      <attribute name="Notes">Fin Wear</attribute>
      <attribute name="Sex">Male</attribute>
      <attribute name="View">Side</attribute>
    </box>
    <box frame="214" outside="0" occluded="0" keyframe="0" xtl="1342.31" ytl="342.01" xbr="1920.00" ybr="848.00" z_order="0">
      <attribute name="Adipose Clipped">No</attribute>
      <attribute name="Confidence Level">3</attribute>
      <attribute name="Injury">Yes</attribute>
      <attribute name="Notes">Fin Wear</attribute>
      <attribute name="Sex">Male</attribute>
      <attribute name="View">Side</attribute>
    </box>
    <box frame="215" outside="0" occluded="0" keyframe="0" xtl="1386.48" ytl="339.94" xbr="1920.00" ybr="845.93" z_order="0">
      <attribute name="Adipose Clipped">No</attribute>
      <attribute name="Confidence Level">3</attribute>
      <attribute name="Injury">Yes</attribute>
      <attribute name="Notes">Fin Wear</attribute>
      <attribute name="Sex">Male</attribute>
      <attribute name="View">Side</attribute>
    </box>
    <box frame="216" outside="0" occluded="1" keyframe="1" xtl="1430.64" ytl="337.87" xbr="1920.00" ybr="843.86" z_order="0">
      <attribute name="Adipose Clipped">No</attribute>
      <attribute name="Confidence Level">3</attribute>
      <attribute name="Injury">Yes</attribute>
      <attribute name="Notes">Fin Wear</attribute>
      <attribute name="Sex">Male</attribute>
      <attribute name="View">Side</attribute>
    </box>
    <box frame="217" outside="0" occluded="1" keyframe="0" xtl="1458.98" ytl="340.29" xbr="1920.00" ybr="836.95" z_order="0">
      <attribute name="Adipose Clipped">No</attribute>
      <attribute name="Confidence Level">3</attribute>
      <attribute name="Injury">Yes</attribute>
      <attribute name="Notes">Fin Wear</attribute>
      <attribute name="Sex">Male</attribute>
      <attribute name="View">Side</attribute>
    </box>
    <box frame="218" outside="0" occluded="1" keyframe="0" xtl="1487.33" ytl="342.71" xbr="1920.00" ybr="830.03" z_order="0">
      <attribute name="Adipose Clipped">No</attribute>
      <attribute name="Confidence Level">3</attribute>
      <attribute name="Injury">Yes</attribute>
      <attribute name="Notes">Fin Wear</attribute>
      <attribute name="Sex">Male</attribute>
      <attribute name="View">Side</attribute>
    </box>
    <box frame="219" outside="0" occluded="1" keyframe="0" xtl="1515.67" ytl="345.13" xbr="1920.00" ybr="823.12" z_order="0">
      <attribute name="Adipose Clipped">No</attribute>
      <attribute name="Confidence Level">3</attribute>
      <attribute name="Injury">Yes</attribute>
      <attribute name="Notes">Fin Wear</attribute>
      <attribute name="Sex">Male</attribute>
      <attribute name="View">Side</attribute>
    </box>
    <box frame="220" outside="0" occluded="1" keyframe="0" xtl="1544.01" ytl="347.56" xbr="1920.00" ybr="816.21" z_order="0">
      <attribute name="Adipose Clipped">No</attribute>
      <attribute name="Confidence Level">3</attribute>
      <attribute name="Injury">Yes</attribute>
      <attribute name="Notes">Fin Wear</attribute>
      <attribute name="Sex">Male</attribute>
      <attribute name="View">Side</attribute>
    </box>
    <box frame="221" outside="0" occluded="1" keyframe="0" xtl="1572.36" ytl="349.98" xbr="1920.00" ybr="809.30" z_order="0">
      <attribute name="Adipose Clipped">No</attribute>
      <attribute name="Confidence Level">3</attribute>
      <attribute name="Injury">Yes</attribute>
      <attribute name="Notes">Fin Wear</attribute>
      <attribute name="Sex">Male</attribute>
      <attribute name="View">Side</attribute>
    </box>
    <box frame="222" outside="0" occluded="1" keyframe="1" xtl="1600.70" ytl="352.40" xbr="1920.00" ybr="802.39" z_order="0">
      <attribute name="Adipose Clipped">No</attribute>
      <attribute name="Confidence Level">3</attribute>
      <attribute name="Injury">Yes</attribute>
      <attribute name="Notes">Fin Wear</attribute>
      <attribute name="Sex">Male</attribute>
      <attribute name="View">Side</attribute>
    </box>
    <box frame="223" outside="0" occluded="1" keyframe="0" xtl="1675.34" ytl="355.51" xbr="1920.00" ybr="805.50" z_order="0">
      <attribute name="Adipose Clipped">No</attribute>
      <attribute name="Confidence Level">3</attribute>
      <attribute name="Injury">Yes</attribute>
      <attribute name="Notes">Fin Wear</attribute>
      <attribute name="Sex">Male</attribute>
      <attribute name="View">Side</attribute>
    </box>
    <box frame="224" outside="0" occluded="1" keyframe="1" xtl="1749.99" ytl="358.62" xbr="1920.00" ybr="808.61" z_order="0">
      <attribute name="Adipose Clipped">No</attribute>
      <attribute name="Confidence Level">3</attribute>
      <attribute name="Injury">Yes</attribute>
      <attribute name="Notes">Fin Wear</attribute>
      <attribute name="Sex">Male</attribute>
      <attribute name="View">Side</attribute>
    </box>
    <box frame="225" outside="0" occluded="1" keyframe="1" xtl="1835.00" ytl="333.74" xbr="1920.00" ybr="783.73" z_order="0">
      <attribute name="Adipose Clipped">No</attribute>
      <attribute name="Confidence Level">3</attribute>
      <attribute name="Injury">Yes</attribute>
      <attribute name="Notes">Fin Wear</attribute>
      <attribute name="Sex">Male</attribute>
      <attribute name="View">Side</attribute>
    </box>
    <box frame="226" outside="1" occluded="1" keyframe="1" xtl="1835.00" ytl="333.74" xbr="1920.00" ybr="783.73" z_order="0">
      <attribute name="Adipose Clipped">No</attribute>
      <attribute name="Confidence Level">3</attribute>
      <attribute name="Injury">Yes</attribute>
      <attribute name="Notes">Fin Wear</attribute>
      <attribute name="Sex">Male</attribute>
      <attribute name="View">Side</attribute>
    </box>
  </track>
</annotations>