<?xml version="1.0" encoding="utf-8"?>
<annotations>
  <version>1.1</version>
  <meta>
    <task>
      <id>28</id>
      <name>Right Bank 2020-07-31_04_23_41_484</name>
      <size>322</size>
      <mode>interpolation</mode>
      <overlap>5</overlap>
      <bugtracker></bugtracker>
      <created>2021-03-29 21:04:47.028037+00:00</created>
      <updated>2021-03-29 23:43:00.321689+00:00</updated>
      <start_frame>0</start_frame>
      <stop_frame>321</stop_frame>
      <frame_filter></frame_filter>
      <labels>
        <label>
          <name>Coho</name>
          <color>#83e070</color>
          <attributes>
            <attribute>
              <name>Adipose Clipped</name>
              <mutable>False</mutable>
              <input_type>select</input_type>
              <default_value>No</default_value>
              <values>No
Yes
NA</values>
            </attribute>
            <attribute>
              <name>Confidence Level</name>
              <mutable>False</mutable>
              <input_type>select</input_type>
              <default_value>3</default_value>
              <values>3
2
1</values>
            </attribute>
            <attribute>
              <name>Injury</name>
              <mutable>False</mutable>
              <input_type>select</input_type>
              <default_value>No</default_value>
              <values>No
Yes
NA</values>
            </attribute>
            <attribute>
              <name>Notes</name>
              <mutable>False</mutable>
              <input_type>text</input_type>
              <default_value>NA</default_value>
              <values>NA</values>
            </attribute>
            <attribute>
              <name>Sex</name>
              <mutable>False</mutable>
              <input_type>select</input_type>
              <default_value>Male</default_value>
              <values>Male
Female
Jack</values>
            </attribute>
          </attributes>
        </label>
        <label>
          <name>Chum</name>
          <color>#b83df5</color>
          <attributes>
            <attribute>
              <name>Adipose Clipped</name>
              <mutable>False</mutable>
              <input_type>select</input_type>
              <default_value>No</default_value>
              <values>No
Yes
NA</values>
            </attribute>
            <attribute>
              <name>Confidence Level</name>
              <mutable>False</mutable>
              <input_type>select</input_type>
              <default_value>3</default_value>
              <values>3
2
1</values>
            </attribute>
            <attribute>
              <name>Injury</name>
              <mutable>False</mutable>
              <input_type>select</input_type>
              <default_value>No</default_value>
              <values>No
Yes
NA</values>
            </attribute>
            <attribute>
              <name>Notes</name>
              <mutable>False</mutable>
              <input_type>text</input_type>
              <default_value>NA</default_value>
              <values>NA</values>
            </attribute>
            <attribute>
              <name>Sex</name>
              <mutable>False</mutable>
              <input_type>select</input_type>
              <default_value>Male</default_value>
              <values>Male
Female</values>
            </attribute>
          </attributes>
        </label>
        <label>
          <name>Whitefish</name>
          <color>#f1f0f5</color>
          <attributes>
            <attribute>
              <name>Injury</name>
              <mutable>False</mutable>
              <input_type>select</input_type>
              <default_value>No</default_value>
              <values>No
Yes
NA</values>
            </attribute>
            <attribute>
              <name>Notes</name>
              <mutable>False</mutable>
              <input_type>text</input_type>
              <default_value>NA</default_value>
              <values>NA</values>
            </attribute>
            <attribute>
              <name>Sex</name>
              <mutable>False</mutable>
              <input_type>select</input_type>
              <default_value>NA</default_value>
              <values>NA</values>
            </attribute>
            <attribute>
              <name>View</name>
              <mutable>False</mutable>
              <input_type>select</input_type>
              <default_value>Top-down</default_value>
              <values>Top-down
Side</values>
            </attribute>
            <attribute>
              <name>Adipose Clipped</name>
              <mutable>False</mutable>
              <input_type>select</input_type>
              <default_value>No</default_value>
              <values>No
Yes
NA</values>
            </attribute>
            <attribute>
              <name>Confidence Level</name>
              <mutable>False</mutable>
              <input_type>select</input_type>
              <default_value>3</default_value>
              <values>3
2
1</values>
            </attribute>
          </attributes>
        </label>
        <label>
          <name>Rainbow</name>
          <color>#fa32b7</color>
          <attributes>
            <attribute>
              <name>Confidence Level</name>
              <mutable>False</mutable>
              <input_type>select</input_type>
              <default_value>3</default_value>
              <values>3
2
1</values>
            </attribute>
            <attribute>
              <name>Injury</name>
              <mutable>False</mutable>
              <input_type>select</input_type>
              <default_value>No</default_value>
              <values>No
Yes
NA</values>
            </attribute>
            <attribute>
              <name>Notes</name>
              <mutable>False</mutable>
              <input_type>text</input_type>
              <default_value>NA</default_value>
              <values>NA</values>
            </attribute>
            <attribute>
              <name>Sex</name>
              <mutable>False</mutable>
              <input_type>select</input_type>
              <default_value>NA</default_value>
              <values>NA
Juvenile</values>
            </attribute>
            <attribute>
              <name>Adipose Clipped</name>
              <mutable>False</mutable>
              <input_type>select</input_type>
              <default_value>No</default_value>
              <values>No
Yes
NA</values>
            </attribute>
          </attributes>
        </label>
        <label>
          <name>Bull</name>
          <color>#ff6a4d</color>
          <attributes>
            <attribute>
              <name>Adipose Clipped</name>
              <mutable>False</mutable>
              <input_type>select</input_type>
              <default_value>No</default_value>
              <values>No
NA</values>
            </attribute>
            <attribute>
              <name>Confidence Level</name>
              <mutable>False</mutable>
              <input_type>select</input_type>
              <default_value>3</default_value>
              <values>3
2
1</values>
            </attribute>
            <attribute>
              <name>Injury</name>
              <mutable>False</mutable>
              <input_type>select</input_type>
              <default_value>No</default_value>
              <values>No
Yes
NA</values>
            </attribute>
            <attribute>
              <name>Notes</name>
              <mutable>False</mutable>
              <input_type>text</input_type>
              <default_value>NA</default_value>
              <values>NA</values>
            </attribute>
            <attribute>
              <name>Sex</name>
              <mutable>False</mutable>
              <input_type>select</input_type>
              <default_value>NA</default_value>
              <values>NA
Juvenile</values>
            </attribute>
            <attribute>
              <name>View</name>
              <mutable>False</mutable>
              <input_type>select</input_type>
              <default_value>Top-down</default_value>
              <values>Top-down
Side</values>
            </attribute>
          </attributes>
        </label>
        <label>
          <name>Pink</name>
          <color>#fa7dbb</color>
          <attributes>
            <attribute>
              <name>Notes</name>
              <mutable>False</mutable>
              <input_type>text</input_type>
              <default_value>NA</default_value>
              <values>NA</values>
            </attribute>
            <attribute>
              <name>Sex</name>
              <mutable>False</mutable>
              <input_type>select</input_type>
              <default_value>Male</default_value>
              <values>Male
Female</values>
            </attribute>
            <attribute>
              <name>Adipose Clipped</name>
              <mutable>False</mutable>
              <input_type>select</input_type>
              <default_value>No</default_value>
              <values>No
Yes
NA</values>
            </attribute>
            <attribute>
              <name>Confidence Level</name>
              <mutable>False</mutable>
              <input_type>select</input_type>
              <default_value>3</default_value>
              <values>3
2
1</values>
            </attribute>
            <attribute>
              <name>Injury</name>
              <mutable>False</mutable>
              <input_type>select</input_type>
              <default_value>No</default_value>
              <values>No
Yes
NA</values>
            </attribute>
          </attributes>
        </label>
        <label>
          <name>Steelhead</name>
          <color>#66ff66</color>
          <attributes>
            <attribute>
              <name>Adipose Clipped</name>
              <mutable>False</mutable>
              <input_type>select</input_type>
              <default_value>No</default_value>
              <values>No
Yes
NA</values>
            </attribute>
            <attribute>
              <name>Confidence Level</name>
              <mutable>False</mutable>
              <input_type>select</input_type>
              <default_value>3</default_value>
              <values>3
2
1</values>
            </attribute>
            <attribute>
              <name>Injury</name>
              <mutable>False</mutable>
              <input_type>select</input_type>
              <default_value>No</default_value>
              <values>No
Yes
NA</values>
            </attribute>
            <attribute>
              <name>Notes</name>
              <mutable>False</mutable>
              <input_type>text</input_type>
              <default_value>NA</default_value>
              <values>NA</values>
            </attribute>
            <attribute>
              <name>Sex</name>
              <mutable>False</mutable>
              <input_type>select</input_type>
              <default_value>Male</default_value>
              <values>Male
Female</values>
            </attribute>
          </attributes>
        </label>
        <label>
          <name>Chinook</name>
          <color>#cc3366</color>
          <attributes>
            <attribute>
              <name>Adipose Clipped</name>
              <mutable>False</mutable>
              <input_type>select</input_type>
              <default_value>No</default_value>
              <values>No
Yes
NA</values>
            </attribute>
            <attribute>
              <name>Confidence Level</name>
              <mutable>False</mutable>
              <input_type>select</input_type>
              <default_value>3</default_value>
              <values>3
2
1</values>
            </attribute>
            <attribute>
              <name>Injury</name>
              <mutable>False</mutable>
              <input_type>select</input_type>
              <default_value>No</default_value>
              <values>No
Yes
NA</values>
            </attribute>
            <attribute>
              <name>Notes</name>
              <mutable>False</mutable>
              <input_type>text</input_type>
              <default_value>NA</default_value>
              <values>NA</values>
            </attribute>
            <attribute>
              <name>Sex</name>
              <mutable>False</mutable>
              <input_type>select</input_type>
              <default_value>Male</default_value>
              <values>Male
Female
Jack</values>
            </attribute>
            <attribute>
              <name>View</name>
              <mutable>False</mutable>
              <input_type>select</input_type>
              <default_value>Top-down</default_value>
              <values>Top-down
Side</values>
            </attribute>
          </attributes>
        </label>
        <label>
          <name>Sockeye</name>
          <color>#fa3253</color>
          <attributes>
            <attribute>
              <name>Injury</name>
              <mutable>False</mutable>
              <input_type>select</input_type>
              <default_value>No</default_value>
              <values>No
Yes
NA</values>
            </attribute>
            <attribute>
              <name>Notes</name>
              <mutable>False</mutable>
              <input_type>text</input_type>
              <default_value>NA</default_value>
              <values>NA</values>
            </attribute>
            <attribute>
              <name>Sex</name>
              <mutable>False</mutable>
              <input_type>select</input_type>
              <default_value>Male</default_value>
              <values>Male
Female</values>
            </attribute>
            <attribute>
              <name>View</name>
              <mutable>False</mutable>
              <input_type>select</input_type>
              <default_value>Top-down</default_value>
              <values>Top-down
Side</values>
            </attribute>
            <attribute>
              <name>Adipose Clipped</name>
              <mutable>False</mutable>
              <input_type>select</input_type>
              <default_value>No</default_value>
              <values>No
Yes
NA</values>
            </attribute>
            <attribute>
              <name>Confidence Level</name>
              <mutable>False</mutable>
              <input_type>select</input_type>
              <default_value>3</default_value>
              <values>3
2
1</values>
            </attribute>
          </attributes>
        </label>
      </labels>
      <segments>
        <segment>
          <id>28</id>
          <start>0</start>
          <stop>321</stop>
          <url>httplocalhost:8080/?id=28</url>
        </segment>
      </segments>
      <owner>
        <username>bna19</username>
        <email>bna19@sfu.ca</email>
      </owner>
      <assignee></assignee>
      <original_size>
        <width>1280</width>
        <height>720</height>
      </original_size>
    </task>
    <dumped>2021-03-29 23:43:13.497460+00:00</dumped>
    <source>Right Bank 2020-07-31_04_23_41_484.asf</source>
  </meta>
  <track id="0" label="Chinook" source="manual">
    <box frame="74" outside="0" occluded="0" keyframe="1" xtl="1.25" ytl="232.50" xbr="180.00" ybr="390.00" z_order="0">
      <attribute name="Notes">NA</attribute>
      <attribute name="View">Side</attribute>
      <attribute name="Sex">Female</attribute>
      <attribute name="Adipose Clipped">No</attribute>
      <attribute name="Injury">No</attribute>
      <attribute name="Confidence Level">2</attribute>
    </box>
    <box frame="75" outside="0" occluded="0" keyframe="0" xtl="1.25" ytl="230.60" xbr="216.85" ybr="390.00" z_order="0">
      <attribute name="Notes">NA</attribute>
      <attribute name="View">Side</attribute>
      <attribute name="Sex">Female</attribute>
      <attribute name="Adipose Clipped">No</attribute>
      <attribute name="Injury">No</attribute>
      <attribute name="Confidence Level">2</attribute>
    </box>
    <box frame="76" outside="0" occluded="0" keyframe="1" xtl="1.25" ytl="228.70" xbr="253.70" ybr="390.00" z_order="0">
      <attribute name="Notes">NA</attribute>
      <attribute name="View">Side</attribute>
      <attribute name="Sex">Female</attribute>
      <attribute name="Adipose Clipped">No</attribute>
      <attribute name="Injury">No</attribute>
      <attribute name="Confidence Level">2</attribute>
    </box>
    <box frame="77" outside="0" occluded="0" keyframe="1" xtl="1.25" ytl="222.50" xbr="315.00" ybr="390.00" z_order="0">
      <attribute name="Notes">NA</attribute>
      <attribute name="View">Side</attribute>
      <attribute name="Sex">Female</attribute>
      <attribute name="Adipose Clipped">No</attribute>
      <attribute name="Injury">No</attribute>
      <attribute name="Confidence Level">2</attribute>
    </box>
    <box frame="78" outside="0" occluded="0" keyframe="1" xtl="1.25" ytl="213.70" xbr="357.50" ybr="390.00" z_order="0">
      <attribute name="Notes">NA</attribute>
      <attribute name="View">Side</attribute>
      <attribute name="Sex">Female</attribute>
      <attribute name="Adipose Clipped">No</attribute>
      <attribute name="Injury">No</attribute>
      <attribute name="Confidence Level">2</attribute>
    </box>
    <box frame="79" outside="0" occluded="0" keyframe="1" xtl="1.25" ytl="197.50" xbr="382.50" ybr="390.00" z_order="0">
      <attribute name="Notes">NA</attribute>
      <attribute name="View">Side</attribute>
      <attribute name="Sex">Female</attribute>
      <attribute name="Adipose Clipped">No</attribute>
      <attribute name="Injury">No</attribute>
      <attribute name="Confidence Level">2</attribute>
    </box>
    <box frame="80" outside="0" occluded="0" keyframe="1" xtl="1.25" ytl="178.70" xbr="397.50" ybr="390.00" z_order="0">
      <attribute name="Notes">NA</attribute>
      <attribute name="View">Side</attribute>
      <attribute name="Sex">Female</attribute>
      <attribute name="Adipose Clipped">No</attribute>
      <attribute name="Injury">No</attribute>
      <attribute name="Confidence Level">2</attribute>
    </box>
    <box frame="81" outside="0" occluded="0" keyframe="1" xtl="1.25" ytl="171.20" xbr="403.70" ybr="390.00" z_order="0">
      <attribute name="Notes">NA</attribute>
      <attribute name="View">Side</attribute>
      <attribute name="Sex">Female</attribute>
      <attribute name="Adipose Clipped">No</attribute>
      <attribute name="Injury">No</attribute>
      <attribute name="Confidence Level">2</attribute>
    </box>
    <box frame="82" outside="0" occluded="0" keyframe="0" xtl="1.25" ytl="168.70" xbr="417.45" ybr="390.00" z_order="0">
      <attribute name="Notes">NA</attribute>
      <attribute name="View">Side</attribute>
      <attribute name="Sex">Female</attribute>
      <attribute name="Adipose Clipped">No</attribute>
      <attribute name="Injury">No</attribute>
      <attribute name="Confidence Level">2</attribute>
    </box>
    <box frame="83" outside="0" occluded="0" keyframe="1" xtl="1.25" ytl="166.20" xbr="431.20" ybr="390.00" z_order="0">
      <attribute name="Notes">NA</attribute>
      <attribute name="View">Side</attribute>
      <attribute name="Sex">Female</attribute>
      <attribute name="Adipose Clipped">No</attribute>
      <attribute name="Injury">No</attribute>
      <attribute name="Confidence Level">2</attribute>
    </box>
    <box frame="84" outside="0" occluded="0" keyframe="1" xtl="1.25" ytl="172.50" xbr="459.90" ybr="390.00" z_order="0">
      <attribute name="Notes">NA</attribute>
      <attribute name="View">Side</attribute>
      <attribute name="Sex">Female</attribute>
      <attribute name="Adipose Clipped">No</attribute>
      <attribute name="Injury">No</attribute>
      <attribute name="Confidence Level">2</attribute>
    </box>
    <box frame="85" outside="0" occluded="0" keyframe="1" xtl="1.25" ytl="172.50" xbr="481.20" ybr="390.00" z_order="0">
      <attribute name="Notes">NA</attribute>
      <attribute name="View">Side</attribute>
      <attribute name="Sex">Female</attribute>
      <attribute name="Adipose Clipped">No</attribute>
      <attribute name="Injury">No</attribute>
      <attribute name="Confidence Level">2</attribute>
    </box>
    <box frame="86" outside="0" occluded="0" keyframe="1" xtl="1.25" ytl="172.50" xbr="497.40" ybr="390.00" z_order="0">
      <attribute name="Notes">NA</attribute>
      <attribute name="View">Side</attribute>
      <attribute name="Sex">Female</attribute>
      <attribute name="Adipose Clipped">No</attribute>
      <attribute name="Injury">No</attribute>
      <attribute name="Confidence Level">2</attribute>
    </box>
    <box frame="87" outside="0" occluded="0" keyframe="1" xtl="1.25" ytl="172.50" xbr="551.20" ybr="383.80" z_order="0">
      <attribute name="Notes">NA</attribute>
      <attribute name="View">Side</attribute>
      <attribute name="Sex">Female</attribute>
      <attribute name="Adipose Clipped">No</attribute>
      <attribute name="Injury">No</attribute>
      <attribute name="Confidence Level">2</attribute>
    </box>
    <box frame="88" outside="0" occluded="0" keyframe="1" xtl="1.25" ytl="172.50" xbr="581.20" ybr="383.80" z_order="0">
      <attribute name="Notes">NA</attribute>
      <attribute name="View">Side</attribute>
      <attribute name="Sex">Female</attribute>
      <attribute name="Adipose Clipped">No</attribute>
      <attribute name="Injury">No</attribute>
      <attribute name="Confidence Level">2</attribute>
    </box>
    <box frame="89" outside="0" occluded="0" keyframe="1" xtl="1.25" ytl="172.50" xbr="601.20" ybr="383.80" z_order="0">
      <attribute name="Notes">NA</attribute>
      <attribute name="View">Side</attribute>
      <attribute name="Sex">Female</attribute>
      <attribute name="Adipose Clipped">No</attribute>
      <attribute name="Injury">No</attribute>
      <attribute name="Confidence Level">2</attribute>
    </box>
    <box frame="90" outside="0" occluded="0" keyframe="1" xtl="1.25" ytl="172.50" xbr="657.50" ybr="378.80" z_order="0">
      <attribute name="Notes">NA</attribute>
      <attribute name="View">Side</attribute>
      <attribute name="Sex">Female</attribute>
      <attribute name="Adipose Clipped">No</attribute>
      <attribute name="Injury">No</attribute>
      <attribute name="Confidence Level">2</attribute>
    </box>
    <box frame="91" outside="0" occluded="0" keyframe="1" xtl="30.00" ytl="168.75" xbr="686.25" ybr="375.05" z_order="0">
      <attribute name="Notes">NA</attribute>
      <attribute name="View">Side</attribute>
      <attribute name="Sex">Female</attribute>
      <attribute name="Adipose Clipped">No</attribute>
      <attribute name="Injury">No</attribute>
      <attribute name="Confidence Level">2</attribute>
    </box>
    <box frame="92" outside="0" occluded="0" keyframe="1" xtl="121.25" ytl="170.00" xbr="777.50" ybr="376.30" z_order="0">
      <attribute name="Notes">NA</attribute>
      <attribute name="View">Side</attribute>
      <attribute name="Sex">Female</attribute>
      <attribute name="Adipose Clipped">No</attribute>
      <attribute name="Injury">No</attribute>
      <attribute name="Confidence Level">2</attribute>
    </box>
    <box frame="93" outside="0" occluded="0" keyframe="1" xtl="165.00" ytl="170.00" xbr="821.25" ybr="376.30" z_order="0">
      <attribute name="Notes">NA</attribute>
      <attribute name="View">Side</attribute>
      <attribute name="Sex">Female</attribute>
      <attribute name="Adipose Clipped">No</attribute>
      <attribute name="Injury">No</attribute>
      <attribute name="Confidence Level">2</attribute>
    </box>
    <box frame="94" outside="0" occluded="0" keyframe="1" xtl="208.75" ytl="170.00" xbr="865.00" ybr="376.30" z_order="0">
      <attribute name="Notes">NA</attribute>
      <attribute name="View">Side</attribute>
      <attribute name="Sex">Female</attribute>
      <attribute name="Adipose Clipped">No</attribute>
      <attribute name="Injury">No</attribute>
      <attribute name="Confidence Level">2</attribute>
    </box>
    <box frame="95" outside="0" occluded="0" keyframe="1" xtl="265.00" ytl="170.00" xbr="921.25" ybr="376.30" z_order="0">
      <attribute name="Notes">NA</attribute>
      <attribute name="View">Side</attribute>
      <attribute name="Sex">Female</attribute>
      <attribute name="Adipose Clipped">No</attribute>
      <attribute name="Injury">No</attribute>
      <attribute name="Confidence Level">2</attribute>
    </box>
    <box frame="96" outside="0" occluded="0" keyframe="1" xtl="322.50" ytl="170.00" xbr="978.75" ybr="376.30" z_order="0">
      <attribute name="Notes">NA</attribute>
      <attribute name="View">Side</attribute>
      <attribute name="Sex">Female</attribute>
      <attribute name="Adipose Clipped">No</attribute>
      <attribute name="Injury">No</attribute>
      <attribute name="Confidence Level">2</attribute>
    </box>
    <box frame="97" outside="0" occluded="0" keyframe="1" xtl="401.25" ytl="170.00" xbr="1057.50" ybr="376.30" z_order="0">
      <attribute name="Notes">NA</attribute>
      <attribute name="View">Side</attribute>
      <attribute name="Sex">Female</attribute>
      <attribute name="Adipose Clipped">No</attribute>
      <attribute name="Injury">No</attribute>
      <attribute name="Confidence Level">2</attribute>
    </box>
    <box frame="98" outside="0" occluded="0" keyframe="1" xtl="452.50" ytl="172.50" xbr="1108.75" ybr="378.80" z_order="0">
      <attribute name="Notes">NA</attribute>
      <attribute name="View">Side</attribute>
      <attribute name="Sex">Female</attribute>
      <attribute name="Adipose Clipped">No</attribute>
      <attribute name="Injury">No</attribute>
      <attribute name="Confidence Level">2</attribute>
    </box>
    <box frame="99" outside="0" occluded="0" keyframe="1" xtl="528.75" ytl="172.50" xbr="1185.00" ybr="378.80" z_order="0">
      <attribute name="Notes">NA</attribute>
      <attribute name="View">Side</attribute>
      <attribute name="Sex">Female</attribute>
      <attribute name="Adipose Clipped">No</attribute>
      <attribute name="Injury">No</attribute>
      <attribute name="Confidence Level">2</attribute>
    </box>
    <box frame="100" outside="0" occluded="0" keyframe="1" xtl="592.50" ytl="175.00" xbr="1248.75" ybr="381.30" z_order="0">
      <attribute name="Notes">NA</attribute>
      <attribute name="View">Side</attribute>
      <attribute name="Sex">Female</attribute>
      <attribute name="Adipose Clipped">No</attribute>
      <attribute name="Injury">No</attribute>
      <attribute name="Confidence Level">2</attribute>
    </box>
    <box frame="101" outside="0" occluded="0" keyframe="1" xtl="652.50" ytl="178.75" xbr="1280.00" ybr="385.05" z_order="0">
      <attribute name="Notes">NA</attribute>
      <attribute name="View">Side</attribute>
      <attribute name="Sex">Female</attribute>
      <attribute name="Adipose Clipped">No</attribute>
      <attribute name="Injury">No</attribute>
      <attribute name="Confidence Level">2</attribute>
    </box>
    <box frame="102" outside="0" occluded="0" keyframe="1" xtl="728.75" ytl="178.75" xbr="1280.00" ybr="385.05" z_order="0">
      <attribute name="Notes">NA</attribute>
      <attribute name="View">Side</attribute>
      <attribute name="Sex">Female</attribute>
      <attribute name="Adipose Clipped">No</attribute>
      <attribute name="Injury">No</attribute>
      <attribute name="Confidence Level">2</attribute>
    </box>
    <box frame="103" outside="0" occluded="0" keyframe="1" xtl="787.50" ytl="187.50" xbr="1280.00" ybr="393.80" z_order="0">
      <attribute name="Notes">NA</attribute>
      <attribute name="View">Side</attribute>
      <attribute name="Sex">Female</attribute>
      <attribute name="Adipose Clipped">No</attribute>
      <attribute name="Injury">No</attribute>
      <attribute name="Confidence Level">2</attribute>
    </box>
    <box frame="104" outside="0" occluded="0" keyframe="1" xtl="847.50" ytl="187.50" xbr="1280.00" ybr="393.80" z_order="0">
      <attribute name="Notes">NA</attribute>
      <attribute name="View">Side</attribute>
      <attribute name="Sex">Female</attribute>
      <attribute name="Adipose Clipped">No</attribute>
      <attribute name="Injury">No</attribute>
      <attribute name="Confidence Level">2</attribute>
    </box>
    <box frame="105" outside="0" occluded="0" keyframe="1" xtl="897.50" ytl="187.50" xbr="1280.00" ybr="393.80" z_order="0">
      <attribute name="Notes">NA</attribute>
      <attribute name="View">Side</attribute>
      <attribute name="Sex">Female</attribute>
      <attribute name="Adipose Clipped">No</attribute>
      <attribute name="Injury">No</attribute>
      <attribute name="Confidence Level">2</attribute>
    </box>
    <box frame="106" outside="0" occluded="0" keyframe="1" xtl="947.50" ytl="207.50" xbr="1280.00" ybr="393.80" z_order="0">
      <attribute name="Notes">NA</attribute>
      <attribute name="View">Side</attribute>
      <attribute name="Sex">Female</attribute>
      <attribute name="Adipose Clipped">No</attribute>
      <attribute name="Injury">No</attribute>
      <attribute name="Confidence Level">2</attribute>
    </box>
    <box frame="107" outside="0" occluded="0" keyframe="1" xtl="993.75" ytl="207.50" xbr="1280.00" ybr="393.80" z_order="0">
      <attribute name="Notes">NA</attribute>
      <attribute name="View">Side</attribute>
      <attribute name="Sex">Female</attribute>
      <attribute name="Adipose Clipped">No</attribute>
      <attribute name="Injury">No</attribute>
      <attribute name="Confidence Level">2</attribute>
    </box>
    <box frame="108" outside="0" occluded="1" keyframe="1" xtl="1020.00" ytl="207.50" xbr="1280.00" ybr="393.80" z_order="0">
      <attribute name="Notes">NA</attribute>
      <attribute name="View">Side</attribute>
      <attribute name="Sex">Female</attribute>
      <attribute name="Adipose Clipped">No</attribute>
      <attribute name="Injury">No</attribute>
      <attribute name="Confidence Level">2</attribute>
    </box>
    <box frame="109" outside="0" occluded="1" keyframe="1" xtl="1076.25" ytl="207.50" xbr="1280.00" ybr="393.80" z_order="0">
      <attribute name="Notes">NA</attribute>
      <attribute name="View">Side</attribute>
      <attribute name="Sex">Female</attribute>
      <attribute name="Adipose Clipped">No</attribute>
      <attribute name="Injury">No</attribute>
      <attribute name="Confidence Level">2</attribute>
    </box>
    <box frame="110" outside="0" occluded="1" keyframe="1" xtl="1126.25" ytl="185.00" xbr="1280.00" ybr="371.30" z_order="0">
      <attribute name="Notes">NA</attribute>
      <attribute name="View">Side</attribute>
      <attribute name="Sex">Female</attribute>
      <attribute name="Adipose Clipped">No</attribute>
      <attribute name="Injury">No</attribute>
      <attribute name="Confidence Level">2</attribute>
    </box>
    <box frame="111" outside="0" occluded="1" keyframe="1" xtl="1188.75" ytl="188.75" xbr="1280.00" ybr="375.05" z_order="0">
      <attribute name="Notes">NA</attribute>
      <attribute name="View">Side</attribute>
      <attribute name="Sex">Female</attribute>
      <attribute name="Adipose Clipped">No</attribute>
      <attribute name="Injury">No</attribute>
      <attribute name="Confidence Level">2</attribute>
    </box>
    <box frame="112" outside="1" occluded="1" keyframe="1" xtl="1188.75" ytl="188.75" xbr="1280.00" ybr="375.05" z_order="0">
      <attribute name="Notes">NA</attribute>
      <attribute name="View">Side</attribute>
      <attribute name="Sex">Female</attribute>
      <attribute name="Adipose Clipped">No</attribute>
      <attribute name="Injury">No</attribute>
      <attribute name="Confidence Level">2</attribute>
    </box>
  </track>
  <track id="1" label="Chinook" source="manual">
    <box frame="75" outside="0" occluded="0" keyframe="1" xtl="0.00" ytl="431.25" xbr="150.00" ybr="572.50" z_order="0">
      <attribute name="Sex">Female</attribute>
      <attribute name="Adipose Clipped">No</attribute>
      <attribute name="Injury">No</attribute>
      <attribute name="Confidence Level">2</attribute>
      <attribute name="Notes">NA</attribute>
      <attribute name="View">Top-down</attribute>
    </box>
    <box frame="76" outside="0" occluded="0" keyframe="1" xtl="0.00" ytl="431.25" xbr="198.70" ybr="595.00" z_order="0">
      <attribute name="Sex">Female</attribute>
      <attribute name="Adipose Clipped">No</attribute>
      <attribute name="Injury">No</attribute>
      <attribute name="Confidence Level">2</attribute>
      <attribute name="Notes">NA</attribute>
      <attribute name="View">Top-down</attribute>
    </box>
    <box frame="77" outside="0" occluded="0" keyframe="1" xtl="0.00" ytl="431.25" xbr="241.20" ybr="681.20" z_order="0">
      <attribute name="Sex">Female</attribute>
      <attribute name="Adipose Clipped">No</attribute>
      <attribute name="Injury">No</attribute>
      <attribute name="Confidence Level">2</attribute>
      <attribute name="Notes">NA</attribute>
      <attribute name="View">Top-down</attribute>
    </box>
    <box frame="78" outside="0" occluded="0" keyframe="1" xtl="0.00" ytl="431.25" xbr="242.50" ybr="697.50" z_order="0">
      <attribute name="Sex">Female</attribute>
      <attribute name="Adipose Clipped">No</attribute>
      <attribute name="Injury">No</attribute>
      <attribute name="Confidence Level">2</attribute>
      <attribute name="Notes">NA</attribute>
      <attribute name="View">Top-down</attribute>
    </box>
    <box frame="79" outside="0" occluded="0" keyframe="1" xtl="0.00" ytl="431.25" xbr="277.50" ybr="705.00" z_order="0">
      <attribute name="Sex">Female</attribute>
      <attribute name="Adipose Clipped">No</attribute>
      <attribute name="Injury">No</attribute>
      <attribute name="Confidence Level">2</attribute>
      <attribute name="Notes">NA</attribute>
      <attribute name="View">Top-down</attribute>
    </box>
    <box frame="80" outside="0" occluded="0" keyframe="1" xtl="0.00" ytl="485.00" xbr="323.70" ybr="705.00" z_order="0">
      <attribute name="Sex">Female</attribute>
      <attribute name="Adipose Clipped">No</attribute>
      <attribute name="Injury">No</attribute>
      <attribute name="Confidence Level">2</attribute>
      <attribute name="Notes">NA</attribute>
      <attribute name="View">Top-down</attribute>
    </box>
    <box frame="81" outside="0" occluded="0" keyframe="0" xtl="0.00" ytl="493.10" xbr="346.20" ybr="705.00" z_order="0">
      <attribute name="Sex">Female</attribute>
      <attribute name="Adipose Clipped">No</attribute>
      <attribute name="Injury">No</attribute>
      <attribute name="Confidence Level">2</attribute>
      <attribute name="Notes">NA</attribute>
      <attribute name="View">Top-down</attribute>
    </box>
    <box frame="82" outside="0" occluded="0" keyframe="1" xtl="0.00" ytl="501.20" xbr="368.70" ybr="705.00" z_order="0">
      <attribute name="Sex">Female</attribute>
      <attribute name="Adipose Clipped">No</attribute>
      <attribute name="Injury">No</attribute>
      <attribute name="Confidence Level">2</attribute>
      <attribute name="Notes">NA</attribute>
      <attribute name="View">Top-down</attribute>
    </box>
    <box frame="83" outside="0" occluded="0" keyframe="1" xtl="0.00" ytl="518.70" xbr="404.90" ybr="705.00" z_order="0">
      <attribute name="Sex">Female</attribute>
      <attribute name="Adipose Clipped">No</attribute>
      <attribute name="Injury">No</attribute>
      <attribute name="Confidence Level">2</attribute>
      <attribute name="Notes">NA</attribute>
      <attribute name="View">Top-down</attribute>
    </box>
    <box frame="84" outside="0" occluded="0" keyframe="0" xtl="0.00" ytl="518.70" xbr="415.33" ybr="702.93" z_order="0">
      <attribute name="Sex">Female</attribute>
      <attribute name="Adipose Clipped">No</attribute>
      <attribute name="Injury">No</attribute>
      <attribute name="Confidence Level">2</attribute>
      <attribute name="Notes">NA</attribute>
      <attribute name="View">Top-down</attribute>
    </box>
    <box frame="85" outside="0" occluded="0" keyframe="0" xtl="0.00" ytl="518.70" xbr="425.77" ybr="700.87" z_order="0">
      <attribute name="Sex">Female</attribute>
      <attribute name="Adipose Clipped">No</attribute>
      <attribute name="Injury">No</attribute>
      <attribute name="Confidence Level">2</attribute>
      <attribute name="Notes">NA</attribute>
      <attribute name="View">Top-down</attribute>
    </box>
    <box frame="86" outside="0" occluded="0" keyframe="1" xtl="0.00" ytl="518.70" xbr="436.20" ybr="698.80" z_order="0">
      <attribute name="Sex">Female</attribute>
      <attribute name="Adipose Clipped">No</attribute>
      <attribute name="Injury">No</attribute>
      <attribute name="Confidence Level">2</attribute>
      <attribute name="Notes">NA</attribute>
      <attribute name="View">Top-down</attribute>
    </box>
    <box frame="87" outside="0" occluded="0" keyframe="1" xtl="0.00" ytl="491.20" xbr="509.90" ybr="698.80" z_order="0">
      <attribute name="Sex">Female</attribute>
      <attribute name="Adipose Clipped">No</attribute>
      <attribute name="Injury">No</attribute>
      <attribute name="Confidence Level">2</attribute>
      <attribute name="Notes">NA</attribute>
      <attribute name="View">Top-down</attribute>
    </box>
    <box frame="88" outside="0" occluded="0" keyframe="0" xtl="0.00" ytl="509.35" xbr="546.80" ybr="698.80" z_order="0">
      <attribute name="Sex">Female</attribute>
      <attribute name="Adipose Clipped">No</attribute>
      <attribute name="Injury">No</attribute>
      <attribute name="Confidence Level">2</attribute>
      <attribute name="Notes">NA</attribute>
      <attribute name="View">Top-down</attribute>
    </box>
    <box frame="89" outside="0" occluded="0" keyframe="1" xtl="0.00" ytl="527.50" xbr="583.70" ybr="698.80" z_order="0">
      <attribute name="Sex">Female</attribute>
      <attribute name="Adipose Clipped">No</attribute>
      <attribute name="Injury">No</attribute>
      <attribute name="Confidence Level">2</attribute>
      <attribute name="Notes">NA</attribute>
      <attribute name="View">Top-down</attribute>
    </box>
    <box frame="90" outside="0" occluded="0" keyframe="1" xtl="0.00" ytl="523.70" xbr="650.00" ybr="698.80" z_order="0">
      <attribute name="Sex">Female</attribute>
      <attribute name="Adipose Clipped">No</attribute>
      <attribute name="Injury">No</attribute>
      <attribute name="Confidence Level">2</attribute>
      <attribute name="Notes">NA</attribute>
      <attribute name="View">Top-down</attribute>
    </box>
    <box frame="91" outside="0" occluded="0" keyframe="1" xtl="0.00" ytl="523.70" xbr="690.00" ybr="698.80" z_order="0">
      <attribute name="Sex">Female</attribute>
      <attribute name="Adipose Clipped">No</attribute>
      <attribute name="Injury">No</attribute>
      <attribute name="Confidence Level">2</attribute>
      <attribute name="Notes">NA</attribute>
      <attribute name="View">Top-down</attribute>
    </box>
    <box frame="92" outside="0" occluded="0" keyframe="1" xtl="0.00" ytl="521.20" xbr="788.70" ybr="698.80" z_order="0">
      <attribute name="Sex">Female</attribute>
      <attribute name="Adipose Clipped">No</attribute>
      <attribute name="Injury">No</attribute>
      <attribute name="Confidence Level">2</attribute>
      <attribute name="Notes">NA</attribute>
      <attribute name="View">Top-down</attribute>
    </box>
    <box frame="93" outside="0" occluded="0" keyframe="0" xtl="55.00" ytl="503.70" xbr="843.70" ybr="699.43" z_order="0">
      <attribute name="Sex">Female</attribute>
      <attribute name="Adipose Clipped">No</attribute>
      <attribute name="Injury">No</attribute>
      <attribute name="Confidence Level">2</attribute>
      <attribute name="Notes">NA</attribute>
      <attribute name="View">Top-down</attribute>
    </box>
    <box frame="94" outside="0" occluded="0" keyframe="1" xtl="110.00" ytl="486.20" xbr="898.70" ybr="700.05" z_order="0">
      <attribute name="Sex">Female</attribute>
      <attribute name="Adipose Clipped">No</attribute>
      <attribute name="Injury">No</attribute>
      <attribute name="Confidence Level">2</attribute>
      <attribute name="Notes">NA</attribute>
      <attribute name="View">Top-down</attribute>
    </box>
    <box frame="95" outside="0" occluded="0" keyframe="0" xtl="188.75" ytl="483.08" xbr="977.45" ybr="696.93" z_order="0">
      <attribute name="Sex">Female</attribute>
      <attribute name="Adipose Clipped">No</attribute>
      <attribute name="Injury">No</attribute>
      <attribute name="Confidence Level">2</attribute>
      <attribute name="Notes">NA</attribute>
      <attribute name="View">Top-down</attribute>
    </box>
    <box frame="96" outside="0" occluded="0" keyframe="1" xtl="267.50" ytl="479.95" xbr="1056.20" ybr="693.80" z_order="0">
      <attribute name="Sex">Female</attribute>
      <attribute name="Adipose Clipped">No</attribute>
      <attribute name="Injury">No</attribute>
      <attribute name="Confidence Level">2</attribute>
      <attribute name="Notes">NA</attribute>
      <attribute name="View">Top-down</attribute>
    </box>
    <box frame="97" outside="0" occluded="0" keyframe="1" xtl="376.25" ytl="474.95" xbr="1164.95" ybr="688.80" z_order="0">
      <attribute name="Sex">Female</attribute>
      <attribute name="Adipose Clipped">No</attribute>
      <attribute name="Injury">No</attribute>
      <attribute name="Confidence Level">2</attribute>
      <attribute name="Notes">NA</attribute>
      <attribute name="View">Top-down</attribute>
    </box>
    <box frame="98" outside="0" occluded="0" keyframe="1" xtl="448.75" ytl="474.95" xbr="1237.45" ybr="688.80" z_order="0">
      <attribute name="Sex">Female</attribute>
      <attribute name="Adipose Clipped">No</attribute>
      <attribute name="Injury">No</attribute>
      <attribute name="Confidence Level">2</attribute>
      <attribute name="Notes">NA</attribute>
      <attribute name="View">Top-down</attribute>
    </box>
    <box frame="99" outside="0" occluded="0" keyframe="0" xtl="520.62" ytl="472.45" xbr="1258.73" ybr="686.30" z_order="0">
      <attribute name="Sex">Female</attribute>
      <attribute name="Adipose Clipped">No</attribute>
      <attribute name="Injury">No</attribute>
      <attribute name="Confidence Level">2</attribute>
      <attribute name="Notes">NA</attribute>
      <attribute name="View">Top-down</attribute>
    </box>
    <box frame="100" outside="0" occluded="0" keyframe="1" xtl="592.50" ytl="469.95" xbr="1280.00" ybr="683.80" z_order="0">
      <attribute name="Sex">Female</attribute>
      <attribute name="Adipose Clipped">No</attribute>
      <attribute name="Injury">No</attribute>
      <attribute name="Confidence Level">2</attribute>
      <attribute name="Notes">NA</attribute>
      <attribute name="View">Top-down</attribute>
    </box>
    <box frame="101" outside="0" occluded="0" keyframe="1" xtl="653.75" ytl="457.50" xbr="1280.00" ybr="682.55" z_order="0">
      <attribute name="Sex">Female</attribute>
      <attribute name="Adipose Clipped">No</attribute>
      <attribute name="Injury">No</attribute>
      <attribute name="Confidence Level">2</attribute>
      <attribute name="Notes">NA</attribute>
      <attribute name="View">Top-down</attribute>
    </box>
    <box frame="102" outside="0" occluded="0" keyframe="1" xtl="786.25" ytl="456.25" xbr="1280.00" ybr="681.30" z_order="0">
      <attribute name="Sex">Female</attribute>
      <attribute name="Adipose Clipped">No</attribute>
      <attribute name="Injury">No</attribute>
      <attribute name="Confidence Level">2</attribute>
      <attribute name="Notes">NA</attribute>
      <attribute name="View">Top-down</attribute>
    </box>
    <box frame="103" outside="0" occluded="0" keyframe="1" xtl="833.75" ytl="456.25" xbr="1280.00" ybr="681.30" z_order="0">
      <attribute name="Sex">Female</attribute>
      <attribute name="Adipose Clipped">No</attribute>
      <attribute name="Injury">No</attribute>
      <attribute name="Confidence Level">2</attribute>
      <attribute name="Notes">NA</attribute>
      <attribute name="View">Top-down</attribute>
    </box>
    <box frame="104" outside="0" occluded="0" keyframe="1" xtl="841.25" ytl="455.00" xbr="1280.00" ybr="680.05" z_order="0">
      <attribute name="Sex">Female</attribute>
      <attribute name="Adipose Clipped">No</attribute>
      <attribute name="Injury">No</attribute>
      <attribute name="Confidence Level">2</attribute>
      <attribute name="Notes">NA</attribute>
      <attribute name="View">Top-down</attribute>
    </box>
    <box frame="105" outside="0" occluded="0" keyframe="1" xtl="933.75" ytl="437.50" xbr="1280.00" ybr="662.55" z_order="0">
      <attribute name="Sex">Female</attribute>
      <attribute name="Adipose Clipped">No</attribute>
      <attribute name="Injury">No</attribute>
      <attribute name="Confidence Level">2</attribute>
      <attribute name="Notes">NA</attribute>
      <attribute name="View">Top-down</attribute>
    </box>
    <box frame="106" outside="0" occluded="0" keyframe="1" xtl="958.75" ytl="445.00" xbr="1280.00" ybr="670.05" z_order="0">
      <attribute name="Sex">Female</attribute>
      <attribute name="Adipose Clipped">No</attribute>
      <attribute name="Injury">No</attribute>
      <attribute name="Confidence Level">2</attribute>
      <attribute name="Notes">NA</attribute>
      <attribute name="View">Top-down</attribute>
    </box>
    <box frame="107" outside="0" occluded="0" keyframe="1" xtl="1020.00" ytl="445.00" xbr="1280.00" ybr="647.60" z_order="0">
      <attribute name="Sex">Female</attribute>
      <attribute name="Adipose Clipped">No</attribute>
      <attribute name="Injury">No</attribute>
      <attribute name="Confidence Level">2</attribute>
      <attribute name="Notes">NA</attribute>
      <attribute name="View">Top-down</attribute>
    </box>
    <box frame="108" outside="0" occluded="0" keyframe="1" xtl="1085.00" ytl="445.00" xbr="1280.00" ybr="647.60" z_order="0">
      <attribute name="Sex">Female</attribute>
      <attribute name="Adipose Clipped">No</attribute>
      <attribute name="Injury">No</attribute>
      <attribute name="Confidence Level">2</attribute>
      <attribute name="Notes">NA</attribute>
      <attribute name="View">Top-down</attribute>
    </box>
    <box frame="109" outside="0" occluded="0" keyframe="1" xtl="1137.50" ytl="445.00" xbr="1280.00" ybr="647.60" z_order="0">
      <attribute name="Sex">Female</attribute>
      <attribute name="Adipose Clipped">No</attribute>
      <attribute name="Injury">No</attribute>
      <attribute name="Confidence Level">2</attribute>
      <attribute name="Notes">NA</attribute>
      <attribute name="View">Top-down</attribute>
    </box>
    <box frame="110" outside="1" occluded="0" keyframe="1" xtl="1137.50" ytl="445.00" xbr="1280.00" ybr="647.60" z_order="0">
      <attribute name="Sex">Female</attribute>
      <attribute name="Adipose Clipped">No</attribute>
      <attribute name="Injury">No</attribute>
      <attribute name="Confidence Level">2</attribute>
      <attribute name="Notes">NA</attribute>
      <attribute name="View">Top-down</attribute>
    </box>
  </track>
</annotations>