<?xml version="1.0" encoding="utf-8"?>
<annotations>
  <version>1.1</version>
  <meta>
    <task>
      <id>166</id>
      <name>2019-10-17 01-20-16 M Left Bank Underwater</name>
      <size>58</size>
      <mode>interpolation</mode>
      <overlap>5</overlap>
      <bugtracker></bugtracker>
      <created>2021-07-01 16:17:19.961027+00:00</created>
      <updated>2021-07-01 16:24:52.678244+00:00</updated>
      <start_frame>0</start_frame>
      <stop_frame>57</stop_frame>
      <frame_filter></frame_filter>
      <labels>
        <label>
          <name>Chinook</name>
          <color>#38794c</color>
          <attributes>
            <attribute>
              <name>Adipose Clipped</name>
              <mutable>False</mutable>
              <input_type>select</input_type>
              <default_value>No</default_value>
              <values>No
Yes
NA</values>
            </attribute>
            <attribute>
              <name>Confidence Level</name>
              <mutable>False</mutable>
              <input_type>select</input_type>
              <default_value>3</default_value>
              <values>3
2
1</values>
            </attribute>
            <attribute>
              <name>Injury</name>
              <mutable>False</mutable>
              <input_type>select</input_type>
              <default_value>No</default_value>
              <values>No
Yes
NA</values>
            </attribute>
            <attribute>
              <name>Notes</name>
              <mutable>False</mutable>
              <input_type>text</input_type>
              <default_value></default_value>
              <values></values>
            </attribute>
            <attribute>
              <name>Sex</name>
              <mutable>False</mutable>
              <input_type>select</input_type>
              <default_value>Male</default_value>
              <values>Male
Female
Jack</values>
            </attribute>
            <attribute>
              <name>View</name>
              <mutable>False</mutable>
              <input_type>select</input_type>
              <default_value>Top-down</default_value>
              <values>Top-down
Side</values>
            </attribute>
          </attributes>
        </label>
        <label>
          <name>Steelhead</name>
          <color>#888888</color>
          <attributes>
            <attribute>
              <name>Adipose Clipped</name>
              <mutable>False</mutable>
              <input_type>select</input_type>
              <default_value>No</default_value>
              <values>No
Yes
NA</values>
            </attribute>
            <attribute>
              <name>Confidence Level</name>
              <mutable>False</mutable>
              <input_type>select</input_type>
              <default_value>3</default_value>
              <values>3
2
1</values>
            </attribute>
            <attribute>
              <name>Injury</name>
              <mutable>False</mutable>
              <input_type>select</input_type>
              <default_value>No</default_value>
              <values>No
Yes
NA</values>
            </attribute>
            <attribute>
              <name>Notes</name>
              <mutable>False</mutable>
              <input_type>text</input_type>
              <default_value></default_value>
              <values></values>
            </attribute>
            <attribute>
              <name>Sex</name>
              <mutable>False</mutable>
              <input_type>select</input_type>
              <default_value>Male</default_value>
              <values>Male
Female</values>
            </attribute>
            <attribute>
              <name>View</name>
              <mutable>False</mutable>
              <input_type>select</input_type>
              <default_value>Top-down</default_value>
              <values>Top-down
Side</values>
            </attribute>
          </attributes>
        </label>
        <label>
          <name>Sockeye</name>
          <color>#f00026</color>
          <attributes>
            <attribute>
              <name>Adipose Clipped</name>
              <mutable>False</mutable>
              <input_type>select</input_type>
              <default_value>No</default_value>
              <values>No
Yes
NA</values>
            </attribute>
            <attribute>
              <name>Confidence Level</name>
              <mutable>False</mutable>
              <input_type>select</input_type>
              <default_value>3</default_value>
              <values>3
2
1</values>
            </attribute>
            <attribute>
              <name>Injury</name>
              <mutable>False</mutable>
              <input_type>select</input_type>
              <default_value>No</default_value>
              <values>No
Yes
NA</values>
            </attribute>
            <attribute>
              <name>Notes</name>
              <mutable>False</mutable>
              <input_type>text</input_type>
              <default_value></default_value>
              <values></values>
            </attribute>
            <attribute>
              <name>Sex</name>
              <mutable>False</mutable>
              <input_type>select</input_type>
              <default_value>Male</default_value>
              <values>Male
Female</values>
            </attribute>
            <attribute>
              <name>View</name>
              <mutable>False</mutable>
              <input_type>select</input_type>
              <default_value>Top-down</default_value>
              <values>Top-down
Side</values>
            </attribute>
          </attributes>
        </label>
        <label>
          <name>Pink</name>
          <color>#fa7dbb</color>
          <attributes>
            <attribute>
              <name>Adipose Clipped</name>
              <mutable>False</mutable>
              <input_type>select</input_type>
              <default_value>No</default_value>
              <values>No
Yes
NA</values>
            </attribute>
            <attribute>
              <name>Confidence Level</name>
              <mutable>False</mutable>
              <input_type>select</input_type>
              <default_value>3</default_value>
              <values>3
2
1</values>
            </attribute>
            <attribute>
              <name>Injury</name>
              <mutable>False</mutable>
              <input_type>select</input_type>
              <default_value>No</default_value>
              <values>No
Yes
NA</values>
            </attribute>
            <attribute>
              <name>Notes</name>
              <mutable>False</mutable>
              <input_type>text</input_type>
              <default_value></default_value>
              <values></values>
            </attribute>
            <attribute>
              <name>Sex</name>
              <mutable>False</mutable>
              <input_type>select</input_type>
              <default_value>Male</default_value>
              <values>Male
Female</values>
            </attribute>
            <attribute>
              <name>View</name>
              <mutable>False</mutable>
              <input_type>select</input_type>
              <default_value>Top-down</default_value>
              <values>Top-down
Side</values>
            </attribute>
          </attributes>
        </label>
        <label>
          <name>Whitefish</name>
          <color>#d8d8db</color>
          <attributes>
            <attribute>
              <name>Adipose Clipped</name>
              <mutable>False</mutable>
              <input_type>select</input_type>
              <default_value>No</default_value>
              <values>No
Yes
NA</values>
            </attribute>
            <attribute>
              <name>Confidence Level</name>
              <mutable>False</mutable>
              <input_type>select</input_type>
              <default_value>3</default_value>
              <values>3
2
1</values>
            </attribute>
            <attribute>
              <name>Injury</name>
              <mutable>False</mutable>
              <input_type>select</input_type>
              <default_value>No</default_value>
              <values>No
Yes
NA</values>
            </attribute>
            <attribute>
              <name>Notes</name>
              <mutable>False</mutable>
              <input_type>text</input_type>
              <default_value></default_value>
              <values></values>
            </attribute>
            <attribute>
              <name>Sex</name>
              <mutable>False</mutable>
              <input_type>select</input_type>
              <default_value>NA</default_value>
              <values>NA</values>
            </attribute>
            <attribute>
              <name>View</name>
              <mutable>False</mutable>
              <input_type>select</input_type>
              <default_value>Top-down</default_value>
              <values>Top-down
Side</values>
            </attribute>
          </attributes>
        </label>
        <label>
          <name>Chum</name>
          <color>#ffcc33</color>
          <attributes>
            <attribute>
              <name>Adipose Clipped</name>
              <mutable>False</mutable>
              <input_type>select</input_type>
              <default_value>No</default_value>
              <values>No
Yes
NA</values>
            </attribute>
            <attribute>
              <name>Confidence Level</name>
              <mutable>False</mutable>
              <input_type>select</input_type>
              <default_value>3</default_value>
              <values>3
2
1</values>
            </attribute>
            <attribute>
              <name>Injury</name>
              <mutable>False</mutable>
              <input_type>select</input_type>
              <default_value>No</default_value>
              <values>No
Yes
NA</values>
            </attribute>
            <attribute>
              <name>Notes</name>
              <mutable>False</mutable>
              <input_type>text</input_type>
              <default_value></default_value>
              <values></values>
            </attribute>
            <attribute>
              <name>Sex</name>
              <mutable>False</mutable>
              <input_type>select</input_type>
              <default_value>Male</default_value>
              <values>Male
Female</values>
            </attribute>
            <attribute>
              <name>View</name>
              <mutable>False</mutable>
              <input_type>select</input_type>
              <default_value>Top-down</default_value>
              <values>Top-down
Side</values>
            </attribute>
          </attributes>
        </label>
        <label>
          <name>Bull</name>
          <color>#3d3df5</color>
          <attributes>
            <attribute>
              <name>Adipose Clipped</name>
              <mutable>False</mutable>
              <input_type>select</input_type>
              <default_value>No</default_value>
              <values>No
NA</values>
            </attribute>
            <attribute>
              <name>Confidence Level</name>
              <mutable>False</mutable>
              <input_type>select</input_type>
              <default_value>3</default_value>
              <values>3
2
1</values>
            </attribute>
            <attribute>
              <name>Injury</name>
              <mutable>False</mutable>
              <input_type>select</input_type>
              <default_value>No</default_value>
              <values>No
Yes
NA</values>
            </attribute>
            <attribute>
              <name>Notes</name>
              <mutable>False</mutable>
              <input_type>text</input_type>
              <default_value>NA</default_value>
              <values>NA</values>
            </attribute>
            <attribute>
              <name>Sex</name>
              <mutable>False</mutable>
              <input_type>select</input_type>
              <default_value>NA</default_value>
              <values>NA</values>
            </attribute>
            <attribute>
              <name>View</name>
              <mutable>False</mutable>
              <input_type>select</input_type>
              <default_value>Top-down</default_value>
              <values>Top-down
Side</values>
            </attribute>
          </attributes>
        </label>
        <label>
          <name>Coho</name>
          <color>#32b7fa</color>
          <attributes>
            <attribute>
              <name>Adipose Clipped</name>
              <mutable>False</mutable>
              <input_type>select</input_type>
              <default_value>No</default_value>
              <values>No
Yes
NA</values>
            </attribute>
            <attribute>
              <name>Confidence Level</name>
              <mutable>False</mutable>
              <input_type>select</input_type>
              <default_value>3</default_value>
              <values>3
2
1</values>
            </attribute>
            <attribute>
              <name>Injury</name>
              <mutable>False</mutable>
              <input_type>select</input_type>
              <default_value>No</default_value>
              <values>No
Yes
NA</values>
            </attribute>
            <attribute>
              <name>Notes</name>
              <mutable>False</mutable>
              <input_type>text</input_type>
              <default_value></default_value>
              <values></values>
            </attribute>
            <attribute>
              <name>Sex</name>
              <mutable>False</mutable>
              <input_type>select</input_type>
              <default_value>Male</default_value>
              <values>Male
Female
Jack</values>
            </attribute>
            <attribute>
              <name>View</name>
              <mutable>False</mutable>
              <input_type>select</input_type>
              <default_value>Top-down</default_value>
              <values>Top-down
Side</values>
            </attribute>
          </attributes>
        </label>
        <label>
          <name>Rainbow</name>
          <color>#ff914d</color>
          <attributes>
            <attribute>
              <name>Adipose Clipped</name>
              <mutable>False</mutable>
              <input_type>select</input_type>
              <default_value>No</default_value>
              <values>No
Yes
NA</values>
            </attribute>
            <attribute>
              <name>Confidence Level</name>
              <mutable>False</mutable>
              <input_type>select</input_type>
              <default_value>3</default_value>
              <values>3
2
1</values>
            </attribute>
            <attribute>
              <name>Injury</name>
              <mutable>False</mutable>
              <input_type>select</input_type>
              <default_value>No</default_value>
              <values>No
Yes
NA</values>
            </attribute>
            <attribute>
              <name>Notes</name>
              <mutable>False</mutable>
              <input_type>text</input_type>
              <default_value></default_value>
              <values></values>
            </attribute>
            <attribute>
              <name>Sex</name>
              <mutable>False</mutable>
              <input_type>select</input_type>
              <default_value>NA</default_value>
              <values>NA
Juvenile</values>
            </attribute>
            <attribute>
              <name>View</name>
              <mutable>False</mutable>
              <input_type>select</input_type>
              <default_value>Top-down</default_value>
              <values>Top-down
Side</values>
            </attribute>
          </attributes>
        </label>
      </labels>
      <segments>
        <segment>
          <id>166</id>
          <start>0</start>
          <stop>57</stop>
          <url>httplocalhost:8080/?id=166</url>
        </segment>
      </segments>
      <owner>
        <username>jtravers</username>
        <email>jtravers@uoregon.edu</email>
      </owner>
      <assignee></assignee>
      <original_size>
        <width>1920</width>
        <height>1080</height>
      </original_size>
    </task>
    <dumped>2021-07-01 16:25:03.373957+00:00</dumped>
    <source>2019-10-17 01-20-16 M Left Bank Underwater.mp4</source>
  </meta>
  <track id="0" label="Coho" source="manual">
    <box frame="8" outside="0" occluded="1" keyframe="1" xtl="0.00" ytl="703.89" xbr="211.45" ybr="915.38" z_order="0">
      <attribute name="Adipose Clipped">No</attribute>
      <attribute name="Confidence Level">3</attribute>
      <attribute name="Injury">No</attribute>
      <attribute name="Notes"></attribute>
      <attribute name="Sex">Jack</attribute>
      <attribute name="View">Side</attribute>
    </box>
    <box frame="9" outside="0" occluded="1" keyframe="0" xtl="0.00" ytl="661.39" xbr="298.52" ybr="957.89" z_order="0">
      <attribute name="Adipose Clipped">No</attribute>
      <attribute name="Confidence Level">3</attribute>
      <attribute name="Injury">No</attribute>
      <attribute name="Notes"></attribute>
      <attribute name="Sex">Jack</attribute>
      <attribute name="View">Side</attribute>
    </box>
    <box frame="10" outside="0" occluded="0" keyframe="1" xtl="0.00" ytl="618.90" xbr="385.60" ybr="1000.40" z_order="0">
      <attribute name="Adipose Clipped">No</attribute>
      <attribute name="Confidence Level">3</attribute>
      <attribute name="Injury">No</attribute>
      <attribute name="Notes"></attribute>
      <attribute name="Sex">Jack</attribute>
      <attribute name="View">Side</attribute>
    </box>
    <box frame="11" outside="0" occluded="0" keyframe="0" xtl="0.00" ytl="607.08" xbr="480.98" ybr="1003.10" z_order="0">
      <attribute name="Adipose Clipped">No</attribute>
      <attribute name="Confidence Level">3</attribute>
      <attribute name="Injury">No</attribute>
      <attribute name="Notes"></attribute>
      <attribute name="Sex">Jack</attribute>
      <attribute name="View">Side</attribute>
    </box>
    <box frame="12" outside="0" occluded="0" keyframe="0" xtl="0.00" ytl="595.26" xbr="576.36" ybr="1005.80" z_order="0">
      <attribute name="Adipose Clipped">No</attribute>
      <attribute name="Confidence Level">3</attribute>
      <attribute name="Injury">No</attribute>
      <attribute name="Notes"></attribute>
      <attribute name="Sex">Jack</attribute>
      <attribute name="View">Side</attribute>
    </box>
    <box frame="13" outside="0" occluded="0" keyframe="0" xtl="0.00" ytl="583.44" xbr="671.74" ybr="1008.50" z_order="0">
      <attribute name="Adipose Clipped">No</attribute>
      <attribute name="Confidence Level">3</attribute>
      <attribute name="Injury">No</attribute>
      <attribute name="Notes"></attribute>
      <attribute name="Sex">Jack</attribute>
      <attribute name="View">Side</attribute>
    </box>
    <box frame="14" outside="0" occluded="0" keyframe="0" xtl="0.00" ytl="571.62" xbr="767.12" ybr="1011.20" z_order="0">
      <attribute name="Adipose Clipped">No</attribute>
      <attribute name="Confidence Level">3</attribute>
      <attribute name="Injury">No</attribute>
      <attribute name="Notes"></attribute>
      <attribute name="Sex">Jack</attribute>
      <attribute name="View">Side</attribute>
    </box>
    <box frame="15" outside="0" occluded="0" keyframe="0" xtl="0.00" ytl="559.80" xbr="862.50" ybr="1013.90" z_order="0">
      <attribute name="Adipose Clipped">No</attribute>
      <attribute name="Confidence Level">3</attribute>
      <attribute name="Injury">No</attribute>
      <attribute name="Notes"></attribute>
      <attribute name="Sex">Jack</attribute>
      <attribute name="View">Side</attribute>
    </box>
    <box frame="16" outside="0" occluded="0" keyframe="0" xtl="0.00" ytl="547.98" xbr="957.88" ybr="1016.60" z_order="0">
      <attribute name="Adipose Clipped">No</attribute>
      <attribute name="Confidence Level">3</attribute>
      <attribute name="Injury">No</attribute>
      <attribute name="Notes"></attribute>
      <attribute name="Sex">Jack</attribute>
      <attribute name="View">Side</attribute>
    </box>
    <box frame="17" outside="0" occluded="0" keyframe="0" xtl="0.00" ytl="536.16" xbr="1053.26" ybr="1019.30" z_order="0">
      <attribute name="Adipose Clipped">No</attribute>
      <attribute name="Confidence Level">3</attribute>
      <attribute name="Injury">No</attribute>
      <attribute name="Notes"></attribute>
      <attribute name="Sex">Jack</attribute>
      <attribute name="View">Side</attribute>
    </box>
    <box frame="18" outside="0" occluded="0" keyframe="0" xtl="0.00" ytl="524.34" xbr="1148.64" ybr="1022.00" z_order="0">
      <attribute name="Adipose Clipped">No</attribute>
      <attribute name="Confidence Level">3</attribute>
      <attribute name="Injury">No</attribute>
      <attribute name="Notes"></attribute>
      <attribute name="Sex">Jack</attribute>
      <attribute name="View">Side</attribute>
    </box>
    <box frame="19" outside="0" occluded="0" keyframe="0" xtl="0.00" ytl="512.52" xbr="1244.02" ybr="1024.70" z_order="0">
      <attribute name="Adipose Clipped">No</attribute>
      <attribute name="Confidence Level">3</attribute>
      <attribute name="Injury">No</attribute>
      <attribute name="Notes"></attribute>
      <attribute name="Sex">Jack</attribute>
      <attribute name="View">Side</attribute>
    </box>
    <box frame="20" outside="0" occluded="0" keyframe="1" xtl="0.00" ytl="500.70" xbr="1339.40" ybr="1027.40" z_order="0">
      <attribute name="Adipose Clipped">No</attribute>
      <attribute name="Confidence Level">3</attribute>
      <attribute name="Injury">No</attribute>
      <attribute name="Notes"></attribute>
      <attribute name="Sex">Jack</attribute>
      <attribute name="View">Side</attribute>
    </box>
    <box frame="21" outside="0" occluded="0" keyframe="0" xtl="0.00" ytl="483.60" xbr="1427.53" ybr="1027.40" z_order="0">
      <attribute name="Adipose Clipped">No</attribute>
      <attribute name="Confidence Level">3</attribute>
      <attribute name="Injury">No</attribute>
      <attribute name="Notes"></attribute>
      <attribute name="Sex">Jack</attribute>
      <attribute name="View">Side</attribute>
    </box>
    <box frame="22" outside="0" occluded="0" keyframe="0" xtl="0.00" ytl="466.50" xbr="1515.65" ybr="1027.40" z_order="0">
      <attribute name="Adipose Clipped">No</attribute>
      <attribute name="Confidence Level">3</attribute>
      <attribute name="Injury">No</attribute>
      <attribute name="Notes"></attribute>
      <attribute name="Sex">Jack</attribute>
      <attribute name="View">Side</attribute>
    </box>
    <box frame="23" outside="0" occluded="0" keyframe="0" xtl="0.00" ytl="449.40" xbr="1603.78" ybr="1027.40" z_order="0">
      <attribute name="Adipose Clipped">No</attribute>
      <attribute name="Confidence Level">3</attribute>
      <attribute name="Injury">No</attribute>
      <attribute name="Notes"></attribute>
      <attribute name="Sex">Jack</attribute>
      <attribute name="View">Side</attribute>
    </box>
    <box frame="24" outside="0" occluded="0" keyframe="1" xtl="0.00" ytl="432.30" xbr="1691.90" ybr="1027.40" z_order="0">
      <attribute name="Adipose Clipped">No</attribute>
      <attribute name="Confidence Level">3</attribute>
      <attribute name="Injury">No</attribute>
      <attribute name="Notes"></attribute>
      <attribute name="Sex">Jack</attribute>
      <attribute name="View">Side</attribute>
    </box>
    <box frame="25" outside="0" occluded="0" keyframe="0" xtl="91.92" ytl="432.99" xbr="1767.93" ybr="1028.09" z_order="0">
      <attribute name="Adipose Clipped">No</attribute>
      <attribute name="Confidence Level">3</attribute>
      <attribute name="Injury">No</attribute>
      <attribute name="Notes"></attribute>
      <attribute name="Sex">Jack</attribute>
      <attribute name="View">Side</attribute>
    </box>
    <box frame="26" outside="0" occluded="0" keyframe="0" xtl="183.84" ytl="433.68" xbr="1843.97" ybr="1028.78" z_order="0">
      <attribute name="Adipose Clipped">No</attribute>
      <attribute name="Confidence Level">3</attribute>
      <attribute name="Injury">No</attribute>
      <attribute name="Notes"></attribute>
      <attribute name="Sex">Jack</attribute>
      <attribute name="View">Side</attribute>
    </box>
    <box frame="27" outside="0" occluded="0" keyframe="1" xtl="275.77" ytl="434.37" xbr="1920.00" ybr="1029.47" z_order="0">
      <attribute name="Adipose Clipped">No</attribute>
      <attribute name="Confidence Level">3</attribute>
      <attribute name="Injury">No</attribute>
      <attribute name="Notes"></attribute>
      <attribute name="Sex">Jack</attribute>
      <attribute name="View">Side</attribute>
    </box>
    <box frame="28" outside="0" occluded="0" keyframe="0" xtl="392.57" ytl="446.12" xbr="1920.00" ybr="1041.22" z_order="0">
      <attribute name="Adipose Clipped">No</attribute>
      <attribute name="Confidence Level">3</attribute>
      <attribute name="Injury">No</attribute>
      <attribute name="Notes"></attribute>
      <attribute name="Sex">Jack</attribute>
      <attribute name="View">Side</attribute>
    </box>
    <box frame="29" outside="0" occluded="0" keyframe="0" xtl="509.37" ytl="457.87" xbr="1920.00" ybr="1052.97" z_order="0">
      <attribute name="Adipose Clipped">No</attribute>
      <attribute name="Confidence Level">3</attribute>
      <attribute name="Injury">No</attribute>
      <attribute name="Notes"></attribute>
      <attribute name="Sex">Jack</attribute>
      <attribute name="View">Side</attribute>
    </box>
    <box frame="30" outside="0" occluded="0" keyframe="1" xtl="626.18" ytl="469.62" xbr="1920.00" ybr="1064.72" z_order="0">
      <attribute name="Adipose Clipped">No</attribute>
      <attribute name="Confidence Level">3</attribute>
      <attribute name="Injury">No</attribute>
      <attribute name="Notes"></attribute>
      <attribute name="Sex">Jack</attribute>
      <attribute name="View">Side</attribute>
    </box>
    <box frame="31" outside="0" occluded="0" keyframe="0" xtl="744.36" ytl="480.68" xbr="1920.00" ybr="1069.81" z_order="0">
      <attribute name="Adipose Clipped">No</attribute>
      <attribute name="Confidence Level">3</attribute>
      <attribute name="Injury">No</attribute>
      <attribute name="Notes"></attribute>
      <attribute name="Sex">Jack</attribute>
      <attribute name="View">Side</attribute>
    </box>
    <box frame="32" outside="0" occluded="0" keyframe="0" xtl="862.55" ytl="491.74" xbr="1920.00" ybr="1074.91" z_order="0">
      <attribute name="Adipose Clipped">No</attribute>
      <attribute name="Confidence Level">3</attribute>
      <attribute name="Injury">No</attribute>
      <attribute name="Notes"></attribute>
      <attribute name="Sex">Jack</attribute>
      <attribute name="View">Side</attribute>
    </box>
    <box frame="33" outside="0" occluded="0" keyframe="1" xtl="980.73" ytl="502.80" xbr="1920.00" ybr="1080.00" z_order="0">
      <attribute name="Adipose Clipped">No</attribute>
      <attribute name="Confidence Level">3</attribute>
      <attribute name="Injury">No</attribute>
      <attribute name="Notes"></attribute>
      <attribute name="Sex">Jack</attribute>
      <attribute name="View">Side</attribute>
    </box>
    <box frame="34" outside="0" occluded="0" keyframe="1" xtl="1138.32" ytl="531.82" xbr="1920.00" ybr="1080.00" z_order="0">
      <attribute name="Adipose Clipped">No</attribute>
      <attribute name="Confidence Level">3</attribute>
      <attribute name="Injury">No</attribute>
      <attribute name="Notes"></attribute>
      <attribute name="Sex">Jack</attribute>
      <attribute name="View">Side</attribute>
    </box>
    <box frame="35" outside="0" occluded="0" keyframe="0" xtl="1239.91" ytl="539.06" xbr="1920.00" ybr="1057.19" z_order="0">
      <attribute name="Adipose Clipped">No</attribute>
      <attribute name="Confidence Level">3</attribute>
      <attribute name="Injury">No</attribute>
      <attribute name="Notes"></attribute>
      <attribute name="Sex">Jack</attribute>
      <attribute name="View">Side</attribute>
    </box>
    <box frame="36" outside="0" occluded="0" keyframe="1" xtl="1341.50" ytl="546.30" xbr="1920.00" ybr="1034.38" z_order="0">
      <attribute name="Adipose Clipped">No</attribute>
      <attribute name="Confidence Level">3</attribute>
      <attribute name="Injury">No</attribute>
      <attribute name="Notes"></attribute>
      <attribute name="Sex">Jack</attribute>
      <attribute name="View">Side</attribute>
    </box>
    <box frame="37" outside="0" occluded="0" keyframe="0" xtl="1392.30" ytl="545.25" xbr="1920.00" ybr="1030.24" z_order="0">
      <attribute name="Adipose Clipped">No</attribute>
      <attribute name="Confidence Level">3</attribute>
      <attribute name="Injury">No</attribute>
      <attribute name="Notes"></attribute>
      <attribute name="Sex">Jack</attribute>
      <attribute name="View">Side</attribute>
    </box>
    <box frame="38" outside="0" occluded="1" keyframe="1" xtl="1443.10" ytl="544.20" xbr="1920.00" ybr="1026.09" z_order="0">
      <attribute name="Adipose Clipped">No</attribute>
      <attribute name="Confidence Level">3</attribute>
      <attribute name="Injury">No</attribute>
      <attribute name="Notes"></attribute>
      <attribute name="Sex">Jack</attribute>
      <attribute name="View">Side</attribute>
    </box>
    <box frame="39" outside="0" occluded="1" keyframe="1" xtl="1627.60" ytl="569.10" xbr="1920.00" ybr="1026.09" z_order="0">
      <attribute name="Adipose Clipped">No</attribute>
      <attribute name="Confidence Level">3</attribute>
      <attribute name="Injury">No</attribute>
      <attribute name="Notes"></attribute>
      <attribute name="Sex">Jack</attribute>
      <attribute name="View">Side</attribute>
    </box>
    <box frame="40" outside="0" occluded="1" keyframe="1" xtl="1812.14" ytl="558.73" xbr="1920.00" ybr="1015.72" z_order="0">
      <attribute name="Adipose Clipped">No</attribute>
      <attribute name="Confidence Level">3</attribute>
      <attribute name="Injury">No</attribute>
      <attribute name="Notes"></attribute>
      <attribute name="Sex">Jack</attribute>
      <attribute name="View">Side</attribute>
    </box>
    <box frame="41" outside="1" occluded="1" keyframe="1" xtl="1812.14" ytl="558.73" xbr="1920.00" ybr="1015.72" z_order="0">
      <attribute name="Adipose Clipped">No</attribute>
      <attribute name="Confidence Level">3</attribute>
      <attribute name="Injury">No</attribute>
      <attribute name="Notes"></attribute>
      <attribute name="Sex">Jack</attribute>
      <attribute name="View">Side</attribute>
    </box>
  </track>
</annotations>