<?xml version="1.0" encoding="utf-8"?>
<annotations>
  <version>1.1</version>
  <meta>
    <task>
      <id>192</id>
      <name>10-24-2019 15-07-47 M Right Bank Underwater</name>
      <size>390</size>
      <mode>interpolation</mode>
      <overlap>5</overlap>
      <bugtracker></bugtracker>
      <created>2021-02-09 22:56:07.185285+00:00</created>
      <updated>2021-02-24 23:33:33.609962+00:00</updated>
      <start_frame>0</start_frame>
      <stop_frame>389</stop_frame>
      <frame_filter></frame_filter>
      <labels>
        <label>
          <name>Coho</name>
          <color>#66c893</color>
          <attributes>
            <attribute>
              <name>Adipose Clipped</name>
              <mutable>False</mutable>
              <input_type>select</input_type>
              <default_value>No</default_value>
              <values>No
Yes
NA</values>
            </attribute>
            <attribute>
              <name>Confidence Level</name>
              <mutable>False</mutable>
              <input_type>select</input_type>
              <default_value>3</default_value>
              <values>3
2
1</values>
            </attribute>
            <attribute>
              <name>Injury</name>
              <mutable>False</mutable>
              <input_type>select</input_type>
              <default_value>No</default_value>
              <values>No
Yes
NA</values>
            </attribute>
            <attribute>
              <name>Notes</name>
              <mutable>False</mutable>
              <input_type>text</input_type>
              <default_value>NA</default_value>
              <values>NA</values>
            </attribute>
            <attribute>
              <name>Sex</name>
              <mutable>False</mutable>
              <input_type>select</input_type>
              <default_value>Male</default_value>
              <values>Male
Female
Jack</values>
            </attribute>
          </attributes>
        </label>
        <label>
          <name>Pink</name>
          <color>#fa7dbb</color>
          <attributes>
            <attribute>
              <name>Adipose Clipped</name>
              <mutable>False</mutable>
              <input_type>select</input_type>
              <default_value>No</default_value>
              <values>No
Yes
NA</values>
            </attribute>
            <attribute>
              <name>Confidence Level</name>
              <mutable>False</mutable>
              <input_type>select</input_type>
              <default_value>3</default_value>
              <values>3
2
1</values>
            </attribute>
            <attribute>
              <name>Injury</name>
              <mutable>False</mutable>
              <input_type>select</input_type>
              <default_value>No</default_value>
              <values>No
Yes
NA</values>
            </attribute>
            <attribute>
              <name>Notes</name>
              <mutable>False</mutable>
              <input_type>text</input_type>
              <default_value>NA</default_value>
              <values>NA</values>
            </attribute>
            <attribute>
              <name>Sex</name>
              <mutable>False</mutable>
              <input_type>select</input_type>
              <default_value>Male</default_value>
              <values>Male
Female</values>
            </attribute>
          </attributes>
        </label>
        <label>
          <name>Bull</name>
          <color>#ff6037</color>
          <attributes>
            <attribute>
              <name>Adipose Clipped</name>
              <mutable>False</mutable>
              <input_type>select</input_type>
              <default_value>No</default_value>
              <values>No
NA</values>
            </attribute>
            <attribute>
              <name>Confidence Level</name>
              <mutable>False</mutable>
              <input_type>select</input_type>
              <default_value>3</default_value>
              <values>3
2
1</values>
            </attribute>
            <attribute>
              <name>Injury</name>
              <mutable>False</mutable>
              <input_type>select</input_type>
              <default_value>No</default_value>
              <values>No
Yes
NA</values>
            </attribute>
            <attribute>
              <name>Notes</name>
              <mutable>False</mutable>
              <input_type>text</input_type>
              <default_value>NA</default_value>
              <values>NA</values>
            </attribute>
            <attribute>
              <name>Sex</name>
              <mutable>False</mutable>
              <input_type>select</input_type>
              <default_value>NA</default_value>
              <values>NA</values>
            </attribute>
          </attributes>
        </label>
        <label>
          <name>Chum</name>
          <color>#b83df5</color>
          <attributes>
            <attribute>
              <name>Sex</name>
              <mutable>False</mutable>
              <input_type>select</input_type>
              <default_value>Male</default_value>
              <values>Male
Female</values>
            </attribute>
            <attribute>
              <name>Adipose Clipped</name>
              <mutable>False</mutable>
              <input_type>select</input_type>
              <default_value>No</default_value>
              <values>No
Yes
NA</values>
            </attribute>
            <attribute>
              <name>Injury</name>
              <mutable>False</mutable>
              <input_type>select</input_type>
              <default_value>No</default_value>
              <values>No
Yes
NA</values>
            </attribute>
            <attribute>
              <name>Confidence Level</name>
              <mutable>False</mutable>
              <input_type>select</input_type>
              <default_value>3</default_value>
              <values>3
2
1</values>
            </attribute>
            <attribute>
              <name>Notes</name>
              <mutable>False</mutable>
              <input_type>text</input_type>
              <default_value>NA</default_value>
              <values>NA</values>
            </attribute>
          </attributes>
        </label>
        <label>
          <name>Whitefish</name>
          <color>#e2f1ee</color>
          <attributes>
            <attribute>
              <name>Sex</name>
              <mutable>False</mutable>
              <input_type>select</input_type>
              <default_value>NA</default_value>
              <values>NA</values>
            </attribute>
            <attribute>
              <name>Adipose Clipped</name>
              <mutable>False</mutable>
              <input_type>select</input_type>
              <default_value>No</default_value>
              <values>No
Yes
NA</values>
            </attribute>
            <attribute>
              <name>Injury</name>
              <mutable>False</mutable>
              <input_type>select</input_type>
              <default_value>No</default_value>
              <values>No
Yes
NA</values>
            </attribute>
            <attribute>
              <name>Confidence Level</name>
              <mutable>False</mutable>
              <input_type>select</input_type>
              <default_value>3</default_value>
              <values>3
2
1</values>
            </attribute>
            <attribute>
              <name>Notes</name>
              <mutable>False</mutable>
              <input_type>text</input_type>
              <default_value>NA</default_value>
              <values>NA</values>
            </attribute>
          </attributes>
        </label>
        <label>
          <name>Sockeye</name>
          <color>#fa3253</color>
          <attributes>
            <attribute>
              <name>Sex</name>
              <mutable>False</mutable>
              <input_type>select</input_type>
              <default_value>Male</default_value>
              <values>Male
Female</values>
            </attribute>
            <attribute>
              <name>Adipose Clipped</name>
              <mutable>False</mutable>
              <input_type>select</input_type>
              <default_value>No</default_value>
              <values>No
Yes
NA</values>
            </attribute>
            <attribute>
              <name>Injury</name>
              <mutable>False</mutable>
              <input_type>select</input_type>
              <default_value>No</default_value>
              <values>No
Yes
NA</values>
            </attribute>
            <attribute>
              <name>Confidence Level</name>
              <mutable>False</mutable>
              <input_type>select</input_type>
              <default_value>3</default_value>
              <values>3
2
1</values>
            </attribute>
            <attribute>
              <name>Notes</name>
              <mutable>False</mutable>
              <input_type>text</input_type>
              <default_value>NA</default_value>
              <values>NA</values>
            </attribute>
          </attributes>
        </label>
        <label>
          <name>Steelhead</name>
          <color>#66ff66</color>
          <attributes>
            <attribute>
              <name>Sex</name>
              <mutable>False</mutable>
              <input_type>select</input_type>
              <default_value>Male</default_value>
              <values>Male
Female</values>
            </attribute>
            <attribute>
              <name>Adipose Clipped</name>
              <mutable>False</mutable>
              <input_type>select</input_type>
              <default_value>No</default_value>
              <values>No
Yes
NA</values>
            </attribute>
            <attribute>
              <name>Injury</name>
              <mutable>False</mutable>
              <input_type>select</input_type>
              <default_value>No</default_value>
              <values>No
Yes
NA</values>
            </attribute>
            <attribute>
              <name>Confidence Level</name>
              <mutable>False</mutable>
              <input_type>select</input_type>
              <default_value>3</default_value>
              <values>3
2
1</values>
            </attribute>
            <attribute>
              <name>Notes</name>
              <mutable>False</mutable>
              <input_type>text</input_type>
              <default_value>NA</default_value>
              <values>NA</values>
            </attribute>
          </attributes>
        </label>
        <label>
          <name>Rainbow</name>
          <color>#ff00cc</color>
          <attributes>
            <attribute>
              <name>Sex</name>
              <mutable>False</mutable>
              <input_type>select</input_type>
              <default_value>NA</default_value>
              <values>NA</values>
            </attribute>
            <attribute>
              <name>Adipose Clipped</name>
              <mutable>False</mutable>
              <input_type>select</input_type>
              <default_value>No</default_value>
              <values>No
Yes
NA</values>
            </attribute>
            <attribute>
              <name>Injury</name>
              <mutable>False</mutable>
              <input_type>select</input_type>
              <default_value>No</default_value>
              <values>No
Yes
NA</values>
            </attribute>
            <attribute>
              <name>Confidence Level</name>
              <mutable>False</mutable>
              <input_type>select</input_type>
              <default_value>3</default_value>
              <values>3
2
1</values>
            </attribute>
            <attribute>
              <name>Notes</name>
              <mutable>False</mutable>
              <input_type>text</input_type>
              <default_value>NA</default_value>
              <values>NA</values>
            </attribute>
          </attributes>
        </label>
        <label>
          <name>Chinook</name>
          <color>#cc3366</color>
          <attributes>
            <attribute>
              <name>Sex</name>
              <mutable>False</mutable>
              <input_type>select</input_type>
              <default_value>Male</default_value>
              <values>Male
Female
NA</values>
            </attribute>
            <attribute>
              <name>Adipose Clipped</name>
              <mutable>False</mutable>
              <input_type>select</input_type>
              <default_value>No</default_value>
              <values>No
Yes
NA</values>
            </attribute>
            <attribute>
              <name>Injury</name>
              <mutable>False</mutable>
              <input_type>select</input_type>
              <default_value>No</default_value>
              <values>No
Yes
NA</values>
            </attribute>
            <attribute>
              <name>Confidence Level</name>
              <mutable>False</mutable>
              <input_type>select</input_type>
              <default_value>3</default_value>
              <values>3
2
1</values>
            </attribute>
            <attribute>
              <name>Notes</name>
              <mutable>False</mutable>
              <input_type>text</input_type>
              <default_value>NA</default_value>
              <values>NA</values>
            </attribute>
          </attributes>
        </label>
      </labels>
      <segments>
        <segment>
          <id>189</id>
          <start>0</start>
          <stop>389</stop>
          <url>httplocalhost:8080/?id=189</url>
        </segment>
      </segments>
      <owner>
        <username>bna19</username>
        <email>bna19@sfu.ca</email>
      </owner>
      <assignee></assignee>
      <original_size>
        <width>1920</width>
        <height>1080</height>
      </original_size>
    </task>
    <dumped>2021-02-24 23:33:43.703759+00:00</dumped>
    <source>10-24-2019 15-07-47 M Right Bank Underwater.m4v</source>
  </meta>
  <track id="0" label="Coho" source="manual">
    <box frame="59" outside="0" occluded="0" keyframe="1" xtl="1.73" ytl="264.93" xbr="452.58" ybr="621.77" z_order="0">
      <attribute name="Confidence Level">3</attribute>
      <attribute name="Notes">NA</attribute>
      <attribute name="Sex">Male</attribute>
      <attribute name="Adipose Clipped">Yes</attribute>
      <attribute name="Injury">No</attribute>
    </box>
    <box frame="60" outside="0" occluded="0" keyframe="0" xtl="1.56" ytl="266.67" xbr="510.72" ybr="635.18" z_order="0">
      <attribute name="Confidence Level">3</attribute>
      <attribute name="Notes">NA</attribute>
      <attribute name="Sex">Male</attribute>
      <attribute name="Adipose Clipped">Yes</attribute>
      <attribute name="Injury">No</attribute>
    </box>
    <box frame="61" outside="0" occluded="0" keyframe="0" xtl="1.39" ytl="268.41" xbr="568.86" ybr="648.58" z_order="0">
      <attribute name="Confidence Level">3</attribute>
      <attribute name="Notes">NA</attribute>
      <attribute name="Sex">Male</attribute>
      <attribute name="Adipose Clipped">Yes</attribute>
      <attribute name="Injury">No</attribute>
    </box>
    <box frame="62" outside="0" occluded="0" keyframe="0" xtl="1.21" ytl="270.15" xbr="627.00" ybr="661.98" z_order="0">
      <attribute name="Confidence Level">3</attribute>
      <attribute name="Notes">NA</attribute>
      <attribute name="Sex">Male</attribute>
      <attribute name="Adipose Clipped">Yes</attribute>
      <attribute name="Injury">No</attribute>
    </box>
    <box frame="63" outside="0" occluded="0" keyframe="0" xtl="1.04" ytl="271.89" xbr="685.14" ybr="675.39" z_order="0">
      <attribute name="Confidence Level">3</attribute>
      <attribute name="Notes">NA</attribute>
      <attribute name="Sex">Male</attribute>
      <attribute name="Adipose Clipped">Yes</attribute>
      <attribute name="Injury">No</attribute>
    </box>
    <box frame="64" outside="0" occluded="0" keyframe="0" xtl="0.87" ytl="273.63" xbr="743.28" ybr="688.79" z_order="0">
      <attribute name="Confidence Level">3</attribute>
      <attribute name="Notes">NA</attribute>
      <attribute name="Sex">Male</attribute>
      <attribute name="Adipose Clipped">Yes</attribute>
      <attribute name="Injury">No</attribute>
    </box>
    <box frame="65" outside="0" occluded="0" keyframe="0" xtl="0.69" ytl="275.37" xbr="801.42" ybr="702.19" z_order="0">
      <attribute name="Confidence Level">3</attribute>
      <attribute name="Notes">NA</attribute>
      <attribute name="Sex">Male</attribute>
      <attribute name="Adipose Clipped">Yes</attribute>
      <attribute name="Injury">No</attribute>
    </box>
    <box frame="66" outside="0" occluded="0" keyframe="0" xtl="0.52" ytl="277.11" xbr="859.56" ybr="715.60" z_order="0">
      <attribute name="Confidence Level">3</attribute>
      <attribute name="Notes">NA</attribute>
      <attribute name="Sex">Male</attribute>
      <attribute name="Adipose Clipped">Yes</attribute>
      <attribute name="Injury">No</attribute>
    </box>
    <box frame="67" outside="0" occluded="0" keyframe="0" xtl="0.35" ytl="278.85" xbr="917.70" ybr="729.00" z_order="0">
      <attribute name="Confidence Level">3</attribute>
      <attribute name="Notes">NA</attribute>
      <attribute name="Sex">Male</attribute>
      <attribute name="Adipose Clipped">Yes</attribute>
      <attribute name="Injury">No</attribute>
    </box>
    <box frame="68" outside="0" occluded="0" keyframe="0" xtl="0.17" ytl="280.59" xbr="975.84" ybr="742.40" z_order="0">
      <attribute name="Confidence Level">3</attribute>
      <attribute name="Notes">NA</attribute>
      <attribute name="Sex">Male</attribute>
      <attribute name="Adipose Clipped">Yes</attribute>
      <attribute name="Injury">No</attribute>
    </box>
    <box frame="69" outside="0" occluded="0" keyframe="1" xtl="0.00" ytl="282.33" xbr="1033.99" ybr="755.81" z_order="0">
      <attribute name="Confidence Level">3</attribute>
      <attribute name="Notes">NA</attribute>
      <attribute name="Sex">Male</attribute>
      <attribute name="Adipose Clipped">Yes</attribute>
      <attribute name="Injury">No</attribute>
    </box>
    <box frame="70" outside="0" occluded="0" keyframe="0" xtl="0.00" ytl="294.52" xbr="1084.44" ybr="759.30" z_order="0">
      <attribute name="Confidence Level">3</attribute>
      <attribute name="Notes">NA</attribute>
      <attribute name="Sex">Male</attribute>
      <attribute name="Adipose Clipped">Yes</attribute>
      <attribute name="Injury">No</attribute>
    </box>
    <box frame="71" outside="0" occluded="0" keyframe="1" xtl="0.00" ytl="306.70" xbr="1134.90" ybr="762.80" z_order="0">
      <attribute name="Confidence Level">3</attribute>
      <attribute name="Notes">NA</attribute>
      <attribute name="Sex">Male</attribute>
      <attribute name="Adipose Clipped">Yes</attribute>
      <attribute name="Injury">No</attribute>
    </box>
    <box frame="72" outside="0" occluded="0" keyframe="0" xtl="0.00" ytl="313.84" xbr="1171.45" ybr="769.94" z_order="0">
      <attribute name="Confidence Level">3</attribute>
      <attribute name="Notes">NA</attribute>
      <attribute name="Sex">Male</attribute>
      <attribute name="Adipose Clipped">Yes</attribute>
      <attribute name="Injury">No</attribute>
    </box>
    <box frame="73" outside="0" occluded="0" keyframe="0" xtl="0.00" ytl="320.97" xbr="1208.00" ybr="777.07" z_order="0">
      <attribute name="Confidence Level">3</attribute>
      <attribute name="Notes">NA</attribute>
      <attribute name="Sex">Male</attribute>
      <attribute name="Adipose Clipped">Yes</attribute>
      <attribute name="Injury">No</attribute>
    </box>
    <box frame="74" outside="0" occluded="0" keyframe="0" xtl="0.00" ytl="328.11" xbr="1244.56" ybr="784.21" z_order="0">
      <attribute name="Confidence Level">3</attribute>
      <attribute name="Notes">NA</attribute>
      <attribute name="Sex">Male</attribute>
      <attribute name="Adipose Clipped">Yes</attribute>
      <attribute name="Injury">No</attribute>
    </box>
    <box frame="75" outside="0" occluded="0" keyframe="0" xtl="0.00" ytl="335.25" xbr="1281.11" ybr="791.35" z_order="0">
      <attribute name="Confidence Level">3</attribute>
      <attribute name="Notes">NA</attribute>
      <attribute name="Sex">Male</attribute>
      <attribute name="Adipose Clipped">Yes</attribute>
      <attribute name="Injury">No</attribute>
    </box>
    <box frame="76" outside="0" occluded="0" keyframe="1" xtl="0.00" ytl="342.38" xbr="1317.66" ybr="798.48" z_order="0">
      <attribute name="Confidence Level">3</attribute>
      <attribute name="Notes">NA</attribute>
      <attribute name="Sex">Male</attribute>
      <attribute name="Adipose Clipped">Yes</attribute>
      <attribute name="Injury">No</attribute>
    </box>
    <box frame="77" outside="0" occluded="0" keyframe="0" xtl="0.00" ytl="338.38" xbr="1354.91" ybr="794.48" z_order="0">
      <attribute name="Confidence Level">3</attribute>
      <attribute name="Notes">NA</attribute>
      <attribute name="Sex">Male</attribute>
      <attribute name="Adipose Clipped">Yes</attribute>
      <attribute name="Injury">No</attribute>
    </box>
    <box frame="78" outside="0" occluded="0" keyframe="0" xtl="0.00" ytl="334.38" xbr="1392.16" ybr="790.48" z_order="0">
      <attribute name="Confidence Level">3</attribute>
      <attribute name="Notes">NA</attribute>
      <attribute name="Sex">Male</attribute>
      <attribute name="Adipose Clipped">Yes</attribute>
      <attribute name="Injury">No</attribute>
    </box>
    <box frame="79" outside="0" occluded="0" keyframe="0" xtl="0.00" ytl="330.37" xbr="1429.40" ybr="786.47" z_order="0">
      <attribute name="Confidence Level">3</attribute>
      <attribute name="Notes">NA</attribute>
      <attribute name="Sex">Male</attribute>
      <attribute name="Adipose Clipped">Yes</attribute>
      <attribute name="Injury">No</attribute>
    </box>
    <box frame="80" outside="0" occluded="0" keyframe="0" xtl="0.00" ytl="326.37" xbr="1466.65" ybr="782.47" z_order="0">
      <attribute name="Confidence Level">3</attribute>
      <attribute name="Notes">NA</attribute>
      <attribute name="Sex">Male</attribute>
      <attribute name="Adipose Clipped">Yes</attribute>
      <attribute name="Injury">No</attribute>
    </box>
    <box frame="81" outside="0" occluded="0" keyframe="1" xtl="0.00" ytl="322.37" xbr="1503.90" ybr="778.47" z_order="0">
      <attribute name="Confidence Level">3</attribute>
      <attribute name="Notes">NA</attribute>
      <attribute name="Sex">Male</attribute>
      <attribute name="Adipose Clipped">Yes</attribute>
      <attribute name="Injury">No</attribute>
    </box>
    <box frame="82" outside="0" occluded="0" keyframe="1" xtl="0.00" ytl="323.59" xbr="1475.88" ybr="779.69" z_order="0">
      <attribute name="Confidence Level">3</attribute>
      <attribute name="Notes">NA</attribute>
      <attribute name="Sex">Male</attribute>
      <attribute name="Adipose Clipped">Yes</attribute>
      <attribute name="Injury">No</attribute>
    </box>
    <box frame="83" outside="0" occluded="0" keyframe="0" xtl="19.73" ytl="324.80" xbr="1505.88" ybr="780.90" z_order="0">
      <attribute name="Confidence Level">3</attribute>
      <attribute name="Notes">NA</attribute>
      <attribute name="Sex">Male</attribute>
      <attribute name="Adipose Clipped">Yes</attribute>
      <attribute name="Injury">No</attribute>
    </box>
    <box frame="84" outside="0" occluded="0" keyframe="0" xtl="39.46" ytl="326.02" xbr="1535.88" ybr="782.12" z_order="0">
      <attribute name="Confidence Level">3</attribute>
      <attribute name="Notes">NA</attribute>
      <attribute name="Sex">Male</attribute>
      <attribute name="Adipose Clipped">Yes</attribute>
      <attribute name="Injury">No</attribute>
    </box>
    <box frame="85" outside="0" occluded="0" keyframe="0" xtl="59.18" ytl="327.24" xbr="1565.89" ybr="783.34" z_order="0">
      <attribute name="Confidence Level">3</attribute>
      <attribute name="Notes">NA</attribute>
      <attribute name="Sex">Male</attribute>
      <attribute name="Adipose Clipped">Yes</attribute>
      <attribute name="Injury">No</attribute>
    </box>
    <box frame="86" outside="0" occluded="0" keyframe="0" xtl="78.91" ytl="328.46" xbr="1595.89" ybr="784.56" z_order="0">
      <attribute name="Confidence Level">3</attribute>
      <attribute name="Notes">NA</attribute>
      <attribute name="Sex">Male</attribute>
      <attribute name="Adipose Clipped">Yes</attribute>
      <attribute name="Injury">No</attribute>
    </box>
    <box frame="87" outside="0" occluded="0" keyframe="0" xtl="98.64" ytl="329.68" xbr="1625.89" ybr="785.78" z_order="0">
      <attribute name="Confidence Level">3</attribute>
      <attribute name="Notes">NA</attribute>
      <attribute name="Sex">Male</attribute>
      <attribute name="Adipose Clipped">Yes</attribute>
      <attribute name="Injury">No</attribute>
    </box>
    <box frame="88" outside="0" occluded="0" keyframe="0" xtl="118.37" ytl="330.90" xbr="1655.89" ybr="787.00" z_order="0">
      <attribute name="Confidence Level">3</attribute>
      <attribute name="Notes">NA</attribute>
      <attribute name="Sex">Male</attribute>
      <attribute name="Adipose Clipped">Yes</attribute>
      <attribute name="Injury">No</attribute>
    </box>
    <box frame="89" outside="0" occluded="0" keyframe="0" xtl="138.10" ytl="332.12" xbr="1685.90" ybr="788.22" z_order="0">
      <attribute name="Confidence Level">3</attribute>
      <attribute name="Notes">NA</attribute>
      <attribute name="Sex">Male</attribute>
      <attribute name="Adipose Clipped">Yes</attribute>
      <attribute name="Injury">No</attribute>
    </box>
    <box frame="90" outside="0" occluded="0" keyframe="0" xtl="157.82" ytl="333.33" xbr="1715.90" ybr="789.43" z_order="0">
      <attribute name="Confidence Level">3</attribute>
      <attribute name="Notes">NA</attribute>
      <attribute name="Sex">Male</attribute>
      <attribute name="Adipose Clipped">Yes</attribute>
      <attribute name="Injury">No</attribute>
    </box>
    <box frame="91" outside="0" occluded="0" keyframe="1" xtl="177.55" ytl="334.55" xbr="1745.90" ybr="790.65" z_order="0">
      <attribute name="Confidence Level">3</attribute>
      <attribute name="Notes">NA</attribute>
      <attribute name="Sex">Male</attribute>
      <attribute name="Adipose Clipped">Yes</attribute>
      <attribute name="Injury">No</attribute>
    </box>
    <box frame="92" outside="0" occluded="0" keyframe="0" xtl="234.11" ytl="331.94" xbr="1772.01" ybr="784.56" z_order="0">
      <attribute name="Confidence Level">3</attribute>
      <attribute name="Notes">NA</attribute>
      <attribute name="Sex">Male</attribute>
      <attribute name="Adipose Clipped">Yes</attribute>
      <attribute name="Injury">No</attribute>
    </box>
    <box frame="93" outside="0" occluded="0" keyframe="0" xtl="290.68" ytl="329.33" xbr="1798.12" ybr="778.48" z_order="0">
      <attribute name="Confidence Level">3</attribute>
      <attribute name="Notes">NA</attribute>
      <attribute name="Sex">Male</attribute>
      <attribute name="Adipose Clipped">Yes</attribute>
      <attribute name="Injury">No</attribute>
    </box>
    <box frame="94" outside="0" occluded="0" keyframe="0" xtl="347.24" ytl="326.72" xbr="1824.23" ybr="772.39" z_order="0">
      <attribute name="Confidence Level">3</attribute>
      <attribute name="Notes">NA</attribute>
      <attribute name="Sex">Male</attribute>
      <attribute name="Adipose Clipped">Yes</attribute>
      <attribute name="Injury">No</attribute>
    </box>
    <box frame="95" outside="0" occluded="0" keyframe="1" xtl="403.80" ytl="324.11" xbr="1850.34" ybr="766.30" z_order="0">
      <attribute name="Confidence Level">3</attribute>
      <attribute name="Notes">NA</attribute>
      <attribute name="Sex">Male</attribute>
      <attribute name="Adipose Clipped">Yes</attribute>
      <attribute name="Injury">No</attribute>
    </box>
    <box frame="96" outside="0" occluded="0" keyframe="0" xtl="421.79" ytl="323.53" xbr="1873.56" ybr="765.72" z_order="0">
      <attribute name="Confidence Level">3</attribute>
      <attribute name="Notes">NA</attribute>
      <attribute name="Sex">Male</attribute>
      <attribute name="Adipose Clipped">Yes</attribute>
      <attribute name="Injury">No</attribute>
    </box>
    <box frame="97" outside="0" occluded="0" keyframe="0" xtl="439.78" ytl="322.95" xbr="1896.78" ybr="765.14" z_order="0">
      <attribute name="Confidence Level">3</attribute>
      <attribute name="Notes">NA</attribute>
      <attribute name="Sex">Male</attribute>
      <attribute name="Adipose Clipped">Yes</attribute>
      <attribute name="Injury">No</attribute>
    </box>
    <box frame="98" outside="0" occluded="0" keyframe="1" xtl="457.76" ytl="322.37" xbr="1920.00" ybr="764.56" z_order="0">
      <attribute name="Confidence Level">3</attribute>
      <attribute name="Notes">NA</attribute>
      <attribute name="Sex">Male</attribute>
      <attribute name="Adipose Clipped">Yes</attribute>
      <attribute name="Injury">No</attribute>
    </box>
    <box frame="99" outside="0" occluded="0" keyframe="0" xtl="510.33" ytl="317.83" xbr="1920.00" ybr="764.56" z_order="0">
      <attribute name="Confidence Level">3</attribute>
      <attribute name="Notes">NA</attribute>
      <attribute name="Sex">Male</attribute>
      <attribute name="Adipose Clipped">Yes</attribute>
      <attribute name="Injury">No</attribute>
    </box>
    <box frame="100" outside="0" occluded="0" keyframe="0" xtl="562.90" ytl="313.30" xbr="1920.00" ybr="764.56" z_order="0">
      <attribute name="Confidence Level">3</attribute>
      <attribute name="Notes">NA</attribute>
      <attribute name="Sex">Male</attribute>
      <attribute name="Adipose Clipped">Yes</attribute>
      <attribute name="Injury">No</attribute>
    </box>
    <box frame="101" outside="0" occluded="0" keyframe="0" xtl="615.47" ytl="308.77" xbr="1920.00" ybr="764.56" z_order="0">
      <attribute name="Confidence Level">3</attribute>
      <attribute name="Notes">NA</attribute>
      <attribute name="Sex">Male</attribute>
      <attribute name="Adipose Clipped">Yes</attribute>
      <attribute name="Injury">No</attribute>
    </box>
    <box frame="102" outside="0" occluded="0" keyframe="0" xtl="668.03" ytl="304.23" xbr="1920.00" ybr="764.56" z_order="0">
      <attribute name="Confidence Level">3</attribute>
      <attribute name="Notes">NA</attribute>
      <attribute name="Sex">Male</attribute>
      <attribute name="Adipose Clipped">Yes</attribute>
      <attribute name="Injury">No</attribute>
    </box>
    <box frame="103" outside="0" occluded="0" keyframe="1" xtl="720.60" ytl="299.70" xbr="1920.00" ybr="764.56" z_order="0">
      <attribute name="Confidence Level">3</attribute>
      <attribute name="Notes">NA</attribute>
      <attribute name="Sex">Male</attribute>
      <attribute name="Adipose Clipped">Yes</attribute>
      <attribute name="Injury">No</attribute>
    </box>
    <box frame="104" outside="0" occluded="0" keyframe="0" xtl="755.06" ytl="277.42" xbr="1920.00" ybr="764.56" z_order="0">
      <attribute name="Confidence Level">3</attribute>
      <attribute name="Notes">NA</attribute>
      <attribute name="Sex">Male</attribute>
      <attribute name="Adipose Clipped">Yes</attribute>
      <attribute name="Injury">No</attribute>
    </box>
    <box frame="105" outside="0" occluded="0" keyframe="0" xtl="789.52" ytl="255.14" xbr="1920.00" ybr="764.56" z_order="0">
      <attribute name="Confidence Level">3</attribute>
      <attribute name="Notes">NA</attribute>
      <attribute name="Sex">Male</attribute>
      <attribute name="Adipose Clipped">Yes</attribute>
      <attribute name="Injury">No</attribute>
    </box>
    <box frame="106" outside="0" occluded="0" keyframe="0" xtl="823.98" ytl="232.86" xbr="1920.00" ybr="764.56" z_order="0">
      <attribute name="Confidence Level">3</attribute>
      <attribute name="Notes">NA</attribute>
      <attribute name="Sex">Male</attribute>
      <attribute name="Adipose Clipped">Yes</attribute>
      <attribute name="Injury">No</attribute>
    </box>
    <box frame="107" outside="0" occluded="0" keyframe="0" xtl="858.44" ytl="210.58" xbr="1920.00" ybr="764.56" z_order="0">
      <attribute name="Confidence Level">3</attribute>
      <attribute name="Notes">NA</attribute>
      <attribute name="Sex">Male</attribute>
      <attribute name="Adipose Clipped">Yes</attribute>
      <attribute name="Injury">No</attribute>
    </box>
    <box frame="108" outside="0" occluded="0" keyframe="1" xtl="892.90" ytl="188.30" xbr="1920.00" ybr="764.56" z_order="0">
      <attribute name="Confidence Level">3</attribute>
      <attribute name="Notes">NA</attribute>
      <attribute name="Sex">Male</attribute>
      <attribute name="Adipose Clipped">Yes</attribute>
      <attribute name="Injury">No</attribute>
    </box>
    <box frame="109" outside="0" occluded="0" keyframe="0" xtl="964.26" ytl="196.30" xbr="1920.00" ybr="764.56" z_order="0">
      <attribute name="Confidence Level">3</attribute>
      <attribute name="Notes">NA</attribute>
      <attribute name="Sex">Male</attribute>
      <attribute name="Adipose Clipped">Yes</attribute>
      <attribute name="Injury">No</attribute>
    </box>
    <box frame="110" outside="0" occluded="0" keyframe="0" xtl="1035.62" ytl="204.30" xbr="1920.00" ybr="764.56" z_order="0">
      <attribute name="Confidence Level">3</attribute>
      <attribute name="Notes">NA</attribute>
      <attribute name="Sex">Male</attribute>
      <attribute name="Adipose Clipped">Yes</attribute>
      <attribute name="Injury">No</attribute>
    </box>
    <box frame="111" outside="0" occluded="0" keyframe="0" xtl="1106.98" ytl="212.30" xbr="1920.00" ybr="764.56" z_order="0">
      <attribute name="Confidence Level">3</attribute>
      <attribute name="Notes">NA</attribute>
      <attribute name="Sex">Male</attribute>
      <attribute name="Adipose Clipped">Yes</attribute>
      <attribute name="Injury">No</attribute>
    </box>
    <box frame="112" outside="0" occluded="0" keyframe="0" xtl="1178.34" ytl="220.30" xbr="1920.00" ybr="764.56" z_order="0">
      <attribute name="Confidence Level">3</attribute>
      <attribute name="Notes">NA</attribute>
      <attribute name="Sex">Male</attribute>
      <attribute name="Adipose Clipped">Yes</attribute>
      <attribute name="Injury">No</attribute>
    </box>
    <box frame="113" outside="0" occluded="0" keyframe="1" xtl="1249.70" ytl="228.30" xbr="1920.00" ybr="764.56" z_order="0">
      <attribute name="Confidence Level">3</attribute>
      <attribute name="Notes">NA</attribute>
      <attribute name="Sex">Male</attribute>
      <attribute name="Adipose Clipped">Yes</attribute>
      <attribute name="Injury">No</attribute>
    </box>
    <box frame="114" outside="0" occluded="0" keyframe="0" xtl="1290.60" ytl="228.30" xbr="1920.00" ybr="751.94" z_order="0">
      <attribute name="Confidence Level">3</attribute>
      <attribute name="Notes">NA</attribute>
      <attribute name="Sex">Male</attribute>
      <attribute name="Adipose Clipped">Yes</attribute>
      <attribute name="Injury">No</attribute>
    </box>
    <box frame="115" outside="0" occluded="1" keyframe="1" xtl="1331.50" ytl="228.30" xbr="1920.00" ybr="739.33" z_order="0">
      <attribute name="Confidence Level">3</attribute>
      <attribute name="Notes">NA</attribute>
      <attribute name="Sex">Male</attribute>
      <attribute name="Adipose Clipped">Yes</attribute>
      <attribute name="Injury">No</attribute>
    </box>
    <box frame="116" outside="0" occluded="1" keyframe="0" xtl="1372.40" ytl="228.30" xbr="1920.00" ybr="726.71" z_order="0">
      <attribute name="Confidence Level">3</attribute>
      <attribute name="Notes">NA</attribute>
      <attribute name="Sex">Male</attribute>
      <attribute name="Adipose Clipped">Yes</attribute>
      <attribute name="Injury">No</attribute>
    </box>
    <box frame="117" outside="0" occluded="1" keyframe="1" xtl="1413.30" ytl="228.30" xbr="1920.00" ybr="714.10" z_order="0">
      <attribute name="Confidence Level">3</attribute>
      <attribute name="Notes">NA</attribute>
      <attribute name="Sex">Male</attribute>
      <attribute name="Adipose Clipped">Yes</attribute>
      <attribute name="Injury">No</attribute>
    </box>
    <box frame="118" outside="0" occluded="1" keyframe="0" xtl="1514.83" ytl="228.30" xbr="1920.00" ybr="714.10" z_order="0">
      <attribute name="Confidence Level">3</attribute>
      <attribute name="Notes">NA</attribute>
      <attribute name="Sex">Male</attribute>
      <attribute name="Adipose Clipped">Yes</attribute>
      <attribute name="Injury">No</attribute>
    </box>
    <box frame="119" outside="0" occluded="1" keyframe="0" xtl="1616.37" ytl="228.30" xbr="1920.00" ybr="714.10" z_order="0">
      <attribute name="Confidence Level">3</attribute>
      <attribute name="Notes">NA</attribute>
      <attribute name="Sex">Male</attribute>
      <attribute name="Adipose Clipped">Yes</attribute>
      <attribute name="Injury">No</attribute>
    </box>
    <box frame="120" outside="0" occluded="1" keyframe="1" xtl="1717.90" ytl="228.30" xbr="1920.00" ybr="714.10" z_order="0">
      <attribute name="Confidence Level">3</attribute>
      <attribute name="Notes">NA</attribute>
      <attribute name="Sex">Male</attribute>
      <attribute name="Adipose Clipped">Yes</attribute>
      <attribute name="Injury">No</attribute>
    </box>
    <box frame="121" outside="0" occluded="1" keyframe="0" xtl="1705.05" ytl="245.70" xbr="1920.00" ybr="714.10" z_order="0">
      <attribute name="Confidence Level">3</attribute>
      <attribute name="Notes">NA</attribute>
      <attribute name="Sex">Male</attribute>
      <attribute name="Adipose Clipped">Yes</attribute>
      <attribute name="Injury">No</attribute>
    </box>
    <box frame="122" outside="0" occluded="1" keyframe="1" xtl="1692.20" ytl="263.10" xbr="1920.00" ybr="714.10" z_order="0">
      <attribute name="Confidence Level">3</attribute>
      <attribute name="Notes">NA</attribute>
      <attribute name="Sex">Male</attribute>
      <attribute name="Adipose Clipped">Yes</attribute>
      <attribute name="Injury">No</attribute>
    </box>
    <box frame="123" outside="0" occluded="1" keyframe="1" xtl="1740.23" ytl="280.50" xbr="1920.00" ybr="714.10" z_order="0">
      <attribute name="Confidence Level">3</attribute>
      <attribute name="Notes">NA</attribute>
      <attribute name="Sex">Male</attribute>
      <attribute name="Adipose Clipped">Yes</attribute>
      <attribute name="Injury">No</attribute>
    </box>
    <box frame="124" outside="0" occluded="1" keyframe="0" xtl="1740.23" ytl="280.50" xbr="1920.00" ybr="714.10" z_order="0">
      <attribute name="Confidence Level">3</attribute>
      <attribute name="Notes">NA</attribute>
      <attribute name="Sex">Male</attribute>
      <attribute name="Adipose Clipped">Yes</attribute>
      <attribute name="Injury">No</attribute>
    </box>
    <box frame="125" outside="1" occluded="1" keyframe="1" xtl="1836.30" ytl="315.30" xbr="1920.00" ybr="714.10" z_order="0">
      <attribute name="Confidence Level">3</attribute>
      <attribute name="Notes">NA</attribute>
      <attribute name="Sex">Male</attribute>
      <attribute name="Adipose Clipped">Yes</attribute>
      <attribute name="Injury">No</attribute>
    </box>
    <box frame="128" outside="1" occluded="0" keyframe="1" xtl="1836.30" ytl="315.30" xbr="1920.00" ybr="714.10" z_order="0">
      <attribute name="Confidence Level">3</attribute>
      <attribute name="Notes">NA</attribute>
      <attribute name="Sex">Male</attribute>
      <attribute name="Adipose Clipped">Yes</attribute>
      <attribute name="Injury">No</attribute>
    </box>
  </track>
</annotations>