<?xml version="1.0" encoding="utf-8"?>
<annotations>
  <version>1.1</version>
  <meta>
    <task>
      <id>413</id>
      <name>07-28-2020 19-10-37 M Left Bank Underwater</name>
      <size>360</size>
      <mode>interpolation</mode>
      <overlap>5</overlap>
      <bugtracker></bugtracker>
      <created>2021-04-26 19:06:08.335237+00:00</created>
      <updated>2021-04-26 19:54:54.278070+00:00</updated>
      <start_frame>0</start_frame>
      <stop_frame>359</stop_frame>
      <frame_filter></frame_filter>
      <labels>
        <label>
          <name>Coho</name>
          <color>#83e070</color>
          <attributes>
            <attribute>
              <name>Sex</name>
              <mutable>False</mutable>
              <input_type>select</input_type>
              <default_value>Male</default_value>
              <values>Male
Female
Jack</values>
            </attribute>
            <attribute>
              <name>Adipose Clipped</name>
              <mutable>False</mutable>
              <input_type>select</input_type>
              <default_value>No</default_value>
              <values>No
Yes
NA</values>
            </attribute>
            <attribute>
              <name>Injury</name>
              <mutable>False</mutable>
              <input_type>select</input_type>
              <default_value>No</default_value>
              <values>No
Yes
NA</values>
            </attribute>
            <attribute>
              <name>Confidence Level</name>
              <mutable>False</mutable>
              <input_type>select</input_type>
              <default_value>3</default_value>
              <values>3
2
1</values>
            </attribute>
            <attribute>
              <name>Notes</name>
              <mutable>False</mutable>
              <input_type>text</input_type>
              <default_value>NA</default_value>
              <values>NA</values>
            </attribute>
          </attributes>
        </label>
        <label>
          <name>Bull</name>
          <color>#ff6037</color>
          <attributes>
            <attribute>
              <name>Sex</name>
              <mutable>False</mutable>
              <input_type>select</input_type>
              <default_value>NA</default_value>
              <values>NA
Juvenile</values>
            </attribute>
            <attribute>
              <name>Adipose Clipped</name>
              <mutable>False</mutable>
              <input_type>select</input_type>
              <default_value>No</default_value>
              <values>No
NA</values>
            </attribute>
            <attribute>
              <name>Injury</name>
              <mutable>False</mutable>
              <input_type>select</input_type>
              <default_value>No</default_value>
              <values>No
Yes
NA</values>
            </attribute>
            <attribute>
              <name>Confidence Level</name>
              <mutable>False</mutable>
              <input_type>select</input_type>
              <default_value>3</default_value>
              <values>3
2
1</values>
            </attribute>
            <attribute>
              <name>Notes</name>
              <mutable>False</mutable>
              <input_type>text</input_type>
              <default_value>NA</default_value>
              <values>NA</values>
            </attribute>
          </attributes>
        </label>
        <label>
          <name>Rainbow</name>
          <color>#ff00cc</color>
          <attributes>
            <attribute>
              <name>Sex</name>
              <mutable>False</mutable>
              <input_type>select</input_type>
              <default_value>NA</default_value>
              <values>NA
Juvenile</values>
            </attribute>
            <attribute>
              <name>Adipose Clipped</name>
              <mutable>False</mutable>
              <input_type>select</input_type>
              <default_value>No</default_value>
              <values>No
NA</values>
            </attribute>
            <attribute>
              <name>Injury</name>
              <mutable>False</mutable>
              <input_type>select</input_type>
              <default_value>No</default_value>
              <values>No
Yes
NA</values>
            </attribute>
            <attribute>
              <name>Confidence Level</name>
              <mutable>False</mutable>
              <input_type>select</input_type>
              <default_value>3</default_value>
              <values>3
2
1</values>
            </attribute>
            <attribute>
              <name>Notes</name>
              <mutable>False</mutable>
              <input_type>text</input_type>
              <default_value>NA</default_value>
              <values>NA</values>
            </attribute>
          </attributes>
        </label>
        <label>
          <name>Sockeye</name>
          <color>#fa3253</color>
          <attributes>
            <attribute>
              <name>Sex</name>
              <mutable>False</mutable>
              <input_type>select</input_type>
              <default_value>Male</default_value>
              <values>Male
Female
NA</values>
            </attribute>
            <attribute>
              <name>Adipose Clipped</name>
              <mutable>False</mutable>
              <input_type>select</input_type>
              <default_value>No</default_value>
              <values>No
Yes
NA</values>
            </attribute>
            <attribute>
              <name>Injury</name>
              <mutable>False</mutable>
              <input_type>select</input_type>
              <default_value>No</default_value>
              <values>No
Yes
NA</values>
            </attribute>
            <attribute>
              <name>Confidence Level</name>
              <mutable>False</mutable>
              <input_type>select</input_type>
              <default_value>3</default_value>
              <values>3
2
1</values>
            </attribute>
            <attribute>
              <name>Notes</name>
              <mutable>False</mutable>
              <input_type>text</input_type>
              <default_value>NA</default_value>
              <values>NA</values>
            </attribute>
          </attributes>
        </label>
        <label>
          <name>Pink</name>
          <color>#fa7dbb</color>
          <attributes>
            <attribute>
              <name>Sex</name>
              <mutable>False</mutable>
              <input_type>select</input_type>
              <default_value>Male</default_value>
              <values>Male
Female
NA</values>
            </attribute>
            <attribute>
              <name>Adipose Clipped</name>
              <mutable>False</mutable>
              <input_type>select</input_type>
              <default_value>No</default_value>
              <values>No
Yes
NA</values>
            </attribute>
            <attribute>
              <name>Injury</name>
              <mutable>False</mutable>
              <input_type>select</input_type>
              <default_value>No</default_value>
              <values>No
Yes
NA</values>
            </attribute>
            <attribute>
              <name>Confidence Level</name>
              <mutable>False</mutable>
              <input_type>select</input_type>
              <default_value>3</default_value>
              <values>3
2
1</values>
            </attribute>
            <attribute>
              <name>Notes</name>
              <mutable>False</mutable>
              <input_type>text</input_type>
              <default_value>NA</default_value>
              <values>NA</values>
            </attribute>
          </attributes>
        </label>
        <label>
          <name>Whitefish</name>
          <color>#e9e9eb</color>
          <attributes>
            <attribute>
              <name>Sex</name>
              <mutable>False</mutable>
              <input_type>select</input_type>
              <default_value>NA</default_value>
              <values>NA</values>
            </attribute>
            <attribute>
              <name>Adipose Clipped</name>
              <mutable>False</mutable>
              <input_type>select</input_type>
              <default_value>No</default_value>
              <values>No
Yes
NA</values>
            </attribute>
            <attribute>
              <name>Injury</name>
              <mutable>False</mutable>
              <input_type>select</input_type>
              <default_value>No</default_value>
              <values>No
Yes
NA</values>
            </attribute>
            <attribute>
              <name>Confidence Level</name>
              <mutable>False</mutable>
              <input_type>select</input_type>
              <default_value>3</default_value>
              <values>3
2
1</values>
            </attribute>
            <attribute>
              <name>Notes</name>
              <mutable>False</mutable>
              <input_type>text</input_type>
              <default_value>NA</default_value>
              <values>NA</values>
            </attribute>
          </attributes>
        </label>
        <label>
          <name>Chinook</name>
          <color>#cc3366</color>
          <attributes>
            <attribute>
              <name>Sex</name>
              <mutable>False</mutable>
              <input_type>select</input_type>
              <default_value>Male</default_value>
              <values>Male
Female
Jack</values>
            </attribute>
            <attribute>
              <name>Adipose Clipped</name>
              <mutable>False</mutable>
              <input_type>select</input_type>
              <default_value>No</default_value>
              <values>No
NA</values>
            </attribute>
            <attribute>
              <name>Injury</name>
              <mutable>False</mutable>
              <input_type>select</input_type>
              <default_value>No</default_value>
              <values>No
Yes
NA</values>
            </attribute>
            <attribute>
              <name>Confidence Level</name>
              <mutable>False</mutable>
              <input_type>select</input_type>
              <default_value>3</default_value>
              <values>3
2
1</values>
            </attribute>
            <attribute>
              <name>Notes</name>
              <mutable>False</mutable>
              <input_type>text</input_type>
              <default_value>NA</default_value>
              <values>NA</values>
            </attribute>
          </attributes>
        </label>
        <label>
          <name>Shiner</name>
          <color>#5986b3</color>
          <attributes>
            <attribute>
              <name>Confidence Level</name>
              <mutable>False</mutable>
              <input_type>select</input_type>
              <default_value>3</default_value>
              <values>3
2
1</values>
            </attribute>
            <attribute>
              <name>Notes</name>
              <mutable>False</mutable>
              <input_type>text</input_type>
              <default_value>NA</default_value>
              <values>NA</values>
            </attribute>
          </attributes>
        </label>
        <label>
          <name>Pikeminnow</name>
          <color>#cc9933</color>
          <attributes>
            <attribute>
              <name>Confidence Level</name>
              <mutable>False</mutable>
              <input_type>select</input_type>
              <default_value>3</default_value>
              <values>3
2
1</values>
            </attribute>
            <attribute>
              <name>Notes</name>
              <mutable>False</mutable>
              <input_type>text</input_type>
              <default_value>NA</default_value>
              <values>NA</values>
            </attribute>
          </attributes>
        </label>
      </labels>
      <segments>
        <segment>
          <id>418</id>
          <start>0</start>
          <stop>359</stop>
          <url>http://localhost:8080/?id=418</url>
        </segment>
      </segments>
      <owner>
        <username>bna19</username>
        <email>bna19@sfu.ca</email>
      </owner>
      <assignee></assignee>
      <original_size>
        <width>1920</width>
        <height>1080</height>
      </original_size>
    </task>
    <dumped>2021-04-26 19:55:04.063862+00:00</dumped>
    <source>07-28-2020 19-10-37 M Left Bank Underwater.m4v</source>
  </meta>
  <track id="0" label="Whitefish" source="manual">
    <box frame="71" outside="0" occluded="0" keyframe="1" xtl="1.90" ytl="425.73" xbr="575.50" ybr="750.35" z_order="0">
      <attribute name="Injury">No</attribute>
      <attribute name="Confidence Level">3</attribute>
      <attribute name="Notes">NA</attribute>
      <attribute name="Sex">NA</attribute>
      <attribute name="Adipose Clipped">No</attribute>
    </box>
    <box frame="72" outside="0" occluded="0" keyframe="0" xtl="1.90" ytl="425.73" xbr="636.35" ybr="750.35" z_order="0">
      <attribute name="Injury">No</attribute>
      <attribute name="Confidence Level">3</attribute>
      <attribute name="Notes">NA</attribute>
      <attribute name="Sex">NA</attribute>
      <attribute name="Adipose Clipped">No</attribute>
    </box>
    <box frame="73" outside="0" occluded="0" keyframe="1" xtl="1.90" ytl="425.73" xbr="697.20" ybr="750.35" z_order="0">
      <attribute name="Injury">No</attribute>
      <attribute name="Confidence Level">3</attribute>
      <attribute name="Notes">NA</attribute>
      <attribute name="Sex">NA</attribute>
      <attribute name="Adipose Clipped">No</attribute>
    </box>
    <box frame="74" outside="0" occluded="0" keyframe="1" xtl="1.90" ytl="425.73" xbr="732.20" ybr="750.35" z_order="0">
      <attribute name="Injury">No</attribute>
      <attribute name="Confidence Level">3</attribute>
      <attribute name="Notes">NA</attribute>
      <attribute name="Sex">NA</attribute>
      <attribute name="Adipose Clipped">No</attribute>
    </box>
    <box frame="75" outside="0" occluded="0" keyframe="1" xtl="0.00" ytl="431.27" xbr="798.60" ybr="755.88" z_order="0">
      <attribute name="Injury">No</attribute>
      <attribute name="Confidence Level">3</attribute>
      <attribute name="Notes">NA</attribute>
      <attribute name="Sex">NA</attribute>
      <attribute name="Adipose Clipped">No</attribute>
    </box>
    <box frame="76" outside="0" occluded="0" keyframe="1" xtl="0.00" ytl="431.27" xbr="898.20" ybr="755.88" z_order="0">
      <attribute name="Injury">No</attribute>
      <attribute name="Confidence Level">3</attribute>
      <attribute name="Notes">NA</attribute>
      <attribute name="Sex">NA</attribute>
      <attribute name="Adipose Clipped">No</attribute>
    </box>
    <box frame="77" outside="0" occluded="0" keyframe="0" xtl="0.00" ytl="431.27" xbr="921.25" ybr="755.88" z_order="0">
      <attribute name="Injury">No</attribute>
      <attribute name="Confidence Level">3</attribute>
      <attribute name="Notes">NA</attribute>
      <attribute name="Sex">NA</attribute>
      <attribute name="Adipose Clipped">No</attribute>
    </box>
    <box frame="78" outside="0" occluded="0" keyframe="1" xtl="0.00" ytl="431.27" xbr="944.30" ybr="755.88" z_order="0">
      <attribute name="Injury">No</attribute>
      <attribute name="Confidence Level">3</attribute>
      <attribute name="Notes">NA</attribute>
      <attribute name="Sex">NA</attribute>
      <attribute name="Adipose Clipped">No</attribute>
    </box>
    <box frame="79" outside="0" occluded="0" keyframe="1" xtl="0.00" ytl="431.27" xbr="1021.80" ybr="755.88" z_order="0">
      <attribute name="Injury">No</attribute>
      <attribute name="Confidence Level">3</attribute>
      <attribute name="Notes">NA</attribute>
      <attribute name="Sex">NA</attribute>
      <attribute name="Adipose Clipped">No</attribute>
    </box>
    <box frame="80" outside="0" occluded="0" keyframe="1" xtl="0.00" ytl="390.70" xbr="1119.60" ybr="755.88" z_order="0">
      <attribute name="Injury">No</attribute>
      <attribute name="Confidence Level">3</attribute>
      <attribute name="Notes">NA</attribute>
      <attribute name="Sex">NA</attribute>
      <attribute name="Adipose Clipped">No</attribute>
    </box>
    <box frame="81" outside="0" occluded="0" keyframe="1" xtl="0.00" ytl="392.50" xbr="1215.50" ybr="755.88" z_order="0">
      <attribute name="Injury">No</attribute>
      <attribute name="Confidence Level">3</attribute>
      <attribute name="Notes">NA</attribute>
      <attribute name="Sex">NA</attribute>
      <attribute name="Adipose Clipped">No</attribute>
    </box>
    <box frame="82" outside="0" occluded="0" keyframe="1" xtl="0.00" ytl="375.90" xbr="1285.60" ybr="755.88" z_order="0">
      <attribute name="Injury">No</attribute>
      <attribute name="Confidence Level">3</attribute>
      <attribute name="Notes">NA</attribute>
      <attribute name="Sex">NA</attribute>
      <attribute name="Adipose Clipped">No</attribute>
    </box>
    <box frame="83" outside="0" occluded="0" keyframe="1" xtl="57.18" ytl="353.77" xbr="1342.78" ybr="733.75" z_order="0">
      <attribute name="Injury">No</attribute>
      <attribute name="Confidence Level">3</attribute>
      <attribute name="Notes">NA</attribute>
      <attribute name="Sex">NA</attribute>
      <attribute name="Adipose Clipped">No</attribute>
    </box>
    <box frame="84" outside="0" occluded="0" keyframe="1" xtl="105.13" ytl="355.61" xbr="1390.73" ybr="735.59" z_order="0">
      <attribute name="Injury">No</attribute>
      <attribute name="Confidence Level">3</attribute>
      <attribute name="Notes">NA</attribute>
      <attribute name="Sex">NA</attribute>
      <attribute name="Adipose Clipped">No</attribute>
    </box>
    <box frame="85" outside="0" occluded="0" keyframe="1" xtl="193.66" ytl="355.61" xbr="1479.26" ybr="735.59" z_order="0">
      <attribute name="Injury">No</attribute>
      <attribute name="Confidence Level">3</attribute>
      <attribute name="Notes">NA</attribute>
      <attribute name="Sex">NA</attribute>
      <attribute name="Adipose Clipped">No</attribute>
    </box>
    <box frame="86" outside="0" occluded="0" keyframe="1" xtl="265.59" ytl="353.77" xbr="1551.19" ybr="733.75" z_order="0">
      <attribute name="Injury">No</attribute>
      <attribute name="Confidence Level">3</attribute>
      <attribute name="Notes">NA</attribute>
      <attribute name="Sex">NA</attribute>
      <attribute name="Adipose Clipped">No</attribute>
    </box>
    <box frame="87" outside="0" occluded="0" keyframe="1" xtl="302.48" ytl="346.39" xbr="1647.10" ybr="757.70" z_order="0">
      <attribute name="Injury">No</attribute>
      <attribute name="Confidence Level">3</attribute>
      <attribute name="Notes">NA</attribute>
      <attribute name="Sex">NA</attribute>
      <attribute name="Adipose Clipped">No</attribute>
    </box>
    <box frame="88" outside="0" occluded="0" keyframe="1" xtl="431.60" ytl="335.30" xbr="1739.32" ybr="785.37" z_order="0">
      <attribute name="Injury">No</attribute>
      <attribute name="Confidence Level">3</attribute>
      <attribute name="Notes">NA</attribute>
      <attribute name="Sex">NA</attribute>
      <attribute name="Adipose Clipped">No</attribute>
    </box>
    <box frame="89" outside="0" occluded="0" keyframe="1" xtl="560.70" ytl="374.00" xbr="1818.63" ybr="820.41" z_order="0">
      <attribute name="Injury">No</attribute>
      <attribute name="Confidence Level">3</attribute>
      <attribute name="Notes">NA</attribute>
      <attribute name="Sex">NA</attribute>
      <attribute name="Adipose Clipped">No</attribute>
    </box>
    <box frame="90" outside="0" occluded="0" keyframe="0" xtl="610.50" ytl="414.60" xbr="1846.29" ybr="820.41" z_order="0">
      <attribute name="Injury">No</attribute>
      <attribute name="Confidence Level">3</attribute>
      <attribute name="Notes">NA</attribute>
      <attribute name="Sex">NA</attribute>
      <attribute name="Adipose Clipped">No</attribute>
    </box>
    <box frame="91" outside="0" occluded="0" keyframe="1" xtl="660.30" ytl="455.20" xbr="1873.96" ybr="820.41" z_order="0">
      <attribute name="Injury">No</attribute>
      <attribute name="Confidence Level">3</attribute>
      <attribute name="Notes">NA</attribute>
      <attribute name="Sex">NA</attribute>
      <attribute name="Adipose Clipped">No</attribute>
    </box>
    <box frame="92" outside="0" occluded="0" keyframe="1" xtl="699.03" ytl="501.30" xbr="1912.69" ybr="831.48" z_order="0">
      <attribute name="Injury">No</attribute>
      <attribute name="Confidence Level">3</attribute>
      <attribute name="Notes">NA</attribute>
      <attribute name="Sex">NA</attribute>
      <attribute name="Adipose Clipped">No</attribute>
    </box>
    <box frame="93" outside="0" occluded="0" keyframe="1" xtl="824.50" ytl="508.70" xbr="1912.69" ybr="831.48" z_order="0">
      <attribute name="Injury">No</attribute>
      <attribute name="Confidence Level">3</attribute>
      <attribute name="Notes">NA</attribute>
      <attribute name="Sex">NA</attribute>
      <attribute name="Adipose Clipped">No</attribute>
    </box>
    <box frame="94" outside="0" occluded="0" keyframe="1" xtl="890.90" ytl="540.05" xbr="1920.00" ybr="862.83" z_order="0">
      <attribute name="Injury">No</attribute>
      <attribute name="Confidence Level">3</attribute>
      <attribute name="Notes">NA</attribute>
      <attribute name="Sex">NA</attribute>
      <attribute name="Adipose Clipped">No</attribute>
    </box>
    <box frame="95" outside="0" occluded="0" keyframe="1" xtl="937.01" ytl="564.03" xbr="1920.00" ybr="886.81" z_order="0">
      <attribute name="Injury">No</attribute>
      <attribute name="Confidence Level">3</attribute>
      <attribute name="Notes">NA</attribute>
      <attribute name="Sex">NA</attribute>
      <attribute name="Adipose Clipped">No</attribute>
    </box>
    <box frame="96" outside="0" occluded="0" keyframe="1" xtl="1025.54" ytl="554.81" xbr="1920.00" ybr="877.59" z_order="0">
      <attribute name="Injury">No</attribute>
      <attribute name="Confidence Level">3</attribute>
      <attribute name="Notes">NA</attribute>
      <attribute name="Sex">NA</attribute>
      <attribute name="Adipose Clipped">No</attribute>
    </box>
    <box frame="97" outside="0" occluded="0" keyframe="1" xtl="1077.18" ytl="554.81" xbr="1920.00" ybr="877.59" z_order="0">
      <attribute name="Injury">No</attribute>
      <attribute name="Confidence Level">3</attribute>
      <attribute name="Notes">NA</attribute>
      <attribute name="Sex">NA</attribute>
      <attribute name="Adipose Clipped">No</attribute>
    </box>
    <box frame="98" outside="0" occluded="0" keyframe="1" xtl="1139.89" ytl="554.81" xbr="1920.00" ybr="877.59" z_order="0">
      <attribute name="Injury">No</attribute>
      <attribute name="Confidence Level">3</attribute>
      <attribute name="Notes">NA</attribute>
      <attribute name="Sex">NA</attribute>
      <attribute name="Adipose Clipped">No</attribute>
    </box>
    <box frame="99" outside="0" occluded="0" keyframe="1" xtl="1248.71" ytl="554.81" xbr="1920.00" ybr="877.59" z_order="0">
      <attribute name="Injury">No</attribute>
      <attribute name="Confidence Level">3</attribute>
      <attribute name="Notes">NA</attribute>
      <attribute name="Sex">NA</attribute>
      <attribute name="Adipose Clipped">No</attribute>
    </box>
    <box frame="100" outside="0" occluded="0" keyframe="1" xtl="1276.38" ytl="552.97" xbr="1920.00" ybr="875.74" z_order="0">
      <attribute name="Injury">No</attribute>
      <attribute name="Confidence Level">3</attribute>
      <attribute name="Notes">NA</attribute>
      <attribute name="Sex">NA</attribute>
      <attribute name="Adipose Clipped">No</attribute>
    </box>
    <box frame="101" outside="0" occluded="1" keyframe="1" xtl="1276.38" ytl="552.97" xbr="1920.00" ybr="875.74" z_order="0">
      <attribute name="Injury">No</attribute>
      <attribute name="Confidence Level">3</attribute>
      <attribute name="Notes">NA</attribute>
      <attribute name="Sex">NA</attribute>
      <attribute name="Adipose Clipped">No</attribute>
    </box>
    <box frame="102" outside="0" occluded="1" keyframe="1" xtl="1420.24" ytl="545.59" xbr="1920.00" ybr="868.36" z_order="0">
      <attribute name="Injury">No</attribute>
      <attribute name="Confidence Level">3</attribute>
      <attribute name="Notes">NA</attribute>
      <attribute name="Sex">NA</attribute>
      <attribute name="Adipose Clipped">No</attribute>
    </box>
    <box frame="103" outside="0" occluded="1" keyframe="0" xtl="1420.24" ytl="545.59" xbr="1920.00" ybr="868.36" z_order="0">
      <attribute name="Injury">No</attribute>
      <attribute name="Confidence Level">3</attribute>
      <attribute name="Notes">NA</attribute>
      <attribute name="Sex">NA</attribute>
      <attribute name="Adipose Clipped">No</attribute>
    </box>
    <box frame="104" outside="1" occluded="1" keyframe="1" xtl="1420.24" ytl="545.59" xbr="1920.00" ybr="868.36" z_order="0">
      <attribute name="Injury">No</attribute>
      <attribute name="Confidence Level">3</attribute>
      <attribute name="Notes">NA</attribute>
      <attribute name="Sex">NA</attribute>
      <attribute name="Adipose Clipped">No</attribute>
    </box>
  </track>
</annotations>