<?xml version="1.0" encoding="utf-8"?>
<annotations>
  <version>1.1</version>
  <meta>
    <task>
      <id>325</id>
      <name>08-30-2020 14-10-45 M Salmon Camera</name>
      <size>980</size>
      <mode>interpolation</mode>
      <overlap>5</overlap>
      <bugtracker></bugtracker>
      <created>2021-07-27 03:58:20.237757+00:00</created>
      <updated>2021-07-27 05:02:47.797905+00:00</updated>
      <start_frame>0</start_frame>
      <stop_frame>979</stop_frame>
      <frame_filter></frame_filter>
      <labels>
        <label>
          <name>Chinook</name>
          <color>#38794c</color>
          <attributes>
            <attribute>
              <name>Adipose Clipped</name>
              <mutable>False</mutable>
              <input_type>select</input_type>
              <default_value>No</default_value>
              <values>No
Yes
NA</values>
            </attribute>
            <attribute>
              <name>Confidence Level</name>
              <mutable>False</mutable>
              <input_type>select</input_type>
              <default_value>3</default_value>
              <values>3
2
1</values>
            </attribute>
            <attribute>
              <name>Injury</name>
              <mutable>False</mutable>
              <input_type>select</input_type>
              <default_value>No</default_value>
              <values>No
Yes
NA</values>
            </attribute>
            <attribute>
              <name>Notes</name>
              <mutable>False</mutable>
              <input_type>text</input_type>
              <default_value></default_value>
              <values></values>
            </attribute>
            <attribute>
              <name>Sex</name>
              <mutable>False</mutable>
              <input_type>select</input_type>
              <default_value>Male</default_value>
              <values>Male
Female
Jack</values>
            </attribute>
            <attribute>
              <name>View</name>
              <mutable>False</mutable>
              <input_type>select</input_type>
              <default_value>Top-down</default_value>
              <values>Top-down
Side</values>
            </attribute>
          </attributes>
        </label>
        <label>
          <name>Steelhead</name>
          <color>#888888</color>
          <attributes>
            <attribute>
              <name>Adipose Clipped</name>
              <mutable>False</mutable>
              <input_type>select</input_type>
              <default_value>No</default_value>
              <values>No
Yes
NA</values>
            </attribute>
            <attribute>
              <name>Confidence Level</name>
              <mutable>False</mutable>
              <input_type>select</input_type>
              <default_value>3</default_value>
              <values>3
2
1</values>
            </attribute>
            <attribute>
              <name>Injury</name>
              <mutable>False</mutable>
              <input_type>select</input_type>
              <default_value>No</default_value>
              <values>No
Yes
NA</values>
            </attribute>
            <attribute>
              <name>Notes</name>
              <mutable>False</mutable>
              <input_type>text</input_type>
              <default_value></default_value>
              <values></values>
            </attribute>
            <attribute>
              <name>Sex</name>
              <mutable>False</mutable>
              <input_type>select</input_type>
              <default_value>Male</default_value>
              <values>Male
Female</values>
            </attribute>
            <attribute>
              <name>View</name>
              <mutable>False</mutable>
              <input_type>select</input_type>
              <default_value>Top-down</default_value>
              <values>Top-down
Side</values>
            </attribute>
          </attributes>
        </label>
        <label>
          <name>Sockeye</name>
          <color>#f00026</color>
          <attributes>
            <attribute>
              <name>Adipose Clipped</name>
              <mutable>False</mutable>
              <input_type>select</input_type>
              <default_value>No</default_value>
              <values>No
Yes
NA</values>
            </attribute>
            <attribute>
              <name>Confidence Level</name>
              <mutable>False</mutable>
              <input_type>select</input_type>
              <default_value>3</default_value>
              <values>3
2
1</values>
            </attribute>
            <attribute>
              <name>Injury</name>
              <mutable>False</mutable>
              <input_type>select</input_type>
              <default_value>No</default_value>
              <values>No
Yes
NA</values>
            </attribute>
            <attribute>
              <name>Notes</name>
              <mutable>False</mutable>
              <input_type>text</input_type>
              <default_value></default_value>
              <values></values>
            </attribute>
            <attribute>
              <name>Sex</name>
              <mutable>False</mutable>
              <input_type>select</input_type>
              <default_value>Male</default_value>
              <values>Male
Female</values>
            </attribute>
            <attribute>
              <name>View</name>
              <mutable>False</mutable>
              <input_type>select</input_type>
              <default_value>Top-down</default_value>
              <values>Top-down
Side</values>
            </attribute>
          </attributes>
        </label>
        <label>
          <name>Pink</name>
          <color>#fa7dbb</color>
          <attributes>
            <attribute>
              <name>Adipose Clipped</name>
              <mutable>False</mutable>
              <input_type>select</input_type>
              <default_value>No</default_value>
              <values>No
Yes
NA</values>
            </attribute>
            <attribute>
              <name>Confidence Level</name>
              <mutable>False</mutable>
              <input_type>select</input_type>
              <default_value>3</default_value>
              <values>3
2
1</values>
            </attribute>
            <attribute>
              <name>Injury</name>
              <mutable>False</mutable>
              <input_type>select</input_type>
              <default_value>No</default_value>
              <values>No
Yes
NA</values>
            </attribute>
            <attribute>
              <name>Notes</name>
              <mutable>False</mutable>
              <input_type>text</input_type>
              <default_value></default_value>
              <values></values>
            </attribute>
            <attribute>
              <name>Sex</name>
              <mutable>False</mutable>
              <input_type>select</input_type>
              <default_value>Male</default_value>
              <values>Male
Female</values>
            </attribute>
            <attribute>
              <name>View</name>
              <mutable>False</mutable>
              <input_type>select</input_type>
              <default_value>Top-down</default_value>
              <values>Top-down
Side</values>
            </attribute>
          </attributes>
        </label>
        <label>
          <name>Whitefish</name>
          <color>#d8d8db</color>
          <attributes>
            <attribute>
              <name>Adipose Clipped</name>
              <mutable>False</mutable>
              <input_type>select</input_type>
              <default_value>No</default_value>
              <values>No
Yes
NA</values>
            </attribute>
            <attribute>
              <name>Confidence Level</name>
              <mutable>False</mutable>
              <input_type>select</input_type>
              <default_value>3</default_value>
              <values>3
2
1</values>
            </attribute>
            <attribute>
              <name>Injury</name>
              <mutable>False</mutable>
              <input_type>select</input_type>
              <default_value>No</default_value>
              <values>No
Yes
NA</values>
            </attribute>
            <attribute>
              <name>Notes</name>
              <mutable>False</mutable>
              <input_type>text</input_type>
              <default_value></default_value>
              <values></values>
            </attribute>
            <attribute>
              <name>Sex</name>
              <mutable>False</mutable>
              <input_type>select</input_type>
              <default_value>NA</default_value>
              <values>NA</values>
            </attribute>
            <attribute>
              <name>View</name>
              <mutable>False</mutable>
              <input_type>select</input_type>
              <default_value>Top-down</default_value>
              <values>Top-down
Side</values>
            </attribute>
          </attributes>
        </label>
        <label>
          <name>Chum</name>
          <color>#ffcc33</color>
          <attributes>
            <attribute>
              <name>Adipose Clipped</name>
              <mutable>False</mutable>
              <input_type>select</input_type>
              <default_value>No</default_value>
              <values>No
Yes
NA</values>
            </attribute>
            <attribute>
              <name>Confidence Level</name>
              <mutable>False</mutable>
              <input_type>select</input_type>
              <default_value>3</default_value>
              <values>3
2
1</values>
            </attribute>
            <attribute>
              <name>Injury</name>
              <mutable>False</mutable>
              <input_type>select</input_type>
              <default_value>No</default_value>
              <values>No
Yes
NA</values>
            </attribute>
            <attribute>
              <name>Notes</name>
              <mutable>False</mutable>
              <input_type>text</input_type>
              <default_value></default_value>
              <values></values>
            </attribute>
            <attribute>
              <name>Sex</name>
              <mutable>False</mutable>
              <input_type>select</input_type>
              <default_value>Male</default_value>
              <values>Male
Female</values>
            </attribute>
            <attribute>
              <name>View</name>
              <mutable>False</mutable>
              <input_type>select</input_type>
              <default_value>Top-down</default_value>
              <values>Top-down
Side</values>
            </attribute>
          </attributes>
        </label>
        <label>
          <name>Bull</name>
          <color>#3d3df5</color>
          <attributes>
            <attribute>
              <name>Adipose Clipped</name>
              <mutable>False</mutable>
              <input_type>select</input_type>
              <default_value>No</default_value>
              <values>No
NA</values>
            </attribute>
            <attribute>
              <name>Confidence Level</name>
              <mutable>False</mutable>
              <input_type>select</input_type>
              <default_value>3</default_value>
              <values>3
2
1</values>
            </attribute>
            <attribute>
              <name>Injury</name>
              <mutable>False</mutable>
              <input_type>select</input_type>
              <default_value>No</default_value>
              <values>No
Yes
NA</values>
            </attribute>
            <attribute>
              <name>Notes</name>
              <mutable>False</mutable>
              <input_type>text</input_type>
              <default_value>NA</default_value>
              <values>NA</values>
            </attribute>
            <attribute>
              <name>Sex</name>
              <mutable>False</mutable>
              <input_type>select</input_type>
              <default_value>NA</default_value>
              <values>NA</values>
            </attribute>
            <attribute>
              <name>View</name>
              <mutable>False</mutable>
              <input_type>select</input_type>
              <default_value>Top-down</default_value>
              <values>Top-down
Side</values>
            </attribute>
          </attributes>
        </label>
        <label>
          <name>Coho</name>
          <color>#32b7fa</color>
          <attributes>
            <attribute>
              <name>View</name>
              <mutable>False</mutable>
              <input_type>select</input_type>
              <default_value>Top-down</default_value>
              <values>Top-down
Side</values>
            </attribute>
            <attribute>
              <name>Adipose Clipped</name>
              <mutable>False</mutable>
              <input_type>select</input_type>
              <default_value>No</default_value>
              <values>No
Yes
NA</values>
            </attribute>
            <attribute>
              <name>Confidence Level</name>
              <mutable>False</mutable>
              <input_type>select</input_type>
              <default_value>3</default_value>
              <values>3
2
1</values>
            </attribute>
            <attribute>
              <name>Injury</name>
              <mutable>False</mutable>
              <input_type>select</input_type>
              <default_value>No</default_value>
              <values>No
Yes
NA</values>
            </attribute>
            <attribute>
              <name>Notes</name>
              <mutable>False</mutable>
              <input_type>text</input_type>
              <default_value></default_value>
              <values></values>
            </attribute>
            <attribute>
              <name>Sex</name>
              <mutable>False</mutable>
              <input_type>select</input_type>
              <default_value>Male</default_value>
              <values>Male
Female
Jack</values>
            </attribute>
          </attributes>
        </label>
        <label>
          <name>Rainbow</name>
          <color>#ff914d</color>
          <attributes>
            <attribute>
              <name>Adipose Clipped</name>
              <mutable>False</mutable>
              <input_type>select</input_type>
              <default_value>No</default_value>
              <values>No
Yes
NA</values>
            </attribute>
            <attribute>
              <name>Confidence Level</name>
              <mutable>False</mutable>
              <input_type>select</input_type>
              <default_value>3</default_value>
              <values>3
2
1</values>
            </attribute>
            <attribute>
              <name>Injury</name>
              <mutable>False</mutable>
              <input_type>select</input_type>
              <default_value>No</default_value>
              <values>No
Yes
NA</values>
            </attribute>
            <attribute>
              <name>Notes</name>
              <mutable>False</mutable>
              <input_type>text</input_type>
              <default_value></default_value>
              <values></values>
            </attribute>
            <attribute>
              <name>Sex</name>
              <mutable>False</mutable>
              <input_type>select</input_type>
              <default_value>NA</default_value>
              <values>NA
Juvenile</values>
            </attribute>
            <attribute>
              <name>View</name>
              <mutable>False</mutable>
              <input_type>select</input_type>
              <default_value>Top-down</default_value>
              <values>Top-down
Side</values>
            </attribute>
          </attributes>
        </label>
        <label>
          <name>Pikeminnow</name>
          <color>#a16b00</color>
          <attributes>
            <attribute>
              <name>Confidence Level</name>
              <mutable>False</mutable>
              <input_type>select</input_type>
              <default_value>3</default_value>
              <values>3
2
1</values>
            </attribute>
            <attribute>
              <name>Notes</name>
              <mutable>False</mutable>
              <input_type>text</input_type>
              <default_value>NA</default_value>
              <values>NA</values>
            </attribute>
          </attributes>
        </label>
      </labels>
      <segments>
        <segment>
          <id>325</id>
          <start>0</start>
          <stop>979</stop>
          <url>httplocalhost:8080/?id=325</url>
        </segment>
      </segments>
      <owner>
        <username>jtravers</username>
        <email>jtravers@uoregon.edu</email>
      </owner>
      <assignee></assignee>
      <original_size>
        <width>1920</width>
        <height>1080</height>
      </original_size>
    </task>
    <dumped>2021-07-27 05:02:59.532863+00:00</dumped>
    <source>08-30-2020 14-10-45 M Salmon Camera.m4v</source>
  </meta>
  <track id="0" label="Chinook" source="manual">
    <box frame="99" outside="0" occluded="1" keyframe="1" xtl="2.03" ytl="649.98" xbr="78.75" ybr="807.56" z_order="0">
      <attribute name="Adipose Clipped">No</attribute>
      <attribute name="Confidence Level">3</attribute>
      <attribute name="Injury">Yes</attribute>
      <attribute name="Notes">Fin Wear</attribute>
      <attribute name="Sex">Male</attribute>
      <attribute name="View">Side</attribute>
    </box>
    <box frame="100" outside="0" occluded="1" keyframe="0" xtl="2.03" ytl="643.34" xbr="98.03" ybr="817.51" z_order="0">
      <attribute name="Adipose Clipped">No</attribute>
      <attribute name="Confidence Level">3</attribute>
      <attribute name="Injury">Yes</attribute>
      <attribute name="Notes">Fin Wear</attribute>
      <attribute name="Sex">Male</attribute>
      <attribute name="View">Side</attribute>
    </box>
    <box frame="101" outside="0" occluded="1" keyframe="0" xtl="2.03" ytl="636.70" xbr="117.32" ybr="827.47" z_order="0">
      <attribute name="Adipose Clipped">No</attribute>
      <attribute name="Confidence Level">3</attribute>
      <attribute name="Injury">Yes</attribute>
      <attribute name="Notes">Fin Wear</attribute>
      <attribute name="Sex">Male</attribute>
      <attribute name="View">Side</attribute>
    </box>
    <box frame="102" outside="0" occluded="1" keyframe="0" xtl="2.03" ytl="630.06" xbr="136.60" ybr="837.42" z_order="0">
      <attribute name="Adipose Clipped">No</attribute>
      <attribute name="Confidence Level">3</attribute>
      <attribute name="Injury">Yes</attribute>
      <attribute name="Notes">Fin Wear</attribute>
      <attribute name="Sex">Male</attribute>
      <attribute name="View">Side</attribute>
    </box>
    <box frame="103" outside="0" occluded="1" keyframe="0" xtl="2.03" ytl="623.43" xbr="155.89" ybr="847.38" z_order="0">
      <attribute name="Adipose Clipped">No</attribute>
      <attribute name="Confidence Level">3</attribute>
      <attribute name="Injury">Yes</attribute>
      <attribute name="Notes">Fin Wear</attribute>
      <attribute name="Sex">Male</attribute>
      <attribute name="View">Side</attribute>
    </box>
    <box frame="104" outside="0" occluded="1" keyframe="0" xtl="2.03" ytl="616.79" xbr="175.17" ybr="857.33" z_order="0">
      <attribute name="Adipose Clipped">No</attribute>
      <attribute name="Confidence Level">3</attribute>
      <attribute name="Injury">Yes</attribute>
      <attribute name="Notes">Fin Wear</attribute>
      <attribute name="Sex">Male</attribute>
      <attribute name="View">Side</attribute>
    </box>
    <box frame="105" outside="0" occluded="1" keyframe="0" xtl="2.03" ytl="610.15" xbr="194.46" ybr="867.28" z_order="0">
      <attribute name="Adipose Clipped">No</attribute>
      <attribute name="Confidence Level">3</attribute>
      <attribute name="Injury">Yes</attribute>
      <attribute name="Notes">Fin Wear</attribute>
      <attribute name="Sex">Male</attribute>
      <attribute name="View">Side</attribute>
    </box>
    <box frame="106" outside="0" occluded="1" keyframe="0" xtl="2.03" ytl="603.51" xbr="213.74" ybr="877.24" z_order="0">
      <attribute name="Adipose Clipped">No</attribute>
      <attribute name="Confidence Level">3</attribute>
      <attribute name="Injury">Yes</attribute>
      <attribute name="Notes">Fin Wear</attribute>
      <attribute name="Sex">Male</attribute>
      <attribute name="View">Side</attribute>
    </box>
    <box frame="107" outside="0" occluded="1" keyframe="0" xtl="2.03" ytl="596.88" xbr="233.03" ybr="887.19" z_order="0">
      <attribute name="Adipose Clipped">No</attribute>
      <attribute name="Confidence Level">3</attribute>
      <attribute name="Injury">Yes</attribute>
      <attribute name="Notes">Fin Wear</attribute>
      <attribute name="Sex">Male</attribute>
      <attribute name="View">Side</attribute>
    </box>
    <box frame="108" outside="0" occluded="1" keyframe="0" xtl="2.03" ytl="590.24" xbr="252.31" ybr="897.15" z_order="0">
      <attribute name="Adipose Clipped">No</attribute>
      <attribute name="Confidence Level">3</attribute>
      <attribute name="Injury">Yes</attribute>
      <attribute name="Notes">Fin Wear</attribute>
      <attribute name="Sex">Male</attribute>
      <attribute name="View">Side</attribute>
    </box>
    <box frame="109" outside="0" occluded="0" keyframe="1" xtl="2.03" ytl="583.60" xbr="271.60" ybr="907.10" z_order="0">
      <attribute name="Adipose Clipped">No</attribute>
      <attribute name="Confidence Level">3</attribute>
      <attribute name="Injury">Yes</attribute>
      <attribute name="Notes">Fin Wear</attribute>
      <attribute name="Sex">Male</attribute>
      <attribute name="View">Side</attribute>
    </box>
    <box frame="110" outside="0" occluded="0" keyframe="0" xtl="2.03" ytl="579.25" xbr="292.96" ybr="908.34" z_order="0">
      <attribute name="Adipose Clipped">No</attribute>
      <attribute name="Confidence Level">3</attribute>
      <attribute name="Injury">Yes</attribute>
      <attribute name="Notes">Fin Wear</attribute>
      <attribute name="Sex">Male</attribute>
      <attribute name="View">Side</attribute>
    </box>
    <box frame="111" outside="0" occluded="0" keyframe="0" xtl="2.03" ytl="574.90" xbr="314.32" ybr="909.58" z_order="0">
      <attribute name="Adipose Clipped">No</attribute>
      <attribute name="Confidence Level">3</attribute>
      <attribute name="Injury">Yes</attribute>
      <attribute name="Notes">Fin Wear</attribute>
      <attribute name="Sex">Male</attribute>
      <attribute name="View">Side</attribute>
    </box>
    <box frame="112" outside="0" occluded="0" keyframe="0" xtl="2.03" ytl="570.55" xbr="335.68" ybr="910.82" z_order="0">
      <attribute name="Adipose Clipped">No</attribute>
      <attribute name="Confidence Level">3</attribute>
      <attribute name="Injury">Yes</attribute>
      <attribute name="Notes">Fin Wear</attribute>
      <attribute name="Sex">Male</attribute>
      <attribute name="View">Side</attribute>
    </box>
    <box frame="113" outside="0" occluded="0" keyframe="0" xtl="2.03" ytl="566.20" xbr="357.04" ybr="912.06" z_order="0">
      <attribute name="Adipose Clipped">No</attribute>
      <attribute name="Confidence Level">3</attribute>
      <attribute name="Injury">Yes</attribute>
      <attribute name="Notes">Fin Wear</attribute>
      <attribute name="Sex">Male</attribute>
      <attribute name="View">Side</attribute>
    </box>
    <box frame="114" outside="0" occluded="0" keyframe="0" xtl="2.03" ytl="561.85" xbr="378.40" ybr="913.30" z_order="0">
      <attribute name="Adipose Clipped">No</attribute>
      <attribute name="Confidence Level">3</attribute>
      <attribute name="Injury">Yes</attribute>
      <attribute name="Notes">Fin Wear</attribute>
      <attribute name="Sex">Male</attribute>
      <attribute name="View">Side</attribute>
    </box>
    <box frame="115" outside="0" occluded="0" keyframe="0" xtl="2.03" ytl="557.50" xbr="399.76" ybr="914.54" z_order="0">
      <attribute name="Adipose Clipped">No</attribute>
      <attribute name="Confidence Level">3</attribute>
      <attribute name="Injury">Yes</attribute>
      <attribute name="Notes">Fin Wear</attribute>
      <attribute name="Sex">Male</attribute>
      <attribute name="View">Side</attribute>
    </box>
    <box frame="116" outside="0" occluded="0" keyframe="0" xtl="2.03" ytl="553.15" xbr="421.12" ybr="915.78" z_order="0">
      <attribute name="Adipose Clipped">No</attribute>
      <attribute name="Confidence Level">3</attribute>
      <attribute name="Injury">Yes</attribute>
      <attribute name="Notes">Fin Wear</attribute>
      <attribute name="Sex">Male</attribute>
      <attribute name="View">Side</attribute>
    </box>
    <box frame="117" outside="0" occluded="0" keyframe="0" xtl="2.03" ytl="548.80" xbr="442.48" ybr="917.02" z_order="0">
      <attribute name="Adipose Clipped">No</attribute>
      <attribute name="Confidence Level">3</attribute>
      <attribute name="Injury">Yes</attribute>
      <attribute name="Notes">Fin Wear</attribute>
      <attribute name="Sex">Male</attribute>
      <attribute name="View">Side</attribute>
    </box>
    <box frame="118" outside="0" occluded="0" keyframe="0" xtl="2.03" ytl="544.45" xbr="463.84" ybr="918.26" z_order="0">
      <attribute name="Adipose Clipped">No</attribute>
      <attribute name="Confidence Level">3</attribute>
      <attribute name="Injury">Yes</attribute>
      <attribute name="Notes">Fin Wear</attribute>
      <attribute name="Sex">Male</attribute>
      <attribute name="View">Side</attribute>
    </box>
    <box frame="119" outside="0" occluded="0" keyframe="1" xtl="2.03" ytl="540.10" xbr="485.20" ybr="919.50" z_order="0">
      <attribute name="Adipose Clipped">No</attribute>
      <attribute name="Confidence Level">3</attribute>
      <attribute name="Injury">Yes</attribute>
      <attribute name="Notes">Fin Wear</attribute>
      <attribute name="Sex">Male</attribute>
      <attribute name="View">Side</attribute>
    </box>
    <box frame="120" outside="0" occluded="0" keyframe="0" xtl="2.03" ytl="537.40" xbr="516.92" ybr="919.50" z_order="0">
      <attribute name="Adipose Clipped">No</attribute>
      <attribute name="Confidence Level">3</attribute>
      <attribute name="Injury">Yes</attribute>
      <attribute name="Notes">Fin Wear</attribute>
      <attribute name="Sex">Male</attribute>
      <attribute name="View">Side</attribute>
    </box>
    <box frame="121" outside="0" occluded="0" keyframe="0" xtl="2.03" ytl="534.70" xbr="548.64" ybr="919.50" z_order="0">
      <attribute name="Adipose Clipped">No</attribute>
      <attribute name="Confidence Level">3</attribute>
      <attribute name="Injury">Yes</attribute>
      <attribute name="Notes">Fin Wear</attribute>
      <attribute name="Sex">Male</attribute>
      <attribute name="View">Side</attribute>
    </box>
    <box frame="122" outside="0" occluded="0" keyframe="0" xtl="2.03" ytl="532.00" xbr="580.36" ybr="919.50" z_order="0">
      <attribute name="Adipose Clipped">No</attribute>
      <attribute name="Confidence Level">3</attribute>
      <attribute name="Injury">Yes</attribute>
      <attribute name="Notes">Fin Wear</attribute>
      <attribute name="Sex">Male</attribute>
      <attribute name="View">Side</attribute>
    </box>
    <box frame="123" outside="0" occluded="0" keyframe="0" xtl="2.03" ytl="529.30" xbr="612.08" ybr="919.50" z_order="0">
      <attribute name="Adipose Clipped">No</attribute>
      <attribute name="Confidence Level">3</attribute>
      <attribute name="Injury">Yes</attribute>
      <attribute name="Notes">Fin Wear</attribute>
      <attribute name="Sex">Male</attribute>
      <attribute name="View">Side</attribute>
    </box>
    <box frame="124" outside="0" occluded="0" keyframe="0" xtl="2.03" ytl="526.60" xbr="643.80" ybr="919.50" z_order="0">
      <attribute name="Adipose Clipped">No</attribute>
      <attribute name="Confidence Level">3</attribute>
      <attribute name="Injury">Yes</attribute>
      <attribute name="Notes">Fin Wear</attribute>
      <attribute name="Sex">Male</attribute>
      <attribute name="View">Side</attribute>
    </box>
    <box frame="125" outside="0" occluded="0" keyframe="0" xtl="2.03" ytl="523.90" xbr="675.52" ybr="919.50" z_order="0">
      <attribute name="Adipose Clipped">No</attribute>
      <attribute name="Confidence Level">3</attribute>
      <attribute name="Injury">Yes</attribute>
      <attribute name="Notes">Fin Wear</attribute>
      <attribute name="Sex">Male</attribute>
      <attribute name="View">Side</attribute>
    </box>
    <box frame="126" outside="0" occluded="0" keyframe="0" xtl="2.03" ytl="521.20" xbr="707.24" ybr="919.50" z_order="0">
      <attribute name="Adipose Clipped">No</attribute>
      <attribute name="Confidence Level">3</attribute>
      <attribute name="Injury">Yes</attribute>
      <attribute name="Notes">Fin Wear</attribute>
      <attribute name="Sex">Male</attribute>
      <attribute name="View">Side</attribute>
    </box>
    <box frame="127" outside="0" occluded="0" keyframe="0" xtl="2.03" ytl="518.50" xbr="738.96" ybr="919.50" z_order="0">
      <attribute name="Adipose Clipped">No</attribute>
      <attribute name="Confidence Level">3</attribute>
      <attribute name="Injury">Yes</attribute>
      <attribute name="Notes">Fin Wear</attribute>
      <attribute name="Sex">Male</attribute>
      <attribute name="View">Side</attribute>
    </box>
    <box frame="128" outside="0" occluded="0" keyframe="0" xtl="2.03" ytl="515.80" xbr="770.68" ybr="919.50" z_order="0">
      <attribute name="Adipose Clipped">No</attribute>
      <attribute name="Confidence Level">3</attribute>
      <attribute name="Injury">Yes</attribute>
      <attribute name="Notes">Fin Wear</attribute>
      <attribute name="Sex">Male</attribute>
      <attribute name="View">Side</attribute>
    </box>
    <box frame="129" outside="0" occluded="0" keyframe="1" xtl="2.03" ytl="513.10" xbr="802.40" ybr="919.50" z_order="0">
      <attribute name="Adipose Clipped">No</attribute>
      <attribute name="Confidence Level">3</attribute>
      <attribute name="Injury">Yes</attribute>
      <attribute name="Notes">Fin Wear</attribute>
      <attribute name="Sex">Male</attribute>
      <attribute name="View">Side</attribute>
    </box>
    <box frame="130" outside="0" occluded="0" keyframe="0" xtl="2.03" ytl="509.37" xbr="833.92" ybr="919.50" z_order="0">
      <attribute name="Adipose Clipped">No</attribute>
      <attribute name="Confidence Level">3</attribute>
      <attribute name="Injury">Yes</attribute>
      <attribute name="Notes">Fin Wear</attribute>
      <attribute name="Sex">Male</attribute>
      <attribute name="View">Side</attribute>
    </box>
    <box frame="131" outside="0" occluded="0" keyframe="0" xtl="2.03" ytl="505.64" xbr="865.44" ybr="919.50" z_order="0">
      <attribute name="Adipose Clipped">No</attribute>
      <attribute name="Confidence Level">3</attribute>
      <attribute name="Injury">Yes</attribute>
      <attribute name="Notes">Fin Wear</attribute>
      <attribute name="Sex">Male</attribute>
      <attribute name="View">Side</attribute>
    </box>
    <box frame="132" outside="0" occluded="0" keyframe="0" xtl="2.03" ytl="501.91" xbr="896.96" ybr="919.50" z_order="0">
      <attribute name="Adipose Clipped">No</attribute>
      <attribute name="Confidence Level">3</attribute>
      <attribute name="Injury">Yes</attribute>
      <attribute name="Notes">Fin Wear</attribute>
      <attribute name="Sex">Male</attribute>
      <attribute name="View">Side</attribute>
    </box>
    <box frame="133" outside="0" occluded="0" keyframe="0" xtl="2.03" ytl="498.18" xbr="928.48" ybr="919.50" z_order="0">
      <attribute name="Adipose Clipped">No</attribute>
      <attribute name="Confidence Level">3</attribute>
      <attribute name="Injury">Yes</attribute>
      <attribute name="Notes">Fin Wear</attribute>
      <attribute name="Sex">Male</attribute>
      <attribute name="View">Side</attribute>
    </box>
    <box frame="134" outside="0" occluded="0" keyframe="0" xtl="2.03" ytl="494.45" xbr="960.00" ybr="919.50" z_order="0">
      <attribute name="Adipose Clipped">No</attribute>
      <attribute name="Confidence Level">3</attribute>
      <attribute name="Injury">Yes</attribute>
      <attribute name="Notes">Fin Wear</attribute>
      <attribute name="Sex">Male</attribute>
      <attribute name="View">Side</attribute>
    </box>
    <box frame="135" outside="0" occluded="0" keyframe="0" xtl="2.03" ytl="490.72" xbr="991.52" ybr="919.50" z_order="0">
      <attribute name="Adipose Clipped">No</attribute>
      <attribute name="Confidence Level">3</attribute>
      <attribute name="Injury">Yes</attribute>
      <attribute name="Notes">Fin Wear</attribute>
      <attribute name="Sex">Male</attribute>
      <attribute name="View">Side</attribute>
    </box>
    <box frame="136" outside="0" occluded="0" keyframe="0" xtl="2.03" ytl="486.99" xbr="1023.04" ybr="919.50" z_order="0">
      <attribute name="Adipose Clipped">No</attribute>
      <attribute name="Confidence Level">3</attribute>
      <attribute name="Injury">Yes</attribute>
      <attribute name="Notes">Fin Wear</attribute>
      <attribute name="Sex">Male</attribute>
      <attribute name="View">Side</attribute>
    </box>
    <box frame="137" outside="0" occluded="0" keyframe="0" xtl="2.03" ytl="483.26" xbr="1054.56" ybr="919.50" z_order="0">
      <attribute name="Adipose Clipped">No</attribute>
      <attribute name="Confidence Level">3</attribute>
      <attribute name="Injury">Yes</attribute>
      <attribute name="Notes">Fin Wear</attribute>
      <attribute name="Sex">Male</attribute>
      <attribute name="View">Side</attribute>
    </box>
    <box frame="138" outside="0" occluded="0" keyframe="0" xtl="2.03" ytl="479.53" xbr="1086.08" ybr="919.50" z_order="0">
      <attribute name="Adipose Clipped">No</attribute>
      <attribute name="Confidence Level">3</attribute>
      <attribute name="Injury">Yes</attribute>
      <attribute name="Notes">Fin Wear</attribute>
      <attribute name="Sex">Male</attribute>
      <attribute name="View">Side</attribute>
    </box>
    <box frame="139" outside="0" occluded="0" keyframe="1" xtl="2.03" ytl="475.80" xbr="1117.60" ybr="919.50" z_order="0">
      <attribute name="Adipose Clipped">No</attribute>
      <attribute name="Confidence Level">3</attribute>
      <attribute name="Injury">Yes</attribute>
      <attribute name="Notes">Fin Wear</attribute>
      <attribute name="Sex">Male</attribute>
      <attribute name="View">Side</attribute>
    </box>
    <box frame="140" outside="0" occluded="0" keyframe="0" xtl="2.03" ytl="475.80" xbr="1143.93" ybr="927.17" z_order="0">
      <attribute name="Adipose Clipped">No</attribute>
      <attribute name="Confidence Level">3</attribute>
      <attribute name="Injury">Yes</attribute>
      <attribute name="Notes">Fin Wear</attribute>
      <attribute name="Sex">Male</attribute>
      <attribute name="View">Side</attribute>
    </box>
    <box frame="141" outside="0" occluded="0" keyframe="0" xtl="2.03" ytl="475.80" xbr="1170.26" ybr="934.84" z_order="0">
      <attribute name="Adipose Clipped">No</attribute>
      <attribute name="Confidence Level">3</attribute>
      <attribute name="Injury">Yes</attribute>
      <attribute name="Notes">Fin Wear</attribute>
      <attribute name="Sex">Male</attribute>
      <attribute name="View">Side</attribute>
    </box>
    <box frame="142" outside="0" occluded="0" keyframe="0" xtl="2.03" ytl="475.80" xbr="1196.59" ybr="942.51" z_order="0">
      <attribute name="Adipose Clipped">No</attribute>
      <attribute name="Confidence Level">3</attribute>
      <attribute name="Injury">Yes</attribute>
      <attribute name="Notes">Fin Wear</attribute>
      <attribute name="Sex">Male</attribute>
      <attribute name="View">Side</attribute>
    </box>
    <box frame="143" outside="0" occluded="0" keyframe="0" xtl="2.03" ytl="475.80" xbr="1222.92" ybr="950.18" z_order="0">
      <attribute name="Adipose Clipped">No</attribute>
      <attribute name="Confidence Level">3</attribute>
      <attribute name="Injury">Yes</attribute>
      <attribute name="Notes">Fin Wear</attribute>
      <attribute name="Sex">Male</attribute>
      <attribute name="View">Side</attribute>
    </box>
    <box frame="144" outside="0" occluded="0" keyframe="0" xtl="2.03" ytl="475.80" xbr="1249.25" ybr="957.85" z_order="0">
      <attribute name="Adipose Clipped">No</attribute>
      <attribute name="Confidence Level">3</attribute>
      <attribute name="Injury">Yes</attribute>
      <attribute name="Notes">Fin Wear</attribute>
      <attribute name="Sex">Male</attribute>
      <attribute name="View">Side</attribute>
    </box>
    <box frame="145" outside="0" occluded="0" keyframe="0" xtl="2.03" ytl="475.80" xbr="1275.58" ybr="965.52" z_order="0">
      <attribute name="Adipose Clipped">No</attribute>
      <attribute name="Confidence Level">3</attribute>
      <attribute name="Injury">Yes</attribute>
      <attribute name="Notes">Fin Wear</attribute>
      <attribute name="Sex">Male</attribute>
      <attribute name="View">Side</attribute>
    </box>
    <box frame="146" outside="0" occluded="0" keyframe="0" xtl="2.03" ytl="475.80" xbr="1301.91" ybr="973.19" z_order="0">
      <attribute name="Adipose Clipped">No</attribute>
      <attribute name="Confidence Level">3</attribute>
      <attribute name="Injury">Yes</attribute>
      <attribute name="Notes">Fin Wear</attribute>
      <attribute name="Sex">Male</attribute>
      <attribute name="View">Side</attribute>
    </box>
    <box frame="147" outside="0" occluded="0" keyframe="0" xtl="2.03" ytl="475.80" xbr="1328.24" ybr="980.86" z_order="0">
      <attribute name="Adipose Clipped">No</attribute>
      <attribute name="Confidence Level">3</attribute>
      <attribute name="Injury">Yes</attribute>
      <attribute name="Notes">Fin Wear</attribute>
      <attribute name="Sex">Male</attribute>
      <attribute name="View">Side</attribute>
    </box>
    <box frame="148" outside="0" occluded="0" keyframe="0" xtl="2.03" ytl="475.80" xbr="1354.57" ybr="988.53" z_order="0">
      <attribute name="Adipose Clipped">No</attribute>
      <attribute name="Confidence Level">3</attribute>
      <attribute name="Injury">Yes</attribute>
      <attribute name="Notes">Fin Wear</attribute>
      <attribute name="Sex">Male</attribute>
      <attribute name="View">Side</attribute>
    </box>
    <box frame="149" outside="0" occluded="0" keyframe="1" xtl="2.03" ytl="475.80" xbr="1380.90" ybr="996.20" z_order="0">
      <attribute name="Adipose Clipped">No</attribute>
      <attribute name="Confidence Level">3</attribute>
      <attribute name="Injury">Yes</attribute>
      <attribute name="Notes">Fin Wear</attribute>
      <attribute name="Sex">Male</attribute>
      <attribute name="View">Side</attribute>
    </box>
    <box frame="150" outside="0" occluded="0" keyframe="0" xtl="2.03" ytl="474.97" xbr="1406.61" ybr="996.20" z_order="0">
      <attribute name="Adipose Clipped">No</attribute>
      <attribute name="Confidence Level">3</attribute>
      <attribute name="Injury">Yes</attribute>
      <attribute name="Notes">Fin Wear</attribute>
      <attribute name="Sex">Male</attribute>
      <attribute name="View">Side</attribute>
    </box>
    <box frame="151" outside="0" occluded="0" keyframe="0" xtl="2.03" ytl="474.14" xbr="1432.32" ybr="996.20" z_order="0">
      <attribute name="Adipose Clipped">No</attribute>
      <attribute name="Confidence Level">3</attribute>
      <attribute name="Injury">Yes</attribute>
      <attribute name="Notes">Fin Wear</attribute>
      <attribute name="Sex">Male</attribute>
      <attribute name="View">Side</attribute>
    </box>
    <box frame="152" outside="0" occluded="0" keyframe="0" xtl="2.03" ytl="473.31" xbr="1458.03" ybr="996.20" z_order="0">
      <attribute name="Adipose Clipped">No</attribute>
      <attribute name="Confidence Level">3</attribute>
      <attribute name="Injury">Yes</attribute>
      <attribute name="Notes">Fin Wear</attribute>
      <attribute name="Sex">Male</attribute>
      <attribute name="View">Side</attribute>
    </box>
    <box frame="153" outside="0" occluded="0" keyframe="0" xtl="2.03" ytl="472.48" xbr="1483.74" ybr="996.20" z_order="0">
      <attribute name="Adipose Clipped">No</attribute>
      <attribute name="Confidence Level">3</attribute>
      <attribute name="Injury">Yes</attribute>
      <attribute name="Notes">Fin Wear</attribute>
      <attribute name="Sex">Male</attribute>
      <attribute name="View">Side</attribute>
    </box>
    <box frame="154" outside="0" occluded="0" keyframe="0" xtl="2.03" ytl="471.65" xbr="1509.45" ybr="996.20" z_order="0">
      <attribute name="Adipose Clipped">No</attribute>
      <attribute name="Confidence Level">3</attribute>
      <attribute name="Injury">Yes</attribute>
      <attribute name="Notes">Fin Wear</attribute>
      <attribute name="Sex">Male</attribute>
      <attribute name="View">Side</attribute>
    </box>
    <box frame="155" outside="0" occluded="0" keyframe="0" xtl="2.03" ytl="470.82" xbr="1535.16" ybr="996.20" z_order="0">
      <attribute name="Adipose Clipped">No</attribute>
      <attribute name="Confidence Level">3</attribute>
      <attribute name="Injury">Yes</attribute>
      <attribute name="Notes">Fin Wear</attribute>
      <attribute name="Sex">Male</attribute>
      <attribute name="View">Side</attribute>
    </box>
    <box frame="156" outside="0" occluded="0" keyframe="0" xtl="2.03" ytl="469.99" xbr="1560.87" ybr="996.20" z_order="0">
      <attribute name="Adipose Clipped">No</attribute>
      <attribute name="Confidence Level">3</attribute>
      <attribute name="Injury">Yes</attribute>
      <attribute name="Notes">Fin Wear</attribute>
      <attribute name="Sex">Male</attribute>
      <attribute name="View">Side</attribute>
    </box>
    <box frame="157" outside="0" occluded="0" keyframe="0" xtl="2.03" ytl="469.16" xbr="1586.58" ybr="996.20" z_order="0">
      <attribute name="Adipose Clipped">No</attribute>
      <attribute name="Confidence Level">3</attribute>
      <attribute name="Injury">Yes</attribute>
      <attribute name="Notes">Fin Wear</attribute>
      <attribute name="Sex">Male</attribute>
      <attribute name="View">Side</attribute>
    </box>
    <box frame="158" outside="0" occluded="0" keyframe="0" xtl="2.03" ytl="468.33" xbr="1612.29" ybr="996.20" z_order="0">
      <attribute name="Adipose Clipped">No</attribute>
      <attribute name="Confidence Level">3</attribute>
      <attribute name="Injury">Yes</attribute>
      <attribute name="Notes">Fin Wear</attribute>
      <attribute name="Sex">Male</attribute>
      <attribute name="View">Side</attribute>
    </box>
    <box frame="159" outside="0" occluded="0" keyframe="1" xtl="2.03" ytl="467.50" xbr="1638.00" ybr="996.20" z_order="0">
      <attribute name="Adipose Clipped">No</attribute>
      <attribute name="Confidence Level">3</attribute>
      <attribute name="Injury">Yes</attribute>
      <attribute name="Notes">Fin Wear</attribute>
      <attribute name="Sex">Male</attribute>
      <attribute name="View">Side</attribute>
    </box>
    <box frame="160" outside="0" occluded="0" keyframe="0" xtl="2.03" ytl="467.50" xbr="1654.79" ybr="997.24" z_order="0">
      <attribute name="Adipose Clipped">No</attribute>
      <attribute name="Confidence Level">3</attribute>
      <attribute name="Injury">Yes</attribute>
      <attribute name="Notes">Fin Wear</attribute>
      <attribute name="Sex">Male</attribute>
      <attribute name="View">Side</attribute>
    </box>
    <box frame="161" outside="0" occluded="0" keyframe="0" xtl="2.03" ytl="467.50" xbr="1671.58" ybr="998.28" z_order="0">
      <attribute name="Adipose Clipped">No</attribute>
      <attribute name="Confidence Level">3</attribute>
      <attribute name="Injury">Yes</attribute>
      <attribute name="Notes">Fin Wear</attribute>
      <attribute name="Sex">Male</attribute>
      <attribute name="View">Side</attribute>
    </box>
    <box frame="162" outside="0" occluded="0" keyframe="0" xtl="2.03" ytl="467.50" xbr="1688.37" ybr="999.32" z_order="0">
      <attribute name="Adipose Clipped">No</attribute>
      <attribute name="Confidence Level">3</attribute>
      <attribute name="Injury">Yes</attribute>
      <attribute name="Notes">Fin Wear</attribute>
      <attribute name="Sex">Male</attribute>
      <attribute name="View">Side</attribute>
    </box>
    <box frame="163" outside="0" occluded="0" keyframe="0" xtl="2.03" ytl="467.50" xbr="1705.16" ybr="1000.36" z_order="0">
      <attribute name="Adipose Clipped">No</attribute>
      <attribute name="Confidence Level">3</attribute>
      <attribute name="Injury">Yes</attribute>
      <attribute name="Notes">Fin Wear</attribute>
      <attribute name="Sex">Male</attribute>
      <attribute name="View">Side</attribute>
    </box>
    <box frame="164" outside="0" occluded="0" keyframe="0" xtl="2.03" ytl="467.50" xbr="1721.95" ybr="1001.40" z_order="0">
      <attribute name="Adipose Clipped">No</attribute>
      <attribute name="Confidence Level">3</attribute>
      <attribute name="Injury">Yes</attribute>
      <attribute name="Notes">Fin Wear</attribute>
      <attribute name="Sex">Male</attribute>
      <attribute name="View">Side</attribute>
    </box>
    <box frame="165" outside="0" occluded="0" keyframe="0" xtl="2.03" ytl="467.50" xbr="1738.74" ybr="1002.44" z_order="0">
      <attribute name="Adipose Clipped">No</attribute>
      <attribute name="Confidence Level">3</attribute>
      <attribute name="Injury">Yes</attribute>
      <attribute name="Notes">Fin Wear</attribute>
      <attribute name="Sex">Male</attribute>
      <attribute name="View">Side</attribute>
    </box>
    <box frame="166" outside="0" occluded="0" keyframe="0" xtl="2.03" ytl="467.50" xbr="1755.53" ybr="1003.48" z_order="0">
      <attribute name="Adipose Clipped">No</attribute>
      <attribute name="Confidence Level">3</attribute>
      <attribute name="Injury">Yes</attribute>
      <attribute name="Notes">Fin Wear</attribute>
      <attribute name="Sex">Male</attribute>
      <attribute name="View">Side</attribute>
    </box>
    <box frame="167" outside="0" occluded="0" keyframe="0" xtl="2.03" ytl="467.50" xbr="1772.32" ybr="1004.52" z_order="0">
      <attribute name="Adipose Clipped">No</attribute>
      <attribute name="Confidence Level">3</attribute>
      <attribute name="Injury">Yes</attribute>
      <attribute name="Notes">Fin Wear</attribute>
      <attribute name="Sex">Male</attribute>
      <attribute name="View">Side</attribute>
    </box>
    <box frame="168" outside="0" occluded="0" keyframe="0" xtl="2.03" ytl="467.50" xbr="1789.11" ybr="1005.56" z_order="0">
      <attribute name="Adipose Clipped">No</attribute>
      <attribute name="Confidence Level">3</attribute>
      <attribute name="Injury">Yes</attribute>
      <attribute name="Notes">Fin Wear</attribute>
      <attribute name="Sex">Male</attribute>
      <attribute name="View">Side</attribute>
    </box>
    <box frame="169" outside="0" occluded="0" keyframe="1" xtl="2.03" ytl="467.50" xbr="1805.90" ybr="1006.60" z_order="0">
      <attribute name="Adipose Clipped">No</attribute>
      <attribute name="Confidence Level">3</attribute>
      <attribute name="Injury">Yes</attribute>
      <attribute name="Notes">Fin Wear</attribute>
      <attribute name="Sex">Male</attribute>
      <attribute name="View">Side</attribute>
    </box>
    <box frame="170" outside="0" occluded="0" keyframe="0" xtl="31.89" ytl="468.33" xbr="1817.31" ybr="1007.43" z_order="0">
      <attribute name="Adipose Clipped">No</attribute>
      <attribute name="Confidence Level">3</attribute>
      <attribute name="Injury">Yes</attribute>
      <attribute name="Notes">Fin Wear</attribute>
      <attribute name="Sex">Male</attribute>
      <attribute name="View">Side</attribute>
    </box>
    <box frame="171" outside="0" occluded="0" keyframe="0" xtl="61.75" ytl="469.16" xbr="1828.72" ybr="1008.26" z_order="0">
      <attribute name="Adipose Clipped">No</attribute>
      <attribute name="Confidence Level">3</attribute>
      <attribute name="Injury">Yes</attribute>
      <attribute name="Notes">Fin Wear</attribute>
      <attribute name="Sex">Male</attribute>
      <attribute name="View">Side</attribute>
    </box>
    <box frame="172" outside="0" occluded="0" keyframe="0" xtl="91.60" ytl="469.99" xbr="1840.13" ybr="1009.09" z_order="0">
      <attribute name="Adipose Clipped">No</attribute>
      <attribute name="Confidence Level">3</attribute>
      <attribute name="Injury">Yes</attribute>
      <attribute name="Notes">Fin Wear</attribute>
      <attribute name="Sex">Male</attribute>
      <attribute name="View">Side</attribute>
    </box>
    <box frame="173" outside="0" occluded="0" keyframe="0" xtl="121.46" ytl="470.82" xbr="1851.54" ybr="1009.92" z_order="0">
      <attribute name="Adipose Clipped">No</attribute>
      <attribute name="Confidence Level">3</attribute>
      <attribute name="Injury">Yes</attribute>
      <attribute name="Notes">Fin Wear</attribute>
      <attribute name="Sex">Male</attribute>
      <attribute name="View">Side</attribute>
    </box>
    <box frame="174" outside="0" occluded="0" keyframe="0" xtl="151.32" ytl="471.65" xbr="1862.95" ybr="1010.75" z_order="0">
      <attribute name="Adipose Clipped">No</attribute>
      <attribute name="Confidence Level">3</attribute>
      <attribute name="Injury">Yes</attribute>
      <attribute name="Notes">Fin Wear</attribute>
      <attribute name="Sex">Male</attribute>
      <attribute name="View">Side</attribute>
    </box>
    <box frame="175" outside="0" occluded="0" keyframe="0" xtl="181.18" ytl="472.48" xbr="1874.36" ybr="1011.58" z_order="0">
      <attribute name="Adipose Clipped">No</attribute>
      <attribute name="Confidence Level">3</attribute>
      <attribute name="Injury">Yes</attribute>
      <attribute name="Notes">Fin Wear</attribute>
      <attribute name="Sex">Male</attribute>
      <attribute name="View">Side</attribute>
    </box>
    <box frame="176" outside="0" occluded="0" keyframe="0" xtl="211.03" ytl="473.31" xbr="1885.77" ybr="1012.41" z_order="0">
      <attribute name="Adipose Clipped">No</attribute>
      <attribute name="Confidence Level">3</attribute>
      <attribute name="Injury">Yes</attribute>
      <attribute name="Notes">Fin Wear</attribute>
      <attribute name="Sex">Male</attribute>
      <attribute name="View">Side</attribute>
    </box>
    <box frame="177" outside="0" occluded="0" keyframe="0" xtl="240.89" ytl="474.13" xbr="1897.18" ybr="1013.23" z_order="0">
      <attribute name="Adipose Clipped">No</attribute>
      <attribute name="Confidence Level">3</attribute>
      <attribute name="Injury">Yes</attribute>
      <attribute name="Notes">Fin Wear</attribute>
      <attribute name="Sex">Male</attribute>
      <attribute name="View">Side</attribute>
    </box>
    <box frame="178" outside="0" occluded="0" keyframe="0" xtl="270.75" ytl="474.96" xbr="1908.59" ybr="1014.06" z_order="0">
      <attribute name="Adipose Clipped">No</attribute>
      <attribute name="Confidence Level">3</attribute>
      <attribute name="Injury">Yes</attribute>
      <attribute name="Notes">Fin Wear</attribute>
      <attribute name="Sex">Male</attribute>
      <attribute name="View">Side</attribute>
    </box>
    <box frame="179" outside="0" occluded="0" keyframe="1" xtl="300.61" ytl="475.79" xbr="1920.00" ybr="1014.89" z_order="0">
      <attribute name="Adipose Clipped">No</attribute>
      <attribute name="Confidence Level">3</attribute>
      <attribute name="Injury">Yes</attribute>
      <attribute name="Notes">Fin Wear</attribute>
      <attribute name="Sex">Male</attribute>
      <attribute name="View">Side</attribute>
    </box>
    <box frame="180" outside="0" occluded="0" keyframe="0" xtl="329.63" ytl="475.79" xbr="1920.00" ybr="1014.89" z_order="0">
      <attribute name="Adipose Clipped">No</attribute>
      <attribute name="Confidence Level">3</attribute>
      <attribute name="Injury">Yes</attribute>
      <attribute name="Notes">Fin Wear</attribute>
      <attribute name="Sex">Male</attribute>
      <attribute name="View">Side</attribute>
    </box>
    <box frame="181" outside="0" occluded="0" keyframe="0" xtl="358.66" ytl="475.79" xbr="1920.00" ybr="1014.89" z_order="0">
      <attribute name="Adipose Clipped">No</attribute>
      <attribute name="Confidence Level">3</attribute>
      <attribute name="Injury">Yes</attribute>
      <attribute name="Notes">Fin Wear</attribute>
      <attribute name="Sex">Male</attribute>
      <attribute name="View">Side</attribute>
    </box>
    <box frame="182" outside="0" occluded="0" keyframe="0" xtl="387.69" ytl="475.79" xbr="1920.00" ybr="1014.89" z_order="0">
      <attribute name="Adipose Clipped">No</attribute>
      <attribute name="Confidence Level">3</attribute>
      <attribute name="Injury">Yes</attribute>
      <attribute name="Notes">Fin Wear</attribute>
      <attribute name="Sex">Male</attribute>
      <attribute name="View">Side</attribute>
    </box>
    <box frame="183" outside="0" occluded="0" keyframe="0" xtl="416.72" ytl="475.79" xbr="1920.00" ybr="1014.89" z_order="0">
      <attribute name="Adipose Clipped">No</attribute>
      <attribute name="Confidence Level">3</attribute>
      <attribute name="Injury">Yes</attribute>
      <attribute name="Notes">Fin Wear</attribute>
      <attribute name="Sex">Male</attribute>
      <attribute name="View">Side</attribute>
    </box>
    <box frame="184" outside="0" occluded="0" keyframe="0" xtl="445.75" ytl="475.79" xbr="1920.00" ybr="1014.89" z_order="0">
      <attribute name="Adipose Clipped">No</attribute>
      <attribute name="Confidence Level">3</attribute>
      <attribute name="Injury">Yes</attribute>
      <attribute name="Notes">Fin Wear</attribute>
      <attribute name="Sex">Male</attribute>
      <attribute name="View">Side</attribute>
    </box>
    <box frame="185" outside="0" occluded="0" keyframe="0" xtl="474.77" ytl="475.79" xbr="1920.00" ybr="1014.89" z_order="0">
      <attribute name="Adipose Clipped">No</attribute>
      <attribute name="Confidence Level">3</attribute>
      <attribute name="Injury">Yes</attribute>
      <attribute name="Notes">Fin Wear</attribute>
      <attribute name="Sex">Male</attribute>
      <attribute name="View">Side</attribute>
    </box>
    <box frame="186" outside="0" occluded="0" keyframe="0" xtl="503.80" ytl="475.79" xbr="1920.00" ybr="1014.89" z_order="0">
      <attribute name="Adipose Clipped">No</attribute>
      <attribute name="Confidence Level">3</attribute>
      <attribute name="Injury">Yes</attribute>
      <attribute name="Notes">Fin Wear</attribute>
      <attribute name="Sex">Male</attribute>
      <attribute name="View">Side</attribute>
    </box>
    <box frame="187" outside="0" occluded="0" keyframe="0" xtl="532.83" ytl="475.79" xbr="1920.00" ybr="1014.89" z_order="0">
      <attribute name="Adipose Clipped">No</attribute>
      <attribute name="Confidence Level">3</attribute>
      <attribute name="Injury">Yes</attribute>
      <attribute name="Notes">Fin Wear</attribute>
      <attribute name="Sex">Male</attribute>
      <attribute name="View">Side</attribute>
    </box>
    <box frame="188" outside="0" occluded="0" keyframe="0" xtl="561.86" ytl="475.79" xbr="1920.00" ybr="1014.89" z_order="0">
      <attribute name="Adipose Clipped">No</attribute>
      <attribute name="Confidence Level">3</attribute>
      <attribute name="Injury">Yes</attribute>
      <attribute name="Notes">Fin Wear</attribute>
      <attribute name="Sex">Male</attribute>
      <attribute name="View">Side</attribute>
    </box>
    <box frame="189" outside="0" occluded="0" keyframe="1" xtl="590.89" ytl="475.79" xbr="1920.00" ybr="1014.89" z_order="0">
      <attribute name="Adipose Clipped">No</attribute>
      <attribute name="Confidence Level">3</attribute>
      <attribute name="Injury">Yes</attribute>
      <attribute name="Notes">Fin Wear</attribute>
      <attribute name="Sex">Male</attribute>
      <attribute name="View">Side</attribute>
    </box>
    <box frame="190" outside="0" occluded="0" keyframe="0" xtl="615.35" ytl="480.14" xbr="1920.00" ybr="1009.91" z_order="0">
      <attribute name="Adipose Clipped">No</attribute>
      <attribute name="Confidence Level">3</attribute>
      <attribute name="Injury">Yes</attribute>
      <attribute name="Notes">Fin Wear</attribute>
      <attribute name="Sex">Male</attribute>
      <attribute name="View">Side</attribute>
    </box>
    <box frame="191" outside="0" occluded="0" keyframe="0" xtl="639.81" ytl="484.49" xbr="1920.00" ybr="1004.93" z_order="0">
      <attribute name="Adipose Clipped">No</attribute>
      <attribute name="Confidence Level">3</attribute>
      <attribute name="Injury">Yes</attribute>
      <attribute name="Notes">Fin Wear</attribute>
      <attribute name="Sex">Male</attribute>
      <attribute name="View">Side</attribute>
    </box>
    <box frame="192" outside="0" occluded="0" keyframe="0" xtl="664.27" ytl="488.85" xbr="1920.00" ybr="999.96" z_order="0">
      <attribute name="Adipose Clipped">No</attribute>
      <attribute name="Confidence Level">3</attribute>
      <attribute name="Injury">Yes</attribute>
      <attribute name="Notes">Fin Wear</attribute>
      <attribute name="Sex">Male</attribute>
      <attribute name="View">Side</attribute>
    </box>
    <box frame="193" outside="0" occluded="0" keyframe="0" xtl="688.73" ytl="493.20" xbr="1920.00" ybr="994.98" z_order="0">
      <attribute name="Adipose Clipped">No</attribute>
      <attribute name="Confidence Level">3</attribute>
      <attribute name="Injury">Yes</attribute>
      <attribute name="Notes">Fin Wear</attribute>
      <attribute name="Sex">Male</attribute>
      <attribute name="View">Side</attribute>
    </box>
    <box frame="194" outside="0" occluded="0" keyframe="0" xtl="713.19" ytl="497.55" xbr="1920.00" ybr="990.00" z_order="0">
      <attribute name="Adipose Clipped">No</attribute>
      <attribute name="Confidence Level">3</attribute>
      <attribute name="Injury">Yes</attribute>
      <attribute name="Notes">Fin Wear</attribute>
      <attribute name="Sex">Male</attribute>
      <attribute name="View">Side</attribute>
    </box>
    <box frame="195" outside="0" occluded="0" keyframe="0" xtl="737.65" ytl="501.90" xbr="1920.00" ybr="985.02" z_order="0">
      <attribute name="Adipose Clipped">No</attribute>
      <attribute name="Confidence Level">3</attribute>
      <attribute name="Injury">Yes</attribute>
      <attribute name="Notes">Fin Wear</attribute>
      <attribute name="Sex">Male</attribute>
      <attribute name="View">Side</attribute>
    </box>
    <box frame="196" outside="0" occluded="0" keyframe="0" xtl="762.12" ytl="506.25" xbr="1920.00" ybr="980.04" z_order="0">
      <attribute name="Adipose Clipped">No</attribute>
      <attribute name="Confidence Level">3</attribute>
      <attribute name="Injury">Yes</attribute>
      <attribute name="Notes">Fin Wear</attribute>
      <attribute name="Sex">Male</attribute>
      <attribute name="View">Side</attribute>
    </box>
    <box frame="197" outside="0" occluded="0" keyframe="0" xtl="786.58" ytl="510.60" xbr="1920.00" ybr="975.06" z_order="0">
      <attribute name="Adipose Clipped">No</attribute>
      <attribute name="Confidence Level">3</attribute>
      <attribute name="Injury">Yes</attribute>
      <attribute name="Notes">Fin Wear</attribute>
      <attribute name="Sex">Male</attribute>
      <attribute name="View">Side</attribute>
    </box>
    <box frame="198" outside="0" occluded="0" keyframe="0" xtl="811.04" ytl="514.95" xbr="1920.00" ybr="970.08" z_order="0">
      <attribute name="Adipose Clipped">No</attribute>
      <attribute name="Confidence Level">3</attribute>
      <attribute name="Injury">Yes</attribute>
      <attribute name="Notes">Fin Wear</attribute>
      <attribute name="Sex">Male</attribute>
      <attribute name="View">Side</attribute>
    </box>
    <box frame="199" outside="0" occluded="0" keyframe="1" xtl="835.50" ytl="519.30" xbr="1920.00" ybr="965.10" z_order="0">
      <attribute name="Adipose Clipped">No</attribute>
      <attribute name="Confidence Level">3</attribute>
      <attribute name="Injury">Yes</attribute>
      <attribute name="Notes">Fin Wear</attribute>
      <attribute name="Sex">Male</attribute>
      <attribute name="View">Side</attribute>
    </box>
    <box frame="200" outside="0" occluded="0" keyframe="0" xtl="857.06" ytl="517.43" xbr="1920.00" ybr="963.23" z_order="0">
      <attribute name="Adipose Clipped">No</attribute>
      <attribute name="Confidence Level">3</attribute>
      <attribute name="Injury">Yes</attribute>
      <attribute name="Notes">Fin Wear</attribute>
      <attribute name="Sex">Male</attribute>
      <attribute name="View">Side</attribute>
    </box>
    <box frame="201" outside="0" occluded="0" keyframe="0" xtl="878.63" ytl="515.57" xbr="1920.00" ybr="961.37" z_order="0">
      <attribute name="Adipose Clipped">No</attribute>
      <attribute name="Confidence Level">3</attribute>
      <attribute name="Injury">Yes</attribute>
      <attribute name="Notes">Fin Wear</attribute>
      <attribute name="Sex">Male</attribute>
      <attribute name="View">Side</attribute>
    </box>
    <box frame="202" outside="0" occluded="0" keyframe="0" xtl="900.19" ytl="513.70" xbr="1920.00" ybr="959.50" z_order="0">
      <attribute name="Adipose Clipped">No</attribute>
      <attribute name="Confidence Level">3</attribute>
      <attribute name="Injury">Yes</attribute>
      <attribute name="Notes">Fin Wear</attribute>
      <attribute name="Sex">Male</attribute>
      <attribute name="View">Side</attribute>
    </box>
    <box frame="203" outside="0" occluded="0" keyframe="0" xtl="921.75" ytl="511.84" xbr="1920.00" ybr="957.64" z_order="0">
      <attribute name="Adipose Clipped">No</attribute>
      <attribute name="Confidence Level">3</attribute>
      <attribute name="Injury">Yes</attribute>
      <attribute name="Notes">Fin Wear</attribute>
      <attribute name="Sex">Male</attribute>
      <attribute name="View">Side</attribute>
    </box>
    <box frame="204" outside="0" occluded="0" keyframe="0" xtl="943.32" ytl="509.97" xbr="1920.00" ybr="955.77" z_order="0">
      <attribute name="Adipose Clipped">No</attribute>
      <attribute name="Confidence Level">3</attribute>
      <attribute name="Injury">Yes</attribute>
      <attribute name="Notes">Fin Wear</attribute>
      <attribute name="Sex">Male</attribute>
      <attribute name="View">Side</attribute>
    </box>
    <box frame="205" outside="0" occluded="0" keyframe="0" xtl="964.88" ytl="508.10" xbr="1920.00" ybr="953.90" z_order="0">
      <attribute name="Adipose Clipped">No</attribute>
      <attribute name="Confidence Level">3</attribute>
      <attribute name="Injury">Yes</attribute>
      <attribute name="Notes">Fin Wear</attribute>
      <attribute name="Sex">Male</attribute>
      <attribute name="View">Side</attribute>
    </box>
    <box frame="206" outside="0" occluded="0" keyframe="0" xtl="986.45" ytl="506.24" xbr="1920.00" ybr="952.04" z_order="0">
      <attribute name="Adipose Clipped">No</attribute>
      <attribute name="Confidence Level">3</attribute>
      <attribute name="Injury">Yes</attribute>
      <attribute name="Notes">Fin Wear</attribute>
      <attribute name="Sex">Male</attribute>
      <attribute name="View">Side</attribute>
    </box>
    <box frame="207" outside="0" occluded="0" keyframe="0" xtl="1008.01" ytl="504.37" xbr="1920.00" ybr="950.17" z_order="0">
      <attribute name="Adipose Clipped">No</attribute>
      <attribute name="Confidence Level">3</attribute>
      <attribute name="Injury">Yes</attribute>
      <attribute name="Notes">Fin Wear</attribute>
      <attribute name="Sex">Male</attribute>
      <attribute name="View">Side</attribute>
    </box>
    <box frame="208" outside="0" occluded="0" keyframe="0" xtl="1029.57" ytl="502.50" xbr="1920.00" ybr="948.30" z_order="0">
      <attribute name="Adipose Clipped">No</attribute>
      <attribute name="Confidence Level">3</attribute>
      <attribute name="Injury">Yes</attribute>
      <attribute name="Notes">Fin Wear</attribute>
      <attribute name="Sex">Male</attribute>
      <attribute name="View">Side</attribute>
    </box>
    <box frame="209" outside="0" occluded="0" keyframe="1" xtl="1051.14" ytl="500.64" xbr="1920.00" ybr="946.44" z_order="0">
      <attribute name="Adipose Clipped">No</attribute>
      <attribute name="Confidence Level">3</attribute>
      <attribute name="Injury">Yes</attribute>
      <attribute name="Notes">Fin Wear</attribute>
      <attribute name="Sex">Male</attribute>
      <attribute name="View">Side</attribute>
    </box>
    <box frame="210" outside="0" occluded="0" keyframe="0" xtl="1080.79" ytl="500.43" xbr="1920.00" ybr="946.23" z_order="0">
      <attribute name="Adipose Clipped">No</attribute>
      <attribute name="Confidence Level">3</attribute>
      <attribute name="Injury">Yes</attribute>
      <attribute name="Notes">Fin Wear</attribute>
      <attribute name="Sex">Male</attribute>
      <attribute name="View">Side</attribute>
    </box>
    <box frame="211" outside="0" occluded="0" keyframe="0" xtl="1110.44" ytl="500.22" xbr="1920.00" ybr="946.02" z_order="0">
      <attribute name="Adipose Clipped">No</attribute>
      <attribute name="Confidence Level">3</attribute>
      <attribute name="Injury">Yes</attribute>
      <attribute name="Notes">Fin Wear</attribute>
      <attribute name="Sex">Male</attribute>
      <attribute name="View">Side</attribute>
    </box>
    <box frame="212" outside="0" occluded="0" keyframe="0" xtl="1140.09" ytl="500.02" xbr="1920.00" ybr="945.82" z_order="0">
      <attribute name="Adipose Clipped">No</attribute>
      <attribute name="Confidence Level">3</attribute>
      <attribute name="Injury">Yes</attribute>
      <attribute name="Notes">Fin Wear</attribute>
      <attribute name="Sex">Male</attribute>
      <attribute name="View">Side</attribute>
    </box>
    <box frame="213" outside="0" occluded="0" keyframe="0" xtl="1169.74" ytl="499.81" xbr="1920.00" ybr="945.61" z_order="0">
      <attribute name="Adipose Clipped">No</attribute>
      <attribute name="Confidence Level">3</attribute>
      <attribute name="Injury">Yes</attribute>
      <attribute name="Notes">Fin Wear</attribute>
      <attribute name="Sex">Male</attribute>
      <attribute name="View">Side</attribute>
    </box>
    <box frame="214" outside="0" occluded="0" keyframe="0" xtl="1199.39" ytl="499.60" xbr="1920.00" ybr="945.40" z_order="0">
      <attribute name="Adipose Clipped">No</attribute>
      <attribute name="Confidence Level">3</attribute>
      <attribute name="Injury">Yes</attribute>
      <attribute name="Notes">Fin Wear</attribute>
      <attribute name="Sex">Male</attribute>
      <attribute name="View">Side</attribute>
    </box>
    <box frame="215" outside="0" occluded="0" keyframe="0" xtl="1229.04" ytl="499.39" xbr="1920.00" ybr="945.19" z_order="0">
      <attribute name="Adipose Clipped">No</attribute>
      <attribute name="Confidence Level">3</attribute>
      <attribute name="Injury">Yes</attribute>
      <attribute name="Notes">Fin Wear</attribute>
      <attribute name="Sex">Male</attribute>
      <attribute name="View">Side</attribute>
    </box>
    <box frame="216" outside="0" occluded="0" keyframe="0" xtl="1258.69" ytl="499.19" xbr="1920.00" ybr="944.99" z_order="0">
      <attribute name="Adipose Clipped">No</attribute>
      <attribute name="Confidence Level">3</attribute>
      <attribute name="Injury">Yes</attribute>
      <attribute name="Notes">Fin Wear</attribute>
      <attribute name="Sex">Male</attribute>
      <attribute name="View">Side</attribute>
    </box>
    <box frame="217" outside="0" occluded="0" keyframe="0" xtl="1288.34" ytl="498.98" xbr="1920.00" ybr="944.78" z_order="0">
      <attribute name="Adipose Clipped">No</attribute>
      <attribute name="Confidence Level">3</attribute>
      <attribute name="Injury">Yes</attribute>
      <attribute name="Notes">Fin Wear</attribute>
      <attribute name="Sex">Male</attribute>
      <attribute name="View">Side</attribute>
    </box>
    <box frame="218" outside="0" occluded="0" keyframe="0" xtl="1317.99" ytl="498.77" xbr="1920.00" ybr="944.57" z_order="0">
      <attribute name="Adipose Clipped">No</attribute>
      <attribute name="Confidence Level">3</attribute>
      <attribute name="Injury">Yes</attribute>
      <attribute name="Notes">Fin Wear</attribute>
      <attribute name="Sex">Male</attribute>
      <attribute name="View">Side</attribute>
    </box>
    <box frame="219" outside="0" occluded="0" keyframe="1" xtl="1347.64" ytl="498.57" xbr="1920.00" ybr="944.37" z_order="0">
      <attribute name="Adipose Clipped">No</attribute>
      <attribute name="Confidence Level">3</attribute>
      <attribute name="Injury">Yes</attribute>
      <attribute name="Notes">Fin Wear</attribute>
      <attribute name="Sex">Male</attribute>
      <attribute name="View">Side</attribute>
    </box>
    <box frame="220" outside="0" occluded="0" keyframe="0" xtl="1361.32" ytl="500.85" xbr="1920.00" ybr="942.50" z_order="0">
      <attribute name="Adipose Clipped">No</attribute>
      <attribute name="Confidence Level">3</attribute>
      <attribute name="Injury">Yes</attribute>
      <attribute name="Notes">Fin Wear</attribute>
      <attribute name="Sex">Male</attribute>
      <attribute name="View">Side</attribute>
    </box>
    <box frame="221" outside="0" occluded="0" keyframe="0" xtl="1375.01" ytl="503.13" xbr="1920.00" ybr="940.63" z_order="0">
      <attribute name="Adipose Clipped">No</attribute>
      <attribute name="Confidence Level">3</attribute>
      <attribute name="Injury">Yes</attribute>
      <attribute name="Notes">Fin Wear</attribute>
      <attribute name="Sex">Male</attribute>
      <attribute name="View">Side</attribute>
    </box>
    <box frame="222" outside="0" occluded="0" keyframe="0" xtl="1388.70" ytl="505.42" xbr="1920.00" ybr="938.77" z_order="0">
      <attribute name="Adipose Clipped">No</attribute>
      <attribute name="Confidence Level">3</attribute>
      <attribute name="Injury">Yes</attribute>
      <attribute name="Notes">Fin Wear</attribute>
      <attribute name="Sex">Male</attribute>
      <attribute name="View">Side</attribute>
    </box>
    <box frame="223" outside="0" occluded="0" keyframe="0" xtl="1402.38" ytl="507.70" xbr="1920.00" ybr="936.90" z_order="0">
      <attribute name="Adipose Clipped">No</attribute>
      <attribute name="Confidence Level">3</attribute>
      <attribute name="Injury">Yes</attribute>
      <attribute name="Notes">Fin Wear</attribute>
      <attribute name="Sex">Male</attribute>
      <attribute name="View">Side</attribute>
    </box>
    <box frame="224" outside="0" occluded="0" keyframe="0" xtl="1416.07" ytl="509.98" xbr="1920.00" ybr="935.04" z_order="0">
      <attribute name="Adipose Clipped">No</attribute>
      <attribute name="Confidence Level">3</attribute>
      <attribute name="Injury">Yes</attribute>
      <attribute name="Notes">Fin Wear</attribute>
      <attribute name="Sex">Male</attribute>
      <attribute name="View">Side</attribute>
    </box>
    <box frame="225" outside="0" occluded="0" keyframe="0" xtl="1429.76" ytl="512.27" xbr="1920.00" ybr="933.17" z_order="0">
      <attribute name="Adipose Clipped">No</attribute>
      <attribute name="Confidence Level">3</attribute>
      <attribute name="Injury">Yes</attribute>
      <attribute name="Notes">Fin Wear</attribute>
      <attribute name="Sex">Male</attribute>
      <attribute name="View">Side</attribute>
    </box>
    <box frame="226" outside="0" occluded="0" keyframe="0" xtl="1443.44" ytl="514.55" xbr="1920.00" ybr="931.30" z_order="0">
      <attribute name="Adipose Clipped">No</attribute>
      <attribute name="Confidence Level">3</attribute>
      <attribute name="Injury">Yes</attribute>
      <attribute name="Notes">Fin Wear</attribute>
      <attribute name="Sex">Male</attribute>
      <attribute name="View">Side</attribute>
    </box>
    <box frame="227" outside="0" occluded="0" keyframe="0" xtl="1457.13" ytl="516.83" xbr="1920.00" ybr="929.44" z_order="0">
      <attribute name="Adipose Clipped">No</attribute>
      <attribute name="Confidence Level">3</attribute>
      <attribute name="Injury">Yes</attribute>
      <attribute name="Notes">Fin Wear</attribute>
      <attribute name="Sex">Male</attribute>
      <attribute name="View">Side</attribute>
    </box>
    <box frame="228" outside="0" occluded="0" keyframe="0" xtl="1470.81" ytl="519.12" xbr="1920.00" ybr="927.57" z_order="0">
      <attribute name="Adipose Clipped">No</attribute>
      <attribute name="Confidence Level">3</attribute>
      <attribute name="Injury">Yes</attribute>
      <attribute name="Notes">Fin Wear</attribute>
      <attribute name="Sex">Male</attribute>
      <attribute name="View">Side</attribute>
    </box>
    <box frame="229" outside="0" occluded="1" keyframe="1" xtl="1484.50" ytl="521.40" xbr="1920.00" ybr="925.70" z_order="0">
      <attribute name="Adipose Clipped">No</attribute>
      <attribute name="Confidence Level">3</attribute>
      <attribute name="Injury">Yes</attribute>
      <attribute name="Notes">Fin Wear</attribute>
      <attribute name="Sex">Male</attribute>
      <attribute name="View">Side</attribute>
    </box>
    <box frame="230" outside="0" occluded="1" keyframe="0" xtl="1505.44" ytl="522.23" xbr="1920.00" ybr="920.52" z_order="0">
      <attribute name="Adipose Clipped">No</attribute>
      <attribute name="Confidence Level">3</attribute>
      <attribute name="Injury">Yes</attribute>
      <attribute name="Notes">Fin Wear</attribute>
      <attribute name="Sex">Male</attribute>
      <attribute name="View">Side</attribute>
    </box>
    <box frame="231" outside="0" occluded="1" keyframe="0" xtl="1526.38" ytl="523.06" xbr="1920.00" ybr="915.34" z_order="0">
      <attribute name="Adipose Clipped">No</attribute>
      <attribute name="Confidence Level">3</attribute>
      <attribute name="Injury">Yes</attribute>
      <attribute name="Notes">Fin Wear</attribute>
      <attribute name="Sex">Male</attribute>
      <attribute name="View">Side</attribute>
    </box>
    <box frame="232" outside="0" occluded="1" keyframe="0" xtl="1547.32" ytl="523.89" xbr="1920.00" ybr="910.15" z_order="0">
      <attribute name="Adipose Clipped">No</attribute>
      <attribute name="Confidence Level">3</attribute>
      <attribute name="Injury">Yes</attribute>
      <attribute name="Notes">Fin Wear</attribute>
      <attribute name="Sex">Male</attribute>
      <attribute name="View">Side</attribute>
    </box>
    <box frame="233" outside="0" occluded="1" keyframe="0" xtl="1568.26" ytl="524.72" xbr="1920.00" ybr="904.97" z_order="0">
      <attribute name="Adipose Clipped">No</attribute>
      <attribute name="Confidence Level">3</attribute>
      <attribute name="Injury">Yes</attribute>
      <attribute name="Notes">Fin Wear</attribute>
      <attribute name="Sex">Male</attribute>
      <attribute name="View">Side</attribute>
    </box>
    <box frame="234" outside="0" occluded="1" keyframe="0" xtl="1589.20" ytl="525.55" xbr="1920.00" ybr="899.79" z_order="0">
      <attribute name="Adipose Clipped">No</attribute>
      <attribute name="Confidence Level">3</attribute>
      <attribute name="Injury">Yes</attribute>
      <attribute name="Notes">Fin Wear</attribute>
      <attribute name="Sex">Male</attribute>
      <attribute name="View">Side</attribute>
    </box>
    <box frame="235" outside="0" occluded="1" keyframe="0" xtl="1610.14" ytl="526.38" xbr="1920.00" ybr="894.60" z_order="0">
      <attribute name="Adipose Clipped">No</attribute>
      <attribute name="Confidence Level">3</attribute>
      <attribute name="Injury">Yes</attribute>
      <attribute name="Notes">Fin Wear</attribute>
      <attribute name="Sex">Male</attribute>
      <attribute name="View">Side</attribute>
    </box>
    <box frame="236" outside="0" occluded="1" keyframe="0" xtl="1631.08" ytl="527.21" xbr="1920.00" ybr="889.42" z_order="0">
      <attribute name="Adipose Clipped">No</attribute>
      <attribute name="Confidence Level">3</attribute>
      <attribute name="Injury">Yes</attribute>
      <attribute name="Notes">Fin Wear</attribute>
      <attribute name="Sex">Male</attribute>
      <attribute name="View">Side</attribute>
    </box>
    <box frame="237" outside="0" occluded="1" keyframe="0" xtl="1652.02" ytl="528.04" xbr="1920.00" ybr="884.24" z_order="0">
      <attribute name="Adipose Clipped">No</attribute>
      <attribute name="Confidence Level">3</attribute>
      <attribute name="Injury">Yes</attribute>
      <attribute name="Notes">Fin Wear</attribute>
      <attribute name="Sex">Male</attribute>
      <attribute name="View">Side</attribute>
    </box>
    <box frame="238" outside="0" occluded="1" keyframe="0" xtl="1672.96" ytl="528.87" xbr="1920.00" ybr="879.05" z_order="0">
      <attribute name="Adipose Clipped">No</attribute>
      <attribute name="Confidence Level">3</attribute>
      <attribute name="Injury">Yes</attribute>
      <attribute name="Notes">Fin Wear</attribute>
      <attribute name="Sex">Male</attribute>
      <attribute name="View">Side</attribute>
    </box>
    <box frame="239" outside="0" occluded="1" keyframe="1" xtl="1693.90" ytl="529.70" xbr="1920.00" ybr="873.87" z_order="0">
      <attribute name="Adipose Clipped">No</attribute>
      <attribute name="Confidence Level">3</attribute>
      <attribute name="Injury">Yes</attribute>
      <attribute name="Notes">Fin Wear</attribute>
      <attribute name="Sex">Male</attribute>
      <attribute name="View">Side</attribute>
    </box>
    <box frame="240" outside="0" occluded="1" keyframe="0" xtl="1687.68" ytl="531.78" xbr="1920.00" ybr="873.87" z_order="0">
      <attribute name="Adipose Clipped">No</attribute>
      <attribute name="Confidence Level">3</attribute>
      <attribute name="Injury">Yes</attribute>
      <attribute name="Notes">Fin Wear</attribute>
      <attribute name="Sex">Male</attribute>
      <attribute name="View">Side</attribute>
    </box>
    <box frame="241" outside="0" occluded="1" keyframe="0" xtl="1681.45" ytl="533.85" xbr="1920.00" ybr="873.87" z_order="0">
      <attribute name="Adipose Clipped">No</attribute>
      <attribute name="Confidence Level">3</attribute>
      <attribute name="Injury">Yes</attribute>
      <attribute name="Notes">Fin Wear</attribute>
      <attribute name="Sex">Male</attribute>
      <attribute name="View">Side</attribute>
    </box>
    <box frame="242" outside="0" occluded="1" keyframe="0" xtl="1675.23" ytl="535.93" xbr="1920.00" ybr="873.87" z_order="0">
      <attribute name="Adipose Clipped">No</attribute>
      <attribute name="Confidence Level">3</attribute>
      <attribute name="Injury">Yes</attribute>
      <attribute name="Notes">Fin Wear</attribute>
      <attribute name="Sex">Male</attribute>
      <attribute name="View">Side</attribute>
    </box>
    <box frame="243" outside="0" occluded="1" keyframe="1" xtl="1669.00" ytl="538.00" xbr="1920.00" ybr="873.87" z_order="0">
      <attribute name="Adipose Clipped">No</attribute>
      <attribute name="Confidence Level">3</attribute>
      <attribute name="Injury">Yes</attribute>
      <attribute name="Notes">Fin Wear</attribute>
      <attribute name="Sex">Male</attribute>
      <attribute name="View">Side</attribute>
    </box>
    <box frame="244" outside="0" occluded="1" keyframe="0" xtl="1713.23" ytl="543.53" xbr="1920.00" ybr="879.40" z_order="0">
      <attribute name="Adipose Clipped">No</attribute>
      <attribute name="Confidence Level">3</attribute>
      <attribute name="Injury">Yes</attribute>
      <attribute name="Notes">Fin Wear</attribute>
      <attribute name="Sex">Male</attribute>
      <attribute name="View">Side</attribute>
    </box>
    <box frame="245" outside="0" occluded="1" keyframe="0" xtl="1757.47" ytl="549.06" xbr="1920.00" ybr="884.93" z_order="0">
      <attribute name="Adipose Clipped">No</attribute>
      <attribute name="Confidence Level">3</attribute>
      <attribute name="Injury">Yes</attribute>
      <attribute name="Notes">Fin Wear</attribute>
      <attribute name="Sex">Male</attribute>
      <attribute name="View">Side</attribute>
    </box>
    <box frame="246" outside="0" occluded="1" keyframe="1" xtl="1801.70" ytl="554.59" xbr="1920.00" ybr="890.46" z_order="0">
      <attribute name="Adipose Clipped">No</attribute>
      <attribute name="Confidence Level">3</attribute>
      <attribute name="Injury">Yes</attribute>
      <attribute name="Notes">Fin Wear</attribute>
      <attribute name="Sex">Male</attribute>
      <attribute name="View">Side</attribute>
    </box>
    <box frame="247" outside="0" occluded="1" keyframe="1" xtl="1851.50" ytl="554.59" xbr="1920.00" ybr="873.90" z_order="0">
      <attribute name="Adipose Clipped">No</attribute>
      <attribute name="Confidence Level">3</attribute>
      <attribute name="Injury">Yes</attribute>
      <attribute name="Notes">Fin Wear</attribute>
      <attribute name="Sex">Male</attribute>
      <attribute name="View">Side</attribute>
    </box>
    <box frame="248" outside="0" occluded="1" keyframe="0" xtl="1810.05" ytl="554.59" xbr="1920.00" ybr="873.90" z_order="0">
      <attribute name="Adipose Clipped">No</attribute>
      <attribute name="Confidence Level">3</attribute>
      <attribute name="Injury">Yes</attribute>
      <attribute name="Notes">Fin Wear</attribute>
      <attribute name="Sex">Male</attribute>
      <attribute name="View">Side</attribute>
    </box>
    <box frame="249" outside="0" occluded="1" keyframe="1" xtl="1768.60" ytl="554.59" xbr="1920.00" ybr="873.90" z_order="0">
      <attribute name="Adipose Clipped">No</attribute>
      <attribute name="Confidence Level">3</attribute>
      <attribute name="Injury">Yes</attribute>
      <attribute name="Notes">Fin Wear</attribute>
      <attribute name="Sex">Male</attribute>
      <attribute name="View">Side</attribute>
    </box>
    <box frame="250" outside="0" occluded="1" keyframe="0" xtl="1784.15" ytl="554.59" xbr="1920.00" ybr="856.28" z_order="0">
      <attribute name="Adipose Clipped">No</attribute>
      <attribute name="Confidence Level">3</attribute>
      <attribute name="Injury">Yes</attribute>
      <attribute name="Notes">Fin Wear</attribute>
      <attribute name="Sex">Male</attribute>
      <attribute name="View">Side</attribute>
    </box>
    <box frame="251" outside="0" occluded="1" keyframe="0" xtl="1799.70" ytl="554.59" xbr="1920.00" ybr="838.65" z_order="0">
      <attribute name="Adipose Clipped">No</attribute>
      <attribute name="Confidence Level">3</attribute>
      <attribute name="Injury">Yes</attribute>
      <attribute name="Notes">Fin Wear</attribute>
      <attribute name="Sex">Male</attribute>
      <attribute name="View">Side</attribute>
    </box>
    <box frame="252" outside="0" occluded="1" keyframe="0" xtl="1815.25" ytl="554.59" xbr="1920.00" ybr="821.03" z_order="0">
      <attribute name="Adipose Clipped">No</attribute>
      <attribute name="Confidence Level">3</attribute>
      <attribute name="Injury">Yes</attribute>
      <attribute name="Notes">Fin Wear</attribute>
      <attribute name="Sex">Male</attribute>
      <attribute name="View">Side</attribute>
    </box>
    <box frame="253" outside="0" occluded="1" keyframe="1" xtl="1830.80" ytl="554.59" xbr="1920.00" ybr="803.40" z_order="0">
      <attribute name="Adipose Clipped">No</attribute>
      <attribute name="Confidence Level">3</attribute>
      <attribute name="Injury">Yes</attribute>
      <attribute name="Notes">Fin Wear</attribute>
      <attribute name="Sex">Male</attribute>
      <attribute name="View">Side</attribute>
    </box>
    <box frame="254" outside="0" occluded="1" keyframe="1" xtl="1872.30" ytl="554.59" xbr="1920.00" ybr="803.40" z_order="0">
      <attribute name="Adipose Clipped">No</attribute>
      <attribute name="Confidence Level">3</attribute>
      <attribute name="Injury">Yes</attribute>
      <attribute name="Notes">Fin Wear</attribute>
      <attribute name="Sex">Male</attribute>
      <attribute name="View">Side</attribute>
    </box>
    <box frame="255" outside="1" occluded="1" keyframe="1" xtl="1872.30" ytl="554.59" xbr="1920.00" ybr="803.40" z_order="0">
      <attribute name="Adipose Clipped">No</attribute>
      <attribute name="Confidence Level">3</attribute>
      <attribute name="Injury">Yes</attribute>
      <attribute name="Notes">Fin Wear</attribute>
      <attribute name="Sex">Male</attribute>
      <attribute name="View">Side</attribute>
    </box>
  </track>
</annotations>