<?xml version="1.0" encoding="utf-8"?>
<annotations>
  <version>1.1</version>
  <meta>
    <task>
      <id>374</id>
      <name>09-19-2020 00-19-01 M Salmon Camera</name>
      <size>600</size>
      <mode>interpolation</mode>
      <overlap>5</overlap>
      <bugtracker></bugtracker>
      <created>2022-01-11 19:26:24.155600+00:00</created>
      <updated>2022-01-11 19:39:02.654830+00:00</updated>
      <subset>default</subset>
      <start_frame>0</start_frame>
      <stop_frame>599</stop_frame>
      <frame_filter></frame_filter>
      <segments>
        <segment>
          <id>363</id>
          <start>0</start>
          <stop>599</stop>
          <url>httplocalhost:8080/?id=363</url>
        </segment>
      </segments>
      <owner>
        <username>scurfield</username>
        <email>dan.scurfield@gmail.com</email>
      </owner>
      <assignee></assignee>
      <labels>
        <label>
          <name>Coho</name>
          <color>#83e070</color>
          <attributes>
            <attribute>
              <name>Adipose Clipped</name>
              <mutable>False</mutable>
              <input_type>select</input_type>
              <default_value>No</default_value>
              <values>No
Yes
NA</values>
            </attribute>
            <attribute>
              <name>confidence level</name>
              <mutable>False</mutable>
              <input_type>select</input_type>
              <default_value>3</default_value>
              <values>3
2
1</values>
            </attribute>
            <attribute>
              <name>injury</name>
              <mutable>False</mutable>
              <input_type>select</input_type>
              <default_value>No</default_value>
              <values>No
Yes
NA</values>
            </attribute>
            <attribute>
              <name>notes</name>
              <mutable>False</mutable>
              <input_type>text</input_type>
              <default_value>NA</default_value>
              <values>NA</values>
            </attribute>
            <attribute>
              <name>sex</name>
              <mutable>False</mutable>
              <input_type>select</input_type>
              <default_value>Male</default_value>
              <values>Male
Female
Jack</values>
            </attribute>
            <attribute>
              <name>view</name>
              <mutable>False</mutable>
              <input_type>select</input_type>
              <default_value>Side</default_value>
              <values>Side
Top-down</values>
            </attribute>
          </attributes>
        </label>
        <label>
          <name>Bull</name>
          <color>#20c000</color>
          <attributes>
            <attribute>
              <name>adipose clipped</name>
              <mutable>False</mutable>
              <input_type>select</input_type>
              <default_value>No</default_value>
              <values>No
NA</values>
            </attribute>
            <attribute>
              <name>confidence level</name>
              <mutable>False</mutable>
              <input_type>select</input_type>
              <default_value>3</default_value>
              <values>3
2
1</values>
            </attribute>
            <attribute>
              <name>injury</name>
              <mutable>False</mutable>
              <input_type>select</input_type>
              <default_value>No</default_value>
              <values>No
Yes
NA</values>
            </attribute>
            <attribute>
              <name>notes</name>
              <mutable>False</mutable>
              <input_type>text</input_type>
              <default_value>NA</default_value>
              <values>NA</values>
            </attribute>
            <attribute>
              <name>sex</name>
              <mutable>False</mutable>
              <input_type>select</input_type>
              <default_value>NA</default_value>
              <values>NA</values>
            </attribute>
            <attribute>
              <name>view</name>
              <mutable>False</mutable>
              <input_type>select</input_type>
              <default_value>Side</default_value>
              <values>Side
Top-down</values>
            </attribute>
          </attributes>
        </label>
        <label>
          <name>Chum</name>
          <color>#b83df5</color>
          <attributes>
            <attribute>
              <name>view</name>
              <mutable>False</mutable>
              <input_type>select</input_type>
              <default_value>Side</default_value>
              <values>Side
Top-down</values>
            </attribute>
            <attribute>
              <name>injury</name>
              <mutable>False</mutable>
              <input_type>select</input_type>
              <default_value>No</default_value>
              <values>No
Yes
NA</values>
            </attribute>
            <attribute>
              <name>adipose clipped</name>
              <mutable>False</mutable>
              <input_type>select</input_type>
              <default_value>No</default_value>
              <values>No
Yes
NA</values>
            </attribute>
            <attribute>
              <name>notes</name>
              <mutable>False</mutable>
              <input_type>text</input_type>
              <default_value>NA</default_value>
              <values>NA</values>
            </attribute>
            <attribute>
              <name>sex</name>
              <mutable>False</mutable>
              <input_type>select</input_type>
              <default_value>Male</default_value>
              <values>Male
Female</values>
            </attribute>
            <attribute>
              <name>confidence level</name>
              <mutable>False</mutable>
              <input_type>select</input_type>
              <default_value>3</default_value>
              <values>3
2
1</values>
            </attribute>
          </attributes>
        </label>
        <label>
          <name>Whitefish</name>
          <color>#e5e3ee</color>
          <attributes>
            <attribute>
              <name>adipose clipped</name>
              <mutable>False</mutable>
              <input_type>select</input_type>
              <default_value>No</default_value>
              <values>No
Yes
NA</values>
            </attribute>
            <attribute>
              <name>confidence level</name>
              <mutable>False</mutable>
              <input_type>select</input_type>
              <default_value>3</default_value>
              <values>3
2
1</values>
            </attribute>
            <attribute>
              <name>injury</name>
              <mutable>False</mutable>
              <input_type>select</input_type>
              <default_value>No</default_value>
              <values>No
Yes
NA</values>
            </attribute>
            <attribute>
              <name>notes</name>
              <mutable>False</mutable>
              <input_type>text</input_type>
              <default_value>NA</default_value>
              <values>NA</values>
            </attribute>
            <attribute>
              <name>sex</name>
              <mutable>False</mutable>
              <input_type>select</input_type>
              <default_value>NA</default_value>
              <values>NA</values>
            </attribute>
            <attribute>
              <name>view</name>
              <mutable>False</mutable>
              <input_type>select</input_type>
              <default_value>Side</default_value>
              <values>Side
Top-down</values>
            </attribute>
          </attributes>
        </label>
        <label>
          <name>Pink</name>
          <color>#fa7dbb</color>
          <attributes>
            <attribute>
              <name>confidence level</name>
              <mutable>False</mutable>
              <input_type>select</input_type>
              <default_value>3</default_value>
              <values>3
2
1</values>
            </attribute>
            <attribute>
              <name>injury</name>
              <mutable>False</mutable>
              <input_type>select</input_type>
              <default_value>No</default_value>
              <values>No
Yes
NA</values>
            </attribute>
            <attribute>
              <name>notes</name>
              <mutable>False</mutable>
              <input_type>text</input_type>
              <default_value>NA</default_value>
              <values>NA</values>
            </attribute>
            <attribute>
              <name>sex</name>
              <mutable>False</mutable>
              <input_type>select</input_type>
              <default_value>Male</default_value>
              <values>Male
Female</values>
            </attribute>
            <attribute>
              <name>view</name>
              <mutable>False</mutable>
              <input_type>select</input_type>
              <default_value>Side</default_value>
              <values>Side
Top-down</values>
            </attribute>
            <attribute>
              <name>adipose clipped</name>
              <mutable>False</mutable>
              <input_type>select</input_type>
              <default_value>No</default_value>
              <values>No
Yes
NA</values>
            </attribute>
          </attributes>
        </label>
        <label>
          <name>Sockeye</name>
          <color>#fa3253</color>
          <attributes>
            <attribute>
              <name>sex</name>
              <mutable>False</mutable>
              <input_type>select</input_type>
              <default_value>Male</default_value>
              <values>Male
Female
Jack</values>
            </attribute>
            <attribute>
              <name>view</name>
              <mutable>False</mutable>
              <input_type>select</input_type>
              <default_value>Side</default_value>
              <values>Side
Top-down</values>
            </attribute>
            <attribute>
              <name>adipose clipped</name>
              <mutable>False</mutable>
              <input_type>select</input_type>
              <default_value>No</default_value>
              <values>No
Yes
NA</values>
            </attribute>
            <attribute>
              <name>confidence level</name>
              <mutable>False</mutable>
              <input_type>select</input_type>
              <default_value>3</default_value>
              <values>3
2
1</values>
            </attribute>
            <attribute>
              <name>injury</name>
              <mutable>False</mutable>
              <input_type>select</input_type>
              <default_value>No</default_value>
              <values>No
Yes
NA</values>
            </attribute>
            <attribute>
              <name>notes</name>
              <mutable>False</mutable>
              <input_type>text</input_type>
              <default_value>NA</default_value>
              <values>NA</values>
            </attribute>
          </attributes>
        </label>
        <label>
          <name>Steelhead</name>
          <color>#32b7fa</color>
          <attributes>
            <attribute>
              <name>confidence level</name>
              <mutable>False</mutable>
              <input_type>select</input_type>
              <default_value>3</default_value>
              <values>3
2
1</values>
            </attribute>
            <attribute>
              <name>injury</name>
              <mutable>False</mutable>
              <input_type>select</input_type>
              <default_value>No</default_value>
              <values>No
Yes
NA</values>
            </attribute>
            <attribute>
              <name>notes</name>
              <mutable>False</mutable>
              <input_type>text</input_type>
              <default_value>NA</default_value>
              <values>NA</values>
            </attribute>
            <attribute>
              <name>sex</name>
              <mutable>False</mutable>
              <input_type>select</input_type>
              <default_value>Male</default_value>
              <values>Male
Female</values>
            </attribute>
            <attribute>
              <name>view</name>
              <mutable>False</mutable>
              <input_type>select</input_type>
              <default_value>Side</default_value>
              <values>Side
Top-down</values>
            </attribute>
            <attribute>
              <name>adipose clipped</name>
              <mutable>False</mutable>
              <input_type>select</input_type>
              <default_value>No</default_value>
              <values>No
Yes
NA</values>
            </attribute>
          </attributes>
        </label>
        <label>
          <name>Rainbow</name>
          <color>#f1c6e3</color>
          <attributes>
            <attribute>
              <name>injury</name>
              <mutable>False</mutable>
              <input_type>select</input_type>
              <default_value>No</default_value>
              <values>No
Yes
NA</values>
            </attribute>
            <attribute>
              <name>notes</name>
              <mutable>False</mutable>
              <input_type>text</input_type>
              <default_value>NA</default_value>
              <values>NA</values>
            </attribute>
            <attribute>
              <name>view</name>
              <mutable>False</mutable>
              <input_type>select</input_type>
              <default_value>Side</default_value>
              <values>Side
Top-down</values>
            </attribute>
            <attribute>
              <name>sex</name>
              <mutable>False</mutable>
              <input_type>select</input_type>
              <default_value>NA</default_value>
              <values>NA
Juvenile</values>
            </attribute>
            <attribute>
              <name>adipose clipped</name>
              <mutable>False</mutable>
              <input_type>select</input_type>
              <default_value>No</default_value>
              <values>No
Yes
NA</values>
            </attribute>
            <attribute>
              <name>confidence level</name>
              <mutable>False</mutable>
              <input_type>select</input_type>
              <default_value>3</default_value>
              <values>3
2
1</values>
            </attribute>
          </attributes>
        </label>
        <label>
          <name>Chinook</name>
          <color>#2a7dd1</color>
          <attributes>
            <attribute>
              <name>adipose clipped</name>
              <mutable>False</mutable>
              <input_type>select</input_type>
              <default_value>No</default_value>
              <values>No
Yes
NA</values>
            </attribute>
            <attribute>
              <name>confidence level</name>
              <mutable>False</mutable>
              <input_type>select</input_type>
              <default_value>3</default_value>
              <values>3
2
1</values>
            </attribute>
            <attribute>
              <name>injury</name>
              <mutable>False</mutable>
              <input_type>select</input_type>
              <default_value>No</default_value>
              <values>No
Yes
NA</values>
            </attribute>
            <attribute>
              <name>notes</name>
              <mutable>False</mutable>
              <input_type>text</input_type>
              <default_value>NA</default_value>
              <values>NA</values>
            </attribute>
            <attribute>
              <name>sex</name>
              <mutable>False</mutable>
              <input_type>select</input_type>
              <default_value>Male</default_value>
              <values>Male
Female
Jack</values>
            </attribute>
            <attribute>
              <name>view</name>
              <mutable>False</mutable>
              <input_type>select</input_type>
              <default_value>Side</default_value>
              <values>Side
Top-down</values>
            </attribute>
          </attributes>
        </label>
        <label>
          <name>Pikeminnow</name>
          <color>#ecc49c</color>
          <attributes>
            <attribute>
              <name>confidence level</name>
              <mutable>False</mutable>
              <input_type>select</input_type>
              <default_value>3</default_value>
              <values>3
2
1</values>
            </attribute>
            <attribute>
              <name>notes</name>
              <mutable>False</mutable>
              <input_type>text</input_type>
              <default_value>NA</default_value>
              <values>NA</values>
            </attribute>
          </attributes>
        </label>
        <label>
          <name>Shiner</name>
          <color>#8c78f0</color>
          <attributes>
            <attribute>
              <name>confidence level</name>
              <mutable>False</mutable>
              <input_type>select</input_type>
              <default_value>3</default_value>
              <values>3
2
1</values>
            </attribute>
            <attribute>
              <name>notes</name>
              <mutable>False</mutable>
              <input_type>text</input_type>
              <default_value>NA</default_value>
              <values>NA</values>
            </attribute>
          </attributes>
        </label>
        <label>
          <name>Lampray</name>
          <color>#2e2930</color>
          <attributes>
            <attribute>
              <name>confidence level</name>
              <mutable>False</mutable>
              <input_type>select</input_type>
              <default_value>3</default_value>
              <values>3
2
1</values>
            </attribute>
            <attribute>
              <name>notes</name>
              <mutable>False</mutable>
              <input_type>text</input_type>
              <default_value>NA</default_value>
              <values>NA</values>
            </attribute>
          </attributes>
        </label>
        <label>
          <name>Cutthroat</name>
          <color>#cc9933</color>
          <attributes>
            <attribute>
              <name>adipose clipped</name>
              <mutable>False</mutable>
              <input_type>select</input_type>
              <default_value>No</default_value>
              <values>No
Yes
NA</values>
            </attribute>
            <attribute>
              <name>confidence level</name>
              <mutable>False</mutable>
              <input_type>select</input_type>
              <default_value>3</default_value>
              <values>3
2
1</values>
            </attribute>
            <attribute>
              <name>injury</name>
              <mutable>False</mutable>
              <input_type>select</input_type>
              <default_value>No</default_value>
              <values>No
Yes
NA</values>
            </attribute>
            <attribute>
              <name>notes</name>
              <mutable>False</mutable>
              <input_type>text</input_type>
              <default_value>NA</default_value>
              <values>NA</values>
            </attribute>
            <attribute>
              <name>sex</name>
              <mutable>False</mutable>
              <input_type>select</input_type>
              <default_value>NA</default_value>
              <values>NA
Juvenile</values>
            </attribute>
            <attribute>
              <name>view</name>
              <mutable>False</mutable>
              <input_type>select</input_type>
              <default_value>Side</default_value>
              <values>Side
Top-down</values>
            </attribute>
          </attributes>
        </label>
      </labels>
      <original_size>
        <width>1920</width>
        <height>1080</height>
      </original_size>
    </task>
    <dumped>2022-01-11 19:39:11.020127+00:00</dumped>
    <source>09-19-2020 00-19-01 M Salmon Camera.m4v</source>
  </meta>
  <track id="0" label="Sockeye" source="manual">
    <box frame="72" outside="0" occluded="1" keyframe="1" xtl="0.00" ytl="650.26" xbr="103.48" ybr="924.07" z_order="0">
      <attribute name="adipose clipped">No</attribute>
      <attribute name="confidence level">3</attribute>
      <attribute name="injury">No</attribute>
      <attribute name="notes">NA</attribute>
      <attribute name="sex">Female</attribute>
      <attribute name="view">Side</attribute>
    </box>
    <box frame="73" outside="0" occluded="1" keyframe="0" xtl="0.00" ytl="628.22" xbr="182.45" ybr="928.24" z_order="0">
      <attribute name="adipose clipped">No</attribute>
      <attribute name="confidence level">3</attribute>
      <attribute name="injury">No</attribute>
      <attribute name="notes">NA</attribute>
      <attribute name="sex">Female</attribute>
      <attribute name="view">Side</attribute>
    </box>
    <box frame="74" outside="0" occluded="1" keyframe="0" xtl="0.00" ytl="606.19" xbr="261.42" ybr="932.42" z_order="0">
      <attribute name="adipose clipped">No</attribute>
      <attribute name="confidence level">3</attribute>
      <attribute name="injury">No</attribute>
      <attribute name="notes">NA</attribute>
      <attribute name="sex">Female</attribute>
      <attribute name="view">Side</attribute>
    </box>
    <box frame="75" outside="0" occluded="1" keyframe="0" xtl="0.00" ytl="584.15" xbr="340.39" ybr="936.59" z_order="0">
      <attribute name="adipose clipped">No</attribute>
      <attribute name="confidence level">3</attribute>
      <attribute name="injury">No</attribute>
      <attribute name="notes">NA</attribute>
      <attribute name="sex">Female</attribute>
      <attribute name="view">Side</attribute>
    </box>
    <box frame="76" outside="0" occluded="1" keyframe="0" xtl="0.00" ytl="562.12" xbr="419.37" ybr="940.77" z_order="0">
      <attribute name="adipose clipped">No</attribute>
      <attribute name="confidence level">3</attribute>
      <attribute name="injury">No</attribute>
      <attribute name="notes">NA</attribute>
      <attribute name="sex">Female</attribute>
      <attribute name="view">Side</attribute>
    </box>
    <box frame="77" outside="0" occluded="1" keyframe="0" xtl="0.00" ytl="540.08" xbr="498.34" ybr="944.94" z_order="0">
      <attribute name="adipose clipped">No</attribute>
      <attribute name="confidence level">3</attribute>
      <attribute name="injury">No</attribute>
      <attribute name="notes">NA</attribute>
      <attribute name="sex">Female</attribute>
      <attribute name="view">Side</attribute>
    </box>
    <box frame="78" outside="0" occluded="1" keyframe="0" xtl="0.00" ytl="518.04" xbr="577.31" ybr="949.11" z_order="0">
      <attribute name="adipose clipped">No</attribute>
      <attribute name="confidence level">3</attribute>
      <attribute name="injury">No</attribute>
      <attribute name="notes">NA</attribute>
      <attribute name="sex">Female</attribute>
      <attribute name="view">Side</attribute>
    </box>
    <box frame="79" outside="0" occluded="1" keyframe="0" xtl="0.00" ytl="496.01" xbr="656.28" ybr="953.29" z_order="0">
      <attribute name="adipose clipped">No</attribute>
      <attribute name="confidence level">3</attribute>
      <attribute name="injury">No</attribute>
      <attribute name="notes">NA</attribute>
      <attribute name="sex">Female</attribute>
      <attribute name="view">Side</attribute>
    </box>
    <box frame="80" outside="0" occluded="1" keyframe="0" xtl="0.00" ytl="473.97" xbr="735.26" ybr="957.46" z_order="0">
      <attribute name="adipose clipped">No</attribute>
      <attribute name="confidence level">3</attribute>
      <attribute name="injury">No</attribute>
      <attribute name="notes">NA</attribute>
      <attribute name="sex">Female</attribute>
      <attribute name="view">Side</attribute>
    </box>
    <box frame="81" outside="0" occluded="1" keyframe="0" xtl="0.00" ytl="451.94" xbr="814.23" ybr="961.64" z_order="0">
      <attribute name="adipose clipped">No</attribute>
      <attribute name="confidence level">3</attribute>
      <attribute name="injury">No</attribute>
      <attribute name="notes">NA</attribute>
      <attribute name="sex">Female</attribute>
      <attribute name="view">Side</attribute>
    </box>
    <box frame="82" outside="0" occluded="0" keyframe="1" xtl="0.00" ytl="429.90" xbr="893.20" ybr="965.81" z_order="0">
      <attribute name="adipose clipped">No</attribute>
      <attribute name="confidence level">3</attribute>
      <attribute name="injury">No</attribute>
      <attribute name="notes">NA</attribute>
      <attribute name="sex">Female</attribute>
      <attribute name="view">Side</attribute>
    </box>
    <box frame="83" outside="0" occluded="0" keyframe="0" xtl="0.00" ytl="424.56" xbr="990.87" ybr="963.14" z_order="0">
      <attribute name="adipose clipped">No</attribute>
      <attribute name="confidence level">3</attribute>
      <attribute name="injury">No</attribute>
      <attribute name="notes">NA</attribute>
      <attribute name="sex">Female</attribute>
      <attribute name="view">Side</attribute>
    </box>
    <box frame="84" outside="0" occluded="0" keyframe="0" xtl="0.00" ytl="419.22" xbr="1088.54" ybr="960.47" z_order="0">
      <attribute name="adipose clipped">No</attribute>
      <attribute name="confidence level">3</attribute>
      <attribute name="injury">No</attribute>
      <attribute name="notes">NA</attribute>
      <attribute name="sex">Female</attribute>
      <attribute name="view">Side</attribute>
    </box>
    <box frame="85" outside="0" occluded="0" keyframe="0" xtl="0.00" ytl="413.88" xbr="1186.21" ybr="957.80" z_order="0">
      <attribute name="adipose clipped">No</attribute>
      <attribute name="confidence level">3</attribute>
      <attribute name="injury">No</attribute>
      <attribute name="notes">NA</attribute>
      <attribute name="sex">Female</attribute>
      <attribute name="view">Side</attribute>
    </box>
    <box frame="86" outside="0" occluded="0" keyframe="0" xtl="0.00" ytl="408.54" xbr="1283.88" ybr="955.12" z_order="0">
      <attribute name="adipose clipped">No</attribute>
      <attribute name="confidence level">3</attribute>
      <attribute name="injury">No</attribute>
      <attribute name="notes">NA</attribute>
      <attribute name="sex">Female</attribute>
      <attribute name="view">Side</attribute>
    </box>
    <box frame="87" outside="0" occluded="0" keyframe="0" xtl="0.00" ytl="403.20" xbr="1381.55" ybr="952.45" z_order="0">
      <attribute name="adipose clipped">No</attribute>
      <attribute name="confidence level">3</attribute>
      <attribute name="injury">No</attribute>
      <attribute name="notes">NA</attribute>
      <attribute name="sex">Female</attribute>
      <attribute name="view">Side</attribute>
    </box>
    <box frame="88" outside="0" occluded="0" keyframe="0" xtl="0.00" ytl="397.86" xbr="1479.22" ybr="949.78" z_order="0">
      <attribute name="adipose clipped">No</attribute>
      <attribute name="confidence level">3</attribute>
      <attribute name="injury">No</attribute>
      <attribute name="notes">NA</attribute>
      <attribute name="sex">Female</attribute>
      <attribute name="view">Side</attribute>
    </box>
    <box frame="89" outside="0" occluded="0" keyframe="0" xtl="0.00" ytl="392.52" xbr="1576.89" ybr="947.11" z_order="0">
      <attribute name="adipose clipped">No</attribute>
      <attribute name="confidence level">3</attribute>
      <attribute name="injury">No</attribute>
      <attribute name="notes">NA</attribute>
      <attribute name="sex">Female</attribute>
      <attribute name="view">Side</attribute>
    </box>
    <box frame="90" outside="0" occluded="0" keyframe="0" xtl="0.00" ytl="387.18" xbr="1674.56" ybr="944.44" z_order="0">
      <attribute name="adipose clipped">No</attribute>
      <attribute name="confidence level">3</attribute>
      <attribute name="injury">No</attribute>
      <attribute name="notes">NA</attribute>
      <attribute name="sex">Female</attribute>
      <attribute name="view">Side</attribute>
    </box>
    <box frame="91" outside="0" occluded="0" keyframe="0" xtl="0.00" ytl="381.84" xbr="1772.23" ybr="941.77" z_order="0">
      <attribute name="adipose clipped">No</attribute>
      <attribute name="confidence level">3</attribute>
      <attribute name="injury">No</attribute>
      <attribute name="notes">NA</attribute>
      <attribute name="sex">Female</attribute>
      <attribute name="view">Side</attribute>
    </box>
    <box frame="92" outside="0" occluded="0" keyframe="1" xtl="0.00" ytl="376.50" xbr="1869.90" ybr="939.10" z_order="0">
      <attribute name="adipose clipped">No</attribute>
      <attribute name="confidence level">3</attribute>
      <attribute name="injury">No</attribute>
      <attribute name="notes">NA</attribute>
      <attribute name="sex">Female</attribute>
      <attribute name="view">Side</attribute>
    </box>
    <box frame="93" outside="0" occluded="0" keyframe="1" xtl="21.90" ytl="363.30" xbr="1920.00" ybr="939.26" z_order="0">
      <attribute name="adipose clipped">No</attribute>
      <attribute name="confidence level">3</attribute>
      <attribute name="injury">No</attribute>
      <attribute name="notes">NA</attribute>
      <attribute name="sex">Female</attribute>
      <attribute name="view">Side</attribute>
    </box>
    <box frame="94" outside="0" occluded="0" keyframe="0" xtl="108.33" ytl="343.80" xbr="1920.00" ybr="939.43" z_order="0">
      <attribute name="adipose clipped">No</attribute>
      <attribute name="confidence level">3</attribute>
      <attribute name="injury">No</attribute>
      <attribute name="notes">NA</attribute>
      <attribute name="sex">Female</attribute>
      <attribute name="view">Side</attribute>
    </box>
    <box frame="95" outside="0" occluded="0" keyframe="0" xtl="194.77" ytl="324.30" xbr="1920.00" ybr="939.60" z_order="0">
      <attribute name="adipose clipped">No</attribute>
      <attribute name="confidence level">3</attribute>
      <attribute name="injury">No</attribute>
      <attribute name="notes">NA</attribute>
      <attribute name="sex">Female</attribute>
      <attribute name="view">Side</attribute>
    </box>
    <box frame="96" outside="0" occluded="0" keyframe="1" xtl="281.20" ytl="304.80" xbr="1920.00" ybr="939.76" z_order="0">
      <attribute name="adipose clipped">No</attribute>
      <attribute name="confidence level">3</attribute>
      <attribute name="injury">No</attribute>
      <attribute name="notes">NA</attribute>
      <attribute name="sex">Female</attribute>
      <attribute name="view">Side</attribute>
    </box>
    <box frame="97" outside="0" occluded="0" keyframe="0" xtl="396.00" ytl="317.03" xbr="1920.00" ybr="939.93" z_order="0">
      <attribute name="adipose clipped">No</attribute>
      <attribute name="confidence level">3</attribute>
      <attribute name="injury">No</attribute>
      <attribute name="notes">NA</attribute>
      <attribute name="sex">Female</attribute>
      <attribute name="view">Side</attribute>
    </box>
    <box frame="98" outside="0" occluded="0" keyframe="0" xtl="510.81" ytl="329.26" xbr="1920.00" ybr="940.10" z_order="0">
      <attribute name="adipose clipped">No</attribute>
      <attribute name="confidence level">3</attribute>
      <attribute name="injury">No</attribute>
      <attribute name="notes">NA</attribute>
      <attribute name="sex">Female</attribute>
      <attribute name="view">Side</attribute>
    </box>
    <box frame="99" outside="0" occluded="0" keyframe="0" xtl="625.61" ytl="341.48" xbr="1920.00" ybr="940.26" z_order="0">
      <attribute name="adipose clipped">No</attribute>
      <attribute name="confidence level">3</attribute>
      <attribute name="injury">No</attribute>
      <attribute name="notes">NA</attribute>
      <attribute name="sex">Female</attribute>
      <attribute name="view">Side</attribute>
    </box>
    <box frame="100" outside="0" occluded="0" keyframe="0" xtl="740.41" ytl="353.71" xbr="1920.00" ybr="940.43" z_order="0">
      <attribute name="adipose clipped">No</attribute>
      <attribute name="confidence level">3</attribute>
      <attribute name="injury">No</attribute>
      <attribute name="notes">NA</attribute>
      <attribute name="sex">Female</attribute>
      <attribute name="view">Side</attribute>
    </box>
    <box frame="101" outside="0" occluded="0" keyframe="0" xtl="855.21" ytl="365.94" xbr="1920.00" ybr="940.60" z_order="0">
      <attribute name="adipose clipped">No</attribute>
      <attribute name="confidence level">3</attribute>
      <attribute name="injury">No</attribute>
      <attribute name="notes">NA</attribute>
      <attribute name="sex">Female</attribute>
      <attribute name="view">Side</attribute>
    </box>
    <box frame="102" outside="0" occluded="0" keyframe="1" xtl="970.02" ytl="378.17" xbr="1920.00" ybr="940.77" z_order="0">
      <attribute name="adipose clipped">No</attribute>
      <attribute name="confidence level">3</attribute>
      <attribute name="injury">No</attribute>
      <attribute name="notes">NA</attribute>
      <attribute name="sex">Female</attribute>
      <attribute name="view">Side</attribute>
    </box>
    <box frame="103" outside="0" occluded="0" keyframe="0" xtl="1020.77" ytl="377.83" xbr="1920.00" ybr="929.91" z_order="0">
      <attribute name="adipose clipped">No</attribute>
      <attribute name="confidence level">3</attribute>
      <attribute name="injury">No</attribute>
      <attribute name="notes">NA</attribute>
      <attribute name="sex">Female</attribute>
      <attribute name="view">Side</attribute>
    </box>
    <box frame="104" outside="0" occluded="0" keyframe="0" xtl="1071.53" ytl="377.50" xbr="1920.00" ybr="919.06" z_order="0">
      <attribute name="adipose clipped">No</attribute>
      <attribute name="confidence level">3</attribute>
      <attribute name="injury">No</attribute>
      <attribute name="notes">NA</attribute>
      <attribute name="sex">Female</attribute>
      <attribute name="view">Side</attribute>
    </box>
    <box frame="105" outside="0" occluded="0" keyframe="0" xtl="1122.28" ytl="377.16" xbr="1920.00" ybr="908.21" z_order="0">
      <attribute name="adipose clipped">No</attribute>
      <attribute name="confidence level">3</attribute>
      <attribute name="injury">No</attribute>
      <attribute name="notes">NA</attribute>
      <attribute name="sex">Female</attribute>
      <attribute name="view">Side</attribute>
    </box>
    <box frame="106" outside="0" occluded="0" keyframe="0" xtl="1173.04" ytl="376.82" xbr="1920.00" ybr="897.36" z_order="0">
      <attribute name="adipose clipped">No</attribute>
      <attribute name="confidence level">3</attribute>
      <attribute name="injury">No</attribute>
      <attribute name="notes">NA</attribute>
      <attribute name="sex">Female</attribute>
      <attribute name="view">Side</attribute>
    </box>
    <box frame="107" outside="0" occluded="0" keyframe="0" xtl="1223.79" ytl="376.48" xbr="1920.00" ybr="886.50" z_order="0">
      <attribute name="adipose clipped">No</attribute>
      <attribute name="confidence level">3</attribute>
      <attribute name="injury">No</attribute>
      <attribute name="notes">NA</attribute>
      <attribute name="sex">Female</attribute>
      <attribute name="view">Side</attribute>
    </box>
    <box frame="108" outside="0" occluded="0" keyframe="0" xtl="1274.55" ytl="376.15" xbr="1920.00" ybr="875.65" z_order="0">
      <attribute name="adipose clipped">No</attribute>
      <attribute name="confidence level">3</attribute>
      <attribute name="injury">No</attribute>
      <attribute name="notes">NA</attribute>
      <attribute name="sex">Female</attribute>
      <attribute name="view">Side</attribute>
    </box>
    <box frame="109" outside="0" occluded="0" keyframe="0" xtl="1325.30" ytl="375.81" xbr="1920.00" ybr="864.80" z_order="0">
      <attribute name="adipose clipped">No</attribute>
      <attribute name="confidence level">3</attribute>
      <attribute name="injury">No</attribute>
      <attribute name="notes">NA</attribute>
      <attribute name="sex">Female</attribute>
      <attribute name="view">Side</attribute>
    </box>
    <box frame="110" outside="0" occluded="0" keyframe="0" xtl="1376.06" ytl="375.47" xbr="1920.00" ybr="853.95" z_order="0">
      <attribute name="adipose clipped">No</attribute>
      <attribute name="confidence level">3</attribute>
      <attribute name="injury">No</attribute>
      <attribute name="notes">NA</attribute>
      <attribute name="sex">Female</attribute>
      <attribute name="view">Side</attribute>
    </box>
    <box frame="111" outside="0" occluded="0" keyframe="0" xtl="1426.81" ytl="375.14" xbr="1920.00" ybr="843.10" z_order="0">
      <attribute name="adipose clipped">No</attribute>
      <attribute name="confidence level">3</attribute>
      <attribute name="injury">No</attribute>
      <attribute name="notes">NA</attribute>
      <attribute name="sex">Female</attribute>
      <attribute name="view">Side</attribute>
    </box>
    <box frame="112" outside="0" occluded="0" keyframe="1" xtl="1477.57" ytl="374.80" xbr="1920.00" ybr="832.24" z_order="0">
      <attribute name="adipose clipped">No</attribute>
      <attribute name="confidence level">3</attribute>
      <attribute name="injury">No</attribute>
      <attribute name="notes">NA</attribute>
      <attribute name="sex">Female</attribute>
      <attribute name="view">Side</attribute>
    </box>
    <box frame="113" outside="0" occluded="0" keyframe="0" xtl="1510.54" ytl="378.35" xbr="1920.00" ybr="828.70" z_order="0">
      <attribute name="adipose clipped">No</attribute>
      <attribute name="confidence level">3</attribute>
      <attribute name="injury">No</attribute>
      <attribute name="notes">NA</attribute>
      <attribute name="sex">Female</attribute>
      <attribute name="view">Side</attribute>
    </box>
    <box frame="114" outside="0" occluded="0" keyframe="0" xtl="1543.51" ytl="381.90" xbr="1920.00" ybr="825.15" z_order="0">
      <attribute name="adipose clipped">No</attribute>
      <attribute name="confidence level">3</attribute>
      <attribute name="injury">No</attribute>
      <attribute name="notes">NA</attribute>
      <attribute name="sex">Female</attribute>
      <attribute name="view">Side</attribute>
    </box>
    <box frame="115" outside="0" occluded="0" keyframe="0" xtl="1576.49" ytl="385.45" xbr="1920.00" ybr="821.60" z_order="0">
      <attribute name="adipose clipped">No</attribute>
      <attribute name="confidence level">3</attribute>
      <attribute name="injury">No</attribute>
      <attribute name="notes">NA</attribute>
      <attribute name="sex">Female</attribute>
      <attribute name="view">Side</attribute>
    </box>
    <box frame="116" outside="0" occluded="0" keyframe="0" xtl="1609.46" ytl="389.00" xbr="1920.00" ybr="818.05" z_order="0">
      <attribute name="adipose clipped">No</attribute>
      <attribute name="confidence level">3</attribute>
      <attribute name="injury">No</attribute>
      <attribute name="notes">NA</attribute>
      <attribute name="sex">Female</attribute>
      <attribute name="view">Side</attribute>
    </box>
    <box frame="117" outside="0" occluded="0" keyframe="0" xtl="1642.44" ytl="392.55" xbr="1920.00" ybr="814.50" z_order="0">
      <attribute name="adipose clipped">No</attribute>
      <attribute name="confidence level">3</attribute>
      <attribute name="injury">No</attribute>
      <attribute name="notes">NA</attribute>
      <attribute name="sex">Female</attribute>
      <attribute name="view">Side</attribute>
    </box>
    <box frame="118" outside="0" occluded="0" keyframe="0" xtl="1675.41" ytl="396.10" xbr="1920.00" ybr="810.96" z_order="0">
      <attribute name="adipose clipped">No</attribute>
      <attribute name="confidence level">3</attribute>
      <attribute name="injury">No</attribute>
      <attribute name="notes">NA</attribute>
      <attribute name="sex">Female</attribute>
      <attribute name="view">Side</attribute>
    </box>
    <box frame="119" outside="0" occluded="0" keyframe="0" xtl="1708.38" ytl="399.65" xbr="1920.00" ybr="807.41" z_order="0">
      <attribute name="adipose clipped">No</attribute>
      <attribute name="confidence level">3</attribute>
      <attribute name="injury">No</attribute>
      <attribute name="notes">NA</attribute>
      <attribute name="sex">Female</attribute>
      <attribute name="view">Side</attribute>
    </box>
    <box frame="120" outside="0" occluded="0" keyframe="1" xtl="1741.36" ytl="403.20" xbr="1920.00" ybr="803.86" z_order="0">
      <attribute name="adipose clipped">No</attribute>
      <attribute name="confidence level">3</attribute>
      <attribute name="injury">No</attribute>
      <attribute name="notes">NA</attribute>
      <attribute name="sex">Female</attribute>
      <attribute name="view">Side</attribute>
    </box>
    <box frame="121" outside="0" occluded="0" keyframe="0" xtl="1741.36" ytl="403.20" xbr="1920.00" ybr="803.86" z_order="0">
      <attribute name="adipose clipped">No</attribute>
      <attribute name="confidence level">3</attribute>
      <attribute name="injury">No</attribute>
      <attribute name="notes">NA</attribute>
      <attribute name="sex">Female</attribute>
      <attribute name="view">Side</attribute>
    </box>
    <box frame="122" outside="1" occluded="0" keyframe="1" xtl="1741.36" ytl="403.20" xbr="1920.00" ybr="803.86" z_order="0">
      <attribute name="adipose clipped">No</attribute>
      <attribute name="confidence level">3</attribute>
      <attribute name="injury">No</attribute>
      <attribute name="notes">NA</attribute>
      <attribute name="sex">Female</attribute>
      <attribute name="view">Side</attribute>
    </box>
    <box frame="313" outside="0" occluded="1" keyframe="1" xtl="1814.78" ytl="428.21" xbr="1920.00" ybr="720.38" z_order="0">
      <attribute name="adipose clipped">No</attribute>
      <attribute name="confidence level">3</attribute>
      <attribute name="injury">No</attribute>
      <attribute name="notes">NA</attribute>
      <attribute name="sex">Female</attribute>
      <attribute name="view">Side</attribute>
    </box>
    <box frame="314" outside="0" occluded="1" keyframe="0" xtl="1780.55" ytl="416.52" xbr="1920.00" ybr="729.90" z_order="0">
      <attribute name="adipose clipped">No</attribute>
      <attribute name="confidence level">3</attribute>
      <attribute name="injury">No</attribute>
      <attribute name="notes">NA</attribute>
      <attribute name="sex">Female</attribute>
      <attribute name="view">Side</attribute>
    </box>
    <box frame="315" outside="0" occluded="1" keyframe="0" xtl="1746.32" ytl="404.83" xbr="1920.00" ybr="739.42" z_order="0">
      <attribute name="adipose clipped">No</attribute>
      <attribute name="confidence level">3</attribute>
      <attribute name="injury">No</attribute>
      <attribute name="notes">NA</attribute>
      <attribute name="sex">Female</attribute>
      <attribute name="view">Side</attribute>
    </box>
    <box frame="316" outside="0" occluded="1" keyframe="0" xtl="1712.09" ytl="393.14" xbr="1920.00" ybr="748.95" z_order="0">
      <attribute name="adipose clipped">No</attribute>
      <attribute name="confidence level">3</attribute>
      <attribute name="injury">No</attribute>
      <attribute name="notes">NA</attribute>
      <attribute name="sex">Female</attribute>
      <attribute name="view">Side</attribute>
    </box>
    <box frame="317" outside="0" occluded="1" keyframe="0" xtl="1677.86" ytl="381.45" xbr="1920.00" ybr="758.47" z_order="0">
      <attribute name="adipose clipped">No</attribute>
      <attribute name="confidence level">3</attribute>
      <attribute name="injury">No</attribute>
      <attribute name="notes">NA</attribute>
      <attribute name="sex">Female</attribute>
      <attribute name="view">Side</attribute>
    </box>
    <box frame="318" outside="0" occluded="1" keyframe="0" xtl="1643.63" ytl="369.75" xbr="1920.00" ybr="767.99" z_order="0">
      <attribute name="adipose clipped">No</attribute>
      <attribute name="confidence level">3</attribute>
      <attribute name="injury">No</attribute>
      <attribute name="notes">NA</attribute>
      <attribute name="sex">Female</attribute>
      <attribute name="view">Side</attribute>
    </box>
    <box frame="319" outside="0" occluded="1" keyframe="0" xtl="1609.41" ytl="358.06" xbr="1920.00" ybr="777.51" z_order="0">
      <attribute name="adipose clipped">No</attribute>
      <attribute name="confidence level">3</attribute>
      <attribute name="injury">No</attribute>
      <attribute name="notes">NA</attribute>
      <attribute name="sex">Female</attribute>
      <attribute name="view">Side</attribute>
    </box>
    <box frame="320" outside="0" occluded="1" keyframe="0" xtl="1575.18" ytl="346.37" xbr="1920.00" ybr="787.03" z_order="0">
      <attribute name="adipose clipped">No</attribute>
      <attribute name="confidence level">3</attribute>
      <attribute name="injury">No</attribute>
      <attribute name="notes">NA</attribute>
      <attribute name="sex">Female</attribute>
      <attribute name="view">Side</attribute>
    </box>
    <box frame="321" outside="0" occluded="1" keyframe="0" xtl="1540.95" ytl="334.68" xbr="1920.00" ybr="796.55" z_order="0">
      <attribute name="adipose clipped">No</attribute>
      <attribute name="confidence level">3</attribute>
      <attribute name="injury">No</attribute>
      <attribute name="notes">NA</attribute>
      <attribute name="sex">Female</attribute>
      <attribute name="view">Side</attribute>
    </box>
    <box frame="322" outside="0" occluded="1" keyframe="0" xtl="1506.72" ytl="322.99" xbr="1920.00" ybr="806.07" z_order="0">
      <attribute name="adipose clipped">No</attribute>
      <attribute name="confidence level">3</attribute>
      <attribute name="injury">No</attribute>
      <attribute name="notes">NA</attribute>
      <attribute name="sex">Female</attribute>
      <attribute name="view">Side</attribute>
    </box>
    <box frame="323" outside="0" occluded="1" keyframe="1" xtl="1472.49" ytl="311.30" xbr="1920.00" ybr="815.59" z_order="0">
      <attribute name="adipose clipped">No</attribute>
      <attribute name="confidence level">3</attribute>
      <attribute name="injury">No</attribute>
      <attribute name="notes">NA</attribute>
      <attribute name="sex">Female</attribute>
      <attribute name="view">Side</attribute>
    </box>
    <box frame="324" outside="0" occluded="1" keyframe="0" xtl="1461.13" ytl="314.97" xbr="1920.00" ybr="819.26" z_order="0">
      <attribute name="adipose clipped">No</attribute>
      <attribute name="confidence level">3</attribute>
      <attribute name="injury">No</attribute>
      <attribute name="notes">NA</attribute>
      <attribute name="sex">Female</attribute>
      <attribute name="view">Side</attribute>
    </box>
    <box frame="325" outside="0" occluded="1" keyframe="0" xtl="1449.78" ytl="318.65" xbr="1920.00" ybr="822.94" z_order="0">
      <attribute name="adipose clipped">No</attribute>
      <attribute name="confidence level">3</attribute>
      <attribute name="injury">No</attribute>
      <attribute name="notes">NA</attribute>
      <attribute name="sex">Female</attribute>
      <attribute name="view">Side</attribute>
    </box>
    <box frame="326" outside="0" occluded="1" keyframe="0" xtl="1438.42" ytl="322.32" xbr="1920.00" ybr="826.61" z_order="0">
      <attribute name="adipose clipped">No</attribute>
      <attribute name="confidence level">3</attribute>
      <attribute name="injury">No</attribute>
      <attribute name="notes">NA</attribute>
      <attribute name="sex">Female</attribute>
      <attribute name="view">Side</attribute>
    </box>
    <box frame="327" outside="0" occluded="1" keyframe="0" xtl="1427.07" ytl="325.99" xbr="1920.00" ybr="830.28" z_order="0">
      <attribute name="adipose clipped">No</attribute>
      <attribute name="confidence level">3</attribute>
      <attribute name="injury">No</attribute>
      <attribute name="notes">NA</attribute>
      <attribute name="sex">Female</attribute>
      <attribute name="view">Side</attribute>
    </box>
    <box frame="328" outside="0" occluded="1" keyframe="0" xtl="1415.72" ytl="329.67" xbr="1920.00" ybr="833.96" z_order="0">
      <attribute name="adipose clipped">No</attribute>
      <attribute name="confidence level">3</attribute>
      <attribute name="injury">No</attribute>
      <attribute name="notes">NA</attribute>
      <attribute name="sex">Female</attribute>
      <attribute name="view">Side</attribute>
    </box>
    <box frame="329" outside="0" occluded="1" keyframe="0" xtl="1404.36" ytl="333.34" xbr="1920.00" ybr="837.63" z_order="0">
      <attribute name="adipose clipped">No</attribute>
      <attribute name="confidence level">3</attribute>
      <attribute name="injury">No</attribute>
      <attribute name="notes">NA</attribute>
      <attribute name="sex">Female</attribute>
      <attribute name="view">Side</attribute>
    </box>
    <box frame="330" outside="0" occluded="1" keyframe="0" xtl="1393.01" ytl="337.01" xbr="1920.00" ybr="841.30" z_order="0">
      <attribute name="adipose clipped">No</attribute>
      <attribute name="confidence level">3</attribute>
      <attribute name="injury">No</attribute>
      <attribute name="notes">NA</attribute>
      <attribute name="sex">Female</attribute>
      <attribute name="view">Side</attribute>
    </box>
    <box frame="331" outside="0" occluded="1" keyframe="0" xtl="1381.65" ytl="340.68" xbr="1920.00" ybr="844.98" z_order="0">
      <attribute name="adipose clipped">No</attribute>
      <attribute name="confidence level">3</attribute>
      <attribute name="injury">No</attribute>
      <attribute name="notes">NA</attribute>
      <attribute name="sex">Female</attribute>
      <attribute name="view">Side</attribute>
    </box>
    <box frame="332" outside="0" occluded="1" keyframe="0" xtl="1370.30" ytl="344.36" xbr="1920.00" ybr="848.65" z_order="0">
      <attribute name="adipose clipped">No</attribute>
      <attribute name="confidence level">3</attribute>
      <attribute name="injury">No</attribute>
      <attribute name="notes">NA</attribute>
      <attribute name="sex">Female</attribute>
      <attribute name="view">Side</attribute>
    </box>
    <box frame="333" outside="0" occluded="1" keyframe="0" xtl="1358.94" ytl="348.03" xbr="1920.00" ybr="852.32" z_order="0">
      <attribute name="adipose clipped">No</attribute>
      <attribute name="confidence level">3</attribute>
      <attribute name="injury">No</attribute>
      <attribute name="notes">NA</attribute>
      <attribute name="sex">Female</attribute>
      <attribute name="view">Side</attribute>
    </box>
    <box frame="334" outside="0" occluded="1" keyframe="0" xtl="1347.59" ytl="351.70" xbr="1920.00" ybr="856.00" z_order="0">
      <attribute name="adipose clipped">No</attribute>
      <attribute name="confidence level">3</attribute>
      <attribute name="injury">No</attribute>
      <attribute name="notes">NA</attribute>
      <attribute name="sex">Female</attribute>
      <attribute name="view">Side</attribute>
    </box>
    <box frame="335" outside="0" occluded="1" keyframe="0" xtl="1336.23" ytl="355.38" xbr="1920.00" ybr="859.67" z_order="0">
      <attribute name="adipose clipped">No</attribute>
      <attribute name="confidence level">3</attribute>
      <attribute name="injury">No</attribute>
      <attribute name="notes">NA</attribute>
      <attribute name="sex">Female</attribute>
      <attribute name="view">Side</attribute>
    </box>
    <box frame="336" outside="0" occluded="1" keyframe="0" xtl="1324.88" ytl="359.05" xbr="1920.00" ybr="863.34" z_order="0">
      <attribute name="adipose clipped">No</attribute>
      <attribute name="confidence level">3</attribute>
      <attribute name="injury">No</attribute>
      <attribute name="notes">NA</attribute>
      <attribute name="sex">Female</attribute>
      <attribute name="view">Side</attribute>
    </box>
    <box frame="337" outside="0" occluded="1" keyframe="0" xtl="1313.53" ytl="362.72" xbr="1920.00" ybr="867.01" z_order="0">
      <attribute name="adipose clipped">No</attribute>
      <attribute name="confidence level">3</attribute>
      <attribute name="injury">No</attribute>
      <attribute name="notes">NA</attribute>
      <attribute name="sex">Female</attribute>
      <attribute name="view">Side</attribute>
    </box>
    <box frame="338" outside="0" occluded="1" keyframe="0" xtl="1302.17" ytl="366.40" xbr="1920.00" ybr="870.69" z_order="0">
      <attribute name="adipose clipped">No</attribute>
      <attribute name="confidence level">3</attribute>
      <attribute name="injury">No</attribute>
      <attribute name="notes">NA</attribute>
      <attribute name="sex">Female</attribute>
      <attribute name="view">Side</attribute>
    </box>
    <box frame="339" outside="0" occluded="1" keyframe="0" xtl="1290.82" ytl="370.07" xbr="1920.00" ybr="874.36" z_order="0">
      <attribute name="adipose clipped">No</attribute>
      <attribute name="confidence level">3</attribute>
      <attribute name="injury">No</attribute>
      <attribute name="notes">NA</attribute>
      <attribute name="sex">Female</attribute>
      <attribute name="view">Side</attribute>
    </box>
    <box frame="340" outside="0" occluded="1" keyframe="0" xtl="1279.46" ytl="373.74" xbr="1920.00" ybr="878.03" z_order="0">
      <attribute name="adipose clipped">No</attribute>
      <attribute name="confidence level">3</attribute>
      <attribute name="injury">No</attribute>
      <attribute name="notes">NA</attribute>
      <attribute name="sex">Female</attribute>
      <attribute name="view">Side</attribute>
    </box>
    <box frame="341" outside="0" occluded="1" keyframe="0" xtl="1268.11" ytl="377.41" xbr="1920.00" ybr="881.71" z_order="0">
      <attribute name="adipose clipped">No</attribute>
      <attribute name="confidence level">3</attribute>
      <attribute name="injury">No</attribute>
      <attribute name="notes">NA</attribute>
      <attribute name="sex">Female</attribute>
      <attribute name="view">Side</attribute>
    </box>
    <box frame="342" outside="0" occluded="1" keyframe="0" xtl="1256.75" ytl="381.09" xbr="1920.00" ybr="885.38" z_order="0">
      <attribute name="adipose clipped">No</attribute>
      <attribute name="confidence level">3</attribute>
      <attribute name="injury">No</attribute>
      <attribute name="notes">NA</attribute>
      <attribute name="sex">Female</attribute>
      <attribute name="view">Side</attribute>
    </box>
    <box frame="343" outside="0" occluded="1" keyframe="1" xtl="1245.40" ytl="384.76" xbr="1920.00" ybr="889.05" z_order="0">
      <attribute name="adipose clipped">No</attribute>
      <attribute name="confidence level">3</attribute>
      <attribute name="injury">No</attribute>
      <attribute name="notes">NA</attribute>
      <attribute name="sex">Female</attribute>
      <attribute name="view">Side</attribute>
    </box>
    <box frame="344" outside="0" occluded="1" keyframe="0" xtl="1242.23" ytl="384.76" xbr="1920.00" ybr="889.05" z_order="0">
      <attribute name="adipose clipped">No</attribute>
      <attribute name="confidence level">3</attribute>
      <attribute name="injury">No</attribute>
      <attribute name="notes">NA</attribute>
      <attribute name="sex">Female</attribute>
      <attribute name="view">Side</attribute>
    </box>
    <box frame="345" outside="0" occluded="1" keyframe="0" xtl="1239.06" ytl="384.76" xbr="1920.00" ybr="889.05" z_order="0">
      <attribute name="adipose clipped">No</attribute>
      <attribute name="confidence level">3</attribute>
      <attribute name="injury">No</attribute>
      <attribute name="notes">NA</attribute>
      <attribute name="sex">Female</attribute>
      <attribute name="view">Side</attribute>
    </box>
    <box frame="346" outside="0" occluded="1" keyframe="0" xtl="1235.89" ytl="384.76" xbr="1920.00" ybr="889.05" z_order="0">
      <attribute name="adipose clipped">No</attribute>
      <attribute name="confidence level">3</attribute>
      <attribute name="injury">No</attribute>
      <attribute name="notes">NA</attribute>
      <attribute name="sex">Female</attribute>
      <attribute name="view">Side</attribute>
    </box>
    <box frame="347" outside="0" occluded="1" keyframe="0" xtl="1232.72" ytl="384.76" xbr="1920.00" ybr="889.05" z_order="0">
      <attribute name="adipose clipped">No</attribute>
      <attribute name="confidence level">3</attribute>
      <attribute name="injury">No</attribute>
      <attribute name="notes">NA</attribute>
      <attribute name="sex">Female</attribute>
      <attribute name="view">Side</attribute>
    </box>
    <box frame="348" outside="0" occluded="1" keyframe="0" xtl="1229.55" ytl="384.76" xbr="1920.00" ybr="889.05" z_order="0">
      <attribute name="adipose clipped">No</attribute>
      <attribute name="confidence level">3</attribute>
      <attribute name="injury">No</attribute>
      <attribute name="notes">NA</attribute>
      <attribute name="sex">Female</attribute>
      <attribute name="view">Side</attribute>
    </box>
    <box frame="349" outside="0" occluded="1" keyframe="0" xtl="1226.38" ytl="384.76" xbr="1920.00" ybr="889.05" z_order="0">
      <attribute name="adipose clipped">No</attribute>
      <attribute name="confidence level">3</attribute>
      <attribute name="injury">No</attribute>
      <attribute name="notes">NA</attribute>
      <attribute name="sex">Female</attribute>
      <attribute name="view">Side</attribute>
    </box>
    <box frame="350" outside="0" occluded="1" keyframe="0" xtl="1223.21" ytl="384.76" xbr="1920.00" ybr="889.05" z_order="0">
      <attribute name="adipose clipped">No</attribute>
      <attribute name="confidence level">3</attribute>
      <attribute name="injury">No</attribute>
      <attribute name="notes">NA</attribute>
      <attribute name="sex">Female</attribute>
      <attribute name="view">Side</attribute>
    </box>
    <box frame="351" outside="0" occluded="1" keyframe="0" xtl="1220.04" ytl="384.76" xbr="1920.00" ybr="889.05" z_order="0">
      <attribute name="adipose clipped">No</attribute>
      <attribute name="confidence level">3</attribute>
      <attribute name="injury">No</attribute>
      <attribute name="notes">NA</attribute>
      <attribute name="sex">Female</attribute>
      <attribute name="view">Side</attribute>
    </box>
    <box frame="352" outside="0" occluded="1" keyframe="0" xtl="1216.87" ytl="384.76" xbr="1920.00" ybr="889.05" z_order="0">
      <attribute name="adipose clipped">No</attribute>
      <attribute name="confidence level">3</attribute>
      <attribute name="injury">No</attribute>
      <attribute name="notes">NA</attribute>
      <attribute name="sex">Female</attribute>
      <attribute name="view">Side</attribute>
    </box>
    <box frame="353" outside="0" occluded="1" keyframe="1" xtl="1213.70" ytl="384.76" xbr="1920.00" ybr="889.05" z_order="0">
      <attribute name="adipose clipped">No</attribute>
      <attribute name="confidence level">3</attribute>
      <attribute name="injury">No</attribute>
      <attribute name="notes">NA</attribute>
      <attribute name="sex">Female</attribute>
      <attribute name="view">Side</attribute>
    </box>
    <box frame="354" outside="0" occluded="1" keyframe="0" xtl="1218.26" ytl="385.43" xbr="1920.00" ybr="887.38" z_order="0">
      <attribute name="adipose clipped">No</attribute>
      <attribute name="confidence level">3</attribute>
      <attribute name="injury">No</attribute>
      <attribute name="notes">NA</attribute>
      <attribute name="sex">Female</attribute>
      <attribute name="view">Side</attribute>
    </box>
    <box frame="355" outside="0" occluded="1" keyframe="0" xtl="1222.83" ytl="386.10" xbr="1920.00" ybr="885.71" z_order="0">
      <attribute name="adipose clipped">No</attribute>
      <attribute name="confidence level">3</attribute>
      <attribute name="injury">No</attribute>
      <attribute name="notes">NA</attribute>
      <attribute name="sex">Female</attribute>
      <attribute name="view">Side</attribute>
    </box>
    <box frame="356" outside="0" occluded="1" keyframe="0" xtl="1227.39" ytl="386.76" xbr="1920.00" ybr="884.04" z_order="0">
      <attribute name="adipose clipped">No</attribute>
      <attribute name="confidence level">3</attribute>
      <attribute name="injury">No</attribute>
      <attribute name="notes">NA</attribute>
      <attribute name="sex">Female</attribute>
      <attribute name="view">Side</attribute>
    </box>
    <box frame="357" outside="0" occluded="1" keyframe="0" xtl="1231.95" ytl="387.43" xbr="1920.00" ybr="882.37" z_order="0">
      <attribute name="adipose clipped">No</attribute>
      <attribute name="confidence level">3</attribute>
      <attribute name="injury">No</attribute>
      <attribute name="notes">NA</attribute>
      <attribute name="sex">Female</attribute>
      <attribute name="view">Side</attribute>
    </box>
    <box frame="358" outside="0" occluded="1" keyframe="0" xtl="1236.52" ytl="388.10" xbr="1920.00" ybr="880.70" z_order="0">
      <attribute name="adipose clipped">No</attribute>
      <attribute name="confidence level">3</attribute>
      <attribute name="injury">No</attribute>
      <attribute name="notes">NA</attribute>
      <attribute name="sex">Female</attribute>
      <attribute name="view">Side</attribute>
    </box>
    <box frame="359" outside="0" occluded="1" keyframe="0" xtl="1241.08" ytl="388.77" xbr="1920.00" ybr="879.04" z_order="0">
      <attribute name="adipose clipped">No</attribute>
      <attribute name="confidence level">3</attribute>
      <attribute name="injury">No</attribute>
      <attribute name="notes">NA</attribute>
      <attribute name="sex">Female</attribute>
      <attribute name="view">Side</attribute>
    </box>
    <box frame="360" outside="0" occluded="1" keyframe="0" xtl="1245.64" ytl="389.44" xbr="1920.00" ybr="877.37" z_order="0">
      <attribute name="adipose clipped">No</attribute>
      <attribute name="confidence level">3</attribute>
      <attribute name="injury">No</attribute>
      <attribute name="notes">NA</attribute>
      <attribute name="sex">Female</attribute>
      <attribute name="view">Side</attribute>
    </box>
    <box frame="361" outside="0" occluded="1" keyframe="0" xtl="1250.21" ytl="390.10" xbr="1920.00" ybr="875.70" z_order="0">
      <attribute name="adipose clipped">No</attribute>
      <attribute name="confidence level">3</attribute>
      <attribute name="injury">No</attribute>
      <attribute name="notes">NA</attribute>
      <attribute name="sex">Female</attribute>
      <attribute name="view">Side</attribute>
    </box>
    <box frame="362" outside="0" occluded="1" keyframe="0" xtl="1254.77" ytl="390.77" xbr="1920.00" ybr="874.03" z_order="0">
      <attribute name="adipose clipped">No</attribute>
      <attribute name="confidence level">3</attribute>
      <attribute name="injury">No</attribute>
      <attribute name="notes">NA</attribute>
      <attribute name="sex">Female</attribute>
      <attribute name="view">Side</attribute>
    </box>
    <box frame="363" outside="0" occluded="1" keyframe="0" xtl="1259.33" ytl="391.44" xbr="1920.00" ybr="872.36" z_order="0">
      <attribute name="adipose clipped">No</attribute>
      <attribute name="confidence level">3</attribute>
      <attribute name="injury">No</attribute>
      <attribute name="notes">NA</attribute>
      <attribute name="sex">Female</attribute>
      <attribute name="view">Side</attribute>
    </box>
    <box frame="364" outside="0" occluded="1" keyframe="0" xtl="1263.90" ytl="392.11" xbr="1920.00" ybr="870.69" z_order="0">
      <attribute name="adipose clipped">No</attribute>
      <attribute name="confidence level">3</attribute>
      <attribute name="injury">No</attribute>
      <attribute name="notes">NA</attribute>
      <attribute name="sex">Female</attribute>
      <attribute name="view">Side</attribute>
    </box>
    <box frame="365" outside="0" occluded="1" keyframe="0" xtl="1268.46" ytl="392.78" xbr="1920.00" ybr="869.02" z_order="0">
      <attribute name="adipose clipped">No</attribute>
      <attribute name="confidence level">3</attribute>
      <attribute name="injury">No</attribute>
      <attribute name="notes">NA</attribute>
      <attribute name="sex">Female</attribute>
      <attribute name="view">Side</attribute>
    </box>
    <box frame="366" outside="0" occluded="1" keyframe="0" xtl="1273.03" ytl="393.44" xbr="1920.00" ybr="867.35" z_order="0">
      <attribute name="adipose clipped">No</attribute>
      <attribute name="confidence level">3</attribute>
      <attribute name="injury">No</attribute>
      <attribute name="notes">NA</attribute>
      <attribute name="sex">Female</attribute>
      <attribute name="view">Side</attribute>
    </box>
    <box frame="367" outside="0" occluded="1" keyframe="0" xtl="1277.59" ytl="394.11" xbr="1920.00" ybr="865.68" z_order="0">
      <attribute name="adipose clipped">No</attribute>
      <attribute name="confidence level">3</attribute>
      <attribute name="injury">No</attribute>
      <attribute name="notes">NA</attribute>
      <attribute name="sex">Female</attribute>
      <attribute name="view">Side</attribute>
    </box>
    <box frame="368" outside="0" occluded="1" keyframe="0" xtl="1282.15" ytl="394.78" xbr="1920.00" ybr="864.01" z_order="0">
      <attribute name="adipose clipped">No</attribute>
      <attribute name="confidence level">3</attribute>
      <attribute name="injury">No</attribute>
      <attribute name="notes">NA</attribute>
      <attribute name="sex">Female</attribute>
      <attribute name="view">Side</attribute>
    </box>
    <box frame="369" outside="0" occluded="1" keyframe="0" xtl="1286.72" ytl="395.45" xbr="1920.00" ybr="862.34" z_order="0">
      <attribute name="adipose clipped">No</attribute>
      <attribute name="confidence level">3</attribute>
      <attribute name="injury">No</attribute>
      <attribute name="notes">NA</attribute>
      <attribute name="sex">Female</attribute>
      <attribute name="view">Side</attribute>
    </box>
    <box frame="370" outside="0" occluded="1" keyframe="0" xtl="1291.28" ytl="396.12" xbr="1920.00" ybr="860.67" z_order="0">
      <attribute name="adipose clipped">No</attribute>
      <attribute name="confidence level">3</attribute>
      <attribute name="injury">No</attribute>
      <attribute name="notes">NA</attribute>
      <attribute name="sex">Female</attribute>
      <attribute name="view">Side</attribute>
    </box>
    <box frame="371" outside="0" occluded="1" keyframe="0" xtl="1295.84" ytl="396.78" xbr="1920.00" ybr="859.00" z_order="0">
      <attribute name="adipose clipped">No</attribute>
      <attribute name="confidence level">3</attribute>
      <attribute name="injury">No</attribute>
      <attribute name="notes">NA</attribute>
      <attribute name="sex">Female</attribute>
      <attribute name="view">Side</attribute>
    </box>
    <box frame="372" outside="0" occluded="1" keyframe="0" xtl="1300.41" ytl="397.45" xbr="1920.00" ybr="857.33" z_order="0">
      <attribute name="adipose clipped">No</attribute>
      <attribute name="confidence level">3</attribute>
      <attribute name="injury">No</attribute>
      <attribute name="notes">NA</attribute>
      <attribute name="sex">Female</attribute>
      <attribute name="view">Side</attribute>
    </box>
    <box frame="373" outside="0" occluded="1" keyframe="0" xtl="1304.97" ytl="398.12" xbr="1920.00" ybr="855.66" z_order="0">
      <attribute name="adipose clipped">No</attribute>
      <attribute name="confidence level">3</attribute>
      <attribute name="injury">No</attribute>
      <attribute name="notes">NA</attribute>
      <attribute name="sex">Female</attribute>
      <attribute name="view">Side</attribute>
    </box>
    <box frame="374" outside="0" occluded="1" keyframe="0" xtl="1309.53" ytl="398.79" xbr="1920.00" ybr="853.99" z_order="0">
      <attribute name="adipose clipped">No</attribute>
      <attribute name="confidence level">3</attribute>
      <attribute name="injury">No</attribute>
      <attribute name="notes">NA</attribute>
      <attribute name="sex">Female</attribute>
      <attribute name="view">Side</attribute>
    </box>
    <box frame="375" outside="0" occluded="1" keyframe="0" xtl="1314.10" ytl="399.46" xbr="1920.00" ybr="852.32" z_order="0">
      <attribute name="adipose clipped">No</attribute>
      <attribute name="confidence level">3</attribute>
      <attribute name="injury">No</attribute>
      <attribute name="notes">NA</attribute>
      <attribute name="sex">Female</attribute>
      <attribute name="view">Side</attribute>
    </box>
    <box frame="376" outside="0" occluded="1" keyframe="0" xtl="1318.66" ytl="400.12" xbr="1920.00" ybr="850.65" z_order="0">
      <attribute name="adipose clipped">No</attribute>
      <attribute name="confidence level">3</attribute>
      <attribute name="injury">No</attribute>
      <attribute name="notes">NA</attribute>
      <attribute name="sex">Female</attribute>
      <attribute name="view">Side</attribute>
    </box>
    <box frame="377" outside="0" occluded="1" keyframe="0" xtl="1323.22" ytl="400.79" xbr="1920.00" ybr="848.98" z_order="0">
      <attribute name="adipose clipped">No</attribute>
      <attribute name="confidence level">3</attribute>
      <attribute name="injury">No</attribute>
      <attribute name="notes">NA</attribute>
      <attribute name="sex">Female</attribute>
      <attribute name="view">Side</attribute>
    </box>
    <box frame="378" outside="0" occluded="1" keyframe="0" xtl="1327.79" ytl="401.46" xbr="1920.00" ybr="847.31" z_order="0">
      <attribute name="adipose clipped">No</attribute>
      <attribute name="confidence level">3</attribute>
      <attribute name="injury">No</attribute>
      <attribute name="notes">NA</attribute>
      <attribute name="sex">Female</attribute>
      <attribute name="view">Side</attribute>
    </box>
    <box frame="379" outside="0" occluded="1" keyframe="0" xtl="1332.35" ytl="402.13" xbr="1920.00" ybr="845.64" z_order="0">
      <attribute name="adipose clipped">No</attribute>
      <attribute name="confidence level">3</attribute>
      <attribute name="injury">No</attribute>
      <attribute name="notes">NA</attribute>
      <attribute name="sex">Female</attribute>
      <attribute name="view">Side</attribute>
    </box>
    <box frame="380" outside="0" occluded="1" keyframe="0" xtl="1336.91" ytl="402.80" xbr="1920.00" ybr="843.98" z_order="0">
      <attribute name="adipose clipped">No</attribute>
      <attribute name="confidence level">3</attribute>
      <attribute name="injury">No</attribute>
      <attribute name="notes">NA</attribute>
      <attribute name="sex">Female</attribute>
      <attribute name="view">Side</attribute>
    </box>
    <box frame="381" outside="0" occluded="1" keyframe="0" xtl="1341.48" ytl="403.46" xbr="1920.00" ybr="842.31" z_order="0">
      <attribute name="adipose clipped">No</attribute>
      <attribute name="confidence level">3</attribute>
      <attribute name="injury">No</attribute>
      <attribute name="notes">NA</attribute>
      <attribute name="sex">Female</attribute>
      <attribute name="view">Side</attribute>
    </box>
    <box frame="382" outside="0" occluded="1" keyframe="0" xtl="1346.04" ytl="404.13" xbr="1920.00" ybr="840.64" z_order="0">
      <attribute name="adipose clipped">No</attribute>
      <attribute name="confidence level">3</attribute>
      <attribute name="injury">No</attribute>
      <attribute name="notes">NA</attribute>
      <attribute name="sex">Female</attribute>
      <attribute name="view">Side</attribute>
    </box>
    <box frame="383" outside="0" occluded="1" keyframe="1" xtl="1350.60" ytl="404.80" xbr="1920.00" ybr="838.97" z_order="0">
      <attribute name="adipose clipped">No</attribute>
      <attribute name="confidence level">3</attribute>
      <attribute name="injury">No</attribute>
      <attribute name="notes">NA</attribute>
      <attribute name="sex">Female</attribute>
      <attribute name="view">Side</attribute>
    </box>
    <box frame="384" outside="0" occluded="1" keyframe="0" xtl="1351.61" ytl="399.29" xbr="1920.00" ybr="833.46" z_order="0">
      <attribute name="adipose clipped">No</attribute>
      <attribute name="confidence level">3</attribute>
      <attribute name="injury">No</attribute>
      <attribute name="notes">NA</attribute>
      <attribute name="sex">Female</attribute>
      <attribute name="view">Side</attribute>
    </box>
    <box frame="385" outside="0" occluded="1" keyframe="0" xtl="1352.61" ytl="393.78" xbr="1920.00" ybr="827.95" z_order="0">
      <attribute name="adipose clipped">No</attribute>
      <attribute name="confidence level">3</attribute>
      <attribute name="injury">No</attribute>
      <attribute name="notes">NA</attribute>
      <attribute name="sex">Female</attribute>
      <attribute name="view">Side</attribute>
    </box>
    <box frame="386" outside="0" occluded="1" keyframe="0" xtl="1353.61" ytl="388.27" xbr="1920.00" ybr="822.44" z_order="0">
      <attribute name="adipose clipped">No</attribute>
      <attribute name="confidence level">3</attribute>
      <attribute name="injury">No</attribute>
      <attribute name="notes">NA</attribute>
      <attribute name="sex">Female</attribute>
      <attribute name="view">Side</attribute>
    </box>
    <box frame="387" outside="0" occluded="1" keyframe="0" xtl="1354.61" ytl="382.76" xbr="1920.00" ybr="816.93" z_order="0">
      <attribute name="adipose clipped">No</attribute>
      <attribute name="confidence level">3</attribute>
      <attribute name="injury">No</attribute>
      <attribute name="notes">NA</attribute>
      <attribute name="sex">Female</attribute>
      <attribute name="view">Side</attribute>
    </box>
    <box frame="388" outside="0" occluded="1" keyframe="0" xtl="1355.61" ytl="377.25" xbr="1920.00" ybr="811.42" z_order="0">
      <attribute name="adipose clipped">No</attribute>
      <attribute name="confidence level">3</attribute>
      <attribute name="injury">No</attribute>
      <attribute name="notes">NA</attribute>
      <attribute name="sex">Female</attribute>
      <attribute name="view">Side</attribute>
    </box>
    <box frame="389" outside="0" occluded="1" keyframe="0" xtl="1356.62" ytl="371.74" xbr="1920.00" ybr="805.91" z_order="0">
      <attribute name="adipose clipped">No</attribute>
      <attribute name="confidence level">3</attribute>
      <attribute name="injury">No</attribute>
      <attribute name="notes">NA</attribute>
      <attribute name="sex">Female</attribute>
      <attribute name="view">Side</attribute>
    </box>
    <box frame="390" outside="0" occluded="1" keyframe="0" xtl="1357.62" ytl="366.23" xbr="1920.00" ybr="800.40" z_order="0">
      <attribute name="adipose clipped">No</attribute>
      <attribute name="confidence level">3</attribute>
      <attribute name="injury">No</attribute>
      <attribute name="notes">NA</attribute>
      <attribute name="sex">Female</attribute>
      <attribute name="view">Side</attribute>
    </box>
    <box frame="391" outside="0" occluded="1" keyframe="0" xtl="1358.62" ytl="360.72" xbr="1920.00" ybr="794.89" z_order="0">
      <attribute name="adipose clipped">No</attribute>
      <attribute name="confidence level">3</attribute>
      <attribute name="injury">No</attribute>
      <attribute name="notes">NA</attribute>
      <attribute name="sex">Female</attribute>
      <attribute name="view">Side</attribute>
    </box>
    <box frame="392" outside="0" occluded="1" keyframe="0" xtl="1359.62" ytl="355.21" xbr="1920.00" ybr="789.38" z_order="0">
      <attribute name="adipose clipped">No</attribute>
      <attribute name="confidence level">3</attribute>
      <attribute name="injury">No</attribute>
      <attribute name="notes">NA</attribute>
      <attribute name="sex">Female</attribute>
      <attribute name="view">Side</attribute>
    </box>
    <box frame="393" outside="0" occluded="1" keyframe="1" xtl="1360.62" ytl="349.70" xbr="1920.00" ybr="783.87" z_order="0">
      <attribute name="adipose clipped">No</attribute>
      <attribute name="confidence level">3</attribute>
      <attribute name="injury">No</attribute>
      <attribute name="notes">NA</attribute>
      <attribute name="sex">Female</attribute>
      <attribute name="view">Side</attribute>
    </box>
    <box frame="394" outside="0" occluded="1" keyframe="0" xtl="1372.31" ytl="356.88" xbr="1920.00" ybr="791.05" z_order="0">
      <attribute name="adipose clipped">No</attribute>
      <attribute name="confidence level">3</attribute>
      <attribute name="injury">No</attribute>
      <attribute name="notes">NA</attribute>
      <attribute name="sex">Female</attribute>
      <attribute name="view">Side</attribute>
    </box>
    <box frame="395" outside="0" occluded="1" keyframe="0" xtl="1384.00" ytl="364.06" xbr="1920.00" ybr="798.23" z_order="0">
      <attribute name="adipose clipped">No</attribute>
      <attribute name="confidence level">3</attribute>
      <attribute name="injury">No</attribute>
      <attribute name="notes">NA</attribute>
      <attribute name="sex">Female</attribute>
      <attribute name="view">Side</attribute>
    </box>
    <box frame="396" outside="0" occluded="1" keyframe="0" xtl="1395.68" ytl="371.24" xbr="1920.00" ybr="805.41" z_order="0">
      <attribute name="adipose clipped">No</attribute>
      <attribute name="confidence level">3</attribute>
      <attribute name="injury">No</attribute>
      <attribute name="notes">NA</attribute>
      <attribute name="sex">Female</attribute>
      <attribute name="view">Side</attribute>
    </box>
    <box frame="397" outside="0" occluded="1" keyframe="0" xtl="1407.37" ytl="378.42" xbr="1920.00" ybr="812.59" z_order="0">
      <attribute name="adipose clipped">No</attribute>
      <attribute name="confidence level">3</attribute>
      <attribute name="injury">No</attribute>
      <attribute name="notes">NA</attribute>
      <attribute name="sex">Female</attribute>
      <attribute name="view">Side</attribute>
    </box>
    <box frame="398" outside="0" occluded="1" keyframe="0" xtl="1419.06" ytl="385.60" xbr="1920.00" ybr="819.77" z_order="0">
      <attribute name="adipose clipped">No</attribute>
      <attribute name="confidence level">3</attribute>
      <attribute name="injury">No</attribute>
      <attribute name="notes">NA</attribute>
      <attribute name="sex">Female</attribute>
      <attribute name="view">Side</attribute>
    </box>
    <box frame="399" outside="0" occluded="1" keyframe="0" xtl="1430.74" ytl="392.78" xbr="1920.00" ybr="826.95" z_order="0">
      <attribute name="adipose clipped">No</attribute>
      <attribute name="confidence level">3</attribute>
      <attribute name="injury">No</attribute>
      <attribute name="notes">NA</attribute>
      <attribute name="sex">Female</attribute>
      <attribute name="view">Side</attribute>
    </box>
    <box frame="400" outside="0" occluded="1" keyframe="0" xtl="1442.43" ytl="399.96" xbr="1920.00" ybr="834.12" z_order="0">
      <attribute name="adipose clipped">No</attribute>
      <attribute name="confidence level">3</attribute>
      <attribute name="injury">No</attribute>
      <attribute name="notes">NA</attribute>
      <attribute name="sex">Female</attribute>
      <attribute name="view">Side</attribute>
    </box>
    <box frame="401" outside="0" occluded="1" keyframe="0" xtl="1454.12" ytl="407.14" xbr="1920.00" ybr="841.30" z_order="0">
      <attribute name="adipose clipped">No</attribute>
      <attribute name="confidence level">3</attribute>
      <attribute name="injury">No</attribute>
      <attribute name="notes">NA</attribute>
      <attribute name="sex">Female</attribute>
      <attribute name="view">Side</attribute>
    </box>
    <box frame="402" outside="0" occluded="1" keyframe="0" xtl="1465.80" ytl="414.32" xbr="1920.00" ybr="848.48" z_order="0">
      <attribute name="adipose clipped">No</attribute>
      <attribute name="confidence level">3</attribute>
      <attribute name="injury">No</attribute>
      <attribute name="notes">NA</attribute>
      <attribute name="sex">Female</attribute>
      <attribute name="view">Side</attribute>
    </box>
    <box frame="403" outside="0" occluded="1" keyframe="1" xtl="1477.49" ytl="421.50" xbr="1920.00" ybr="855.66" z_order="0">
      <attribute name="adipose clipped">No</attribute>
      <attribute name="confidence level">3</attribute>
      <attribute name="injury">No</attribute>
      <attribute name="notes">NA</attribute>
      <attribute name="sex">Female</attribute>
      <attribute name="view">Side</attribute>
    </box>
    <box frame="404" outside="0" occluded="1" keyframe="0" xtl="1507.71" ytl="422.50" xbr="1920.00" ybr="856.66" z_order="0">
      <attribute name="adipose clipped">No</attribute>
      <attribute name="confidence level">3</attribute>
      <attribute name="injury">No</attribute>
      <attribute name="notes">NA</attribute>
      <attribute name="sex">Female</attribute>
      <attribute name="view">Side</attribute>
    </box>
    <box frame="405" outside="0" occluded="1" keyframe="0" xtl="1537.93" ytl="423.50" xbr="1920.00" ybr="857.67" z_order="0">
      <attribute name="adipose clipped">No</attribute>
      <attribute name="confidence level">3</attribute>
      <attribute name="injury">No</attribute>
      <attribute name="notes">NA</attribute>
      <attribute name="sex">Female</attribute>
      <attribute name="view">Side</attribute>
    </box>
    <box frame="406" outside="0" occluded="1" keyframe="0" xtl="1568.15" ytl="424.50" xbr="1920.00" ybr="858.67" z_order="0">
      <attribute name="adipose clipped">No</attribute>
      <attribute name="confidence level">3</attribute>
      <attribute name="injury">No</attribute>
      <attribute name="notes">NA</attribute>
      <attribute name="sex">Female</attribute>
      <attribute name="view">Side</attribute>
    </box>
    <box frame="407" outside="0" occluded="1" keyframe="0" xtl="1598.37" ytl="425.50" xbr="1920.00" ybr="859.67" z_order="0">
      <attribute name="adipose clipped">No</attribute>
      <attribute name="confidence level">3</attribute>
      <attribute name="injury">No</attribute>
      <attribute name="notes">NA</attribute>
      <attribute name="sex">Female</attribute>
      <attribute name="view">Side</attribute>
    </box>
    <box frame="408" outside="0" occluded="1" keyframe="0" xtl="1628.59" ytl="426.50" xbr="1920.00" ybr="860.67" z_order="0">
      <attribute name="adipose clipped">No</attribute>
      <attribute name="confidence level">3</attribute>
      <attribute name="injury">No</attribute>
      <attribute name="notes">NA</attribute>
      <attribute name="sex">Female</attribute>
      <attribute name="view">Side</attribute>
    </box>
    <box frame="409" outside="0" occluded="1" keyframe="0" xtl="1658.81" ytl="427.51" xbr="1920.00" ybr="861.67" z_order="0">
      <attribute name="adipose clipped">No</attribute>
      <attribute name="confidence level">3</attribute>
      <attribute name="injury">No</attribute>
      <attribute name="notes">NA</attribute>
      <attribute name="sex">Female</attribute>
      <attribute name="view">Side</attribute>
    </box>
    <box frame="410" outside="0" occluded="1" keyframe="0" xtl="1689.03" ytl="428.51" xbr="1920.00" ybr="862.67" z_order="0">
      <attribute name="adipose clipped">No</attribute>
      <attribute name="confidence level">3</attribute>
      <attribute name="injury">No</attribute>
      <attribute name="notes">NA</attribute>
      <attribute name="sex">Female</attribute>
      <attribute name="view">Side</attribute>
    </box>
    <box frame="411" outside="0" occluded="1" keyframe="0" xtl="1719.24" ytl="429.51" xbr="1920.00" ybr="863.68" z_order="0">
      <attribute name="adipose clipped">No</attribute>
      <attribute name="confidence level">3</attribute>
      <attribute name="injury">No</attribute>
      <attribute name="notes">NA</attribute>
      <attribute name="sex">Female</attribute>
      <attribute name="view">Side</attribute>
    </box>
    <box frame="412" outside="0" occluded="1" keyframe="0" xtl="1749.46" ytl="430.51" xbr="1920.00" ybr="864.68" z_order="0">
      <attribute name="adipose clipped">No</attribute>
      <attribute name="confidence level">3</attribute>
      <attribute name="injury">No</attribute>
      <attribute name="notes">NA</attribute>
      <attribute name="sex">Female</attribute>
      <attribute name="view">Side</attribute>
    </box>
    <box frame="413" outside="0" occluded="1" keyframe="1" xtl="1779.68" ytl="431.51" xbr="1920.00" ybr="865.68" z_order="0">
      <attribute name="adipose clipped">No</attribute>
      <attribute name="confidence level">3</attribute>
      <attribute name="injury">No</attribute>
      <attribute name="notes">NA</attribute>
      <attribute name="sex">Female</attribute>
      <attribute name="view">Side</attribute>
    </box>
    <box frame="414" outside="0" occluded="1" keyframe="0" xtl="1779.68" ytl="431.51" xbr="1920.00" ybr="865.68" z_order="0">
      <attribute name="adipose clipped">No</attribute>
      <attribute name="confidence level">3</attribute>
      <attribute name="injury">No</attribute>
      <attribute name="notes">NA</attribute>
      <attribute name="sex">Female</attribute>
      <attribute name="view">Side</attribute>
    </box>
    <box frame="415" outside="1" occluded="1" keyframe="1" xtl="1779.68" ytl="431.51" xbr="1920.00" ybr="865.68" z_order="0">
      <attribute name="adipose clipped">No</attribute>
      <attribute name="confidence level">3</attribute>
      <attribute name="injury">No</attribute>
      <attribute name="notes">NA</attribute>
      <attribute name="sex">Female</attribute>
      <attribute name="view">Side</attribute>
    </box>
  </track>
</annotations>
