<?xml version="1.0" encoding="utf-8"?>
<annotations>
  <version>1.1</version>
  <meta>
    <task>
      <id>168</id>
      <name>09-10-2020 19-39-00 M Salmon Camera</name>
      <size>764</size>
      <mode>interpolation</mode>
      <overlap>5</overlap>
      <bugtracker></bugtracker>
      <created>2021-12-10 23:10:23.667636+00:00</created>
      <updated>2021-12-10 23:17:16.403999+00:00</updated>
      <subset>default</subset>
      <start_frame>0</start_frame>
      <stop_frame>763</stop_frame>
      <frame_filter></frame_filter>
      <segments>
        <segment>
          <id>168</id>
          <start>0</start>
          <stop>763</stop>
          <url>httplocalhost:8080/?id=168</url>
        </segment>
      </segments>
      <owner>
        <username>scurfield</username>
        <email>dan.scurfield@gmail.com</email>
      </owner>
      <assignee></assignee>
      <labels>
        <label>
          <name>Coho</name>
          <color>#83e070</color>
          <attributes>
            <attribute>
              <name>Adipose Clipped</name>
              <mutable>False</mutable>
              <input_type>select</input_type>
              <default_value>No</default_value>
              <values>No
Yes
NA</values>
            </attribute>
            <attribute>
              <name>confidence level</name>
              <mutable>False</mutable>
              <input_type>select</input_type>
              <default_value>3</default_value>
              <values>3
2
1</values>
            </attribute>
            <attribute>
              <name>injury</name>
              <mutable>False</mutable>
              <input_type>select</input_type>
              <default_value>No</default_value>
              <values>No
Yes
NA</values>
            </attribute>
            <attribute>
              <name>notes</name>
              <mutable>False</mutable>
              <input_type>text</input_type>
              <default_value>NA</default_value>
              <values>NA</values>
            </attribute>
            <attribute>
              <name>sex</name>
              <mutable>False</mutable>
              <input_type>select</input_type>
              <default_value>Male</default_value>
              <values>Male
Female
Jack</values>
            </attribute>
            <attribute>
              <name>view</name>
              <mutable>False</mutable>
              <input_type>select</input_type>
              <default_value>Side</default_value>
              <values>Side
Top-down</values>
            </attribute>
          </attributes>
        </label>
        <label>
          <name>Bull</name>
          <color>#20c000</color>
          <attributes>
            <attribute>
              <name>adipose clipped</name>
              <mutable>False</mutable>
              <input_type>select</input_type>
              <default_value>No</default_value>
              <values>No
NA</values>
            </attribute>
            <attribute>
              <name>confidence level</name>
              <mutable>False</mutable>
              <input_type>select</input_type>
              <default_value>3</default_value>
              <values>3
2
1</values>
            </attribute>
            <attribute>
              <name>injury</name>
              <mutable>False</mutable>
              <input_type>select</input_type>
              <default_value>No</default_value>
              <values>No
Yes
NA</values>
            </attribute>
            <attribute>
              <name>notes</name>
              <mutable>False</mutable>
              <input_type>text</input_type>
              <default_value>NA</default_value>
              <values>NA</values>
            </attribute>
            <attribute>
              <name>sex</name>
              <mutable>False</mutable>
              <input_type>select</input_type>
              <default_value>NA</default_value>
              <values>NA</values>
            </attribute>
            <attribute>
              <name>view</name>
              <mutable>False</mutable>
              <input_type>select</input_type>
              <default_value>Side</default_value>
              <values>Side
Top-down</values>
            </attribute>
          </attributes>
        </label>
        <label>
          <name>Chum</name>
          <color>#b83df5</color>
          <attributes>
            <attribute>
              <name>adipose clipped</name>
              <mutable>False</mutable>
              <input_type>select</input_type>
              <default_value>No</default_value>
              <values>No
Yes
NA</values>
            </attribute>
            <attribute>
              <name>confidence level</name>
              <mutable>False</mutable>
              <input_type>select</input_type>
              <default_value>3</default_value>
              <values>3
2
1</values>
            </attribute>
            <attribute>
              <name>injury</name>
              <mutable>False</mutable>
              <input_type>select</input_type>
              <default_value>No</default_value>
              <values>No
Yes
NA</values>
            </attribute>
            <attribute>
              <name>notes</name>
              <mutable>False</mutable>
              <input_type>text</input_type>
              <default_value>NA</default_value>
              <values>NA</values>
            </attribute>
            <attribute>
              <name>sex</name>
              <mutable>False</mutable>
              <input_type>select</input_type>
              <default_value>Male</default_value>
              <values>Male
Female</values>
            </attribute>
            <attribute>
              <name>view</name>
              <mutable>False</mutable>
              <input_type>select</input_type>
              <default_value>Side</default_value>
              <values>Side
Top-down</values>
            </attribute>
          </attributes>
        </label>
        <label>
          <name>Whitefish</name>
          <color>#e5e3ee</color>
          <attributes>
            <attribute>
              <name>adipose clipped</name>
              <mutable>False</mutable>
              <input_type>select</input_type>
              <default_value>No</default_value>
              <values>No
Yes
NA</values>
            </attribute>
            <attribute>
              <name>confidence level</name>
              <mutable>False</mutable>
              <input_type>select</input_type>
              <default_value>3</default_value>
              <values>3
2
1</values>
            </attribute>
            <attribute>
              <name>injury</name>
              <mutable>False</mutable>
              <input_type>select</input_type>
              <default_value>No</default_value>
              <values>No
Yes
NA</values>
            </attribute>
            <attribute>
              <name>notes</name>
              <mutable>False</mutable>
              <input_type>text</input_type>
              <default_value>NA</default_value>
              <values>NA</values>
            </attribute>
            <attribute>
              <name>sex</name>
              <mutable>False</mutable>
              <input_type>select</input_type>
              <default_value>NA</default_value>
              <values>NA</values>
            </attribute>
            <attribute>
              <name>view</name>
              <mutable>False</mutable>
              <input_type>select</input_type>
              <default_value>Side</default_value>
              <values>Side
Top-down</values>
            </attribute>
          </attributes>
        </label>
        <label>
          <name>Pink</name>
          <color>#fa7dbb</color>
          <attributes>
            <attribute>
              <name>adipose clipped</name>
              <mutable>False</mutable>
              <input_type>select</input_type>
              <default_value>No</default_value>
              <values>No
Yes
NA</values>
            </attribute>
            <attribute>
              <name>confidence level</name>
              <mutable>False</mutable>
              <input_type>select</input_type>
              <default_value>3</default_value>
              <values>3
2
1</values>
            </attribute>
            <attribute>
              <name>injury</name>
              <mutable>False</mutable>
              <input_type>select</input_type>
              <default_value>No</default_value>
              <values>No
Yes
NA</values>
            </attribute>
            <attribute>
              <name>notes</name>
              <mutable>False</mutable>
              <input_type>text</input_type>
              <default_value>NA</default_value>
              <values>NA</values>
            </attribute>
            <attribute>
              <name>sex</name>
              <mutable>False</mutable>
              <input_type>select</input_type>
              <default_value>Male</default_value>
              <values>Male
Female</values>
            </attribute>
            <attribute>
              <name>view</name>
              <mutable>False</mutable>
              <input_type>select</input_type>
              <default_value>Side</default_value>
              <values>Side
Top-down</values>
            </attribute>
          </attributes>
        </label>
        <label>
          <name>Sockeye</name>
          <color>#fa3253</color>
          <attributes>
            <attribute>
              <name>adipose clipped</name>
              <mutable>False</mutable>
              <input_type>select</input_type>
              <default_value>No</default_value>
              <values>No
Yes
NA</values>
            </attribute>
            <attribute>
              <name>confidence level</name>
              <mutable>False</mutable>
              <input_type>select</input_type>
              <default_value>3</default_value>
              <values>3
2
1</values>
            </attribute>
            <attribute>
              <name>injury</name>
              <mutable>False</mutable>
              <input_type>select</input_type>
              <default_value>No</default_value>
              <values>No
Yes
NA</values>
            </attribute>
            <attribute>
              <name>notes</name>
              <mutable>False</mutable>
              <input_type>text</input_type>
              <default_value>NA</default_value>
              <values>NA</values>
            </attribute>
            <attribute>
              <name>sex</name>
              <mutable>False</mutable>
              <input_type>select</input_type>
              <default_value>Male</default_value>
              <values>Male
Female
Jack</values>
            </attribute>
            <attribute>
              <name>view</name>
              <mutable>False</mutable>
              <input_type>select</input_type>
              <default_value>Side</default_value>
              <values>Side
Top-down</values>
            </attribute>
          </attributes>
        </label>
        <label>
          <name>Steelhead</name>
          <color>#32b7fa</color>
          <attributes>
            <attribute>
              <name>adipose clipped</name>
              <mutable>False</mutable>
              <input_type>select</input_type>
              <default_value>No</default_value>
              <values>No
Yes
NA</values>
            </attribute>
            <attribute>
              <name>confidence level</name>
              <mutable>False</mutable>
              <input_type>select</input_type>
              <default_value>3</default_value>
              <values>3
2
1</values>
            </attribute>
            <attribute>
              <name>injury</name>
              <mutable>False</mutable>
              <input_type>select</input_type>
              <default_value>No</default_value>
              <values>No
Yes
NA</values>
            </attribute>
            <attribute>
              <name>notes</name>
              <mutable>False</mutable>
              <input_type>text</input_type>
              <default_value>NA</default_value>
              <values>NA</values>
            </attribute>
            <attribute>
              <name>sex</name>
              <mutable>False</mutable>
              <input_type>select</input_type>
              <default_value>Male</default_value>
              <values>Male
Female</values>
            </attribute>
            <attribute>
              <name>view</name>
              <mutable>False</mutable>
              <input_type>select</input_type>
              <default_value>Side</default_value>
              <values>Side
Top-down</values>
            </attribute>
          </attributes>
        </label>
        <label>
          <name>Rainbow</name>
          <color>#f1c6e3</color>
          <attributes>
            <attribute>
              <name>adipose clipped</name>
              <mutable>False</mutable>
              <input_type>select</input_type>
              <default_value>No</default_value>
              <values>No
Yes
NA</values>
            </attribute>
            <attribute>
              <name>confidence level</name>
              <mutable>False</mutable>
              <input_type>select</input_type>
              <default_value>3</default_value>
              <values>3
2
1</values>
            </attribute>
            <attribute>
              <name>injury</name>
              <mutable>False</mutable>
              <input_type>select</input_type>
              <default_value>No</default_value>
              <values>No
Yes
NA</values>
            </attribute>
            <attribute>
              <name>notes</name>
              <mutable>False</mutable>
              <input_type>text</input_type>
              <default_value>NA</default_value>
              <values>NA</values>
            </attribute>
            <attribute>
              <name>sex</name>
              <mutable>False</mutable>
              <input_type>select</input_type>
              <default_value>NA</default_value>
              <values>NA
Juvenile</values>
            </attribute>
            <attribute>
              <name>view</name>
              <mutable>False</mutable>
              <input_type>select</input_type>
              <default_value>Side</default_value>
              <values>Side
Top-down</values>
            </attribute>
          </attributes>
        </label>
        <label>
          <name>Chinook</name>
          <color>#2a7dd1</color>
          <attributes>
            <attribute>
              <name>adipose clipped</name>
              <mutable>False</mutable>
              <input_type>select</input_type>
              <default_value>No</default_value>
              <values>No
Yes
NA</values>
            </attribute>
            <attribute>
              <name>confidence level</name>
              <mutable>False</mutable>
              <input_type>select</input_type>
              <default_value>3</default_value>
              <values>3
2
1</values>
            </attribute>
            <attribute>
              <name>injury</name>
              <mutable>False</mutable>
              <input_type>select</input_type>
              <default_value>No</default_value>
              <values>No
Yes
NA</values>
            </attribute>
            <attribute>
              <name>notes</name>
              <mutable>False</mutable>
              <input_type>text</input_type>
              <default_value>NA</default_value>
              <values>NA</values>
            </attribute>
            <attribute>
              <name>sex</name>
              <mutable>False</mutable>
              <input_type>select</input_type>
              <default_value>Male</default_value>
              <values>Male
Female
Jack</values>
            </attribute>
            <attribute>
              <name>view</name>
              <mutable>False</mutable>
              <input_type>select</input_type>
              <default_value>Side</default_value>
              <values>Side
Top-down</values>
            </attribute>
          </attributes>
        </label>
        <label>
          <name>Pikeminnow</name>
          <color>#ecc49c</color>
          <attributes>
            <attribute>
              <name>confidence level</name>
              <mutable>False</mutable>
              <input_type>select</input_type>
              <default_value>3</default_value>
              <values>3
2
1</values>
            </attribute>
            <attribute>
              <name>notes</name>
              <mutable>False</mutable>
              <input_type>text</input_type>
              <default_value>NA</default_value>
              <values>NA</values>
            </attribute>
          </attributes>
        </label>
        <label>
          <name>Shiner</name>
          <color>#8c78f0</color>
          <attributes>
            <attribute>
              <name>confidence level</name>
              <mutable>False</mutable>
              <input_type>select</input_type>
              <default_value>3</default_value>
              <values>3
2
1</values>
            </attribute>
            <attribute>
              <name>notes</name>
              <mutable>False</mutable>
              <input_type>text</input_type>
              <default_value>NA</default_value>
              <values>NA</values>
            </attribute>
          </attributes>
        </label>
        <label>
          <name>Lampray</name>
          <color>#2e2930</color>
          <attributes>
            <attribute>
              <name>confidence level</name>
              <mutable>False</mutable>
              <input_type>select</input_type>
              <default_value>3</default_value>
              <values>3
2
1</values>
            </attribute>
            <attribute>
              <name>notes</name>
              <mutable>False</mutable>
              <input_type>text</input_type>
              <default_value>NA</default_value>
              <values>NA</values>
            </attribute>
          </attributes>
        </label>
      </labels>
      <original_size>
        <width>1920</width>
        <height>1080</height>
      </original_size>
    </task>
    <dumped>2021-12-10 23:17:21.766890+00:00</dumped>
    <source>09-10-2020 19-39-00 M Salmon Camera.m4v</source>
  </meta>
  <track id="0" label="Coho" source="manual">
    <box frame="95" outside="0" occluded="1" keyframe="1" xtl="0.00" ytl="336.20" xbr="143.55" ybr="578.47" z_order="0">
      <attribute name="Adipose Clipped">No</attribute>
      <attribute name="confidence level">3</attribute>
      <attribute name="injury">Yes</attribute>
      <attribute name="notes">Caudal fin split</attribute>
      <attribute name="sex">Female</attribute>
      <attribute name="view">Side</attribute>
    </box>
    <box frame="96" outside="0" occluded="1" keyframe="0" xtl="0.00" ytl="329.69" xbr="162.58" ybr="587.15" z_order="0">
      <attribute name="Adipose Clipped">No</attribute>
      <attribute name="confidence level">3</attribute>
      <attribute name="injury">Yes</attribute>
      <attribute name="notes">Caudal fin split</attribute>
      <attribute name="sex">Female</attribute>
      <attribute name="view">Side</attribute>
    </box>
    <box frame="97" outside="0" occluded="1" keyframe="0" xtl="0.00" ytl="323.18" xbr="181.62" ybr="595.83" z_order="0">
      <attribute name="Adipose Clipped">No</attribute>
      <attribute name="confidence level">3</attribute>
      <attribute name="injury">Yes</attribute>
      <attribute name="notes">Caudal fin split</attribute>
      <attribute name="sex">Female</attribute>
      <attribute name="view">Side</attribute>
    </box>
    <box frame="98" outside="0" occluded="1" keyframe="0" xtl="0.00" ytl="316.67" xbr="200.65" ybr="604.51" z_order="0">
      <attribute name="Adipose Clipped">No</attribute>
      <attribute name="confidence level">3</attribute>
      <attribute name="injury">Yes</attribute>
      <attribute name="notes">Caudal fin split</attribute>
      <attribute name="sex">Female</attribute>
      <attribute name="view">Side</attribute>
    </box>
    <box frame="99" outside="0" occluded="1" keyframe="0" xtl="0.00" ytl="310.15" xbr="219.69" ybr="613.20" z_order="0">
      <attribute name="Adipose Clipped">No</attribute>
      <attribute name="confidence level">3</attribute>
      <attribute name="injury">Yes</attribute>
      <attribute name="notes">Caudal fin split</attribute>
      <attribute name="sex">Female</attribute>
      <attribute name="view">Side</attribute>
    </box>
    <box frame="100" outside="0" occluded="1" keyframe="0" xtl="0.00" ytl="303.64" xbr="238.73" ybr="621.88" z_order="0">
      <attribute name="Adipose Clipped">No</attribute>
      <attribute name="confidence level">3</attribute>
      <attribute name="injury">Yes</attribute>
      <attribute name="notes">Caudal fin split</attribute>
      <attribute name="sex">Female</attribute>
      <attribute name="view">Side</attribute>
    </box>
    <box frame="101" outside="0" occluded="1" keyframe="0" xtl="0.00" ytl="297.13" xbr="257.76" ybr="630.56" z_order="0">
      <attribute name="Adipose Clipped">No</attribute>
      <attribute name="confidence level">3</attribute>
      <attribute name="injury">Yes</attribute>
      <attribute name="notes">Caudal fin split</attribute>
      <attribute name="sex">Female</attribute>
      <attribute name="view">Side</attribute>
    </box>
    <box frame="102" outside="0" occluded="1" keyframe="0" xtl="0.00" ytl="290.62" xbr="276.80" ybr="639.24" z_order="0">
      <attribute name="Adipose Clipped">No</attribute>
      <attribute name="confidence level">3</attribute>
      <attribute name="injury">Yes</attribute>
      <attribute name="notes">Caudal fin split</attribute>
      <attribute name="sex">Female</attribute>
      <attribute name="view">Side</attribute>
    </box>
    <box frame="103" outside="0" occluded="1" keyframe="0" xtl="0.00" ytl="284.11" xbr="295.83" ybr="647.92" z_order="0">
      <attribute name="Adipose Clipped">No</attribute>
      <attribute name="confidence level">3</attribute>
      <attribute name="injury">Yes</attribute>
      <attribute name="notes">Caudal fin split</attribute>
      <attribute name="sex">Female</attribute>
      <attribute name="view">Side</attribute>
    </box>
    <box frame="104" outside="0" occluded="1" keyframe="0" xtl="0.00" ytl="277.60" xbr="314.87" ybr="656.60" z_order="0">
      <attribute name="Adipose Clipped">No</attribute>
      <attribute name="confidence level">3</attribute>
      <attribute name="injury">Yes</attribute>
      <attribute name="notes">Caudal fin split</attribute>
      <attribute name="sex">Female</attribute>
      <attribute name="view">Side</attribute>
    </box>
    <box frame="105" outside="0" occluded="1" keyframe="1" xtl="0.00" ytl="271.09" xbr="333.90" ybr="665.29" z_order="0">
      <attribute name="Adipose Clipped">No</attribute>
      <attribute name="confidence level">3</attribute>
      <attribute name="injury">Yes</attribute>
      <attribute name="notes">Caudal fin split</attribute>
      <attribute name="sex">Female</attribute>
      <attribute name="view">Side</attribute>
    </box>
    <box frame="106" outside="0" occluded="1" keyframe="0" xtl="0.00" ytl="258.90" xbr="359.95" ybr="671.63" z_order="0">
      <attribute name="Adipose Clipped">No</attribute>
      <attribute name="confidence level">3</attribute>
      <attribute name="injury">Yes</attribute>
      <attribute name="notes">Caudal fin split</attribute>
      <attribute name="sex">Female</attribute>
      <attribute name="view">Side</attribute>
    </box>
    <box frame="107" outside="0" occluded="1" keyframe="0" xtl="0.00" ytl="246.71" xbr="386.00" ybr="677.98" z_order="0">
      <attribute name="Adipose Clipped">No</attribute>
      <attribute name="confidence level">3</attribute>
      <attribute name="injury">Yes</attribute>
      <attribute name="notes">Caudal fin split</attribute>
      <attribute name="sex">Female</attribute>
      <attribute name="view">Side</attribute>
    </box>
    <box frame="108" outside="0" occluded="1" keyframe="0" xtl="0.00" ytl="234.52" xbr="412.05" ybr="684.32" z_order="0">
      <attribute name="Adipose Clipped">No</attribute>
      <attribute name="confidence level">3</attribute>
      <attribute name="injury">Yes</attribute>
      <attribute name="notes">Caudal fin split</attribute>
      <attribute name="sex">Female</attribute>
      <attribute name="view">Side</attribute>
    </box>
    <box frame="109" outside="0" occluded="1" keyframe="0" xtl="0.00" ytl="222.33" xbr="438.10" ybr="690.66" z_order="0">
      <attribute name="Adipose Clipped">No</attribute>
      <attribute name="confidence level">3</attribute>
      <attribute name="injury">Yes</attribute>
      <attribute name="notes">Caudal fin split</attribute>
      <attribute name="sex">Female</attribute>
      <attribute name="view">Side</attribute>
    </box>
    <box frame="110" outside="0" occluded="1" keyframe="0" xtl="0.00" ytl="210.14" xbr="464.15" ybr="697.01" z_order="0">
      <attribute name="Adipose Clipped">No</attribute>
      <attribute name="confidence level">3</attribute>
      <attribute name="injury">Yes</attribute>
      <attribute name="notes">Caudal fin split</attribute>
      <attribute name="sex">Female</attribute>
      <attribute name="view">Side</attribute>
    </box>
    <box frame="111" outside="0" occluded="1" keyframe="0" xtl="0.00" ytl="197.95" xbr="490.20" ybr="703.35" z_order="0">
      <attribute name="Adipose Clipped">No</attribute>
      <attribute name="confidence level">3</attribute>
      <attribute name="injury">Yes</attribute>
      <attribute name="notes">Caudal fin split</attribute>
      <attribute name="sex">Female</attribute>
      <attribute name="view">Side</attribute>
    </box>
    <box frame="112" outside="0" occluded="1" keyframe="0" xtl="0.00" ytl="185.77" xbr="516.25" ybr="709.70" z_order="0">
      <attribute name="Adipose Clipped">No</attribute>
      <attribute name="confidence level">3</attribute>
      <attribute name="injury">Yes</attribute>
      <attribute name="notes">Caudal fin split</attribute>
      <attribute name="sex">Female</attribute>
      <attribute name="view">Side</attribute>
    </box>
    <box frame="113" outside="0" occluded="1" keyframe="0" xtl="0.00" ytl="173.58" xbr="542.30" ybr="716.04" z_order="0">
      <attribute name="Adipose Clipped">No</attribute>
      <attribute name="confidence level">3</attribute>
      <attribute name="injury">Yes</attribute>
      <attribute name="notes">Caudal fin split</attribute>
      <attribute name="sex">Female</attribute>
      <attribute name="view">Side</attribute>
    </box>
    <box frame="114" outside="0" occluded="1" keyframe="0" xtl="0.00" ytl="161.39" xbr="568.35" ybr="722.39" z_order="0">
      <attribute name="Adipose Clipped">No</attribute>
      <attribute name="confidence level">3</attribute>
      <attribute name="injury">Yes</attribute>
      <attribute name="notes">Caudal fin split</attribute>
      <attribute name="sex">Female</attribute>
      <attribute name="view">Side</attribute>
    </box>
    <box frame="115" outside="0" occluded="0" keyframe="1" xtl="0.00" ytl="149.20" xbr="594.40" ybr="728.73" z_order="0">
      <attribute name="Adipose Clipped">No</attribute>
      <attribute name="confidence level">3</attribute>
      <attribute name="injury">Yes</attribute>
      <attribute name="notes">Caudal fin split</attribute>
      <attribute name="sex">Female</attribute>
      <attribute name="view">Side</attribute>
    </box>
    <box frame="116" outside="0" occluded="0" keyframe="0" xtl="0.00" ytl="146.36" xbr="615.10" ybr="728.73" z_order="0">
      <attribute name="Adipose Clipped">No</attribute>
      <attribute name="confidence level">3</attribute>
      <attribute name="injury">Yes</attribute>
      <attribute name="notes">Caudal fin split</attribute>
      <attribute name="sex">Female</attribute>
      <attribute name="view">Side</attribute>
    </box>
    <box frame="117" outside="0" occluded="0" keyframe="0" xtl="0.00" ytl="143.52" xbr="635.80" ybr="728.73" z_order="0">
      <attribute name="Adipose Clipped">No</attribute>
      <attribute name="confidence level">3</attribute>
      <attribute name="injury">Yes</attribute>
      <attribute name="notes">Caudal fin split</attribute>
      <attribute name="sex">Female</attribute>
      <attribute name="view">Side</attribute>
    </box>
    <box frame="118" outside="0" occluded="0" keyframe="0" xtl="0.00" ytl="140.68" xbr="656.50" ybr="728.73" z_order="0">
      <attribute name="Adipose Clipped">No</attribute>
      <attribute name="confidence level">3</attribute>
      <attribute name="injury">Yes</attribute>
      <attribute name="notes">Caudal fin split</attribute>
      <attribute name="sex">Female</attribute>
      <attribute name="view">Side</attribute>
    </box>
    <box frame="119" outside="0" occluded="0" keyframe="0" xtl="0.00" ytl="137.84" xbr="677.20" ybr="728.73" z_order="0">
      <attribute name="Adipose Clipped">No</attribute>
      <attribute name="confidence level">3</attribute>
      <attribute name="injury">Yes</attribute>
      <attribute name="notes">Caudal fin split</attribute>
      <attribute name="sex">Female</attribute>
      <attribute name="view">Side</attribute>
    </box>
    <box frame="120" outside="0" occluded="0" keyframe="0" xtl="0.00" ytl="135.00" xbr="697.90" ybr="728.73" z_order="0">
      <attribute name="Adipose Clipped">No</attribute>
      <attribute name="confidence level">3</attribute>
      <attribute name="injury">Yes</attribute>
      <attribute name="notes">Caudal fin split</attribute>
      <attribute name="sex">Female</attribute>
      <attribute name="view">Side</attribute>
    </box>
    <box frame="121" outside="0" occluded="0" keyframe="0" xtl="0.00" ytl="132.16" xbr="718.60" ybr="728.73" z_order="0">
      <attribute name="Adipose Clipped">No</attribute>
      <attribute name="confidence level">3</attribute>
      <attribute name="injury">Yes</attribute>
      <attribute name="notes">Caudal fin split</attribute>
      <attribute name="sex">Female</attribute>
      <attribute name="view">Side</attribute>
    </box>
    <box frame="122" outside="0" occluded="0" keyframe="0" xtl="0.00" ytl="129.32" xbr="739.30" ybr="728.73" z_order="0">
      <attribute name="Adipose Clipped">No</attribute>
      <attribute name="confidence level">3</attribute>
      <attribute name="injury">Yes</attribute>
      <attribute name="notes">Caudal fin split</attribute>
      <attribute name="sex">Female</attribute>
      <attribute name="view">Side</attribute>
    </box>
    <box frame="123" outside="0" occluded="0" keyframe="0" xtl="0.00" ytl="126.48" xbr="760.00" ybr="728.73" z_order="0">
      <attribute name="Adipose Clipped">No</attribute>
      <attribute name="confidence level">3</attribute>
      <attribute name="injury">Yes</attribute>
      <attribute name="notes">Caudal fin split</attribute>
      <attribute name="sex">Female</attribute>
      <attribute name="view">Side</attribute>
    </box>
    <box frame="124" outside="0" occluded="0" keyframe="0" xtl="0.00" ytl="123.64" xbr="780.70" ybr="728.73" z_order="0">
      <attribute name="Adipose Clipped">No</attribute>
      <attribute name="confidence level">3</attribute>
      <attribute name="injury">Yes</attribute>
      <attribute name="notes">Caudal fin split</attribute>
      <attribute name="sex">Female</attribute>
      <attribute name="view">Side</attribute>
    </box>
    <box frame="125" outside="0" occluded="0" keyframe="1" xtl="0.00" ytl="120.80" xbr="801.40" ybr="728.73" z_order="0">
      <attribute name="Adipose Clipped">No</attribute>
      <attribute name="confidence level">3</attribute>
      <attribute name="injury">Yes</attribute>
      <attribute name="notes">Caudal fin split</attribute>
      <attribute name="sex">Female</attribute>
      <attribute name="view">Side</attribute>
    </box>
    <box frame="126" outside="0" occluded="0" keyframe="0" xtl="0.00" ytl="115.79" xbr="820.10" ybr="731.40" z_order="0">
      <attribute name="Adipose Clipped">No</attribute>
      <attribute name="confidence level">3</attribute>
      <attribute name="injury">Yes</attribute>
      <attribute name="notes">Caudal fin split</attribute>
      <attribute name="sex">Female</attribute>
      <attribute name="view">Side</attribute>
    </box>
    <box frame="127" outside="0" occluded="0" keyframe="0" xtl="0.00" ytl="110.78" xbr="838.80" ybr="734.07" z_order="0">
      <attribute name="Adipose Clipped">No</attribute>
      <attribute name="confidence level">3</attribute>
      <attribute name="injury">Yes</attribute>
      <attribute name="notes">Caudal fin split</attribute>
      <attribute name="sex">Female</attribute>
      <attribute name="view">Side</attribute>
    </box>
    <box frame="128" outside="0" occluded="0" keyframe="0" xtl="0.00" ytl="105.77" xbr="857.50" ybr="736.74" z_order="0">
      <attribute name="Adipose Clipped">No</attribute>
      <attribute name="confidence level">3</attribute>
      <attribute name="injury">Yes</attribute>
      <attribute name="notes">Caudal fin split</attribute>
      <attribute name="sex">Female</attribute>
      <attribute name="view">Side</attribute>
    </box>
    <box frame="129" outside="0" occluded="0" keyframe="0" xtl="0.00" ytl="100.77" xbr="876.21" ybr="739.42" z_order="0">
      <attribute name="Adipose Clipped">No</attribute>
      <attribute name="confidence level">3</attribute>
      <attribute name="injury">Yes</attribute>
      <attribute name="notes">Caudal fin split</attribute>
      <attribute name="sex">Female</attribute>
      <attribute name="view">Side</attribute>
    </box>
    <box frame="130" outside="0" occluded="0" keyframe="0" xtl="0.00" ytl="95.76" xbr="894.91" ybr="742.09" z_order="0">
      <attribute name="Adipose Clipped">No</attribute>
      <attribute name="confidence level">3</attribute>
      <attribute name="injury">Yes</attribute>
      <attribute name="notes">Caudal fin split</attribute>
      <attribute name="sex">Female</attribute>
      <attribute name="view">Side</attribute>
    </box>
    <box frame="131" outside="0" occluded="0" keyframe="0" xtl="0.00" ytl="90.75" xbr="913.61" ybr="744.76" z_order="0">
      <attribute name="Adipose Clipped">No</attribute>
      <attribute name="confidence level">3</attribute>
      <attribute name="injury">Yes</attribute>
      <attribute name="notes">Caudal fin split</attribute>
      <attribute name="sex">Female</attribute>
      <attribute name="view">Side</attribute>
    </box>
    <box frame="132" outside="0" occluded="0" keyframe="0" xtl="0.00" ytl="85.74" xbr="932.31" ybr="747.43" z_order="0">
      <attribute name="Adipose Clipped">No</attribute>
      <attribute name="confidence level">3</attribute>
      <attribute name="injury">Yes</attribute>
      <attribute name="notes">Caudal fin split</attribute>
      <attribute name="sex">Female</attribute>
      <attribute name="view">Side</attribute>
    </box>
    <box frame="133" outside="0" occluded="0" keyframe="0" xtl="0.00" ytl="80.73" xbr="951.01" ybr="750.10" z_order="0">
      <attribute name="Adipose Clipped">No</attribute>
      <attribute name="confidence level">3</attribute>
      <attribute name="injury">Yes</attribute>
      <attribute name="notes">Caudal fin split</attribute>
      <attribute name="sex">Female</attribute>
      <attribute name="view">Side</attribute>
    </box>
    <box frame="134" outside="0" occluded="0" keyframe="0" xtl="0.00" ytl="75.72" xbr="969.71" ybr="752.77" z_order="0">
      <attribute name="Adipose Clipped">No</attribute>
      <attribute name="confidence level">3</attribute>
      <attribute name="injury">Yes</attribute>
      <attribute name="notes">Caudal fin split</attribute>
      <attribute name="sex">Female</attribute>
      <attribute name="view">Side</attribute>
    </box>
    <box frame="135" outside="0" occluded="0" keyframe="1" xtl="0.00" ytl="70.71" xbr="988.41" ybr="755.44" z_order="0">
      <attribute name="Adipose Clipped">No</attribute>
      <attribute name="confidence level">3</attribute>
      <attribute name="injury">Yes</attribute>
      <attribute name="notes">Caudal fin split</attribute>
      <attribute name="sex">Female</attribute>
      <attribute name="view">Side</attribute>
    </box>
    <box frame="136" outside="0" occluded="0" keyframe="0" xtl="0.00" ytl="70.05" xbr="1015.13" ybr="754.78" z_order="0">
      <attribute name="Adipose Clipped">No</attribute>
      <attribute name="confidence level">3</attribute>
      <attribute name="injury">Yes</attribute>
      <attribute name="notes">Caudal fin split</attribute>
      <attribute name="sex">Female</attribute>
      <attribute name="view">Side</attribute>
    </box>
    <box frame="137" outside="0" occluded="0" keyframe="0" xtl="0.00" ytl="69.38" xbr="1041.84" ybr="754.11" z_order="0">
      <attribute name="Adipose Clipped">No</attribute>
      <attribute name="confidence level">3</attribute>
      <attribute name="injury">Yes</attribute>
      <attribute name="notes">Caudal fin split</attribute>
      <attribute name="sex">Female</attribute>
      <attribute name="view">Side</attribute>
    </box>
    <box frame="138" outside="0" occluded="0" keyframe="0" xtl="0.00" ytl="68.71" xbr="1068.55" ybr="753.44" z_order="0">
      <attribute name="Adipose Clipped">No</attribute>
      <attribute name="confidence level">3</attribute>
      <attribute name="injury">Yes</attribute>
      <attribute name="notes">Caudal fin split</attribute>
      <attribute name="sex">Female</attribute>
      <attribute name="view">Side</attribute>
    </box>
    <box frame="139" outside="0" occluded="0" keyframe="0" xtl="0.00" ytl="68.04" xbr="1095.27" ybr="752.77" z_order="0">
      <attribute name="Adipose Clipped">No</attribute>
      <attribute name="confidence level">3</attribute>
      <attribute name="injury">Yes</attribute>
      <attribute name="notes">Caudal fin split</attribute>
      <attribute name="sex">Female</attribute>
      <attribute name="view">Side</attribute>
    </box>
    <box frame="140" outside="0" occluded="0" keyframe="0" xtl="0.00" ytl="67.37" xbr="1121.98" ybr="752.10" z_order="0">
      <attribute name="Adipose Clipped">No</attribute>
      <attribute name="confidence level">3</attribute>
      <attribute name="injury">Yes</attribute>
      <attribute name="notes">Caudal fin split</attribute>
      <attribute name="sex">Female</attribute>
      <attribute name="view">Side</attribute>
    </box>
    <box frame="141" outside="0" occluded="0" keyframe="0" xtl="0.00" ytl="66.71" xbr="1148.69" ybr="751.44" z_order="0">
      <attribute name="Adipose Clipped">No</attribute>
      <attribute name="confidence level">3</attribute>
      <attribute name="injury">Yes</attribute>
      <attribute name="notes">Caudal fin split</attribute>
      <attribute name="sex">Female</attribute>
      <attribute name="view">Side</attribute>
    </box>
    <box frame="142" outside="0" occluded="0" keyframe="0" xtl="0.00" ytl="66.04" xbr="1175.40" ybr="750.77" z_order="0">
      <attribute name="Adipose Clipped">No</attribute>
      <attribute name="confidence level">3</attribute>
      <attribute name="injury">Yes</attribute>
      <attribute name="notes">Caudal fin split</attribute>
      <attribute name="sex">Female</attribute>
      <attribute name="view">Side</attribute>
    </box>
    <box frame="143" outside="0" occluded="0" keyframe="0" xtl="0.00" ytl="65.37" xbr="1202.12" ybr="750.10" z_order="0">
      <attribute name="Adipose Clipped">No</attribute>
      <attribute name="confidence level">3</attribute>
      <attribute name="injury">Yes</attribute>
      <attribute name="notes">Caudal fin split</attribute>
      <attribute name="sex">Female</attribute>
      <attribute name="view">Side</attribute>
    </box>
    <box frame="144" outside="0" occluded="0" keyframe="0" xtl="0.00" ytl="64.70" xbr="1228.83" ybr="749.43" z_order="0">
      <attribute name="Adipose Clipped">No</attribute>
      <attribute name="confidence level">3</attribute>
      <attribute name="injury">Yes</attribute>
      <attribute name="notes">Caudal fin split</attribute>
      <attribute name="sex">Female</attribute>
      <attribute name="view">Side</attribute>
    </box>
    <box frame="145" outside="0" occluded="0" keyframe="1" xtl="0.00" ytl="64.04" xbr="1255.54" ybr="748.77" z_order="0">
      <attribute name="Adipose Clipped">No</attribute>
      <attribute name="confidence level">3</attribute>
      <attribute name="injury">Yes</attribute>
      <attribute name="notes">Caudal fin split</attribute>
      <attribute name="sex">Female</attribute>
      <attribute name="view">Side</attribute>
    </box>
    <box frame="146" outside="0" occluded="0" keyframe="0" xtl="0.00" ytl="58.52" xbr="1279.75" ybr="748.77" z_order="0">
      <attribute name="Adipose Clipped">No</attribute>
      <attribute name="confidence level">3</attribute>
      <attribute name="injury">Yes</attribute>
      <attribute name="notes">Caudal fin split</attribute>
      <attribute name="sex">Female</attribute>
      <attribute name="view">Side</attribute>
    </box>
    <box frame="147" outside="0" occluded="0" keyframe="0" xtl="0.00" ytl="53.01" xbr="1303.95" ybr="748.77" z_order="0">
      <attribute name="Adipose Clipped">No</attribute>
      <attribute name="confidence level">3</attribute>
      <attribute name="injury">Yes</attribute>
      <attribute name="notes">Caudal fin split</attribute>
      <attribute name="sex">Female</attribute>
      <attribute name="view">Side</attribute>
    </box>
    <box frame="148" outside="0" occluded="0" keyframe="0" xtl="0.00" ytl="47.49" xbr="1328.16" ybr="748.77" z_order="0">
      <attribute name="Adipose Clipped">No</attribute>
      <attribute name="confidence level">3</attribute>
      <attribute name="injury">Yes</attribute>
      <attribute name="notes">Caudal fin split</attribute>
      <attribute name="sex">Female</attribute>
      <attribute name="view">Side</attribute>
    </box>
    <box frame="149" outside="0" occluded="0" keyframe="0" xtl="0.00" ytl="41.98" xbr="1352.37" ybr="748.77" z_order="0">
      <attribute name="Adipose Clipped">No</attribute>
      <attribute name="confidence level">3</attribute>
      <attribute name="injury">Yes</attribute>
      <attribute name="notes">Caudal fin split</attribute>
      <attribute name="sex">Female</attribute>
      <attribute name="view">Side</attribute>
    </box>
    <box frame="150" outside="0" occluded="0" keyframe="0" xtl="0.00" ytl="36.47" xbr="1376.57" ybr="748.77" z_order="0">
      <attribute name="Adipose Clipped">No</attribute>
      <attribute name="confidence level">3</attribute>
      <attribute name="injury">Yes</attribute>
      <attribute name="notes">Caudal fin split</attribute>
      <attribute name="sex">Female</attribute>
      <attribute name="view">Side</attribute>
    </box>
    <box frame="151" outside="0" occluded="0" keyframe="0" xtl="0.00" ytl="30.95" xbr="1400.78" ybr="748.77" z_order="0">
      <attribute name="Adipose Clipped">No</attribute>
      <attribute name="confidence level">3</attribute>
      <attribute name="injury">Yes</attribute>
      <attribute name="notes">Caudal fin split</attribute>
      <attribute name="sex">Female</attribute>
      <attribute name="view">Side</attribute>
    </box>
    <box frame="152" outside="0" occluded="0" keyframe="0" xtl="0.00" ytl="25.44" xbr="1424.98" ybr="748.77" z_order="0">
      <attribute name="Adipose Clipped">No</attribute>
      <attribute name="confidence level">3</attribute>
      <attribute name="injury">Yes</attribute>
      <attribute name="notes">Caudal fin split</attribute>
      <attribute name="sex">Female</attribute>
      <attribute name="view">Side</attribute>
    </box>
    <box frame="153" outside="0" occluded="0" keyframe="0" xtl="0.00" ytl="19.93" xbr="1449.19" ybr="748.77" z_order="0">
      <attribute name="Adipose Clipped">No</attribute>
      <attribute name="confidence level">3</attribute>
      <attribute name="injury">Yes</attribute>
      <attribute name="notes">Caudal fin split</attribute>
      <attribute name="sex">Female</attribute>
      <attribute name="view">Side</attribute>
    </box>
    <box frame="154" outside="0" occluded="0" keyframe="0" xtl="0.00" ytl="14.41" xbr="1473.39" ybr="748.77" z_order="0">
      <attribute name="Adipose Clipped">No</attribute>
      <attribute name="confidence level">3</attribute>
      <attribute name="injury">Yes</attribute>
      <attribute name="notes">Caudal fin split</attribute>
      <attribute name="sex">Female</attribute>
      <attribute name="view">Side</attribute>
    </box>
    <box frame="155" outside="0" occluded="0" keyframe="1" xtl="0.00" ytl="8.90" xbr="1497.60" ybr="748.77" z_order="0">
      <attribute name="Adipose Clipped">No</attribute>
      <attribute name="confidence level">3</attribute>
      <attribute name="injury">Yes</attribute>
      <attribute name="notes">Caudal fin split</attribute>
      <attribute name="sex">Female</attribute>
      <attribute name="view">Side</attribute>
    </box>
    <box frame="156" outside="0" occluded="0" keyframe="0" xtl="0.00" ytl="10.57" xbr="1528.48" ybr="750.43" z_order="0">
      <attribute name="Adipose Clipped">No</attribute>
      <attribute name="confidence level">3</attribute>
      <attribute name="injury">Yes</attribute>
      <attribute name="notes">Caudal fin split</attribute>
      <attribute name="sex">Female</attribute>
      <attribute name="view">Side</attribute>
    </box>
    <box frame="157" outside="0" occluded="0" keyframe="0" xtl="0.00" ytl="12.24" xbr="1559.37" ybr="752.10" z_order="0">
      <attribute name="Adipose Clipped">No</attribute>
      <attribute name="confidence level">3</attribute>
      <attribute name="injury">Yes</attribute>
      <attribute name="notes">Caudal fin split</attribute>
      <attribute name="sex">Female</attribute>
      <attribute name="view">Side</attribute>
    </box>
    <box frame="158" outside="0" occluded="0" keyframe="0" xtl="0.00" ytl="13.91" xbr="1590.25" ybr="753.77" z_order="0">
      <attribute name="Adipose Clipped">No</attribute>
      <attribute name="confidence level">3</attribute>
      <attribute name="injury">Yes</attribute>
      <attribute name="notes">Caudal fin split</attribute>
      <attribute name="sex">Female</attribute>
      <attribute name="view">Side</attribute>
    </box>
    <box frame="159" outside="0" occluded="0" keyframe="0" xtl="0.00" ytl="15.58" xbr="1621.13" ybr="755.44" z_order="0">
      <attribute name="Adipose Clipped">No</attribute>
      <attribute name="confidence level">3</attribute>
      <attribute name="injury">Yes</attribute>
      <attribute name="notes">Caudal fin split</attribute>
      <attribute name="sex">Female</attribute>
      <attribute name="view">Side</attribute>
    </box>
    <box frame="160" outside="0" occluded="0" keyframe="0" xtl="0.00" ytl="17.25" xbr="1652.02" ybr="757.11" z_order="0">
      <attribute name="Adipose Clipped">No</attribute>
      <attribute name="confidence level">3</attribute>
      <attribute name="injury">Yes</attribute>
      <attribute name="notes">Caudal fin split</attribute>
      <attribute name="sex">Female</attribute>
      <attribute name="view">Side</attribute>
    </box>
    <box frame="161" outside="0" occluded="0" keyframe="0" xtl="0.00" ytl="18.92" xbr="1682.90" ybr="758.78" z_order="0">
      <attribute name="Adipose Clipped">No</attribute>
      <attribute name="confidence level">3</attribute>
      <attribute name="injury">Yes</attribute>
      <attribute name="notes">Caudal fin split</attribute>
      <attribute name="sex">Female</attribute>
      <attribute name="view">Side</attribute>
    </box>
    <box frame="162" outside="0" occluded="0" keyframe="0" xtl="0.00" ytl="20.59" xbr="1713.78" ybr="760.45" z_order="0">
      <attribute name="Adipose Clipped">No</attribute>
      <attribute name="confidence level">3</attribute>
      <attribute name="injury">Yes</attribute>
      <attribute name="notes">Caudal fin split</attribute>
      <attribute name="sex">Female</attribute>
      <attribute name="view">Side</attribute>
    </box>
    <box frame="163" outside="0" occluded="0" keyframe="0" xtl="0.00" ytl="22.26" xbr="1744.66" ybr="762.12" z_order="0">
      <attribute name="Adipose Clipped">No</attribute>
      <attribute name="confidence level">3</attribute>
      <attribute name="injury">Yes</attribute>
      <attribute name="notes">Caudal fin split</attribute>
      <attribute name="sex">Female</attribute>
      <attribute name="view">Side</attribute>
    </box>
    <box frame="164" outside="0" occluded="0" keyframe="0" xtl="0.00" ytl="23.93" xbr="1775.55" ybr="763.79" z_order="0">
      <attribute name="Adipose Clipped">No</attribute>
      <attribute name="confidence level">3</attribute>
      <attribute name="injury">Yes</attribute>
      <attribute name="notes">Caudal fin split</attribute>
      <attribute name="sex">Female</attribute>
      <attribute name="view">Side</attribute>
    </box>
    <box frame="165" outside="0" occluded="0" keyframe="1" xtl="0.00" ytl="25.59" xbr="1806.43" ybr="765.46" z_order="0">
      <attribute name="Adipose Clipped">No</attribute>
      <attribute name="confidence level">3</attribute>
      <attribute name="injury">Yes</attribute>
      <attribute name="notes">Caudal fin split</attribute>
      <attribute name="sex">Female</attribute>
      <attribute name="view">Side</attribute>
    </box>
    <box frame="166" outside="0" occluded="0" keyframe="0" xtl="0.00" ytl="25.59" xbr="1806.43" ybr="773.80" z_order="0">
      <attribute name="Adipose Clipped">No</attribute>
      <attribute name="confidence level">3</attribute>
      <attribute name="injury">Yes</attribute>
      <attribute name="notes">Caudal fin split</attribute>
      <attribute name="sex">Female</attribute>
      <attribute name="view">Side</attribute>
    </box>
    <box frame="167" outside="0" occluded="0" keyframe="0" xtl="0.00" ytl="25.59" xbr="1806.43" ybr="782.15" z_order="0">
      <attribute name="Adipose Clipped">No</attribute>
      <attribute name="confidence level">3</attribute>
      <attribute name="injury">Yes</attribute>
      <attribute name="notes">Caudal fin split</attribute>
      <attribute name="sex">Female</attribute>
      <attribute name="view">Side</attribute>
    </box>
    <box frame="168" outside="0" occluded="0" keyframe="0" xtl="0.00" ytl="25.59" xbr="1806.43" ybr="790.49" z_order="0">
      <attribute name="Adipose Clipped">No</attribute>
      <attribute name="confidence level">3</attribute>
      <attribute name="injury">Yes</attribute>
      <attribute name="notes">Caudal fin split</attribute>
      <attribute name="sex">Female</attribute>
      <attribute name="view">Side</attribute>
    </box>
    <box frame="169" outside="0" occluded="0" keyframe="0" xtl="0.00" ytl="25.59" xbr="1806.43" ybr="798.84" z_order="0">
      <attribute name="Adipose Clipped">No</attribute>
      <attribute name="confidence level">3</attribute>
      <attribute name="injury">Yes</attribute>
      <attribute name="notes">Caudal fin split</attribute>
      <attribute name="sex">Female</attribute>
      <attribute name="view">Side</attribute>
    </box>
    <box frame="170" outside="0" occluded="0" keyframe="0" xtl="0.00" ytl="25.59" xbr="1806.43" ybr="807.18" z_order="0">
      <attribute name="Adipose Clipped">No</attribute>
      <attribute name="confidence level">3</attribute>
      <attribute name="injury">Yes</attribute>
      <attribute name="notes">Caudal fin split</attribute>
      <attribute name="sex">Female</attribute>
      <attribute name="view">Side</attribute>
    </box>
    <box frame="171" outside="0" occluded="0" keyframe="0" xtl="0.00" ytl="25.59" xbr="1806.43" ybr="815.52" z_order="0">
      <attribute name="Adipose Clipped">No</attribute>
      <attribute name="confidence level">3</attribute>
      <attribute name="injury">Yes</attribute>
      <attribute name="notes">Caudal fin split</attribute>
      <attribute name="sex">Female</attribute>
      <attribute name="view">Side</attribute>
    </box>
    <box frame="172" outside="0" occluded="0" keyframe="0" xtl="0.00" ytl="25.59" xbr="1806.43" ybr="823.87" z_order="0">
      <attribute name="Adipose Clipped">No</attribute>
      <attribute name="confidence level">3</attribute>
      <attribute name="injury">Yes</attribute>
      <attribute name="notes">Caudal fin split</attribute>
      <attribute name="sex">Female</attribute>
      <attribute name="view">Side</attribute>
    </box>
    <box frame="173" outside="0" occluded="0" keyframe="0" xtl="0.00" ytl="25.59" xbr="1806.43" ybr="832.21" z_order="0">
      <attribute name="Adipose Clipped">No</attribute>
      <attribute name="confidence level">3</attribute>
      <attribute name="injury">Yes</attribute>
      <attribute name="notes">Caudal fin split</attribute>
      <attribute name="sex">Female</attribute>
      <attribute name="view">Side</attribute>
    </box>
    <box frame="174" outside="0" occluded="0" keyframe="0" xtl="0.00" ytl="25.59" xbr="1806.43" ybr="840.56" z_order="0">
      <attribute name="Adipose Clipped">No</attribute>
      <attribute name="confidence level">3</attribute>
      <attribute name="injury">Yes</attribute>
      <attribute name="notes">Caudal fin split</attribute>
      <attribute name="sex">Female</attribute>
      <attribute name="view">Side</attribute>
    </box>
    <box frame="175" outside="0" occluded="0" keyframe="1" xtl="0.00" ytl="25.59" xbr="1806.43" ybr="848.90" z_order="0">
      <attribute name="Adipose Clipped">No</attribute>
      <attribute name="confidence level">3</attribute>
      <attribute name="injury">Yes</attribute>
      <attribute name="notes">Caudal fin split</attribute>
      <attribute name="sex">Female</attribute>
      <attribute name="view">Side</attribute>
    </box>
    <box frame="176" outside="0" occluded="0" keyframe="0" xtl="0.00" ytl="25.59" xbr="1817.79" ybr="848.90" z_order="0">
      <attribute name="Adipose Clipped">No</attribute>
      <attribute name="confidence level">3</attribute>
      <attribute name="injury">Yes</attribute>
      <attribute name="notes">Caudal fin split</attribute>
      <attribute name="sex">Female</attribute>
      <attribute name="view">Side</attribute>
    </box>
    <box frame="177" outside="0" occluded="0" keyframe="0" xtl="0.00" ytl="25.59" xbr="1829.14" ybr="848.90" z_order="0">
      <attribute name="Adipose Clipped">No</attribute>
      <attribute name="confidence level">3</attribute>
      <attribute name="injury">Yes</attribute>
      <attribute name="notes">Caudal fin split</attribute>
      <attribute name="sex">Female</attribute>
      <attribute name="view">Side</attribute>
    </box>
    <box frame="178" outside="0" occluded="0" keyframe="0" xtl="0.00" ytl="25.59" xbr="1840.50" ybr="848.90" z_order="0">
      <attribute name="Adipose Clipped">No</attribute>
      <attribute name="confidence level">3</attribute>
      <attribute name="injury">Yes</attribute>
      <attribute name="notes">Caudal fin split</attribute>
      <attribute name="sex">Female</attribute>
      <attribute name="view">Side</attribute>
    </box>
    <box frame="179" outside="0" occluded="0" keyframe="0" xtl="0.00" ytl="25.59" xbr="1851.86" ybr="848.90" z_order="0">
      <attribute name="Adipose Clipped">No</attribute>
      <attribute name="confidence level">3</attribute>
      <attribute name="injury">Yes</attribute>
      <attribute name="notes">Caudal fin split</attribute>
      <attribute name="sex">Female</attribute>
      <attribute name="view">Side</attribute>
    </box>
    <box frame="180" outside="0" occluded="0" keyframe="0" xtl="0.00" ytl="25.59" xbr="1863.22" ybr="848.90" z_order="0">
      <attribute name="Adipose Clipped">No</attribute>
      <attribute name="confidence level">3</attribute>
      <attribute name="injury">Yes</attribute>
      <attribute name="notes">Caudal fin split</attribute>
      <attribute name="sex">Female</attribute>
      <attribute name="view">Side</attribute>
    </box>
    <box frame="181" outside="0" occluded="0" keyframe="0" xtl="0.00" ytl="25.59" xbr="1874.57" ybr="848.90" z_order="0">
      <attribute name="Adipose Clipped">No</attribute>
      <attribute name="confidence level">3</attribute>
      <attribute name="injury">Yes</attribute>
      <attribute name="notes">Caudal fin split</attribute>
      <attribute name="sex">Female</attribute>
      <attribute name="view">Side</attribute>
    </box>
    <box frame="182" outside="0" occluded="0" keyframe="0" xtl="0.00" ytl="25.59" xbr="1885.93" ybr="848.90" z_order="0">
      <attribute name="Adipose Clipped">No</attribute>
      <attribute name="confidence level">3</attribute>
      <attribute name="injury">Yes</attribute>
      <attribute name="notes">Caudal fin split</attribute>
      <attribute name="sex">Female</attribute>
      <attribute name="view">Side</attribute>
    </box>
    <box frame="183" outside="0" occluded="0" keyframe="0" xtl="0.00" ytl="25.59" xbr="1897.29" ybr="848.90" z_order="0">
      <attribute name="Adipose Clipped">No</attribute>
      <attribute name="confidence level">3</attribute>
      <attribute name="injury">Yes</attribute>
      <attribute name="notes">Caudal fin split</attribute>
      <attribute name="sex">Female</attribute>
      <attribute name="view">Side</attribute>
    </box>
    <box frame="184" outside="0" occluded="0" keyframe="0" xtl="0.00" ytl="25.59" xbr="1908.64" ybr="848.90" z_order="0">
      <attribute name="Adipose Clipped">No</attribute>
      <attribute name="confidence level">3</attribute>
      <attribute name="injury">Yes</attribute>
      <attribute name="notes">Caudal fin split</attribute>
      <attribute name="sex">Female</attribute>
      <attribute name="view">Side</attribute>
    </box>
    <box frame="185" outside="0" occluded="0" keyframe="1" xtl="0.00" ytl="25.59" xbr="1920.00" ybr="848.90" z_order="0">
      <attribute name="Adipose Clipped">No</attribute>
      <attribute name="confidence level">3</attribute>
      <attribute name="injury">Yes</attribute>
      <attribute name="notes">Caudal fin split</attribute>
      <attribute name="sex">Female</attribute>
      <attribute name="view">Side</attribute>
    </box>
    <box frame="186" outside="0" occluded="0" keyframe="0" xtl="0.00" ytl="25.59" xbr="1920.00" ybr="848.90" z_order="0">
      <attribute name="Adipose Clipped">No</attribute>
      <attribute name="confidence level">3</attribute>
      <attribute name="injury">Yes</attribute>
      <attribute name="notes">Caudal fin split</attribute>
      <attribute name="sex">Female</attribute>
      <attribute name="view">Side</attribute>
    </box>
    <box frame="187" outside="0" occluded="0" keyframe="0" xtl="0.00" ytl="25.59" xbr="1920.00" ybr="848.90" z_order="0">
      <attribute name="Adipose Clipped">No</attribute>
      <attribute name="confidence level">3</attribute>
      <attribute name="injury">Yes</attribute>
      <attribute name="notes">Caudal fin split</attribute>
      <attribute name="sex">Female</attribute>
      <attribute name="view">Side</attribute>
    </box>
    <box frame="188" outside="0" occluded="0" keyframe="0" xtl="0.00" ytl="25.59" xbr="1920.00" ybr="848.90" z_order="0">
      <attribute name="Adipose Clipped">No</attribute>
      <attribute name="confidence level">3</attribute>
      <attribute name="injury">Yes</attribute>
      <attribute name="notes">Caudal fin split</attribute>
      <attribute name="sex">Female</attribute>
      <attribute name="view">Side</attribute>
    </box>
    <box frame="189" outside="0" occluded="0" keyframe="0" xtl="0.00" ytl="25.59" xbr="1920.00" ybr="848.90" z_order="0">
      <attribute name="Adipose Clipped">No</attribute>
      <attribute name="confidence level">3</attribute>
      <attribute name="injury">Yes</attribute>
      <attribute name="notes">Caudal fin split</attribute>
      <attribute name="sex">Female</attribute>
      <attribute name="view">Side</attribute>
    </box>
    <box frame="190" outside="0" occluded="0" keyframe="0" xtl="0.00" ytl="25.59" xbr="1920.00" ybr="848.90" z_order="0">
      <attribute name="Adipose Clipped">No</attribute>
      <attribute name="confidence level">3</attribute>
      <attribute name="injury">Yes</attribute>
      <attribute name="notes">Caudal fin split</attribute>
      <attribute name="sex">Female</attribute>
      <attribute name="view">Side</attribute>
    </box>
    <box frame="191" outside="0" occluded="0" keyframe="0" xtl="0.00" ytl="25.59" xbr="1920.00" ybr="848.90" z_order="0">
      <attribute name="Adipose Clipped">No</attribute>
      <attribute name="confidence level">3</attribute>
      <attribute name="injury">Yes</attribute>
      <attribute name="notes">Caudal fin split</attribute>
      <attribute name="sex">Female</attribute>
      <attribute name="view">Side</attribute>
    </box>
    <box frame="192" outside="0" occluded="0" keyframe="0" xtl="0.00" ytl="25.59" xbr="1920.00" ybr="848.90" z_order="0">
      <attribute name="Adipose Clipped">No</attribute>
      <attribute name="confidence level">3</attribute>
      <attribute name="injury">Yes</attribute>
      <attribute name="notes">Caudal fin split</attribute>
      <attribute name="sex">Female</attribute>
      <attribute name="view">Side</attribute>
    </box>
    <box frame="193" outside="0" occluded="0" keyframe="0" xtl="0.00" ytl="25.59" xbr="1920.00" ybr="848.90" z_order="0">
      <attribute name="Adipose Clipped">No</attribute>
      <attribute name="confidence level">3</attribute>
      <attribute name="injury">Yes</attribute>
      <attribute name="notes">Caudal fin split</attribute>
      <attribute name="sex">Female</attribute>
      <attribute name="view">Side</attribute>
    </box>
    <box frame="194" outside="0" occluded="0" keyframe="0" xtl="0.00" ytl="25.59" xbr="1920.00" ybr="848.90" z_order="0">
      <attribute name="Adipose Clipped">No</attribute>
      <attribute name="confidence level">3</attribute>
      <attribute name="injury">Yes</attribute>
      <attribute name="notes">Caudal fin split</attribute>
      <attribute name="sex">Female</attribute>
      <attribute name="view">Side</attribute>
    </box>
    <box frame="195" outside="0" occluded="1" keyframe="1" xtl="0.00" ytl="25.59" xbr="1920.00" ybr="848.90" z_order="0">
      <attribute name="Adipose Clipped">No</attribute>
      <attribute name="confidence level">3</attribute>
      <attribute name="injury">Yes</attribute>
      <attribute name="notes">Caudal fin split</attribute>
      <attribute name="sex">Female</attribute>
      <attribute name="view">Side</attribute>
    </box>
    <box frame="196" outside="0" occluded="1" keyframe="0" xtl="0.00" ytl="25.59" xbr="1920.00" ybr="859.42" z_order="0">
      <attribute name="Adipose Clipped">No</attribute>
      <attribute name="confidence level">3</attribute>
      <attribute name="injury">Yes</attribute>
      <attribute name="notes">Caudal fin split</attribute>
      <attribute name="sex">Female</attribute>
      <attribute name="view">Side</attribute>
    </box>
    <box frame="197" outside="0" occluded="1" keyframe="0" xtl="0.00" ytl="25.59" xbr="1920.00" ybr="869.94" z_order="0">
      <attribute name="Adipose Clipped">No</attribute>
      <attribute name="confidence level">3</attribute>
      <attribute name="injury">Yes</attribute>
      <attribute name="notes">Caudal fin split</attribute>
      <attribute name="sex">Female</attribute>
      <attribute name="view">Side</attribute>
    </box>
    <box frame="198" outside="0" occluded="1" keyframe="0" xtl="0.00" ytl="25.59" xbr="1920.00" ybr="880.46" z_order="0">
      <attribute name="Adipose Clipped">No</attribute>
      <attribute name="confidence level">3</attribute>
      <attribute name="injury">Yes</attribute>
      <attribute name="notes">Caudal fin split</attribute>
      <attribute name="sex">Female</attribute>
      <attribute name="view">Side</attribute>
    </box>
    <box frame="199" outside="0" occluded="1" keyframe="0" xtl="0.00" ytl="25.59" xbr="1920.00" ybr="890.98" z_order="0">
      <attribute name="Adipose Clipped">No</attribute>
      <attribute name="confidence level">3</attribute>
      <attribute name="injury">Yes</attribute>
      <attribute name="notes">Caudal fin split</attribute>
      <attribute name="sex">Female</attribute>
      <attribute name="view">Side</attribute>
    </box>
    <box frame="200" outside="0" occluded="1" keyframe="0" xtl="0.00" ytl="25.59" xbr="1920.00" ybr="901.50" z_order="0">
      <attribute name="Adipose Clipped">No</attribute>
      <attribute name="confidence level">3</attribute>
      <attribute name="injury">Yes</attribute>
      <attribute name="notes">Caudal fin split</attribute>
      <attribute name="sex">Female</attribute>
      <attribute name="view">Side</attribute>
    </box>
    <box frame="201" outside="0" occluded="1" keyframe="0" xtl="0.00" ytl="25.59" xbr="1920.00" ybr="912.02" z_order="0">
      <attribute name="Adipose Clipped">No</attribute>
      <attribute name="confidence level">3</attribute>
      <attribute name="injury">Yes</attribute>
      <attribute name="notes">Caudal fin split</attribute>
      <attribute name="sex">Female</attribute>
      <attribute name="view">Side</attribute>
    </box>
    <box frame="202" outside="0" occluded="1" keyframe="0" xtl="0.00" ytl="25.59" xbr="1920.00" ybr="922.54" z_order="0">
      <attribute name="Adipose Clipped">No</attribute>
      <attribute name="confidence level">3</attribute>
      <attribute name="injury">Yes</attribute>
      <attribute name="notes">Caudal fin split</attribute>
      <attribute name="sex">Female</attribute>
      <attribute name="view">Side</attribute>
    </box>
    <box frame="203" outside="0" occluded="1" keyframe="0" xtl="0.00" ytl="25.59" xbr="1920.00" ybr="933.06" z_order="0">
      <attribute name="Adipose Clipped">No</attribute>
      <attribute name="confidence level">3</attribute>
      <attribute name="injury">Yes</attribute>
      <attribute name="notes">Caudal fin split</attribute>
      <attribute name="sex">Female</attribute>
      <attribute name="view">Side</attribute>
    </box>
    <box frame="204" outside="0" occluded="1" keyframe="0" xtl="0.00" ytl="25.59" xbr="1920.00" ybr="943.58" z_order="0">
      <attribute name="Adipose Clipped">No</attribute>
      <attribute name="confidence level">3</attribute>
      <attribute name="injury">Yes</attribute>
      <attribute name="notes">Caudal fin split</attribute>
      <attribute name="sex">Female</attribute>
      <attribute name="view">Side</attribute>
    </box>
    <box frame="205" outside="0" occluded="1" keyframe="1" xtl="0.00" ytl="25.59" xbr="1920.00" ybr="954.10" z_order="0">
      <attribute name="Adipose Clipped">No</attribute>
      <attribute name="confidence level">3</attribute>
      <attribute name="injury">Yes</attribute>
      <attribute name="notes">Caudal fin split</attribute>
      <attribute name="sex">Female</attribute>
      <attribute name="view">Side</attribute>
    </box>
    <box frame="206" outside="0" occluded="1" keyframe="0" xtl="0.00" ytl="31.44" xbr="1920.00" ybr="954.10" z_order="0">
      <attribute name="Adipose Clipped">No</attribute>
      <attribute name="confidence level">3</attribute>
      <attribute name="injury">Yes</attribute>
      <attribute name="notes">Caudal fin split</attribute>
      <attribute name="sex">Female</attribute>
      <attribute name="view">Side</attribute>
    </box>
    <box frame="207" outside="0" occluded="1" keyframe="1" xtl="0.00" ytl="37.28" xbr="1920.00" ybr="954.10" z_order="0">
      <attribute name="Adipose Clipped">No</attribute>
      <attribute name="confidence level">3</attribute>
      <attribute name="injury">Yes</attribute>
      <attribute name="notes">Caudal fin split</attribute>
      <attribute name="sex">Female</attribute>
      <attribute name="view">Side</attribute>
    </box>
    <box frame="208" outside="0" occluded="1" keyframe="1" xtl="5.20" ytl="43.12" xbr="1920.00" ybr="954.10" z_order="0">
      <attribute name="Adipose Clipped">No</attribute>
      <attribute name="confidence level">3</attribute>
      <attribute name="injury">Yes</attribute>
      <attribute name="notes">Caudal fin split</attribute>
      <attribute name="sex">Female</attribute>
      <attribute name="view">Side</attribute>
    </box>
    <box frame="209" outside="0" occluded="1" keyframe="1" xtl="3.50" ytl="48.96" xbr="1920.00" ybr="954.10" z_order="0">
      <attribute name="Adipose Clipped">No</attribute>
      <attribute name="confidence level">3</attribute>
      <attribute name="injury">Yes</attribute>
      <attribute name="notes">Caudal fin split</attribute>
      <attribute name="sex">Female</attribute>
      <attribute name="view">Side</attribute>
    </box>
    <box frame="210" outside="0" occluded="1" keyframe="0" xtl="54.40" ytl="54.80" xbr="1920.00" ybr="954.10" z_order="0">
      <attribute name="Adipose Clipped">No</attribute>
      <attribute name="confidence level">3</attribute>
      <attribute name="injury">Yes</attribute>
      <attribute name="notes">Caudal fin split</attribute>
      <attribute name="sex">Female</attribute>
      <attribute name="view">Side</attribute>
    </box>
    <box frame="211" outside="0" occluded="1" keyframe="0" xtl="105.30" ytl="60.64" xbr="1920.00" ybr="954.10" z_order="0">
      <attribute name="Adipose Clipped">No</attribute>
      <attribute name="confidence level">3</attribute>
      <attribute name="injury">Yes</attribute>
      <attribute name="notes">Caudal fin split</attribute>
      <attribute name="sex">Female</attribute>
      <attribute name="view">Side</attribute>
    </box>
    <box frame="212" outside="0" occluded="1" keyframe="0" xtl="156.20" ytl="66.48" xbr="1920.00" ybr="954.10" z_order="0">
      <attribute name="Adipose Clipped">No</attribute>
      <attribute name="confidence level">3</attribute>
      <attribute name="injury">Yes</attribute>
      <attribute name="notes">Caudal fin split</attribute>
      <attribute name="sex">Female</attribute>
      <attribute name="view">Side</attribute>
    </box>
    <box frame="213" outside="0" occluded="1" keyframe="0" xtl="207.10" ytl="72.32" xbr="1920.00" ybr="954.10" z_order="0">
      <attribute name="Adipose Clipped">No</attribute>
      <attribute name="confidence level">3</attribute>
      <attribute name="injury">Yes</attribute>
      <attribute name="notes">Caudal fin split</attribute>
      <attribute name="sex">Female</attribute>
      <attribute name="view">Side</attribute>
    </box>
    <box frame="214" outside="0" occluded="1" keyframe="0" xtl="258.00" ytl="78.16" xbr="1920.00" ybr="954.10" z_order="0">
      <attribute name="Adipose Clipped">No</attribute>
      <attribute name="confidence level">3</attribute>
      <attribute name="injury">Yes</attribute>
      <attribute name="notes">Caudal fin split</attribute>
      <attribute name="sex">Female</attribute>
      <attribute name="view">Side</attribute>
    </box>
    <box frame="215" outside="0" occluded="1" keyframe="1" xtl="308.90" ytl="84.00" xbr="1920.00" ybr="954.10" z_order="0">
      <attribute name="Adipose Clipped">No</attribute>
      <attribute name="confidence level">3</attribute>
      <attribute name="injury">Yes</attribute>
      <attribute name="notes">Caudal fin split</attribute>
      <attribute name="sex">Female</attribute>
      <attribute name="view">Side</attribute>
    </box>
    <box frame="216" outside="0" occluded="1" keyframe="0" xtl="289.97" ytl="84.00" xbr="1920.00" ybr="954.10" z_order="0">
      <attribute name="Adipose Clipped">No</attribute>
      <attribute name="confidence level">3</attribute>
      <attribute name="injury">Yes</attribute>
      <attribute name="notes">Caudal fin split</attribute>
      <attribute name="sex">Female</attribute>
      <attribute name="view">Side</attribute>
    </box>
    <box frame="217" outside="0" occluded="1" keyframe="0" xtl="271.03" ytl="84.00" xbr="1920.00" ybr="954.10" z_order="0">
      <attribute name="Adipose Clipped">No</attribute>
      <attribute name="confidence level">3</attribute>
      <attribute name="injury">Yes</attribute>
      <attribute name="notes">Caudal fin split</attribute>
      <attribute name="sex">Female</attribute>
      <attribute name="view">Side</attribute>
    </box>
    <box frame="218" outside="0" occluded="1" keyframe="1" xtl="252.10" ytl="84.00" xbr="1920.00" ybr="954.10" z_order="0">
      <attribute name="Adipose Clipped">No</attribute>
      <attribute name="confidence level">3</attribute>
      <attribute name="injury">Yes</attribute>
      <attribute name="notes">Caudal fin split</attribute>
      <attribute name="sex">Female</attribute>
      <attribute name="view">Side</attribute>
    </box>
    <box frame="219" outside="0" occluded="1" keyframe="0" xtl="288.83" ytl="84.00" xbr="1920.00" ybr="954.10" z_order="0">
      <attribute name="Adipose Clipped">No</attribute>
      <attribute name="confidence level">3</attribute>
      <attribute name="injury">Yes</attribute>
      <attribute name="notes">Caudal fin split</attribute>
      <attribute name="sex">Female</attribute>
      <attribute name="view">Side</attribute>
    </box>
    <box frame="220" outside="0" occluded="1" keyframe="0" xtl="325.56" ytl="84.00" xbr="1920.00" ybr="954.10" z_order="0">
      <attribute name="Adipose Clipped">No</attribute>
      <attribute name="confidence level">3</attribute>
      <attribute name="injury">Yes</attribute>
      <attribute name="notes">Caudal fin split</attribute>
      <attribute name="sex">Female</attribute>
      <attribute name="view">Side</attribute>
    </box>
    <box frame="221" outside="0" occluded="1" keyframe="0" xtl="362.29" ytl="84.00" xbr="1920.00" ybr="954.10" z_order="0">
      <attribute name="Adipose Clipped">No</attribute>
      <attribute name="confidence level">3</attribute>
      <attribute name="injury">Yes</attribute>
      <attribute name="notes">Caudal fin split</attribute>
      <attribute name="sex">Female</attribute>
      <attribute name="view">Side</attribute>
    </box>
    <box frame="222" outside="0" occluded="1" keyframe="0" xtl="399.01" ytl="84.00" xbr="1920.00" ybr="954.10" z_order="0">
      <attribute name="Adipose Clipped">No</attribute>
      <attribute name="confidence level">3</attribute>
      <attribute name="injury">Yes</attribute>
      <attribute name="notes">Caudal fin split</attribute>
      <attribute name="sex">Female</attribute>
      <attribute name="view">Side</attribute>
    </box>
    <box frame="223" outside="0" occluded="1" keyframe="0" xtl="435.74" ytl="84.00" xbr="1920.00" ybr="954.10" z_order="0">
      <attribute name="Adipose Clipped">No</attribute>
      <attribute name="confidence level">3</attribute>
      <attribute name="injury">Yes</attribute>
      <attribute name="notes">Caudal fin split</attribute>
      <attribute name="sex">Female</attribute>
      <attribute name="view">Side</attribute>
    </box>
    <box frame="224" outside="0" occluded="1" keyframe="0" xtl="472.47" ytl="84.00" xbr="1920.00" ybr="954.10" z_order="0">
      <attribute name="Adipose Clipped">No</attribute>
      <attribute name="confidence level">3</attribute>
      <attribute name="injury">Yes</attribute>
      <attribute name="notes">Caudal fin split</attribute>
      <attribute name="sex">Female</attribute>
      <attribute name="view">Side</attribute>
    </box>
    <box frame="225" outside="0" occluded="1" keyframe="1" xtl="509.20" ytl="84.00" xbr="1920.00" ybr="954.10" z_order="0">
      <attribute name="Adipose Clipped">No</attribute>
      <attribute name="confidence level">3</attribute>
      <attribute name="injury">Yes</attribute>
      <attribute name="notes">Caudal fin split</attribute>
      <attribute name="sex">Female</attribute>
      <attribute name="view">Side</attribute>
    </box>
    <box frame="226" outside="0" occluded="1" keyframe="0" xtl="537.75" ytl="93.85" xbr="1920.00" ybr="954.10" z_order="0">
      <attribute name="Adipose Clipped">No</attribute>
      <attribute name="confidence level">3</attribute>
      <attribute name="injury">Yes</attribute>
      <attribute name="notes">Caudal fin split</attribute>
      <attribute name="sex">Female</attribute>
      <attribute name="view">Side</attribute>
    </box>
    <box frame="227" outside="0" occluded="1" keyframe="0" xtl="566.30" ytl="103.70" xbr="1920.00" ybr="954.10" z_order="0">
      <attribute name="Adipose Clipped">No</attribute>
      <attribute name="confidence level">3</attribute>
      <attribute name="injury">Yes</attribute>
      <attribute name="notes">Caudal fin split</attribute>
      <attribute name="sex">Female</attribute>
      <attribute name="view">Side</attribute>
    </box>
    <box frame="228" outside="0" occluded="1" keyframe="0" xtl="594.85" ytl="113.55" xbr="1920.00" ybr="954.10" z_order="0">
      <attribute name="Adipose Clipped">No</attribute>
      <attribute name="confidence level">3</attribute>
      <attribute name="injury">Yes</attribute>
      <attribute name="notes">Caudal fin split</attribute>
      <attribute name="sex">Female</attribute>
      <attribute name="view">Side</attribute>
    </box>
    <box frame="229" outside="0" occluded="1" keyframe="0" xtl="623.40" ytl="123.40" xbr="1920.00" ybr="954.10" z_order="0">
      <attribute name="Adipose Clipped">No</attribute>
      <attribute name="confidence level">3</attribute>
      <attribute name="injury">Yes</attribute>
      <attribute name="notes">Caudal fin split</attribute>
      <attribute name="sex">Female</attribute>
      <attribute name="view">Side</attribute>
    </box>
    <box frame="230" outside="0" occluded="1" keyframe="0" xtl="651.95" ytl="133.25" xbr="1920.00" ybr="954.10" z_order="0">
      <attribute name="Adipose Clipped">No</attribute>
      <attribute name="confidence level">3</attribute>
      <attribute name="injury">Yes</attribute>
      <attribute name="notes">Caudal fin split</attribute>
      <attribute name="sex">Female</attribute>
      <attribute name="view">Side</attribute>
    </box>
    <box frame="231" outside="0" occluded="1" keyframe="0" xtl="680.50" ytl="143.10" xbr="1920.00" ybr="954.10" z_order="0">
      <attribute name="Adipose Clipped">No</attribute>
      <attribute name="confidence level">3</attribute>
      <attribute name="injury">Yes</attribute>
      <attribute name="notes">Caudal fin split</attribute>
      <attribute name="sex">Female</attribute>
      <attribute name="view">Side</attribute>
    </box>
    <box frame="232" outside="0" occluded="1" keyframe="0" xtl="709.05" ytl="152.95" xbr="1920.00" ybr="954.10" z_order="0">
      <attribute name="Adipose Clipped">No</attribute>
      <attribute name="confidence level">3</attribute>
      <attribute name="injury">Yes</attribute>
      <attribute name="notes">Caudal fin split</attribute>
      <attribute name="sex">Female</attribute>
      <attribute name="view">Side</attribute>
    </box>
    <box frame="233" outside="0" occluded="1" keyframe="0" xtl="737.60" ytl="162.80" xbr="1920.00" ybr="954.10" z_order="0">
      <attribute name="Adipose Clipped">No</attribute>
      <attribute name="confidence level">3</attribute>
      <attribute name="injury">Yes</attribute>
      <attribute name="notes">Caudal fin split</attribute>
      <attribute name="sex">Female</attribute>
      <attribute name="view">Side</attribute>
    </box>
    <box frame="234" outside="0" occluded="1" keyframe="0" xtl="766.15" ytl="172.65" xbr="1920.00" ybr="954.10" z_order="0">
      <attribute name="Adipose Clipped">No</attribute>
      <attribute name="confidence level">3</attribute>
      <attribute name="injury">Yes</attribute>
      <attribute name="notes">Caudal fin split</attribute>
      <attribute name="sex">Female</attribute>
      <attribute name="view">Side</attribute>
    </box>
    <box frame="235" outside="0" occluded="1" keyframe="1" xtl="794.70" ytl="182.50" xbr="1920.00" ybr="954.10" z_order="0">
      <attribute name="Adipose Clipped">No</attribute>
      <attribute name="confidence level">3</attribute>
      <attribute name="injury">Yes</attribute>
      <attribute name="notes">Caudal fin split</attribute>
      <attribute name="sex">Female</attribute>
      <attribute name="view">Side</attribute>
    </box>
    <box frame="236" outside="0" occluded="1" keyframe="0" xtl="813.39" ytl="184.84" xbr="1920.00" ybr="945.92" z_order="0">
      <attribute name="Adipose Clipped">No</attribute>
      <attribute name="confidence level">3</attribute>
      <attribute name="injury">Yes</attribute>
      <attribute name="notes">Caudal fin split</attribute>
      <attribute name="sex">Female</attribute>
      <attribute name="view">Side</attribute>
    </box>
    <box frame="237" outside="0" occluded="1" keyframe="0" xtl="832.08" ytl="187.18" xbr="1920.00" ybr="937.74" z_order="0">
      <attribute name="Adipose Clipped">No</attribute>
      <attribute name="confidence level">3</attribute>
      <attribute name="injury">Yes</attribute>
      <attribute name="notes">Caudal fin split</attribute>
      <attribute name="sex">Female</attribute>
      <attribute name="view">Side</attribute>
    </box>
    <box frame="238" outside="0" occluded="1" keyframe="0" xtl="850.77" ytl="189.52" xbr="1920.00" ybr="929.56" z_order="0">
      <attribute name="Adipose Clipped">No</attribute>
      <attribute name="confidence level">3</attribute>
      <attribute name="injury">Yes</attribute>
      <attribute name="notes">Caudal fin split</attribute>
      <attribute name="sex">Female</attribute>
      <attribute name="view">Side</attribute>
    </box>
    <box frame="239" outside="0" occluded="1" keyframe="0" xtl="869.46" ytl="191.86" xbr="1920.00" ybr="921.38" z_order="0">
      <attribute name="Adipose Clipped">No</attribute>
      <attribute name="confidence level">3</attribute>
      <attribute name="injury">Yes</attribute>
      <attribute name="notes">Caudal fin split</attribute>
      <attribute name="sex">Female</attribute>
      <attribute name="view">Side</attribute>
    </box>
    <box frame="240" outside="0" occluded="1" keyframe="0" xtl="888.15" ytl="194.20" xbr="1920.00" ybr="913.20" z_order="0">
      <attribute name="Adipose Clipped">No</attribute>
      <attribute name="confidence level">3</attribute>
      <attribute name="injury">Yes</attribute>
      <attribute name="notes">Caudal fin split</attribute>
      <attribute name="sex">Female</attribute>
      <attribute name="view">Side</attribute>
    </box>
    <box frame="241" outside="0" occluded="1" keyframe="0" xtl="906.84" ytl="196.54" xbr="1920.00" ybr="905.02" z_order="0">
      <attribute name="Adipose Clipped">No</attribute>
      <attribute name="confidence level">3</attribute>
      <attribute name="injury">Yes</attribute>
      <attribute name="notes">Caudal fin split</attribute>
      <attribute name="sex">Female</attribute>
      <attribute name="view">Side</attribute>
    </box>
    <box frame="242" outside="0" occluded="1" keyframe="0" xtl="925.53" ytl="198.88" xbr="1920.00" ybr="896.83" z_order="0">
      <attribute name="Adipose Clipped">No</attribute>
      <attribute name="confidence level">3</attribute>
      <attribute name="injury">Yes</attribute>
      <attribute name="notes">Caudal fin split</attribute>
      <attribute name="sex">Female</attribute>
      <attribute name="view">Side</attribute>
    </box>
    <box frame="243" outside="0" occluded="1" keyframe="0" xtl="944.22" ytl="201.22" xbr="1920.00" ybr="888.65" z_order="0">
      <attribute name="Adipose Clipped">No</attribute>
      <attribute name="confidence level">3</attribute>
      <attribute name="injury">Yes</attribute>
      <attribute name="notes">Caudal fin split</attribute>
      <attribute name="sex">Female</attribute>
      <attribute name="view">Side</attribute>
    </box>
    <box frame="244" outside="0" occluded="1" keyframe="0" xtl="962.91" ytl="203.56" xbr="1920.00" ybr="880.47" z_order="0">
      <attribute name="Adipose Clipped">No</attribute>
      <attribute name="confidence level">3</attribute>
      <attribute name="injury">Yes</attribute>
      <attribute name="notes">Caudal fin split</attribute>
      <attribute name="sex">Female</attribute>
      <attribute name="view">Side</attribute>
    </box>
    <box frame="245" outside="0" occluded="1" keyframe="1" xtl="981.60" ytl="205.90" xbr="1920.00" ybr="872.29" z_order="0">
      <attribute name="Adipose Clipped">No</attribute>
      <attribute name="confidence level">3</attribute>
      <attribute name="injury">Yes</attribute>
      <attribute name="notes">Caudal fin split</attribute>
      <attribute name="sex">Female</attribute>
      <attribute name="view">Side</attribute>
    </box>
    <box frame="246" outside="0" occluded="1" keyframe="0" xtl="1005.47" ytl="211.58" xbr="1920.00" ybr="872.29" z_order="0">
      <attribute name="Adipose Clipped">No</attribute>
      <attribute name="confidence level">3</attribute>
      <attribute name="injury">Yes</attribute>
      <attribute name="notes">Caudal fin split</attribute>
      <attribute name="sex">Female</attribute>
      <attribute name="view">Side</attribute>
    </box>
    <box frame="247" outside="0" occluded="1" keyframe="0" xtl="1029.34" ytl="217.26" xbr="1920.00" ybr="872.29" z_order="0">
      <attribute name="Adipose Clipped">No</attribute>
      <attribute name="confidence level">3</attribute>
      <attribute name="injury">Yes</attribute>
      <attribute name="notes">Caudal fin split</attribute>
      <attribute name="sex">Female</attribute>
      <attribute name="view">Side</attribute>
    </box>
    <box frame="248" outside="0" occluded="1" keyframe="0" xtl="1053.21" ytl="222.94" xbr="1920.00" ybr="872.29" z_order="0">
      <attribute name="Adipose Clipped">No</attribute>
      <attribute name="confidence level">3</attribute>
      <attribute name="injury">Yes</attribute>
      <attribute name="notes">Caudal fin split</attribute>
      <attribute name="sex">Female</attribute>
      <attribute name="view">Side</attribute>
    </box>
    <box frame="249" outside="0" occluded="1" keyframe="0" xtl="1077.08" ytl="228.62" xbr="1920.00" ybr="872.29" z_order="0">
      <attribute name="Adipose Clipped">No</attribute>
      <attribute name="confidence level">3</attribute>
      <attribute name="injury">Yes</attribute>
      <attribute name="notes">Caudal fin split</attribute>
      <attribute name="sex">Female</attribute>
      <attribute name="view">Side</attribute>
    </box>
    <box frame="250" outside="0" occluded="1" keyframe="0" xtl="1100.95" ytl="234.30" xbr="1920.00" ybr="872.29" z_order="0">
      <attribute name="Adipose Clipped">No</attribute>
      <attribute name="confidence level">3</attribute>
      <attribute name="injury">Yes</attribute>
      <attribute name="notes">Caudal fin split</attribute>
      <attribute name="sex">Female</attribute>
      <attribute name="view">Side</attribute>
    </box>
    <box frame="251" outside="0" occluded="1" keyframe="0" xtl="1124.82" ytl="239.98" xbr="1920.00" ybr="872.29" z_order="0">
      <attribute name="Adipose Clipped">No</attribute>
      <attribute name="confidence level">3</attribute>
      <attribute name="injury">Yes</attribute>
      <attribute name="notes">Caudal fin split</attribute>
      <attribute name="sex">Female</attribute>
      <attribute name="view">Side</attribute>
    </box>
    <box frame="252" outside="0" occluded="1" keyframe="0" xtl="1148.69" ytl="245.66" xbr="1920.00" ybr="872.29" z_order="0">
      <attribute name="Adipose Clipped">No</attribute>
      <attribute name="confidence level">3</attribute>
      <attribute name="injury">Yes</attribute>
      <attribute name="notes">Caudal fin split</attribute>
      <attribute name="sex">Female</attribute>
      <attribute name="view">Side</attribute>
    </box>
    <box frame="253" outside="0" occluded="1" keyframe="0" xtl="1172.56" ytl="251.34" xbr="1920.00" ybr="872.29" z_order="0">
      <attribute name="Adipose Clipped">No</attribute>
      <attribute name="confidence level">3</attribute>
      <attribute name="injury">Yes</attribute>
      <attribute name="notes">Caudal fin split</attribute>
      <attribute name="sex">Female</attribute>
      <attribute name="view">Side</attribute>
    </box>
    <box frame="254" outside="0" occluded="1" keyframe="0" xtl="1196.43" ytl="257.02" xbr="1920.00" ybr="872.29" z_order="0">
      <attribute name="Adipose Clipped">No</attribute>
      <attribute name="confidence level">3</attribute>
      <attribute name="injury">Yes</attribute>
      <attribute name="notes">Caudal fin split</attribute>
      <attribute name="sex">Female</attribute>
      <attribute name="view">Side</attribute>
    </box>
    <box frame="255" outside="0" occluded="1" keyframe="1" xtl="1220.30" ytl="262.70" xbr="1920.00" ybr="872.29" z_order="0">
      <attribute name="Adipose Clipped">No</attribute>
      <attribute name="confidence level">3</attribute>
      <attribute name="injury">Yes</attribute>
      <attribute name="notes">Caudal fin split</attribute>
      <attribute name="sex">Female</attribute>
      <attribute name="view">Side</attribute>
    </box>
    <box frame="256" outside="0" occluded="1" keyframe="0" xtl="1253.52" ytl="266.21" xbr="1920.00" ybr="872.29" z_order="0">
      <attribute name="Adipose Clipped">No</attribute>
      <attribute name="confidence level">3</attribute>
      <attribute name="injury">Yes</attribute>
      <attribute name="notes">Caudal fin split</attribute>
      <attribute name="sex">Female</attribute>
      <attribute name="view">Side</attribute>
    </box>
    <box frame="257" outside="0" occluded="1" keyframe="0" xtl="1286.74" ytl="269.72" xbr="1920.00" ybr="872.29" z_order="0">
      <attribute name="Adipose Clipped">No</attribute>
      <attribute name="confidence level">3</attribute>
      <attribute name="injury">Yes</attribute>
      <attribute name="notes">Caudal fin split</attribute>
      <attribute name="sex">Female</attribute>
      <attribute name="view">Side</attribute>
    </box>
    <box frame="258" outside="0" occluded="1" keyframe="0" xtl="1319.96" ytl="273.23" xbr="1920.00" ybr="872.29" z_order="0">
      <attribute name="Adipose Clipped">No</attribute>
      <attribute name="confidence level">3</attribute>
      <attribute name="injury">Yes</attribute>
      <attribute name="notes">Caudal fin split</attribute>
      <attribute name="sex">Female</attribute>
      <attribute name="view">Side</attribute>
    </box>
    <box frame="259" outside="0" occluded="1" keyframe="0" xtl="1353.18" ytl="276.74" xbr="1920.00" ybr="872.29" z_order="0">
      <attribute name="Adipose Clipped">No</attribute>
      <attribute name="confidence level">3</attribute>
      <attribute name="injury">Yes</attribute>
      <attribute name="notes">Caudal fin split</attribute>
      <attribute name="sex">Female</attribute>
      <attribute name="view">Side</attribute>
    </box>
    <box frame="260" outside="0" occluded="1" keyframe="0" xtl="1386.40" ytl="280.25" xbr="1920.00" ybr="872.29" z_order="0">
      <attribute name="Adipose Clipped">No</attribute>
      <attribute name="confidence level">3</attribute>
      <attribute name="injury">Yes</attribute>
      <attribute name="notes">Caudal fin split</attribute>
      <attribute name="sex">Female</attribute>
      <attribute name="view">Side</attribute>
    </box>
    <box frame="261" outside="0" occluded="1" keyframe="0" xtl="1419.62" ytl="283.76" xbr="1920.00" ybr="872.29" z_order="0">
      <attribute name="Adipose Clipped">No</attribute>
      <attribute name="confidence level">3</attribute>
      <attribute name="injury">Yes</attribute>
      <attribute name="notes">Caudal fin split</attribute>
      <attribute name="sex">Female</attribute>
      <attribute name="view">Side</attribute>
    </box>
    <box frame="262" outside="0" occluded="1" keyframe="0" xtl="1452.84" ytl="287.27" xbr="1920.00" ybr="872.29" z_order="0">
      <attribute name="Adipose Clipped">No</attribute>
      <attribute name="confidence level">3</attribute>
      <attribute name="injury">Yes</attribute>
      <attribute name="notes">Caudal fin split</attribute>
      <attribute name="sex">Female</attribute>
      <attribute name="view">Side</attribute>
    </box>
    <box frame="263" outside="0" occluded="1" keyframe="0" xtl="1486.06" ytl="290.78" xbr="1920.00" ybr="872.29" z_order="0">
      <attribute name="Adipose Clipped">No</attribute>
      <attribute name="confidence level">3</attribute>
      <attribute name="injury">Yes</attribute>
      <attribute name="notes">Caudal fin split</attribute>
      <attribute name="sex">Female</attribute>
      <attribute name="view">Side</attribute>
    </box>
    <box frame="264" outside="0" occluded="1" keyframe="0" xtl="1519.28" ytl="294.29" xbr="1920.00" ybr="872.29" z_order="0">
      <attribute name="Adipose Clipped">No</attribute>
      <attribute name="confidence level">3</attribute>
      <attribute name="injury">Yes</attribute>
      <attribute name="notes">Caudal fin split</attribute>
      <attribute name="sex">Female</attribute>
      <attribute name="view">Side</attribute>
    </box>
    <box frame="265" outside="0" occluded="1" keyframe="1" xtl="1552.50" ytl="297.80" xbr="1920.00" ybr="872.29" z_order="0">
      <attribute name="Adipose Clipped">No</attribute>
      <attribute name="confidence level">3</attribute>
      <attribute name="injury">Yes</attribute>
      <attribute name="notes">Caudal fin split</attribute>
      <attribute name="sex">Female</attribute>
      <attribute name="view">Side</attribute>
    </box>
    <box frame="266" outside="0" occluded="1" keyframe="0" xtl="1586.63" ytl="301.51" xbr="1920.00" ybr="872.29" z_order="0">
      <attribute name="Adipose Clipped">No</attribute>
      <attribute name="confidence level">3</attribute>
      <attribute name="injury">Yes</attribute>
      <attribute name="notes">Caudal fin split</attribute>
      <attribute name="sex">Female</attribute>
      <attribute name="view">Side</attribute>
    </box>
    <box frame="267" outside="0" occluded="1" keyframe="0" xtl="1620.77" ytl="305.22" xbr="1920.00" ybr="872.29" z_order="0">
      <attribute name="Adipose Clipped">No</attribute>
      <attribute name="confidence level">3</attribute>
      <attribute name="injury">Yes</attribute>
      <attribute name="notes">Caudal fin split</attribute>
      <attribute name="sex">Female</attribute>
      <attribute name="view">Side</attribute>
    </box>
    <box frame="268" outside="0" occluded="1" keyframe="0" xtl="1654.90" ytl="308.93" xbr="1920.00" ybr="872.29" z_order="0">
      <attribute name="Adipose Clipped">No</attribute>
      <attribute name="confidence level">3</attribute>
      <attribute name="injury">Yes</attribute>
      <attribute name="notes">Caudal fin split</attribute>
      <attribute name="sex">Female</attribute>
      <attribute name="view">Side</attribute>
    </box>
    <box frame="269" outside="0" occluded="1" keyframe="0" xtl="1689.03" ytl="312.64" xbr="1920.00" ybr="872.29" z_order="0">
      <attribute name="Adipose Clipped">No</attribute>
      <attribute name="confidence level">3</attribute>
      <attribute name="injury">Yes</attribute>
      <attribute name="notes">Caudal fin split</attribute>
      <attribute name="sex">Female</attribute>
      <attribute name="view">Side</attribute>
    </box>
    <box frame="270" outside="0" occluded="1" keyframe="0" xtl="1723.17" ytl="316.36" xbr="1920.00" ybr="872.29" z_order="0">
      <attribute name="Adipose Clipped">No</attribute>
      <attribute name="confidence level">3</attribute>
      <attribute name="injury">Yes</attribute>
      <attribute name="notes">Caudal fin split</attribute>
      <attribute name="sex">Female</attribute>
      <attribute name="view">Side</attribute>
    </box>
    <box frame="271" outside="0" occluded="1" keyframe="0" xtl="1757.30" ytl="320.07" xbr="1920.00" ybr="872.29" z_order="0">
      <attribute name="Adipose Clipped">No</attribute>
      <attribute name="confidence level">3</attribute>
      <attribute name="injury">Yes</attribute>
      <attribute name="notes">Caudal fin split</attribute>
      <attribute name="sex">Female</attribute>
      <attribute name="view">Side</attribute>
    </box>
    <box frame="272" outside="0" occluded="1" keyframe="0" xtl="1791.43" ytl="323.78" xbr="1920.00" ybr="872.29" z_order="0">
      <attribute name="Adipose Clipped">No</attribute>
      <attribute name="confidence level">3</attribute>
      <attribute name="injury">Yes</attribute>
      <attribute name="notes">Caudal fin split</attribute>
      <attribute name="sex">Female</attribute>
      <attribute name="view">Side</attribute>
    </box>
    <box frame="273" outside="0" occluded="1" keyframe="0" xtl="1825.57" ytl="327.49" xbr="1920.00" ybr="872.29" z_order="0">
      <attribute name="Adipose Clipped">No</attribute>
      <attribute name="confidence level">3</attribute>
      <attribute name="injury">Yes</attribute>
      <attribute name="notes">Caudal fin split</attribute>
      <attribute name="sex">Female</attribute>
      <attribute name="view">Side</attribute>
    </box>
    <box frame="274" outside="0" occluded="1" keyframe="1" xtl="1859.70" ytl="331.20" xbr="1920.00" ybr="872.29" z_order="0">
      <attribute name="Adipose Clipped">No</attribute>
      <attribute name="confidence level">3</attribute>
      <attribute name="injury">Yes</attribute>
      <attribute name="notes">Caudal fin split</attribute>
      <attribute name="sex">Female</attribute>
      <attribute name="view">Side</attribute>
    </box>
    <box frame="275" outside="1" occluded="1" keyframe="1" xtl="1859.70" ytl="331.20" xbr="1920.00" ybr="872.29" z_order="0">
      <attribute name="Adipose Clipped">No</attribute>
      <attribute name="confidence level">3</attribute>
      <attribute name="injury">Yes</attribute>
      <attribute name="notes">Caudal fin split</attribute>
      <attribute name="sex">Female</attribute>
      <attribute name="view">Side</attribute>
    </box>
  </track>
</annotations>
