<?xml version="1.0" encoding="utf-8"?>
<annotations>
  <version>1.1</version>
  <meta>
    <task>
      <id>12</id>
      <name>09-23-2020 23-56-28 M Salmon Camera</name>
      <size>627</size>
      <mode>interpolation</mode>
      <overlap>5</overlap>
      <bugtracker></bugtracker>
      <created>2022-01-15 00:08:51.527953+00:00</created>
      <updated>2022-01-15 00:12:22.615944+00:00</updated>
      <subset>default</subset>
      <start_frame>0</start_frame>
      <stop_frame>626</stop_frame>
      <frame_filter></frame_filter>
      <segments>
        <segment>
          <id>12</id>
          <start>0</start>
          <stop>626</stop>
          <url>httplocalhost:8080/?id=12</url>
        </segment>
      </segments>
      <owner>
        <username>django</username>
        <email>daniel_scurfield@sfu.ca</email>
      </owner>
      <assignee></assignee>
      <labels>
        <label>
          <name>Coho</name>
          <color>#3df53d</color>
          <attributes>
            <attribute>
              <name>Adipose Clipped</name>
              <mutable>False</mutable>
              <input_type>select</input_type>
              <default_value>No</default_value>
              <values>No
Yes
NA</values>
            </attribute>
            <attribute>
              <name>Confidence Level</name>
              <mutable>False</mutable>
              <input_type>select</input_type>
              <default_value>3</default_value>
              <values>3
2
1</values>
            </attribute>
            <attribute>
              <name>Injury</name>
              <mutable>False</mutable>
              <input_type>select</input_type>
              <default_value>No</default_value>
              <values>No
Yes
NA</values>
            </attribute>
            <attribute>
              <name>Notes</name>
              <mutable>False</mutable>
              <input_type>text</input_type>
              <default_value>NA</default_value>
              <values>NA</values>
            </attribute>
            <attribute>
              <name>Sex</name>
              <mutable>False</mutable>
              <input_type>select</input_type>
              <default_value>Male</default_value>
              <values>Male
Female
Jack</values>
            </attribute>
            <attribute>
              <name>View</name>
              <mutable>False</mutable>
              <input_type>select</input_type>
              <default_value>Side</default_value>
              <values>Side
Top-down</values>
            </attribute>
          </attributes>
        </label>
        <label>
          <name>Bull</name>
          <color>#ff6037</color>
          <attributes>
            <attribute>
              <name>Adipose Clipped</name>
              <mutable>False</mutable>
              <input_type>select</input_type>
              <default_value>No</default_value>
              <values>No
NA</values>
            </attribute>
            <attribute>
              <name>Confidence Level</name>
              <mutable>False</mutable>
              <input_type>select</input_type>
              <default_value>3</default_value>
              <values>3
2
1</values>
            </attribute>
            <attribute>
              <name>Injury</name>
              <mutable>False</mutable>
              <input_type>select</input_type>
              <default_value>No</default_value>
              <values>No
Yes
NA</values>
            </attribute>
            <attribute>
              <name>Notes</name>
              <mutable>False</mutable>
              <input_type>text</input_type>
              <default_value>NA</default_value>
              <values>NA</values>
            </attribute>
            <attribute>
              <name>Sex</name>
              <mutable>False</mutable>
              <input_type>select</input_type>
              <default_value>NA</default_value>
              <values>NA</values>
            </attribute>
          </attributes>
        </label>
        <label>
          <name>Chum</name>
          <color>#b83df5</color>
          <attributes>
            <attribute>
              <name>Adipose Clipped</name>
              <mutable>False</mutable>
              <input_type>select</input_type>
              <default_value>No</default_value>
              <values>No
Yes
NA</values>
            </attribute>
            <attribute>
              <name>Confidence Level</name>
              <mutable>False</mutable>
              <input_type>select</input_type>
              <default_value>3</default_value>
              <values>3
2
1</values>
            </attribute>
            <attribute>
              <name>Injury</name>
              <mutable>False</mutable>
              <input_type>select</input_type>
              <default_value>No</default_value>
              <values>No
Yes
NA</values>
            </attribute>
            <attribute>
              <name>Notes</name>
              <mutable>False</mutable>
              <input_type>text</input_type>
              <default_value>NA</default_value>
              <values>NA</values>
            </attribute>
            <attribute>
              <name>Sex</name>
              <mutable>False</mutable>
              <input_type>select</input_type>
              <default_value>Male</default_value>
              <values>Male
Female</values>
            </attribute>
          </attributes>
        </label>
        <label>
          <name>Whitefish</name>
          <color>#e2f1ee</color>
          <attributes>
            <attribute>
              <name>Sex</name>
              <mutable>False</mutable>
              <input_type>select</input_type>
              <default_value>NA</default_value>
              <values>NA</values>
            </attribute>
            <attribute>
              <name>Adipose Clipped</name>
              <mutable>False</mutable>
              <input_type>select</input_type>
              <default_value>No</default_value>
              <values>No
Yes
NA</values>
            </attribute>
            <attribute>
              <name>Confidence Level</name>
              <mutable>False</mutable>
              <input_type>select</input_type>
              <default_value>3</default_value>
              <values>3
2
1</values>
            </attribute>
            <attribute>
              <name>Injury</name>
              <mutable>False</mutable>
              <input_type>select</input_type>
              <default_value>No</default_value>
              <values>No
Yes
NA</values>
            </attribute>
            <attribute>
              <name>Notes</name>
              <mutable>False</mutable>
              <input_type>text</input_type>
              <default_value>NA</default_value>
              <values>NA</values>
            </attribute>
          </attributes>
        </label>
        <label>
          <name>Pink</name>
          <color>#fa32b7</color>
          <attributes>
            <attribute>
              <name>Adipose Clipped</name>
              <mutable>False</mutable>
              <input_type>select</input_type>
              <default_value>No</default_value>
              <values>No
Yes
NA</values>
            </attribute>
            <attribute>
              <name>Confidence level</name>
              <mutable>False</mutable>
              <input_type>select</input_type>
              <default_value>3</default_value>
              <values>3
2
1</values>
            </attribute>
            <attribute>
              <name>Injury</name>
              <mutable>False</mutable>
              <input_type>select</input_type>
              <default_value>No</default_value>
              <values>No
Yes
NA</values>
            </attribute>
            <attribute>
              <name>Notes</name>
              <mutable>False</mutable>
              <input_type>text</input_type>
              <default_value>NA</default_value>
              <values>NA</values>
            </attribute>
            <attribute>
              <name>Sex</name>
              <mutable>False</mutable>
              <input_type>select</input_type>
              <default_value>Male</default_value>
              <values>Male
Female</values>
            </attribute>
          </attributes>
        </label>
        <label>
          <name>Steelhead</name>
          <color>#aaf0d1</color>
          <attributes>
            <attribute>
              <name>Adipose Clipped</name>
              <mutable>False</mutable>
              <input_type>select</input_type>
              <default_value>No</default_value>
              <values>No
Yes
NA</values>
            </attribute>
            <attribute>
              <name>Confidence Level</name>
              <mutable>False</mutable>
              <input_type>select</input_type>
              <default_value>3</default_value>
              <values>3
2
1</values>
            </attribute>
            <attribute>
              <name>Injury</name>
              <mutable>False</mutable>
              <input_type>select</input_type>
              <default_value>No</default_value>
              <values>No
Yes
NA</values>
            </attribute>
            <attribute>
              <name>Notes</name>
              <mutable>False</mutable>
              <input_type>text</input_type>
              <default_value>NA</default_value>
              <values>NA</values>
            </attribute>
            <attribute>
              <name>Sex</name>
              <mutable>False</mutable>
              <input_type>select</input_type>
              <default_value>Male</default_value>
              <values>Male
Female</values>
            </attribute>
          </attributes>
        </label>
        <label>
          <name>Chinook</name>
          <color>#c0102d</color>
          <attributes>
            <attribute>
              <name>Injury</name>
              <mutable>False</mutable>
              <input_type>select</input_type>
              <default_value>No</default_value>
              <values>No
Yes
NA</values>
            </attribute>
            <attribute>
              <name>Notes</name>
              <mutable>False</mutable>
              <input_type>text</input_type>
              <default_value>NA</default_value>
              <values>NA</values>
            </attribute>
            <attribute>
              <name>Sex</name>
              <mutable>False</mutable>
              <input_type>select</input_type>
              <default_value>Male</default_value>
              <values>Male
Female
Jack</values>
            </attribute>
            <attribute>
              <name>Adipose Clipped</name>
              <mutable>False</mutable>
              <input_type>select</input_type>
              <default_value>No</default_value>
              <values>No
Yes
NA</values>
            </attribute>
            <attribute>
              <name>Confidence Level</name>
              <mutable>False</mutable>
              <input_type>select</input_type>
              <default_value>3</default_value>
              <values>3
2
1</values>
            </attribute>
          </attributes>
        </label>
        <label>
          <name>Sockeye</name>
          <color>#e2143e</color>
          <attributes>
            <attribute>
              <name>Adipose Clipped</name>
              <mutable>False</mutable>
              <input_type>select</input_type>
              <default_value>No</default_value>
              <values>No
Yes
NA</values>
            </attribute>
            <attribute>
              <name>Confidence Level</name>
              <mutable>False</mutable>
              <input_type>select</input_type>
              <default_value>3</default_value>
              <values>3
2
1</values>
            </attribute>
            <attribute>
              <name>Injury</name>
              <mutable>False</mutable>
              <input_type>select</input_type>
              <default_value>No</default_value>
              <values>No
Yes
NA</values>
            </attribute>
            <attribute>
              <name>Notes</name>
              <mutable>False</mutable>
              <input_type>text</input_type>
              <default_value>NA</default_value>
              <values>NA</values>
            </attribute>
            <attribute>
              <name>Sex</name>
              <mutable>False</mutable>
              <input_type>select</input_type>
              <default_value>Male</default_value>
              <values>Male
Female</values>
            </attribute>
          </attributes>
        </label>
        <label>
          <name>Pikeminnow</name>
          <color>#cc9933</color>
          <attributes>
            <attribute>
              <name>Confidence Level</name>
              <mutable>False</mutable>
              <input_type>select</input_type>
              <default_value>3</default_value>
              <values>3
2
1</values>
            </attribute>
            <attribute>
              <name>Notes</name>
              <mutable>False</mutable>
              <input_type>text</input_type>
              <default_value>NA</default_value>
              <values>NA</values>
            </attribute>
          </attributes>
        </label>
        <label>
          <name>Shiner</name>
          <color>#e8e83e</color>
          <attributes>
            <attribute>
              <name>Confidence Level</name>
              <mutable>False</mutable>
              <input_type>select</input_type>
              <default_value>3</default_value>
              <values>3
2
1</values>
            </attribute>
            <attribute>
              <name>Notes</name>
              <mutable>False</mutable>
              <input_type>text</input_type>
              <default_value>NA</default_value>
              <values>NA</values>
            </attribute>
          </attributes>
        </label>
        <label>
          <name>Rainbow</name>
          <color>#588fc6</color>
          <attributes>
            <attribute>
              <name>Adipose Clipped</name>
              <mutable>False</mutable>
              <input_type>select</input_type>
              <default_value>No</default_value>
              <values>No
Yes
NA</values>
            </attribute>
            <attribute>
              <name>Confidence Level</name>
              <mutable>False</mutable>
              <input_type>select</input_type>
              <default_value>3</default_value>
              <values>3
2
1</values>
            </attribute>
            <attribute>
              <name>Injury</name>
              <mutable>False</mutable>
              <input_type>select</input_type>
              <default_value>No</default_value>
              <values>No
Yes
NA</values>
            </attribute>
            <attribute>
              <name>Notes</name>
              <mutable>False</mutable>
              <input_type>select</input_type>
              <default_value>NA</default_value>
              <values>NA</values>
            </attribute>
            <attribute>
              <name>Sex</name>
              <mutable>False</mutable>
              <input_type>select</input_type>
              <default_value>NA</default_value>
              <values>NA
Juvenile</values>
            </attribute>
          </attributes>
        </label>
      </labels>
      <original_size>
        <width>1920</width>
        <height>1080</height>
      </original_size>
    </task>
    <dumped>2022-01-15 00:12:30.796478+00:00</dumped>
    <source>09-23-2020 23-56-28 M Salmon Camera.m4v</source>
  </meta>
  <track id="0" label="Rainbow" source="manual">
    <box frame="71" outside="0" occluded="1" keyframe="1" xtl="0.00" ytl="646.92" xbr="68.42" ybr="773.81" z_order="0">
      <attribute name="Adipose Clipped">No</attribute>
      <attribute name="Confidence Level">1</attribute>
      <attribute name="Injury">No</attribute>
      <attribute name="Notes">NA</attribute>
      <attribute name="Sex">NA</attribute>
    </box>
    <box frame="72" outside="0" occluded="1" keyframe="0" xtl="0.00" ytl="646.92" xbr="90.46" ybr="777.32" z_order="0">
      <attribute name="Adipose Clipped">No</attribute>
      <attribute name="Confidence Level">1</attribute>
      <attribute name="Injury">No</attribute>
      <attribute name="Notes">NA</attribute>
      <attribute name="Sex">NA</attribute>
    </box>
    <box frame="73" outside="0" occluded="1" keyframe="0" xtl="0.00" ytl="646.92" xbr="112.50" ybr="780.83" z_order="0">
      <attribute name="Adipose Clipped">No</attribute>
      <attribute name="Confidence Level">1</attribute>
      <attribute name="Injury">No</attribute>
      <attribute name="Notes">NA</attribute>
      <attribute name="Sex">NA</attribute>
    </box>
    <box frame="74" outside="0" occluded="1" keyframe="0" xtl="0.00" ytl="646.92" xbr="134.53" ybr="784.34" z_order="0">
      <attribute name="Adipose Clipped">No</attribute>
      <attribute name="Confidence Level">1</attribute>
      <attribute name="Injury">No</attribute>
      <attribute name="Notes">NA</attribute>
      <attribute name="Sex">NA</attribute>
    </box>
    <box frame="75" outside="0" occluded="1" keyframe="0" xtl="0.00" ytl="646.92" xbr="156.57" ybr="787.85" z_order="0">
      <attribute name="Adipose Clipped">No</attribute>
      <attribute name="Confidence Level">1</attribute>
      <attribute name="Injury">No</attribute>
      <attribute name="Notes">NA</attribute>
      <attribute name="Sex">NA</attribute>
    </box>
    <box frame="76" outside="0" occluded="1" keyframe="0" xtl="0.00" ytl="646.92" xbr="178.61" ybr="791.35" z_order="0">
      <attribute name="Adipose Clipped">No</attribute>
      <attribute name="Confidence Level">1</attribute>
      <attribute name="Injury">No</attribute>
      <attribute name="Notes">NA</attribute>
      <attribute name="Sex">NA</attribute>
    </box>
    <box frame="77" outside="0" occluded="1" keyframe="0" xtl="0.00" ytl="646.92" xbr="200.65" ybr="794.86" z_order="0">
      <attribute name="Adipose Clipped">No</attribute>
      <attribute name="Confidence Level">1</attribute>
      <attribute name="Injury">No</attribute>
      <attribute name="Notes">NA</attribute>
      <attribute name="Sex">NA</attribute>
    </box>
    <box frame="78" outside="0" occluded="1" keyframe="0" xtl="0.00" ytl="646.92" xbr="222.69" ybr="798.37" z_order="0">
      <attribute name="Adipose Clipped">No</attribute>
      <attribute name="Confidence Level">1</attribute>
      <attribute name="Injury">No</attribute>
      <attribute name="Notes">NA</attribute>
      <attribute name="Sex">NA</attribute>
    </box>
    <box frame="79" outside="0" occluded="1" keyframe="0" xtl="0.00" ytl="646.92" xbr="244.72" ybr="801.88" z_order="0">
      <attribute name="Adipose Clipped">No</attribute>
      <attribute name="Confidence Level">1</attribute>
      <attribute name="Injury">No</attribute>
      <attribute name="Notes">NA</attribute>
      <attribute name="Sex">NA</attribute>
    </box>
    <box frame="80" outside="0" occluded="1" keyframe="0" xtl="0.00" ytl="646.92" xbr="266.76" ybr="805.39" z_order="0">
      <attribute name="Adipose Clipped">No</attribute>
      <attribute name="Confidence Level">1</attribute>
      <attribute name="Injury">No</attribute>
      <attribute name="Notes">NA</attribute>
      <attribute name="Sex">NA</attribute>
    </box>
    <box frame="81" outside="0" occluded="1" keyframe="1" xtl="0.00" ytl="646.92" xbr="288.80" ybr="808.90" z_order="0">
      <attribute name="Adipose Clipped">No</attribute>
      <attribute name="Confidence Level">1</attribute>
      <attribute name="Injury">No</attribute>
      <attribute name="Notes">NA</attribute>
      <attribute name="Sex">NA</attribute>
    </box>
    <box frame="82" outside="0" occluded="1" keyframe="0" xtl="0.00" ytl="646.59" xbr="314.51" ybr="808.90" z_order="0">
      <attribute name="Adipose Clipped">No</attribute>
      <attribute name="Confidence Level">1</attribute>
      <attribute name="Injury">No</attribute>
      <attribute name="Notes">NA</attribute>
      <attribute name="Sex">NA</attribute>
    </box>
    <box frame="83" outside="0" occluded="1" keyframe="0" xtl="0.00" ytl="646.25" xbr="340.22" ybr="808.90" z_order="0">
      <attribute name="Adipose Clipped">No</attribute>
      <attribute name="Confidence Level">1</attribute>
      <attribute name="Injury">No</attribute>
      <attribute name="Notes">NA</attribute>
      <attribute name="Sex">NA</attribute>
    </box>
    <box frame="84" outside="0" occluded="1" keyframe="0" xtl="0.00" ytl="645.92" xbr="365.93" ybr="808.90" z_order="0">
      <attribute name="Adipose Clipped">No</attribute>
      <attribute name="Confidence Level">1</attribute>
      <attribute name="Injury">No</attribute>
      <attribute name="Notes">NA</attribute>
      <attribute name="Sex">NA</attribute>
    </box>
    <box frame="85" outside="0" occluded="1" keyframe="1" xtl="0.00" ytl="645.59" xbr="391.64" ybr="808.90" z_order="0">
      <attribute name="Adipose Clipped">No</attribute>
      <attribute name="Confidence Level">1</attribute>
      <attribute name="Injury">No</attribute>
      <attribute name="Notes">NA</attribute>
      <attribute name="Sex">NA</attribute>
    </box>
    <box frame="86" outside="0" occluded="1" keyframe="0" xtl="18.64" ytl="645.25" xbr="417.35" ybr="808.90" z_order="0">
      <attribute name="Adipose Clipped">No</attribute>
      <attribute name="Confidence Level">1</attribute>
      <attribute name="Injury">No</attribute>
      <attribute name="Notes">NA</attribute>
      <attribute name="Sex">NA</attribute>
    </box>
    <box frame="87" outside="0" occluded="1" keyframe="0" xtl="37.29" ytl="644.92" xbr="443.06" ybr="808.90" z_order="0">
      <attribute name="Adipose Clipped">No</attribute>
      <attribute name="Confidence Level">1</attribute>
      <attribute name="Injury">No</attribute>
      <attribute name="Notes">NA</attribute>
      <attribute name="Sex">NA</attribute>
    </box>
    <box frame="88" outside="0" occluded="1" keyframe="0" xtl="55.93" ytl="644.58" xbr="468.77" ybr="808.90" z_order="0">
      <attribute name="Adipose Clipped">No</attribute>
      <attribute name="Confidence Level">1</attribute>
      <attribute name="Injury">No</attribute>
      <attribute name="Notes">NA</attribute>
      <attribute name="Sex">NA</attribute>
    </box>
    <box frame="89" outside="0" occluded="1" keyframe="0" xtl="74.57" ytl="644.25" xbr="494.48" ybr="808.90" z_order="0">
      <attribute name="Adipose Clipped">No</attribute>
      <attribute name="Confidence Level">1</attribute>
      <attribute name="Injury">No</attribute>
      <attribute name="Notes">NA</attribute>
      <attribute name="Sex">NA</attribute>
    </box>
    <box frame="90" outside="0" occluded="1" keyframe="0" xtl="93.22" ytl="643.92" xbr="520.19" ybr="808.90" z_order="0">
      <attribute name="Adipose Clipped">No</attribute>
      <attribute name="Confidence Level">1</attribute>
      <attribute name="Injury">No</attribute>
      <attribute name="Notes">NA</attribute>
      <attribute name="Sex">NA</attribute>
    </box>
    <box frame="91" outside="0" occluded="0" keyframe="1" xtl="111.86" ytl="643.58" xbr="545.90" ybr="808.90" z_order="0">
      <attribute name="Adipose Clipped">No</attribute>
      <attribute name="Confidence Level">1</attribute>
      <attribute name="Injury">No</attribute>
      <attribute name="Notes">NA</attribute>
      <attribute name="Sex">NA</attribute>
    </box>
    <box frame="92" outside="0" occluded="0" keyframe="0" xtl="140.58" ytl="644.42" xbr="581.80" ybr="809.73" z_order="0">
      <attribute name="Adipose Clipped">No</attribute>
      <attribute name="Confidence Level">1</attribute>
      <attribute name="Injury">No</attribute>
      <attribute name="Notes">NA</attribute>
      <attribute name="Sex">NA</attribute>
    </box>
    <box frame="93" outside="0" occluded="0" keyframe="0" xtl="169.29" ytl="645.25" xbr="617.69" ybr="810.57" z_order="0">
      <attribute name="Adipose Clipped">No</attribute>
      <attribute name="Confidence Level">1</attribute>
      <attribute name="Injury">No</attribute>
      <attribute name="Notes">NA</attribute>
      <attribute name="Sex">NA</attribute>
    </box>
    <box frame="94" outside="0" occluded="0" keyframe="0" xtl="198.01" ytl="646.09" xbr="653.59" ybr="811.40" z_order="0">
      <attribute name="Adipose Clipped">No</attribute>
      <attribute name="Confidence Level">1</attribute>
      <attribute name="Injury">No</attribute>
      <attribute name="Notes">NA</attribute>
      <attribute name="Sex">NA</attribute>
    </box>
    <box frame="95" outside="0" occluded="0" keyframe="0" xtl="226.73" ytl="646.92" xbr="689.48" ybr="812.24" z_order="0">
      <attribute name="Adipose Clipped">No</attribute>
      <attribute name="Confidence Level">1</attribute>
      <attribute name="Injury">No</attribute>
      <attribute name="Notes">NA</attribute>
      <attribute name="Sex">NA</attribute>
    </box>
    <box frame="96" outside="0" occluded="0" keyframe="0" xtl="255.44" ytl="647.76" xbr="725.38" ybr="813.07" z_order="0">
      <attribute name="Adipose Clipped">No</attribute>
      <attribute name="Confidence Level">1</attribute>
      <attribute name="Injury">No</attribute>
      <attribute name="Notes">NA</attribute>
      <attribute name="Sex">NA</attribute>
    </box>
    <box frame="97" outside="0" occluded="0" keyframe="0" xtl="284.16" ytl="648.59" xbr="761.27" ybr="813.91" z_order="0">
      <attribute name="Adipose Clipped">No</attribute>
      <attribute name="Confidence Level">1</attribute>
      <attribute name="Injury">No</attribute>
      <attribute name="Notes">NA</attribute>
      <attribute name="Sex">NA</attribute>
    </box>
    <box frame="98" outside="0" occluded="0" keyframe="0" xtl="312.88" ytl="649.43" xbr="797.17" ybr="814.74" z_order="0">
      <attribute name="Adipose Clipped">No</attribute>
      <attribute name="Confidence Level">1</attribute>
      <attribute name="Injury">No</attribute>
      <attribute name="Notes">NA</attribute>
      <attribute name="Sex">NA</attribute>
    </box>
    <box frame="99" outside="0" occluded="0" keyframe="0" xtl="341.59" ytl="650.26" xbr="833.06" ybr="815.58" z_order="0">
      <attribute name="Adipose Clipped">No</attribute>
      <attribute name="Confidence Level">1</attribute>
      <attribute name="Injury">No</attribute>
      <attribute name="Notes">NA</attribute>
      <attribute name="Sex">NA</attribute>
    </box>
    <box frame="100" outside="0" occluded="0" keyframe="0" xtl="370.31" ytl="651.10" xbr="868.96" ybr="816.41" z_order="0">
      <attribute name="Adipose Clipped">No</attribute>
      <attribute name="Confidence Level">1</attribute>
      <attribute name="Injury">No</attribute>
      <attribute name="Notes">NA</attribute>
      <attribute name="Sex">NA</attribute>
    </box>
    <box frame="101" outside="0" occluded="0" keyframe="1" xtl="399.03" ytl="651.93" xbr="904.85" ybr="817.25" z_order="0">
      <attribute name="Adipose Clipped">No</attribute>
      <attribute name="Confidence Level">1</attribute>
      <attribute name="Injury">No</attribute>
      <attribute name="Notes">NA</attribute>
      <attribute name="Sex">NA</attribute>
    </box>
    <box frame="102" outside="0" occluded="0" keyframe="0" xtl="440.26" ytl="653.10" xbr="946.09" ybr="818.42" z_order="0">
      <attribute name="Adipose Clipped">No</attribute>
      <attribute name="Confidence Level">1</attribute>
      <attribute name="Injury">No</attribute>
      <attribute name="Notes">NA</attribute>
      <attribute name="Sex">NA</attribute>
    </box>
    <box frame="103" outside="0" occluded="0" keyframe="0" xtl="481.50" ytl="654.27" xbr="987.33" ybr="819.59" z_order="0">
      <attribute name="Adipose Clipped">No</attribute>
      <attribute name="Confidence Level">1</attribute>
      <attribute name="Injury">No</attribute>
      <attribute name="Notes">NA</attribute>
      <attribute name="Sex">NA</attribute>
    </box>
    <box frame="104" outside="0" occluded="0" keyframe="0" xtl="522.74" ytl="655.44" xbr="1028.57" ybr="820.75" z_order="0">
      <attribute name="Adipose Clipped">No</attribute>
      <attribute name="Confidence Level">1</attribute>
      <attribute name="Injury">No</attribute>
      <attribute name="Notes">NA</attribute>
      <attribute name="Sex">NA</attribute>
    </box>
    <box frame="105" outside="0" occluded="0" keyframe="0" xtl="563.98" ytl="656.61" xbr="1069.81" ybr="821.92" z_order="0">
      <attribute name="Adipose Clipped">No</attribute>
      <attribute name="Confidence Level">1</attribute>
      <attribute name="Injury">No</attribute>
      <attribute name="Notes">NA</attribute>
      <attribute name="Sex">NA</attribute>
    </box>
    <box frame="106" outside="0" occluded="0" keyframe="0" xtl="605.22" ytl="657.77" xbr="1111.04" ybr="823.09" z_order="0">
      <attribute name="Adipose Clipped">No</attribute>
      <attribute name="Confidence Level">1</attribute>
      <attribute name="Injury">No</attribute>
      <attribute name="Notes">NA</attribute>
      <attribute name="Sex">NA</attribute>
    </box>
    <box frame="107" outside="0" occluded="0" keyframe="0" xtl="646.46" ytl="658.94" xbr="1152.28" ybr="824.26" z_order="0">
      <attribute name="Adipose Clipped">No</attribute>
      <attribute name="Confidence Level">1</attribute>
      <attribute name="Injury">No</attribute>
      <attribute name="Notes">NA</attribute>
      <attribute name="Sex">NA</attribute>
    </box>
    <box frame="108" outside="0" occluded="0" keyframe="0" xtl="687.69" ytl="660.11" xbr="1193.52" ybr="825.43" z_order="0">
      <attribute name="Adipose Clipped">No</attribute>
      <attribute name="Confidence Level">1</attribute>
      <attribute name="Injury">No</attribute>
      <attribute name="Notes">NA</attribute>
      <attribute name="Sex">NA</attribute>
    </box>
    <box frame="109" outside="0" occluded="0" keyframe="0" xtl="728.93" ytl="661.28" xbr="1234.76" ybr="826.60" z_order="0">
      <attribute name="Adipose Clipped">No</attribute>
      <attribute name="Confidence Level">1</attribute>
      <attribute name="Injury">No</attribute>
      <attribute name="Notes">NA</attribute>
      <attribute name="Sex">NA</attribute>
    </box>
    <box frame="110" outside="0" occluded="0" keyframe="0" xtl="770.17" ytl="662.45" xbr="1276.00" ybr="827.77" z_order="0">
      <attribute name="Adipose Clipped">No</attribute>
      <attribute name="Confidence Level">1</attribute>
      <attribute name="Injury">No</attribute>
      <attribute name="Notes">NA</attribute>
      <attribute name="Sex">NA</attribute>
    </box>
    <box frame="111" outside="0" occluded="0" keyframe="1" xtl="811.41" ytl="663.62" xbr="1317.24" ybr="828.94" z_order="0">
      <attribute name="Adipose Clipped">No</attribute>
      <attribute name="Confidence Level">1</attribute>
      <attribute name="Injury">No</attribute>
      <attribute name="Notes">NA</attribute>
      <attribute name="Sex">NA</attribute>
    </box>
    <box frame="112" outside="0" occluded="0" keyframe="0" xtl="846.80" ytl="662.45" xbr="1352.63" ybr="827.77" z_order="0">
      <attribute name="Adipose Clipped">No</attribute>
      <attribute name="Confidence Level">1</attribute>
      <attribute name="Injury">No</attribute>
      <attribute name="Notes">NA</attribute>
      <attribute name="Sex">NA</attribute>
    </box>
    <box frame="113" outside="0" occluded="0" keyframe="0" xtl="882.20" ytl="661.28" xbr="1388.02" ybr="826.60" z_order="0">
      <attribute name="Adipose Clipped">No</attribute>
      <attribute name="Confidence Level">1</attribute>
      <attribute name="Injury">No</attribute>
      <attribute name="Notes">NA</attribute>
      <attribute name="Sex">NA</attribute>
    </box>
    <box frame="114" outside="0" occluded="0" keyframe="0" xtl="917.59" ytl="660.11" xbr="1423.42" ybr="825.43" z_order="0">
      <attribute name="Adipose Clipped">No</attribute>
      <attribute name="Confidence Level">1</attribute>
      <attribute name="Injury">No</attribute>
      <attribute name="Notes">NA</attribute>
      <attribute name="Sex">NA</attribute>
    </box>
    <box frame="115" outside="0" occluded="0" keyframe="0" xtl="952.99" ytl="658.94" xbr="1458.81" ybr="824.26" z_order="0">
      <attribute name="Adipose Clipped">No</attribute>
      <attribute name="Confidence Level">1</attribute>
      <attribute name="Injury">No</attribute>
      <attribute name="Notes">NA</attribute>
      <attribute name="Sex">NA</attribute>
    </box>
    <box frame="116" outside="0" occluded="0" keyframe="0" xtl="988.38" ytl="657.77" xbr="1494.21" ybr="823.09" z_order="0">
      <attribute name="Adipose Clipped">No</attribute>
      <attribute name="Confidence Level">1</attribute>
      <attribute name="Injury">No</attribute>
      <attribute name="Notes">NA</attribute>
      <attribute name="Sex">NA</attribute>
    </box>
    <box frame="117" outside="0" occluded="0" keyframe="0" xtl="1023.78" ytl="656.61" xbr="1529.60" ybr="821.92" z_order="0">
      <attribute name="Adipose Clipped">No</attribute>
      <attribute name="Confidence Level">1</attribute>
      <attribute name="Injury">No</attribute>
      <attribute name="Notes">NA</attribute>
      <attribute name="Sex">NA</attribute>
    </box>
    <box frame="118" outside="0" occluded="0" keyframe="0" xtl="1059.17" ytl="655.44" xbr="1565.00" ybr="820.75" z_order="0">
      <attribute name="Adipose Clipped">No</attribute>
      <attribute name="Confidence Level">1</attribute>
      <attribute name="Injury">No</attribute>
      <attribute name="Notes">NA</attribute>
      <attribute name="Sex">NA</attribute>
    </box>
    <box frame="119" outside="0" occluded="0" keyframe="0" xtl="1094.57" ytl="654.27" xbr="1600.39" ybr="819.59" z_order="0">
      <attribute name="Adipose Clipped">No</attribute>
      <attribute name="Confidence Level">1</attribute>
      <attribute name="Injury">No</attribute>
      <attribute name="Notes">NA</attribute>
      <attribute name="Sex">NA</attribute>
    </box>
    <box frame="120" outside="0" occluded="0" keyframe="0" xtl="1129.96" ytl="653.10" xbr="1635.79" ybr="818.42" z_order="0">
      <attribute name="Adipose Clipped">No</attribute>
      <attribute name="Confidence Level">1</attribute>
      <attribute name="Injury">No</attribute>
      <attribute name="Notes">NA</attribute>
      <attribute name="Sex">NA</attribute>
    </box>
    <box frame="121" outside="0" occluded="0" keyframe="1" xtl="1165.36" ytl="651.93" xbr="1671.18" ybr="817.25" z_order="0">
      <attribute name="Adipose Clipped">No</attribute>
      <attribute name="Confidence Level">1</attribute>
      <attribute name="Injury">No</attribute>
      <attribute name="Notes">NA</attribute>
      <attribute name="Sex">NA</attribute>
    </box>
    <box frame="122" outside="0" occluded="0" keyframe="0" xtl="1199.42" ytl="650.43" xbr="1696.07" ybr="815.75" z_order="0">
      <attribute name="Adipose Clipped">No</attribute>
      <attribute name="Confidence Level">1</attribute>
      <attribute name="Injury">No</attribute>
      <attribute name="Notes">NA</attribute>
      <attribute name="Sex">NA</attribute>
    </box>
    <box frame="123" outside="0" occluded="0" keyframe="0" xtl="1233.48" ytl="648.93" xbr="1720.95" ybr="814.24" z_order="0">
      <attribute name="Adipose Clipped">No</attribute>
      <attribute name="Confidence Level">1</attribute>
      <attribute name="Injury">No</attribute>
      <attribute name="Notes">NA</attribute>
      <attribute name="Sex">NA</attribute>
    </box>
    <box frame="124" outside="0" occluded="0" keyframe="0" xtl="1267.53" ytl="647.42" xbr="1745.83" ybr="812.74" z_order="0">
      <attribute name="Adipose Clipped">No</attribute>
      <attribute name="Confidence Level">1</attribute>
      <attribute name="Injury">No</attribute>
      <attribute name="Notes">NA</attribute>
      <attribute name="Sex">NA</attribute>
    </box>
    <box frame="125" outside="0" occluded="0" keyframe="0" xtl="1301.59" ytl="645.92" xbr="1770.71" ybr="811.24" z_order="0">
      <attribute name="Adipose Clipped">No</attribute>
      <attribute name="Confidence Level">1</attribute>
      <attribute name="Injury">No</attribute>
      <attribute name="Notes">NA</attribute>
      <attribute name="Sex">NA</attribute>
    </box>
    <box frame="126" outside="0" occluded="0" keyframe="0" xtl="1335.65" ytl="644.42" xbr="1795.59" ybr="809.73" z_order="0">
      <attribute name="Adipose Clipped">No</attribute>
      <attribute name="Confidence Level">1</attribute>
      <attribute name="Injury">No</attribute>
      <attribute name="Notes">NA</attribute>
      <attribute name="Sex">NA</attribute>
    </box>
    <box frame="127" outside="0" occluded="0" keyframe="0" xtl="1369.71" ytl="642.92" xbr="1820.47" ybr="808.23" z_order="0">
      <attribute name="Adipose Clipped">No</attribute>
      <attribute name="Confidence Level">1</attribute>
      <attribute name="Injury">No</attribute>
      <attribute name="Notes">NA</attribute>
      <attribute name="Sex">NA</attribute>
    </box>
    <box frame="128" outside="0" occluded="0" keyframe="0" xtl="1403.77" ytl="641.41" xbr="1845.36" ybr="806.73" z_order="0">
      <attribute name="Adipose Clipped">No</attribute>
      <attribute name="Confidence Level">1</attribute>
      <attribute name="Injury">No</attribute>
      <attribute name="Notes">NA</attribute>
      <attribute name="Sex">NA</attribute>
    </box>
    <box frame="129" outside="0" occluded="0" keyframe="0" xtl="1437.83" ytl="639.91" xbr="1870.24" ybr="805.23" z_order="0">
      <attribute name="Adipose Clipped">No</attribute>
      <attribute name="Confidence Level">1</attribute>
      <attribute name="Injury">No</attribute>
      <attribute name="Notes">NA</attribute>
      <attribute name="Sex">NA</attribute>
    </box>
    <box frame="130" outside="0" occluded="0" keyframe="0" xtl="1471.89" ytl="638.41" xbr="1895.12" ybr="803.72" z_order="0">
      <attribute name="Adipose Clipped">No</attribute>
      <attribute name="Confidence Level">1</attribute>
      <attribute name="Injury">No</attribute>
      <attribute name="Notes">NA</attribute>
      <attribute name="Sex">NA</attribute>
    </box>
    <box frame="131" outside="0" occluded="0" keyframe="1" xtl="1505.95" ytl="636.91" xbr="1920.00" ybr="802.22" z_order="0">
      <attribute name="Adipose Clipped">No</attribute>
      <attribute name="Confidence Level">1</attribute>
      <attribute name="Injury">No</attribute>
      <attribute name="Notes">NA</attribute>
      <attribute name="Sex">NA</attribute>
    </box>
    <box frame="132" outside="0" occluded="0" keyframe="0" xtl="1535.83" ytl="637.07" xbr="1920.00" ybr="799.22" z_order="0">
      <attribute name="Adipose Clipped">No</attribute>
      <attribute name="Confidence Level">1</attribute>
      <attribute name="Injury">No</attribute>
      <attribute name="Notes">NA</attribute>
      <attribute name="Sex">NA</attribute>
    </box>
    <box frame="133" outside="0" occluded="0" keyframe="0" xtl="1565.72" ytl="637.24" xbr="1920.00" ybr="796.21" z_order="0">
      <attribute name="Adipose Clipped">No</attribute>
      <attribute name="Confidence Level">1</attribute>
      <attribute name="Injury">No</attribute>
      <attribute name="Notes">NA</attribute>
      <attribute name="Sex">NA</attribute>
    </box>
    <box frame="134" outside="0" occluded="0" keyframe="0" xtl="1595.60" ytl="637.41" xbr="1920.00" ybr="793.21" z_order="0">
      <attribute name="Adipose Clipped">No</attribute>
      <attribute name="Confidence Level">1</attribute>
      <attribute name="Injury">No</attribute>
      <attribute name="Notes">NA</attribute>
      <attribute name="Sex">NA</attribute>
    </box>
    <box frame="135" outside="0" occluded="0" keyframe="0" xtl="1625.49" ytl="637.58" xbr="1920.00" ybr="790.20" z_order="0">
      <attribute name="Adipose Clipped">No</attribute>
      <attribute name="Confidence Level">1</attribute>
      <attribute name="Injury">No</attribute>
      <attribute name="Notes">NA</attribute>
      <attribute name="Sex">NA</attribute>
    </box>
    <box frame="136" outside="0" occluded="0" keyframe="0" xtl="1655.37" ytl="637.75" xbr="1920.00" ybr="787.20" z_order="0">
      <attribute name="Adipose Clipped">No</attribute>
      <attribute name="Confidence Level">1</attribute>
      <attribute name="Injury">No</attribute>
      <attribute name="Notes">NA</attribute>
      <attribute name="Sex">NA</attribute>
    </box>
    <box frame="137" outside="0" occluded="0" keyframe="0" xtl="1685.26" ytl="637.92" xbr="1920.00" ybr="784.19" z_order="0">
      <attribute name="Adipose Clipped">No</attribute>
      <attribute name="Confidence Level">1</attribute>
      <attribute name="Injury">No</attribute>
      <attribute name="Notes">NA</attribute>
      <attribute name="Sex">NA</attribute>
    </box>
    <box frame="138" outside="0" occluded="0" keyframe="0" xtl="1715.15" ytl="638.09" xbr="1920.00" ybr="781.19" z_order="0">
      <attribute name="Adipose Clipped">No</attribute>
      <attribute name="Confidence Level">1</attribute>
      <attribute name="Injury">No</attribute>
      <attribute name="Notes">NA</attribute>
      <attribute name="Sex">NA</attribute>
    </box>
    <box frame="139" outside="0" occluded="0" keyframe="0" xtl="1745.03" ytl="638.26" xbr="1920.00" ybr="778.18" z_order="0">
      <attribute name="Adipose Clipped">No</attribute>
      <attribute name="Confidence Level">1</attribute>
      <attribute name="Injury">No</attribute>
      <attribute name="Notes">NA</attribute>
      <attribute name="Sex">NA</attribute>
    </box>
    <box frame="140" outside="0" occluded="0" keyframe="0" xtl="1774.92" ytl="638.43" xbr="1920.00" ybr="775.18" z_order="0">
      <attribute name="Adipose Clipped">No</attribute>
      <attribute name="Confidence Level">1</attribute>
      <attribute name="Injury">No</attribute>
      <attribute name="Notes">NA</attribute>
      <attribute name="Sex">NA</attribute>
    </box>
    <box frame="141" outside="0" occluded="1" keyframe="1" xtl="1804.80" ytl="638.60" xbr="1920.00" ybr="772.17" z_order="0">
      <attribute name="Adipose Clipped">No</attribute>
      <attribute name="Confidence Level">1</attribute>
      <attribute name="Injury">No</attribute>
      <attribute name="Notes">NA</attribute>
      <attribute name="Sex">NA</attribute>
    </box>
    <box frame="142" outside="0" occluded="1" keyframe="0" xtl="1822.33" ytl="638.60" xbr="1920.00" ybr="772.17" z_order="0">
      <attribute name="Adipose Clipped">No</attribute>
      <attribute name="Confidence Level">1</attribute>
      <attribute name="Injury">No</attribute>
      <attribute name="Notes">NA</attribute>
      <attribute name="Sex">NA</attribute>
    </box>
    <box frame="143" outside="0" occluded="1" keyframe="1" xtl="1839.86" ytl="638.60" xbr="1920.00" ybr="772.17" z_order="0">
      <attribute name="Adipose Clipped">No</attribute>
      <attribute name="Confidence Level">1</attribute>
      <attribute name="Injury">No</attribute>
      <attribute name="Notes">NA</attribute>
      <attribute name="Sex">NA</attribute>
    </box>
    <box frame="144" outside="1" occluded="1" keyframe="1" xtl="1839.86" ytl="638.60" xbr="1920.00" ybr="772.17" z_order="0">
      <attribute name="Adipose Clipped">No</attribute>
      <attribute name="Confidence Level">1</attribute>
      <attribute name="Injury">No</attribute>
      <attribute name="Notes">NA</attribute>
      <attribute name="Sex">NA</attribute>
    </box>
  </track>
</annotations>
