<?xml version="1.0" encoding="utf-8"?>
<annotations>
  <version>1.1</version>
  <meta>
    <task>
      <id>51</id>
      <name>09-24-2019 21-42-09 M Right Bank Underwater</name>
      <size>40</size>
      <mode>interpolation</mode>
      <overlap>5</overlap>
      <bugtracker></bugtracker>
      <created>2021-03-10 21:14:30.113445+00:00</created>
      <updated>2021-03-10 21:29:27.432293+00:00</updated>
      <start_frame>0</start_frame>
      <stop_frame>39</stop_frame>
      <frame_filter></frame_filter>
      <labels>
        <label>
          <name>Coho</name>
          <color>#24b353</color>
          <attributes>
            <attribute>
              <name>Adipose Clipped</name>
              <mutable>False</mutable>
              <input_type>select</input_type>
              <default_value>No</default_value>
              <values>No
Yes
NA</values>
            </attribute>
            <attribute>
              <name>Confidence Level</name>
              <mutable>False</mutable>
              <input_type>select</input_type>
              <default_value>3</default_value>
              <values>3
2
1</values>
            </attribute>
            <attribute>
              <name>Injury</name>
              <mutable>False</mutable>
              <input_type>select</input_type>
              <default_value>No</default_value>
              <values>No
Yes
NA</values>
            </attribute>
            <attribute>
              <name>Notes</name>
              <mutable>False</mutable>
              <input_type>text</input_type>
              <default_value>NA</default_value>
              <values>NA</values>
            </attribute>
            <attribute>
              <name>Sex</name>
              <mutable>False</mutable>
              <input_type>select</input_type>
              <default_value>Male</default_value>
              <values>Male
Female
Jack</values>
            </attribute>
          </attributes>
        </label>
        <label>
          <name>Bull</name>
          <color>#ff6037</color>
          <attributes>
            <attribute>
              <name>Adipose Clipped</name>
              <mutable>False</mutable>
              <input_type>select</input_type>
              <default_value>No</default_value>
              <values>No
NA</values>
            </attribute>
            <attribute>
              <name>Confidence Level</name>
              <mutable>False</mutable>
              <input_type>select</input_type>
              <default_value>3</default_value>
              <values>3
2
1</values>
            </attribute>
            <attribute>
              <name>Injury</name>
              <mutable>False</mutable>
              <input_type>select</input_type>
              <default_value>No</default_value>
              <values>No
Yes
NA</values>
            </attribute>
            <attribute>
              <name>Notes</name>
              <mutable>False</mutable>
              <input_type>text</input_type>
              <default_value>NA</default_value>
              <values>NA</values>
            </attribute>
            <attribute>
              <name>Sex</name>
              <mutable>False</mutable>
              <input_type>select</input_type>
              <default_value>NA</default_value>
              <values>NA</values>
            </attribute>
          </attributes>
        </label>
        <label>
          <name>Chum</name>
          <color>#b83df5</color>
          <attributes>
            <attribute>
              <name>Adipose Clipped</name>
              <mutable>False</mutable>
              <input_type>select</input_type>
              <default_value>No</default_value>
              <values>No
Yes
NA</values>
            </attribute>
            <attribute>
              <name>Confidence Level</name>
              <mutable>False</mutable>
              <input_type>select</input_type>
              <default_value>3</default_value>
              <values>3
2
1</values>
            </attribute>
            <attribute>
              <name>Injury</name>
              <mutable>False</mutable>
              <input_type>select</input_type>
              <default_value>No</default_value>
              <values>No
Yes
NA</values>
            </attribute>
            <attribute>
              <name>Notes</name>
              <mutable>False</mutable>
              <input_type>text</input_type>
              <default_value>NA</default_value>
              <values>NA</values>
            </attribute>
            <attribute>
              <name>Sex</name>
              <mutable>False</mutable>
              <input_type>select</input_type>
              <default_value>Male</default_value>
              <values>Male
Female</values>
            </attribute>
          </attributes>
        </label>
        <label>
          <name>Whitefish</name>
          <color>#e5e5f3</color>
          <attributes>
            <attribute>
              <name>Adipose Clipped</name>
              <mutable>False</mutable>
              <input_type>select</input_type>
              <default_value>No</default_value>
              <values>No
Yes
NA</values>
            </attribute>
            <attribute>
              <name>Confidence Level</name>
              <mutable>False</mutable>
              <input_type>select</input_type>
              <default_value>3</default_value>
              <values>3
2
1</values>
            </attribute>
            <attribute>
              <name>Injury</name>
              <mutable>False</mutable>
              <input_type>select</input_type>
              <default_value>No</default_value>
              <values>No
Yes
NA</values>
            </attribute>
            <attribute>
              <name>Notes</name>
              <mutable>False</mutable>
              <input_type>text</input_type>
              <default_value>NA</default_value>
              <values>NA</values>
            </attribute>
            <attribute>
              <name>Sex</name>
              <mutable>False</mutable>
              <input_type>select</input_type>
              <default_value>NA</default_value>
              <values>NA</values>
            </attribute>
          </attributes>
        </label>
        <label>
          <name>Pink</name>
          <color>#fa7dbb</color>
          <attributes>
            <attribute>
              <name>Adipose Clipped</name>
              <mutable>False</mutable>
              <input_type>select</input_type>
              <default_value>No</default_value>
              <values>No
Yes
NA</values>
            </attribute>
            <attribute>
              <name>Confidence Level</name>
              <mutable>False</mutable>
              <input_type>select</input_type>
              <default_value>3</default_value>
              <values>3
2
1</values>
            </attribute>
            <attribute>
              <name>Injury</name>
              <mutable>False</mutable>
              <input_type>select</input_type>
              <default_value>No</default_value>
              <values>No
Yes
NA</values>
            </attribute>
            <attribute>
              <name>Notes</name>
              <mutable>False</mutable>
              <input_type>text</input_type>
              <default_value>NA</default_value>
              <values>NA</values>
            </attribute>
            <attribute>
              <name>Sex</name>
              <mutable>False</mutable>
              <input_type>select</input_type>
              <default_value>Male</default_value>
              <values>Male
Female
NA</values>
            </attribute>
          </attributes>
        </label>
        <label>
          <name>Sockeye</name>
          <color>#fa3253</color>
          <attributes>
            <attribute>
              <name>Adipose Clipped</name>
              <mutable>False</mutable>
              <input_type>select</input_type>
              <default_value>No</default_value>
              <values>No
Yes
NA</values>
            </attribute>
            <attribute>
              <name>Confidence Level</name>
              <mutable>False</mutable>
              <input_type>select</input_type>
              <default_value>3</default_value>
              <values>3
2
1</values>
            </attribute>
            <attribute>
              <name>Injury</name>
              <mutable>False</mutable>
              <input_type>select</input_type>
              <default_value>No</default_value>
              <values>No
Yes
NA</values>
            </attribute>
            <attribute>
              <name>Notes</name>
              <mutable>False</mutable>
              <input_type>text</input_type>
              <default_value>NA</default_value>
              <values>NA</values>
            </attribute>
            <attribute>
              <name>Sex</name>
              <mutable>False</mutable>
              <input_type>select</input_type>
              <default_value>Male</default_value>
              <values>Male
Female</values>
            </attribute>
          </attributes>
        </label>
        <label>
          <name>Rainbow</name>
          <color>#ff00cc</color>
          <attributes>
            <attribute>
              <name>Adipose Clipped</name>
              <mutable>False</mutable>
              <input_type>select</input_type>
              <default_value>No</default_value>
              <values>No
Yes
NA</values>
            </attribute>
            <attribute>
              <name>Confidence Level</name>
              <mutable>False</mutable>
              <input_type>select</input_type>
              <default_value>3</default_value>
              <values>3
2
1</values>
            </attribute>
            <attribute>
              <name>Injury</name>
              <mutable>False</mutable>
              <input_type>select</input_type>
              <default_value>No</default_value>
              <values>No
Yes
NA</values>
            </attribute>
            <attribute>
              <name>Notes</name>
              <mutable>False</mutable>
              <input_type>text</input_type>
              <default_value>NA</default_value>
              <values>NA</values>
            </attribute>
            <attribute>
              <name>Sex</name>
              <mutable>False</mutable>
              <input_type>select</input_type>
              <default_value>NA</default_value>
              <values>NA
Juvenile</values>
            </attribute>
          </attributes>
        </label>
        <label>
          <name>Steelhead</name>
          <color>#66ff66</color>
          <attributes>
            <attribute>
              <name>Adipose Clipped</name>
              <mutable>False</mutable>
              <input_type>select</input_type>
              <default_value>No</default_value>
              <values>No
Yes
NA</values>
            </attribute>
            <attribute>
              <name>Confidence Level</name>
              <mutable>False</mutable>
              <input_type>select</input_type>
              <default_value>3</default_value>
              <values>3
2
1</values>
            </attribute>
            <attribute>
              <name>Injury</name>
              <mutable>False</mutable>
              <input_type>select</input_type>
              <default_value>No</default_value>
              <values>No
Yes
NA</values>
            </attribute>
            <attribute>
              <name>Notes</name>
              <mutable>False</mutable>
              <input_type>select</input_type>
              <default_value>NA</default_value>
              <values>NA</values>
            </attribute>
            <attribute>
              <name>Sex</name>
              <mutable>False</mutable>
              <input_type>select</input_type>
              <default_value>Male</default_value>
              <values>Male
Female</values>
            </attribute>
          </attributes>
        </label>
        <label>
          <name>Chinook</name>
          <color>#cc3366</color>
          <attributes>
            <attribute>
              <name>Adipose Clipped</name>
              <mutable>False</mutable>
              <input_type>select</input_type>
              <default_value>No</default_value>
              <values>No
Yes
NA</values>
            </attribute>
            <attribute>
              <name>Confidence Level</name>
              <mutable>False</mutable>
              <input_type>select</input_type>
              <default_value>3</default_value>
              <values>3
2
1</values>
            </attribute>
            <attribute>
              <name>Injury</name>
              <mutable>False</mutable>
              <input_type>select</input_type>
              <default_value>No</default_value>
              <values>No
Yes
NA</values>
            </attribute>
            <attribute>
              <name>Notes</name>
              <mutable>False</mutable>
              <input_type>text</input_type>
              <default_value>NA</default_value>
              <values>NA</values>
            </attribute>
            <attribute>
              <name>Sex</name>
              <mutable>False</mutable>
              <input_type>select</input_type>
              <default_value>Male</default_value>
              <values>Male
Female</values>
            </attribute>
          </attributes>
        </label>
        <label>
          <name>Pikeminnow</name>
          <color>#cc9933</color>
          <attributes>
          </attributes>
        </label>
      </labels>
      <segments>
        <segment>
          <id>51</id>
          <start>0</start>
          <stop>39</stop>
          <url>httplocalhost:8080/?id=51</url>
        </segment>
      </segments>
      <owner>
        <username>bna19</username>
        <email>bna19@sfu.ca</email>
      </owner>
      <assignee></assignee>
      <original_size>
        <width>1920</width>
        <height>1080</height>
      </original_size>
    </task>
    <dumped>2021-03-10 21:29:36.866673+00:00</dumped>
    <source>09-24-2019 21-42-09 M Right Bank Underwater.mp4</source>
  </meta>
  <track id="0" label="Bull" source="manual">
    <box frame="12" outside="0" occluded="0" keyframe="1" xtl="0.00" ytl="479.38" xbr="438.12" ybr="785.00" z_order="0">
      <attribute name="Injury">No</attribute>
      <attribute name="Confidence Level">3</attribute>
      <attribute name="Notes">NA</attribute>
      <attribute name="Sex">NA</attribute>
      <attribute name="Adipose Clipped">No</attribute>
    </box>
    <box frame="13" outside="0" occluded="0" keyframe="0" xtl="0.00" ytl="479.38" xbr="505.61" ybr="791.55" z_order="0">
      <attribute name="Injury">No</attribute>
      <attribute name="Confidence Level">3</attribute>
      <attribute name="Notes">NA</attribute>
      <attribute name="Sex">NA</attribute>
      <attribute name="Adipose Clipped">No</attribute>
    </box>
    <box frame="14" outside="0" occluded="0" keyframe="1" xtl="0.00" ytl="479.38" xbr="573.10" ybr="798.10" z_order="0">
      <attribute name="Injury">No</attribute>
      <attribute name="Confidence Level">3</attribute>
      <attribute name="Notes">NA</attribute>
      <attribute name="Sex">NA</attribute>
      <attribute name="Adipose Clipped">No</attribute>
    </box>
    <box frame="15" outside="0" occluded="0" keyframe="0" xtl="0.00" ytl="480.64" xbr="651.23" ybr="807.47" z_order="0">
      <attribute name="Injury">No</attribute>
      <attribute name="Confidence Level">3</attribute>
      <attribute name="Notes">NA</attribute>
      <attribute name="Sex">NA</attribute>
      <attribute name="Adipose Clipped">No</attribute>
    </box>
    <box frame="16" outside="0" occluded="0" keyframe="1" xtl="0.00" ytl="481.90" xbr="729.37" ybr="816.83" z_order="0">
      <attribute name="Injury">No</attribute>
      <attribute name="Confidence Level">3</attribute>
      <attribute name="Notes">NA</attribute>
      <attribute name="Sex">NA</attribute>
      <attribute name="Adipose Clipped">No</attribute>
    </box>
    <box frame="17" outside="0" occluded="0" keyframe="1" xtl="95.62" ytl="483.12" xbr="807.50" ybr="826.20" z_order="0">
      <attribute name="Injury">No</attribute>
      <attribute name="Confidence Level">3</attribute>
      <attribute name="Notes">NA</attribute>
      <attribute name="Sex">NA</attribute>
      <attribute name="Adipose Clipped">No</attribute>
    </box>
    <box frame="18" outside="0" occluded="0" keyframe="0" xtl="95.62" ytl="483.12" xbr="923.75" ybr="843.05" z_order="0">
      <attribute name="Injury">No</attribute>
      <attribute name="Confidence Level">3</attribute>
      <attribute name="Notes">NA</attribute>
      <attribute name="Sex">NA</attribute>
      <attribute name="Adipose Clipped">No</attribute>
    </box>
    <box frame="19" outside="0" occluded="0" keyframe="1" xtl="95.62" ytl="483.12" xbr="1040.00" ybr="859.90" z_order="0">
      <attribute name="Injury">No</attribute>
      <attribute name="Confidence Level">3</attribute>
      <attribute name="Notes">NA</attribute>
      <attribute name="Sex">NA</attribute>
      <attribute name="Adipose Clipped">No</attribute>
    </box>
    <box frame="20" outside="0" occluded="0" keyframe="1" xtl="238.12" ytl="483.12" xbr="1182.50" ybr="859.90" z_order="0">
      <attribute name="Injury">No</attribute>
      <attribute name="Confidence Level">3</attribute>
      <attribute name="Notes">NA</attribute>
      <attribute name="Sex">NA</attribute>
      <attribute name="Adipose Clipped">No</attribute>
    </box>
    <box frame="21" outside="0" occluded="0" keyframe="1" xtl="320.62" ytl="483.12" xbr="1265.00" ybr="859.90" z_order="0">
      <attribute name="Injury">No</attribute>
      <attribute name="Confidence Level">3</attribute>
      <attribute name="Notes">NA</attribute>
      <attribute name="Sex">NA</attribute>
      <attribute name="Adipose Clipped">No</attribute>
    </box>
    <box frame="22" outside="0" occluded="0" keyframe="1" xtl="320.62" ytl="483.12" xbr="1396.20" ybr="859.90" z_order="0">
      <attribute name="Injury">No</attribute>
      <attribute name="Confidence Level">3</attribute>
      <attribute name="Notes">NA</attribute>
      <attribute name="Sex">NA</attribute>
      <attribute name="Adipose Clipped">No</attribute>
    </box>
    <box frame="23" outside="0" occluded="0" keyframe="1" xtl="457.50" ytl="515.00" xbr="1533.08" ybr="891.78" z_order="0">
      <attribute name="Injury">No</attribute>
      <attribute name="Confidence Level">3</attribute>
      <attribute name="Notes">NA</attribute>
      <attribute name="Sex">NA</attribute>
      <attribute name="Adipose Clipped">No</attribute>
    </box>
    <box frame="24" outside="0" occluded="0" keyframe="0" xtl="510.00" ytl="515.00" xbr="1664.34" ybr="891.78" z_order="0">
      <attribute name="Injury">No</attribute>
      <attribute name="Confidence Level">3</attribute>
      <attribute name="Notes">NA</attribute>
      <attribute name="Sex">NA</attribute>
      <attribute name="Adipose Clipped">No</attribute>
    </box>
    <box frame="25" outside="0" occluded="0" keyframe="1" xtl="562.50" ytl="515.00" xbr="1795.60" ybr="891.78" z_order="0">
      <attribute name="Injury">No</attribute>
      <attribute name="Confidence Level">3</attribute>
      <attribute name="Notes">NA</attribute>
      <attribute name="Sex">NA</attribute>
      <attribute name="Adipose Clipped">No</attribute>
    </box>
    <box frame="26" outside="0" occluded="0" keyframe="0" xtl="699.38" ytl="509.38" xbr="1857.80" ybr="886.15" z_order="0">
      <attribute name="Injury">No</attribute>
      <attribute name="Confidence Level">3</attribute>
      <attribute name="Notes">NA</attribute>
      <attribute name="Sex">NA</attribute>
      <attribute name="Adipose Clipped">No</attribute>
    </box>
    <box frame="27" outside="0" occluded="0" keyframe="1" xtl="836.25" ytl="503.75" xbr="1920.00" ybr="880.53" z_order="0">
      <attribute name="Injury">No</attribute>
      <attribute name="Confidence Level">3</attribute>
      <attribute name="Notes">NA</attribute>
      <attribute name="Sex">NA</attribute>
      <attribute name="Adipose Clipped">No</attribute>
    </box>
    <box frame="28" outside="0" occluded="0" keyframe="0" xtl="946.88" ytl="503.75" xbr="1920.00" ybr="880.53" z_order="0">
      <attribute name="Injury">No</attribute>
      <attribute name="Confidence Level">3</attribute>
      <attribute name="Notes">NA</attribute>
      <attribute name="Sex">NA</attribute>
      <attribute name="Adipose Clipped">No</attribute>
    </box>
    <box frame="29" outside="0" occluded="0" keyframe="1" xtl="1057.50" ytl="503.75" xbr="1920.00" ybr="880.53" z_order="0">
      <attribute name="Injury">No</attribute>
      <attribute name="Confidence Level">3</attribute>
      <attribute name="Notes">NA</attribute>
      <attribute name="Sex">NA</attribute>
      <attribute name="Adipose Clipped">No</attribute>
    </box>
    <box frame="30" outside="0" occluded="0" keyframe="1" xtl="1175.62" ytl="503.75" xbr="1920.00" ybr="880.53" z_order="0">
      <attribute name="Injury">No</attribute>
      <attribute name="Confidence Level">3</attribute>
      <attribute name="Notes">NA</attribute>
      <attribute name="Sex">NA</attribute>
      <attribute name="Adipose Clipped">No</attribute>
    </box>
    <box frame="31" outside="0" occluded="0" keyframe="1" xtl="1276.88" ytl="503.75" xbr="1920.00" ybr="880.53" z_order="0">
      <attribute name="Injury">No</attribute>
      <attribute name="Confidence Level">3</attribute>
      <attribute name="Notes">NA</attribute>
      <attribute name="Sex">NA</attribute>
      <attribute name="Adipose Clipped">No</attribute>
    </box>
    <box frame="32" outside="0" occluded="0" keyframe="0" xtl="1355.62" ytl="503.75" xbr="1920.00" ybr="880.53" z_order="0">
      <attribute name="Injury">No</attribute>
      <attribute name="Confidence Level">3</attribute>
      <attribute name="Notes">NA</attribute>
      <attribute name="Sex">NA</attribute>
      <attribute name="Adipose Clipped">No</attribute>
    </box>
    <box frame="33" outside="0" occluded="1" keyframe="1" xtl="1434.38" ytl="503.75" xbr="1920.00" ybr="880.53" z_order="0">
      <attribute name="Injury">No</attribute>
      <attribute name="Confidence Level">3</attribute>
      <attribute name="Notes">NA</attribute>
      <attribute name="Sex">NA</attribute>
      <attribute name="Adipose Clipped">No</attribute>
    </box>
    <box frame="34" outside="0" occluded="1" keyframe="0" xtl="1550.62" ytl="503.75" xbr="1920.00" ybr="880.53" z_order="0">
      <attribute name="Injury">No</attribute>
      <attribute name="Confidence Level">3</attribute>
      <attribute name="Notes">NA</attribute>
      <attribute name="Sex">NA</attribute>
      <attribute name="Adipose Clipped">No</attribute>
    </box>
    <box frame="35" outside="0" occluded="1" keyframe="1" xtl="1666.88" ytl="503.75" xbr="1920.00" ybr="880.53" z_order="0">
      <attribute name="Injury">No</attribute>
      <attribute name="Confidence Level">3</attribute>
      <attribute name="Notes">NA</attribute>
      <attribute name="Sex">NA</attribute>
      <attribute name="Adipose Clipped">No</attribute>
    </box>
    <box frame="36" outside="1" occluded="0" keyframe="1" xtl="1666.88" ytl="503.75" xbr="1920.00" ybr="880.53" z_order="0">
      <attribute name="Injury">No</attribute>
      <attribute name="Confidence Level">3</attribute>
      <attribute name="Notes">NA</attribute>
      <attribute name="Sex">NA</attribute>
      <attribute name="Adipose Clipped">No</attribute>
    </box>
  </track>
</annotations>