<?xml version="1.0" encoding="utf-8"?>
<annotations>
  <version>1.1</version>
  <meta>
    <task>
      <id>66</id>
      <name>10-03-2019 03-10-21 M Right Bank Underwater</name>
      <size>450</size>
      <mode>interpolation</mode>
      <overlap>5</overlap>
      <bugtracker></bugtracker>
      <created>2021-01-12 00:49:07.134599+00:00</created>
      <updated>2021-02-17 20:51:03.300441+00:00</updated>
      <start_frame>0</start_frame>
      <stop_frame>449</stop_frame>
      <frame_filter></frame_filter>
      <labels>
        <label>
          <name>Coho</name>
          <color>#66c893</color>
          <attributes>
            <attribute>
              <name>Adipose Clipped</name>
              <mutable>False</mutable>
              <input_type>select</input_type>
              <default_value>No</default_value>
              <values>No
Yes
NA</values>
            </attribute>
            <attribute>
              <name>Confidence Level</name>
              <mutable>False</mutable>
              <input_type>select</input_type>
              <default_value>3</default_value>
              <values>3
2
1</values>
            </attribute>
            <attribute>
              <name>Injury</name>
              <mutable>False</mutable>
              <input_type>select</input_type>
              <default_value>No</default_value>
              <values>No
Yes
NA</values>
            </attribute>
            <attribute>
              <name>Notes</name>
              <mutable>False</mutable>
              <input_type>text</input_type>
              <default_value>NA</default_value>
              <values>NA</values>
            </attribute>
            <attribute>
              <name>Sex</name>
              <mutable>False</mutable>
              <input_type>select</input_type>
              <default_value>Male</default_value>
              <values>Male
Female
Jack</values>
            </attribute>
          </attributes>
        </label>
        <label>
          <name>Pink</name>
          <color>#fa7dbb</color>
          <attributes>
            <attribute>
              <name>Adipose Clipped</name>
              <mutable>False</mutable>
              <input_type>select</input_type>
              <default_value>No</default_value>
              <values>No
Yes
NA</values>
            </attribute>
            <attribute>
              <name>Confidence Level</name>
              <mutable>False</mutable>
              <input_type>select</input_type>
              <default_value>3</default_value>
              <values>3
2
1</values>
            </attribute>
            <attribute>
              <name>Injury</name>
              <mutable>False</mutable>
              <input_type>select</input_type>
              <default_value>No</default_value>
              <values>No
Yes
NA</values>
            </attribute>
            <attribute>
              <name>Notes</name>
              <mutable>False</mutable>
              <input_type>text</input_type>
              <default_value>NA</default_value>
              <values>NA</values>
            </attribute>
            <attribute>
              <name>Sex</name>
              <mutable>False</mutable>
              <input_type>select</input_type>
              <default_value>Male</default_value>
              <values>Male
Female</values>
            </attribute>
          </attributes>
        </label>
        <label>
          <name>Bull</name>
          <color>#ff6037</color>
          <attributes>
            <attribute>
              <name>Adipose Clipped</name>
              <mutable>False</mutable>
              <input_type>select</input_type>
              <default_value>No</default_value>
              <values>No
NA</values>
            </attribute>
            <attribute>
              <name>Confidence Level</name>
              <mutable>False</mutable>
              <input_type>select</input_type>
              <default_value>3</default_value>
              <values>3
2
1</values>
            </attribute>
            <attribute>
              <name>Injury</name>
              <mutable>False</mutable>
              <input_type>select</input_type>
              <default_value>No</default_value>
              <values>No
Yes
NA</values>
            </attribute>
            <attribute>
              <name>Notes</name>
              <mutable>False</mutable>
              <input_type>text</input_type>
              <default_value>NA</default_value>
              <values>NA</values>
            </attribute>
            <attribute>
              <name>Sex</name>
              <mutable>False</mutable>
              <input_type>select</input_type>
              <default_value>NA</default_value>
              <values>NA</values>
            </attribute>
          </attributes>
        </label>
        <label>
          <name>Chum</name>
          <color>#b83df5</color>
          <attributes>
            <attribute>
              <name>Sex</name>
              <mutable>False</mutable>
              <input_type>select</input_type>
              <default_value>Male</default_value>
              <values>Male
Female</values>
            </attribute>
            <attribute>
              <name>Adipose Clipped</name>
              <mutable>False</mutable>
              <input_type>select</input_type>
              <default_value>No</default_value>
              <values>No
Yes
NA</values>
            </attribute>
            <attribute>
              <name>Injury</name>
              <mutable>False</mutable>
              <input_type>select</input_type>
              <default_value>No</default_value>
              <values>No
Yes
NA</values>
            </attribute>
            <attribute>
              <name>Confidence Level</name>
              <mutable>False</mutable>
              <input_type>select</input_type>
              <default_value>3</default_value>
              <values>3
2
1</values>
            </attribute>
            <attribute>
              <name>Notes</name>
              <mutable>False</mutable>
              <input_type>text</input_type>
              <default_value>NA</default_value>
              <values>NA</values>
            </attribute>
          </attributes>
        </label>
        <label>
          <name>Whitefish</name>
          <color>#e2f1ee</color>
          <attributes>
            <attribute>
              <name>Sex</name>
              <mutable>False</mutable>
              <input_type>select</input_type>
              <default_value>NA</default_value>
              <values>NA</values>
            </attribute>
            <attribute>
              <name>Adipose Clipped</name>
              <mutable>False</mutable>
              <input_type>select</input_type>
              <default_value>No</default_value>
              <values>No
Yes
NA</values>
            </attribute>
            <attribute>
              <name>Injury</name>
              <mutable>False</mutable>
              <input_type>select</input_type>
              <default_value>No</default_value>
              <values>No
Yes
NA</values>
            </attribute>
            <attribute>
              <name>Confidence Level</name>
              <mutable>False</mutable>
              <input_type>select</input_type>
              <default_value>3</default_value>
              <values>3
2
1</values>
            </attribute>
            <attribute>
              <name>Notes</name>
              <mutable>False</mutable>
              <input_type>text</input_type>
              <default_value>NA</default_value>
              <values>NA</values>
            </attribute>
          </attributes>
        </label>
        <label>
          <name>Sockeye</name>
          <color>#fa3253</color>
          <attributes>
            <attribute>
              <name>Sex</name>
              <mutable>False</mutable>
              <input_type>select</input_type>
              <default_value>Male</default_value>
              <values>Male
Female</values>
            </attribute>
            <attribute>
              <name>Adipose Clipped</name>
              <mutable>False</mutable>
              <input_type>select</input_type>
              <default_value>No</default_value>
              <values>No
Yes
NA</values>
            </attribute>
            <attribute>
              <name>Injury</name>
              <mutable>False</mutable>
              <input_type>select</input_type>
              <default_value>No</default_value>
              <values>No
Yes
NA</values>
            </attribute>
            <attribute>
              <name>Confidence Level</name>
              <mutable>False</mutable>
              <input_type>select</input_type>
              <default_value>3</default_value>
              <values>3
2
1</values>
            </attribute>
            <attribute>
              <name>Notes</name>
              <mutable>False</mutable>
              <input_type>text</input_type>
              <default_value>NA</default_value>
              <values>NA</values>
            </attribute>
          </attributes>
        </label>
        <label>
          <name>Steelhead</name>
          <color>#66ff66</color>
          <attributes>
            <attribute>
              <name>Sex</name>
              <mutable>False</mutable>
              <input_type>select</input_type>
              <default_value>Male</default_value>
              <values>Male
Female</values>
            </attribute>
            <attribute>
              <name>Adipose Clipped</name>
              <mutable>False</mutable>
              <input_type>select</input_type>
              <default_value>No</default_value>
              <values>No
Yes
NA</values>
            </attribute>
            <attribute>
              <name>Injury</name>
              <mutable>False</mutable>
              <input_type>select</input_type>
              <default_value>No</default_value>
              <values>No
Yes
NA</values>
            </attribute>
            <attribute>
              <name>Confidence Level</name>
              <mutable>False</mutable>
              <input_type>select</input_type>
              <default_value>3</default_value>
              <values>3
2
1</values>
            </attribute>
            <attribute>
              <name>Notes</name>
              <mutable>False</mutable>
              <input_type>text</input_type>
              <default_value>NA</default_value>
              <values>NA</values>
            </attribute>
          </attributes>
        </label>
        <label>
          <name>Rainbow</name>
          <color>#ff00cc</color>
          <attributes>
            <attribute>
              <name>Sex</name>
              <mutable>False</mutable>
              <input_type>select</input_type>
              <default_value>NA</default_value>
              <values>NA</values>
            </attribute>
            <attribute>
              <name>Adipose Clipped</name>
              <mutable>False</mutable>
              <input_type>select</input_type>
              <default_value>No</default_value>
              <values>No
Yes
NA</values>
            </attribute>
            <attribute>
              <name>Injury</name>
              <mutable>False</mutable>
              <input_type>select</input_type>
              <default_value>No</default_value>
              <values>No
Yes
NA</values>
            </attribute>
            <attribute>
              <name>Confidence Level</name>
              <mutable>False</mutable>
              <input_type>select</input_type>
              <default_value>3</default_value>
              <values>3
2
1</values>
            </attribute>
            <attribute>
              <name>Notes</name>
              <mutable>False</mutable>
              <input_type>text</input_type>
              <default_value>NA</default_value>
              <values>NA</values>
            </attribute>
          </attributes>
        </label>
        <label>
          <name>Chinook</name>
          <color>#cc3366</color>
          <attributes>
            <attribute>
              <name>Sex</name>
              <mutable>False</mutable>
              <input_type>select</input_type>
              <default_value>Male</default_value>
              <values>Male
Female
NA</values>
            </attribute>
            <attribute>
              <name>Adipose Clipped</name>
              <mutable>False</mutable>
              <input_type>select</input_type>
              <default_value>No</default_value>
              <values>No
Yes
NA</values>
            </attribute>
            <attribute>
              <name>Injury</name>
              <mutable>False</mutable>
              <input_type>select</input_type>
              <default_value>No</default_value>
              <values>No
Yes
NA</values>
            </attribute>
            <attribute>
              <name>Confidence Level</name>
              <mutable>False</mutable>
              <input_type>select</input_type>
              <default_value>3</default_value>
              <values>3
2
1</values>
            </attribute>
            <attribute>
              <name>Notes</name>
              <mutable>False</mutable>
              <input_type>text</input_type>
              <default_value>NA</default_value>
              <values>NA</values>
            </attribute>
          </attributes>
        </label>
      </labels>
      <segments>
        <segment>
          <id>66</id>
          <start>0</start>
          <stop>449</stop>
          <url>httplocalhost:8080/?id=66</url>
        </segment>
      </segments>
      <owner>
        <username>bna19</username>
        <email>bna19@sfu.ca</email>
      </owner>
      <assignee></assignee>
      <original_size>
        <width>1920</width>
        <height>1080</height>
      </original_size>
    </task>
    <dumped>2021-02-17 20:51:15.373325+00:00</dumped>
    <source>10-03-2019 03-10-21 M Right Bank Underwater.m4v</source>
  </meta>
  <track id="0" label="Coho" source="manual">
    <box frame="68" outside="0" occluded="0" keyframe="1" xtl="0.00" ytl="506.93" xbr="289.66" ybr="815.12" z_order="0">
      <attribute name="Sex">Male</attribute>
      <attribute name="Adipose Clipped">NA</attribute>
      <attribute name="Injury">NA</attribute>
      <attribute name="Confidence Level">3</attribute>
      <attribute name="Notes">NA</attribute>
    </box>
    <box frame="69" outside="0" occluded="0" keyframe="0" xtl="0.00" ytl="491.15" xbr="330.50" ybr="815.12" z_order="0">
      <attribute name="Sex">Male</attribute>
      <attribute name="Adipose Clipped">NA</attribute>
      <attribute name="Injury">NA</attribute>
      <attribute name="Confidence Level">3</attribute>
      <attribute name="Notes">NA</attribute>
    </box>
    <box frame="70" outside="0" occluded="0" keyframe="0" xtl="0.00" ytl="475.37" xbr="371.33" ybr="815.12" z_order="0">
      <attribute name="Sex">Male</attribute>
      <attribute name="Adipose Clipped">NA</attribute>
      <attribute name="Injury">NA</attribute>
      <attribute name="Confidence Level">3</attribute>
      <attribute name="Notes">NA</attribute>
    </box>
    <box frame="71" outside="0" occluded="0" keyframe="0" xtl="0.00" ytl="459.58" xbr="412.17" ybr="815.12" z_order="0">
      <attribute name="Sex">Male</attribute>
      <attribute name="Adipose Clipped">NA</attribute>
      <attribute name="Injury">NA</attribute>
      <attribute name="Confidence Level">3</attribute>
      <attribute name="Notes">NA</attribute>
    </box>
    <box frame="72" outside="0" occluded="0" keyframe="1" xtl="0.00" ytl="443.80" xbr="453.00" ybr="815.12" z_order="0">
      <attribute name="Sex">Male</attribute>
      <attribute name="Adipose Clipped">NA</attribute>
      <attribute name="Injury">NA</attribute>
      <attribute name="Confidence Level">3</attribute>
      <attribute name="Notes">NA</attribute>
    </box>
    <box frame="73" outside="0" occluded="0" keyframe="0" xtl="0.00" ytl="443.80" xbr="486.24" ybr="815.12" z_order="0">
      <attribute name="Sex">Male</attribute>
      <attribute name="Adipose Clipped">NA</attribute>
      <attribute name="Injury">NA</attribute>
      <attribute name="Confidence Level">3</attribute>
      <attribute name="Notes">NA</attribute>
    </box>
    <box frame="74" outside="0" occluded="0" keyframe="0" xtl="0.00" ytl="443.80" xbr="519.49" ybr="815.12" z_order="0">
      <attribute name="Sex">Male</attribute>
      <attribute name="Adipose Clipped">NA</attribute>
      <attribute name="Injury">NA</attribute>
      <attribute name="Confidence Level">3</attribute>
      <attribute name="Notes">NA</attribute>
    </box>
    <box frame="75" outside="0" occluded="0" keyframe="0" xtl="0.00" ytl="443.80" xbr="552.73" ybr="815.12" z_order="0">
      <attribute name="Sex">Male</attribute>
      <attribute name="Adipose Clipped">NA</attribute>
      <attribute name="Injury">NA</attribute>
      <attribute name="Confidence Level">3</attribute>
      <attribute name="Notes">NA</attribute>
    </box>
    <box frame="76" outside="0" occluded="0" keyframe="0" xtl="0.00" ytl="443.80" xbr="585.97" ybr="815.12" z_order="0">
      <attribute name="Sex">Male</attribute>
      <attribute name="Adipose Clipped">NA</attribute>
      <attribute name="Injury">NA</attribute>
      <attribute name="Confidence Level">3</attribute>
      <attribute name="Notes">NA</attribute>
    </box>
    <box frame="77" outside="0" occluded="0" keyframe="0" xtl="0.00" ytl="443.80" xbr="619.21" ybr="815.12" z_order="0">
      <attribute name="Sex">Male</attribute>
      <attribute name="Adipose Clipped">NA</attribute>
      <attribute name="Injury">NA</attribute>
      <attribute name="Confidence Level">3</attribute>
      <attribute name="Notes">NA</attribute>
    </box>
    <box frame="78" outside="0" occluded="0" keyframe="0" xtl="0.00" ytl="443.80" xbr="652.46" ybr="815.12" z_order="0">
      <attribute name="Sex">Male</attribute>
      <attribute name="Adipose Clipped">NA</attribute>
      <attribute name="Injury">NA</attribute>
      <attribute name="Confidence Level">3</attribute>
      <attribute name="Notes">NA</attribute>
    </box>
    <box frame="79" outside="0" occluded="0" keyframe="1" xtl="0.00" ytl="443.80" xbr="685.70" ybr="815.12" z_order="0">
      <attribute name="Sex">Male</attribute>
      <attribute name="Adipose Clipped">NA</attribute>
      <attribute name="Injury">NA</attribute>
      <attribute name="Confidence Level">3</attribute>
      <attribute name="Notes">NA</attribute>
    </box>
    <box frame="80" outside="0" occluded="0" keyframe="0" xtl="0.00" ytl="428.61" xbr="701.33" ybr="815.12" z_order="0">
      <attribute name="Sex">Male</attribute>
      <attribute name="Adipose Clipped">NA</attribute>
      <attribute name="Injury">NA</attribute>
      <attribute name="Confidence Level">3</attribute>
      <attribute name="Notes">NA</attribute>
    </box>
    <box frame="81" outside="0" occluded="0" keyframe="0" xtl="0.00" ytl="413.43" xbr="716.96" ybr="815.12" z_order="0">
      <attribute name="Sex">Male</attribute>
      <attribute name="Adipose Clipped">NA</attribute>
      <attribute name="Injury">NA</attribute>
      <attribute name="Confidence Level">3</attribute>
      <attribute name="Notes">NA</attribute>
    </box>
    <box frame="82" outside="0" occluded="0" keyframe="0" xtl="0.00" ytl="398.24" xbr="732.59" ybr="815.12" z_order="0">
      <attribute name="Sex">Male</attribute>
      <attribute name="Adipose Clipped">NA</attribute>
      <attribute name="Injury">NA</attribute>
      <attribute name="Confidence Level">3</attribute>
      <attribute name="Notes">NA</attribute>
    </box>
    <box frame="83" outside="0" occluded="0" keyframe="0" xtl="0.00" ytl="383.06" xbr="748.21" ybr="815.12" z_order="0">
      <attribute name="Sex">Male</attribute>
      <attribute name="Adipose Clipped">NA</attribute>
      <attribute name="Injury">NA</attribute>
      <attribute name="Confidence Level">3</attribute>
      <attribute name="Notes">NA</attribute>
    </box>
    <box frame="84" outside="0" occluded="0" keyframe="0" xtl="0.00" ytl="367.87" xbr="763.84" ybr="815.12" z_order="0">
      <attribute name="Sex">Male</attribute>
      <attribute name="Adipose Clipped">NA</attribute>
      <attribute name="Injury">NA</attribute>
      <attribute name="Confidence Level">3</attribute>
      <attribute name="Notes">NA</attribute>
    </box>
    <box frame="85" outside="0" occluded="0" keyframe="0" xtl="0.00" ytl="352.69" xbr="779.47" ybr="815.12" z_order="0">
      <attribute name="Sex">Male</attribute>
      <attribute name="Adipose Clipped">NA</attribute>
      <attribute name="Injury">NA</attribute>
      <attribute name="Confidence Level">3</attribute>
      <attribute name="Notes">NA</attribute>
    </box>
    <box frame="86" outside="0" occluded="0" keyframe="1" xtl="0.00" ytl="337.50" xbr="795.10" ybr="815.12" z_order="0">
      <attribute name="Sex">Male</attribute>
      <attribute name="Adipose Clipped">NA</attribute>
      <attribute name="Injury">NA</attribute>
      <attribute name="Confidence Level">3</attribute>
      <attribute name="Notes">NA</attribute>
    </box>
    <box frame="87" outside="0" occluded="0" keyframe="0" xtl="0.00" ytl="337.50" xbr="786.51" ybr="815.12" z_order="0">
      <attribute name="Sex">Male</attribute>
      <attribute name="Adipose Clipped">NA</attribute>
      <attribute name="Injury">NA</attribute>
      <attribute name="Confidence Level">3</attribute>
      <attribute name="Notes">NA</attribute>
    </box>
    <box frame="88" outside="0" occluded="0" keyframe="0" xtl="0.00" ytl="337.50" xbr="777.93" ybr="815.12" z_order="0">
      <attribute name="Sex">Male</attribute>
      <attribute name="Adipose Clipped">NA</attribute>
      <attribute name="Injury">NA</attribute>
      <attribute name="Confidence Level">3</attribute>
      <attribute name="Notes">NA</attribute>
    </box>
    <box frame="89" outside="0" occluded="0" keyframe="0" xtl="0.00" ytl="337.50" xbr="769.34" ybr="815.12" z_order="0">
      <attribute name="Sex">Male</attribute>
      <attribute name="Adipose Clipped">NA</attribute>
      <attribute name="Injury">NA</attribute>
      <attribute name="Confidence Level">3</attribute>
      <attribute name="Notes">NA</attribute>
    </box>
    <box frame="90" outside="0" occluded="0" keyframe="0" xtl="0.00" ytl="337.50" xbr="760.76" ybr="815.12" z_order="0">
      <attribute name="Sex">Male</attribute>
      <attribute name="Adipose Clipped">NA</attribute>
      <attribute name="Injury">NA</attribute>
      <attribute name="Confidence Level">3</attribute>
      <attribute name="Notes">NA</attribute>
    </box>
    <box frame="91" outside="0" occluded="0" keyframe="0" xtl="0.00" ytl="337.50" xbr="752.17" ybr="815.12" z_order="0">
      <attribute name="Sex">Male</attribute>
      <attribute name="Adipose Clipped">NA</attribute>
      <attribute name="Injury">NA</attribute>
      <attribute name="Confidence Level">3</attribute>
      <attribute name="Notes">NA</attribute>
    </box>
    <box frame="92" outside="0" occluded="0" keyframe="0" xtl="0.00" ytl="337.50" xbr="743.59" ybr="815.12" z_order="0">
      <attribute name="Sex">Male</attribute>
      <attribute name="Adipose Clipped">NA</attribute>
      <attribute name="Injury">NA</attribute>
      <attribute name="Confidence Level">3</attribute>
      <attribute name="Notes">NA</attribute>
    </box>
    <box frame="93" outside="0" occluded="0" keyframe="0" xtl="0.00" ytl="337.50" xbr="735.00" ybr="815.12" z_order="0">
      <attribute name="Sex">Male</attribute>
      <attribute name="Adipose Clipped">NA</attribute>
      <attribute name="Injury">NA</attribute>
      <attribute name="Confidence Level">3</attribute>
      <attribute name="Notes">NA</attribute>
    </box>
    <box frame="94" outside="0" occluded="0" keyframe="0" xtl="0.00" ytl="337.50" xbr="726.41" ybr="815.12" z_order="0">
      <attribute name="Sex">Male</attribute>
      <attribute name="Adipose Clipped">NA</attribute>
      <attribute name="Injury">NA</attribute>
      <attribute name="Confidence Level">3</attribute>
      <attribute name="Notes">NA</attribute>
    </box>
    <box frame="95" outside="0" occluded="0" keyframe="0" xtl="0.00" ytl="337.50" xbr="717.83" ybr="815.12" z_order="0">
      <attribute name="Sex">Male</attribute>
      <attribute name="Adipose Clipped">NA</attribute>
      <attribute name="Injury">NA</attribute>
      <attribute name="Confidence Level">3</attribute>
      <attribute name="Notes">NA</attribute>
    </box>
    <box frame="96" outside="0" occluded="0" keyframe="0" xtl="0.00" ytl="337.50" xbr="709.24" ybr="815.12" z_order="0">
      <attribute name="Sex">Male</attribute>
      <attribute name="Adipose Clipped">NA</attribute>
      <attribute name="Injury">NA</attribute>
      <attribute name="Confidence Level">3</attribute>
      <attribute name="Notes">NA</attribute>
    </box>
    <box frame="97" outside="0" occluded="0" keyframe="0" xtl="0.00" ytl="337.50" xbr="700.66" ybr="815.12" z_order="0">
      <attribute name="Sex">Male</attribute>
      <attribute name="Adipose Clipped">NA</attribute>
      <attribute name="Injury">NA</attribute>
      <attribute name="Confidence Level">3</attribute>
      <attribute name="Notes">NA</attribute>
    </box>
    <box frame="98" outside="0" occluded="0" keyframe="0" xtl="0.00" ytl="337.50" xbr="692.07" ybr="815.12" z_order="0">
      <attribute name="Sex">Male</attribute>
      <attribute name="Adipose Clipped">NA</attribute>
      <attribute name="Injury">NA</attribute>
      <attribute name="Confidence Level">3</attribute>
      <attribute name="Notes">NA</attribute>
    </box>
    <box frame="99" outside="0" occluded="0" keyframe="0" xtl="0.00" ytl="337.50" xbr="683.49" ybr="815.12" z_order="0">
      <attribute name="Sex">Male</attribute>
      <attribute name="Adipose Clipped">NA</attribute>
      <attribute name="Injury">NA</attribute>
      <attribute name="Confidence Level">3</attribute>
      <attribute name="Notes">NA</attribute>
    </box>
    <box frame="100" outside="0" occluded="0" keyframe="1" xtl="0.00" ytl="337.50" xbr="674.90" ybr="815.12" z_order="0">
      <attribute name="Sex">Male</attribute>
      <attribute name="Adipose Clipped">NA</attribute>
      <attribute name="Injury">NA</attribute>
      <attribute name="Confidence Level">3</attribute>
      <attribute name="Notes">NA</attribute>
    </box>
    <box frame="101" outside="0" occluded="0" keyframe="0" xtl="0.00" ytl="337.50" xbr="657.64" ybr="815.12" z_order="0">
      <attribute name="Sex">Male</attribute>
      <attribute name="Adipose Clipped">NA</attribute>
      <attribute name="Injury">NA</attribute>
      <attribute name="Confidence Level">3</attribute>
      <attribute name="Notes">NA</attribute>
    </box>
    <box frame="102" outside="0" occluded="0" keyframe="0" xtl="0.00" ytl="337.50" xbr="640.38" ybr="815.12" z_order="0">
      <attribute name="Sex">Male</attribute>
      <attribute name="Adipose Clipped">NA</attribute>
      <attribute name="Injury">NA</attribute>
      <attribute name="Confidence Level">3</attribute>
      <attribute name="Notes">NA</attribute>
    </box>
    <box frame="103" outside="0" occluded="0" keyframe="0" xtl="0.00" ytl="337.50" xbr="623.12" ybr="815.12" z_order="0">
      <attribute name="Sex">Male</attribute>
      <attribute name="Adipose Clipped">NA</attribute>
      <attribute name="Injury">NA</attribute>
      <attribute name="Confidence Level">3</attribute>
      <attribute name="Notes">NA</attribute>
    </box>
    <box frame="104" outside="0" occluded="0" keyframe="0" xtl="0.00" ytl="337.50" xbr="605.86" ybr="815.12" z_order="0">
      <attribute name="Sex">Male</attribute>
      <attribute name="Adipose Clipped">NA</attribute>
      <attribute name="Injury">NA</attribute>
      <attribute name="Confidence Level">3</attribute>
      <attribute name="Notes">NA</attribute>
    </box>
    <box frame="105" outside="0" occluded="0" keyframe="0" xtl="0.00" ytl="337.50" xbr="588.60" ybr="815.12" z_order="0">
      <attribute name="Sex">Male</attribute>
      <attribute name="Adipose Clipped">NA</attribute>
      <attribute name="Injury">NA</attribute>
      <attribute name="Confidence Level">3</attribute>
      <attribute name="Notes">NA</attribute>
    </box>
    <box frame="106" outside="0" occluded="0" keyframe="0" xtl="0.00" ytl="337.50" xbr="571.34" ybr="815.12" z_order="0">
      <attribute name="Sex">Male</attribute>
      <attribute name="Adipose Clipped">NA</attribute>
      <attribute name="Injury">NA</attribute>
      <attribute name="Confidence Level">3</attribute>
      <attribute name="Notes">NA</attribute>
    </box>
    <box frame="107" outside="0" occluded="0" keyframe="0" xtl="0.00" ytl="337.50" xbr="554.08" ybr="815.12" z_order="0">
      <attribute name="Sex">Male</attribute>
      <attribute name="Adipose Clipped">NA</attribute>
      <attribute name="Injury">NA</attribute>
      <attribute name="Confidence Level">3</attribute>
      <attribute name="Notes">NA</attribute>
    </box>
    <box frame="108" outside="0" occluded="0" keyframe="0" xtl="0.00" ytl="337.50" xbr="536.82" ybr="815.12" z_order="0">
      <attribute name="Sex">Male</attribute>
      <attribute name="Adipose Clipped">NA</attribute>
      <attribute name="Injury">NA</attribute>
      <attribute name="Confidence Level">3</attribute>
      <attribute name="Notes">NA</attribute>
    </box>
    <box frame="109" outside="0" occluded="0" keyframe="0" xtl="0.00" ytl="337.50" xbr="519.56" ybr="815.12" z_order="0">
      <attribute name="Sex">Male</attribute>
      <attribute name="Adipose Clipped">NA</attribute>
      <attribute name="Injury">NA</attribute>
      <attribute name="Confidence Level">3</attribute>
      <attribute name="Notes">NA</attribute>
    </box>
    <box frame="110" outside="0" occluded="0" keyframe="1" xtl="0.00" ytl="337.50" xbr="502.30" ybr="815.12" z_order="0">
      <attribute name="Sex">Male</attribute>
      <attribute name="Adipose Clipped">NA</attribute>
      <attribute name="Injury">NA</attribute>
      <attribute name="Confidence Level">3</attribute>
      <attribute name="Notes">NA</attribute>
    </box>
    <box frame="111" outside="0" occluded="0" keyframe="0" xtl="0.00" ytl="337.50" xbr="487.51" ybr="815.12" z_order="0">
      <attribute name="Sex">Male</attribute>
      <attribute name="Adipose Clipped">NA</attribute>
      <attribute name="Injury">NA</attribute>
      <attribute name="Confidence Level">3</attribute>
      <attribute name="Notes">NA</attribute>
    </box>
    <box frame="112" outside="0" occluded="0" keyframe="0" xtl="0.00" ytl="337.50" xbr="472.72" ybr="815.12" z_order="0">
      <attribute name="Sex">Male</attribute>
      <attribute name="Adipose Clipped">NA</attribute>
      <attribute name="Injury">NA</attribute>
      <attribute name="Confidence Level">3</attribute>
      <attribute name="Notes">NA</attribute>
    </box>
    <box frame="113" outside="0" occluded="0" keyframe="0" xtl="0.00" ytl="337.50" xbr="457.93" ybr="815.12" z_order="0">
      <attribute name="Sex">Male</attribute>
      <attribute name="Adipose Clipped">NA</attribute>
      <attribute name="Injury">NA</attribute>
      <attribute name="Confidence Level">3</attribute>
      <attribute name="Notes">NA</attribute>
    </box>
    <box frame="114" outside="0" occluded="0" keyframe="0" xtl="0.00" ytl="337.50" xbr="443.14" ybr="815.12" z_order="0">
      <attribute name="Sex">Male</attribute>
      <attribute name="Adipose Clipped">NA</attribute>
      <attribute name="Injury">NA</attribute>
      <attribute name="Confidence Level">3</attribute>
      <attribute name="Notes">NA</attribute>
    </box>
    <box frame="115" outside="0" occluded="0" keyframe="0" xtl="0.00" ytl="337.50" xbr="428.35" ybr="815.12" z_order="0">
      <attribute name="Sex">Male</attribute>
      <attribute name="Adipose Clipped">NA</attribute>
      <attribute name="Injury">NA</attribute>
      <attribute name="Confidence Level">3</attribute>
      <attribute name="Notes">NA</attribute>
    </box>
    <box frame="116" outside="0" occluded="0" keyframe="0" xtl="0.00" ytl="337.50" xbr="413.56" ybr="815.12" z_order="0">
      <attribute name="Sex">Male</attribute>
      <attribute name="Adipose Clipped">NA</attribute>
      <attribute name="Injury">NA</attribute>
      <attribute name="Confidence Level">3</attribute>
      <attribute name="Notes">NA</attribute>
    </box>
    <box frame="117" outside="0" occluded="0" keyframe="0" xtl="0.00" ytl="337.50" xbr="398.77" ybr="815.12" z_order="0">
      <attribute name="Sex">Male</attribute>
      <attribute name="Adipose Clipped">NA</attribute>
      <attribute name="Injury">NA</attribute>
      <attribute name="Confidence Level">3</attribute>
      <attribute name="Notes">NA</attribute>
    </box>
    <box frame="118" outside="0" occluded="0" keyframe="0" xtl="0.00" ytl="337.50" xbr="383.98" ybr="815.12" z_order="0">
      <attribute name="Sex">Male</attribute>
      <attribute name="Adipose Clipped">NA</attribute>
      <attribute name="Injury">NA</attribute>
      <attribute name="Confidence Level">3</attribute>
      <attribute name="Notes">NA</attribute>
    </box>
    <box frame="119" outside="0" occluded="0" keyframe="0" xtl="0.00" ytl="337.50" xbr="369.19" ybr="815.12" z_order="0">
      <attribute name="Sex">Male</attribute>
      <attribute name="Adipose Clipped">NA</attribute>
      <attribute name="Injury">NA</attribute>
      <attribute name="Confidence Level">3</attribute>
      <attribute name="Notes">NA</attribute>
    </box>
    <box frame="120" outside="0" occluded="0" keyframe="1" xtl="0.00" ytl="337.50" xbr="354.40" ybr="815.12" z_order="0">
      <attribute name="Sex">Male</attribute>
      <attribute name="Adipose Clipped">NA</attribute>
      <attribute name="Injury">NA</attribute>
      <attribute name="Confidence Level">3</attribute>
      <attribute name="Notes">NA</attribute>
    </box>
    <box frame="121" outside="0" occluded="0" keyframe="0" xtl="0.00" ytl="355.22" xbr="342.38" ybr="815.12" z_order="0">
      <attribute name="Sex">Male</attribute>
      <attribute name="Adipose Clipped">NA</attribute>
      <attribute name="Injury">NA</attribute>
      <attribute name="Confidence Level">3</attribute>
      <attribute name="Notes">NA</attribute>
    </box>
    <box frame="122" outside="0" occluded="0" keyframe="0" xtl="0.00" ytl="372.94" xbr="330.36" ybr="815.12" z_order="0">
      <attribute name="Sex">Male</attribute>
      <attribute name="Adipose Clipped">NA</attribute>
      <attribute name="Injury">NA</attribute>
      <attribute name="Confidence Level">3</attribute>
      <attribute name="Notes">NA</attribute>
    </box>
    <box frame="123" outside="0" occluded="0" keyframe="0" xtl="0.00" ytl="390.66" xbr="318.34" ybr="815.12" z_order="0">
      <attribute name="Sex">Male</attribute>
      <attribute name="Adipose Clipped">NA</attribute>
      <attribute name="Injury">NA</attribute>
      <attribute name="Confidence Level">3</attribute>
      <attribute name="Notes">NA</attribute>
    </box>
    <box frame="124" outside="0" occluded="0" keyframe="0" xtl="0.00" ytl="408.38" xbr="306.32" ybr="815.12" z_order="0">
      <attribute name="Sex">Male</attribute>
      <attribute name="Adipose Clipped">NA</attribute>
      <attribute name="Injury">NA</attribute>
      <attribute name="Confidence Level">3</attribute>
      <attribute name="Notes">NA</attribute>
    </box>
    <box frame="125" outside="0" occluded="0" keyframe="0" xtl="0.00" ytl="426.10" xbr="294.30" ybr="815.12" z_order="0">
      <attribute name="Sex">Male</attribute>
      <attribute name="Adipose Clipped">NA</attribute>
      <attribute name="Injury">NA</attribute>
      <attribute name="Confidence Level">3</attribute>
      <attribute name="Notes">NA</attribute>
    </box>
    <box frame="126" outside="0" occluded="0" keyframe="0" xtl="0.00" ytl="443.82" xbr="282.28" ybr="815.12" z_order="0">
      <attribute name="Sex">Male</attribute>
      <attribute name="Adipose Clipped">NA</attribute>
      <attribute name="Injury">NA</attribute>
      <attribute name="Confidence Level">3</attribute>
      <attribute name="Notes">NA</attribute>
    </box>
    <box frame="127" outside="0" occluded="0" keyframe="0" xtl="0.00" ytl="461.54" xbr="270.26" ybr="815.12" z_order="0">
      <attribute name="Sex">Male</attribute>
      <attribute name="Adipose Clipped">NA</attribute>
      <attribute name="Injury">NA</attribute>
      <attribute name="Confidence Level">3</attribute>
      <attribute name="Notes">NA</attribute>
    </box>
    <box frame="128" outside="0" occluded="0" keyframe="0" xtl="0.00" ytl="479.26" xbr="258.24" ybr="815.12" z_order="0">
      <attribute name="Sex">Male</attribute>
      <attribute name="Adipose Clipped">NA</attribute>
      <attribute name="Injury">NA</attribute>
      <attribute name="Confidence Level">3</attribute>
      <attribute name="Notes">NA</attribute>
    </box>
    <box frame="129" outside="0" occluded="0" keyframe="0" xtl="0.00" ytl="496.98" xbr="246.22" ybr="815.12" z_order="0">
      <attribute name="Sex">Male</attribute>
      <attribute name="Adipose Clipped">NA</attribute>
      <attribute name="Injury">NA</attribute>
      <attribute name="Confidence Level">3</attribute>
      <attribute name="Notes">NA</attribute>
    </box>
    <box frame="130" outside="0" occluded="0" keyframe="1" xtl="0.00" ytl="514.70" xbr="234.20" ybr="815.12" z_order="0">
      <attribute name="Sex">Male</attribute>
      <attribute name="Adipose Clipped">NA</attribute>
      <attribute name="Injury">NA</attribute>
      <attribute name="Confidence Level">3</attribute>
      <attribute name="Notes">NA</attribute>
    </box>
    <box frame="131" outside="0" occluded="0" keyframe="0" xtl="0.00" ytl="514.70" xbr="207.63" ybr="815.12" z_order="0">
      <attribute name="Sex">Male</attribute>
      <attribute name="Adipose Clipped">NA</attribute>
      <attribute name="Injury">NA</attribute>
      <attribute name="Confidence Level">3</attribute>
      <attribute name="Notes">NA</attribute>
    </box>
    <box frame="132" outside="0" occluded="0" keyframe="0" xtl="0.00" ytl="514.70" xbr="181.05" ybr="815.12" z_order="0">
      <attribute name="Sex">Male</attribute>
      <attribute name="Adipose Clipped">NA</attribute>
      <attribute name="Injury">NA</attribute>
      <attribute name="Confidence Level">3</attribute>
      <attribute name="Notes">NA</attribute>
    </box>
    <box frame="133" outside="0" occluded="1" keyframe="1" xtl="0.00" ytl="514.70" xbr="154.48" ybr="815.12" z_order="0">
      <attribute name="Sex">Male</attribute>
      <attribute name="Adipose Clipped">NA</attribute>
      <attribute name="Injury">NA</attribute>
      <attribute name="Confidence Level">3</attribute>
      <attribute name="Notes">NA</attribute>
    </box>
    <box frame="134" outside="0" occluded="1" keyframe="1" xtl="0.00" ytl="514.70" xbr="127.90" ybr="815.12" z_order="0">
      <attribute name="Sex">Male</attribute>
      <attribute name="Adipose Clipped">NA</attribute>
      <attribute name="Injury">NA</attribute>
      <attribute name="Confidence Level">3</attribute>
      <attribute name="Notes">NA</attribute>
    </box>
    <box frame="135" outside="0" occluded="1" keyframe="0" xtl="0.00" ytl="514.70" xbr="114.34" ybr="815.12" z_order="0">
      <attribute name="Sex">Male</attribute>
      <attribute name="Adipose Clipped">NA</attribute>
      <attribute name="Injury">NA</attribute>
      <attribute name="Confidence Level">3</attribute>
      <attribute name="Notes">NA</attribute>
    </box>
    <box frame="136" outside="0" occluded="1" keyframe="0" xtl="0.00" ytl="514.70" xbr="100.78" ybr="815.12" z_order="0">
      <attribute name="Sex">Male</attribute>
      <attribute name="Adipose Clipped">NA</attribute>
      <attribute name="Injury">NA</attribute>
      <attribute name="Confidence Level">3</attribute>
      <attribute name="Notes">NA</attribute>
    </box>
    <box frame="137" outside="0" occluded="1" keyframe="0" xtl="0.00" ytl="514.70" xbr="87.22" ybr="815.12" z_order="0">
      <attribute name="Sex">Male</attribute>
      <attribute name="Adipose Clipped">NA</attribute>
      <attribute name="Injury">NA</attribute>
      <attribute name="Confidence Level">3</attribute>
      <attribute name="Notes">NA</attribute>
    </box>
    <box frame="138" outside="0" occluded="1" keyframe="0" xtl="0.00" ytl="514.70" xbr="73.66" ybr="815.12" z_order="0">
      <attribute name="Sex">Male</attribute>
      <attribute name="Adipose Clipped">NA</attribute>
      <attribute name="Injury">NA</attribute>
      <attribute name="Confidence Level">3</attribute>
      <attribute name="Notes">NA</attribute>
    </box>
    <box frame="139" outside="0" occluded="1" keyframe="1" xtl="0.00" ytl="514.70" xbr="60.10" ybr="815.12" z_order="0">
      <attribute name="Sex">Male</attribute>
      <attribute name="Adipose Clipped">NA</attribute>
      <attribute name="Injury">NA</attribute>
      <attribute name="Confidence Level">3</attribute>
      <attribute name="Notes">NA</attribute>
    </box>
    <box frame="140" outside="1" occluded="1" keyframe="1" xtl="0.00" ytl="514.70" xbr="60.10" ybr="815.12" z_order="0">
      <attribute name="Sex">Male</attribute>
      <attribute name="Adipose Clipped">NA</attribute>
      <attribute name="Injury">NA</attribute>
      <attribute name="Confidence Level">3</attribute>
      <attribute name="Notes">NA</attribute>
    </box>
    <box frame="142" outside="1" occluded="0" keyframe="1" xtl="0.00" ytl="514.70" xbr="60.10" ybr="815.12" z_order="0">
      <attribute name="Sex">Male</attribute>
      <attribute name="Adipose Clipped">NA</attribute>
      <attribute name="Injury">NA</attribute>
      <attribute name="Confidence Level">3</attribute>
      <attribute name="Notes">NA</attribute>
    </box>
  </track>
</annotations>