<?xml version="1.0" encoding="utf-8"?>
<annotations>
  <version>1.1</version>
  <meta>
    <task>
      <id>83</id>
      <name>09-25-2019 00-05-32 M Right Bank Underwater</name>
      <size>198</size>
      <mode>interpolation</mode>
      <overlap>5</overlap>
      <bugtracker></bugtracker>
      <created>2021-03-11 20:26:14.203507+00:00</created>
      <updated>2021-03-11 20:46:20.338269+00:00</updated>
      <start_frame>0</start_frame>
      <stop_frame>197</stop_frame>
      <frame_filter></frame_filter>
      <labels>
        <label>
          <name>Coho</name>
          <color>#24b353</color>
          <attributes>
            <attribute>
              <name>Adipose Clipped</name>
              <mutable>False</mutable>
              <input_type>select</input_type>
              <default_value>No</default_value>
              <values>No
Yes
NA</values>
            </attribute>
            <attribute>
              <name>Confidence Level</name>
              <mutable>False</mutable>
              <input_type>select</input_type>
              <default_value>3</default_value>
              <values>3
2
1</values>
            </attribute>
            <attribute>
              <name>Injury</name>
              <mutable>False</mutable>
              <input_type>select</input_type>
              <default_value>No</default_value>
              <values>No
Yes
NA</values>
            </attribute>
            <attribute>
              <name>Notes</name>
              <mutable>False</mutable>
              <input_type>text</input_type>
              <default_value>NA</default_value>
              <values>NA</values>
            </attribute>
            <attribute>
              <name>Sex</name>
              <mutable>False</mutable>
              <input_type>select</input_type>
              <default_value>Male</default_value>
              <values>Male
Female
Jack</values>
            </attribute>
          </attributes>
        </label>
        <label>
          <name>Bull</name>
          <color>#ff6037</color>
          <attributes>
            <attribute>
              <name>Adipose Clipped</name>
              <mutable>False</mutable>
              <input_type>select</input_type>
              <default_value>No</default_value>
              <values>No
NA</values>
            </attribute>
            <attribute>
              <name>Confidence Level</name>
              <mutable>False</mutable>
              <input_type>select</input_type>
              <default_value>3</default_value>
              <values>3
2
1</values>
            </attribute>
            <attribute>
              <name>Injury</name>
              <mutable>False</mutable>
              <input_type>select</input_type>
              <default_value>No</default_value>
              <values>No
Yes
NA</values>
            </attribute>
            <attribute>
              <name>Notes</name>
              <mutable>False</mutable>
              <input_type>text</input_type>
              <default_value>NA</default_value>
              <values>NA</values>
            </attribute>
            <attribute>
              <name>Sex</name>
              <mutable>False</mutable>
              <input_type>select</input_type>
              <default_value>NA</default_value>
              <values>NA</values>
            </attribute>
          </attributes>
        </label>
        <label>
          <name>Chum</name>
          <color>#b83df5</color>
          <attributes>
            <attribute>
              <name>Adipose Clipped</name>
              <mutable>False</mutable>
              <input_type>select</input_type>
              <default_value>No</default_value>
              <values>No
Yes
NA</values>
            </attribute>
            <attribute>
              <name>Confidence Level</name>
              <mutable>False</mutable>
              <input_type>select</input_type>
              <default_value>3</default_value>
              <values>3
2
1</values>
            </attribute>
            <attribute>
              <name>Injury</name>
              <mutable>False</mutable>
              <input_type>select</input_type>
              <default_value>No</default_value>
              <values>No
Yes
NA</values>
            </attribute>
            <attribute>
              <name>Notes</name>
              <mutable>False</mutable>
              <input_type>text</input_type>
              <default_value>NA</default_value>
              <values>NA</values>
            </attribute>
            <attribute>
              <name>Sex</name>
              <mutable>False</mutable>
              <input_type>select</input_type>
              <default_value>Male</default_value>
              <values>Male
Female</values>
            </attribute>
          </attributes>
        </label>
        <label>
          <name>Whitefish</name>
          <color>#e5e5f3</color>
          <attributes>
            <attribute>
              <name>Adipose Clipped</name>
              <mutable>False</mutable>
              <input_type>select</input_type>
              <default_value>No</default_value>
              <values>No
Yes
NA</values>
            </attribute>
            <attribute>
              <name>Confidence Level</name>
              <mutable>False</mutable>
              <input_type>select</input_type>
              <default_value>3</default_value>
              <values>3
2
1</values>
            </attribute>
            <attribute>
              <name>Injury</name>
              <mutable>False</mutable>
              <input_type>select</input_type>
              <default_value>No</default_value>
              <values>No
Yes
NA</values>
            </attribute>
            <attribute>
              <name>Notes</name>
              <mutable>False</mutable>
              <input_type>text</input_type>
              <default_value>NA</default_value>
              <values>NA</values>
            </attribute>
            <attribute>
              <name>Sex</name>
              <mutable>False</mutable>
              <input_type>select</input_type>
              <default_value>NA</default_value>
              <values>NA</values>
            </attribute>
          </attributes>
        </label>
        <label>
          <name>Pink</name>
          <color>#fa7dbb</color>
          <attributes>
            <attribute>
              <name>Adipose Clipped</name>
              <mutable>False</mutable>
              <input_type>select</input_type>
              <default_value>No</default_value>
              <values>No
Yes
NA</values>
            </attribute>
            <attribute>
              <name>Confidence Level</name>
              <mutable>False</mutable>
              <input_type>select</input_type>
              <default_value>3</default_value>
              <values>3
2
1</values>
            </attribute>
            <attribute>
              <name>Injury</name>
              <mutable>False</mutable>
              <input_type>select</input_type>
              <default_value>No</default_value>
              <values>No
Yes
NA</values>
            </attribute>
            <attribute>
              <name>Notes</name>
              <mutable>False</mutable>
              <input_type>text</input_type>
              <default_value>NA</default_value>
              <values>NA</values>
            </attribute>
            <attribute>
              <name>Sex</name>
              <mutable>False</mutable>
              <input_type>select</input_type>
              <default_value>Male</default_value>
              <values>Male
Female
NA</values>
            </attribute>
          </attributes>
        </label>
        <label>
          <name>Sockeye</name>
          <color>#fa3253</color>
          <attributes>
            <attribute>
              <name>Adipose Clipped</name>
              <mutable>False</mutable>
              <input_type>select</input_type>
              <default_value>No</default_value>
              <values>No
Yes
NA</values>
            </attribute>
            <attribute>
              <name>Confidence Level</name>
              <mutable>False</mutable>
              <input_type>select</input_type>
              <default_value>3</default_value>
              <values>3
2
1</values>
            </attribute>
            <attribute>
              <name>Injury</name>
              <mutable>False</mutable>
              <input_type>select</input_type>
              <default_value>No</default_value>
              <values>No
Yes
NA</values>
            </attribute>
            <attribute>
              <name>Notes</name>
              <mutable>False</mutable>
              <input_type>text</input_type>
              <default_value>NA</default_value>
              <values>NA</values>
            </attribute>
            <attribute>
              <name>Sex</name>
              <mutable>False</mutable>
              <input_type>select</input_type>
              <default_value>Male</default_value>
              <values>Male
Female</values>
            </attribute>
          </attributes>
        </label>
        <label>
          <name>Rainbow</name>
          <color>#ff00cc</color>
          <attributes>
            <attribute>
              <name>Adipose Clipped</name>
              <mutable>False</mutable>
              <input_type>select</input_type>
              <default_value>No</default_value>
              <values>No
Yes
NA</values>
            </attribute>
            <attribute>
              <name>Confidence Level</name>
              <mutable>False</mutable>
              <input_type>select</input_type>
              <default_value>3</default_value>
              <values>3
2
1</values>
            </attribute>
            <attribute>
              <name>Injury</name>
              <mutable>False</mutable>
              <input_type>select</input_type>
              <default_value>No</default_value>
              <values>No
Yes
NA</values>
            </attribute>
            <attribute>
              <name>Notes</name>
              <mutable>False</mutable>
              <input_type>text</input_type>
              <default_value>NA</default_value>
              <values>NA</values>
            </attribute>
            <attribute>
              <name>Sex</name>
              <mutable>False</mutable>
              <input_type>select</input_type>
              <default_value>NA</default_value>
              <values>NA
Juvenile</values>
            </attribute>
          </attributes>
        </label>
        <label>
          <name>Steelhead</name>
          <color>#66ff66</color>
          <attributes>
            <attribute>
              <name>Adipose Clipped</name>
              <mutable>False</mutable>
              <input_type>select</input_type>
              <default_value>No</default_value>
              <values>No
Yes
NA</values>
            </attribute>
            <attribute>
              <name>Confidence Level</name>
              <mutable>False</mutable>
              <input_type>select</input_type>
              <default_value>3</default_value>
              <values>3
2
1</values>
            </attribute>
            <attribute>
              <name>Injury</name>
              <mutable>False</mutable>
              <input_type>select</input_type>
              <default_value>No</default_value>
              <values>No
Yes
NA</values>
            </attribute>
            <attribute>
              <name>Notes</name>
              <mutable>False</mutable>
              <input_type>select</input_type>
              <default_value>NA</default_value>
              <values>NA</values>
            </attribute>
            <attribute>
              <name>Sex</name>
              <mutable>False</mutable>
              <input_type>select</input_type>
              <default_value>Male</default_value>
              <values>Male
Female</values>
            </attribute>
          </attributes>
        </label>
        <label>
          <name>Chinook</name>
          <color>#cc3366</color>
          <attributes>
            <attribute>
              <name>Adipose Clipped</name>
              <mutable>False</mutable>
              <input_type>select</input_type>
              <default_value>No</default_value>
              <values>No
Yes
NA</values>
            </attribute>
            <attribute>
              <name>Confidence Level</name>
              <mutable>False</mutable>
              <input_type>select</input_type>
              <default_value>3</default_value>
              <values>3
2
1</values>
            </attribute>
            <attribute>
              <name>Injury</name>
              <mutable>False</mutable>
              <input_type>select</input_type>
              <default_value>No</default_value>
              <values>No
Yes
NA</values>
            </attribute>
            <attribute>
              <name>Notes</name>
              <mutable>False</mutable>
              <input_type>text</input_type>
              <default_value>NA</default_value>
              <values>NA</values>
            </attribute>
            <attribute>
              <name>Sex</name>
              <mutable>False</mutable>
              <input_type>select</input_type>
              <default_value>Male</default_value>
              <values>Male
Female</values>
            </attribute>
          </attributes>
        </label>
        <label>
          <name>Pikeminnow</name>
          <color>#cc9933</color>
          <attributes>
          </attributes>
        </label>
      </labels>
      <segments>
        <segment>
          <id>83</id>
          <start>0</start>
          <stop>197</stop>
          <url>httplocalhost:8080/?id=83</url>
        </segment>
      </segments>
      <owner>
        <username>bna19</username>
        <email>bna19@sfu.ca</email>
      </owner>
      <assignee></assignee>
      <original_size>
        <width>1920</width>
        <height>1080</height>
      </original_size>
    </task>
    <dumped>2021-03-11 20:46:40.160216+00:00</dumped>
    <source>09-25-2019 00-05-32 M Right Bank Underwater.mp4</source>
  </meta>
  <track id="0" label="Coho" source="manual">
    <box frame="5" outside="0" occluded="0" keyframe="1" xtl="1.25" ytl="128.75" xbr="346.25" ybr="524.38" z_order="0">
      <attribute name="Adipose Clipped">No</attribute>
      <attribute name="Injury">No</attribute>
      <attribute name="Confidence Level">3</attribute>
      <attribute name="Notes">NA</attribute>
      <attribute name="Sex">Female</attribute>
    </box>
    <box frame="6" outside="0" occluded="0" keyframe="0" xtl="1.25" ytl="164.38" xbr="379.08" ybr="582.49" z_order="0">
      <attribute name="Adipose Clipped">No</attribute>
      <attribute name="Injury">No</attribute>
      <attribute name="Confidence Level">3</attribute>
      <attribute name="Notes">NA</attribute>
      <attribute name="Sex">Female</attribute>
    </box>
    <box frame="7" outside="0" occluded="0" keyframe="1" xtl="1.25" ytl="200.00" xbr="411.90" ybr="640.60" z_order="0">
      <attribute name="Adipose Clipped">No</attribute>
      <attribute name="Injury">No</attribute>
      <attribute name="Confidence Level">3</attribute>
      <attribute name="Notes">NA</attribute>
      <attribute name="Sex">Female</attribute>
    </box>
    <box frame="8" outside="0" occluded="0" keyframe="1" xtl="1.25" ytl="200.00" xbr="468.20" ybr="696.90" z_order="0">
      <attribute name="Adipose Clipped">No</attribute>
      <attribute name="Injury">No</attribute>
      <attribute name="Confidence Level">3</attribute>
      <attribute name="Notes">NA</attribute>
      <attribute name="Sex">Female</attribute>
    </box>
    <box frame="9" outside="0" occluded="0" keyframe="1" xtl="1.25" ytl="261.88" xbr="468.20" ybr="758.78" z_order="0">
      <attribute name="Adipose Clipped">No</attribute>
      <attribute name="Injury">No</attribute>
      <attribute name="Confidence Level">3</attribute>
      <attribute name="Notes">NA</attribute>
      <attribute name="Sex">Female</attribute>
    </box>
    <box frame="10" outside="0" occluded="0" keyframe="1" xtl="1.25" ytl="261.88" xbr="558.20" ybr="790.70" z_order="0">
      <attribute name="Adipose Clipped">No</attribute>
      <attribute name="Injury">No</attribute>
      <attribute name="Confidence Level">3</attribute>
      <attribute name="Notes">NA</attribute>
      <attribute name="Sex">Female</attribute>
    </box>
    <box frame="11" outside="0" occluded="0" keyframe="1" xtl="1.25" ytl="261.88" xbr="629.50" ybr="818.80" z_order="0">
      <attribute name="Adipose Clipped">No</attribute>
      <attribute name="Injury">No</attribute>
      <attribute name="Confidence Level">3</attribute>
      <attribute name="Notes">NA</attribute>
      <attribute name="Sex">Female</attribute>
    </box>
    <box frame="12" outside="0" occluded="0" keyframe="1" xtl="0.00" ytl="290.00" xbr="622.00" ybr="846.93" z_order="0">
      <attribute name="Adipose Clipped">No</attribute>
      <attribute name="Injury">No</attribute>
      <attribute name="Confidence Level">3</attribute>
      <attribute name="Notes">NA</attribute>
      <attribute name="Sex">Female</attribute>
    </box>
    <box frame="13" outside="0" occluded="0" keyframe="1" xtl="0.00" ytl="333.12" xbr="700.70" ybr="890.05" z_order="0">
      <attribute name="Adipose Clipped">No</attribute>
      <attribute name="Injury">No</attribute>
      <attribute name="Confidence Level">3</attribute>
      <attribute name="Notes">NA</attribute>
      <attribute name="Sex">Female</attribute>
    </box>
    <box frame="14" outside="0" occluded="0" keyframe="1" xtl="0.00" ytl="385.60" xbr="727.00" ybr="890.05" z_order="0">
      <attribute name="Adipose Clipped">No</attribute>
      <attribute name="Injury">No</attribute>
      <attribute name="Confidence Level">3</attribute>
      <attribute name="Notes">NA</attribute>
      <attribute name="Sex">Female</attribute>
    </box>
    <box frame="15" outside="0" occluded="0" keyframe="0" xtl="0.00" ytl="385.60" xbr="775.75" ybr="890.05" z_order="0">
      <attribute name="Adipose Clipped">No</attribute>
      <attribute name="Injury">No</attribute>
      <attribute name="Confidence Level">3</attribute>
      <attribute name="Notes">NA</attribute>
      <attribute name="Sex">Female</attribute>
    </box>
    <box frame="16" outside="0" occluded="0" keyframe="1" xtl="0.00" ytl="385.60" xbr="824.50" ybr="890.05" z_order="0">
      <attribute name="Adipose Clipped">No</attribute>
      <attribute name="Injury">No</attribute>
      <attribute name="Confidence Level">3</attribute>
      <attribute name="Notes">NA</attribute>
      <attribute name="Sex">Female</attribute>
    </box>
    <box frame="17" outside="0" occluded="0" keyframe="0" xtl="0.00" ytl="385.60" xbr="846.62" ybr="893.80" z_order="0">
      <attribute name="Adipose Clipped">No</attribute>
      <attribute name="Injury">No</attribute>
      <attribute name="Confidence Level">3</attribute>
      <attribute name="Notes">NA</attribute>
      <attribute name="Sex">Female</attribute>
    </box>
    <box frame="18" outside="0" occluded="0" keyframe="0" xtl="0.00" ytl="385.60" xbr="868.74" ybr="897.55" z_order="0">
      <attribute name="Adipose Clipped">No</attribute>
      <attribute name="Injury">No</attribute>
      <attribute name="Confidence Level">3</attribute>
      <attribute name="Notes">NA</attribute>
      <attribute name="Sex">Female</attribute>
    </box>
    <box frame="19" outside="0" occluded="0" keyframe="0" xtl="0.00" ytl="385.60" xbr="890.86" ybr="901.30" z_order="0">
      <attribute name="Adipose Clipped">No</attribute>
      <attribute name="Injury">No</attribute>
      <attribute name="Confidence Level">3</attribute>
      <attribute name="Notes">NA</attribute>
      <attribute name="Sex">Female</attribute>
    </box>
    <box frame="20" outside="0" occluded="0" keyframe="0" xtl="0.00" ytl="385.60" xbr="912.98" ybr="905.05" z_order="0">
      <attribute name="Adipose Clipped">No</attribute>
      <attribute name="Injury">No</attribute>
      <attribute name="Confidence Level">3</attribute>
      <attribute name="Notes">NA</attribute>
      <attribute name="Sex">Female</attribute>
    </box>
    <box frame="21" outside="0" occluded="0" keyframe="1" xtl="0.00" ytl="385.60" xbr="935.10" ybr="908.80" z_order="0">
      <attribute name="Adipose Clipped">No</attribute>
      <attribute name="Injury">No</attribute>
      <attribute name="Confidence Level">3</attribute>
      <attribute name="Notes">NA</attribute>
      <attribute name="Sex">Female</attribute>
    </box>
    <box frame="22" outside="0" occluded="0" keyframe="0" xtl="0.00" ytl="385.60" xbr="943.85" ybr="908.80" z_order="0">
      <attribute name="Adipose Clipped">No</attribute>
      <attribute name="Injury">No</attribute>
      <attribute name="Confidence Level">3</attribute>
      <attribute name="Notes">NA</attribute>
      <attribute name="Sex">Female</attribute>
    </box>
    <box frame="23" outside="0" occluded="0" keyframe="0" xtl="0.00" ytl="385.60" xbr="952.60" ybr="908.80" z_order="0">
      <attribute name="Adipose Clipped">No</attribute>
      <attribute name="Injury">No</attribute>
      <attribute name="Confidence Level">3</attribute>
      <attribute name="Notes">NA</attribute>
      <attribute name="Sex">Female</attribute>
    </box>
    <box frame="24" outside="0" occluded="0" keyframe="0" xtl="0.00" ytl="385.60" xbr="961.35" ybr="908.80" z_order="0">
      <attribute name="Adipose Clipped">No</attribute>
      <attribute name="Injury">No</attribute>
      <attribute name="Confidence Level">3</attribute>
      <attribute name="Notes">NA</attribute>
      <attribute name="Sex">Female</attribute>
    </box>
    <box frame="25" outside="0" occluded="0" keyframe="0" xtl="0.00" ytl="385.60" xbr="970.10" ybr="908.80" z_order="0">
      <attribute name="Adipose Clipped">No</attribute>
      <attribute name="Injury">No</attribute>
      <attribute name="Confidence Level">3</attribute>
      <attribute name="Notes">NA</attribute>
      <attribute name="Sex">Female</attribute>
    </box>
    <box frame="26" outside="0" occluded="0" keyframe="0" xtl="0.00" ytl="385.60" xbr="978.85" ybr="908.80" z_order="0">
      <attribute name="Adipose Clipped">No</attribute>
      <attribute name="Injury">No</attribute>
      <attribute name="Confidence Level">3</attribute>
      <attribute name="Notes">NA</attribute>
      <attribute name="Sex">Female</attribute>
    </box>
    <box frame="27" outside="0" occluded="0" keyframe="1" xtl="0.00" ytl="385.60" xbr="987.60" ybr="908.80" z_order="0">
      <attribute name="Adipose Clipped">No</attribute>
      <attribute name="Injury">No</attribute>
      <attribute name="Confidence Level">3</attribute>
      <attribute name="Notes">NA</attribute>
      <attribute name="Sex">Female</attribute>
    </box>
    <box frame="28" outside="0" occluded="0" keyframe="0" xtl="0.00" ytl="385.60" xbr="1006.61" ybr="908.80" z_order="0">
      <attribute name="Adipose Clipped">No</attribute>
      <attribute name="Injury">No</attribute>
      <attribute name="Confidence Level">3</attribute>
      <attribute name="Notes">NA</attribute>
      <attribute name="Sex">Female</attribute>
    </box>
    <box frame="29" outside="0" occluded="0" keyframe="0" xtl="0.00" ytl="385.60" xbr="1025.63" ybr="908.80" z_order="0">
      <attribute name="Adipose Clipped">No</attribute>
      <attribute name="Injury">No</attribute>
      <attribute name="Confidence Level">3</attribute>
      <attribute name="Notes">NA</attribute>
      <attribute name="Sex">Female</attribute>
    </box>
    <box frame="30" outside="0" occluded="0" keyframe="0" xtl="0.00" ytl="385.60" xbr="1044.64" ybr="908.80" z_order="0">
      <attribute name="Adipose Clipped">No</attribute>
      <attribute name="Injury">No</attribute>
      <attribute name="Confidence Level">3</attribute>
      <attribute name="Notes">NA</attribute>
      <attribute name="Sex">Female</attribute>
    </box>
    <box frame="31" outside="0" occluded="0" keyframe="0" xtl="0.00" ytl="385.60" xbr="1063.66" ybr="908.80" z_order="0">
      <attribute name="Adipose Clipped">No</attribute>
      <attribute name="Injury">No</attribute>
      <attribute name="Confidence Level">3</attribute>
      <attribute name="Notes">NA</attribute>
      <attribute name="Sex">Female</attribute>
    </box>
    <box frame="32" outside="0" occluded="0" keyframe="0" xtl="0.00" ytl="385.60" xbr="1082.67" ybr="908.80" z_order="0">
      <attribute name="Adipose Clipped">No</attribute>
      <attribute name="Injury">No</attribute>
      <attribute name="Confidence Level">3</attribute>
      <attribute name="Notes">NA</attribute>
      <attribute name="Sex">Female</attribute>
    </box>
    <box frame="33" outside="0" occluded="0" keyframe="0" xtl="0.00" ytl="385.60" xbr="1101.69" ybr="908.80" z_order="0">
      <attribute name="Adipose Clipped">No</attribute>
      <attribute name="Injury">No</attribute>
      <attribute name="Confidence Level">3</attribute>
      <attribute name="Notes">NA</attribute>
      <attribute name="Sex">Female</attribute>
    </box>
    <box frame="34" outside="0" occluded="0" keyframe="1" xtl="0.00" ytl="385.60" xbr="1120.70" ybr="908.80" z_order="0">
      <attribute name="Adipose Clipped">No</attribute>
      <attribute name="Injury">No</attribute>
      <attribute name="Confidence Level">3</attribute>
      <attribute name="Notes">NA</attribute>
      <attribute name="Sex">Female</attribute>
    </box>
    <box frame="35" outside="0" occluded="0" keyframe="0" xtl="0.00" ytl="385.60" xbr="1164.94" ybr="908.80" z_order="0">
      <attribute name="Adipose Clipped">No</attribute>
      <attribute name="Injury">No</attribute>
      <attribute name="Confidence Level">3</attribute>
      <attribute name="Notes">NA</attribute>
      <attribute name="Sex">Female</attribute>
    </box>
    <box frame="36" outside="0" occluded="0" keyframe="0" xtl="0.00" ytl="385.60" xbr="1209.18" ybr="908.80" z_order="0">
      <attribute name="Adipose Clipped">No</attribute>
      <attribute name="Injury">No</attribute>
      <attribute name="Confidence Level">3</attribute>
      <attribute name="Notes">NA</attribute>
      <attribute name="Sex">Female</attribute>
    </box>
    <box frame="37" outside="0" occluded="0" keyframe="0" xtl="0.00" ytl="385.60" xbr="1253.42" ybr="908.80" z_order="0">
      <attribute name="Adipose Clipped">No</attribute>
      <attribute name="Injury">No</attribute>
      <attribute name="Confidence Level">3</attribute>
      <attribute name="Notes">NA</attribute>
      <attribute name="Sex">Female</attribute>
    </box>
    <box frame="38" outside="0" occluded="0" keyframe="0" xtl="0.00" ytl="385.60" xbr="1297.66" ybr="908.80" z_order="0">
      <attribute name="Adipose Clipped">No</attribute>
      <attribute name="Injury">No</attribute>
      <attribute name="Confidence Level">3</attribute>
      <attribute name="Notes">NA</attribute>
      <attribute name="Sex">Female</attribute>
    </box>
    <box frame="39" outside="0" occluded="0" keyframe="1" xtl="0.00" ytl="385.60" xbr="1341.90" ybr="908.80" z_order="0">
      <attribute name="Adipose Clipped">No</attribute>
      <attribute name="Injury">No</attribute>
      <attribute name="Confidence Level">3</attribute>
      <attribute name="Notes">NA</attribute>
      <attribute name="Sex">Female</attribute>
    </box>
    <box frame="40" outside="0" occluded="0" keyframe="0" xtl="0.00" ytl="375.29" xbr="1398.15" ybr="898.49" z_order="0">
      <attribute name="Adipose Clipped">No</attribute>
      <attribute name="Injury">No</attribute>
      <attribute name="Confidence Level">3</attribute>
      <attribute name="Notes">NA</attribute>
      <attribute name="Sex">Female</attribute>
    </box>
    <box frame="41" outside="0" occluded="0" keyframe="1" xtl="0.00" ytl="364.98" xbr="1454.40" ybr="888.18" z_order="0">
      <attribute name="Adipose Clipped">No</attribute>
      <attribute name="Injury">No</attribute>
      <attribute name="Confidence Level">3</attribute>
      <attribute name="Notes">NA</attribute>
      <attribute name="Sex">Female</attribute>
    </box>
    <box frame="42" outside="0" occluded="0" keyframe="0" xtl="0.00" ytl="364.98" xbr="1506.27" ybr="888.18" z_order="0">
      <attribute name="Adipose Clipped">No</attribute>
      <attribute name="Injury">No</attribute>
      <attribute name="Confidence Level">3</attribute>
      <attribute name="Notes">NA</attribute>
      <attribute name="Sex">Female</attribute>
    </box>
    <box frame="43" outside="0" occluded="0" keyframe="0" xtl="0.00" ytl="364.98" xbr="1558.13" ybr="888.18" z_order="0">
      <attribute name="Adipose Clipped">No</attribute>
      <attribute name="Injury">No</attribute>
      <attribute name="Confidence Level">3</attribute>
      <attribute name="Notes">NA</attribute>
      <attribute name="Sex">Female</attribute>
    </box>
    <box frame="44" outside="0" occluded="0" keyframe="1" xtl="0.00" ytl="364.98" xbr="1610.00" ybr="888.18" z_order="0">
      <attribute name="Adipose Clipped">No</attribute>
      <attribute name="Injury">No</attribute>
      <attribute name="Confidence Level">3</attribute>
      <attribute name="Notes">NA</attribute>
      <attribute name="Sex">Female</attribute>
    </box>
    <box frame="45" outside="0" occluded="0" keyframe="0" xtl="0.00" ytl="364.98" xbr="1623.73" ybr="888.18" z_order="0">
      <attribute name="Adipose Clipped">No</attribute>
      <attribute name="Injury">No</attribute>
      <attribute name="Confidence Level">3</attribute>
      <attribute name="Notes">NA</attribute>
      <attribute name="Sex">Female</attribute>
    </box>
    <box frame="46" outside="0" occluded="0" keyframe="0" xtl="0.00" ytl="364.98" xbr="1637.47" ybr="888.18" z_order="0">
      <attribute name="Adipose Clipped">No</attribute>
      <attribute name="Injury">No</attribute>
      <attribute name="Confidence Level">3</attribute>
      <attribute name="Notes">NA</attribute>
      <attribute name="Sex">Female</attribute>
    </box>
    <box frame="47" outside="0" occluded="0" keyframe="1" xtl="0.00" ytl="364.98" xbr="1651.20" ybr="888.18" z_order="0">
      <attribute name="Adipose Clipped">No</attribute>
      <attribute name="Injury">No</attribute>
      <attribute name="Confidence Level">3</attribute>
      <attribute name="Notes">NA</attribute>
      <attribute name="Sex">Female</attribute>
    </box>
    <box frame="48" outside="0" occluded="0" keyframe="0" xtl="33.12" ytl="364.35" xbr="1684.33" ybr="887.55" z_order="0">
      <attribute name="Adipose Clipped">No</attribute>
      <attribute name="Injury">No</attribute>
      <attribute name="Confidence Level">3</attribute>
      <attribute name="Notes">NA</attribute>
      <attribute name="Sex">Female</attribute>
    </box>
    <box frame="49" outside="0" occluded="0" keyframe="0" xtl="66.25" ytl="363.73" xbr="1717.45" ybr="886.93" z_order="0">
      <attribute name="Adipose Clipped">No</attribute>
      <attribute name="Injury">No</attribute>
      <attribute name="Confidence Level">3</attribute>
      <attribute name="Notes">NA</attribute>
      <attribute name="Sex">Female</attribute>
    </box>
    <box frame="50" outside="0" occluded="0" keyframe="1" xtl="99.38" ytl="363.10" xbr="1750.58" ybr="886.30" z_order="0">
      <attribute name="Adipose Clipped">No</attribute>
      <attribute name="Injury">No</attribute>
      <attribute name="Confidence Level">3</attribute>
      <attribute name="Notes">NA</attribute>
      <attribute name="Sex">Female</attribute>
    </box>
    <box frame="51" outside="0" occluded="0" keyframe="0" xtl="98.04" ytl="360.69" xbr="1749.24" ybr="883.89" z_order="0">
      <attribute name="Adipose Clipped">No</attribute>
      <attribute name="Injury">No</attribute>
      <attribute name="Confidence Level">3</attribute>
      <attribute name="Notes">NA</attribute>
      <attribute name="Sex">Female</attribute>
    </box>
    <box frame="52" outside="0" occluded="0" keyframe="0" xtl="96.70" ytl="358.28" xbr="1747.90" ybr="881.48" z_order="0">
      <attribute name="Adipose Clipped">No</attribute>
      <attribute name="Injury">No</attribute>
      <attribute name="Confidence Level">3</attribute>
      <attribute name="Notes">NA</attribute>
      <attribute name="Sex">Female</attribute>
    </box>
    <box frame="53" outside="0" occluded="0" keyframe="0" xtl="95.36" ytl="355.87" xbr="1746.56" ybr="879.07" z_order="0">
      <attribute name="Adipose Clipped">No</attribute>
      <attribute name="Injury">No</attribute>
      <attribute name="Confidence Level">3</attribute>
      <attribute name="Notes">NA</attribute>
      <attribute name="Sex">Female</attribute>
    </box>
    <box frame="54" outside="0" occluded="0" keyframe="0" xtl="94.02" ytl="353.46" xbr="1745.22" ybr="876.66" z_order="0">
      <attribute name="Adipose Clipped">No</attribute>
      <attribute name="Injury">No</attribute>
      <attribute name="Confidence Level">3</attribute>
      <attribute name="Notes">NA</attribute>
      <attribute name="Sex">Female</attribute>
    </box>
    <box frame="55" outside="0" occluded="0" keyframe="0" xtl="92.68" ytl="351.05" xbr="1743.88" ybr="874.25" z_order="0">
      <attribute name="Adipose Clipped">No</attribute>
      <attribute name="Injury">No</attribute>
      <attribute name="Confidence Level">3</attribute>
      <attribute name="Notes">NA</attribute>
      <attribute name="Sex">Female</attribute>
    </box>
    <box frame="56" outside="0" occluded="0" keyframe="0" xtl="91.34" ytl="348.64" xbr="1742.54" ybr="871.84" z_order="0">
      <attribute name="Adipose Clipped">No</attribute>
      <attribute name="Injury">No</attribute>
      <attribute name="Confidence Level">3</attribute>
      <attribute name="Notes">NA</attribute>
      <attribute name="Sex">Female</attribute>
    </box>
    <box frame="57" outside="0" occluded="0" keyframe="1" xtl="90.00" ytl="346.23" xbr="1741.20" ybr="869.43" z_order="0">
      <attribute name="Adipose Clipped">No</attribute>
      <attribute name="Injury">No</attribute>
      <attribute name="Confidence Level">3</attribute>
      <attribute name="Notes">NA</attribute>
      <attribute name="Sex">Female</attribute>
    </box>
    <box frame="58" outside="0" occluded="0" keyframe="0" xtl="65.62" ytl="346.23" xbr="1716.83" ybr="869.43" z_order="0">
      <attribute name="Adipose Clipped">No</attribute>
      <attribute name="Injury">No</attribute>
      <attribute name="Confidence Level">3</attribute>
      <attribute name="Notes">NA</attribute>
      <attribute name="Sex">Female</attribute>
    </box>
    <box frame="59" outside="0" occluded="0" keyframe="1" xtl="41.25" ytl="346.23" xbr="1692.45" ybr="869.43" z_order="0">
      <attribute name="Adipose Clipped">No</attribute>
      <attribute name="Injury">No</attribute>
      <attribute name="Confidence Level">3</attribute>
      <attribute name="Notes">NA</attribute>
      <attribute name="Sex">Female</attribute>
    </box>
    <box frame="60" outside="0" occluded="0" keyframe="0" xtl="41.62" ytl="343.60" xbr="1692.83" ybr="866.80" z_order="0">
      <attribute name="Adipose Clipped">No</attribute>
      <attribute name="Injury">No</attribute>
      <attribute name="Confidence Level">3</attribute>
      <attribute name="Notes">NA</attribute>
      <attribute name="Sex">Female</attribute>
    </box>
    <box frame="61" outside="0" occluded="0" keyframe="0" xtl="42.00" ytl="340.98" xbr="1693.20" ybr="864.18" z_order="0">
      <attribute name="Adipose Clipped">No</attribute>
      <attribute name="Injury">No</attribute>
      <attribute name="Confidence Level">3</attribute>
      <attribute name="Notes">NA</attribute>
      <attribute name="Sex">Female</attribute>
    </box>
    <box frame="62" outside="0" occluded="0" keyframe="0" xtl="42.38" ytl="338.35" xbr="1693.58" ybr="861.55" z_order="0">
      <attribute name="Adipose Clipped">No</attribute>
      <attribute name="Injury">No</attribute>
      <attribute name="Confidence Level">3</attribute>
      <attribute name="Notes">NA</attribute>
      <attribute name="Sex">Female</attribute>
    </box>
    <box frame="63" outside="0" occluded="0" keyframe="0" xtl="42.75" ytl="335.73" xbr="1693.95" ybr="858.93" z_order="0">
      <attribute name="Adipose Clipped">No</attribute>
      <attribute name="Injury">No</attribute>
      <attribute name="Confidence Level">3</attribute>
      <attribute name="Notes">NA</attribute>
      <attribute name="Sex">Female</attribute>
    </box>
    <box frame="64" outside="0" occluded="0" keyframe="1" xtl="43.12" ytl="333.10" xbr="1694.33" ybr="856.30" z_order="0">
      <attribute name="Adipose Clipped">No</attribute>
      <attribute name="Injury">No</attribute>
      <attribute name="Confidence Level">3</attribute>
      <attribute name="Notes">NA</attribute>
      <attribute name="Sex">Female</attribute>
    </box>
    <box frame="65" outside="0" occluded="0" keyframe="0" xtl="113.75" ytl="333.10" xbr="1704.95" ybr="856.30" z_order="0">
      <attribute name="Adipose Clipped">No</attribute>
      <attribute name="Injury">No</attribute>
      <attribute name="Confidence Level">3</attribute>
      <attribute name="Notes">NA</attribute>
      <attribute name="Sex">Female</attribute>
    </box>
    <box frame="66" outside="0" occluded="0" keyframe="0" xtl="184.38" ytl="333.10" xbr="1715.57" ybr="856.30" z_order="0">
      <attribute name="Adipose Clipped">No</attribute>
      <attribute name="Injury">No</attribute>
      <attribute name="Confidence Level">3</attribute>
      <attribute name="Notes">NA</attribute>
      <attribute name="Sex">Female</attribute>
    </box>
    <box frame="67" outside="0" occluded="0" keyframe="1" xtl="255.00" ytl="333.10" xbr="1726.20" ybr="856.30" z_order="0">
      <attribute name="Adipose Clipped">No</attribute>
      <attribute name="Injury">No</attribute>
      <attribute name="Confidence Level">3</attribute>
      <attribute name="Notes">NA</attribute>
      <attribute name="Sex">Female</attribute>
    </box>
    <box frame="68" outside="0" occluded="0" keyframe="1" xtl="316.88" ytl="338.73" xbr="1788.07" ybr="861.93" z_order="0">
      <attribute name="Adipose Clipped">No</attribute>
      <attribute name="Injury">No</attribute>
      <attribute name="Confidence Level">3</attribute>
      <attribute name="Notes">NA</attribute>
      <attribute name="Sex">Female</attribute>
    </box>
    <box frame="69" outside="0" occluded="0" keyframe="0" xtl="316.88" ytl="338.73" xbr="1831.19" ybr="866.61" z_order="0">
      <attribute name="Adipose Clipped">No</attribute>
      <attribute name="Injury">No</attribute>
      <attribute name="Confidence Level">3</attribute>
      <attribute name="Notes">NA</attribute>
      <attribute name="Sex">Female</attribute>
    </box>
    <box frame="70" outside="0" occluded="0" keyframe="1" xtl="316.88" ytl="338.73" xbr="1874.30" ybr="871.30" z_order="0">
      <attribute name="Adipose Clipped">No</attribute>
      <attribute name="Injury">No</attribute>
      <attribute name="Confidence Level">3</attribute>
      <attribute name="Notes">NA</attribute>
      <attribute name="Sex">Female</attribute>
    </box>
    <box frame="71" outside="0" occluded="0" keyframe="0" xtl="310.64" ytl="341.85" xbr="1879.22" ybr="874.43" z_order="0">
      <attribute name="Adipose Clipped">No</attribute>
      <attribute name="Injury">No</attribute>
      <attribute name="Confidence Level">3</attribute>
      <attribute name="Notes">NA</attribute>
      <attribute name="Sex">Female</attribute>
    </box>
    <box frame="72" outside="0" occluded="0" keyframe="1" xtl="304.40" ytl="344.98" xbr="1884.14" ybr="877.55" z_order="0">
      <attribute name="Adipose Clipped">No</attribute>
      <attribute name="Injury">No</attribute>
      <attribute name="Confidence Level">3</attribute>
      <attribute name="Notes">NA</attribute>
      <attribute name="Sex">Female</attribute>
    </box>
    <box frame="73" outside="0" occluded="0" keyframe="1" xtl="405.00" ytl="348.10" xbr="1920.00" ybr="880.68" z_order="0">
      <attribute name="Adipose Clipped">No</attribute>
      <attribute name="Injury">No</attribute>
      <attribute name="Confidence Level">3</attribute>
      <attribute name="Notes">NA</attribute>
      <attribute name="Sex">Female</attribute>
    </box>
    <box frame="74" outside="0" occluded="0" keyframe="0" xtl="415.00" ytl="356.23" xbr="1920.00" ybr="888.80" z_order="0">
      <attribute name="Adipose Clipped">No</attribute>
      <attribute name="Injury">No</attribute>
      <attribute name="Confidence Level">3</attribute>
      <attribute name="Notes">NA</attribute>
      <attribute name="Sex">Female</attribute>
    </box>
    <box frame="75" outside="0" occluded="0" keyframe="0" xtl="425.00" ytl="364.35" xbr="1920.00" ybr="896.93" z_order="0">
      <attribute name="Adipose Clipped">No</attribute>
      <attribute name="Injury">No</attribute>
      <attribute name="Confidence Level">3</attribute>
      <attribute name="Notes">NA</attribute>
      <attribute name="Sex">Female</attribute>
    </box>
    <box frame="76" outside="0" occluded="0" keyframe="1" xtl="435.00" ytl="372.48" xbr="1920.00" ybr="905.05" z_order="0">
      <attribute name="Adipose Clipped">No</attribute>
      <attribute name="Injury">No</attribute>
      <attribute name="Confidence Level">3</attribute>
      <attribute name="Notes">NA</attribute>
      <attribute name="Sex">Female</attribute>
    </box>
    <box frame="77" outside="0" occluded="0" keyframe="0" xtl="459.37" ytl="372.48" xbr="1920.00" ybr="898.80" z_order="0">
      <attribute name="Adipose Clipped">No</attribute>
      <attribute name="Injury">No</attribute>
      <attribute name="Confidence Level">3</attribute>
      <attribute name="Notes">NA</attribute>
      <attribute name="Sex">Female</attribute>
    </box>
    <box frame="78" outside="0" occluded="0" keyframe="0" xtl="483.73" ytl="372.48" xbr="1920.00" ybr="892.55" z_order="0">
      <attribute name="Adipose Clipped">No</attribute>
      <attribute name="Injury">No</attribute>
      <attribute name="Confidence Level">3</attribute>
      <attribute name="Notes">NA</attribute>
      <attribute name="Sex">Female</attribute>
    </box>
    <box frame="79" outside="0" occluded="0" keyframe="1" xtl="508.10" ytl="372.48" xbr="1920.00" ybr="886.30" z_order="0">
      <attribute name="Adipose Clipped">No</attribute>
      <attribute name="Injury">No</attribute>
      <attribute name="Confidence Level">3</attribute>
      <attribute name="Notes">NA</attribute>
      <attribute name="Sex">Female</attribute>
    </box>
    <box frame="80" outside="0" occluded="0" keyframe="0" xtl="524.98" ytl="376.85" xbr="1920.00" ybr="890.68" z_order="0">
      <attribute name="Adipose Clipped">No</attribute>
      <attribute name="Injury">No</attribute>
      <attribute name="Confidence Level">3</attribute>
      <attribute name="Notes">NA</attribute>
      <attribute name="Sex">Female</attribute>
    </box>
    <box frame="81" outside="0" occluded="0" keyframe="0" xtl="541.85" ytl="381.23" xbr="1920.00" ybr="895.05" z_order="0">
      <attribute name="Adipose Clipped">No</attribute>
      <attribute name="Injury">No</attribute>
      <attribute name="Confidence Level">3</attribute>
      <attribute name="Notes">NA</attribute>
      <attribute name="Sex">Female</attribute>
    </box>
    <box frame="82" outside="0" occluded="0" keyframe="1" xtl="558.73" ytl="385.60" xbr="1920.00" ybr="899.43" z_order="0">
      <attribute name="Adipose Clipped">No</attribute>
      <attribute name="Injury">No</attribute>
      <attribute name="Confidence Level">3</attribute>
      <attribute name="Notes">NA</attribute>
      <attribute name="Sex">Female</attribute>
    </box>
    <box frame="83" outside="0" occluded="0" keyframe="0" xtl="546.22" ytl="368.42" xbr="1920.00" ybr="899.42" z_order="0">
      <attribute name="Adipose Clipped">No</attribute>
      <attribute name="Injury">No</attribute>
      <attribute name="Confidence Level">3</attribute>
      <attribute name="Notes">NA</attribute>
      <attribute name="Sex">Female</attribute>
    </box>
    <box frame="84" outside="0" occluded="0" keyframe="0" xtl="533.72" ytl="351.23" xbr="1920.00" ybr="899.42" z_order="0">
      <attribute name="Adipose Clipped">No</attribute>
      <attribute name="Injury">No</attribute>
      <attribute name="Confidence Level">3</attribute>
      <attribute name="Notes">NA</attribute>
      <attribute name="Sex">Female</attribute>
    </box>
    <box frame="85" outside="0" occluded="0" keyframe="0" xtl="521.21" ytl="334.05" xbr="1920.00" ybr="899.42" z_order="0">
      <attribute name="Adipose Clipped">No</attribute>
      <attribute name="Injury">No</attribute>
      <attribute name="Confidence Level">3</attribute>
      <attribute name="Notes">NA</attribute>
      <attribute name="Sex">Female</attribute>
    </box>
    <box frame="86" outside="0" occluded="0" keyframe="0" xtl="508.71" ytl="316.87" xbr="1920.00" ybr="899.42" z_order="0">
      <attribute name="Adipose Clipped">No</attribute>
      <attribute name="Injury">No</attribute>
      <attribute name="Confidence Level">3</attribute>
      <attribute name="Notes">NA</attribute>
      <attribute name="Sex">Female</attribute>
    </box>
    <box frame="87" outside="0" occluded="0" keyframe="0" xtl="496.20" ytl="299.68" xbr="1920.00" ybr="899.42" z_order="0">
      <attribute name="Adipose Clipped">No</attribute>
      <attribute name="Injury">No</attribute>
      <attribute name="Confidence Level">3</attribute>
      <attribute name="Notes">NA</attribute>
      <attribute name="Sex">Female</attribute>
    </box>
    <box frame="88" outside="0" occluded="0" keyframe="1" xtl="483.70" ytl="282.50" xbr="1920.00" ybr="899.42" z_order="0">
      <attribute name="Adipose Clipped">No</attribute>
      <attribute name="Injury">No</attribute>
      <attribute name="Confidence Level">3</attribute>
      <attribute name="Notes">NA</attribute>
      <attribute name="Sex">Female</attribute>
    </box>
    <box frame="89" outside="0" occluded="0" keyframe="0" xtl="449.97" ytl="281.87" xbr="1920.00" ybr="899.42" z_order="0">
      <attribute name="Adipose Clipped">No</attribute>
      <attribute name="Injury">No</attribute>
      <attribute name="Confidence Level">3</attribute>
      <attribute name="Notes">NA</attribute>
      <attribute name="Sex">Female</attribute>
    </box>
    <box frame="90" outside="0" occluded="0" keyframe="0" xtl="416.23" ytl="281.23" xbr="1920.00" ybr="899.42" z_order="0">
      <attribute name="Adipose Clipped">No</attribute>
      <attribute name="Injury">No</attribute>
      <attribute name="Confidence Level">3</attribute>
      <attribute name="Notes">NA</attribute>
      <attribute name="Sex">Female</attribute>
    </box>
    <box frame="91" outside="0" occluded="0" keyframe="1" xtl="382.50" ytl="280.60" xbr="1920.00" ybr="899.42" z_order="0">
      <attribute name="Adipose Clipped">No</attribute>
      <attribute name="Injury">No</attribute>
      <attribute name="Confidence Level">3</attribute>
      <attribute name="Notes">NA</attribute>
      <attribute name="Sex">Female</attribute>
    </box>
    <box frame="92" outside="0" occluded="0" keyframe="0" xtl="354.37" ytl="280.60" xbr="1920.00" ybr="899.43" z_order="0">
      <attribute name="Adipose Clipped">No</attribute>
      <attribute name="Injury">No</attribute>
      <attribute name="Confidence Level">3</attribute>
      <attribute name="Notes">NA</attribute>
      <attribute name="Sex">Female</attribute>
    </box>
    <box frame="93" outside="0" occluded="0" keyframe="0" xtl="326.23" ytl="280.60" xbr="1920.00" ybr="899.43" z_order="0">
      <attribute name="Adipose Clipped">No</attribute>
      <attribute name="Injury">No</attribute>
      <attribute name="Confidence Level">3</attribute>
      <attribute name="Notes">NA</attribute>
      <attribute name="Sex">Female</attribute>
    </box>
    <box frame="94" outside="0" occluded="0" keyframe="1" xtl="298.10" ytl="280.60" xbr="1920.00" ybr="899.43" z_order="0">
      <attribute name="Adipose Clipped">No</attribute>
      <attribute name="Injury">No</attribute>
      <attribute name="Confidence Level">3</attribute>
      <attribute name="Notes">NA</attribute>
      <attribute name="Sex">Female</attribute>
    </box>
    <box frame="95" outside="0" occluded="0" keyframe="0" xtl="289.80" ytl="285.16" xbr="1920.00" ybr="899.43" z_order="0">
      <attribute name="Adipose Clipped">No</attribute>
      <attribute name="Injury">No</attribute>
      <attribute name="Confidence Level">3</attribute>
      <attribute name="Notes">NA</attribute>
      <attribute name="Sex">Female</attribute>
    </box>
    <box frame="96" outside="0" occluded="0" keyframe="0" xtl="281.50" ytl="289.71" xbr="1920.00" ybr="899.43" z_order="0">
      <attribute name="Adipose Clipped">No</attribute>
      <attribute name="Injury">No</attribute>
      <attribute name="Confidence Level">3</attribute>
      <attribute name="Notes">NA</attribute>
      <attribute name="Sex">Female</attribute>
    </box>
    <box frame="97" outside="0" occluded="0" keyframe="0" xtl="273.20" ytl="294.27" xbr="1920.00" ybr="899.43" z_order="0">
      <attribute name="Adipose Clipped">No</attribute>
      <attribute name="Injury">No</attribute>
      <attribute name="Confidence Level">3</attribute>
      <attribute name="Notes">NA</attribute>
      <attribute name="Sex">Female</attribute>
    </box>
    <box frame="98" outside="0" occluded="0" keyframe="0" xtl="264.90" ytl="298.83" xbr="1920.00" ybr="899.43" z_order="0">
      <attribute name="Adipose Clipped">No</attribute>
      <attribute name="Injury">No</attribute>
      <attribute name="Confidence Level">3</attribute>
      <attribute name="Notes">NA</attribute>
      <attribute name="Sex">Female</attribute>
    </box>
    <box frame="99" outside="0" occluded="0" keyframe="0" xtl="256.60" ytl="303.39" xbr="1920.00" ybr="899.43" z_order="0">
      <attribute name="Adipose Clipped">No</attribute>
      <attribute name="Injury">No</attribute>
      <attribute name="Confidence Level">3</attribute>
      <attribute name="Notes">NA</attribute>
      <attribute name="Sex">Female</attribute>
    </box>
    <box frame="100" outside="0" occluded="0" keyframe="0" xtl="248.30" ytl="307.94" xbr="1920.00" ybr="899.43" z_order="0">
      <attribute name="Adipose Clipped">No</attribute>
      <attribute name="Injury">No</attribute>
      <attribute name="Confidence Level">3</attribute>
      <attribute name="Notes">NA</attribute>
      <attribute name="Sex">Female</attribute>
    </box>
    <box frame="101" outside="0" occluded="0" keyframe="1" xtl="240.00" ytl="312.50" xbr="1920.00" ybr="899.43" z_order="0">
      <attribute name="Adipose Clipped">No</attribute>
      <attribute name="Injury">No</attribute>
      <attribute name="Confidence Level">3</attribute>
      <attribute name="Notes">NA</attribute>
      <attribute name="Sex">Female</attribute>
    </box>
    <box frame="102" outside="0" occluded="0" keyframe="1" xtl="185.62" ytl="313.44" xbr="1920.00" ybr="900.36" z_order="0">
      <attribute name="Adipose Clipped">No</attribute>
      <attribute name="Injury">No</attribute>
      <attribute name="Confidence Level">3</attribute>
      <attribute name="Notes">NA</attribute>
      <attribute name="Sex">Female</attribute>
    </box>
    <box frame="103" outside="0" occluded="0" keyframe="1" xtl="131.25" ytl="314.38" xbr="1811.25" ybr="901.30" z_order="0">
      <attribute name="Adipose Clipped">No</attribute>
      <attribute name="Injury">No</attribute>
      <attribute name="Confidence Level">3</attribute>
      <attribute name="Notes">NA</attribute>
      <attribute name="Sex">Female</attribute>
    </box>
    <box frame="104" outside="0" occluded="0" keyframe="1" xtl="151.88" ytl="318.12" xbr="1668.70" ybr="905.05" z_order="0">
      <attribute name="Adipose Clipped">No</attribute>
      <attribute name="Injury">No</attribute>
      <attribute name="Confidence Level">3</attribute>
      <attribute name="Notes">NA</attribute>
      <attribute name="Sex">Female</attribute>
    </box>
    <box frame="105" outside="0" occluded="0" keyframe="1" xtl="151.88" ytl="318.12" xbr="1652.80" ybr="905.05" z_order="0">
      <attribute name="Adipose Clipped">No</attribute>
      <attribute name="Injury">No</attribute>
      <attribute name="Confidence Level">3</attribute>
      <attribute name="Notes">NA</attribute>
      <attribute name="Sex">Female</attribute>
    </box>
    <box frame="106" outside="0" occluded="0" keyframe="1" xtl="151.88" ytl="318.12" xbr="1537.50" ybr="856.30" z_order="0">
      <attribute name="Adipose Clipped">No</attribute>
      <attribute name="Injury">No</attribute>
      <attribute name="Confidence Level">3</attribute>
      <attribute name="Notes">NA</attribute>
      <attribute name="Sex">Female</attribute>
    </box>
    <box frame="107" outside="0" occluded="0" keyframe="1" xtl="151.88" ytl="318.12" xbr="1477.50" ybr="845.10" z_order="0">
      <attribute name="Adipose Clipped">No</attribute>
      <attribute name="Injury">No</attribute>
      <attribute name="Confidence Level">3</attribute>
      <attribute name="Notes">NA</attribute>
      <attribute name="Sex">Female</attribute>
    </box>
    <box frame="108" outside="0" occluded="0" keyframe="0" xtl="124.69" ytl="296.56" xbr="1405.31" ybr="839.45" z_order="0">
      <attribute name="Adipose Clipped">No</attribute>
      <attribute name="Injury">No</attribute>
      <attribute name="Confidence Level">3</attribute>
      <attribute name="Notes">NA</attribute>
      <attribute name="Sex">Female</attribute>
    </box>
    <box frame="109" outside="0" occluded="0" keyframe="1" xtl="97.50" ytl="275.00" xbr="1333.12" ybr="833.80" z_order="0">
      <attribute name="Adipose Clipped">No</attribute>
      <attribute name="Injury">No</attribute>
      <attribute name="Confidence Level">3</attribute>
      <attribute name="Notes">NA</attribute>
      <attribute name="Sex">Female</attribute>
    </box>
    <box frame="110" outside="0" occluded="0" keyframe="1" xtl="58.12" ytl="275.00" xbr="1243.10" ybr="833.80" z_order="0">
      <attribute name="Adipose Clipped">No</attribute>
      <attribute name="Injury">No</attribute>
      <attribute name="Confidence Level">3</attribute>
      <attribute name="Notes">NA</attribute>
      <attribute name="Sex">Female</attribute>
    </box>
    <box frame="111" outside="0" occluded="0" keyframe="0" xtl="50.62" ytl="272.19" xbr="1192.50" ybr="833.80" z_order="0">
      <attribute name="Adipose Clipped">No</attribute>
      <attribute name="Injury">No</attribute>
      <attribute name="Confidence Level">3</attribute>
      <attribute name="Notes">NA</attribute>
      <attribute name="Sex">Female</attribute>
    </box>
    <box frame="112" outside="0" occluded="0" keyframe="1" xtl="43.12" ytl="269.38" xbr="1141.90" ybr="833.80" z_order="0">
      <attribute name="Adipose Clipped">No</attribute>
      <attribute name="Injury">No</attribute>
      <attribute name="Confidence Level">3</attribute>
      <attribute name="Notes">NA</attribute>
      <attribute name="Sex">Female</attribute>
    </box>
    <box frame="113" outside="0" occluded="0" keyframe="0" xtl="33.75" ytl="269.38" xbr="1096.27" ybr="825.03" z_order="0">
      <attribute name="Adipose Clipped">No</attribute>
      <attribute name="Injury">No</attribute>
      <attribute name="Confidence Level">3</attribute>
      <attribute name="Notes">NA</attribute>
      <attribute name="Sex">Female</attribute>
    </box>
    <box frame="114" outside="0" occluded="0" keyframe="0" xtl="24.38" ytl="269.38" xbr="1050.63" ybr="816.27" z_order="0">
      <attribute name="Adipose Clipped">No</attribute>
      <attribute name="Injury">No</attribute>
      <attribute name="Confidence Level">3</attribute>
      <attribute name="Notes">NA</attribute>
      <attribute name="Sex">Female</attribute>
    </box>
    <box frame="115" outside="0" occluded="0" keyframe="1" xtl="15.00" ytl="269.38" xbr="1005.00" ybr="807.50" z_order="0">
      <attribute name="Adipose Clipped">No</attribute>
      <attribute name="Injury">No</attribute>
      <attribute name="Confidence Level">3</attribute>
      <attribute name="Notes">NA</attribute>
      <attribute name="Sex">Female</attribute>
    </box>
    <box frame="116" outside="0" occluded="0" keyframe="0" xtl="10.00" ytl="265.62" xbr="956.88" ybr="803.75" z_order="0">
      <attribute name="Adipose Clipped">No</attribute>
      <attribute name="Injury">No</attribute>
      <attribute name="Confidence Level">3</attribute>
      <attribute name="Notes">NA</attribute>
      <attribute name="Sex">Female</attribute>
    </box>
    <box frame="117" outside="0" occluded="0" keyframe="0" xtl="5.00" ytl="261.88" xbr="908.75" ybr="800.00" z_order="0">
      <attribute name="Adipose Clipped">No</attribute>
      <attribute name="Injury">No</attribute>
      <attribute name="Confidence Level">3</attribute>
      <attribute name="Notes">NA</attribute>
      <attribute name="Sex">Female</attribute>
    </box>
    <box frame="118" outside="0" occluded="0" keyframe="1" xtl="0.00" ytl="258.12" xbr="860.62" ybr="796.25" z_order="0">
      <attribute name="Adipose Clipped">No</attribute>
      <attribute name="Injury">No</attribute>
      <attribute name="Confidence Level">3</attribute>
      <attribute name="Notes">NA</attribute>
      <attribute name="Sex">Female</attribute>
    </box>
    <box frame="119" outside="0" occluded="0" keyframe="0" xtl="0.00" ytl="266.25" xbr="815.00" ybr="804.38" z_order="0">
      <attribute name="Adipose Clipped">No</attribute>
      <attribute name="Injury">No</attribute>
      <attribute name="Confidence Level">3</attribute>
      <attribute name="Notes">NA</attribute>
      <attribute name="Sex">Female</attribute>
    </box>
    <box frame="120" outside="0" occluded="0" keyframe="0" xtl="0.00" ytl="274.38" xbr="769.38" ybr="812.50" z_order="0">
      <attribute name="Adipose Clipped">No</attribute>
      <attribute name="Injury">No</attribute>
      <attribute name="Confidence Level">3</attribute>
      <attribute name="Notes">NA</attribute>
      <attribute name="Sex">Female</attribute>
    </box>
    <box frame="121" outside="0" occluded="0" keyframe="1" xtl="0.00" ytl="282.50" xbr="723.75" ybr="820.62" z_order="0">
      <attribute name="Adipose Clipped">No</attribute>
      <attribute name="Injury">No</attribute>
      <attribute name="Confidence Level">3</attribute>
      <attribute name="Notes">NA</attribute>
      <attribute name="Sex">Female</attribute>
    </box>
    <box frame="122" outside="0" occluded="0" keyframe="0" xtl="0.00" ytl="282.50" xbr="696.56" ybr="820.62" z_order="0">
      <attribute name="Adipose Clipped">No</attribute>
      <attribute name="Injury">No</attribute>
      <attribute name="Confidence Level">3</attribute>
      <attribute name="Notes">NA</attribute>
      <attribute name="Sex">Female</attribute>
    </box>
    <box frame="123" outside="0" occluded="0" keyframe="1" xtl="0.00" ytl="282.50" xbr="669.38" ybr="820.62" z_order="0">
      <attribute name="Adipose Clipped">No</attribute>
      <attribute name="Injury">No</attribute>
      <attribute name="Confidence Level">3</attribute>
      <attribute name="Notes">NA</attribute>
      <attribute name="Sex">Female</attribute>
    </box>
    <box frame="124" outside="0" occluded="0" keyframe="1" xtl="0.00" ytl="301.25" xbr="613.12" ybr="839.38" z_order="0">
      <attribute name="Adipose Clipped">No</attribute>
      <attribute name="Injury">No</attribute>
      <attribute name="Confidence Level">3</attribute>
      <attribute name="Notes">NA</attribute>
      <attribute name="Sex">Female</attribute>
    </box>
    <box frame="125" outside="0" occluded="0" keyframe="1" xtl="0.00" ytl="301.25" xbr="468.70" ybr="895.60" z_order="0">
      <attribute name="Adipose Clipped">No</attribute>
      <attribute name="Injury">No</attribute>
      <attribute name="Confidence Level">3</attribute>
      <attribute name="Notes">NA</attribute>
      <attribute name="Sex">Female</attribute>
    </box>
    <box frame="126" outside="0" occluded="0" keyframe="0" xtl="0.00" ytl="301.25" xbr="541.80" ybr="896.55" z_order="0">
      <attribute name="Adipose Clipped">No</attribute>
      <attribute name="Injury">No</attribute>
      <attribute name="Confidence Level">3</attribute>
      <attribute name="Notes">NA</attribute>
      <attribute name="Sex">Female</attribute>
    </box>
    <box frame="127" outside="0" occluded="0" keyframe="1" xtl="0.00" ytl="301.25" xbr="614.90" ybr="897.50" z_order="0">
      <attribute name="Adipose Clipped">No</attribute>
      <attribute name="Injury">No</attribute>
      <attribute name="Confidence Level">3</attribute>
      <attribute name="Notes">NA</attribute>
      <attribute name="Sex">Female</attribute>
    </box>
    <box frame="128" outside="0" occluded="0" keyframe="1" xtl="0.00" ytl="333.10" xbr="772.40" ybr="897.50" z_order="0">
      <attribute name="Adipose Clipped">No</attribute>
      <attribute name="Injury">No</attribute>
      <attribute name="Confidence Level">3</attribute>
      <attribute name="Notes">NA</attribute>
      <attribute name="Sex">Female</attribute>
    </box>
    <box frame="129" outside="0" occluded="0" keyframe="0" xtl="0.00" ytl="348.10" xbr="853.00" ybr="897.50" z_order="0">
      <attribute name="Adipose Clipped">No</attribute>
      <attribute name="Injury">No</attribute>
      <attribute name="Confidence Level">3</attribute>
      <attribute name="Notes">NA</attribute>
      <attribute name="Sex">Female</attribute>
    </box>
    <box frame="130" outside="0" occluded="0" keyframe="1" xtl="0.00" ytl="363.10" xbr="933.60" ybr="897.50" z_order="0">
      <attribute name="Adipose Clipped">No</attribute>
      <attribute name="Injury">No</attribute>
      <attribute name="Confidence Level">3</attribute>
      <attribute name="Notes">NA</attribute>
      <attribute name="Sex">Female</attribute>
    </box>
    <box frame="131" outside="0" occluded="0" keyframe="0" xtl="0.00" ytl="363.10" xbr="975.80" ybr="897.50" z_order="0">
      <attribute name="Adipose Clipped">No</attribute>
      <attribute name="Injury">No</attribute>
      <attribute name="Confidence Level">3</attribute>
      <attribute name="Notes">NA</attribute>
      <attribute name="Sex">Female</attribute>
    </box>
    <box frame="132" outside="0" occluded="0" keyframe="1" xtl="0.00" ytl="363.10" xbr="1018.00" ybr="897.50" z_order="0">
      <attribute name="Adipose Clipped">No</attribute>
      <attribute name="Injury">No</attribute>
      <attribute name="Confidence Level">3</attribute>
      <attribute name="Notes">NA</attribute>
      <attribute name="Sex">Female</attribute>
    </box>
    <box frame="133" outside="0" occluded="0" keyframe="1" xtl="0.00" ytl="365.00" xbr="1117.40" ybr="897.50" z_order="0">
      <attribute name="Adipose Clipped">No</attribute>
      <attribute name="Injury">No</attribute>
      <attribute name="Confidence Level">3</attribute>
      <attribute name="Notes">NA</attribute>
      <attribute name="Sex">Female</attribute>
    </box>
    <box frame="134" outside="0" occluded="0" keyframe="0" xtl="0.00" ytl="365.00" xbr="1156.77" ybr="897.50" z_order="0">
      <attribute name="Adipose Clipped">No</attribute>
      <attribute name="Injury">No</attribute>
      <attribute name="Confidence Level">3</attribute>
      <attribute name="Notes">NA</attribute>
      <attribute name="Sex">Female</attribute>
    </box>
    <box frame="135" outside="0" occluded="0" keyframe="0" xtl="0.00" ytl="365.00" xbr="1196.13" ybr="897.50" z_order="0">
      <attribute name="Adipose Clipped">No</attribute>
      <attribute name="Injury">No</attribute>
      <attribute name="Confidence Level">3</attribute>
      <attribute name="Notes">NA</attribute>
      <attribute name="Sex">Female</attribute>
    </box>
    <box frame="136" outside="0" occluded="0" keyframe="1" xtl="0.00" ytl="365.00" xbr="1235.50" ybr="897.50" z_order="0">
      <attribute name="Adipose Clipped">No</attribute>
      <attribute name="Injury">No</attribute>
      <attribute name="Confidence Level">3</attribute>
      <attribute name="Notes">NA</attribute>
      <attribute name="Sex">Female</attribute>
    </box>
    <box frame="137" outside="0" occluded="0" keyframe="0" xtl="0.00" ytl="348.75" xbr="1258.63" ybr="881.25" z_order="0">
      <attribute name="Adipose Clipped">No</attribute>
      <attribute name="Injury">No</attribute>
      <attribute name="Confidence Level">3</attribute>
      <attribute name="Notes">NA</attribute>
      <attribute name="Sex">Female</attribute>
    </box>
    <box frame="138" outside="0" occluded="0" keyframe="0" xtl="0.00" ytl="332.50" xbr="1281.77" ybr="865.00" z_order="0">
      <attribute name="Adipose Clipped">No</attribute>
      <attribute name="Injury">No</attribute>
      <attribute name="Confidence Level">3</attribute>
      <attribute name="Notes">NA</attribute>
      <attribute name="Sex">Female</attribute>
    </box>
    <box frame="139" outside="0" occluded="0" keyframe="1" xtl="0.00" ytl="316.25" xbr="1304.90" ybr="848.75" z_order="0">
      <attribute name="Adipose Clipped">No</attribute>
      <attribute name="Injury">No</attribute>
      <attribute name="Confidence Level">3</attribute>
      <attribute name="Notes">NA</attribute>
      <attribute name="Sex">Female</attribute>
    </box>
    <box frame="140" outside="0" occluded="0" keyframe="0" xtl="0.00" ytl="316.25" xbr="1295.73" ybr="848.75" z_order="0">
      <attribute name="Adipose Clipped">No</attribute>
      <attribute name="Injury">No</attribute>
      <attribute name="Confidence Level">3</attribute>
      <attribute name="Notes">NA</attribute>
      <attribute name="Sex">Female</attribute>
    </box>
    <box frame="141" outside="0" occluded="0" keyframe="0" xtl="0.00" ytl="316.25" xbr="1286.57" ybr="848.75" z_order="0">
      <attribute name="Adipose Clipped">No</attribute>
      <attribute name="Injury">No</attribute>
      <attribute name="Confidence Level">3</attribute>
      <attribute name="Notes">NA</attribute>
      <attribute name="Sex">Female</attribute>
    </box>
    <box frame="142" outside="0" occluded="0" keyframe="0" xtl="0.00" ytl="316.25" xbr="1277.40" ybr="848.75" z_order="0">
      <attribute name="Adipose Clipped">No</attribute>
      <attribute name="Injury">No</attribute>
      <attribute name="Confidence Level">3</attribute>
      <attribute name="Notes">NA</attribute>
      <attribute name="Sex">Female</attribute>
    </box>
    <box frame="143" outside="0" occluded="0" keyframe="0" xtl="0.00" ytl="316.25" xbr="1268.23" ybr="848.75" z_order="0">
      <attribute name="Adipose Clipped">No</attribute>
      <attribute name="Injury">No</attribute>
      <attribute name="Confidence Level">3</attribute>
      <attribute name="Notes">NA</attribute>
      <attribute name="Sex">Female</attribute>
    </box>
    <box frame="144" outside="0" occluded="0" keyframe="0" xtl="0.00" ytl="316.25" xbr="1259.07" ybr="848.75" z_order="0">
      <attribute name="Adipose Clipped">No</attribute>
      <attribute name="Injury">No</attribute>
      <attribute name="Confidence Level">3</attribute>
      <attribute name="Notes">NA</attribute>
      <attribute name="Sex">Female</attribute>
    </box>
    <box frame="145" outside="0" occluded="0" keyframe="0" xtl="0.00" ytl="316.25" xbr="1249.90" ybr="848.75" z_order="0">
      <attribute name="Adipose Clipped">No</attribute>
      <attribute name="Injury">No</attribute>
      <attribute name="Confidence Level">3</attribute>
      <attribute name="Notes">NA</attribute>
      <attribute name="Sex">Female</attribute>
    </box>
    <box frame="146" outside="0" occluded="0" keyframe="0" xtl="0.00" ytl="316.25" xbr="1240.73" ybr="848.75" z_order="0">
      <attribute name="Adipose Clipped">No</attribute>
      <attribute name="Injury">No</attribute>
      <attribute name="Confidence Level">3</attribute>
      <attribute name="Notes">NA</attribute>
      <attribute name="Sex">Female</attribute>
    </box>
    <box frame="147" outside="0" occluded="0" keyframe="0" xtl="0.00" ytl="316.25" xbr="1231.57" ybr="848.75" z_order="0">
      <attribute name="Adipose Clipped">No</attribute>
      <attribute name="Injury">No</attribute>
      <attribute name="Confidence Level">3</attribute>
      <attribute name="Notes">NA</attribute>
      <attribute name="Sex">Female</attribute>
    </box>
    <box frame="148" outside="0" occluded="0" keyframe="1" xtl="0.00" ytl="316.25" xbr="1222.40" ybr="848.75" z_order="0">
      <attribute name="Adipose Clipped">No</attribute>
      <attribute name="Injury">No</attribute>
      <attribute name="Confidence Level">3</attribute>
      <attribute name="Notes">NA</attribute>
      <attribute name="Sex">Female</attribute>
    </box>
    <box frame="149" outside="0" occluded="0" keyframe="0" xtl="0.00" ytl="326.23" xbr="1199.27" ybr="848.75" z_order="0">
      <attribute name="Adipose Clipped">No</attribute>
      <attribute name="Injury">No</attribute>
      <attribute name="Confidence Level">3</attribute>
      <attribute name="Notes">NA</attribute>
      <attribute name="Sex">Female</attribute>
    </box>
    <box frame="150" outside="0" occluded="0" keyframe="0" xtl="0.00" ytl="336.22" xbr="1176.13" ybr="848.75" z_order="0">
      <attribute name="Adipose Clipped">No</attribute>
      <attribute name="Injury">No</attribute>
      <attribute name="Confidence Level">3</attribute>
      <attribute name="Notes">NA</attribute>
      <attribute name="Sex">Female</attribute>
    </box>
    <box frame="151" outside="0" occluded="0" keyframe="1" xtl="0.00" ytl="346.20" xbr="1153.00" ybr="848.75" z_order="0">
      <attribute name="Adipose Clipped">No</attribute>
      <attribute name="Injury">No</attribute>
      <attribute name="Confidence Level">3</attribute>
      <attribute name="Notes">NA</attribute>
      <attribute name="Sex">Female</attribute>
    </box>
    <box frame="152" outside="0" occluded="0" keyframe="0" xtl="0.00" ytl="349.33" xbr="1109.23" ybr="848.75" z_order="0">
      <attribute name="Adipose Clipped">No</attribute>
      <attribute name="Injury">No</attribute>
      <attribute name="Confidence Level">3</attribute>
      <attribute name="Notes">NA</attribute>
      <attribute name="Sex">Female</attribute>
    </box>
    <box frame="153" outside="0" occluded="0" keyframe="0" xtl="0.00" ytl="352.47" xbr="1065.47" ybr="848.75" z_order="0">
      <attribute name="Adipose Clipped">No</attribute>
      <attribute name="Injury">No</attribute>
      <attribute name="Confidence Level">3</attribute>
      <attribute name="Notes">NA</attribute>
      <attribute name="Sex">Female</attribute>
    </box>
    <box frame="154" outside="0" occluded="0" keyframe="1" xtl="0.00" ytl="355.60" xbr="1021.70" ybr="848.75" z_order="0">
      <attribute name="Adipose Clipped">No</attribute>
      <attribute name="Injury">No</attribute>
      <attribute name="Confidence Level">3</attribute>
      <attribute name="Notes">NA</attribute>
      <attribute name="Sex">Female</attribute>
    </box>
    <box frame="155" outside="0" occluded="0" keyframe="0" xtl="0.00" ytl="356.55" xbr="952.30" ybr="848.75" z_order="0">
      <attribute name="Adipose Clipped">No</attribute>
      <attribute name="Injury">No</attribute>
      <attribute name="Confidence Level">3</attribute>
      <attribute name="Notes">NA</attribute>
      <attribute name="Sex">Female</attribute>
    </box>
    <box frame="156" outside="0" occluded="0" keyframe="1" xtl="0.00" ytl="357.50" xbr="882.90" ybr="848.75" z_order="0">
      <attribute name="Adipose Clipped">No</attribute>
      <attribute name="Injury">No</attribute>
      <attribute name="Confidence Level">3</attribute>
      <attribute name="Notes">NA</attribute>
      <attribute name="Sex">Female</attribute>
    </box>
    <box frame="157" outside="0" occluded="0" keyframe="1" xtl="0.00" ytl="357.50" xbr="815.40" ybr="848.75" z_order="0">
      <attribute name="Adipose Clipped">No</attribute>
      <attribute name="Injury">No</attribute>
      <attribute name="Confidence Level">3</attribute>
      <attribute name="Notes">NA</attribute>
      <attribute name="Sex">Female</attribute>
    </box>
    <box frame="158" outside="0" occluded="0" keyframe="1" xtl="0.00" ytl="357.50" xbr="777.90" ybr="848.75" z_order="0">
      <attribute name="Adipose Clipped">No</attribute>
      <attribute name="Injury">No</attribute>
      <attribute name="Confidence Level">3</attribute>
      <attribute name="Notes">NA</attribute>
      <attribute name="Sex">Female</attribute>
    </box>
    <box frame="159" outside="0" occluded="0" keyframe="0" xtl="0.00" ytl="363.10" xbr="725.40" ybr="848.75" z_order="0">
      <attribute name="Adipose Clipped">No</attribute>
      <attribute name="Injury">No</attribute>
      <attribute name="Confidence Level">3</attribute>
      <attribute name="Notes">NA</attribute>
      <attribute name="Sex">Female</attribute>
    </box>
    <box frame="160" outside="0" occluded="0" keyframe="1" xtl="0.00" ytl="368.70" xbr="672.90" ybr="848.75" z_order="0">
      <attribute name="Adipose Clipped">No</attribute>
      <attribute name="Injury">No</attribute>
      <attribute name="Confidence Level">3</attribute>
      <attribute name="Notes">NA</attribute>
      <attribute name="Sex">Female</attribute>
    </box>
    <box frame="161" outside="0" occluded="0" keyframe="0" xtl="0.00" ytl="368.70" xbr="625.09" ybr="848.75" z_order="0">
      <attribute name="Adipose Clipped">No</attribute>
      <attribute name="Injury">No</attribute>
      <attribute name="Confidence Level">3</attribute>
      <attribute name="Notes">NA</attribute>
      <attribute name="Sex">Female</attribute>
    </box>
    <box frame="162" outside="0" occluded="0" keyframe="1" xtl="0.00" ytl="368.70" xbr="577.28" ybr="848.75" z_order="0">
      <attribute name="Adipose Clipped">No</attribute>
      <attribute name="Injury">No</attribute>
      <attribute name="Confidence Level">3</attribute>
      <attribute name="Notes">NA</attribute>
      <attribute name="Sex">Female</attribute>
    </box>
    <box frame="163" outside="0" occluded="0" keyframe="1" xtl="0.00" ytl="368.70" xbr="524.78" ybr="848.75" z_order="0">
      <attribute name="Adipose Clipped">No</attribute>
      <attribute name="Injury">No</attribute>
      <attribute name="Confidence Level">3</attribute>
      <attribute name="Notes">NA</attribute>
      <attribute name="Sex">Female</attribute>
    </box>
    <box frame="164" outside="0" occluded="0" keyframe="0" xtl="0.00" ytl="351.35" xbr="506.03" ybr="848.75" z_order="0">
      <attribute name="Adipose Clipped">No</attribute>
      <attribute name="Injury">No</attribute>
      <attribute name="Confidence Level">3</attribute>
      <attribute name="Notes">NA</attribute>
      <attribute name="Sex">Female</attribute>
    </box>
    <box frame="165" outside="0" occluded="0" keyframe="0" xtl="0.00" ytl="334.00" xbr="487.29" ybr="848.75" z_order="0">
      <attribute name="Adipose Clipped">No</attribute>
      <attribute name="Injury">No</attribute>
      <attribute name="Confidence Level">3</attribute>
      <attribute name="Notes">NA</attribute>
      <attribute name="Sex">Female</attribute>
    </box>
    <box frame="166" outside="0" occluded="0" keyframe="0" xtl="0.00" ytl="316.65" xbr="468.54" ybr="848.75" z_order="0">
      <attribute name="Adipose Clipped">No</attribute>
      <attribute name="Injury">No</attribute>
      <attribute name="Confidence Level">3</attribute>
      <attribute name="Notes">NA</attribute>
      <attribute name="Sex">Female</attribute>
    </box>
    <box frame="167" outside="0" occluded="0" keyframe="1" xtl="0.00" ytl="299.30" xbr="449.80" ybr="848.75" z_order="0">
      <attribute name="Adipose Clipped">No</attribute>
      <attribute name="Injury">No</attribute>
      <attribute name="Confidence Level">3</attribute>
      <attribute name="Notes">NA</attribute>
      <attribute name="Sex">Female</attribute>
    </box>
    <box frame="168" outside="0" occluded="0" keyframe="0" xtl="0.00" ytl="294.30" xbr="396.68" ybr="843.75" z_order="0">
      <attribute name="Adipose Clipped">No</attribute>
      <attribute name="Injury">No</attribute>
      <attribute name="Confidence Level">3</attribute>
      <attribute name="Notes">NA</attribute>
      <attribute name="Sex">Female</attribute>
    </box>
    <box frame="169" outside="0" occluded="1" keyframe="1" xtl="0.00" ytl="289.30" xbr="343.55" ybr="838.75" z_order="0">
      <attribute name="Adipose Clipped">No</attribute>
      <attribute name="Injury">No</attribute>
      <attribute name="Confidence Level">3</attribute>
      <attribute name="Notes">NA</attribute>
      <attribute name="Sex">Female</attribute>
    </box>
    <box frame="170" outside="0" occluded="1" keyframe="1" xtl="0.00" ytl="284.30" xbr="290.43" ybr="833.75" z_order="0">
      <attribute name="Adipose Clipped">No</attribute>
      <attribute name="Injury">No</attribute>
      <attribute name="Confidence Level">3</attribute>
      <attribute name="Notes">NA</attribute>
      <attribute name="Sex">Female</attribute>
    </box>
    <box frame="171" outside="0" occluded="1" keyframe="0" xtl="0.00" ytl="284.30" xbr="290.43" ybr="833.75" z_order="0">
      <attribute name="Adipose Clipped">No</attribute>
      <attribute name="Injury">No</attribute>
      <attribute name="Confidence Level">3</attribute>
      <attribute name="Notes">NA</attribute>
      <attribute name="Sex">Female</attribute>
    </box>
    <box frame="172" outside="1" occluded="1" keyframe="1" xtl="0.00" ytl="284.30" xbr="290.43" ybr="833.75" z_order="0">
      <attribute name="Adipose Clipped">No</attribute>
      <attribute name="Injury">No</attribute>
      <attribute name="Confidence Level">3</attribute>
      <attribute name="Notes">NA</attribute>
      <attribute name="Sex">Female</attribute>
    </box>
  </track>
</annotations>