<?xml version="1.0" encoding="utf-8"?>
<annotations>
  <version>1.1</version>
  <meta>
    <task>
      <id>247</id>
      <name>09-15-2020 03-44-39 M Salmon Camera</name>
      <size>708</size>
      <mode>interpolation</mode>
      <overlap>5</overlap>
      <bugtracker></bugtracker>
      <created>2021-12-21 17:28:09.684339+00:00</created>
      <updated>2021-12-21 17:35:56.678924+00:00</updated>
      <subset>default</subset>
      <start_frame>0</start_frame>
      <stop_frame>707</stop_frame>
      <frame_filter></frame_filter>
      <segments>
        <segment>
          <id>244</id>
          <start>0</start>
          <stop>707</stop>
          <url>httplocalhost:8080/?id=244</url>
        </segment>
      </segments>
      <owner>
        <username>scurfield</username>
        <email>dan.scurfield@gmail.com</email>
      </owner>
      <assignee></assignee>
      <labels>
        <label>
          <name>Coho</name>
          <color>#83e070</color>
          <attributes>
            <attribute>
              <name>notes</name>
              <mutable>False</mutable>
              <input_type>text</input_type>
              <default_value>NA</default_value>
              <values>NA</values>
            </attribute>
            <attribute>
              <name>sex</name>
              <mutable>False</mutable>
              <input_type>select</input_type>
              <default_value>Male</default_value>
              <values>Male
Female
Jack</values>
            </attribute>
            <attribute>
              <name>view</name>
              <mutable>False</mutable>
              <input_type>select</input_type>
              <default_value>Side</default_value>
              <values>Side
Top-down</values>
            </attribute>
            <attribute>
              <name>Adipose Clipped</name>
              <mutable>False</mutable>
              <input_type>select</input_type>
              <default_value>No</default_value>
              <values>No
Yes
NA</values>
            </attribute>
            <attribute>
              <name>confidence level</name>
              <mutable>False</mutable>
              <input_type>select</input_type>
              <default_value>3</default_value>
              <values>3
2
1</values>
            </attribute>
            <attribute>
              <name>injury</name>
              <mutable>False</mutable>
              <input_type>select</input_type>
              <default_value>No</default_value>
              <values>No
Yes
NA</values>
            </attribute>
          </attributes>
        </label>
        <label>
          <name>Bull</name>
          <color>#20c000</color>
          <attributes>
            <attribute>
              <name>adipose clipped</name>
              <mutable>False</mutable>
              <input_type>select</input_type>
              <default_value>No</default_value>
              <values>No
NA</values>
            </attribute>
            <attribute>
              <name>confidence level</name>
              <mutable>False</mutable>
              <input_type>select</input_type>
              <default_value>3</default_value>
              <values>3
2
1</values>
            </attribute>
            <attribute>
              <name>injury</name>
              <mutable>False</mutable>
              <input_type>select</input_type>
              <default_value>No</default_value>
              <values>No
Yes
NA</values>
            </attribute>
            <attribute>
              <name>notes</name>
              <mutable>False</mutable>
              <input_type>text</input_type>
              <default_value>NA</default_value>
              <values>NA</values>
            </attribute>
            <attribute>
              <name>sex</name>
              <mutable>False</mutable>
              <input_type>select</input_type>
              <default_value>NA</default_value>
              <values>NA</values>
            </attribute>
            <attribute>
              <name>view</name>
              <mutable>False</mutable>
              <input_type>select</input_type>
              <default_value>Side</default_value>
              <values>Side
Top-down</values>
            </attribute>
          </attributes>
        </label>
        <label>
          <name>Chum</name>
          <color>#b83df5</color>
          <attributes>
            <attribute>
              <name>confidence level</name>
              <mutable>False</mutable>
              <input_type>select</input_type>
              <default_value>3</default_value>
              <values>3
2
1</values>
            </attribute>
            <attribute>
              <name>injury</name>
              <mutable>False</mutable>
              <input_type>select</input_type>
              <default_value>No</default_value>
              <values>No
Yes
NA</values>
            </attribute>
            <attribute>
              <name>adipose clipped</name>
              <mutable>False</mutable>
              <input_type>select</input_type>
              <default_value>No</default_value>
              <values>No
Yes
NA</values>
            </attribute>
            <attribute>
              <name>notes</name>
              <mutable>False</mutable>
              <input_type>text</input_type>
              <default_value>NA</default_value>
              <values>NA</values>
            </attribute>
            <attribute>
              <name>sex</name>
              <mutable>False</mutable>
              <input_type>select</input_type>
              <default_value>Male</default_value>
              <values>Male
Female</values>
            </attribute>
            <attribute>
              <name>view</name>
              <mutable>False</mutable>
              <input_type>select</input_type>
              <default_value>Side</default_value>
              <values>Side
Top-down</values>
            </attribute>
          </attributes>
        </label>
        <label>
          <name>Whitefish</name>
          <color>#e5e3ee</color>
          <attributes>
            <attribute>
              <name>adipose clipped</name>
              <mutable>False</mutable>
              <input_type>select</input_type>
              <default_value>No</default_value>
              <values>No
Yes
NA</values>
            </attribute>
            <attribute>
              <name>confidence level</name>
              <mutable>False</mutable>
              <input_type>select</input_type>
              <default_value>3</default_value>
              <values>3
2
1</values>
            </attribute>
            <attribute>
              <name>injury</name>
              <mutable>False</mutable>
              <input_type>select</input_type>
              <default_value>No</default_value>
              <values>No
Yes
NA</values>
            </attribute>
            <attribute>
              <name>notes</name>
              <mutable>False</mutable>
              <input_type>text</input_type>
              <default_value>NA</default_value>
              <values>NA</values>
            </attribute>
            <attribute>
              <name>sex</name>
              <mutable>False</mutable>
              <input_type>select</input_type>
              <default_value>NA</default_value>
              <values>NA</values>
            </attribute>
            <attribute>
              <name>view</name>
              <mutable>False</mutable>
              <input_type>select</input_type>
              <default_value>Side</default_value>
              <values>Side
Top-down</values>
            </attribute>
          </attributes>
        </label>
        <label>
          <name>Pink</name>
          <color>#fa7dbb</color>
          <attributes>
            <attribute>
              <name>sex</name>
              <mutable>False</mutable>
              <input_type>select</input_type>
              <default_value>Male</default_value>
              <values>Male
Female</values>
            </attribute>
            <attribute>
              <name>view</name>
              <mutable>False</mutable>
              <input_type>select</input_type>
              <default_value>Side</default_value>
              <values>Side
Top-down</values>
            </attribute>
            <attribute>
              <name>adipose clipped</name>
              <mutable>False</mutable>
              <input_type>select</input_type>
              <default_value>No</default_value>
              <values>No
Yes
NA</values>
            </attribute>
            <attribute>
              <name>confidence level</name>
              <mutable>False</mutable>
              <input_type>select</input_type>
              <default_value>3</default_value>
              <values>3
2
1</values>
            </attribute>
            <attribute>
              <name>injury</name>
              <mutable>False</mutable>
              <input_type>select</input_type>
              <default_value>No</default_value>
              <values>No
Yes
NA</values>
            </attribute>
            <attribute>
              <name>notes</name>
              <mutable>False</mutable>
              <input_type>text</input_type>
              <default_value>NA</default_value>
              <values>NA</values>
            </attribute>
          </attributes>
        </label>
        <label>
          <name>Sockeye</name>
          <color>#fa3253</color>
          <attributes>
            <attribute>
              <name>adipose clipped</name>
              <mutable>False</mutable>
              <input_type>select</input_type>
              <default_value>No</default_value>
              <values>No
Yes
NA</values>
            </attribute>
            <attribute>
              <name>confidence level</name>
              <mutable>False</mutable>
              <input_type>select</input_type>
              <default_value>3</default_value>
              <values>3
2
1</values>
            </attribute>
            <attribute>
              <name>injury</name>
              <mutable>False</mutable>
              <input_type>select</input_type>
              <default_value>No</default_value>
              <values>No
Yes
NA</values>
            </attribute>
            <attribute>
              <name>notes</name>
              <mutable>False</mutable>
              <input_type>text</input_type>
              <default_value>NA</default_value>
              <values>NA</values>
            </attribute>
            <attribute>
              <name>sex</name>
              <mutable>False</mutable>
              <input_type>select</input_type>
              <default_value>Male</default_value>
              <values>Male
Female
Jack</values>
            </attribute>
            <attribute>
              <name>view</name>
              <mutable>False</mutable>
              <input_type>select</input_type>
              <default_value>Side</default_value>
              <values>Side
Top-down</values>
            </attribute>
          </attributes>
        </label>
        <label>
          <name>Steelhead</name>
          <color>#32b7fa</color>
          <attributes>
            <attribute>
              <name>adipose clipped</name>
              <mutable>False</mutable>
              <input_type>select</input_type>
              <default_value>No</default_value>
              <values>No
Yes
NA</values>
            </attribute>
            <attribute>
              <name>confidence level</name>
              <mutable>False</mutable>
              <input_type>select</input_type>
              <default_value>3</default_value>
              <values>3
2
1</values>
            </attribute>
            <attribute>
              <name>injury</name>
              <mutable>False</mutable>
              <input_type>select</input_type>
              <default_value>No</default_value>
              <values>No
Yes
NA</values>
            </attribute>
            <attribute>
              <name>notes</name>
              <mutable>False</mutable>
              <input_type>text</input_type>
              <default_value>NA</default_value>
              <values>NA</values>
            </attribute>
            <attribute>
              <name>sex</name>
              <mutable>False</mutable>
              <input_type>select</input_type>
              <default_value>Male</default_value>
              <values>Male
Female</values>
            </attribute>
            <attribute>
              <name>view</name>
              <mutable>False</mutable>
              <input_type>select</input_type>
              <default_value>Side</default_value>
              <values>Side
Top-down</values>
            </attribute>
          </attributes>
        </label>
        <label>
          <name>Rainbow</name>
          <color>#f1c6e3</color>
          <attributes>
            <attribute>
              <name>adipose clipped</name>
              <mutable>False</mutable>
              <input_type>select</input_type>
              <default_value>No</default_value>
              <values>No
Yes
NA</values>
            </attribute>
            <attribute>
              <name>confidence level</name>
              <mutable>False</mutable>
              <input_type>select</input_type>
              <default_value>3</default_value>
              <values>3
2
1</values>
            </attribute>
            <attribute>
              <name>injury</name>
              <mutable>False</mutable>
              <input_type>select</input_type>
              <default_value>No</default_value>
              <values>No
Yes
NA</values>
            </attribute>
            <attribute>
              <name>notes</name>
              <mutable>False</mutable>
              <input_type>text</input_type>
              <default_value>NA</default_value>
              <values>NA</values>
            </attribute>
            <attribute>
              <name>view</name>
              <mutable>False</mutable>
              <input_type>select</input_type>
              <default_value>Side</default_value>
              <values>Side
Top-down</values>
            </attribute>
            <attribute>
              <name>sex</name>
              <mutable>False</mutable>
              <input_type>select</input_type>
              <default_value>NA</default_value>
              <values>NA
Juvenile</values>
            </attribute>
          </attributes>
        </label>
        <label>
          <name>Chinook</name>
          <color>#2a7dd1</color>
          <attributes>
            <attribute>
              <name>adipose clipped</name>
              <mutable>False</mutable>
              <input_type>select</input_type>
              <default_value>No</default_value>
              <values>No
Yes
NA</values>
            </attribute>
            <attribute>
              <name>confidence level</name>
              <mutable>False</mutable>
              <input_type>select</input_type>
              <default_value>3</default_value>
              <values>3
2
1</values>
            </attribute>
            <attribute>
              <name>injury</name>
              <mutable>False</mutable>
              <input_type>select</input_type>
              <default_value>No</default_value>
              <values>No
Yes
NA</values>
            </attribute>
            <attribute>
              <name>notes</name>
              <mutable>False</mutable>
              <input_type>text</input_type>
              <default_value>NA</default_value>
              <values>NA</values>
            </attribute>
            <attribute>
              <name>sex</name>
              <mutable>False</mutable>
              <input_type>select</input_type>
              <default_value>Male</default_value>
              <values>Male
Female
Jack</values>
            </attribute>
            <attribute>
              <name>view</name>
              <mutable>False</mutable>
              <input_type>select</input_type>
              <default_value>Side</default_value>
              <values>Side
Top-down</values>
            </attribute>
          </attributes>
        </label>
        <label>
          <name>Pikeminnow</name>
          <color>#ecc49c</color>
          <attributes>
            <attribute>
              <name>confidence level</name>
              <mutable>False</mutable>
              <input_type>select</input_type>
              <default_value>3</default_value>
              <values>3
2
1</values>
            </attribute>
            <attribute>
              <name>notes</name>
              <mutable>False</mutable>
              <input_type>text</input_type>
              <default_value>NA</default_value>
              <values>NA</values>
            </attribute>
          </attributes>
        </label>
        <label>
          <name>Shiner</name>
          <color>#8c78f0</color>
          <attributes>
            <attribute>
              <name>confidence level</name>
              <mutable>False</mutable>
              <input_type>select</input_type>
              <default_value>3</default_value>
              <values>3
2
1</values>
            </attribute>
            <attribute>
              <name>notes</name>
              <mutable>False</mutable>
              <input_type>text</input_type>
              <default_value>NA</default_value>
              <values>NA</values>
            </attribute>
          </attributes>
        </label>
        <label>
          <name>Lampray</name>
          <color>#2e2930</color>
          <attributes>
            <attribute>
              <name>confidence level</name>
              <mutable>False</mutable>
              <input_type>select</input_type>
              <default_value>3</default_value>
              <values>3
2
1</values>
            </attribute>
            <attribute>
              <name>notes</name>
              <mutable>False</mutable>
              <input_type>text</input_type>
              <default_value>NA</default_value>
              <values>NA</values>
            </attribute>
          </attributes>
        </label>
      </labels>
      <original_size>
        <width>1920</width>
        <height>1080</height>
      </original_size>
    </task>
    <dumped>2021-12-21 17:36:37.202388+00:00</dumped>
    <source>09-15-2020 03-44-39 M Salmon Camera.m4v</source>
  </meta>
  <track id="0" label="Coho" source="manual">
    <box frame="114" outside="0" occluded="1" keyframe="1" xtl="1796.40" ytl="383.13" xbr="1920.00" ybr="688.70" z_order="0">
      <attribute name="Adipose Clipped">No</attribute>
      <attribute name="confidence level">3</attribute>
      <attribute name="injury">No</attribute>
      <attribute name="notes">NA</attribute>
      <attribute name="sex">Female</attribute>
      <attribute name="view">Side</attribute>
    </box>
    <box frame="115" outside="0" occluded="1" keyframe="0" xtl="1747.27" ytl="363.10" xbr="1920.00" ybr="702.05" z_order="0">
      <attribute name="Adipose Clipped">No</attribute>
      <attribute name="confidence level">3</attribute>
      <attribute name="injury">No</attribute>
      <attribute name="notes">NA</attribute>
      <attribute name="sex">Female</attribute>
      <attribute name="view">Side</attribute>
    </box>
    <box frame="116" outside="0" occluded="1" keyframe="0" xtl="1698.14" ytl="343.06" xbr="1920.00" ybr="715.41" z_order="0">
      <attribute name="Adipose Clipped">No</attribute>
      <attribute name="confidence level">3</attribute>
      <attribute name="injury">No</attribute>
      <attribute name="notes">NA</attribute>
      <attribute name="sex">Female</attribute>
      <attribute name="view">Side</attribute>
    </box>
    <box frame="117" outside="0" occluded="1" keyframe="0" xtl="1649.01" ytl="323.03" xbr="1920.00" ybr="728.76" z_order="0">
      <attribute name="Adipose Clipped">No</attribute>
      <attribute name="confidence level">3</attribute>
      <attribute name="injury">No</attribute>
      <attribute name="notes">NA</attribute>
      <attribute name="sex">Female</attribute>
      <attribute name="view">Side</attribute>
    </box>
    <box frame="118" outside="0" occluded="1" keyframe="0" xtl="1599.89" ytl="303.00" xbr="1920.00" ybr="742.11" z_order="0">
      <attribute name="Adipose Clipped">No</attribute>
      <attribute name="confidence level">3</attribute>
      <attribute name="injury">No</attribute>
      <attribute name="notes">NA</attribute>
      <attribute name="sex">Female</attribute>
      <attribute name="view">Side</attribute>
    </box>
    <box frame="119" outside="0" occluded="1" keyframe="0" xtl="1550.76" ytl="282.97" xbr="1920.00" ybr="755.47" z_order="0">
      <attribute name="Adipose Clipped">No</attribute>
      <attribute name="confidence level">3</attribute>
      <attribute name="injury">No</attribute>
      <attribute name="notes">NA</attribute>
      <attribute name="sex">Female</attribute>
      <attribute name="view">Side</attribute>
    </box>
    <box frame="120" outside="0" occluded="1" keyframe="0" xtl="1501.63" ytl="262.93" xbr="1920.00" ybr="768.82" z_order="0">
      <attribute name="Adipose Clipped">No</attribute>
      <attribute name="confidence level">3</attribute>
      <attribute name="injury">No</attribute>
      <attribute name="notes">NA</attribute>
      <attribute name="sex">Female</attribute>
      <attribute name="view">Side</attribute>
    </box>
    <box frame="121" outside="0" occluded="1" keyframe="1" xtl="1452.50" ytl="242.90" xbr="1920.00" ybr="782.17" z_order="0">
      <attribute name="Adipose Clipped">No</attribute>
      <attribute name="confidence level">3</attribute>
      <attribute name="injury">No</attribute>
      <attribute name="notes">NA</attribute>
      <attribute name="sex">Female</attribute>
      <attribute name="view">Side</attribute>
    </box>
    <box frame="122" outside="0" occluded="1" keyframe="0" xtl="1450.27" ytl="245.12" xbr="1920.00" ybr="795.53" z_order="0">
      <attribute name="Adipose Clipped">No</attribute>
      <attribute name="confidence level">3</attribute>
      <attribute name="injury">No</attribute>
      <attribute name="notes">NA</attribute>
      <attribute name="sex">Female</attribute>
      <attribute name="view">Side</attribute>
    </box>
    <box frame="123" outside="0" occluded="1" keyframe="0" xtl="1448.03" ytl="247.34" xbr="1920.00" ybr="808.88" z_order="0">
      <attribute name="Adipose Clipped">No</attribute>
      <attribute name="confidence level">3</attribute>
      <attribute name="injury">No</attribute>
      <attribute name="notes">NA</attribute>
      <attribute name="sex">Female</attribute>
      <attribute name="view">Side</attribute>
    </box>
    <box frame="124" outside="0" occluded="1" keyframe="1" xtl="1445.80" ytl="249.56" xbr="1920.00" ybr="822.23" z_order="0">
      <attribute name="Adipose Clipped">No</attribute>
      <attribute name="confidence level">3</attribute>
      <attribute name="injury">No</attribute>
      <attribute name="notes">NA</attribute>
      <attribute name="sex">Female</attribute>
      <attribute name="view">Side</attribute>
    </box>
    <box frame="125" outside="0" occluded="1" keyframe="0" xtl="1403.89" ytl="238.54" xbr="1920.00" ybr="830.75" z_order="0">
      <attribute name="Adipose Clipped">No</attribute>
      <attribute name="confidence level">3</attribute>
      <attribute name="injury">No</attribute>
      <attribute name="notes">NA</attribute>
      <attribute name="sex">Female</attribute>
      <attribute name="view">Side</attribute>
    </box>
    <box frame="126" outside="0" occluded="1" keyframe="0" xtl="1361.98" ytl="227.52" xbr="1920.00" ybr="839.26" z_order="0">
      <attribute name="Adipose Clipped">No</attribute>
      <attribute name="confidence level">3</attribute>
      <attribute name="injury">No</attribute>
      <attribute name="notes">NA</attribute>
      <attribute name="sex">Female</attribute>
      <attribute name="view">Side</attribute>
    </box>
    <box frame="127" outside="0" occluded="1" keyframe="0" xtl="1320.07" ytl="216.50" xbr="1920.00" ybr="847.78" z_order="0">
      <attribute name="Adipose Clipped">No</attribute>
      <attribute name="confidence level">3</attribute>
      <attribute name="injury">No</attribute>
      <attribute name="notes">NA</attribute>
      <attribute name="sex">Female</attribute>
      <attribute name="view">Side</attribute>
    </box>
    <box frame="128" outside="0" occluded="1" keyframe="0" xtl="1278.16" ytl="205.48" xbr="1920.00" ybr="856.29" z_order="0">
      <attribute name="Adipose Clipped">No</attribute>
      <attribute name="confidence level">3</attribute>
      <attribute name="injury">No</attribute>
      <attribute name="notes">NA</attribute>
      <attribute name="sex">Female</attribute>
      <attribute name="view">Side</attribute>
    </box>
    <box frame="129" outside="0" occluded="1" keyframe="0" xtl="1236.25" ytl="194.46" xbr="1920.00" ybr="864.81" z_order="0">
      <attribute name="Adipose Clipped">No</attribute>
      <attribute name="confidence level">3</attribute>
      <attribute name="injury">No</attribute>
      <attribute name="notes">NA</attribute>
      <attribute name="sex">Female</attribute>
      <attribute name="view">Side</attribute>
    </box>
    <box frame="130" outside="0" occluded="1" keyframe="0" xtl="1194.34" ytl="183.43" xbr="1920.00" ybr="873.32" z_order="0">
      <attribute name="Adipose Clipped">No</attribute>
      <attribute name="confidence level">3</attribute>
      <attribute name="injury">No</attribute>
      <attribute name="notes">NA</attribute>
      <attribute name="sex">Female</attribute>
      <attribute name="view">Side</attribute>
    </box>
    <box frame="131" outside="0" occluded="1" keyframe="0" xtl="1152.43" ytl="172.41" xbr="1920.00" ybr="881.84" z_order="0">
      <attribute name="Adipose Clipped">No</attribute>
      <attribute name="confidence level">3</attribute>
      <attribute name="injury">No</attribute>
      <attribute name="notes">NA</attribute>
      <attribute name="sex">Female</attribute>
      <attribute name="view">Side</attribute>
    </box>
    <box frame="132" outside="0" occluded="1" keyframe="0" xtl="1110.53" ytl="161.39" xbr="1920.00" ybr="890.35" z_order="0">
      <attribute name="Adipose Clipped">No</attribute>
      <attribute name="confidence level">3</attribute>
      <attribute name="injury">No</attribute>
      <attribute name="notes">NA</attribute>
      <attribute name="sex">Female</attribute>
      <attribute name="view">Side</attribute>
    </box>
    <box frame="133" outside="0" occluded="1" keyframe="0" xtl="1068.62" ytl="150.37" xbr="1920.00" ybr="898.87" z_order="0">
      <attribute name="Adipose Clipped">No</attribute>
      <attribute name="confidence level">3</attribute>
      <attribute name="injury">No</attribute>
      <attribute name="notes">NA</attribute>
      <attribute name="sex">Female</attribute>
      <attribute name="view">Side</attribute>
    </box>
    <box frame="134" outside="0" occluded="1" keyframe="1" xtl="1026.71" ytl="139.35" xbr="1920.00" ybr="907.38" z_order="0">
      <attribute name="Adipose Clipped">No</attribute>
      <attribute name="confidence level">3</attribute>
      <attribute name="injury">No</attribute>
      <attribute name="notes">NA</attribute>
      <attribute name="sex">Female</attribute>
      <attribute name="view">Side</attribute>
    </box>
    <box frame="135" outside="0" occluded="1" keyframe="0" xtl="979.96" ytl="132.67" xbr="1920.00" ybr="907.38" z_order="0">
      <attribute name="Adipose Clipped">No</attribute>
      <attribute name="confidence level">3</attribute>
      <attribute name="injury">No</attribute>
      <attribute name="notes">NA</attribute>
      <attribute name="sex">Female</attribute>
      <attribute name="view">Side</attribute>
    </box>
    <box frame="136" outside="0" occluded="1" keyframe="0" xtl="933.21" ytl="126.00" xbr="1920.00" ybr="907.38" z_order="0">
      <attribute name="Adipose Clipped">No</attribute>
      <attribute name="confidence level">3</attribute>
      <attribute name="injury">No</attribute>
      <attribute name="notes">NA</attribute>
      <attribute name="sex">Female</attribute>
      <attribute name="view">Side</attribute>
    </box>
    <box frame="137" outside="0" occluded="1" keyframe="0" xtl="886.46" ytl="119.32" xbr="1920.00" ybr="907.38" z_order="0">
      <attribute name="Adipose Clipped">No</attribute>
      <attribute name="confidence level">3</attribute>
      <attribute name="injury">No</attribute>
      <attribute name="notes">NA</attribute>
      <attribute name="sex">Female</attribute>
      <attribute name="view">Side</attribute>
    </box>
    <box frame="138" outside="0" occluded="1" keyframe="0" xtl="839.70" ytl="112.65" xbr="1920.00" ybr="907.38" z_order="0">
      <attribute name="Adipose Clipped">No</attribute>
      <attribute name="confidence level">3</attribute>
      <attribute name="injury">No</attribute>
      <attribute name="notes">NA</attribute>
      <attribute name="sex">Female</attribute>
      <attribute name="view">Side</attribute>
    </box>
    <box frame="139" outside="0" occluded="1" keyframe="0" xtl="792.95" ytl="105.97" xbr="1920.00" ybr="907.38" z_order="0">
      <attribute name="Adipose Clipped">No</attribute>
      <attribute name="confidence level">3</attribute>
      <attribute name="injury">No</attribute>
      <attribute name="notes">NA</attribute>
      <attribute name="sex">Female</attribute>
      <attribute name="view">Side</attribute>
    </box>
    <box frame="140" outside="0" occluded="1" keyframe="0" xtl="746.20" ytl="99.30" xbr="1920.00" ybr="907.38" z_order="0">
      <attribute name="Adipose Clipped">No</attribute>
      <attribute name="confidence level">3</attribute>
      <attribute name="injury">No</attribute>
      <attribute name="notes">NA</attribute>
      <attribute name="sex">Female</attribute>
      <attribute name="view">Side</attribute>
    </box>
    <box frame="141" outside="0" occluded="1" keyframe="0" xtl="699.45" ytl="92.62" xbr="1920.00" ybr="907.38" z_order="0">
      <attribute name="Adipose Clipped">No</attribute>
      <attribute name="confidence level">3</attribute>
      <attribute name="injury">No</attribute>
      <attribute name="notes">NA</attribute>
      <attribute name="sex">Female</attribute>
      <attribute name="view">Side</attribute>
    </box>
    <box frame="142" outside="0" occluded="1" keyframe="0" xtl="652.70" ytl="85.95" xbr="1920.00" ybr="907.38" z_order="0">
      <attribute name="Adipose Clipped">No</attribute>
      <attribute name="confidence level">3</attribute>
      <attribute name="injury">No</attribute>
      <attribute name="notes">NA</attribute>
      <attribute name="sex">Female</attribute>
      <attribute name="view">Side</attribute>
    </box>
    <box frame="143" outside="0" occluded="1" keyframe="0" xtl="605.95" ytl="79.27" xbr="1920.00" ybr="907.38" z_order="0">
      <attribute name="Adipose Clipped">No</attribute>
      <attribute name="confidence level">3</attribute>
      <attribute name="injury">No</attribute>
      <attribute name="notes">NA</attribute>
      <attribute name="sex">Female</attribute>
      <attribute name="view">Side</attribute>
    </box>
    <box frame="144" outside="0" occluded="1" keyframe="1" xtl="559.20" ytl="72.60" xbr="1920.00" ybr="907.38" z_order="0">
      <attribute name="Adipose Clipped">No</attribute>
      <attribute name="confidence level">3</attribute>
      <attribute name="injury">No</attribute>
      <attribute name="notes">NA</attribute>
      <attribute name="sex">Female</attribute>
      <attribute name="view">Side</attribute>
    </box>
    <box frame="145" outside="0" occluded="1" keyframe="0" xtl="516.63" ytl="67.76" xbr="1920.00" ybr="907.38" z_order="0">
      <attribute name="Adipose Clipped">No</attribute>
      <attribute name="confidence level">3</attribute>
      <attribute name="injury">No</attribute>
      <attribute name="notes">NA</attribute>
      <attribute name="sex">Female</attribute>
      <attribute name="view">Side</attribute>
    </box>
    <box frame="146" outside="0" occluded="1" keyframe="0" xtl="474.06" ytl="62.92" xbr="1920.00" ybr="907.38" z_order="0">
      <attribute name="Adipose Clipped">No</attribute>
      <attribute name="confidence level">3</attribute>
      <attribute name="injury">No</attribute>
      <attribute name="notes">NA</attribute>
      <attribute name="sex">Female</attribute>
      <attribute name="view">Side</attribute>
    </box>
    <box frame="147" outside="0" occluded="1" keyframe="0" xtl="431.49" ytl="58.08" xbr="1920.00" ybr="907.38" z_order="0">
      <attribute name="Adipose Clipped">No</attribute>
      <attribute name="confidence level">3</attribute>
      <attribute name="injury">No</attribute>
      <attribute name="notes">NA</attribute>
      <attribute name="sex">Female</attribute>
      <attribute name="view">Side</attribute>
    </box>
    <box frame="148" outside="0" occluded="1" keyframe="0" xtl="388.92" ytl="53.24" xbr="1920.00" ybr="907.38" z_order="0">
      <attribute name="Adipose Clipped">No</attribute>
      <attribute name="confidence level">3</attribute>
      <attribute name="injury">No</attribute>
      <attribute name="notes">NA</attribute>
      <attribute name="sex">Female</attribute>
      <attribute name="view">Side</attribute>
    </box>
    <box frame="149" outside="0" occluded="1" keyframe="0" xtl="346.35" ytl="48.40" xbr="1920.00" ybr="907.38" z_order="0">
      <attribute name="Adipose Clipped">No</attribute>
      <attribute name="confidence level">3</attribute>
      <attribute name="injury">No</attribute>
      <attribute name="notes">NA</attribute>
      <attribute name="sex">Female</attribute>
      <attribute name="view">Side</attribute>
    </box>
    <box frame="150" outside="0" occluded="1" keyframe="0" xtl="303.78" ytl="43.56" xbr="1920.00" ybr="907.38" z_order="0">
      <attribute name="Adipose Clipped">No</attribute>
      <attribute name="confidence level">3</attribute>
      <attribute name="injury">No</attribute>
      <attribute name="notes">NA</attribute>
      <attribute name="sex">Female</attribute>
      <attribute name="view">Side</attribute>
    </box>
    <box frame="151" outside="0" occluded="1" keyframe="0" xtl="261.21" ytl="38.72" xbr="1920.00" ybr="907.38" z_order="0">
      <attribute name="Adipose Clipped">No</attribute>
      <attribute name="confidence level">3</attribute>
      <attribute name="injury">No</attribute>
      <attribute name="notes">NA</attribute>
      <attribute name="sex">Female</attribute>
      <attribute name="view">Side</attribute>
    </box>
    <box frame="152" outside="0" occluded="1" keyframe="0" xtl="218.64" ytl="33.88" xbr="1920.00" ybr="907.38" z_order="0">
      <attribute name="Adipose Clipped">No</attribute>
      <attribute name="confidence level">3</attribute>
      <attribute name="injury">No</attribute>
      <attribute name="notes">NA</attribute>
      <attribute name="sex">Female</attribute>
      <attribute name="view">Side</attribute>
    </box>
    <box frame="153" outside="0" occluded="1" keyframe="0" xtl="176.07" ytl="29.04" xbr="1920.00" ybr="907.38" z_order="0">
      <attribute name="Adipose Clipped">No</attribute>
      <attribute name="confidence level">3</attribute>
      <attribute name="injury">No</attribute>
      <attribute name="notes">NA</attribute>
      <attribute name="sex">Female</attribute>
      <attribute name="view">Side</attribute>
    </box>
    <box frame="154" outside="0" occluded="1" keyframe="1" xtl="133.50" ytl="24.20" xbr="1920.00" ybr="907.38" z_order="0">
      <attribute name="Adipose Clipped">No</attribute>
      <attribute name="confidence level">3</attribute>
      <attribute name="injury">No</attribute>
      <attribute name="notes">NA</attribute>
      <attribute name="sex">Female</attribute>
      <attribute name="view">Side</attribute>
    </box>
    <box frame="155" outside="0" occluded="1" keyframe="0" xtl="89.00" ytl="21.78" xbr="1920.00" ybr="889.36" z_order="0">
      <attribute name="Adipose Clipped">No</attribute>
      <attribute name="confidence level">3</attribute>
      <attribute name="injury">No</attribute>
      <attribute name="notes">NA</attribute>
      <attribute name="sex">Female</attribute>
      <attribute name="view">Side</attribute>
    </box>
    <box frame="156" outside="0" occluded="1" keyframe="0" xtl="44.50" ytl="19.36" xbr="1920.00" ybr="871.33" z_order="0">
      <attribute name="Adipose Clipped">No</attribute>
      <attribute name="confidence level">3</attribute>
      <attribute name="injury">No</attribute>
      <attribute name="notes">NA</attribute>
      <attribute name="sex">Female</attribute>
      <attribute name="view">Side</attribute>
    </box>
    <box frame="157" outside="0" occluded="1" keyframe="1" xtl="0.00" ytl="16.94" xbr="1920.00" ybr="853.30" z_order="0">
      <attribute name="Adipose Clipped">No</attribute>
      <attribute name="confidence level">3</attribute>
      <attribute name="injury">No</attribute>
      <attribute name="notes">NA</attribute>
      <attribute name="sex">Female</attribute>
      <attribute name="view">Side</attribute>
    </box>
    <box frame="158" outside="0" occluded="1" keyframe="0" xtl="0.00" ytl="14.52" xbr="1920.00" ybr="835.27" z_order="0">
      <attribute name="Adipose Clipped">No</attribute>
      <attribute name="confidence level">3</attribute>
      <attribute name="injury">No</attribute>
      <attribute name="notes">NA</attribute>
      <attribute name="sex">Female</attribute>
      <attribute name="view">Side</attribute>
    </box>
    <box frame="159" outside="0" occluded="1" keyframe="0" xtl="0.00" ytl="12.10" xbr="1920.00" ybr="817.24" z_order="0">
      <attribute name="Adipose Clipped">No</attribute>
      <attribute name="confidence level">3</attribute>
      <attribute name="injury">No</attribute>
      <attribute name="notes">NA</attribute>
      <attribute name="sex">Female</attribute>
      <attribute name="view">Side</attribute>
    </box>
    <box frame="160" outside="0" occluded="1" keyframe="0" xtl="0.00" ytl="9.68" xbr="1920.00" ybr="799.21" z_order="0">
      <attribute name="Adipose Clipped">No</attribute>
      <attribute name="confidence level">3</attribute>
      <attribute name="injury">No</attribute>
      <attribute name="notes">NA</attribute>
      <attribute name="sex">Female</attribute>
      <attribute name="view">Side</attribute>
    </box>
    <box frame="161" outside="0" occluded="1" keyframe="0" xtl="0.00" ytl="7.26" xbr="1920.00" ybr="781.19" z_order="0">
      <attribute name="Adipose Clipped">No</attribute>
      <attribute name="confidence level">3</attribute>
      <attribute name="injury">No</attribute>
      <attribute name="notes">NA</attribute>
      <attribute name="sex">Female</attribute>
      <attribute name="view">Side</attribute>
    </box>
    <box frame="162" outside="0" occluded="1" keyframe="0" xtl="0.00" ytl="4.84" xbr="1920.00" ybr="763.16" z_order="0">
      <attribute name="Adipose Clipped">No</attribute>
      <attribute name="confidence level">3</attribute>
      <attribute name="injury">No</attribute>
      <attribute name="notes">NA</attribute>
      <attribute name="sex">Female</attribute>
      <attribute name="view">Side</attribute>
    </box>
    <box frame="163" outside="0" occluded="1" keyframe="0" xtl="0.00" ytl="2.42" xbr="1920.00" ybr="745.13" z_order="0">
      <attribute name="Adipose Clipped">No</attribute>
      <attribute name="confidence level">3</attribute>
      <attribute name="injury">No</attribute>
      <attribute name="notes">NA</attribute>
      <attribute name="sex">Female</attribute>
      <attribute name="view">Side</attribute>
    </box>
    <box frame="164" outside="0" occluded="1" keyframe="1" xtl="0.00" ytl="0.00" xbr="1920.00" ybr="727.10" z_order="0">
      <attribute name="Adipose Clipped">No</attribute>
      <attribute name="confidence level">3</attribute>
      <attribute name="injury">No</attribute>
      <attribute name="notes">NA</attribute>
      <attribute name="sex">Female</attribute>
      <attribute name="view">Side</attribute>
    </box>
    <box frame="165" outside="0" occluded="1" keyframe="0" xtl="0.00" ytl="0.00" xbr="1912.82" ybr="724.09" z_order="0">
      <attribute name="Adipose Clipped">No</attribute>
      <attribute name="confidence level">3</attribute>
      <attribute name="injury">No</attribute>
      <attribute name="notes">NA</attribute>
      <attribute name="sex">Female</attribute>
      <attribute name="view">Side</attribute>
    </box>
    <box frame="166" outside="0" occluded="1" keyframe="0" xtl="0.00" ytl="0.00" xbr="1905.64" ybr="721.08" z_order="0">
      <attribute name="Adipose Clipped">No</attribute>
      <attribute name="confidence level">3</attribute>
      <attribute name="injury">No</attribute>
      <attribute name="notes">NA</attribute>
      <attribute name="sex">Female</attribute>
      <attribute name="view">Side</attribute>
    </box>
    <box frame="167" outside="0" occluded="1" keyframe="0" xtl="0.00" ytl="0.00" xbr="1898.46" ybr="718.07" z_order="0">
      <attribute name="Adipose Clipped">No</attribute>
      <attribute name="confidence level">3</attribute>
      <attribute name="injury">No</attribute>
      <attribute name="notes">NA</attribute>
      <attribute name="sex">Female</attribute>
      <attribute name="view">Side</attribute>
    </box>
    <box frame="168" outside="0" occluded="1" keyframe="0" xtl="0.00" ytl="0.00" xbr="1891.28" ybr="715.06" z_order="0">
      <attribute name="Adipose Clipped">No</attribute>
      <attribute name="confidence level">3</attribute>
      <attribute name="injury">No</attribute>
      <attribute name="notes">NA</attribute>
      <attribute name="sex">Female</attribute>
      <attribute name="view">Side</attribute>
    </box>
    <box frame="169" outside="0" occluded="1" keyframe="0" xtl="0.00" ytl="0.00" xbr="1884.10" ybr="712.05" z_order="0">
      <attribute name="Adipose Clipped">No</attribute>
      <attribute name="confidence level">3</attribute>
      <attribute name="injury">No</attribute>
      <attribute name="notes">NA</attribute>
      <attribute name="sex">Female</attribute>
      <attribute name="view">Side</attribute>
    </box>
    <box frame="170" outside="0" occluded="1" keyframe="0" xtl="0.00" ytl="0.00" xbr="1876.92" ybr="709.04" z_order="0">
      <attribute name="Adipose Clipped">No</attribute>
      <attribute name="confidence level">3</attribute>
      <attribute name="injury">No</attribute>
      <attribute name="notes">NA</attribute>
      <attribute name="sex">Female</attribute>
      <attribute name="view">Side</attribute>
    </box>
    <box frame="171" outside="0" occluded="1" keyframe="0" xtl="0.00" ytl="0.00" xbr="1869.74" ybr="706.03" z_order="0">
      <attribute name="Adipose Clipped">No</attribute>
      <attribute name="confidence level">3</attribute>
      <attribute name="injury">No</attribute>
      <attribute name="notes">NA</attribute>
      <attribute name="sex">Female</attribute>
      <attribute name="view">Side</attribute>
    </box>
    <box frame="172" outside="0" occluded="1" keyframe="0" xtl="0.00" ytl="0.00" xbr="1862.56" ybr="703.02" z_order="0">
      <attribute name="Adipose Clipped">No</attribute>
      <attribute name="confidence level">3</attribute>
      <attribute name="injury">No</attribute>
      <attribute name="notes">NA</attribute>
      <attribute name="sex">Female</attribute>
      <attribute name="view">Side</attribute>
    </box>
    <box frame="173" outside="0" occluded="1" keyframe="0" xtl="0.00" ytl="0.00" xbr="1855.38" ybr="700.01" z_order="0">
      <attribute name="Adipose Clipped">No</attribute>
      <attribute name="confidence level">3</attribute>
      <attribute name="injury">No</attribute>
      <attribute name="notes">NA</attribute>
      <attribute name="sex">Female</attribute>
      <attribute name="view">Side</attribute>
    </box>
    <box frame="174" outside="0" occluded="0" keyframe="1" xtl="0.00" ytl="0.00" xbr="1848.20" ybr="697.00" z_order="0">
      <attribute name="Adipose Clipped">No</attribute>
      <attribute name="confidence level">3</attribute>
      <attribute name="injury">No</attribute>
      <attribute name="notes">NA</attribute>
      <attribute name="sex">Female</attribute>
      <attribute name="view">Side</attribute>
    </box>
    <box frame="175" outside="0" occluded="0" keyframe="0" xtl="0.00" ytl="0.00" xbr="1811.97" ybr="699.67" z_order="0">
      <attribute name="Adipose Clipped">No</attribute>
      <attribute name="confidence level">3</attribute>
      <attribute name="injury">No</attribute>
      <attribute name="notes">NA</attribute>
      <attribute name="sex">Female</attribute>
      <attribute name="view">Side</attribute>
    </box>
    <box frame="176" outside="0" occluded="0" keyframe="0" xtl="0.00" ytl="0.00" xbr="1775.74" ybr="702.34" z_order="0">
      <attribute name="Adipose Clipped">No</attribute>
      <attribute name="confidence level">3</attribute>
      <attribute name="injury">No</attribute>
      <attribute name="notes">NA</attribute>
      <attribute name="sex">Female</attribute>
      <attribute name="view">Side</attribute>
    </box>
    <box frame="177" outside="0" occluded="0" keyframe="0" xtl="0.00" ytl="0.00" xbr="1739.51" ybr="705.01" z_order="0">
      <attribute name="Adipose Clipped">No</attribute>
      <attribute name="confidence level">3</attribute>
      <attribute name="injury">No</attribute>
      <attribute name="notes">NA</attribute>
      <attribute name="sex">Female</attribute>
      <attribute name="view">Side</attribute>
    </box>
    <box frame="178" outside="0" occluded="0" keyframe="0" xtl="0.00" ytl="0.00" xbr="1703.28" ybr="707.68" z_order="0">
      <attribute name="Adipose Clipped">No</attribute>
      <attribute name="confidence level">3</attribute>
      <attribute name="injury">No</attribute>
      <attribute name="notes">NA</attribute>
      <attribute name="sex">Female</attribute>
      <attribute name="view">Side</attribute>
    </box>
    <box frame="179" outside="0" occluded="0" keyframe="0" xtl="0.00" ytl="0.00" xbr="1667.05" ybr="710.35" z_order="0">
      <attribute name="Adipose Clipped">No</attribute>
      <attribute name="confidence level">3</attribute>
      <attribute name="injury">No</attribute>
      <attribute name="notes">NA</attribute>
      <attribute name="sex">Female</attribute>
      <attribute name="view">Side</attribute>
    </box>
    <box frame="180" outside="0" occluded="0" keyframe="0" xtl="0.00" ytl="0.00" xbr="1630.82" ybr="713.02" z_order="0">
      <attribute name="Adipose Clipped">No</attribute>
      <attribute name="confidence level">3</attribute>
      <attribute name="injury">No</attribute>
      <attribute name="notes">NA</attribute>
      <attribute name="sex">Female</attribute>
      <attribute name="view">Side</attribute>
    </box>
    <box frame="181" outside="0" occluded="0" keyframe="0" xtl="0.00" ytl="0.00" xbr="1594.59" ybr="715.69" z_order="0">
      <attribute name="Adipose Clipped">No</attribute>
      <attribute name="confidence level">3</attribute>
      <attribute name="injury">No</attribute>
      <attribute name="notes">NA</attribute>
      <attribute name="sex">Female</attribute>
      <attribute name="view">Side</attribute>
    </box>
    <box frame="182" outside="0" occluded="0" keyframe="0" xtl="0.00" ytl="0.00" xbr="1558.36" ybr="718.36" z_order="0">
      <attribute name="Adipose Clipped">No</attribute>
      <attribute name="confidence level">3</attribute>
      <attribute name="injury">No</attribute>
      <attribute name="notes">NA</attribute>
      <attribute name="sex">Female</attribute>
      <attribute name="view">Side</attribute>
    </box>
    <box frame="183" outside="0" occluded="0" keyframe="0" xtl="0.00" ytl="0.00" xbr="1522.13" ybr="721.03" z_order="0">
      <attribute name="Adipose Clipped">No</attribute>
      <attribute name="confidence level">3</attribute>
      <attribute name="injury">No</attribute>
      <attribute name="notes">NA</attribute>
      <attribute name="sex">Female</attribute>
      <attribute name="view">Side</attribute>
    </box>
    <box frame="184" outside="0" occluded="0" keyframe="1" xtl="0.00" ytl="0.00" xbr="1485.90" ybr="723.70" z_order="0">
      <attribute name="Adipose Clipped">No</attribute>
      <attribute name="confidence level">3</attribute>
      <attribute name="injury">No</attribute>
      <attribute name="notes">NA</attribute>
      <attribute name="sex">Female</attribute>
      <attribute name="view">Side</attribute>
    </box>
    <box frame="185" outside="0" occluded="0" keyframe="0" xtl="0.00" ytl="7.35" xbr="1456.01" ybr="731.05" z_order="0">
      <attribute name="Adipose Clipped">No</attribute>
      <attribute name="confidence level">3</attribute>
      <attribute name="injury">No</attribute>
      <attribute name="notes">NA</attribute>
      <attribute name="sex">Female</attribute>
      <attribute name="view">Side</attribute>
    </box>
    <box frame="186" outside="0" occluded="0" keyframe="0" xtl="0.00" ytl="14.69" xbr="1426.13" ybr="738.39" z_order="0">
      <attribute name="Adipose Clipped">No</attribute>
      <attribute name="confidence level">3</attribute>
      <attribute name="injury">No</attribute>
      <attribute name="notes">NA</attribute>
      <attribute name="sex">Female</attribute>
      <attribute name="view">Side</attribute>
    </box>
    <box frame="187" outside="0" occluded="0" keyframe="0" xtl="0.00" ytl="22.04" xbr="1396.24" ybr="745.74" z_order="0">
      <attribute name="Adipose Clipped">No</attribute>
      <attribute name="confidence level">3</attribute>
      <attribute name="injury">No</attribute>
      <attribute name="notes">NA</attribute>
      <attribute name="sex">Female</attribute>
      <attribute name="view">Side</attribute>
    </box>
    <box frame="188" outside="0" occluded="0" keyframe="0" xtl="0.00" ytl="29.38" xbr="1366.36" ybr="753.08" z_order="0">
      <attribute name="Adipose Clipped">No</attribute>
      <attribute name="confidence level">3</attribute>
      <attribute name="injury">No</attribute>
      <attribute name="notes">NA</attribute>
      <attribute name="sex">Female</attribute>
      <attribute name="view">Side</attribute>
    </box>
    <box frame="189" outside="0" occluded="0" keyframe="0" xtl="0.00" ytl="36.73" xbr="1336.47" ybr="760.43" z_order="0">
      <attribute name="Adipose Clipped">No</attribute>
      <attribute name="confidence level">3</attribute>
      <attribute name="injury">No</attribute>
      <attribute name="notes">NA</attribute>
      <attribute name="sex">Female</attribute>
      <attribute name="view">Side</attribute>
    </box>
    <box frame="190" outside="0" occluded="0" keyframe="0" xtl="0.00" ytl="44.08" xbr="1306.59" ybr="767.78" z_order="0">
      <attribute name="Adipose Clipped">No</attribute>
      <attribute name="confidence level">3</attribute>
      <attribute name="injury">No</attribute>
      <attribute name="notes">NA</attribute>
      <attribute name="sex">Female</attribute>
      <attribute name="view">Side</attribute>
    </box>
    <box frame="191" outside="0" occluded="0" keyframe="0" xtl="0.00" ytl="51.42" xbr="1276.70" ybr="775.12" z_order="0">
      <attribute name="Adipose Clipped">No</attribute>
      <attribute name="confidence level">3</attribute>
      <attribute name="injury">No</attribute>
      <attribute name="notes">NA</attribute>
      <attribute name="sex">Female</attribute>
      <attribute name="view">Side</attribute>
    </box>
    <box frame="192" outside="0" occluded="0" keyframe="0" xtl="0.00" ytl="58.77" xbr="1246.82" ybr="782.47" z_order="0">
      <attribute name="Adipose Clipped">No</attribute>
      <attribute name="confidence level">3</attribute>
      <attribute name="injury">No</attribute>
      <attribute name="notes">NA</attribute>
      <attribute name="sex">Female</attribute>
      <attribute name="view">Side</attribute>
    </box>
    <box frame="193" outside="0" occluded="0" keyframe="0" xtl="0.00" ytl="66.11" xbr="1216.93" ybr="789.81" z_order="0">
      <attribute name="Adipose Clipped">No</attribute>
      <attribute name="confidence level">3</attribute>
      <attribute name="injury">No</attribute>
      <attribute name="notes">NA</attribute>
      <attribute name="sex">Female</attribute>
      <attribute name="view">Side</attribute>
    </box>
    <box frame="194" outside="0" occluded="0" keyframe="1" xtl="0.00" ytl="73.46" xbr="1187.05" ybr="797.16" z_order="0">
      <attribute name="Adipose Clipped">No</attribute>
      <attribute name="confidence level">3</attribute>
      <attribute name="injury">No</attribute>
      <attribute name="notes">NA</attribute>
      <attribute name="sex">Female</attribute>
      <attribute name="view">Side</attribute>
    </box>
    <box frame="195" outside="0" occluded="0" keyframe="0" xtl="0.00" ytl="87.48" xbr="1146.98" ybr="800.17" z_order="0">
      <attribute name="Adipose Clipped">No</attribute>
      <attribute name="confidence level">3</attribute>
      <attribute name="injury">No</attribute>
      <attribute name="notes">NA</attribute>
      <attribute name="sex">Female</attribute>
      <attribute name="view">Side</attribute>
    </box>
    <box frame="196" outside="0" occluded="0" keyframe="0" xtl="0.00" ytl="101.51" xbr="1106.91" ybr="803.17" z_order="0">
      <attribute name="Adipose Clipped">No</attribute>
      <attribute name="confidence level">3</attribute>
      <attribute name="injury">No</attribute>
      <attribute name="notes">NA</attribute>
      <attribute name="sex">Female</attribute>
      <attribute name="view">Side</attribute>
    </box>
    <box frame="197" outside="0" occluded="0" keyframe="0" xtl="0.00" ytl="115.53" xbr="1066.84" ybr="806.18" z_order="0">
      <attribute name="Adipose Clipped">No</attribute>
      <attribute name="confidence level">3</attribute>
      <attribute name="injury">No</attribute>
      <attribute name="notes">NA</attribute>
      <attribute name="sex">Female</attribute>
      <attribute name="view">Side</attribute>
    </box>
    <box frame="198" outside="0" occluded="0" keyframe="0" xtl="0.00" ytl="129.56" xbr="1026.77" ybr="809.18" z_order="0">
      <attribute name="Adipose Clipped">No</attribute>
      <attribute name="confidence level">3</attribute>
      <attribute name="injury">No</attribute>
      <attribute name="notes">NA</attribute>
      <attribute name="sex">Female</attribute>
      <attribute name="view">Side</attribute>
    </box>
    <box frame="199" outside="0" occluded="0" keyframe="0" xtl="0.00" ytl="143.58" xbr="986.70" ybr="812.19" z_order="0">
      <attribute name="Adipose Clipped">No</attribute>
      <attribute name="confidence level">3</attribute>
      <attribute name="injury">No</attribute>
      <attribute name="notes">NA</attribute>
      <attribute name="sex">Female</attribute>
      <attribute name="view">Side</attribute>
    </box>
    <box frame="200" outside="0" occluded="0" keyframe="0" xtl="0.00" ytl="157.60" xbr="946.63" ybr="815.19" z_order="0">
      <attribute name="Adipose Clipped">No</attribute>
      <attribute name="confidence level">3</attribute>
      <attribute name="injury">No</attribute>
      <attribute name="notes">NA</attribute>
      <attribute name="sex">Female</attribute>
      <attribute name="view">Side</attribute>
    </box>
    <box frame="201" outside="0" occluded="0" keyframe="0" xtl="0.00" ytl="171.63" xbr="906.56" ybr="818.20" z_order="0">
      <attribute name="Adipose Clipped">No</attribute>
      <attribute name="confidence level">3</attribute>
      <attribute name="injury">No</attribute>
      <attribute name="notes">NA</attribute>
      <attribute name="sex">Female</attribute>
      <attribute name="view">Side</attribute>
    </box>
    <box frame="202" outside="0" occluded="0" keyframe="0" xtl="0.00" ytl="185.65" xbr="866.49" ybr="821.20" z_order="0">
      <attribute name="Adipose Clipped">No</attribute>
      <attribute name="confidence level">3</attribute>
      <attribute name="injury">No</attribute>
      <attribute name="notes">NA</attribute>
      <attribute name="sex">Female</attribute>
      <attribute name="view">Side</attribute>
    </box>
    <box frame="203" outside="0" occluded="0" keyframe="0" xtl="0.00" ytl="199.68" xbr="826.42" ybr="824.21" z_order="0">
      <attribute name="Adipose Clipped">No</attribute>
      <attribute name="confidence level">3</attribute>
      <attribute name="injury">No</attribute>
      <attribute name="notes">NA</attribute>
      <attribute name="sex">Female</attribute>
      <attribute name="view">Side</attribute>
    </box>
    <box frame="204" outside="0" occluded="0" keyframe="1" xtl="0.00" ytl="213.70" xbr="786.35" ybr="827.21" z_order="0">
      <attribute name="Adipose Clipped">No</attribute>
      <attribute name="confidence level">3</attribute>
      <attribute name="injury">No</attribute>
      <attribute name="notes">NA</attribute>
      <attribute name="sex">Female</attribute>
      <attribute name="view">Side</attribute>
    </box>
    <box frame="205" outside="0" occluded="0" keyframe="0" xtl="0.00" ytl="219.04" xbr="757.30" ybr="832.56" z_order="0">
      <attribute name="Adipose Clipped">No</attribute>
      <attribute name="confidence level">3</attribute>
      <attribute name="injury">No</attribute>
      <attribute name="notes">NA</attribute>
      <attribute name="sex">Female</attribute>
      <attribute name="view">Side</attribute>
    </box>
    <box frame="206" outside="0" occluded="0" keyframe="0" xtl="0.00" ytl="224.39" xbr="728.25" ybr="837.90" z_order="0">
      <attribute name="Adipose Clipped">No</attribute>
      <attribute name="confidence level">3</attribute>
      <attribute name="injury">No</attribute>
      <attribute name="notes">NA</attribute>
      <attribute name="sex">Female</attribute>
      <attribute name="view">Side</attribute>
    </box>
    <box frame="207" outside="0" occluded="0" keyframe="0" xtl="0.00" ytl="229.73" xbr="699.20" ybr="843.24" z_order="0">
      <attribute name="Adipose Clipped">No</attribute>
      <attribute name="confidence level">3</attribute>
      <attribute name="injury">No</attribute>
      <attribute name="notes">NA</attribute>
      <attribute name="sex">Female</attribute>
      <attribute name="view">Side</attribute>
    </box>
    <box frame="208" outside="0" occluded="0" keyframe="0" xtl="0.00" ytl="235.07" xbr="670.15" ybr="848.58" z_order="0">
      <attribute name="Adipose Clipped">No</attribute>
      <attribute name="confidence level">3</attribute>
      <attribute name="injury">No</attribute>
      <attribute name="notes">NA</attribute>
      <attribute name="sex">Female</attribute>
      <attribute name="view">Side</attribute>
    </box>
    <box frame="209" outside="0" occluded="0" keyframe="0" xtl="0.00" ytl="240.41" xbr="641.10" ybr="853.93" z_order="0">
      <attribute name="Adipose Clipped">No</attribute>
      <attribute name="confidence level">3</attribute>
      <attribute name="injury">No</attribute>
      <attribute name="notes">NA</attribute>
      <attribute name="sex">Female</attribute>
      <attribute name="view">Side</attribute>
    </box>
    <box frame="210" outside="0" occluded="0" keyframe="0" xtl="0.00" ytl="245.76" xbr="612.05" ybr="859.27" z_order="0">
      <attribute name="Adipose Clipped">No</attribute>
      <attribute name="confidence level">3</attribute>
      <attribute name="injury">No</attribute>
      <attribute name="notes">NA</attribute>
      <attribute name="sex">Female</attribute>
      <attribute name="view">Side</attribute>
    </box>
    <box frame="211" outside="0" occluded="0" keyframe="0" xtl="0.00" ytl="251.10" xbr="583.00" ybr="864.61" z_order="0">
      <attribute name="Adipose Clipped">No</attribute>
      <attribute name="confidence level">3</attribute>
      <attribute name="injury">No</attribute>
      <attribute name="notes">NA</attribute>
      <attribute name="sex">Female</attribute>
      <attribute name="view">Side</attribute>
    </box>
    <box frame="212" outside="0" occluded="0" keyframe="0" xtl="0.00" ytl="256.44" xbr="553.95" ybr="869.95" z_order="0">
      <attribute name="Adipose Clipped">No</attribute>
      <attribute name="confidence level">3</attribute>
      <attribute name="injury">No</attribute>
      <attribute name="notes">NA</attribute>
      <attribute name="sex">Female</attribute>
      <attribute name="view">Side</attribute>
    </box>
    <box frame="213" outside="0" occluded="0" keyframe="0" xtl="0.00" ytl="261.78" xbr="524.90" ybr="875.30" z_order="0">
      <attribute name="Adipose Clipped">No</attribute>
      <attribute name="confidence level">3</attribute>
      <attribute name="injury">No</attribute>
      <attribute name="notes">NA</attribute>
      <attribute name="sex">Female</attribute>
      <attribute name="view">Side</attribute>
    </box>
    <box frame="214" outside="0" occluded="0" keyframe="1" xtl="0.00" ytl="267.13" xbr="495.85" ybr="880.64" z_order="0">
      <attribute name="Adipose Clipped">No</attribute>
      <attribute name="confidence level">3</attribute>
      <attribute name="injury">No</attribute>
      <attribute name="notes">NA</attribute>
      <attribute name="sex">Female</attribute>
      <attribute name="view">Side</attribute>
    </box>
    <box frame="215" outside="0" occluded="0" keyframe="0" xtl="0.00" ytl="280.48" xbr="459.46" ybr="872.95" z_order="0">
      <attribute name="Adipose Clipped">No</attribute>
      <attribute name="confidence level">3</attribute>
      <attribute name="injury">No</attribute>
      <attribute name="notes">NA</attribute>
      <attribute name="sex">Female</attribute>
      <attribute name="view">Side</attribute>
    </box>
    <box frame="216" outside="0" occluded="0" keyframe="0" xtl="0.00" ytl="293.84" xbr="423.07" ybr="865.26" z_order="0">
      <attribute name="Adipose Clipped">No</attribute>
      <attribute name="confidence level">3</attribute>
      <attribute name="injury">No</attribute>
      <attribute name="notes">NA</attribute>
      <attribute name="sex">Female</attribute>
      <attribute name="view">Side</attribute>
    </box>
    <box frame="217" outside="0" occluded="0" keyframe="0" xtl="0.00" ytl="307.19" xbr="386.68" ybr="857.58" z_order="0">
      <attribute name="Adipose Clipped">No</attribute>
      <attribute name="confidence level">3</attribute>
      <attribute name="injury">No</attribute>
      <attribute name="notes">NA</attribute>
      <attribute name="sex">Female</attribute>
      <attribute name="view">Side</attribute>
    </box>
    <box frame="218" outside="0" occluded="0" keyframe="0" xtl="0.00" ytl="320.54" xbr="350.29" ybr="849.89" z_order="0">
      <attribute name="Adipose Clipped">No</attribute>
      <attribute name="confidence level">3</attribute>
      <attribute name="injury">No</attribute>
      <attribute name="notes">NA</attribute>
      <attribute name="sex">Female</attribute>
      <attribute name="view">Side</attribute>
    </box>
    <box frame="219" outside="0" occluded="1" keyframe="1" xtl="0.00" ytl="333.90" xbr="313.90" ybr="842.20" z_order="0">
      <attribute name="Adipose Clipped">No</attribute>
      <attribute name="confidence level">3</attribute>
      <attribute name="injury">No</attribute>
      <attribute name="notes">NA</attribute>
      <attribute name="sex">Female</attribute>
      <attribute name="view">Side</attribute>
    </box>
    <box frame="220" outside="0" occluded="1" keyframe="0" xtl="0.00" ytl="357.94" xbr="291.52" ybr="822.50" z_order="0">
      <attribute name="Adipose Clipped">No</attribute>
      <attribute name="confidence level">3</attribute>
      <attribute name="injury">No</attribute>
      <attribute name="notes">NA</attribute>
      <attribute name="sex">Female</attribute>
      <attribute name="view">Side</attribute>
    </box>
    <box frame="221" outside="0" occluded="1" keyframe="0" xtl="0.00" ytl="381.98" xbr="269.14" ybr="802.80" z_order="0">
      <attribute name="Adipose Clipped">No</attribute>
      <attribute name="confidence level">3</attribute>
      <attribute name="injury">No</attribute>
      <attribute name="notes">NA</attribute>
      <attribute name="sex">Female</attribute>
      <attribute name="view">Side</attribute>
    </box>
    <box frame="222" outside="0" occluded="1" keyframe="0" xtl="0.00" ytl="406.02" xbr="246.76" ybr="783.10" z_order="0">
      <attribute name="Adipose Clipped">No</attribute>
      <attribute name="confidence level">3</attribute>
      <attribute name="injury">No</attribute>
      <attribute name="notes">NA</attribute>
      <attribute name="sex">Female</attribute>
      <attribute name="view">Side</attribute>
    </box>
    <box frame="223" outside="0" occluded="1" keyframe="0" xtl="0.00" ytl="430.06" xbr="224.38" ybr="763.40" z_order="0">
      <attribute name="Adipose Clipped">No</attribute>
      <attribute name="confidence level">3</attribute>
      <attribute name="injury">No</attribute>
      <attribute name="notes">NA</attribute>
      <attribute name="sex">Female</attribute>
      <attribute name="view">Side</attribute>
    </box>
    <box frame="224" outside="0" occluded="1" keyframe="1" xtl="0.00" ytl="454.10" xbr="202.00" ybr="743.70" z_order="0">
      <attribute name="Adipose Clipped">No</attribute>
      <attribute name="confidence level">3</attribute>
      <attribute name="injury">No</attribute>
      <attribute name="notes">NA</attribute>
      <attribute name="sex">Female</attribute>
      <attribute name="view">Side</attribute>
    </box>
    <box frame="225" outside="0" occluded="1" keyframe="0" xtl="0.00" ytl="454.94" xbr="179.74" ybr="744.53" z_order="0">
      <attribute name="Adipose Clipped">No</attribute>
      <attribute name="confidence level">3</attribute>
      <attribute name="injury">No</attribute>
      <attribute name="notes">NA</attribute>
      <attribute name="sex">Female</attribute>
      <attribute name="view">Side</attribute>
    </box>
    <box frame="226" outside="0" occluded="1" keyframe="0" xtl="0.00" ytl="455.77" xbr="157.48" ybr="745.37" z_order="0">
      <attribute name="Adipose Clipped">No</attribute>
      <attribute name="confidence level">3</attribute>
      <attribute name="injury">No</attribute>
      <attribute name="notes">NA</attribute>
      <attribute name="sex">Female</attribute>
      <attribute name="view">Side</attribute>
    </box>
    <box frame="227" outside="0" occluded="1" keyframe="0" xtl="0.00" ytl="456.60" xbr="135.22" ybr="746.20" z_order="0">
      <attribute name="Adipose Clipped">No</attribute>
      <attribute name="confidence level">3</attribute>
      <attribute name="injury">No</attribute>
      <attribute name="notes">NA</attribute>
      <attribute name="sex">Female</attribute>
      <attribute name="view">Side</attribute>
    </box>
    <box frame="228" outside="0" occluded="1" keyframe="0" xtl="0.00" ytl="457.44" xbr="112.96" ybr="747.04" z_order="0">
      <attribute name="Adipose Clipped">No</attribute>
      <attribute name="confidence level">3</attribute>
      <attribute name="injury">No</attribute>
      <attribute name="notes">NA</attribute>
      <attribute name="sex">Female</attribute>
      <attribute name="view">Side</attribute>
    </box>
    <box frame="229" outside="0" occluded="1" keyframe="0" xtl="0.00" ytl="458.27" xbr="90.70" ybr="747.87" z_order="0">
      <attribute name="Adipose Clipped">No</attribute>
      <attribute name="confidence level">3</attribute>
      <attribute name="injury">No</attribute>
      <attribute name="notes">NA</attribute>
      <attribute name="sex">Female</attribute>
      <attribute name="view">Side</attribute>
    </box>
    <box frame="230" outside="0" occluded="1" keyframe="1" xtl="0.00" ytl="459.11" xbr="68.43" ybr="748.71" z_order="0">
      <attribute name="Adipose Clipped">No</attribute>
      <attribute name="confidence level">3</attribute>
      <attribute name="injury">No</attribute>
      <attribute name="notes">NA</attribute>
      <attribute name="sex">Female</attribute>
      <attribute name="view">Side</attribute>
    </box>
    <box frame="231" outside="1" occluded="1" keyframe="1" xtl="0.00" ytl="459.11" xbr="68.43" ybr="748.71" z_order="0">
      <attribute name="Adipose Clipped">No</attribute>
      <attribute name="confidence level">3</attribute>
      <attribute name="injury">No</attribute>
      <attribute name="notes">NA</attribute>
      <attribute name="sex">Female</attribute>
      <attribute name="view">Side</attribute>
    </box>
  </track>
</annotations>
